ISO-10303-21;
HEADER;
FILE_DESCRIPTION(('Open CASCADE Model'),'2;1');
FILE_NAME('Open CASCADE Shape Model','2026-09-13T14:28:33',('Author'),(
    'Open CASCADE'),'Open CASCADE STEP processor 7.9','Open CASCADE 7.9'
  ,'Unknown');
FILE_SCHEMA(('AUTOMOTIVE_DESIGN { 1 0 10303 214 1 1 1 1 }'));
ENDSEC;
DATA;
#1 = APPLICATION_PROTOCOL_DEFINITION('international standard',
  'automotive_design',2000,#2);
#2 = APPLICATION_CONTEXT(
  'core data for automotive mechanical design processes');
#3 = SHAPE_DEFINITION_REPRESENTATION(#4,#10);
#4 = PRODUCT_DEFINITION_SHAPE('','',#5);
#5 = PRODUCT_DEFINITION('design','',#6,#9);
#6 = PRODUCT_DEFINITION_FORMATION('','',#7);
#7 = PRODUCT('Open CASCADE STEP translator 7.9 6',
  'Open CASCADE STEP translator 7.9 6','',(#8));
#8 = PRODUCT_CONTEXT('',#2,'mechanical');
#9 = PRODUCT_DEFINITION_CONTEXT('part definition',#2,'design');
#10 = ADVANCED_BREP_SHAPE_REPRESENTATION('',(#11,#15),#15854);
#11 = AXIS2_PLACEMENT_3D('',#12,#13,#14);
#12 = CARTESIAN_POINT('',(0.,0.,0.));
#13 = DIRECTION('',(0.,0.,1.));
#14 = DIRECTION('',(1.,0.,-0.));
#15 = MANIFOLD_SOLID_BREP('',#16);
#16 = CLOSED_SHELL('',(#17,#377,#431,#507,#677,#731,#781,#834,#1633,
    #1687,#1741,#1795,#1918,#1972,#2027,#2264,#2291,#2318,#2325,#2352,
    #2407,#2585,#2719,#2981,#3267,#3321,#3375,#3665,#3927,#4025,#4079,
    #4106,#4133,#4160,#4185,#4366,#4415,#4465,#4566,#4611,#4709,#4758,
    #4786,#4836,#5042,#5097,#5150,#5226,#5280,#5334,#5366,#5446,#5502,
    #5555,#5609,#5657,#5711,#5765,#5819,#5894,#5947,#6004,#6131,#6246,
    #6303,#6371,#6477,#6587,#6636,#6689,#6717,#6800,#6848,#7482,#7570,
    #7815,#8060,#8065,#8097,#8150,#8185,#8261,#8315,#8369,#8401,#8804,
    #8859,#8914,#8969,#9024,#9152,#9206,#9317,#9344,#9367,#9493,#9517,
    #9563,#9611,#9725,#9730,#10110,#10457,#10464,#10499,#10554,#10625,
    #10674,#10723,#10750,#10825,#10871,#10917,#10943,#10969,#10995,
    #11021,#11028,#11083,#11138,#11193,#11248,#11301,#11354,#11407,
    #11460,#11539,#11587,#11645,#11700,#11730,#11933,#12009,#12080,
    #12155,#12182,#12287,#12341,#12395,#12449,#12563,#12617,#12691,
    #12745,#12799,#12831,#12858,#12912,#12987,#13034,#13109,#13136,
    #13191,#13195,#13228,#13232,#13236,#13240,#13244,#13279,#13314,
    #13349,#13384,#13719,#13745,#13815,#13840,#13865,#13876,#13957,
    #14033,#14059,#14108,#14134,#14188,#14259,#14314,#14340,#14366,
    #14413,#14419,#14499,#14503,#14510,#14565,#14620,#14675,#14730,
    #14780,#14829,#14883,#14932,#14982,#15031,#15063,#15095,#15121,
    #15148,#15174,#15178,#15411,#15415,#15419,#15423,#15427,#15434,
    #15511,#15560,#15614,#15663,#15713,#15762,#15816,#15843));
#17 = ADVANCED_FACE('',(#18,#54,#346),#31,.T.);
#18 = FACE_BOUND('',#19,.T.);
#19 = EDGE_LOOP('',(#20));
#20 = ORIENTED_EDGE('',*,*,#21,.F.);
#21 = EDGE_CURVE('',#22,#22,#24,.T.);
#22 = VERTEX_POINT('',#23);
#23 = CARTESIAN_POINT('',(82.6,45.,6.));
#24 = SURFACE_CURVE('',#25,(#30,#42),.PCURVE_S1.);
#25 = CIRCLE('',#26,4.6);
#26 = AXIS2_PLACEMENT_3D('',#27,#28,#29);
#27 = CARTESIAN_POINT('',(78.,45.,6.));
#28 = DIRECTION('',(0.,0.,1.));
#29 = DIRECTION('',(1.,0.,-0.));
#30 = PCURVE('',#31,#36);
#31 = PLANE('',#32);
#32 = AXIS2_PLACEMENT_3D('',#33,#34,#35);
#33 = CARTESIAN_POINT('',(6.,8.,6.));
#34 = DIRECTION('',(0.,0.,1.));
#35 = DIRECTION('',(1.,0.,-0.));
#36 = DEFINITIONAL_REPRESENTATION('',(#37),#41);
#37 = CIRCLE('',#38,4.6);
#38 = AXIS2_PLACEMENT_2D('',#39,#40);
#39 = CARTESIAN_POINT('',(72.,37.));
#40 = DIRECTION('',(1.,0.));
#41 = ( GEOMETRIC_REPRESENTATION_CONTEXT(2)
PARAMETRIC_REPRESENTATION_CONTEXT() REPRESENTATION_CONTEXT('2D SPACE',''
  ) );
#42 = PCURVE('',#43,#48);
#43 = TOROIDAL_SURFACE('',#44,4.6,0.6);
#44 = AXIS2_PLACEMENT_3D('',#45,#46,#47);
#45 = CARTESIAN_POINT('',(78.,45.,6.6));
#46 = DIRECTION('',(-0.,-0.,-1.));
#47 = DIRECTION('',(1.,0.,-0.));
#48 = DEFINITIONAL_REPRESENTATION('',(#49),#53);
#49 = LINE('',#50,#51);
#50 = CARTESIAN_POINT('',(-0.,1.570796326795));
#51 = VECTOR('',#52,1.);
#52 = DIRECTION('',(-1.,0.));
#53 = ( GEOMETRIC_REPRESENTATION_CONTEXT(2)
PARAMETRIC_REPRESENTATION_CONTEXT() REPRESENTATION_CONTEXT('2D SPACE',''
  ) );
#54 = FACE_BOUND('',#55,.T.);
#55 = EDGE_LOOP('',(#56,#86,#114,#142,#170,#198,#226,#254,#287,#315));
#56 = ORIENTED_EDGE('',*,*,#57,.F.);
#57 = EDGE_CURVE('',#58,#60,#62,.T.);
#58 = VERTEX_POINT('',#59);
#59 = CARTESIAN_POINT('',(7.,13.,6.));
#60 = VERTEX_POINT('',#61);
#61 = CARTESIAN_POINT('',(7.,92.,6.));
#62 = SURFACE_CURVE('',#63,(#67,#74),.PCURVE_S1.);
#63 = LINE('',#64,#65);
#64 = CARTESIAN_POINT('',(7.,10.,6.));
#65 = VECTOR('',#66,1.);
#66 = DIRECTION('',(-0.,1.,0.));
#67 = PCURVE('',#31,#68);
#68 = DEFINITIONAL_REPRESENTATION('',(#69),#73);
#69 = LINE('',#70,#71);
#70 = CARTESIAN_POINT('',(1.,2.));
#71 = VECTOR('',#72,1.);
#72 = DIRECTION('',(0.,1.));
#73 = ( GEOMETRIC_REPRESENTATION_CONTEXT(2)
PARAMETRIC_REPRESENTATION_CONTEXT() REPRESENTATION_CONTEXT('2D SPACE',''
  ) );
#74 = PCURVE('',#75,#80);
#75 = CYLINDRICAL_SURFACE('',#76,1.);
#76 = AXIS2_PLACEMENT_3D('',#77,#78,#79);
#77 = CARTESIAN_POINT('',(7.,10.,7.));
#78 = DIRECTION('',(-0.,1.,0.));
#79 = DIRECTION('',(-1.,-0.,0.));
#80 = DEFINITIONAL_REPRESENTATION('',(#81),#85);
#81 = LINE('',#82,#83);
#82 = CARTESIAN_POINT('',(-1.570796326795,0.));
#83 = VECTOR('',#84,1.);
#84 = DIRECTION('',(-0.,1.));
#85 = ( GEOMETRIC_REPRESENTATION_CONTEXT(2)
PARAMETRIC_REPRESENTATION_CONTEXT() REPRESENTATION_CONTEXT('2D SPACE',''
  ) );
#86 = ORIENTED_EDGE('',*,*,#87,.T.);
#87 = EDGE_CURVE('',#58,#88,#90,.T.);
#88 = VERTEX_POINT('',#89);
#89 = CARTESIAN_POINT('',(13.4,13.,6.));
#90 = SURFACE_CURVE('',#91,(#95,#102),.PCURVE_S1.);
#91 = LINE('',#92,#93);
#92 = CARTESIAN_POINT('',(7.,13.,6.));
#93 = VECTOR('',#94,1.);
#94 = DIRECTION('',(1.,0.,0.));
#95 = PCURVE('',#31,#96);
#96 = DEFINITIONAL_REPRESENTATION('',(#97),#101);
#97 = LINE('',#98,#99);
#98 = CARTESIAN_POINT('',(1.,5.));
#99 = VECTOR('',#100,1.);
#100 = DIRECTION('',(1.,0.));
#101 = ( GEOMETRIC_REPRESENTATION_CONTEXT(2)
PARAMETRIC_REPRESENTATION_CONTEXT() REPRESENTATION_CONTEXT('2D SPACE',''
  ) );
#102 = PCURVE('',#103,#108);
#103 = PLANE('',#104);
#104 = AXIS2_PLACEMENT_3D('',#105,#106,#107);
#105 = CARTESIAN_POINT('',(4.,13.,6.));
#106 = DIRECTION('',(-0.,1.,0.));
#107 = DIRECTION('',(0.,0.,1.));
#108 = DEFINITIONAL_REPRESENTATION('',(#109),#113);
#109 = LINE('',#110,#111);
#110 = CARTESIAN_POINT('',(0.,3.));
#111 = VECTOR('',#112,1.);
#112 = DIRECTION('',(0.,1.));
#113 = ( GEOMETRIC_REPRESENTATION_CONTEXT(2)
PARAMETRIC_REPRESENTATION_CONTEXT() REPRESENTATION_CONTEXT('2D SPACE',''
  ) );
#114 = ORIENTED_EDGE('',*,*,#115,.F.);
#115 = EDGE_CURVE('',#116,#88,#118,.T.);
#116 = VERTEX_POINT('',#117);
#117 = CARTESIAN_POINT('',(13.4,4.,6.));
#118 = SURFACE_CURVE('',#119,(#123,#130),.PCURVE_S1.);
#119 = LINE('',#120,#121);
#120 = CARTESIAN_POINT('',(13.4,4.,6.));
#121 = VECTOR('',#122,1.);
#122 = DIRECTION('',(-0.,1.,0.));
#123 = PCURVE('',#31,#124);
#124 = DEFINITIONAL_REPRESENTATION('',(#125),#129);
#125 = LINE('',#126,#127);
#126 = CARTESIAN_POINT('',(7.4,-4.));
#127 = VECTOR('',#128,1.);
#128 = DIRECTION('',(0.,1.));
#129 = ( GEOMETRIC_REPRESENTATION_CONTEXT(2)
PARAMETRIC_REPRESENTATION_CONTEXT() REPRESENTATION_CONTEXT('2D SPACE',''
  ) );
#130 = PCURVE('',#131,#136);
#131 = CYLINDRICAL_SURFACE('',#132,0.6);
#132 = AXIS2_PLACEMENT_3D('',#133,#134,#135);
#133 = CARTESIAN_POINT('',(13.4,4.,6.6));
#134 = DIRECTION('',(-0.,1.,0.));
#135 = DIRECTION('',(1.,0.,-0.));
#136 = DEFINITIONAL_REPRESENTATION('',(#137),#141);
#137 = LINE('',#138,#139);
#138 = CARTESIAN_POINT('',(1.570796326795,0.));
#139 = VECTOR('',#140,1.);
#140 = DIRECTION('',(0.,1.));
#141 = ( GEOMETRIC_REPRESENTATION_CONTEXT(2)
PARAMETRIC_REPRESENTATION_CONTEXT() REPRESENTATION_CONTEXT('2D SPACE',''
  ) );
#142 = ORIENTED_EDGE('',*,*,#143,.F.);
#143 = EDGE_CURVE('',#144,#116,#146,.T.);
#144 = VERTEX_POINT('',#145);
#145 = CARTESIAN_POINT('',(82.6,4.,6.));
#146 = SURFACE_CURVE('',#147,(#151,#158),.PCURVE_S1.);
#147 = LINE('',#148,#149);
#148 = CARTESIAN_POINT('',(4.5,4.,6.));
#149 = VECTOR('',#150,1.);
#150 = DIRECTION('',(-1.,-0.,0.));
#151 = PCURVE('',#31,#152);
#152 = DEFINITIONAL_REPRESENTATION('',(#153),#157);
#153 = LINE('',#154,#155);
#154 = CARTESIAN_POINT('',(-1.5,-4.));
#155 = VECTOR('',#156,1.);
#156 = DIRECTION('',(-1.,0.));
#157 = ( GEOMETRIC_REPRESENTATION_CONTEXT(2)
PARAMETRIC_REPRESENTATION_CONTEXT() REPRESENTATION_CONTEXT('2D SPACE',''
  ) );
#158 = PCURVE('',#159,#164);
#159 = PLANE('',#160);
#160 = AXIS2_PLACEMENT_3D('',#161,#162,#163);
#161 = CARTESIAN_POINT('',(3.,4.,3.));
#162 = DIRECTION('',(-0.,1.,0.));
#163 = DIRECTION('',(0.,0.,1.));
#164 = DEFINITIONAL_REPRESENTATION('',(#165),#169);
#165 = LINE('',#166,#167);
#166 = CARTESIAN_POINT('',(3.,1.5));
#167 = VECTOR('',#168,1.);
#168 = DIRECTION('',(0.,-1.));
#169 = ( GEOMETRIC_REPRESENTATION_CONTEXT(2)
PARAMETRIC_REPRESENTATION_CONTEXT() REPRESENTATION_CONTEXT('2D SPACE',''
  ) );
#170 = ORIENTED_EDGE('',*,*,#171,.T.);
#171 = EDGE_CURVE('',#144,#172,#174,.T.);
#172 = VERTEX_POINT('',#173);
#173 = CARTESIAN_POINT('',(82.6,13.,6.));
#174 = SURFACE_CURVE('',#175,(#179,#186),.PCURVE_S1.);
#175 = LINE('',#176,#177);
#176 = CARTESIAN_POINT('',(82.6,4.,6.));
#177 = VECTOR('',#178,1.);
#178 = DIRECTION('',(-0.,1.,0.));
#179 = PCURVE('',#31,#180);
#180 = DEFINITIONAL_REPRESENTATION('',(#181),#185);
#181 = LINE('',#182,#183);
#182 = CARTESIAN_POINT('',(76.6,-4.));
#183 = VECTOR('',#184,1.);
#184 = DIRECTION('',(0.,1.));
#185 = ( GEOMETRIC_REPRESENTATION_CONTEXT(2)
PARAMETRIC_REPRESENTATION_CONTEXT() REPRESENTATION_CONTEXT('2D SPACE',''
  ) );
#186 = PCURVE('',#187,#192);
#187 = CYLINDRICAL_SURFACE('',#188,0.6);
#188 = AXIS2_PLACEMENT_3D('',#189,#190,#191);
#189 = CARTESIAN_POINT('',(82.6,4.,6.6));
#190 = DIRECTION('',(-0.,1.,0.));
#191 = DIRECTION('',(-1.,-0.,0.));
#192 = DEFINITIONAL_REPRESENTATION('',(#193),#197);
#193 = LINE('',#194,#195);
#194 = CARTESIAN_POINT('',(-1.570796326795,0.));
#195 = VECTOR('',#196,1.);
#196 = DIRECTION('',(-0.,1.));
#197 = ( GEOMETRIC_REPRESENTATION_CONTEXT(2)
PARAMETRIC_REPRESENTATION_CONTEXT() REPRESENTATION_CONTEXT('2D SPACE',''
  ) );
#198 = ORIENTED_EDGE('',*,*,#199,.T.);
#199 = EDGE_CURVE('',#172,#200,#202,.T.);
#200 = VERTEX_POINT('',#201);
#201 = CARTESIAN_POINT('',(89.,13.,6.));
#202 = SURFACE_CURVE('',#203,(#207,#214),.PCURVE_S1.);
#203 = LINE('',#204,#205);
#204 = CARTESIAN_POINT('',(82.6,13.,6.));
#205 = VECTOR('',#206,1.);
#206 = DIRECTION('',(1.,0.,0.));
#207 = PCURVE('',#31,#208);
#208 = DEFINITIONAL_REPRESENTATION('',(#209),#213);
#209 = LINE('',#210,#211);
#210 = CARTESIAN_POINT('',(76.6,5.));
#211 = VECTOR('',#212,1.);
#212 = DIRECTION('',(1.,0.));
#213 = ( GEOMETRIC_REPRESENTATION_CONTEXT(2)
PARAMETRIC_REPRESENTATION_CONTEXT() REPRESENTATION_CONTEXT('2D SPACE',''
  ) );
#214 = PCURVE('',#215,#220);
#215 = PLANE('',#216);
#216 = AXIS2_PLACEMENT_3D('',#217,#218,#219);
#217 = CARTESIAN_POINT('',(82.,13.,6.));
#218 = DIRECTION('',(-0.,1.,0.));
#219 = DIRECTION('',(0.,0.,1.));
#220 = DEFINITIONAL_REPRESENTATION('',(#221),#225);
#221 = LINE('',#222,#223);
#222 = CARTESIAN_POINT('',(0.,0.6));
#223 = VECTOR('',#224,1.);
#224 = DIRECTION('',(0.,1.));
#225 = ( GEOMETRIC_REPRESENTATION_CONTEXT(2)
PARAMETRIC_REPRESENTATION_CONTEXT() REPRESENTATION_CONTEXT('2D SPACE',''
  ) );
#226 = ORIENTED_EDGE('',*,*,#227,.F.);
#227 = EDGE_CURVE('',#228,#200,#230,.T.);
#228 = VERTEX_POINT('',#229);
#229 = CARTESIAN_POINT('',(89.,92.,6.));
#230 = SURFACE_CURVE('',#231,(#235,#242),.PCURVE_S1.);
#231 = LINE('',#232,#233);
#232 = CARTESIAN_POINT('',(89.,92.,6.));
#233 = VECTOR('',#234,1.);
#234 = DIRECTION('',(0.,-1.,-0.));
#235 = PCURVE('',#31,#236);
#236 = DEFINITIONAL_REPRESENTATION('',(#237),#241);
#237 = LINE('',#238,#239);
#238 = CARTESIAN_POINT('',(83.,84.));
#239 = VECTOR('',#240,1.);
#240 = DIRECTION('',(0.,-1.));
#241 = ( GEOMETRIC_REPRESENTATION_CONTEXT(2)
PARAMETRIC_REPRESENTATION_CONTEXT() REPRESENTATION_CONTEXT('2D SPACE',''
  ) );
#242 = PCURVE('',#243,#248);
#243 = CYLINDRICAL_SURFACE('',#244,1.);
#244 = AXIS2_PLACEMENT_3D('',#245,#246,#247);
#245 = CARTESIAN_POINT('',(89.,92.,7.));
#246 = DIRECTION('',(0.,-1.,-0.));
#247 = DIRECTION('',(1.,0.,0.));
#248 = DEFINITIONAL_REPRESENTATION('',(#249),#253);
#249 = LINE('',#250,#251);
#250 = CARTESIAN_POINT('',(-1.570796326795,0.));
#251 = VECTOR('',#252,1.);
#252 = DIRECTION('',(-0.,1.));
#253 = ( GEOMETRIC_REPRESENTATION_CONTEXT(2)
PARAMETRIC_REPRESENTATION_CONTEXT() REPRESENTATION_CONTEXT('2D SPACE',''
  ) );
#254 = ORIENTED_EDGE('',*,*,#255,.F.);
#255 = EDGE_CURVE('',#256,#228,#258,.T.);
#256 = VERTEX_POINT('',#257);
#257 = CARTESIAN_POINT('',(88.,93.,6.));
#258 = SURFACE_CURVE('',#259,(#264,#275),.PCURVE_S1.);
#259 = CIRCLE('',#260,1.);
#260 = AXIS2_PLACEMENT_3D('',#261,#262,#263);
#261 = CARTESIAN_POINT('',(88.,92.,6.));
#262 = DIRECTION('',(0.,-0.,-1.));
#263 = DIRECTION('',(0.,1.,-0.));
#264 = PCURVE('',#31,#265);
#265 = DEFINITIONAL_REPRESENTATION('',(#266),#274);
#266 = ( BOUNDED_CURVE() B_SPLINE_CURVE(2,(#267,#268,#269,#270,#271,#272
,#273),.UNSPECIFIED.,.T.,.F.) B_SPLINE_CURVE_WITH_KNOTS((1,2,2,2,2,1),(
    -2.094395102393,0.,2.094395102393,4.188790204786,6.28318530718,
8.377580409573),.UNSPECIFIED.) CURVE() GEOMETRIC_REPRESENTATION_ITEM()
RATIONAL_B_SPLINE_CURVE((1.,0.5,1.,0.5,1.,0.5,1.)) REPRESENTATION_ITEM(
  '') );
#267 = CARTESIAN_POINT('',(82.,85.));
#268 = CARTESIAN_POINT('',(83.732050807569,85.));
#269 = CARTESIAN_POINT('',(82.866025403784,83.5));
#270 = CARTESIAN_POINT('',(82.,82.));
#271 = CARTESIAN_POINT('',(81.133974596216,83.5));
#272 = CARTESIAN_POINT('',(80.267949192431,85.));
#273 = CARTESIAN_POINT('',(82.,85.));
#274 = ( GEOMETRIC_REPRESENTATION_CONTEXT(2)
PARAMETRIC_REPRESENTATION_CONTEXT() REPRESENTATION_CONTEXT('2D SPACE',''
  ) );
#275 = PCURVE('',#276,#281);
#276 = TOROIDAL_SURFACE('',#277,1.,1.);
#277 = AXIS2_PLACEMENT_3D('',#278,#279,#280);
#278 = CARTESIAN_POINT('',(88.,92.,7.));
#279 = DIRECTION('',(-0.,-0.,-1.));
#280 = DIRECTION('',(0.,1.,-0.));
#281 = DEFINITIONAL_REPRESENTATION('',(#282),#286);
#282 = LINE('',#283,#284);
#283 = CARTESIAN_POINT('',(0.,1.570796326795));
#284 = VECTOR('',#285,1.);
#285 = DIRECTION('',(1.,0.));
#286 = ( GEOMETRIC_REPRESENTATION_CONTEXT(2)
PARAMETRIC_REPRESENTATION_CONTEXT() REPRESENTATION_CONTEXT('2D SPACE',''
  ) );
#287 = ORIENTED_EDGE('',*,*,#288,.F.);
#288 = EDGE_CURVE('',#289,#256,#291,.T.);
#289 = VERTEX_POINT('',#290);
#290 = CARTESIAN_POINT('',(8.,93.,6.));
#291 = SURFACE_CURVE('',#292,(#296,#303),.PCURVE_S1.);
#292 = LINE('',#293,#294);
#293 = CARTESIAN_POINT('',(8.,93.,6.));
#294 = VECTOR('',#295,1.);
#295 = DIRECTION('',(1.,0.,-0.));
#296 = PCURVE('',#31,#297);
#297 = DEFINITIONAL_REPRESENTATION('',(#298),#302);
#298 = LINE('',#299,#300);
#299 = CARTESIAN_POINT('',(2.,85.));
#300 = VECTOR('',#301,1.);
#301 = DIRECTION('',(1.,0.));
#302 = ( GEOMETRIC_REPRESENTATION_CONTEXT(2)
PARAMETRIC_REPRESENTATION_CONTEXT() REPRESENTATION_CONTEXT('2D SPACE',''
  ) );
#303 = PCURVE('',#304,#309);
#304 = CYLINDRICAL_SURFACE('',#305,1.);
#305 = AXIS2_PLACEMENT_3D('',#306,#307,#308);
#306 = CARTESIAN_POINT('',(8.,93.,7.));
#307 = DIRECTION('',(1.,0.,-0.));
#308 = DIRECTION('',(0.,1.,0.));
#309 = DEFINITIONAL_REPRESENTATION('',(#310),#314);
#310 = LINE('',#311,#312);
#311 = CARTESIAN_POINT('',(-1.570796326795,0.));
#312 = VECTOR('',#313,1.);
#313 = DIRECTION('',(-0.,1.));
#314 = ( GEOMETRIC_REPRESENTATION_CONTEXT(2)
PARAMETRIC_REPRESENTATION_CONTEXT() REPRESENTATION_CONTEXT('2D SPACE',''
  ) );
#315 = ORIENTED_EDGE('',*,*,#316,.F.);
#316 = EDGE_CURVE('',#60,#289,#317,.T.);
#317 = SURFACE_CURVE('',#318,(#323,#334),.PCURVE_S1.);
#318 = CIRCLE('',#319,1.);
#319 = AXIS2_PLACEMENT_3D('',#320,#321,#322);
#320 = CARTESIAN_POINT('',(8.,92.,6.));
#321 = DIRECTION('',(-0.,0.,-1.));
#322 = DIRECTION('',(-1.,0.,0.));
#323 = PCURVE('',#31,#324);
#324 = DEFINITIONAL_REPRESENTATION('',(#325),#333);
#325 = ( BOUNDED_CURVE() B_SPLINE_CURVE(2,(#326,#327,#328,#329,#330,#331
,#332),.UNSPECIFIED.,.T.,.F.) B_SPLINE_CURVE_WITH_KNOTS((1,2,2,2,2,1),(
    -2.094395102393,0.,2.094395102393,4.188790204786,6.28318530718,
8.377580409573),.UNSPECIFIED.) CURVE() GEOMETRIC_REPRESENTATION_ITEM()
RATIONAL_B_SPLINE_CURVE((1.,0.5,1.,0.5,1.,0.5,1.)) REPRESENTATION_ITEM(
  '') );
#326 = CARTESIAN_POINT('',(1.,84.));
#327 = CARTESIAN_POINT('',(1.,85.732050807569));
#328 = CARTESIAN_POINT('',(2.5,84.866025403784));
#329 = CARTESIAN_POINT('',(4.,84.));
#330 = CARTESIAN_POINT('',(2.5,83.133974596216));
#331 = CARTESIAN_POINT('',(1.,82.267949192431));
#332 = CARTESIAN_POINT('',(1.,84.));
#333 = ( GEOMETRIC_REPRESENTATION_CONTEXT(2)
PARAMETRIC_REPRESENTATION_CONTEXT() REPRESENTATION_CONTEXT('2D SPACE',''
  ) );
#334 = PCURVE('',#335,#340);
#335 = TOROIDAL_SURFACE('',#336,1.,1.);
#336 = AXIS2_PLACEMENT_3D('',#337,#338,#339);
#337 = CARTESIAN_POINT('',(8.,92.,7.));
#338 = DIRECTION('',(-0.,-0.,-1.));
#339 = DIRECTION('',(-1.,0.,0.));
#340 = DEFINITIONAL_REPRESENTATION('',(#341),#345);
#341 = LINE('',#342,#343);
#342 = CARTESIAN_POINT('',(0.,1.570796326795));
#343 = VECTOR('',#344,1.);
#344 = DIRECTION('',(1.,0.));
#345 = ( GEOMETRIC_REPRESENTATION_CONTEXT(2)
PARAMETRIC_REPRESENTATION_CONTEXT() REPRESENTATION_CONTEXT('2D SPACE',''
  ) );
#346 = FACE_BOUND('',#347,.T.);
#347 = EDGE_LOOP('',(#348));
#348 = ORIENTED_EDGE('',*,*,#349,.F.);
#349 = EDGE_CURVE('',#350,#350,#352,.T.);
#350 = VERTEX_POINT('',#351);
#351 = CARTESIAN_POINT('',(22.6,45.,6.));
#352 = SURFACE_CURVE('',#353,(#358,#365),.PCURVE_S1.);
#353 = CIRCLE('',#354,4.6);
#354 = AXIS2_PLACEMENT_3D('',#355,#356,#357);
#355 = CARTESIAN_POINT('',(18.,45.,6.));
#356 = DIRECTION('',(0.,0.,1.));
#357 = DIRECTION('',(1.,0.,-0.));
#358 = PCURVE('',#31,#359);
#359 = DEFINITIONAL_REPRESENTATION('',(#360),#364);
#360 = CIRCLE('',#361,4.6);
#361 = AXIS2_PLACEMENT_2D('',#362,#363);
#362 = CARTESIAN_POINT('',(12.,37.));
#363 = DIRECTION('',(1.,0.));
#364 = ( GEOMETRIC_REPRESENTATION_CONTEXT(2)
PARAMETRIC_REPRESENTATION_CONTEXT() REPRESENTATION_CONTEXT('2D SPACE',''
  ) );
#365 = PCURVE('',#366,#371);
#366 = TOROIDAL_SURFACE('',#367,4.6,0.6);
#367 = AXIS2_PLACEMENT_3D('',#368,#369,#370);
#368 = CARTESIAN_POINT('',(18.,45.,6.6));
#369 = DIRECTION('',(-0.,-0.,-1.));
#370 = DIRECTION('',(1.,0.,-0.));
#371 = DEFINITIONAL_REPRESENTATION('',(#372),#376);
#372 = LINE('',#373,#374);
#373 = CARTESIAN_POINT('',(-0.,1.570796326795));
#374 = VECTOR('',#375,1.);
#375 = DIRECTION('',(-1.,0.));
#376 = ( GEOMETRIC_REPRESENTATION_CONTEXT(2)
PARAMETRIC_REPRESENTATION_CONTEXT() REPRESENTATION_CONTEXT('2D SPACE',''
  ) );
#377 = ADVANCED_FACE('',(#378),#43,.F.);
#378 = FACE_BOUND('',#379,.T.);
#379 = EDGE_LOOP('',(#380,#402,#403,#404));
#380 = ORIENTED_EDGE('',*,*,#381,.F.);
#381 = EDGE_CURVE('',#22,#382,#384,.T.);
#382 = VERTEX_POINT('',#383);
#383 = CARTESIAN_POINT('',(82.,45.,6.6));
#384 = SEAM_CURVE('',#385,(#390,#396),.PCURVE_S1.);
#385 = CIRCLE('',#386,0.6);
#386 = AXIS2_PLACEMENT_3D('',#387,#388,#389);
#387 = CARTESIAN_POINT('',(82.6,45.,6.6));
#388 = DIRECTION('',(0.,1.,0.));
#389 = DIRECTION('',(1.,0.,-0.));
#390 = PCURVE('',#43,#391);
#391 = DEFINITIONAL_REPRESENTATION('',(#392),#395);
#392 = B_SPLINE_CURVE_WITH_KNOTS('',1,(#393,#394),.UNSPECIFIED.,.F.,.F.,
  (2,2),(1.570796326795,3.14159265359),.PIECEWISE_BEZIER_KNOTS.);
#393 = CARTESIAN_POINT('',(0.,1.570796326795));
#394 = CARTESIAN_POINT('',(0.,3.14159265359));
#395 = ( GEOMETRIC_REPRESENTATION_CONTEXT(2)
PARAMETRIC_REPRESENTATION_CONTEXT() REPRESENTATION_CONTEXT('2D SPACE',''
  ) );
#396 = PCURVE('',#43,#397);
#397 = DEFINITIONAL_REPRESENTATION('',(#398),#401);
#398 = B_SPLINE_CURVE_WITH_KNOTS('',1,(#399,#400),.UNSPECIFIED.,.F.,.F.,
  (2,2),(1.570796326795,3.14159265359),.PIECEWISE_BEZIER_KNOTS.);
#399 = CARTESIAN_POINT('',(-6.28318530718,1.570796326795));
#400 = CARTESIAN_POINT('',(-6.28318530718,3.14159265359));
#401 = ( GEOMETRIC_REPRESENTATION_CONTEXT(2)
PARAMETRIC_REPRESENTATION_CONTEXT() REPRESENTATION_CONTEXT('2D SPACE',''
  ) );
#402 = ORIENTED_EDGE('',*,*,#21,.F.);
#403 = ORIENTED_EDGE('',*,*,#381,.T.);
#404 = ORIENTED_EDGE('',*,*,#405,.T.);
#405 = EDGE_CURVE('',#382,#382,#406,.T.);
#406 = SURFACE_CURVE('',#407,(#412,#419),.PCURVE_S1.);
#407 = CIRCLE('',#408,4.);
#408 = AXIS2_PLACEMENT_3D('',#409,#410,#411);
#409 = CARTESIAN_POINT('',(78.,45.,6.6));
#410 = DIRECTION('',(0.,0.,1.));
#411 = DIRECTION('',(1.,0.,-0.));
#412 = PCURVE('',#43,#413);
#413 = DEFINITIONAL_REPRESENTATION('',(#414),#418);
#414 = LINE('',#415,#416);
#415 = CARTESIAN_POINT('',(-0.,3.14159265359));
#416 = VECTOR('',#417,1.);
#417 = DIRECTION('',(-1.,0.));
#418 = ( GEOMETRIC_REPRESENTATION_CONTEXT(2)
PARAMETRIC_REPRESENTATION_CONTEXT() REPRESENTATION_CONTEXT('2D SPACE',''
  ) );
#419 = PCURVE('',#420,#425);
#420 = CYLINDRICAL_SURFACE('',#421,4.);
#421 = AXIS2_PLACEMENT_3D('',#422,#423,#424);
#422 = CARTESIAN_POINT('',(78.,45.,5.));
#423 = DIRECTION('',(0.,0.,1.));
#424 = DIRECTION('',(1.,0.,-0.));
#425 = DEFINITIONAL_REPRESENTATION('',(#426),#430);
#426 = LINE('',#427,#428);
#427 = CARTESIAN_POINT('',(0.,1.6));
#428 = VECTOR('',#429,1.);
#429 = DIRECTION('',(1.,0.));
#430 = ( GEOMETRIC_REPRESENTATION_CONTEXT(2)
PARAMETRIC_REPRESENTATION_CONTEXT() REPRESENTATION_CONTEXT('2D SPACE',''
  ) );
#431 = ADVANCED_FACE('',(#432),#75,.F.);
#432 = FACE_BOUND('',#433,.T.);
#433 = EDGE_LOOP('',(#434,#464,#486,#487));
#434 = ORIENTED_EDGE('',*,*,#435,.F.);
#435 = EDGE_CURVE('',#436,#438,#440,.T.);
#436 = VERTEX_POINT('',#437);
#437 = CARTESIAN_POINT('',(6.,13.,7.));
#438 = VERTEX_POINT('',#439);
#439 = CARTESIAN_POINT('',(6.,92.,7.));
#440 = SURFACE_CURVE('',#441,(#445,#452),.PCURVE_S1.);
#441 = LINE('',#442,#443);
#442 = CARTESIAN_POINT('',(6.,10.,7.));
#443 = VECTOR('',#444,1.);
#444 = DIRECTION('',(-0.,1.,0.));
#445 = PCURVE('',#75,#446);
#446 = DEFINITIONAL_REPRESENTATION('',(#447),#451);
#447 = LINE('',#448,#449);
#448 = CARTESIAN_POINT('',(-0.,0.));
#449 = VECTOR('',#450,1.);
#450 = DIRECTION('',(-0.,1.));
#451 = ( GEOMETRIC_REPRESENTATION_CONTEXT(2)
PARAMETRIC_REPRESENTATION_CONTEXT() REPRESENTATION_CONTEXT('2D SPACE',''
  ) );
#452 = PCURVE('',#453,#458);
#453 = PLANE('',#454);
#454 = AXIS2_PLACEMENT_3D('',#455,#456,#457);
#455 = CARTESIAN_POINT('',(6.,8.,6.));
#456 = DIRECTION('',(1.,0.,-0.));
#457 = DIRECTION('',(0.,0.,1.));
#458 = DEFINITIONAL_REPRESENTATION('',(#459),#463);
#459 = LINE('',#460,#461);
#460 = CARTESIAN_POINT('',(1.,-2.));
#461 = VECTOR('',#462,1.);
#462 = DIRECTION('',(0.,-1.));
#463 = ( GEOMETRIC_REPRESENTATION_CONTEXT(2)
PARAMETRIC_REPRESENTATION_CONTEXT() REPRESENTATION_CONTEXT('2D SPACE',''
  ) );
#464 = ORIENTED_EDGE('',*,*,#465,.F.);
#465 = EDGE_CURVE('',#58,#436,#466,.T.);
#466 = SURFACE_CURVE('',#467,(#472,#479),.PCURVE_S1.);
#467 = CIRCLE('',#468,1.);
#468 = AXIS2_PLACEMENT_3D('',#469,#470,#471);
#469 = CARTESIAN_POINT('',(7.,13.,7.));
#470 = DIRECTION('',(-0.,1.,0.));
#471 = DIRECTION('',(-1.,-0.,0.));
#472 = PCURVE('',#75,#473);
#473 = DEFINITIONAL_REPRESENTATION('',(#474),#478);
#474 = LINE('',#475,#476);
#475 = CARTESIAN_POINT('',(-6.28318530718,3.));
#476 = VECTOR('',#477,1.);
#477 = DIRECTION('',(1.,-0.));
#478 = ( GEOMETRIC_REPRESENTATION_CONTEXT(2)
PARAMETRIC_REPRESENTATION_CONTEXT() REPRESENTATION_CONTEXT('2D SPACE',''
  ) );
#479 = PCURVE('',#103,#480);
#480 = DEFINITIONAL_REPRESENTATION('',(#481),#485);
#481 = CIRCLE('',#482,1.);
#482 = AXIS2_PLACEMENT_2D('',#483,#484);
#483 = CARTESIAN_POINT('',(1.,3.));
#484 = DIRECTION('',(0.,-1.));
#485 = ( GEOMETRIC_REPRESENTATION_CONTEXT(2)
PARAMETRIC_REPRESENTATION_CONTEXT() REPRESENTATION_CONTEXT('2D SPACE',''
  ) );
#486 = ORIENTED_EDGE('',*,*,#57,.T.);
#487 = ORIENTED_EDGE('',*,*,#488,.F.);
#488 = EDGE_CURVE('',#438,#60,#489,.T.);
#489 = SURFACE_CURVE('',#490,(#495,#501),.PCURVE_S1.);
#490 = CIRCLE('',#491,1.);
#491 = AXIS2_PLACEMENT_3D('',#492,#493,#494);
#492 = CARTESIAN_POINT('',(7.,92.,7.));
#493 = DIRECTION('',(0.,-1.,-0.));
#494 = DIRECTION('',(-1.,-0.,0.));
#495 = PCURVE('',#75,#496);
#496 = DEFINITIONAL_REPRESENTATION('',(#497),#500);
#497 = B_SPLINE_CURVE_WITH_KNOTS('',1,(#498,#499),.UNSPECIFIED.,.F.,.F.,
  (2,2),(0.,1.570796326795),.PIECEWISE_BEZIER_KNOTS.);
#498 = CARTESIAN_POINT('',(0.,82.));
#499 = CARTESIAN_POINT('',(-1.570796326795,82.));
#500 = ( GEOMETRIC_REPRESENTATION_CONTEXT(2)
PARAMETRIC_REPRESENTATION_CONTEXT() REPRESENTATION_CONTEXT('2D SPACE',''
  ) );
#501 = PCURVE('',#335,#502);
#502 = DEFINITIONAL_REPRESENTATION('',(#503),#506);
#503 = B_SPLINE_CURVE_WITH_KNOTS('',1,(#504,#505),.UNSPECIFIED.,.F.,.F.,
  (2,2),(0.,1.570796326795),.PIECEWISE_BEZIER_KNOTS.);
#504 = CARTESIAN_POINT('',(0.,0.));
#505 = CARTESIAN_POINT('',(0.,1.570796326795));
#506 = ( GEOMETRIC_REPRESENTATION_CONTEXT(2)
PARAMETRIC_REPRESENTATION_CONTEXT() REPRESENTATION_CONTEXT('2D SPACE',''
  ) );
#507 = ADVANCED_FACE('',(#508,#646),#103,.T.);
#508 = FACE_BOUND('',#509,.T.);
#509 = EDGE_LOOP('',(#510,#511,#512,#535,#563,#596,#624));
#510 = ORIENTED_EDGE('',*,*,#87,.F.);
#511 = ORIENTED_EDGE('',*,*,#465,.T.);
#512 = ORIENTED_EDGE('',*,*,#513,.F.);
#513 = EDGE_CURVE('',#514,#436,#516,.T.);
#514 = VERTEX_POINT('',#515);
#515 = CARTESIAN_POINT('',(6.,13.,15.));
#516 = SURFACE_CURVE('',#517,(#521,#528),.PCURVE_S1.);
#517 = LINE('',#518,#519);
#518 = CARTESIAN_POINT('',(6.,13.,15.));
#519 = VECTOR('',#520,1.);
#520 = DIRECTION('',(0.,0.,-1.));
#521 = PCURVE('',#103,#522);
#522 = DEFINITIONAL_REPRESENTATION('',(#523),#527);
#523 = LINE('',#524,#525);
#524 = CARTESIAN_POINT('',(9.,2.));
#525 = VECTOR('',#526,1.);
#526 = DIRECTION('',(-1.,0.));
#527 = ( GEOMETRIC_REPRESENTATION_CONTEXT(2)
PARAMETRIC_REPRESENTATION_CONTEXT() REPRESENTATION_CONTEXT('2D SPACE',''
  ) );
#528 = PCURVE('',#453,#529);
#529 = DEFINITIONAL_REPRESENTATION('',(#530),#534);
#530 = LINE('',#531,#532);
#531 = CARTESIAN_POINT('',(9.,-5.));
#532 = VECTOR('',#533,1.);
#533 = DIRECTION('',(-1.,0.));
#534 = ( GEOMETRIC_REPRESENTATION_CONTEXT(2)
PARAMETRIC_REPRESENTATION_CONTEXT() REPRESENTATION_CONTEXT('2D SPACE',''
  ) );
#535 = ORIENTED_EDGE('',*,*,#536,.F.);
#536 = EDGE_CURVE('',#537,#514,#539,.T.);
#537 = VERTEX_POINT('',#538);
#538 = CARTESIAN_POINT('',(13.4,13.,15.));
#539 = SURFACE_CURVE('',#540,(#544,#551),.PCURVE_S1.);
#540 = LINE('',#541,#542);
#541 = CARTESIAN_POINT('',(13.4,13.,15.));
#542 = VECTOR('',#543,1.);
#543 = DIRECTION('',(-1.,0.,0.));
#544 = PCURVE('',#103,#545);
#545 = DEFINITIONAL_REPRESENTATION('',(#546),#550);
#546 = LINE('',#547,#548);
#547 = CARTESIAN_POINT('',(9.,9.4));
#548 = VECTOR('',#549,1.);
#549 = DIRECTION('',(0.,-1.));
#550 = ( GEOMETRIC_REPRESENTATION_CONTEXT(2)
PARAMETRIC_REPRESENTATION_CONTEXT() REPRESENTATION_CONTEXT('2D SPACE',''
  ) );
#551 = PCURVE('',#552,#557);
#552 = PLANE('',#553);
#553 = AXIS2_PLACEMENT_3D('',#554,#555,#556);
#554 = CARTESIAN_POINT('',(4.,4.,15.));
#555 = DIRECTION('',(0.,0.,1.));
#556 = DIRECTION('',(1.,0.,-0.));
#557 = DEFINITIONAL_REPRESENTATION('',(#558),#562);
#558 = LINE('',#559,#560);
#559 = CARTESIAN_POINT('',(9.4,9.));
#560 = VECTOR('',#561,1.);
#561 = DIRECTION('',(-1.,0.));
#562 = ( GEOMETRIC_REPRESENTATION_CONTEXT(2)
PARAMETRIC_REPRESENTATION_CONTEXT() REPRESENTATION_CONTEXT('2D SPACE',''
  ) );
#563 = ORIENTED_EDGE('',*,*,#564,.F.);
#564 = EDGE_CURVE('',#565,#537,#567,.T.);
#565 = VERTEX_POINT('',#566);
#566 = CARTESIAN_POINT('',(14.,13.,14.4));
#567 = SURFACE_CURVE('',#568,(#573,#584),.PCURVE_S1.);
#568 = CIRCLE('',#569,0.6);
#569 = AXIS2_PLACEMENT_3D('',#570,#571,#572);
#570 = CARTESIAN_POINT('',(13.4,13.,14.4));
#571 = DIRECTION('',(0.,-1.,0.));
#572 = DIRECTION('',(0.,0.,1.));
#573 = PCURVE('',#103,#574);
#574 = DEFINITIONAL_REPRESENTATION('',(#575),#583);
#575 = ( BOUNDED_CURVE() B_SPLINE_CURVE(2,(#576,#577,#578,#579,#580,#581
,#582),.UNSPECIFIED.,.T.,.F.) B_SPLINE_CURVE_WITH_KNOTS((1,2,2,2,2,1),(
    -2.094395102393,0.,2.094395102393,4.188790204786,6.28318530718,
8.377580409573),.UNSPECIFIED.) CURVE() GEOMETRIC_REPRESENTATION_ITEM()
RATIONAL_B_SPLINE_CURVE((1.,0.5,1.,0.5,1.,0.5,1.)) REPRESENTATION_ITEM(
  '') );
#576 = CARTESIAN_POINT('',(9.,9.4));
#577 = CARTESIAN_POINT('',(9.,8.360769515459));
#578 = CARTESIAN_POINT('',(8.1,8.880384757729));
#579 = CARTESIAN_POINT('',(7.2,9.4));
#580 = CARTESIAN_POINT('',(8.1,9.919615242271));
#581 = CARTESIAN_POINT('',(9.,10.439230484541));
#582 = CARTESIAN_POINT('',(9.,9.4));
#583 = ( GEOMETRIC_REPRESENTATION_CONTEXT(2)
PARAMETRIC_REPRESENTATION_CONTEXT() REPRESENTATION_CONTEXT('2D SPACE',''
  ) );
#584 = PCURVE('',#585,#590);
#585 = CYLINDRICAL_SURFACE('',#586,0.6);
#586 = AXIS2_PLACEMENT_3D('',#587,#588,#589);
#587 = CARTESIAN_POINT('',(13.4,4.,14.4));
#588 = DIRECTION('',(-0.,1.,0.));
#589 = DIRECTION('',(1.,0.,-0.));
#590 = DEFINITIONAL_REPRESENTATION('',(#591),#595);
#591 = LINE('',#592,#593);
#592 = CARTESIAN_POINT('',(4.712388980385,9.));
#593 = VECTOR('',#594,1.);
#594 = DIRECTION('',(-1.,0.));
#595 = ( GEOMETRIC_REPRESENTATION_CONTEXT(2)
PARAMETRIC_REPRESENTATION_CONTEXT() REPRESENTATION_CONTEXT('2D SPACE',''
  ) );
#596 = ORIENTED_EDGE('',*,*,#597,.F.);
#597 = EDGE_CURVE('',#598,#565,#600,.T.);
#598 = VERTEX_POINT('',#599);
#599 = CARTESIAN_POINT('',(14.,13.,6.6));
#600 = SURFACE_CURVE('',#601,(#605,#612),.PCURVE_S1.);
#601 = LINE('',#602,#603);
#602 = CARTESIAN_POINT('',(14.,13.,6.6));
#603 = VECTOR('',#604,1.);
#604 = DIRECTION('',(0.,0.,1.));
#605 = PCURVE('',#103,#606);
#606 = DEFINITIONAL_REPRESENTATION('',(#607),#611);
#607 = LINE('',#608,#609);
#608 = CARTESIAN_POINT('',(0.6,10.));
#609 = VECTOR('',#610,1.);
#610 = DIRECTION('',(1.,0.));
#611 = ( GEOMETRIC_REPRESENTATION_CONTEXT(2)
PARAMETRIC_REPRESENTATION_CONTEXT() REPRESENTATION_CONTEXT('2D SPACE',''
  ) );
#612 = PCURVE('',#613,#618);
#613 = PLANE('',#614);
#614 = AXIS2_PLACEMENT_3D('',#615,#616,#617);
#615 = CARTESIAN_POINT('',(14.,4.,6.));
#616 = DIRECTION('',(1.,0.,-0.));
#617 = DIRECTION('',(0.,0.,1.));
#618 = DEFINITIONAL_REPRESENTATION('',(#619),#623);
#619 = LINE('',#620,#621);
#620 = CARTESIAN_POINT('',(0.6,-9.));
#621 = VECTOR('',#622,1.);
#622 = DIRECTION('',(1.,0.));
#623 = ( GEOMETRIC_REPRESENTATION_CONTEXT(2)
PARAMETRIC_REPRESENTATION_CONTEXT() REPRESENTATION_CONTEXT('2D SPACE',''
  ) );
#624 = ORIENTED_EDGE('',*,*,#625,.T.);
#625 = EDGE_CURVE('',#598,#88,#626,.T.);
#626 = SURFACE_CURVE('',#627,(#632,#639),.PCURVE_S1.);
#627 = CIRCLE('',#628,0.6);
#628 = AXIS2_PLACEMENT_3D('',#629,#630,#631);
#629 = CARTESIAN_POINT('',(13.4,13.,6.6));
#630 = DIRECTION('',(-0.,1.,0.));
#631 = DIRECTION('',(0.,0.,1.));
#632 = PCURVE('',#103,#633);
#633 = DEFINITIONAL_REPRESENTATION('',(#634),#638);
#634 = CIRCLE('',#635,0.6);
#635 = AXIS2_PLACEMENT_2D('',#636,#637);
#636 = CARTESIAN_POINT('',(0.6,9.4));
#637 = DIRECTION('',(1.,0.));
#638 = ( GEOMETRIC_REPRESENTATION_CONTEXT(2)
PARAMETRIC_REPRESENTATION_CONTEXT() REPRESENTATION_CONTEXT('2D SPACE',''
  ) );
#639 = PCURVE('',#131,#640);
#640 = DEFINITIONAL_REPRESENTATION('',(#641),#645);
#641 = LINE('',#642,#643);
#642 = CARTESIAN_POINT('',(-1.570796326795,9.));
#643 = VECTOR('',#644,1.);
#644 = DIRECTION('',(1.,0.));
#645 = ( GEOMETRIC_REPRESENTATION_CONTEXT(2)
PARAMETRIC_REPRESENTATION_CONTEXT() REPRESENTATION_CONTEXT('2D SPACE',''
  ) );
#646 = FACE_BOUND('',#647,.T.);
#647 = EDGE_LOOP('',(#648));
#648 = ORIENTED_EDGE('',*,*,#649,.F.);
#649 = EDGE_CURVE('',#650,#650,#652,.T.);
#650 = VERTEX_POINT('',#651);
#651 = CARTESIAN_POINT('',(9.,13.,11.4));
#652 = SURFACE_CURVE('',#653,(#658,#665),.PCURVE_S1.);
#653 = CIRCLE('',#654,1.4);
#654 = AXIS2_PLACEMENT_3D('',#655,#656,#657);
#655 = CARTESIAN_POINT('',(9.,13.,10.));
#656 = DIRECTION('',(0.,1.,0.));
#657 = DIRECTION('',(0.,-0.,1.));
#658 = PCURVE('',#103,#659);
#659 = DEFINITIONAL_REPRESENTATION('',(#660),#664);
#660 = CIRCLE('',#661,1.4);
#661 = AXIS2_PLACEMENT_2D('',#662,#663);
#662 = CARTESIAN_POINT('',(4.,5.));
#663 = DIRECTION('',(1.,0.));
#664 = ( GEOMETRIC_REPRESENTATION_CONTEXT(2)
PARAMETRIC_REPRESENTATION_CONTEXT() REPRESENTATION_CONTEXT('2D SPACE',''
  ) );
#665 = PCURVE('',#666,#671);
#666 = CYLINDRICAL_SURFACE('',#667,1.4);
#667 = AXIS2_PLACEMENT_3D('',#668,#669,#670);
#668 = CARTESIAN_POINT('',(9.,3.,10.));
#669 = DIRECTION('',(0.,1.,0.));
#670 = DIRECTION('',(0.,-0.,1.));
#671 = DEFINITIONAL_REPRESENTATION('',(#672),#676);
#672 = LINE('',#673,#674);
#673 = CARTESIAN_POINT('',(0.,10.));
#674 = VECTOR('',#675,1.);
#675 = DIRECTION('',(1.,0.));
#676 = ( GEOMETRIC_REPRESENTATION_CONTEXT(2)
PARAMETRIC_REPRESENTATION_CONTEXT() REPRESENTATION_CONTEXT('2D SPACE',''
  ) );
#677 = ADVANCED_FACE('',(#678),#335,.F.);
#678 = FACE_BOUND('',#679,.F.);
#679 = EDGE_LOOP('',(#680,#681,#710,#730));
#680 = ORIENTED_EDGE('',*,*,#488,.F.);
#681 = ORIENTED_EDGE('',*,*,#682,.T.);
#682 = EDGE_CURVE('',#438,#683,#685,.T.);
#683 = VERTEX_POINT('',#684);
#684 = CARTESIAN_POINT('',(8.,94.,7.));
#685 = SURFACE_CURVE('',#686,(#691,#698),.PCURVE_S1.);
#686 = CIRCLE('',#687,2.);
#687 = AXIS2_PLACEMENT_3D('',#688,#689,#690);
#688 = CARTESIAN_POINT('',(8.,92.,7.));
#689 = DIRECTION('',(-0.,0.,-1.));
#690 = DIRECTION('',(-1.,0.,0.));
#691 = PCURVE('',#335,#692);
#692 = DEFINITIONAL_REPRESENTATION('',(#693),#697);
#693 = LINE('',#694,#695);
#694 = CARTESIAN_POINT('',(0.,0.));
#695 = VECTOR('',#696,1.);
#696 = DIRECTION('',(1.,0.));
#697 = ( GEOMETRIC_REPRESENTATION_CONTEXT(2)
PARAMETRIC_REPRESENTATION_CONTEXT() REPRESENTATION_CONTEXT('2D SPACE',''
  ) );
#698 = PCURVE('',#699,#704);
#699 = CYLINDRICAL_SURFACE('',#700,2.);
#700 = AXIS2_PLACEMENT_3D('',#701,#702,#703);
#701 = CARTESIAN_POINT('',(8.,92.,6.));
#702 = DIRECTION('',(0.,0.,1.));
#703 = DIRECTION('',(-1.,-0.,0.));
#704 = DEFINITIONAL_REPRESENTATION('',(#705),#709);
#705 = LINE('',#706,#707);
#706 = CARTESIAN_POINT('',(-0.,1.));
#707 = VECTOR('',#708,1.);
#708 = DIRECTION('',(-1.,0.));
#709 = ( GEOMETRIC_REPRESENTATION_CONTEXT(2)
PARAMETRIC_REPRESENTATION_CONTEXT() REPRESENTATION_CONTEXT('2D SPACE',''
  ) );
#710 = ORIENTED_EDGE('',*,*,#711,.T.);
#711 = EDGE_CURVE('',#683,#289,#712,.T.);
#712 = SURFACE_CURVE('',#713,(#718,#724),.PCURVE_S1.);
#713 = CIRCLE('',#714,1.);
#714 = AXIS2_PLACEMENT_3D('',#715,#716,#717);
#715 = CARTESIAN_POINT('',(8.,93.,7.));
#716 = DIRECTION('',(-1.,-6.123233995737E-17,0.));
#717 = DIRECTION('',(-6.123233995737E-17,1.,0.));
#718 = PCURVE('',#335,#719);
#719 = DEFINITIONAL_REPRESENTATION('',(#720),#723);
#720 = B_SPLINE_CURVE_WITH_KNOTS('',1,(#721,#722),.UNSPECIFIED.,.F.,.F.,
  (2,2),(0.,1.570796326795),.PIECEWISE_BEZIER_KNOTS.);
#721 = CARTESIAN_POINT('',(1.570796326795,0.));
#722 = CARTESIAN_POINT('',(1.570796326795,1.570796326795));
#723 = ( GEOMETRIC_REPRESENTATION_CONTEXT(2)
PARAMETRIC_REPRESENTATION_CONTEXT() REPRESENTATION_CONTEXT('2D SPACE',''
  ) );
#724 = PCURVE('',#304,#725);
#725 = DEFINITIONAL_REPRESENTATION('',(#726),#729);
#726 = B_SPLINE_CURVE_WITH_KNOTS('',1,(#727,#728),.UNSPECIFIED.,.F.,.F.,
  (2,2),(0.,1.570796326795),.PIECEWISE_BEZIER_KNOTS.);
#727 = CARTESIAN_POINT('',(0.,0.));
#728 = CARTESIAN_POINT('',(-1.570796326795,0.));
#729 = ( GEOMETRIC_REPRESENTATION_CONTEXT(2)
PARAMETRIC_REPRESENTATION_CONTEXT() REPRESENTATION_CONTEXT('2D SPACE',''
  ) );
#730 = ORIENTED_EDGE('',*,*,#316,.F.);
#731 = ADVANCED_FACE('',(#732),#131,.T.);
#732 = FACE_BOUND('',#733,.T.);
#733 = EDGE_LOOP('',(#734,#758,#759,#760));
#734 = ORIENTED_EDGE('',*,*,#735,.T.);
#735 = EDGE_CURVE('',#736,#116,#738,.T.);
#736 = VERTEX_POINT('',#737);
#737 = CARTESIAN_POINT('',(14.,4.,6.6));
#738 = SURFACE_CURVE('',#739,(#744,#751),.PCURVE_S1.);
#739 = CIRCLE('',#740,0.6);
#740 = AXIS2_PLACEMENT_3D('',#741,#742,#743);
#741 = CARTESIAN_POINT('',(13.4,4.,6.6));
#742 = DIRECTION('',(-0.,1.,0.));
#743 = DIRECTION('',(0.,0.,1.));
#744 = PCURVE('',#131,#745);
#745 = DEFINITIONAL_REPRESENTATION('',(#746),#750);
#746 = LINE('',#747,#748);
#747 = CARTESIAN_POINT('',(-1.570796326795,0.));
#748 = VECTOR('',#749,1.);
#749 = DIRECTION('',(1.,0.));
#750 = ( GEOMETRIC_REPRESENTATION_CONTEXT(2)
PARAMETRIC_REPRESENTATION_CONTEXT() REPRESENTATION_CONTEXT('2D SPACE',''
  ) );
#751 = PCURVE('',#159,#752);
#752 = DEFINITIONAL_REPRESENTATION('',(#753),#757);
#753 = CIRCLE('',#754,0.6);
#754 = AXIS2_PLACEMENT_2D('',#755,#756);
#755 = CARTESIAN_POINT('',(3.6,10.4));
#756 = DIRECTION('',(1.,0.));
#757 = ( GEOMETRIC_REPRESENTATION_CONTEXT(2)
PARAMETRIC_REPRESENTATION_CONTEXT() REPRESENTATION_CONTEXT('2D SPACE',''
  ) );
#758 = ORIENTED_EDGE('',*,*,#115,.T.);
#759 = ORIENTED_EDGE('',*,*,#625,.F.);
#760 = ORIENTED_EDGE('',*,*,#761,.F.);
#761 = EDGE_CURVE('',#736,#598,#762,.T.);
#762 = SURFACE_CURVE('',#763,(#767,#774),.PCURVE_S1.);
#763 = LINE('',#764,#765);
#764 = CARTESIAN_POINT('',(14.,4.,6.6));
#765 = VECTOR('',#766,1.);
#766 = DIRECTION('',(-0.,1.,0.));
#767 = PCURVE('',#131,#768);
#768 = DEFINITIONAL_REPRESENTATION('',(#769),#773);
#769 = LINE('',#770,#771);
#770 = CARTESIAN_POINT('',(0.,0.));
#771 = VECTOR('',#772,1.);
#772 = DIRECTION('',(0.,1.));
#773 = ( GEOMETRIC_REPRESENTATION_CONTEXT(2)
PARAMETRIC_REPRESENTATION_CONTEXT() REPRESENTATION_CONTEXT('2D SPACE',''
  ) );
#774 = PCURVE('',#613,#775);
#775 = DEFINITIONAL_REPRESENTATION('',(#776),#780);
#776 = LINE('',#777,#778);
#777 = CARTESIAN_POINT('',(0.6,0.));
#778 = VECTOR('',#779,1.);
#779 = DIRECTION('',(0.,-1.));
#780 = ( GEOMETRIC_REPRESENTATION_CONTEXT(2)
PARAMETRIC_REPRESENTATION_CONTEXT() REPRESENTATION_CONTEXT('2D SPACE',''
  ) );
#781 = ADVANCED_FACE('',(#782),#304,.F.);
#782 = FACE_BOUND('',#783,.T.);
#783 = EDGE_LOOP('',(#784,#785,#786,#808));
#784 = ORIENTED_EDGE('',*,*,#711,.T.);
#785 = ORIENTED_EDGE('',*,*,#288,.T.);
#786 = ORIENTED_EDGE('',*,*,#787,.F.);
#787 = EDGE_CURVE('',#788,#256,#790,.T.);
#788 = VERTEX_POINT('',#789);
#789 = CARTESIAN_POINT('',(88.,94.,7.));
#790 = SURFACE_CURVE('',#791,(#796,#802),.PCURVE_S1.);
#791 = CIRCLE('',#792,1.);
#792 = AXIS2_PLACEMENT_3D('',#793,#794,#795);
#793 = CARTESIAN_POINT('',(88.,93.,7.));
#794 = DIRECTION('',(-1.,0.,0.));
#795 = DIRECTION('',(0.,1.,0.));
#796 = PCURVE('',#304,#797);
#797 = DEFINITIONAL_REPRESENTATION('',(#798),#801);
#798 = B_SPLINE_CURVE_WITH_KNOTS('',1,(#799,#800),.UNSPECIFIED.,.F.,.F.,
  (2,2),(0.,1.570796326795),.PIECEWISE_BEZIER_KNOTS.);
#799 = CARTESIAN_POINT('',(0.,80.));
#800 = CARTESIAN_POINT('',(-1.570796326795,80.));
#801 = ( GEOMETRIC_REPRESENTATION_CONTEXT(2)
PARAMETRIC_REPRESENTATION_CONTEXT() REPRESENTATION_CONTEXT('2D SPACE',''
  ) );
#802 = PCURVE('',#276,#803);
#803 = DEFINITIONAL_REPRESENTATION('',(#804),#807);
#804 = B_SPLINE_CURVE_WITH_KNOTS('',1,(#805,#806),.UNSPECIFIED.,.F.,.F.,
  (2,2),(0.,1.570796326795),.PIECEWISE_BEZIER_KNOTS.);
#805 = CARTESIAN_POINT('',(0.,0.));
#806 = CARTESIAN_POINT('',(0.,1.570796326795));
#807 = ( GEOMETRIC_REPRESENTATION_CONTEXT(2)
PARAMETRIC_REPRESENTATION_CONTEXT() REPRESENTATION_CONTEXT('2D SPACE',''
  ) );
#808 = ORIENTED_EDGE('',*,*,#809,.F.);
#809 = EDGE_CURVE('',#683,#788,#810,.T.);
#810 = SURFACE_CURVE('',#811,(#815,#822),.PCURVE_S1.);
#811 = LINE('',#812,#813);
#812 = CARTESIAN_POINT('',(8.,94.,7.));
#813 = VECTOR('',#814,1.);
#814 = DIRECTION('',(1.,0.,-0.));
#815 = PCURVE('',#304,#816);
#816 = DEFINITIONAL_REPRESENTATION('',(#817),#821);
#817 = LINE('',#818,#819);
#818 = CARTESIAN_POINT('',(-0.,0.));
#819 = VECTOR('',#820,1.);
#820 = DIRECTION('',(-0.,1.));
#821 = ( GEOMETRIC_REPRESENTATION_CONTEXT(2)
PARAMETRIC_REPRESENTATION_CONTEXT() REPRESENTATION_CONTEXT('2D SPACE',''
  ) );
#822 = PCURVE('',#823,#828);
#823 = PLANE('',#824);
#824 = AXIS2_PLACEMENT_3D('',#825,#826,#827);
#825 = CARTESIAN_POINT('',(6.,94.,6.));
#826 = DIRECTION('',(-0.,1.,0.));
#827 = DIRECTION('',(0.,0.,1.));
#828 = DEFINITIONAL_REPRESENTATION('',(#829),#833);
#829 = LINE('',#830,#831);
#830 = CARTESIAN_POINT('',(1.,2.));
#831 = VECTOR('',#832,1.);
#832 = DIRECTION('',(0.,1.));
#833 = ( GEOMETRIC_REPRESENTATION_CONTEXT(2)
PARAMETRIC_REPRESENTATION_CONTEXT() REPRESENTATION_CONTEXT('2D SPACE',''
  ) );
#834 = ADVANCED_FACE('',(#835,#1073,#1099,#1130,#1161,#1602),#159,.F.);
#835 = FACE_BOUND('',#836,.F.);
#836 = EDGE_LOOP('',(#837,#867,#900,#928,#957,#985,#1018,#1046));
#837 = ORIENTED_EDGE('',*,*,#838,.F.);
#838 = EDGE_CURVE('',#839,#841,#843,.T.);
#839 = VERTEX_POINT('',#840);
#840 = CARTESIAN_POINT('',(6.,4.,3.));
#841 = VERTEX_POINT('',#842);
#842 = CARTESIAN_POINT('',(90.,4.,3.));
#843 = SURFACE_CURVE('',#844,(#848,#855),.PCURVE_S1.);
#844 = LINE('',#845,#846);
#845 = CARTESIAN_POINT('',(3.,4.,3.));
#846 = VECTOR('',#847,1.);
#847 = DIRECTION('',(1.,0.,-0.));
#848 = PCURVE('',#159,#849);
#849 = DEFINITIONAL_REPRESENTATION('',(#850),#854);
#850 = LINE('',#851,#852);
#851 = CARTESIAN_POINT('',(0.,0.));
#852 = VECTOR('',#853,1.);
#853 = DIRECTION('',(0.,1.));
#854 = ( GEOMETRIC_REPRESENTATION_CONTEXT(2)
PARAMETRIC_REPRESENTATION_CONTEXT() REPRESENTATION_CONTEXT('2D SPACE',''
  ) );
#855 = PCURVE('',#856,#861);
#856 = PLANE('',#857);
#857 = AXIS2_PLACEMENT_3D('',#858,#859,#860);
#858 = CARTESIAN_POINT('',(3.,-1.,3.));
#859 = DIRECTION('',(0.,0.,1.));
#860 = DIRECTION('',(1.,0.,-0.));
#861 = DEFINITIONAL_REPRESENTATION('',(#862),#866);
#862 = LINE('',#863,#864);
#863 = CARTESIAN_POINT('',(0.,5.));
#864 = VECTOR('',#865,1.);
#865 = DIRECTION('',(1.,0.));
#866 = ( GEOMETRIC_REPRESENTATION_CONTEXT(2)
PARAMETRIC_REPRESENTATION_CONTEXT() REPRESENTATION_CONTEXT('2D SPACE',''
  ) );
#867 = ORIENTED_EDGE('',*,*,#868,.F.);
#868 = EDGE_CURVE('',#869,#839,#871,.T.);
#869 = VERTEX_POINT('',#870);
#870 = CARTESIAN_POINT('',(3.,4.,6.));
#871 = SURFACE_CURVE('',#872,(#877,#888),.PCURVE_S1.);
#872 = CIRCLE('',#873,3.);
#873 = AXIS2_PLACEMENT_3D('',#874,#875,#876);
#874 = CARTESIAN_POINT('',(6.,4.,6.));
#875 = DIRECTION('',(0.,-1.,0.));
#876 = DIRECTION('',(0.,0.,1.));
#877 = PCURVE('',#159,#878);
#878 = DEFINITIONAL_REPRESENTATION('',(#879),#887);
#879 = ( BOUNDED_CURVE() B_SPLINE_CURVE(2,(#880,#881,#882,#883,#884,#885
,#886),.UNSPECIFIED.,.T.,.F.) B_SPLINE_CURVE_WITH_KNOTS((1,2,2,2,2,1),(
    -2.094395102393,0.,2.094395102393,4.188790204786,6.28318530718,
8.377580409573),.UNSPECIFIED.) CURVE() GEOMETRIC_REPRESENTATION_ITEM()
RATIONAL_B_SPLINE_CURVE((1.,0.5,1.,0.5,1.,0.5,1.)) REPRESENTATION_ITEM(
  '') );
#880 = CARTESIAN_POINT('',(6.,3.));
#881 = CARTESIAN_POINT('',(6.,-2.196152422707));
#882 = CARTESIAN_POINT('',(1.5,0.401923788647));
#883 = CARTESIAN_POINT('',(-3.,3.));
#884 = CARTESIAN_POINT('',(1.5,5.598076211353));
#885 = CARTESIAN_POINT('',(6.,8.196152422707));
#886 = CARTESIAN_POINT('',(6.,3.));
#887 = ( GEOMETRIC_REPRESENTATION_CONTEXT(2)
PARAMETRIC_REPRESENTATION_CONTEXT() REPRESENTATION_CONTEXT('2D SPACE',''
  ) );
#888 = PCURVE('',#889,#894);
#889 = CYLINDRICAL_SURFACE('',#890,3.);
#890 = AXIS2_PLACEMENT_3D('',#891,#892,#893);
#891 = CARTESIAN_POINT('',(6.,-1.,6.));
#892 = DIRECTION('',(-0.,1.,0.));
#893 = DIRECTION('',(-1.,-0.,0.));
#894 = DEFINITIONAL_REPRESENTATION('',(#895),#899);
#895 = LINE('',#896,#897);
#896 = CARTESIAN_POINT('',(1.570796326795,5.));
#897 = VECTOR('',#898,1.);
#898 = DIRECTION('',(-1.,0.));
#899 = ( GEOMETRIC_REPRESENTATION_CONTEXT(2)
PARAMETRIC_REPRESENTATION_CONTEXT() REPRESENTATION_CONTEXT('2D SPACE',''
  ) );
#900 = ORIENTED_EDGE('',*,*,#901,.T.);
#901 = EDGE_CURVE('',#869,#902,#904,.T.);
#902 = VERTEX_POINT('',#903);
#903 = CARTESIAN_POINT('',(3.,4.,152.));
#904 = SURFACE_CURVE('',#905,(#909,#916),.PCURVE_S1.);
#905 = LINE('',#906,#907);
#906 = CARTESIAN_POINT('',(3.,4.,3.));
#907 = VECTOR('',#908,1.);
#908 = DIRECTION('',(0.,0.,1.));
#909 = PCURVE('',#159,#910);
#910 = DEFINITIONAL_REPRESENTATION('',(#911),#915);
#911 = LINE('',#912,#913);
#912 = CARTESIAN_POINT('',(0.,0.));
#913 = VECTOR('',#914,1.);
#914 = DIRECTION('',(1.,0.));
#915 = ( GEOMETRIC_REPRESENTATION_CONTEXT(2)
PARAMETRIC_REPRESENTATION_CONTEXT() REPRESENTATION_CONTEXT('2D SPACE',''
  ) );
#916 = PCURVE('',#917,#922);
#917 = PLANE('',#918);
#918 = AXIS2_PLACEMENT_3D('',#919,#920,#921);
#919 = CARTESIAN_POINT('',(3.,-1.,3.));
#920 = DIRECTION('',(1.,0.,-0.));
#921 = DIRECTION('',(0.,0.,1.));
#922 = DEFINITIONAL_REPRESENTATION('',(#923),#927);
#923 = LINE('',#924,#925);
#924 = CARTESIAN_POINT('',(0.,-5.));
#925 = VECTOR('',#926,1.);
#926 = DIRECTION('',(1.,0.));
#927 = ( GEOMETRIC_REPRESENTATION_CONTEXT(2)
PARAMETRIC_REPRESENTATION_CONTEXT() REPRESENTATION_CONTEXT('2D SPACE',''
  ) );
#928 = ORIENTED_EDGE('',*,*,#929,.T.);
#929 = EDGE_CURVE('',#902,#930,#932,.T.);
#930 = VERTEX_POINT('',#931);
#931 = CARTESIAN_POINT('',(6.,4.,155.));
#932 = SURFACE_CURVE('',#933,(#938,#945),.PCURVE_S1.);
#933 = CIRCLE('',#934,3.);
#934 = AXIS2_PLACEMENT_3D('',#935,#936,#937);
#935 = CARTESIAN_POINT('',(6.,4.,152.));
#936 = DIRECTION('',(0.,1.,0.));
#937 = DIRECTION('',(-1.,0.,0.));
#938 = PCURVE('',#159,#939);
#939 = DEFINITIONAL_REPRESENTATION('',(#940),#944);
#940 = CIRCLE('',#941,3.);
#941 = AXIS2_PLACEMENT_2D('',#942,#943);
#942 = CARTESIAN_POINT('',(149.,3.));
#943 = DIRECTION('',(0.,-1.));
#944 = ( GEOMETRIC_REPRESENTATION_CONTEXT(2)
PARAMETRIC_REPRESENTATION_CONTEXT() REPRESENTATION_CONTEXT('2D SPACE',''
  ) );
#945 = PCURVE('',#946,#951);
#946 = CYLINDRICAL_SURFACE('',#947,3.);
#947 = AXIS2_PLACEMENT_3D('',#948,#949,#950);
#948 = CARTESIAN_POINT('',(6.,-1.,152.));
#949 = DIRECTION('',(-0.,1.,0.));
#950 = DIRECTION('',(-1.,-0.,0.));
#951 = DEFINITIONAL_REPRESENTATION('',(#952),#956);
#952 = LINE('',#953,#954);
#953 = CARTESIAN_POINT('',(0.,5.));
#954 = VECTOR('',#955,1.);
#955 = DIRECTION('',(1.,0.));
#956 = ( GEOMETRIC_REPRESENTATION_CONTEXT(2)
PARAMETRIC_REPRESENTATION_CONTEXT() REPRESENTATION_CONTEXT('2D SPACE',''
  ) );
#957 = ORIENTED_EDGE('',*,*,#958,.T.);
#958 = EDGE_CURVE('',#930,#959,#961,.T.);
#959 = VERTEX_POINT('',#960);
#960 = CARTESIAN_POINT('',(90.,4.,155.));
#961 = SURFACE_CURVE('',#962,(#966,#973),.PCURVE_S1.);
#962 = LINE('',#963,#964);
#963 = CARTESIAN_POINT('',(6.,4.,155.));
#964 = VECTOR('',#965,1.);
#965 = DIRECTION('',(1.,0.,0.));
#966 = PCURVE('',#159,#967);
#967 = DEFINITIONAL_REPRESENTATION('',(#968),#972);
#968 = LINE('',#969,#970);
#969 = CARTESIAN_POINT('',(152.,3.));
#970 = VECTOR('',#971,1.);
#971 = DIRECTION('',(0.,1.));
#972 = ( GEOMETRIC_REPRESENTATION_CONTEXT(2)
PARAMETRIC_REPRESENTATION_CONTEXT() REPRESENTATION_CONTEXT('2D SPACE',''
  ) );
#973 = PCURVE('',#974,#979);
#974 = PLANE('',#975);
#975 = AXIS2_PLACEMENT_3D('',#976,#977,#978);
#976 = CARTESIAN_POINT('',(3.,-1.,155.));
#977 = DIRECTION('',(0.,0.,1.));
#978 = DIRECTION('',(1.,0.,-0.));
#979 = DEFINITIONAL_REPRESENTATION('',(#980),#984);
#980 = LINE('',#981,#982);
#981 = CARTESIAN_POINT('',(3.,5.));
#982 = VECTOR('',#983,1.);
#983 = DIRECTION('',(1.,0.));
#984 = ( GEOMETRIC_REPRESENTATION_CONTEXT(2)
PARAMETRIC_REPRESENTATION_CONTEXT() REPRESENTATION_CONTEXT('2D SPACE',''
  ) );
#985 = ORIENTED_EDGE('',*,*,#986,.F.);
#986 = EDGE_CURVE('',#987,#959,#989,.T.);
#987 = VERTEX_POINT('',#988);
#988 = CARTESIAN_POINT('',(93.,4.,152.));
#989 = SURFACE_CURVE('',#990,(#995,#1006),.PCURVE_S1.);
#990 = CIRCLE('',#991,3.);
#991 = AXIS2_PLACEMENT_3D('',#992,#993,#994);
#992 = CARTESIAN_POINT('',(90.,4.,152.));
#993 = DIRECTION('',(0.,-1.,0.));
#994 = DIRECTION('',(1.,0.,0.));
#995 = PCURVE('',#159,#996);
#996 = DEFINITIONAL_REPRESENTATION('',(#997),#1005);
#997 = ( BOUNDED_CURVE() B_SPLINE_CURVE(2,(#998,#999,#1000,#1001,#1002,
#1003,#1004),.UNSPECIFIED.,.T.,.F.) B_SPLINE_CURVE_WITH_KNOTS((1,2,2,2,2
    ,1),(-2.094395102393,0.,2.094395102393,4.188790204786,6.28318530718,
8.377580409573),.UNSPECIFIED.) CURVE() GEOMETRIC_REPRESENTATION_ITEM()
RATIONAL_B_SPLINE_CURVE((1.,0.5,1.,0.5,1.,0.5,1.)) REPRESENTATION_ITEM(
  '') );
#998 = CARTESIAN_POINT('',(149.,90.));
#999 = CARTESIAN_POINT('',(154.1961524227,90.));
#1000 = CARTESIAN_POINT('',(151.59807621135,85.5));
#1001 = CARTESIAN_POINT('',(149.,81.));
#1002 = CARTESIAN_POINT('',(146.40192378864,85.5));
#1003 = CARTESIAN_POINT('',(143.80384757729,90.));
#1004 = CARTESIAN_POINT('',(149.,90.));
#1005 = ( GEOMETRIC_REPRESENTATION_CONTEXT(2)
PARAMETRIC_REPRESENTATION_CONTEXT() REPRESENTATION_CONTEXT('2D SPACE',''
  ) );
#1006 = PCURVE('',#1007,#1012);
#1007 = CYLINDRICAL_SURFACE('',#1008,3.);
#1008 = AXIS2_PLACEMENT_3D('',#1009,#1010,#1011);
#1009 = CARTESIAN_POINT('',(90.,-1.,152.));
#1010 = DIRECTION('',(-0.,1.,0.));
#1011 = DIRECTION('',(1.,0.,-0.));
#1012 = DEFINITIONAL_REPRESENTATION('',(#1013),#1017);
#1013 = LINE('',#1014,#1015);
#1014 = CARTESIAN_POINT('',(-0.,5.));
#1015 = VECTOR('',#1016,1.);
#1016 = DIRECTION('',(-1.,0.));
#1017 = ( GEOMETRIC_REPRESENTATION_CONTEXT(2)
PARAMETRIC_REPRESENTATION_CONTEXT() REPRESENTATION_CONTEXT('2D SPACE',''
  ) );
#1018 = ORIENTED_EDGE('',*,*,#1019,.F.);
#1019 = EDGE_CURVE('',#1020,#987,#1022,.T.);
#1020 = VERTEX_POINT('',#1021);
#1021 = CARTESIAN_POINT('',(93.,4.,6.));
#1022 = SURFACE_CURVE('',#1023,(#1027,#1034),.PCURVE_S1.);
#1023 = LINE('',#1024,#1025);
#1024 = CARTESIAN_POINT('',(93.,4.,3.));
#1025 = VECTOR('',#1026,1.);
#1026 = DIRECTION('',(0.,0.,1.));
#1027 = PCURVE('',#159,#1028);
#1028 = DEFINITIONAL_REPRESENTATION('',(#1029),#1033);
#1029 = LINE('',#1030,#1031);
#1030 = CARTESIAN_POINT('',(0.,90.));
#1031 = VECTOR('',#1032,1.);
#1032 = DIRECTION('',(1.,0.));
#1033 = ( GEOMETRIC_REPRESENTATION_CONTEXT(2)
PARAMETRIC_REPRESENTATION_CONTEXT() REPRESENTATION_CONTEXT('2D SPACE',''
  ) );
#1034 = PCURVE('',#1035,#1040);
#1035 = PLANE('',#1036);
#1036 = AXIS2_PLACEMENT_3D('',#1037,#1038,#1039);
#1037 = CARTESIAN_POINT('',(93.,-1.,3.));
#1038 = DIRECTION('',(1.,0.,-0.));
#1039 = DIRECTION('',(0.,0.,1.));
#1040 = DEFINITIONAL_REPRESENTATION('',(#1041),#1045);
#1041 = LINE('',#1042,#1043);
#1042 = CARTESIAN_POINT('',(0.,-5.));
#1043 = VECTOR('',#1044,1.);
#1044 = DIRECTION('',(1.,0.));
#1045 = ( GEOMETRIC_REPRESENTATION_CONTEXT(2)
PARAMETRIC_REPRESENTATION_CONTEXT() REPRESENTATION_CONTEXT('2D SPACE',''
  ) );
#1046 = ORIENTED_EDGE('',*,*,#1047,.T.);
#1047 = EDGE_CURVE('',#1020,#841,#1048,.T.);
#1048 = SURFACE_CURVE('',#1049,(#1054,#1061),.PCURVE_S1.);
#1049 = CIRCLE('',#1050,3.);
#1050 = AXIS2_PLACEMENT_3D('',#1051,#1052,#1053);
#1051 = CARTESIAN_POINT('',(90.,4.,6.));
#1052 = DIRECTION('',(-0.,1.,0.));
#1053 = DIRECTION('',(0.,0.,1.));
#1054 = PCURVE('',#159,#1055);
#1055 = DEFINITIONAL_REPRESENTATION('',(#1056),#1060);
#1056 = CIRCLE('',#1057,3.);
#1057 = AXIS2_PLACEMENT_2D('',#1058,#1059);
#1058 = CARTESIAN_POINT('',(3.,87.));
#1059 = DIRECTION('',(1.,0.));
#1060 = ( GEOMETRIC_REPRESENTATION_CONTEXT(2)
PARAMETRIC_REPRESENTATION_CONTEXT() REPRESENTATION_CONTEXT('2D SPACE',''
  ) );
#1061 = PCURVE('',#1062,#1067);
#1062 = CYLINDRICAL_SURFACE('',#1063,3.);
#1063 = AXIS2_PLACEMENT_3D('',#1064,#1065,#1066);
#1064 = CARTESIAN_POINT('',(90.,-1.,6.));
#1065 = DIRECTION('',(-0.,1.,0.));
#1066 = DIRECTION('',(1.,0.,-0.));
#1067 = DEFINITIONAL_REPRESENTATION('',(#1068),#1072);
#1068 = LINE('',#1069,#1070);
#1069 = CARTESIAN_POINT('',(-1.570796326795,5.));
#1070 = VECTOR('',#1071,1.);
#1071 = DIRECTION('',(1.,0.));
#1072 = ( GEOMETRIC_REPRESENTATION_CONTEXT(2)
PARAMETRIC_REPRESENTATION_CONTEXT() REPRESENTATION_CONTEXT('2D SPACE',''
  ) );
#1073 = FACE_BOUND('',#1074,.F.);
#1074 = EDGE_LOOP('',(#1075));
#1075 = ORIENTED_EDGE('',*,*,#1076,.F.);
#1076 = EDGE_CURVE('',#1077,#1077,#1079,.T.);
#1077 = VERTEX_POINT('',#1078);
#1078 = CARTESIAN_POINT('',(9.,4.,11.4));
#1079 = SURFACE_CURVE('',#1080,(#1085,#1092),.PCURVE_S1.);
#1080 = CIRCLE('',#1081,1.4);
#1081 = AXIS2_PLACEMENT_3D('',#1082,#1083,#1084);
#1082 = CARTESIAN_POINT('',(9.,4.,10.));
#1083 = DIRECTION('',(0.,1.,0.));
#1084 = DIRECTION('',(0.,-0.,1.));
#1085 = PCURVE('',#159,#1086);
#1086 = DEFINITIONAL_REPRESENTATION('',(#1087),#1091);
#1087 = CIRCLE('',#1088,1.4);
#1088 = AXIS2_PLACEMENT_2D('',#1089,#1090);
#1089 = CARTESIAN_POINT('',(7.,6.));
#1090 = DIRECTION('',(1.,0.));
#1091 = ( GEOMETRIC_REPRESENTATION_CONTEXT(2)
PARAMETRIC_REPRESENTATION_CONTEXT() REPRESENTATION_CONTEXT('2D SPACE',''
  ) );
#1092 = PCURVE('',#666,#1093);
#1093 = DEFINITIONAL_REPRESENTATION('',(#1094),#1098);
#1094 = LINE('',#1095,#1096);
#1095 = CARTESIAN_POINT('',(0.,1.));
#1096 = VECTOR('',#1097,1.);
#1097 = DIRECTION('',(1.,0.));
#1098 = ( GEOMETRIC_REPRESENTATION_CONTEXT(2)
PARAMETRIC_REPRESENTATION_CONTEXT() REPRESENTATION_CONTEXT('2D SPACE',''
  ) );
#1099 = FACE_BOUND('',#1100,.F.);
#1100 = EDGE_LOOP('',(#1101));
#1101 = ORIENTED_EDGE('',*,*,#1102,.F.);
#1102 = EDGE_CURVE('',#1103,#1103,#1105,.T.);
#1103 = VERTEX_POINT('',#1104);
#1104 = CARTESIAN_POINT('',(9.,4.,149.4));
#1105 = SURFACE_CURVE('',#1106,(#1111,#1118),.PCURVE_S1.);
#1106 = CIRCLE('',#1107,1.4);
#1107 = AXIS2_PLACEMENT_3D('',#1108,#1109,#1110);
#1108 = CARTESIAN_POINT('',(9.,4.,148.));
#1109 = DIRECTION('',(0.,1.,0.));
#1110 = DIRECTION('',(0.,-0.,1.));
#1111 = PCURVE('',#159,#1112);
#1112 = DEFINITIONAL_REPRESENTATION('',(#1113),#1117);
#1113 = CIRCLE('',#1114,1.4);
#1114 = AXIS2_PLACEMENT_2D('',#1115,#1116);
#1115 = CARTESIAN_POINT('',(145.,6.));
#1116 = DIRECTION('',(1.,0.));
#1117 = ( GEOMETRIC_REPRESENTATION_CONTEXT(2)
PARAMETRIC_REPRESENTATION_CONTEXT() REPRESENTATION_CONTEXT('2D SPACE',''
  ) );
#1118 = PCURVE('',#1119,#1124);
#1119 = CYLINDRICAL_SURFACE('',#1120,1.4);
#1120 = AXIS2_PLACEMENT_3D('',#1121,#1122,#1123);
#1121 = CARTESIAN_POINT('',(9.,3.,148.));
#1122 = DIRECTION('',(0.,1.,0.));
#1123 = DIRECTION('',(0.,-0.,1.));
#1124 = DEFINITIONAL_REPRESENTATION('',(#1125),#1129);
#1125 = LINE('',#1126,#1127);
#1126 = CARTESIAN_POINT('',(0.,1.));
#1127 = VECTOR('',#1128,1.);
#1128 = DIRECTION('',(1.,0.));
#1129 = ( GEOMETRIC_REPRESENTATION_CONTEXT(2)
PARAMETRIC_REPRESENTATION_CONTEXT() REPRESENTATION_CONTEXT('2D SPACE',''
  ) );
#1130 = FACE_BOUND('',#1131,.F.);
#1131 = EDGE_LOOP('',(#1132));
#1132 = ORIENTED_EDGE('',*,*,#1133,.F.);
#1133 = EDGE_CURVE('',#1134,#1134,#1136,.T.);
#1134 = VERTEX_POINT('',#1135);
#1135 = CARTESIAN_POINT('',(87.,4.,11.4));
#1136 = SURFACE_CURVE('',#1137,(#1142,#1149),.PCURVE_S1.);
#1137 = CIRCLE('',#1138,1.4);
#1138 = AXIS2_PLACEMENT_3D('',#1139,#1140,#1141);
#1139 = CARTESIAN_POINT('',(87.,4.,10.));
#1140 = DIRECTION('',(0.,1.,0.));
#1141 = DIRECTION('',(0.,-0.,1.));
#1142 = PCURVE('',#159,#1143);
#1143 = DEFINITIONAL_REPRESENTATION('',(#1144),#1148);
#1144 = CIRCLE('',#1145,1.4);
#1145 = AXIS2_PLACEMENT_2D('',#1146,#1147);
#1146 = CARTESIAN_POINT('',(7.,84.));
#1147 = DIRECTION('',(1.,0.));
#1148 = ( GEOMETRIC_REPRESENTATION_CONTEXT(2)
PARAMETRIC_REPRESENTATION_CONTEXT() REPRESENTATION_CONTEXT('2D SPACE',''
  ) );
#1149 = PCURVE('',#1150,#1155);
#1150 = CYLINDRICAL_SURFACE('',#1151,1.4);
#1151 = AXIS2_PLACEMENT_3D('',#1152,#1153,#1154);
#1152 = CARTESIAN_POINT('',(87.,3.,10.));
#1153 = DIRECTION('',(0.,1.,0.));
#1154 = DIRECTION('',(0.,-0.,1.));
#1155 = DEFINITIONAL_REPRESENTATION('',(#1156),#1160);
#1156 = LINE('',#1157,#1158);
#1157 = CARTESIAN_POINT('',(0.,1.));
#1158 = VECTOR('',#1159,1.);
#1159 = DIRECTION('',(1.,0.));
#1160 = ( GEOMETRIC_REPRESENTATION_CONTEXT(2)
PARAMETRIC_REPRESENTATION_CONTEXT() REPRESENTATION_CONTEXT('2D SPACE',''
  ) );
#1161 = FACE_BOUND('',#1162,.F.);
#1162 = EDGE_LOOP('',(#1163,#1193,#1222,#1250,#1278,#1306,#1335,#1363,
    #1390,#1418,#1451,#1479,#1502,#1525,#1553,#1574,#1575,#1576));
#1163 = ORIENTED_EDGE('',*,*,#1164,.F.);
#1164 = EDGE_CURVE('',#1165,#1167,#1169,.T.);
#1165 = VERTEX_POINT('',#1166);
#1166 = CARTESIAN_POINT('',(82.,4.,14.4));
#1167 = VERTEX_POINT('',#1168);
#1168 = CARTESIAN_POINT('',(82.,4.,6.6));
#1169 = SURFACE_CURVE('',#1170,(#1174,#1181),.PCURVE_S1.);
#1170 = LINE('',#1171,#1172);
#1171 = CARTESIAN_POINT('',(82.,4.,14.4));
#1172 = VECTOR('',#1173,1.);
#1173 = DIRECTION('',(0.,0.,-1.));
#1174 = PCURVE('',#159,#1175);
#1175 = DEFINITIONAL_REPRESENTATION('',(#1176),#1180);
#1176 = LINE('',#1177,#1178);
#1177 = CARTESIAN_POINT('',(11.4,79.));
#1178 = VECTOR('',#1179,1.);
#1179 = DIRECTION('',(-1.,0.));
#1180 = ( GEOMETRIC_REPRESENTATION_CONTEXT(2)
PARAMETRIC_REPRESENTATION_CONTEXT() REPRESENTATION_CONTEXT('2D SPACE',''
  ) );
#1181 = PCURVE('',#1182,#1187);
#1182 = PLANE('',#1183);
#1183 = AXIS2_PLACEMENT_3D('',#1184,#1185,#1186);
#1184 = CARTESIAN_POINT('',(82.,4.,6.));
#1185 = DIRECTION('',(1.,0.,-0.));
#1186 = DIRECTION('',(0.,0.,1.));
#1187 = DEFINITIONAL_REPRESENTATION('',(#1188),#1192);
#1188 = LINE('',#1189,#1190);
#1189 = CARTESIAN_POINT('',(8.4,0.));
#1190 = VECTOR('',#1191,1.);
#1191 = DIRECTION('',(-1.,0.));
#1192 = ( GEOMETRIC_REPRESENTATION_CONTEXT(2)
PARAMETRIC_REPRESENTATION_CONTEXT() REPRESENTATION_CONTEXT('2D SPACE',''
  ) );
#1193 = ORIENTED_EDGE('',*,*,#1194,.T.);
#1194 = EDGE_CURVE('',#1165,#1195,#1197,.T.);
#1195 = VERTEX_POINT('',#1196);
#1196 = CARTESIAN_POINT('',(82.6,4.,15.));
#1197 = SURFACE_CURVE('',#1198,(#1203,#1210),.PCURVE_S1.);
#1198 = CIRCLE('',#1199,0.6);
#1199 = AXIS2_PLACEMENT_3D('',#1200,#1201,#1202);
#1200 = CARTESIAN_POINT('',(82.6,4.,14.4));
#1201 = DIRECTION('',(-0.,1.,0.));
#1202 = DIRECTION('',(0.,0.,1.));
#1203 = PCURVE('',#159,#1204);
#1204 = DEFINITIONAL_REPRESENTATION('',(#1205),#1209);
#1205 = CIRCLE('',#1206,0.6);
#1206 = AXIS2_PLACEMENT_2D('',#1207,#1208);
#1207 = CARTESIAN_POINT('',(11.4,79.6));
#1208 = DIRECTION('',(1.,0.));
#1209 = ( GEOMETRIC_REPRESENTATION_CONTEXT(2)
PARAMETRIC_REPRESENTATION_CONTEXT() REPRESENTATION_CONTEXT('2D SPACE',''
  ) );
#1210 = PCURVE('',#1211,#1216);
#1211 = CYLINDRICAL_SURFACE('',#1212,0.6);
#1212 = AXIS2_PLACEMENT_3D('',#1213,#1214,#1215);
#1213 = CARTESIAN_POINT('',(82.6,4.,14.4));
#1214 = DIRECTION('',(-0.,1.,0.));
#1215 = DIRECTION('',(-1.,-0.,0.));
#1216 = DEFINITIONAL_REPRESENTATION('',(#1217),#1221);
#1217 = LINE('',#1218,#1219);
#1218 = CARTESIAN_POINT('',(-4.712388980385,0.));
#1219 = VECTOR('',#1220,1.);
#1220 = DIRECTION('',(1.,0.));
#1221 = ( GEOMETRIC_REPRESENTATION_CONTEXT(2)
PARAMETRIC_REPRESENTATION_CONTEXT() REPRESENTATION_CONTEXT('2D SPACE',''
  ) );
#1222 = ORIENTED_EDGE('',*,*,#1223,.F.);
#1223 = EDGE_CURVE('',#1224,#1195,#1226,.T.);
#1224 = VERTEX_POINT('',#1225);
#1225 = CARTESIAN_POINT('',(90.,4.,15.));
#1226 = SURFACE_CURVE('',#1227,(#1231,#1238),.PCURVE_S1.);
#1227 = LINE('',#1228,#1229);
#1228 = CARTESIAN_POINT('',(90.,4.,15.));
#1229 = VECTOR('',#1230,1.);
#1230 = DIRECTION('',(-1.,0.,0.));
#1231 = PCURVE('',#159,#1232);
#1232 = DEFINITIONAL_REPRESENTATION('',(#1233),#1237);
#1233 = LINE('',#1234,#1235);
#1234 = CARTESIAN_POINT('',(12.,87.));
#1235 = VECTOR('',#1236,1.);
#1236 = DIRECTION('',(0.,-1.));
#1237 = ( GEOMETRIC_REPRESENTATION_CONTEXT(2)
PARAMETRIC_REPRESENTATION_CONTEXT() REPRESENTATION_CONTEXT('2D SPACE',''
  ) );
#1238 = PCURVE('',#1239,#1244);
#1239 = PLANE('',#1240);
#1240 = AXIS2_PLACEMENT_3D('',#1241,#1242,#1243);
#1241 = CARTESIAN_POINT('',(82.,4.,15.));
#1242 = DIRECTION('',(0.,0.,1.));
#1243 = DIRECTION('',(1.,0.,-0.));
#1244 = DEFINITIONAL_REPRESENTATION('',(#1245),#1249);
#1245 = LINE('',#1246,#1247);
#1246 = CARTESIAN_POINT('',(8.,0.));
#1247 = VECTOR('',#1248,1.);
#1248 = DIRECTION('',(-1.,0.));
#1249 = ( GEOMETRIC_REPRESENTATION_CONTEXT(2)
PARAMETRIC_REPRESENTATION_CONTEXT() REPRESENTATION_CONTEXT('2D SPACE',''
  ) );
#1250 = ORIENTED_EDGE('',*,*,#1251,.T.);
#1251 = EDGE_CURVE('',#1224,#1252,#1254,.T.);
#1252 = VERTEX_POINT('',#1253);
#1253 = CARTESIAN_POINT('',(90.,4.,135.));
#1254 = SURFACE_CURVE('',#1255,(#1259,#1266),.PCURVE_S1.);
#1255 = LINE('',#1256,#1257);
#1256 = CARTESIAN_POINT('',(90.,4.,4.5));
#1257 = VECTOR('',#1258,1.);
#1258 = DIRECTION('',(0.,0.,1.));
#1259 = PCURVE('',#159,#1260);
#1260 = DEFINITIONAL_REPRESENTATION('',(#1261),#1265);
#1261 = LINE('',#1262,#1263);
#1262 = CARTESIAN_POINT('',(1.5,87.));
#1263 = VECTOR('',#1264,1.);
#1264 = DIRECTION('',(1.,0.));
#1265 = ( GEOMETRIC_REPRESENTATION_CONTEXT(2)
PARAMETRIC_REPRESENTATION_CONTEXT() REPRESENTATION_CONTEXT('2D SPACE',''
  ) );
#1266 = PCURVE('',#1267,#1272);
#1267 = PLANE('',#1268);
#1268 = AXIS2_PLACEMENT_3D('',#1269,#1270,#1271);
#1269 = CARTESIAN_POINT('',(90.,8.,6.));
#1270 = DIRECTION('',(1.,0.,-0.));
#1271 = DIRECTION('',(0.,0.,1.));
#1272 = DEFINITIONAL_REPRESENTATION('',(#1273),#1277);
#1273 = LINE('',#1274,#1275);
#1274 = CARTESIAN_POINT('',(-1.5,4.));
#1275 = VECTOR('',#1276,1.);
#1276 = DIRECTION('',(1.,0.));
#1277 = ( GEOMETRIC_REPRESENTATION_CONTEXT(2)
PARAMETRIC_REPRESENTATION_CONTEXT() REPRESENTATION_CONTEXT('2D SPACE',''
  ) );
#1278 = ORIENTED_EDGE('',*,*,#1279,.T.);
#1279 = EDGE_CURVE('',#1252,#1280,#1282,.T.);
#1280 = VERTEX_POINT('',#1281);
#1281 = CARTESIAN_POINT('',(82.175735931288,4.,142.82426406871));
#1282 = SURFACE_CURVE('',#1283,(#1287,#1294),.PCURVE_S1.);
#1283 = LINE('',#1284,#1285);
#1284 = CARTESIAN_POINT('',(92.,4.,133.));
#1285 = VECTOR('',#1286,1.);
#1286 = DIRECTION('',(-0.707106781187,0.,0.707106781187));
#1287 = PCURVE('',#159,#1288);
#1288 = DEFINITIONAL_REPRESENTATION('',(#1289),#1293);
#1289 = LINE('',#1290,#1291);
#1290 = CARTESIAN_POINT('',(130.,89.));
#1291 = VECTOR('',#1292,1.);
#1292 = DIRECTION('',(0.707106781187,-0.707106781187));
#1293 = ( GEOMETRIC_REPRESENTATION_CONTEXT(2)
PARAMETRIC_REPRESENTATION_CONTEXT() REPRESENTATION_CONTEXT('2D SPACE',''
  ) );
#1294 = PCURVE('',#1295,#1300);
#1295 = PLANE('',#1296);
#1296 = AXIS2_PLACEMENT_3D('',#1297,#1298,#1299);
#1297 = CARTESIAN_POINT('',(92.,13.,133.));
#1298 = DIRECTION('',(-0.707106781187,-0.,-0.707106781187));
#1299 = DIRECTION('',(-0.707106781187,0.,0.707106781187));
#1300 = DEFINITIONAL_REPRESENTATION('',(#1301),#1305);
#1301 = LINE('',#1302,#1303);
#1302 = CARTESIAN_POINT('',(0.,-9.));
#1303 = VECTOR('',#1304,1.);
#1304 = DIRECTION('',(1.,0.));
#1305 = ( GEOMETRIC_REPRESENTATION_CONTEXT(2)
PARAMETRIC_REPRESENTATION_CONTEXT() REPRESENTATION_CONTEXT('2D SPACE',''
  ) );
#1306 = ORIENTED_EDGE('',*,*,#1307,.T.);
#1307 = EDGE_CURVE('',#1280,#1308,#1310,.T.);
#1308 = VERTEX_POINT('',#1309);
#1309 = CARTESIAN_POINT('',(82.,4.,143.24852813742));
#1310 = SURFACE_CURVE('',#1311,(#1316,#1323),.PCURVE_S1.);
#1311 = CIRCLE('',#1312,0.6);
#1312 = AXIS2_PLACEMENT_3D('',#1313,#1314,#1315);
#1313 = CARTESIAN_POINT('',(82.6,4.,143.24852813742));
#1314 = DIRECTION('',(-0.,1.,0.));
#1315 = DIRECTION('',(0.,0.,-1.));
#1316 = PCURVE('',#159,#1317);
#1317 = DEFINITIONAL_REPRESENTATION('',(#1318),#1322);
#1318 = CIRCLE('',#1319,0.6);
#1319 = AXIS2_PLACEMENT_2D('',#1320,#1321);
#1320 = CARTESIAN_POINT('',(140.24852813742,79.6));
#1321 = DIRECTION('',(-1.,0.));
#1322 = ( GEOMETRIC_REPRESENTATION_CONTEXT(2)
PARAMETRIC_REPRESENTATION_CONTEXT() REPRESENTATION_CONTEXT('2D SPACE',''
  ) );
#1323 = PCURVE('',#1324,#1329);
#1324 = CYLINDRICAL_SURFACE('',#1325,0.6);
#1325 = AXIS2_PLACEMENT_3D('',#1326,#1327,#1328);
#1326 = CARTESIAN_POINT('',(82.6,13.,143.24852813742));
#1327 = DIRECTION('',(0.,-1.,0.));
#1328 = DIRECTION('',(-0.707106781187,-0.,-0.707106781187));
#1329 = DEFINITIONAL_REPRESENTATION('',(#1330),#1334);
#1330 = LINE('',#1331,#1332);
#1331 = CARTESIAN_POINT('',(0.785398163397,9.));
#1332 = VECTOR('',#1333,1.);
#1333 = DIRECTION('',(-1.,0.));
#1334 = ( GEOMETRIC_REPRESENTATION_CONTEXT(2)
PARAMETRIC_REPRESENTATION_CONTEXT() REPRESENTATION_CONTEXT('2D SPACE',''
  ) );
#1335 = ORIENTED_EDGE('',*,*,#1336,.F.);
#1336 = EDGE_CURVE('',#1337,#1308,#1339,.T.);
#1337 = VERTEX_POINT('',#1338);
#1338 = CARTESIAN_POINT('',(82.,4.,154.));
#1339 = SURFACE_CURVE('',#1340,(#1344,#1351),.PCURVE_S1.);
#1340 = LINE('',#1341,#1342);
#1341 = CARTESIAN_POINT('',(82.,4.,154.));
#1342 = VECTOR('',#1343,1.);
#1343 = DIRECTION('',(0.,0.,-1.));
#1344 = PCURVE('',#159,#1345);
#1345 = DEFINITIONAL_REPRESENTATION('',(#1346),#1350);
#1346 = LINE('',#1347,#1348);
#1347 = CARTESIAN_POINT('',(151.,79.));
#1348 = VECTOR('',#1349,1.);
#1349 = DIRECTION('',(-1.,0.));
#1350 = ( GEOMETRIC_REPRESENTATION_CONTEXT(2)
PARAMETRIC_REPRESENTATION_CONTEXT() REPRESENTATION_CONTEXT('2D SPACE',''
  ) );
#1351 = PCURVE('',#1352,#1357);
#1352 = PLANE('',#1353);
#1353 = AXIS2_PLACEMENT_3D('',#1354,#1355,#1356);
#1354 = CARTESIAN_POINT('',(82.,13.,143.));
#1355 = DIRECTION('',(-1.,0.,0.));
#1356 = DIRECTION('',(0.,0.,1.));
#1357 = DEFINITIONAL_REPRESENTATION('',(#1358),#1362);
#1358 = LINE('',#1359,#1360);
#1359 = CARTESIAN_POINT('',(11.,-9.));
#1360 = VECTOR('',#1361,1.);
#1361 = DIRECTION('',(-1.,0.));
#1362 = ( GEOMETRIC_REPRESENTATION_CONTEXT(2)
PARAMETRIC_REPRESENTATION_CONTEXT() REPRESENTATION_CONTEXT('2D SPACE',''
  ) );
#1363 = ORIENTED_EDGE('',*,*,#1364,.T.);
#1364 = EDGE_CURVE('',#1337,#1365,#1367,.T.);
#1365 = VERTEX_POINT('',#1366);
#1366 = CARTESIAN_POINT('',(14.,4.,154.));
#1367 = SURFACE_CURVE('',#1368,(#1372,#1379),.PCURVE_S1.);
#1368 = LINE('',#1369,#1370);
#1369 = CARTESIAN_POINT('',(4.5,4.,154.));
#1370 = VECTOR('',#1371,1.);
#1371 = DIRECTION('',(-1.,-0.,0.));
#1372 = PCURVE('',#159,#1373);
#1373 = DEFINITIONAL_REPRESENTATION('',(#1374),#1378);
#1374 = LINE('',#1375,#1376);
#1375 = CARTESIAN_POINT('',(151.,1.5));
#1376 = VECTOR('',#1377,1.);
#1377 = DIRECTION('',(0.,-1.));
#1378 = ( GEOMETRIC_REPRESENTATION_CONTEXT(2)
PARAMETRIC_REPRESENTATION_CONTEXT() REPRESENTATION_CONTEXT('2D SPACE',''
  ) );
#1379 = PCURVE('',#1380,#1385);
#1380 = PLANE('',#1381);
#1381 = AXIS2_PLACEMENT_3D('',#1382,#1383,#1384);
#1382 = CARTESIAN_POINT('',(6.,-1.,154.));
#1383 = DIRECTION('',(0.,0.,1.));
#1384 = DIRECTION('',(1.,0.,-0.));
#1385 = DEFINITIONAL_REPRESENTATION('',(#1386),#1389);
#1386 = B_SPLINE_CURVE_WITH_KNOTS('',1,(#1387,#1388),.UNSPECIFIED.,.F.,
  .F.,(2,2),(-85.5,-1.5),.PIECEWISE_BEZIER_KNOTS.);
#1387 = CARTESIAN_POINT('',(84.,5.));
#1388 = CARTESIAN_POINT('',(0.,5.));
#1389 = ( GEOMETRIC_REPRESENTATION_CONTEXT(2)
PARAMETRIC_REPRESENTATION_CONTEXT() REPRESENTATION_CONTEXT('2D SPACE',''
  ) );
#1390 = ORIENTED_EDGE('',*,*,#1391,.F.);
#1391 = EDGE_CURVE('',#1392,#1365,#1394,.T.);
#1392 = VERTEX_POINT('',#1393);
#1393 = CARTESIAN_POINT('',(14.,4.,143.24852813742));
#1394 = SURFACE_CURVE('',#1395,(#1399,#1406),.PCURVE_S1.);
#1395 = LINE('',#1396,#1397);
#1396 = CARTESIAN_POINT('',(14.,4.,143.24852813742));
#1397 = VECTOR('',#1398,1.);
#1398 = DIRECTION('',(-1.652198752046E-16,0.,1.));
#1399 = PCURVE('',#159,#1400);
#1400 = DEFINITIONAL_REPRESENTATION('',(#1401),#1405);
#1401 = LINE('',#1402,#1403);
#1402 = CARTESIAN_POINT('',(140.24852813742,11.));
#1403 = VECTOR('',#1404,1.);
#1404 = DIRECTION('',(1.,-1.652198752046E-16));
#1405 = ( GEOMETRIC_REPRESENTATION_CONTEXT(2)
PARAMETRIC_REPRESENTATION_CONTEXT() REPRESENTATION_CONTEXT('2D SPACE',''
  ) );
#1406 = PCURVE('',#1407,#1412);
#1407 = PLANE('',#1408);
#1408 = AXIS2_PLACEMENT_3D('',#1409,#1410,#1411);
#1409 = CARTESIAN_POINT('',(14.,13.,143.));
#1410 = DIRECTION('',(-1.,0.,0.));
#1411 = DIRECTION('',(0.,0.,1.));
#1412 = DEFINITIONAL_REPRESENTATION('',(#1413),#1417);
#1413 = LINE('',#1414,#1415);
#1414 = CARTESIAN_POINT('',(0.248528137424,-9.));
#1415 = VECTOR('',#1416,1.);
#1416 = DIRECTION('',(1.,0.));
#1417 = ( GEOMETRIC_REPRESENTATION_CONTEXT(2)
PARAMETRIC_REPRESENTATION_CONTEXT() REPRESENTATION_CONTEXT('2D SPACE',''
  ) );
#1418 = ORIENTED_EDGE('',*,*,#1419,.F.);
#1419 = EDGE_CURVE('',#1420,#1392,#1422,.T.);
#1420 = VERTEX_POINT('',#1421);
#1421 = CARTESIAN_POINT('',(13.824264068712,4.,142.82426406871));
#1422 = SURFACE_CURVE('',#1423,(#1428,#1439),.PCURVE_S1.);
#1423 = CIRCLE('',#1424,0.6);
#1424 = AXIS2_PLACEMENT_3D('',#1425,#1426,#1427);
#1425 = CARTESIAN_POINT('',(13.4,4.,143.24852813742));
#1426 = DIRECTION('',(0.,-1.,0.));
#1427 = DIRECTION('',(0.,-0.,-1.));
#1428 = PCURVE('',#159,#1429);
#1429 = DEFINITIONAL_REPRESENTATION('',(#1430),#1438);
#1430 = ( BOUNDED_CURVE() B_SPLINE_CURVE(2,(#1431,#1432,#1433,#1434,
#1435,#1436,#1437),.UNSPECIFIED.,.T.,.F.) B_SPLINE_CURVE_WITH_KNOTS((1,2
    ,2,2,2,1),(-2.094395102393,0.,2.094395102393,4.188790204786,
6.28318530718,8.377580409573),.UNSPECIFIED.) CURVE()
GEOMETRIC_REPRESENTATION_ITEM() RATIONAL_B_SPLINE_CURVE((1.,0.5,1.,0.5,
1.,0.5,1.)) REPRESENTATION_ITEM('') );
#1431 = CARTESIAN_POINT('',(139.64852813742,10.4));
#1432 = CARTESIAN_POINT('',(139.64852813742,11.439230484541));
#1433 = CARTESIAN_POINT('',(140.54852813742,10.919615242271));
#1434 = CARTESIAN_POINT('',(141.44852813742,10.4));
#1435 = CARTESIAN_POINT('',(140.54852813742,9.880384757729));
#1436 = CARTESIAN_POINT('',(139.64852813742,9.360769515459));
#1437 = CARTESIAN_POINT('',(139.64852813742,10.4));
#1438 = ( GEOMETRIC_REPRESENTATION_CONTEXT(2)
PARAMETRIC_REPRESENTATION_CONTEXT() REPRESENTATION_CONTEXT('2D SPACE',''
  ) );
#1439 = PCURVE('',#1440,#1445);
#1440 = CYLINDRICAL_SURFACE('',#1441,0.6);
#1441 = AXIS2_PLACEMENT_3D('',#1442,#1443,#1444);
#1442 = CARTESIAN_POINT('',(13.4,13.,143.24852813742));
#1443 = DIRECTION('',(0.,-1.,0.));
#1444 = DIRECTION('',(0.707106781187,0.,-0.707106781187));
#1445 = DEFINITIONAL_REPRESENTATION('',(#1446),#1450);
#1446 = LINE('',#1447,#1448);
#1447 = CARTESIAN_POINT('',(-0.785398163397,9.));
#1448 = VECTOR('',#1449,1.);
#1449 = DIRECTION('',(1.,0.));
#1450 = ( GEOMETRIC_REPRESENTATION_CONTEXT(2)
PARAMETRIC_REPRESENTATION_CONTEXT() REPRESENTATION_CONTEXT('2D SPACE',''
  ) );
#1451 = ORIENTED_EDGE('',*,*,#1452,.F.);
#1452 = EDGE_CURVE('',#1453,#1420,#1455,.T.);
#1453 = VERTEX_POINT('',#1454);
#1454 = CARTESIAN_POINT('',(6.,4.,135.));
#1455 = SURFACE_CURVE('',#1456,(#1460,#1467),.PCURVE_S1.);
#1456 = LINE('',#1457,#1458);
#1457 = CARTESIAN_POINT('',(4.,4.,133.));
#1458 = VECTOR('',#1459,1.);
#1459 = DIRECTION('',(0.707106781187,0.,0.707106781187));
#1460 = PCURVE('',#159,#1461);
#1461 = DEFINITIONAL_REPRESENTATION('',(#1462),#1466);
#1462 = LINE('',#1463,#1464);
#1463 = CARTESIAN_POINT('',(130.,1.));
#1464 = VECTOR('',#1465,1.);
#1465 = DIRECTION('',(0.707106781187,0.707106781187));
#1466 = ( GEOMETRIC_REPRESENTATION_CONTEXT(2)
PARAMETRIC_REPRESENTATION_CONTEXT() REPRESENTATION_CONTEXT('2D SPACE',''
  ) );
#1467 = PCURVE('',#1468,#1473);
#1468 = PLANE('',#1469);
#1469 = AXIS2_PLACEMENT_3D('',#1470,#1471,#1472);
#1470 = CARTESIAN_POINT('',(4.,13.,133.));
#1471 = DIRECTION('',(-0.707106781187,0.,0.707106781187));
#1472 = DIRECTION('',(0.707106781187,0.,0.707106781187));
#1473 = DEFINITIONAL_REPRESENTATION('',(#1474),#1478);
#1474 = LINE('',#1475,#1476);
#1475 = CARTESIAN_POINT('',(0.,-9.));
#1476 = VECTOR('',#1477,1.);
#1477 = DIRECTION('',(1.,0.));
#1478 = ( GEOMETRIC_REPRESENTATION_CONTEXT(2)
PARAMETRIC_REPRESENTATION_CONTEXT() REPRESENTATION_CONTEXT('2D SPACE',''
  ) );
#1479 = ORIENTED_EDGE('',*,*,#1480,.F.);
#1480 = EDGE_CURVE('',#1481,#1453,#1483,.T.);
#1481 = VERTEX_POINT('',#1482);
#1482 = CARTESIAN_POINT('',(6.,4.,15.));
#1483 = SURFACE_CURVE('',#1484,(#1488,#1495),.PCURVE_S1.);
#1484 = LINE('',#1485,#1486);
#1485 = CARTESIAN_POINT('',(6.,4.,4.5));
#1486 = VECTOR('',#1487,1.);
#1487 = DIRECTION('',(0.,0.,1.));
#1488 = PCURVE('',#159,#1489);
#1489 = DEFINITIONAL_REPRESENTATION('',(#1490),#1494);
#1490 = LINE('',#1491,#1492);
#1491 = CARTESIAN_POINT('',(1.5,3.));
#1492 = VECTOR('',#1493,1.);
#1493 = DIRECTION('',(1.,0.));
#1494 = ( GEOMETRIC_REPRESENTATION_CONTEXT(2)
PARAMETRIC_REPRESENTATION_CONTEXT() REPRESENTATION_CONTEXT('2D SPACE',''
  ) );
#1495 = PCURVE('',#453,#1496);
#1496 = DEFINITIONAL_REPRESENTATION('',(#1497),#1501);
#1497 = LINE('',#1498,#1499);
#1498 = CARTESIAN_POINT('',(-1.5,4.));
#1499 = VECTOR('',#1500,1.);
#1500 = DIRECTION('',(1.,0.));
#1501 = ( GEOMETRIC_REPRESENTATION_CONTEXT(2)
PARAMETRIC_REPRESENTATION_CONTEXT() REPRESENTATION_CONTEXT('2D SPACE',''
  ) );
#1502 = ORIENTED_EDGE('',*,*,#1503,.F.);
#1503 = EDGE_CURVE('',#1504,#1481,#1506,.T.);
#1504 = VERTEX_POINT('',#1505);
#1505 = CARTESIAN_POINT('',(13.4,4.,15.));
#1506 = SURFACE_CURVE('',#1507,(#1511,#1518),.PCURVE_S1.);
#1507 = LINE('',#1508,#1509);
#1508 = CARTESIAN_POINT('',(13.4,4.,15.));
#1509 = VECTOR('',#1510,1.);
#1510 = DIRECTION('',(-1.,0.,0.));
#1511 = PCURVE('',#159,#1512);
#1512 = DEFINITIONAL_REPRESENTATION('',(#1513),#1517);
#1513 = LINE('',#1514,#1515);
#1514 = CARTESIAN_POINT('',(12.,10.4));
#1515 = VECTOR('',#1516,1.);
#1516 = DIRECTION('',(0.,-1.));
#1517 = ( GEOMETRIC_REPRESENTATION_CONTEXT(2)
PARAMETRIC_REPRESENTATION_CONTEXT() REPRESENTATION_CONTEXT('2D SPACE',''
  ) );
#1518 = PCURVE('',#552,#1519);
#1519 = DEFINITIONAL_REPRESENTATION('',(#1520),#1524);
#1520 = LINE('',#1521,#1522);
#1521 = CARTESIAN_POINT('',(9.4,0.));
#1522 = VECTOR('',#1523,1.);
#1523 = DIRECTION('',(-1.,0.));
#1524 = ( GEOMETRIC_REPRESENTATION_CONTEXT(2)
PARAMETRIC_REPRESENTATION_CONTEXT() REPRESENTATION_CONTEXT('2D SPACE',''
  ) );
#1525 = ORIENTED_EDGE('',*,*,#1526,.F.);
#1526 = EDGE_CURVE('',#1527,#1504,#1529,.T.);
#1527 = VERTEX_POINT('',#1528);
#1528 = CARTESIAN_POINT('',(14.,4.,14.4));
#1529 = SURFACE_CURVE('',#1530,(#1535,#1546),.PCURVE_S1.);
#1530 = CIRCLE('',#1531,0.6);
#1531 = AXIS2_PLACEMENT_3D('',#1532,#1533,#1534);
#1532 = CARTESIAN_POINT('',(13.4,4.,14.4));
#1533 = DIRECTION('',(0.,-1.,0.));
#1534 = DIRECTION('',(0.,0.,1.));
#1535 = PCURVE('',#159,#1536);
#1536 = DEFINITIONAL_REPRESENTATION('',(#1537),#1545);
#1537 = ( BOUNDED_CURVE() B_SPLINE_CURVE(2,(#1538,#1539,#1540,#1541,
#1542,#1543,#1544),.UNSPECIFIED.,.T.,.F.) B_SPLINE_CURVE_WITH_KNOTS((1,2
    ,2,2,2,1),(-2.094395102393,0.,2.094395102393,4.188790204786,
6.28318530718,8.377580409573),.UNSPECIFIED.) CURVE()
GEOMETRIC_REPRESENTATION_ITEM() RATIONAL_B_SPLINE_CURVE((1.,0.5,1.,0.5,
1.,0.5,1.)) REPRESENTATION_ITEM('') );
#1538 = CARTESIAN_POINT('',(12.,10.4));
#1539 = CARTESIAN_POINT('',(12.,9.360769515459));
#1540 = CARTESIAN_POINT('',(11.1,9.880384757729));
#1541 = CARTESIAN_POINT('',(10.2,10.4));
#1542 = CARTESIAN_POINT('',(11.1,10.919615242271));
#1543 = CARTESIAN_POINT('',(12.,11.439230484541));
#1544 = CARTESIAN_POINT('',(12.,10.4));
#1545 = ( GEOMETRIC_REPRESENTATION_CONTEXT(2)
PARAMETRIC_REPRESENTATION_CONTEXT() REPRESENTATION_CONTEXT('2D SPACE',''
  ) );
#1546 = PCURVE('',#585,#1547);
#1547 = DEFINITIONAL_REPRESENTATION('',(#1548),#1552);
#1548 = LINE('',#1549,#1550);
#1549 = CARTESIAN_POINT('',(4.712388980385,-0.));
#1550 = VECTOR('',#1551,1.);
#1551 = DIRECTION('',(-1.,0.));
#1552 = ( GEOMETRIC_REPRESENTATION_CONTEXT(2)
PARAMETRIC_REPRESENTATION_CONTEXT() REPRESENTATION_CONTEXT('2D SPACE',''
  ) );
#1553 = ORIENTED_EDGE('',*,*,#1554,.F.);
#1554 = EDGE_CURVE('',#736,#1527,#1555,.T.);
#1555 = SURFACE_CURVE('',#1556,(#1560,#1567),.PCURVE_S1.);
#1556 = LINE('',#1557,#1558);
#1557 = CARTESIAN_POINT('',(14.,4.,6.6));
#1558 = VECTOR('',#1559,1.);
#1559 = DIRECTION('',(0.,0.,1.));
#1560 = PCURVE('',#159,#1561);
#1561 = DEFINITIONAL_REPRESENTATION('',(#1562),#1566);
#1562 = LINE('',#1563,#1564);
#1563 = CARTESIAN_POINT('',(3.6,11.));
#1564 = VECTOR('',#1565,1.);
#1565 = DIRECTION('',(1.,0.));
#1566 = ( GEOMETRIC_REPRESENTATION_CONTEXT(2)
PARAMETRIC_REPRESENTATION_CONTEXT() REPRESENTATION_CONTEXT('2D SPACE',''
  ) );
#1567 = PCURVE('',#613,#1568);
#1568 = DEFINITIONAL_REPRESENTATION('',(#1569),#1573);
#1569 = LINE('',#1570,#1571);
#1570 = CARTESIAN_POINT('',(0.6,0.));
#1571 = VECTOR('',#1572,1.);
#1572 = DIRECTION('',(1.,0.));
#1573 = ( GEOMETRIC_REPRESENTATION_CONTEXT(2)
PARAMETRIC_REPRESENTATION_CONTEXT() REPRESENTATION_CONTEXT('2D SPACE',''
  ) );
#1574 = ORIENTED_EDGE('',*,*,#735,.T.);
#1575 = ORIENTED_EDGE('',*,*,#143,.F.);
#1576 = ORIENTED_EDGE('',*,*,#1577,.F.);
#1577 = EDGE_CURVE('',#1167,#144,#1578,.T.);
#1578 = SURFACE_CURVE('',#1579,(#1584,#1595),.PCURVE_S1.);
#1579 = CIRCLE('',#1580,0.6);
#1580 = AXIS2_PLACEMENT_3D('',#1581,#1582,#1583);
#1581 = CARTESIAN_POINT('',(82.6,4.,6.6));
#1582 = DIRECTION('',(0.,-1.,0.));
#1583 = DIRECTION('',(0.,0.,1.));
#1584 = PCURVE('',#159,#1585);
#1585 = DEFINITIONAL_REPRESENTATION('',(#1586),#1594);
#1586 = ( BOUNDED_CURVE() B_SPLINE_CURVE(2,(#1587,#1588,#1589,#1590,
#1591,#1592,#1593),.UNSPECIFIED.,.T.,.F.) B_SPLINE_CURVE_WITH_KNOTS((1,2
    ,2,2,2,1),(-2.094395102393,0.,2.094395102393,4.188790204786,
6.28318530718,8.377580409573),.UNSPECIFIED.) CURVE()
GEOMETRIC_REPRESENTATION_ITEM() RATIONAL_B_SPLINE_CURVE((1.,0.5,1.,0.5,
1.,0.5,1.)) REPRESENTATION_ITEM('') );
#1587 = CARTESIAN_POINT('',(4.2,79.6));
#1588 = CARTESIAN_POINT('',(4.2,78.560769515459));
#1589 = CARTESIAN_POINT('',(3.3,79.080384757729));
#1590 = CARTESIAN_POINT('',(2.4,79.6));
#1591 = CARTESIAN_POINT('',(3.3,80.119615242271));
#1592 = CARTESIAN_POINT('',(4.2,80.639230484541));
#1593 = CARTESIAN_POINT('',(4.2,79.6));
#1594 = ( GEOMETRIC_REPRESENTATION_CONTEXT(2)
PARAMETRIC_REPRESENTATION_CONTEXT() REPRESENTATION_CONTEXT('2D SPACE',''
  ) );
#1595 = PCURVE('',#187,#1596);
#1596 = DEFINITIONAL_REPRESENTATION('',(#1597),#1601);
#1597 = LINE('',#1598,#1599);
#1598 = CARTESIAN_POINT('',(1.570796326795,-0.));
#1599 = VECTOR('',#1600,1.);
#1600 = DIRECTION('',(-1.,0.));
#1601 = ( GEOMETRIC_REPRESENTATION_CONTEXT(2)
PARAMETRIC_REPRESENTATION_CONTEXT() REPRESENTATION_CONTEXT('2D SPACE',''
  ) );
#1602 = FACE_BOUND('',#1603,.F.);
#1603 = EDGE_LOOP('',(#1604));
#1604 = ORIENTED_EDGE('',*,*,#1605,.F.);
#1605 = EDGE_CURVE('',#1606,#1606,#1608,.T.);
#1606 = VERTEX_POINT('',#1607);
#1607 = CARTESIAN_POINT('',(87.,4.,149.4));
#1608 = SURFACE_CURVE('',#1609,(#1614,#1621),.PCURVE_S1.);
#1609 = CIRCLE('',#1610,1.4);
#1610 = AXIS2_PLACEMENT_3D('',#1611,#1612,#1613);
#1611 = CARTESIAN_POINT('',(87.,4.,148.));
#1612 = DIRECTION('',(0.,1.,0.));
#1613 = DIRECTION('',(0.,-0.,1.));
#1614 = PCURVE('',#159,#1615);
#1615 = DEFINITIONAL_REPRESENTATION('',(#1616),#1620);
#1616 = CIRCLE('',#1617,1.4);
#1617 = AXIS2_PLACEMENT_2D('',#1618,#1619);
#1618 = CARTESIAN_POINT('',(145.,84.));
#1619 = DIRECTION('',(1.,0.));
#1620 = ( GEOMETRIC_REPRESENTATION_CONTEXT(2)
PARAMETRIC_REPRESENTATION_CONTEXT() REPRESENTATION_CONTEXT('2D SPACE',''
  ) );
#1621 = PCURVE('',#1622,#1627);
#1622 = CYLINDRICAL_SURFACE('',#1623,1.4);
#1623 = AXIS2_PLACEMENT_3D('',#1624,#1625,#1626);
#1624 = CARTESIAN_POINT('',(87.,3.,148.));
#1625 = DIRECTION('',(0.,1.,0.));
#1626 = DIRECTION('',(0.,-0.,1.));
#1627 = DEFINITIONAL_REPRESENTATION('',(#1628),#1632);
#1628 = LINE('',#1629,#1630);
#1629 = CARTESIAN_POINT('',(0.,1.));
#1630 = VECTOR('',#1631,1.);
#1631 = DIRECTION('',(1.,0.));
#1632 = ( GEOMETRIC_REPRESENTATION_CONTEXT(2)
PARAMETRIC_REPRESENTATION_CONTEXT() REPRESENTATION_CONTEXT('2D SPACE',''
  ) );
#1633 = ADVANCED_FACE('',(#1634),#276,.F.);
#1634 = FACE_BOUND('',#1635,.F.);
#1635 = EDGE_LOOP('',(#1636,#1637,#1666,#1686));
#1636 = ORIENTED_EDGE('',*,*,#787,.F.);
#1637 = ORIENTED_EDGE('',*,*,#1638,.T.);
#1638 = EDGE_CURVE('',#788,#1639,#1641,.T.);
#1639 = VERTEX_POINT('',#1640);
#1640 = CARTESIAN_POINT('',(90.,92.,7.));
#1641 = SURFACE_CURVE('',#1642,(#1647,#1654),.PCURVE_S1.);
#1642 = CIRCLE('',#1643,2.);
#1643 = AXIS2_PLACEMENT_3D('',#1644,#1645,#1646);
#1644 = CARTESIAN_POINT('',(88.,92.,7.));
#1645 = DIRECTION('',(0.,-0.,-1.));
#1646 = DIRECTION('',(0.,1.,-0.));
#1647 = PCURVE('',#276,#1648);
#1648 = DEFINITIONAL_REPRESENTATION('',(#1649),#1653);
#1649 = LINE('',#1650,#1651);
#1650 = CARTESIAN_POINT('',(0.,0.));
#1651 = VECTOR('',#1652,1.);
#1652 = DIRECTION('',(1.,0.));
#1653 = ( GEOMETRIC_REPRESENTATION_CONTEXT(2)
PARAMETRIC_REPRESENTATION_CONTEXT() REPRESENTATION_CONTEXT('2D SPACE',''
  ) );
#1654 = PCURVE('',#1655,#1660);
#1655 = CYLINDRICAL_SURFACE('',#1656,2.);
#1656 = AXIS2_PLACEMENT_3D('',#1657,#1658,#1659);
#1657 = CARTESIAN_POINT('',(88.,92.,6.));
#1658 = DIRECTION('',(0.,0.,1.));
#1659 = DIRECTION('',(1.,0.,-0.));
#1660 = DEFINITIONAL_REPRESENTATION('',(#1661),#1665);
#1661 = LINE('',#1662,#1663);
#1662 = CARTESIAN_POINT('',(1.570796326795,1.));
#1663 = VECTOR('',#1664,1.);
#1664 = DIRECTION('',(-1.,-0.));
#1665 = ( GEOMETRIC_REPRESENTATION_CONTEXT(2)
PARAMETRIC_REPRESENTATION_CONTEXT() REPRESENTATION_CONTEXT('2D SPACE',''
  ) );
#1666 = ORIENTED_EDGE('',*,*,#1667,.T.);
#1667 = EDGE_CURVE('',#1639,#228,#1668,.T.);
#1668 = SURFACE_CURVE('',#1669,(#1674,#1680),.PCURVE_S1.);
#1669 = CIRCLE('',#1670,1.);
#1670 = AXIS2_PLACEMENT_3D('',#1671,#1672,#1673);
#1671 = CARTESIAN_POINT('',(89.,92.,7.));
#1672 = DIRECTION('',(-6.123233995737E-17,1.,0.));
#1673 = DIRECTION('',(1.,6.123233995737E-17,0.));
#1674 = PCURVE('',#276,#1675);
#1675 = DEFINITIONAL_REPRESENTATION('',(#1676),#1679);
#1676 = B_SPLINE_CURVE_WITH_KNOTS('',1,(#1677,#1678),.UNSPECIFIED.,.F.,
  .F.,(2,2),(0.,1.570796326795),.PIECEWISE_BEZIER_KNOTS.);
#1677 = CARTESIAN_POINT('',(1.570796326795,0.));
#1678 = CARTESIAN_POINT('',(1.570796326795,1.570796326795));
#1679 = ( GEOMETRIC_REPRESENTATION_CONTEXT(2)
PARAMETRIC_REPRESENTATION_CONTEXT() REPRESENTATION_CONTEXT('2D SPACE',''
  ) );
#1680 = PCURVE('',#243,#1681);
#1681 = DEFINITIONAL_REPRESENTATION('',(#1682),#1685);
#1682 = B_SPLINE_CURVE_WITH_KNOTS('',1,(#1683,#1684),.UNSPECIFIED.,.F.,
  .F.,(2,2),(0.,1.570796326795),.PIECEWISE_BEZIER_KNOTS.);
#1683 = CARTESIAN_POINT('',(0.,0.));
#1684 = CARTESIAN_POINT('',(-1.570796326795,0.));
#1685 = ( GEOMETRIC_REPRESENTATION_CONTEXT(2)
PARAMETRIC_REPRESENTATION_CONTEXT() REPRESENTATION_CONTEXT('2D SPACE',''
  ) );
#1686 = ORIENTED_EDGE('',*,*,#255,.F.);
#1687 = ADVANCED_FACE('',(#1688),#187,.T.);
#1688 = FACE_BOUND('',#1689,.F.);
#1689 = EDGE_LOOP('',(#1690,#1691,#1692,#1720));
#1690 = ORIENTED_EDGE('',*,*,#1577,.T.);
#1691 = ORIENTED_EDGE('',*,*,#171,.T.);
#1692 = ORIENTED_EDGE('',*,*,#1693,.F.);
#1693 = EDGE_CURVE('',#1694,#172,#1696,.T.);
#1694 = VERTEX_POINT('',#1695);
#1695 = CARTESIAN_POINT('',(82.,13.,6.6));
#1696 = SURFACE_CURVE('',#1697,(#1702,#1709),.PCURVE_S1.);
#1697 = CIRCLE('',#1698,0.6);
#1698 = AXIS2_PLACEMENT_3D('',#1699,#1700,#1701);
#1699 = CARTESIAN_POINT('',(82.6,13.,6.6));
#1700 = DIRECTION('',(0.,-1.,0.));
#1701 = DIRECTION('',(0.,0.,1.));
#1702 = PCURVE('',#187,#1703);
#1703 = DEFINITIONAL_REPRESENTATION('',(#1704),#1708);
#1704 = LINE('',#1705,#1706);
#1705 = CARTESIAN_POINT('',(1.570796326795,9.));
#1706 = VECTOR('',#1707,1.);
#1707 = DIRECTION('',(-1.,0.));
#1708 = ( GEOMETRIC_REPRESENTATION_CONTEXT(2)
PARAMETRIC_REPRESENTATION_CONTEXT() REPRESENTATION_CONTEXT('2D SPACE',''
  ) );
#1709 = PCURVE('',#215,#1710);
#1710 = DEFINITIONAL_REPRESENTATION('',(#1711),#1719);
#1711 = ( BOUNDED_CURVE() B_SPLINE_CURVE(2,(#1712,#1713,#1714,#1715,
#1716,#1717,#1718),.UNSPECIFIED.,.T.,.F.) B_SPLINE_CURVE_WITH_KNOTS((1,2
    ,2,2,2,1),(-2.094395102393,0.,2.094395102393,4.188790204786,
6.28318530718,8.377580409573),.UNSPECIFIED.) CURVE()
GEOMETRIC_REPRESENTATION_ITEM() RATIONAL_B_SPLINE_CURVE((1.,0.5,1.,0.5,
1.,0.5,1.)) REPRESENTATION_ITEM('') );
#1712 = CARTESIAN_POINT('',(1.2,0.6));
#1713 = CARTESIAN_POINT('',(1.2,-0.439230484541));
#1714 = CARTESIAN_POINT('',(0.3,8.038475772933E-02));
#1715 = CARTESIAN_POINT('',(-0.6,0.6));
#1716 = CARTESIAN_POINT('',(0.3,1.119615242271));
#1717 = CARTESIAN_POINT('',(1.2,1.639230484541));
#1718 = CARTESIAN_POINT('',(1.2,0.6));
#1719 = ( GEOMETRIC_REPRESENTATION_CONTEXT(2)
PARAMETRIC_REPRESENTATION_CONTEXT() REPRESENTATION_CONTEXT('2D SPACE',''
  ) );
#1720 = ORIENTED_EDGE('',*,*,#1721,.F.);
#1721 = EDGE_CURVE('',#1167,#1694,#1722,.T.);
#1722 = SURFACE_CURVE('',#1723,(#1727,#1734),.PCURVE_S1.);
#1723 = LINE('',#1724,#1725);
#1724 = CARTESIAN_POINT('',(82.,4.,6.6));
#1725 = VECTOR('',#1726,1.);
#1726 = DIRECTION('',(-0.,1.,0.));
#1727 = PCURVE('',#187,#1728);
#1728 = DEFINITIONAL_REPRESENTATION('',(#1729),#1733);
#1729 = LINE('',#1730,#1731);
#1730 = CARTESIAN_POINT('',(-0.,0.));
#1731 = VECTOR('',#1732,1.);
#1732 = DIRECTION('',(-0.,1.));
#1733 = ( GEOMETRIC_REPRESENTATION_CONTEXT(2)
PARAMETRIC_REPRESENTATION_CONTEXT() REPRESENTATION_CONTEXT('2D SPACE',''
  ) );
#1734 = PCURVE('',#1182,#1735);
#1735 = DEFINITIONAL_REPRESENTATION('',(#1736),#1740);
#1736 = LINE('',#1737,#1738);
#1737 = CARTESIAN_POINT('',(0.6,0.));
#1738 = VECTOR('',#1739,1.);
#1739 = DIRECTION('',(0.,-1.));
#1740 = ( GEOMETRIC_REPRESENTATION_CONTEXT(2)
PARAMETRIC_REPRESENTATION_CONTEXT() REPRESENTATION_CONTEXT('2D SPACE',''
  ) );
#1741 = ADVANCED_FACE('',(#1742),#243,.F.);
#1742 = FACE_BOUND('',#1743,.T.);
#1743 = EDGE_LOOP('',(#1744,#1767,#1768,#1769));
#1744 = ORIENTED_EDGE('',*,*,#1745,.F.);
#1745 = EDGE_CURVE('',#1639,#1746,#1748,.T.);
#1746 = VERTEX_POINT('',#1747);
#1747 = CARTESIAN_POINT('',(90.,13.,7.));
#1748 = SURFACE_CURVE('',#1749,(#1753,#1760),.PCURVE_S1.);
#1749 = LINE('',#1750,#1751);
#1750 = CARTESIAN_POINT('',(90.,92.,7.));
#1751 = VECTOR('',#1752,1.);
#1752 = DIRECTION('',(0.,-1.,-0.));
#1753 = PCURVE('',#243,#1754);
#1754 = DEFINITIONAL_REPRESENTATION('',(#1755),#1759);
#1755 = LINE('',#1756,#1757);
#1756 = CARTESIAN_POINT('',(-0.,0.));
#1757 = VECTOR('',#1758,1.);
#1758 = DIRECTION('',(-0.,1.));
#1759 = ( GEOMETRIC_REPRESENTATION_CONTEXT(2)
PARAMETRIC_REPRESENTATION_CONTEXT() REPRESENTATION_CONTEXT('2D SPACE',''
  ) );
#1760 = PCURVE('',#1267,#1761);
#1761 = DEFINITIONAL_REPRESENTATION('',(#1762),#1766);
#1762 = LINE('',#1763,#1764);
#1763 = CARTESIAN_POINT('',(1.,-84.));
#1764 = VECTOR('',#1765,1.);
#1765 = DIRECTION('',(0.,1.));
#1766 = ( GEOMETRIC_REPRESENTATION_CONTEXT(2)
PARAMETRIC_REPRESENTATION_CONTEXT() REPRESENTATION_CONTEXT('2D SPACE',''
  ) );
#1767 = ORIENTED_EDGE('',*,*,#1667,.T.);
#1768 = ORIENTED_EDGE('',*,*,#227,.T.);
#1769 = ORIENTED_EDGE('',*,*,#1770,.T.);
#1770 = EDGE_CURVE('',#200,#1746,#1771,.T.);
#1771 = SURFACE_CURVE('',#1772,(#1777,#1784),.PCURVE_S1.);
#1772 = CIRCLE('',#1773,1.);
#1773 = AXIS2_PLACEMENT_3D('',#1774,#1775,#1776);
#1774 = CARTESIAN_POINT('',(89.,13.,7.));
#1775 = DIRECTION('',(0.,-1.,-0.));
#1776 = DIRECTION('',(1.,0.,0.));
#1777 = PCURVE('',#243,#1778);
#1778 = DEFINITIONAL_REPRESENTATION('',(#1779),#1783);
#1779 = LINE('',#1780,#1781);
#1780 = CARTESIAN_POINT('',(-6.28318530718,79.));
#1781 = VECTOR('',#1782,1.);
#1782 = DIRECTION('',(1.,-0.));
#1783 = ( GEOMETRIC_REPRESENTATION_CONTEXT(2)
PARAMETRIC_REPRESENTATION_CONTEXT() REPRESENTATION_CONTEXT('2D SPACE',''
  ) );
#1784 = PCURVE('',#215,#1785);
#1785 = DEFINITIONAL_REPRESENTATION('',(#1786),#1794);
#1786 = ( BOUNDED_CURVE() B_SPLINE_CURVE(2,(#1787,#1788,#1789,#1790,
#1791,#1792,#1793),.UNSPECIFIED.,.T.,.F.) B_SPLINE_CURVE_WITH_KNOTS((1,2
    ,2,2,2,1),(-2.094395102393,0.,2.094395102393,4.188790204786,
6.28318530718,8.377580409573),.UNSPECIFIED.) CURVE()
GEOMETRIC_REPRESENTATION_ITEM() RATIONAL_B_SPLINE_CURVE((1.,0.5,1.,0.5,
1.,0.5,1.)) REPRESENTATION_ITEM('') );
#1787 = CARTESIAN_POINT('',(1.,8.));
#1788 = CARTESIAN_POINT('',(2.732050807569,8.));
#1789 = CARTESIAN_POINT('',(1.866025403784,6.5));
#1790 = CARTESIAN_POINT('',(1.,5.));
#1791 = CARTESIAN_POINT('',(0.133974596216,6.5));
#1792 = CARTESIAN_POINT('',(-0.732050807569,8.));
#1793 = CARTESIAN_POINT('',(1.,8.));
#1794 = ( GEOMETRIC_REPRESENTATION_CONTEXT(2)
PARAMETRIC_REPRESENTATION_CONTEXT() REPRESENTATION_CONTEXT('2D SPACE',''
  ) );
#1795 = ADVANCED_FACE('',(#1796,#1892),#215,.T.);
#1796 = FACE_BOUND('',#1797,.T.);
#1797 = EDGE_LOOP('',(#1798,#1799,#1800,#1823,#1847,#1870,#1891));
#1798 = ORIENTED_EDGE('',*,*,#199,.F.);
#1799 = ORIENTED_EDGE('',*,*,#1693,.F.);
#1800 = ORIENTED_EDGE('',*,*,#1801,.F.);
#1801 = EDGE_CURVE('',#1802,#1694,#1804,.T.);
#1802 = VERTEX_POINT('',#1803);
#1803 = CARTESIAN_POINT('',(82.,13.,14.4));
#1804 = SURFACE_CURVE('',#1805,(#1809,#1816),.PCURVE_S1.);
#1805 = LINE('',#1806,#1807);
#1806 = CARTESIAN_POINT('',(82.,13.,14.4));
#1807 = VECTOR('',#1808,1.);
#1808 = DIRECTION('',(0.,0.,-1.));
#1809 = PCURVE('',#215,#1810);
#1810 = DEFINITIONAL_REPRESENTATION('',(#1811),#1815);
#1811 = LINE('',#1812,#1813);
#1812 = CARTESIAN_POINT('',(8.4,0.));
#1813 = VECTOR('',#1814,1.);
#1814 = DIRECTION('',(-1.,0.));
#1815 = ( GEOMETRIC_REPRESENTATION_CONTEXT(2)
PARAMETRIC_REPRESENTATION_CONTEXT() REPRESENTATION_CONTEXT('2D SPACE',''
  ) );
#1816 = PCURVE('',#1182,#1817);
#1817 = DEFINITIONAL_REPRESENTATION('',(#1818),#1822);
#1818 = LINE('',#1819,#1820);
#1819 = CARTESIAN_POINT('',(8.4,-9.));
#1820 = VECTOR('',#1821,1.);
#1821 = DIRECTION('',(-1.,0.));
#1822 = ( GEOMETRIC_REPRESENTATION_CONTEXT(2)
PARAMETRIC_REPRESENTATION_CONTEXT() REPRESENTATION_CONTEXT('2D SPACE',''
  ) );
#1823 = ORIENTED_EDGE('',*,*,#1824,.T.);
#1824 = EDGE_CURVE('',#1802,#1825,#1827,.T.);
#1825 = VERTEX_POINT('',#1826);
#1826 = CARTESIAN_POINT('',(82.6,13.,15.));
#1827 = SURFACE_CURVE('',#1828,(#1833,#1840),.PCURVE_S1.);
#1828 = CIRCLE('',#1829,0.6);
#1829 = AXIS2_PLACEMENT_3D('',#1830,#1831,#1832);
#1830 = CARTESIAN_POINT('',(82.6,13.,14.4));
#1831 = DIRECTION('',(-0.,1.,0.));
#1832 = DIRECTION('',(0.,0.,1.));
#1833 = PCURVE('',#215,#1834);
#1834 = DEFINITIONAL_REPRESENTATION('',(#1835),#1839);
#1835 = CIRCLE('',#1836,0.6);
#1836 = AXIS2_PLACEMENT_2D('',#1837,#1838);
#1837 = CARTESIAN_POINT('',(8.4,0.6));
#1838 = DIRECTION('',(1.,0.));
#1839 = ( GEOMETRIC_REPRESENTATION_CONTEXT(2)
PARAMETRIC_REPRESENTATION_CONTEXT() REPRESENTATION_CONTEXT('2D SPACE',''
  ) );
#1840 = PCURVE('',#1211,#1841);
#1841 = DEFINITIONAL_REPRESENTATION('',(#1842),#1846);
#1842 = LINE('',#1843,#1844);
#1843 = CARTESIAN_POINT('',(-4.712388980385,9.));
#1844 = VECTOR('',#1845,1.);
#1845 = DIRECTION('',(1.,0.));
#1846 = ( GEOMETRIC_REPRESENTATION_CONTEXT(2)
PARAMETRIC_REPRESENTATION_CONTEXT() REPRESENTATION_CONTEXT('2D SPACE',''
  ) );
#1847 = ORIENTED_EDGE('',*,*,#1848,.F.);
#1848 = EDGE_CURVE('',#1849,#1825,#1851,.T.);
#1849 = VERTEX_POINT('',#1850);
#1850 = CARTESIAN_POINT('',(90.,13.,15.));
#1851 = SURFACE_CURVE('',#1852,(#1856,#1863),.PCURVE_S1.);
#1852 = LINE('',#1853,#1854);
#1853 = CARTESIAN_POINT('',(90.,13.,15.));
#1854 = VECTOR('',#1855,1.);
#1855 = DIRECTION('',(-1.,0.,0.));
#1856 = PCURVE('',#215,#1857);
#1857 = DEFINITIONAL_REPRESENTATION('',(#1858),#1862);
#1858 = LINE('',#1859,#1860);
#1859 = CARTESIAN_POINT('',(9.,8.));
#1860 = VECTOR('',#1861,1.);
#1861 = DIRECTION('',(0.,-1.));
#1862 = ( GEOMETRIC_REPRESENTATION_CONTEXT(2)
PARAMETRIC_REPRESENTATION_CONTEXT() REPRESENTATION_CONTEXT('2D SPACE',''
  ) );
#1863 = PCURVE('',#1239,#1864);
#1864 = DEFINITIONAL_REPRESENTATION('',(#1865),#1869);
#1865 = LINE('',#1866,#1867);
#1866 = CARTESIAN_POINT('',(8.,9.));
#1867 = VECTOR('',#1868,1.);
#1868 = DIRECTION('',(-1.,0.));
#1869 = ( GEOMETRIC_REPRESENTATION_CONTEXT(2)
PARAMETRIC_REPRESENTATION_CONTEXT() REPRESENTATION_CONTEXT('2D SPACE',''
  ) );
#1870 = ORIENTED_EDGE('',*,*,#1871,.F.);
#1871 = EDGE_CURVE('',#1746,#1849,#1872,.T.);
#1872 = SURFACE_CURVE('',#1873,(#1877,#1884),.PCURVE_S1.);
#1873 = LINE('',#1874,#1875);
#1874 = CARTESIAN_POINT('',(90.,13.,7.));
#1875 = VECTOR('',#1876,1.);
#1876 = DIRECTION('',(0.,0.,1.));
#1877 = PCURVE('',#215,#1878);
#1878 = DEFINITIONAL_REPRESENTATION('',(#1879),#1883);
#1879 = LINE('',#1880,#1881);
#1880 = CARTESIAN_POINT('',(1.,8.));
#1881 = VECTOR('',#1882,1.);
#1882 = DIRECTION('',(1.,0.));
#1883 = ( GEOMETRIC_REPRESENTATION_CONTEXT(2)
PARAMETRIC_REPRESENTATION_CONTEXT() REPRESENTATION_CONTEXT('2D SPACE',''
  ) );
#1884 = PCURVE('',#1267,#1885);
#1885 = DEFINITIONAL_REPRESENTATION('',(#1886),#1890);
#1886 = LINE('',#1887,#1888);
#1887 = CARTESIAN_POINT('',(1.,-5.));
#1888 = VECTOR('',#1889,1.);
#1889 = DIRECTION('',(1.,0.));
#1890 = ( GEOMETRIC_REPRESENTATION_CONTEXT(2)
PARAMETRIC_REPRESENTATION_CONTEXT() REPRESENTATION_CONTEXT('2D SPACE',''
  ) );
#1891 = ORIENTED_EDGE('',*,*,#1770,.F.);
#1892 = FACE_BOUND('',#1893,.T.);
#1893 = EDGE_LOOP('',(#1894));
#1894 = ORIENTED_EDGE('',*,*,#1895,.F.);
#1895 = EDGE_CURVE('',#1896,#1896,#1898,.T.);
#1896 = VERTEX_POINT('',#1897);
#1897 = CARTESIAN_POINT('',(87.,13.,11.4));
#1898 = SURFACE_CURVE('',#1899,(#1904,#1911),.PCURVE_S1.);
#1899 = CIRCLE('',#1900,1.4);
#1900 = AXIS2_PLACEMENT_3D('',#1901,#1902,#1903);
#1901 = CARTESIAN_POINT('',(87.,13.,10.));
#1902 = DIRECTION('',(0.,1.,0.));
#1903 = DIRECTION('',(0.,-0.,1.));
#1904 = PCURVE('',#215,#1905);
#1905 = DEFINITIONAL_REPRESENTATION('',(#1906),#1910);
#1906 = CIRCLE('',#1907,1.4);
#1907 = AXIS2_PLACEMENT_2D('',#1908,#1909);
#1908 = CARTESIAN_POINT('',(4.,5.));
#1909 = DIRECTION('',(1.,0.));
#1910 = ( GEOMETRIC_REPRESENTATION_CONTEXT(2)
PARAMETRIC_REPRESENTATION_CONTEXT() REPRESENTATION_CONTEXT('2D SPACE',''
  ) );
#1911 = PCURVE('',#1150,#1912);
#1912 = DEFINITIONAL_REPRESENTATION('',(#1913),#1917);
#1913 = LINE('',#1914,#1915);
#1914 = CARTESIAN_POINT('',(0.,10.));
#1915 = VECTOR('',#1916,1.);
#1916 = DIRECTION('',(1.,0.));
#1917 = ( GEOMETRIC_REPRESENTATION_CONTEXT(2)
PARAMETRIC_REPRESENTATION_CONTEXT() REPRESENTATION_CONTEXT('2D SPACE',''
  ) );
#1918 = ADVANCED_FACE('',(#1919),#366,.F.);
#1919 = FACE_BOUND('',#1920,.T.);
#1920 = EDGE_LOOP('',(#1921,#1943,#1944,#1945));
#1921 = ORIENTED_EDGE('',*,*,#1922,.F.);
#1922 = EDGE_CURVE('',#350,#1923,#1925,.T.);
#1923 = VERTEX_POINT('',#1924);
#1924 = CARTESIAN_POINT('',(22.,45.,6.6));
#1925 = SEAM_CURVE('',#1926,(#1931,#1937),.PCURVE_S1.);
#1926 = CIRCLE('',#1927,0.6);
#1927 = AXIS2_PLACEMENT_3D('',#1928,#1929,#1930);
#1928 = CARTESIAN_POINT('',(22.6,45.,6.6));
#1929 = DIRECTION('',(0.,1.,0.));
#1930 = DIRECTION('',(1.,0.,-0.));
#1931 = PCURVE('',#366,#1932);
#1932 = DEFINITIONAL_REPRESENTATION('',(#1933),#1936);
#1933 = B_SPLINE_CURVE_WITH_KNOTS('',1,(#1934,#1935),.UNSPECIFIED.,.F.,
  .F.,(2,2),(1.570796326795,3.14159265359),.PIECEWISE_BEZIER_KNOTS.);
#1934 = CARTESIAN_POINT('',(0.,1.570796326795));
#1935 = CARTESIAN_POINT('',(0.,3.14159265359));
#1936 = ( GEOMETRIC_REPRESENTATION_CONTEXT(2)
PARAMETRIC_REPRESENTATION_CONTEXT() REPRESENTATION_CONTEXT('2D SPACE',''
  ) );
#1937 = PCURVE('',#366,#1938);
#1938 = DEFINITIONAL_REPRESENTATION('',(#1939),#1942);
#1939 = B_SPLINE_CURVE_WITH_KNOTS('',1,(#1940,#1941),.UNSPECIFIED.,.F.,
  .F.,(2,2),(1.570796326795,3.14159265359),.PIECEWISE_BEZIER_KNOTS.);
#1940 = CARTESIAN_POINT('',(-6.28318530718,1.570796326795));
#1941 = CARTESIAN_POINT('',(-6.28318530718,3.14159265359));
#1942 = ( GEOMETRIC_REPRESENTATION_CONTEXT(2)
PARAMETRIC_REPRESENTATION_CONTEXT() REPRESENTATION_CONTEXT('2D SPACE',''
  ) );
#1943 = ORIENTED_EDGE('',*,*,#349,.F.);
#1944 = ORIENTED_EDGE('',*,*,#1922,.T.);
#1945 = ORIENTED_EDGE('',*,*,#1946,.T.);
#1946 = EDGE_CURVE('',#1923,#1923,#1947,.T.);
#1947 = SURFACE_CURVE('',#1948,(#1953,#1960),.PCURVE_S1.);
#1948 = CIRCLE('',#1949,4.);
#1949 = AXIS2_PLACEMENT_3D('',#1950,#1951,#1952);
#1950 = CARTESIAN_POINT('',(18.,45.,6.6));
#1951 = DIRECTION('',(0.,0.,1.));
#1952 = DIRECTION('',(1.,0.,-0.));
#1953 = PCURVE('',#366,#1954);
#1954 = DEFINITIONAL_REPRESENTATION('',(#1955),#1959);
#1955 = LINE('',#1956,#1957);
#1956 = CARTESIAN_POINT('',(-0.,3.14159265359));
#1957 = VECTOR('',#1958,1.);
#1958 = DIRECTION('',(-1.,0.));
#1959 = ( GEOMETRIC_REPRESENTATION_CONTEXT(2)
PARAMETRIC_REPRESENTATION_CONTEXT() REPRESENTATION_CONTEXT('2D SPACE',''
  ) );
#1960 = PCURVE('',#1961,#1966);
#1961 = CYLINDRICAL_SURFACE('',#1962,4.);
#1962 = AXIS2_PLACEMENT_3D('',#1963,#1964,#1965);
#1963 = CARTESIAN_POINT('',(18.,45.,5.));
#1964 = DIRECTION('',(0.,0.,1.));
#1965 = DIRECTION('',(1.,0.,-0.));
#1966 = DEFINITIONAL_REPRESENTATION('',(#1967),#1971);
#1967 = LINE('',#1968,#1969);
#1968 = CARTESIAN_POINT('',(0.,1.6));
#1969 = VECTOR('',#1970,1.);
#1970 = DIRECTION('',(1.,0.));
#1971 = ( GEOMETRIC_REPRESENTATION_CONTEXT(2)
PARAMETRIC_REPRESENTATION_CONTEXT() REPRESENTATION_CONTEXT('2D SPACE',''
  ) );
#1972 = ADVANCED_FACE('',(#1973),#420,.T.);
#1973 = FACE_BOUND('',#1974,.T.);
#1974 = EDGE_LOOP('',(#1975,#1998,#1999,#2000));
#1975 = ORIENTED_EDGE('',*,*,#1976,.F.);
#1976 = EDGE_CURVE('',#382,#1977,#1979,.T.);
#1977 = VERTEX_POINT('',#1978);
#1978 = CARTESIAN_POINT('',(82.,45.,8.7));
#1979 = SEAM_CURVE('',#1980,(#1984,#1991),.PCURVE_S1.);
#1980 = LINE('',#1981,#1982);
#1981 = CARTESIAN_POINT('',(82.,45.,5.));
#1982 = VECTOR('',#1983,1.);
#1983 = DIRECTION('',(0.,0.,1.));
#1984 = PCURVE('',#420,#1985);
#1985 = DEFINITIONAL_REPRESENTATION('',(#1986),#1990);
#1986 = LINE('',#1987,#1988);
#1987 = CARTESIAN_POINT('',(0.,-0.));
#1988 = VECTOR('',#1989,1.);
#1989 = DIRECTION('',(0.,1.));
#1990 = ( GEOMETRIC_REPRESENTATION_CONTEXT(2)
PARAMETRIC_REPRESENTATION_CONTEXT() REPRESENTATION_CONTEXT('2D SPACE',''
  ) );
#1991 = PCURVE('',#420,#1992);
#1992 = DEFINITIONAL_REPRESENTATION('',(#1993),#1997);
#1993 = LINE('',#1994,#1995);
#1994 = CARTESIAN_POINT('',(6.28318530718,-0.));
#1995 = VECTOR('',#1996,1.);
#1996 = DIRECTION('',(0.,1.));
#1997 = ( GEOMETRIC_REPRESENTATION_CONTEXT(2)
PARAMETRIC_REPRESENTATION_CONTEXT() REPRESENTATION_CONTEXT('2D SPACE',''
  ) );
#1998 = ORIENTED_EDGE('',*,*,#405,.T.);
#1999 = ORIENTED_EDGE('',*,*,#1976,.T.);
#2000 = ORIENTED_EDGE('',*,*,#2001,.F.);
#2001 = EDGE_CURVE('',#1977,#1977,#2002,.T.);
#2002 = SURFACE_CURVE('',#2003,(#2008,#2015),.PCURVE_S1.);
#2003 = CIRCLE('',#2004,4.);
#2004 = AXIS2_PLACEMENT_3D('',#2005,#2006,#2007);
#2005 = CARTESIAN_POINT('',(78.,45.,8.7));
#2006 = DIRECTION('',(0.,0.,1.));
#2007 = DIRECTION('',(1.,0.,-0.));
#2008 = PCURVE('',#420,#2009);
#2009 = DEFINITIONAL_REPRESENTATION('',(#2010),#2014);
#2010 = LINE('',#2011,#2012);
#2011 = CARTESIAN_POINT('',(0.,3.7));
#2012 = VECTOR('',#2013,1.);
#2013 = DIRECTION('',(1.,0.));
#2014 = ( GEOMETRIC_REPRESENTATION_CONTEXT(2)
PARAMETRIC_REPRESENTATION_CONTEXT() REPRESENTATION_CONTEXT('2D SPACE',''
  ) );
#2015 = PCURVE('',#2016,#2021);
#2016 = CONICAL_SURFACE('',#2017,4.,0.785398163397);
#2017 = AXIS2_PLACEMENT_3D('',#2018,#2019,#2020);
#2018 = CARTESIAN_POINT('',(78.,45.,8.7));
#2019 = DIRECTION('',(-0.,-0.,-1.));
#2020 = DIRECTION('',(1.,0.,0.));
#2021 = DEFINITIONAL_REPRESENTATION('',(#2022),#2026);
#2022 = LINE('',#2023,#2024);
#2023 = CARTESIAN_POINT('',(-0.,-0.));
#2024 = VECTOR('',#2025,1.);
#2025 = DIRECTION('',(-1.,-0.));
#2026 = ( GEOMETRIC_REPRESENTATION_CONTEXT(2)
PARAMETRIC_REPRESENTATION_CONTEXT() REPRESENTATION_CONTEXT('2D SPACE',''
  ) );
#2027 = ADVANCED_FACE('',(#2028,#2142),#453,.T.);
#2028 = FACE_BOUND('',#2029,.T.);
#2029 = EDGE_LOOP('',(#2030,#2060,#2088,#2116));
#2030 = ORIENTED_EDGE('',*,*,#2031,.T.);
#2031 = EDGE_CURVE('',#2032,#2034,#2036,.T.);
#2032 = VERTEX_POINT('',#2033);
#2033 = CARTESIAN_POINT('',(6.,77.3,98.2));
#2034 = VERTEX_POINT('',#2035);
#2035 = CARTESIAN_POINT('',(6.,48.7,98.2));
#2036 = SURFACE_CURVE('',#2037,(#2041,#2048),.PCURVE_S1.);
#2037 = LINE('',#2038,#2039);
#2038 = CARTESIAN_POINT('',(6.,77.,98.2));
#2039 = VECTOR('',#2040,1.);
#2040 = DIRECTION('',(0.,-1.,0.));
#2041 = PCURVE('',#453,#2042);
#2042 = DEFINITIONAL_REPRESENTATION('',(#2043),#2047);
#2043 = LINE('',#2044,#2045);
#2044 = CARTESIAN_POINT('',(92.2,-69.));
#2045 = VECTOR('',#2046,1.);
#2046 = DIRECTION('',(0.,1.));
#2047 = ( GEOMETRIC_REPRESENTATION_CONTEXT(2)
PARAMETRIC_REPRESENTATION_CONTEXT() REPRESENTATION_CONTEXT('2D SPACE',''
  ) );
#2048 = PCURVE('',#2049,#2054);
#2049 = PLANE('',#2050);
#2050 = AXIS2_PLACEMENT_3D('',#2051,#2052,#2053);
#2051 = CARTESIAN_POINT('',(5.85,77.,98.35));
#2052 = DIRECTION('',(0.707106781187,3.472568050348E-18,0.707106781187)
  );
#2053 = DIRECTION('',(-2.455476416532E-18,1.,-2.455476416533E-18));
#2054 = DEFINITIONAL_REPRESENTATION('',(#2055),#2059);
#2055 = LINE('',#2056,#2057);
#2056 = CARTESIAN_POINT('',(-0.,-0.212132034356));
#2057 = VECTOR('',#2058,1.);
#2058 = DIRECTION('',(-1.,0.));
#2059 = ( GEOMETRIC_REPRESENTATION_CONTEXT(2)
PARAMETRIC_REPRESENTATION_CONTEXT() REPRESENTATION_CONTEXT('2D SPACE',''
  ) );
#2060 = ORIENTED_EDGE('',*,*,#2061,.T.);
#2061 = EDGE_CURVE('',#2034,#2062,#2064,.T.);
#2062 = VERTEX_POINT('',#2063);
#2063 = CARTESIAN_POINT('',(6.,48.7,118.8));
#2064 = SURFACE_CURVE('',#2065,(#2069,#2076),.PCURVE_S1.);
#2065 = LINE('',#2066,#2067);
#2066 = CARTESIAN_POINT('',(6.,48.7,98.5));
#2067 = VECTOR('',#2068,1.);
#2068 = DIRECTION('',(0.,0.,1.));
#2069 = PCURVE('',#453,#2070);
#2070 = DEFINITIONAL_REPRESENTATION('',(#2071),#2075);
#2071 = LINE('',#2072,#2073);
#2072 = CARTESIAN_POINT('',(92.5,-40.7));
#2073 = VECTOR('',#2074,1.);
#2074 = DIRECTION('',(1.,0.));
#2075 = ( GEOMETRIC_REPRESENTATION_CONTEXT(2)
PARAMETRIC_REPRESENTATION_CONTEXT() REPRESENTATION_CONTEXT('2D SPACE',''
  ) );
#2076 = PCURVE('',#2077,#2082);
#2077 = PLANE('',#2078);
#2078 = AXIS2_PLACEMENT_3D('',#2079,#2080,#2081);
#2079 = CARTESIAN_POINT('',(5.85,48.85,98.5));
#2080 = DIRECTION('',(0.707106781187,0.707106781187,-3.472568050348E-18)
  );
#2081 = DIRECTION('',(-2.455476416532E-18,-2.455476416533E-18,-1.));
#2082 = DEFINITIONAL_REPRESENTATION('',(#2083),#2087);
#2083 = LINE('',#2084,#2085);
#2084 = CARTESIAN_POINT('',(-0.,-0.212132034356));
#2085 = VECTOR('',#2086,1.);
#2086 = DIRECTION('',(-1.,0.));
#2087 = ( GEOMETRIC_REPRESENTATION_CONTEXT(2)
PARAMETRIC_REPRESENTATION_CONTEXT() REPRESENTATION_CONTEXT('2D SPACE',''
  ) );
#2088 = ORIENTED_EDGE('',*,*,#2089,.F.);
#2089 = EDGE_CURVE('',#2090,#2062,#2092,.T.);
#2090 = VERTEX_POINT('',#2091);
#2091 = CARTESIAN_POINT('',(6.,77.3,118.8));
#2092 = SURFACE_CURVE('',#2093,(#2097,#2104),.PCURVE_S1.);
#2093 = LINE('',#2094,#2095);
#2094 = CARTESIAN_POINT('',(6.,77.,118.8));
#2095 = VECTOR('',#2096,1.);
#2096 = DIRECTION('',(0.,-1.,0.));
#2097 = PCURVE('',#453,#2098);
#2098 = DEFINITIONAL_REPRESENTATION('',(#2099),#2103);
#2099 = LINE('',#2100,#2101);
#2100 = CARTESIAN_POINT('',(112.8,-69.));
#2101 = VECTOR('',#2102,1.);
#2102 = DIRECTION('',(0.,1.));
#2103 = ( GEOMETRIC_REPRESENTATION_CONTEXT(2)
PARAMETRIC_REPRESENTATION_CONTEXT() REPRESENTATION_CONTEXT('2D SPACE',''
  ) );
#2104 = PCURVE('',#2105,#2110);
#2105 = PLANE('',#2106);
#2106 = AXIS2_PLACEMENT_3D('',#2107,#2108,#2109);
#2107 = CARTESIAN_POINT('',(5.85,77.,118.65));
#2108 = DIRECTION('',(-0.707106781187,-3.472568050348E-18,0.707106781187
    ));
#2109 = DIRECTION('',(-2.455476416532E-18,1.,2.455476416533E-18));
#2110 = DEFINITIONAL_REPRESENTATION('',(#2111),#2115);
#2111 = LINE('',#2112,#2113);
#2112 = CARTESIAN_POINT('',(-0.,-0.212132034356));
#2113 = VECTOR('',#2114,1.);
#2114 = DIRECTION('',(-1.,0.));
#2115 = ( GEOMETRIC_REPRESENTATION_CONTEXT(2)
PARAMETRIC_REPRESENTATION_CONTEXT() REPRESENTATION_CONTEXT('2D SPACE',''
  ) );
#2116 = ORIENTED_EDGE('',*,*,#2117,.F.);
#2117 = EDGE_CURVE('',#2032,#2090,#2118,.T.);
#2118 = SURFACE_CURVE('',#2119,(#2123,#2130),.PCURVE_S1.);
#2119 = LINE('',#2120,#2121);
#2120 = CARTESIAN_POINT('',(6.,77.3,98.5));
#2121 = VECTOR('',#2122,1.);
#2122 = DIRECTION('',(0.,0.,1.));
#2123 = PCURVE('',#453,#2124);
#2124 = DEFINITIONAL_REPRESENTATION('',(#2125),#2129);
#2125 = LINE('',#2126,#2127);
#2126 = CARTESIAN_POINT('',(92.5,-69.3));
#2127 = VECTOR('',#2128,1.);
#2128 = DIRECTION('',(1.,0.));
#2129 = ( GEOMETRIC_REPRESENTATION_CONTEXT(2)
PARAMETRIC_REPRESENTATION_CONTEXT() REPRESENTATION_CONTEXT('2D SPACE',''
  ) );
#2130 = PCURVE('',#2131,#2136);
#2131 = PLANE('',#2132);
#2132 = AXIS2_PLACEMENT_3D('',#2133,#2134,#2135);
#2133 = CARTESIAN_POINT('',(5.85,77.15,98.5));
#2134 = DIRECTION('',(-0.707106781187,0.707106781187,3.472568050348E-18)
  );
#2135 = DIRECTION('',(-2.455476416532E-18,2.455476416533E-18,-1.));
#2136 = DEFINITIONAL_REPRESENTATION('',(#2137),#2141);
#2137 = LINE('',#2138,#2139);
#2138 = CARTESIAN_POINT('',(-0.,-0.212132034356));
#2139 = VECTOR('',#2140,1.);
#2140 = DIRECTION('',(-1.,0.));
#2141 = ( GEOMETRIC_REPRESENTATION_CONTEXT(2)
PARAMETRIC_REPRESENTATION_CONTEXT() REPRESENTATION_CONTEXT('2D SPACE',''
  ) );
#2142 = FACE_BOUND('',#2143,.T.);
#2143 = EDGE_LOOP('',(#2144,#2174,#2202,#2221,#2222,#2241,#2242,#2243));
#2144 = ORIENTED_EDGE('',*,*,#2145,.F.);
#2145 = EDGE_CURVE('',#2146,#2148,#2150,.T.);
#2146 = VERTEX_POINT('',#2147);
#2147 = CARTESIAN_POINT('',(6.,13.,157.5));
#2148 = VERTEX_POINT('',#2149);
#2149 = CARTESIAN_POINT('',(6.,92.,157.5));
#2150 = SURFACE_CURVE('',#2151,(#2155,#2162),.PCURVE_S1.);
#2151 = LINE('',#2152,#2153);
#2152 = CARTESIAN_POINT('',(6.,10.,157.5));
#2153 = VECTOR('',#2154,1.);
#2154 = DIRECTION('',(-0.,1.,0.));
#2155 = PCURVE('',#453,#2156);
#2156 = DEFINITIONAL_REPRESENTATION('',(#2157),#2161);
#2157 = LINE('',#2158,#2159);
#2158 = CARTESIAN_POINT('',(151.5,-2.));
#2159 = VECTOR('',#2160,1.);
#2160 = DIRECTION('',(0.,-1.));
#2161 = ( GEOMETRIC_REPRESENTATION_CONTEXT(2)
PARAMETRIC_REPRESENTATION_CONTEXT() REPRESENTATION_CONTEXT('2D SPACE',''
  ) );
#2162 = PCURVE('',#2163,#2168);
#2163 = CYLINDRICAL_SURFACE('',#2164,0.5);
#2164 = AXIS2_PLACEMENT_3D('',#2165,#2166,#2167);
#2165 = CARTESIAN_POINT('',(5.5,10.,157.5));
#2166 = DIRECTION('',(-0.,1.,0.));
#2167 = DIRECTION('',(0.,0.,1.));
#2168 = DEFINITIONAL_REPRESENTATION('',(#2169),#2173);
#2169 = LINE('',#2170,#2171);
#2170 = CARTESIAN_POINT('',(1.570796326795,0.));
#2171 = VECTOR('',#2172,1.);
#2172 = DIRECTION('',(0.,1.));
#2173 = ( GEOMETRIC_REPRESENTATION_CONTEXT(2)
PARAMETRIC_REPRESENTATION_CONTEXT() REPRESENTATION_CONTEXT('2D SPACE',''
  ) );
#2174 = ORIENTED_EDGE('',*,*,#2175,.F.);
#2175 = EDGE_CURVE('',#2176,#2146,#2178,.T.);
#2176 = VERTEX_POINT('',#2177);
#2177 = CARTESIAN_POINT('',(6.,13.,135.));
#2178 = SURFACE_CURVE('',#2179,(#2183,#2190),.PCURVE_S1.);
#2179 = LINE('',#2180,#2181);
#2180 = CARTESIAN_POINT('',(6.,13.,135.));
#2181 = VECTOR('',#2182,1.);
#2182 = DIRECTION('',(0.,0.,1.));
#2183 = PCURVE('',#453,#2184);
#2184 = DEFINITIONAL_REPRESENTATION('',(#2185),#2189);
#2185 = LINE('',#2186,#2187);
#2186 = CARTESIAN_POINT('',(129.,-5.));
#2187 = VECTOR('',#2188,1.);
#2188 = DIRECTION('',(1.,0.));
#2189 = ( GEOMETRIC_REPRESENTATION_CONTEXT(2)
PARAMETRIC_REPRESENTATION_CONTEXT() REPRESENTATION_CONTEXT('2D SPACE',''
  ) );
#2190 = PCURVE('',#2191,#2196);
#2191 = PLANE('',#2192);
#2192 = AXIS2_PLACEMENT_3D('',#2193,#2194,#2195);
#2193 = CARTESIAN_POINT('',(8.220481209212,13.,146.96446609406));
#2194 = DIRECTION('',(-0.,-1.,-0.));
#2195 = DIRECTION('',(0.,0.,-1.));
#2196 = DEFINITIONAL_REPRESENTATION('',(#2197),#2201);
#2197 = LINE('',#2198,#2199);
#2198 = CARTESIAN_POINT('',(11.964466094067,-2.220481209212));
#2199 = VECTOR('',#2200,1.);
#2200 = DIRECTION('',(-1.,0.));
#2201 = ( GEOMETRIC_REPRESENTATION_CONTEXT(2)
PARAMETRIC_REPRESENTATION_CONTEXT() REPRESENTATION_CONTEXT('2D SPACE',''
  ) );
#2202 = ORIENTED_EDGE('',*,*,#2203,.T.);
#2203 = EDGE_CURVE('',#2176,#1453,#2204,.T.);
#2204 = SURFACE_CURVE('',#2205,(#2209,#2215),.PCURVE_S1.);
#2205 = LINE('',#2206,#2207);
#2206 = CARTESIAN_POINT('',(6.,10.5,135.));
#2207 = VECTOR('',#2208,1.);
#2208 = DIRECTION('',(0.,-1.,0.));
#2209 = PCURVE('',#453,#2210);
#2210 = DEFINITIONAL_REPRESENTATION('',(#2211),#2214);
#2211 = B_SPLINE_CURVE_WITH_KNOTS('',1,(#2212,#2213),.UNSPECIFIED.,.F.,
  .F.,(2,2),(-2.5,6.5),.PIECEWISE_BEZIER_KNOTS.);
#2212 = CARTESIAN_POINT('',(129.,-5.));
#2213 = CARTESIAN_POINT('',(129.,4.));
#2214 = ( GEOMETRIC_REPRESENTATION_CONTEXT(2)
PARAMETRIC_REPRESENTATION_CONTEXT() REPRESENTATION_CONTEXT('2D SPACE',''
  ) );
#2215 = PCURVE('',#1468,#2216);
#2216 = DEFINITIONAL_REPRESENTATION('',(#2217),#2220);
#2217 = B_SPLINE_CURVE_WITH_KNOTS('',1,(#2218,#2219),.UNSPECIFIED.,.F.,
  .F.,(2,2),(-2.5,6.5),.PIECEWISE_BEZIER_KNOTS.);
#2218 = CARTESIAN_POINT('',(2.828427124746,0.));
#2219 = CARTESIAN_POINT('',(2.828427124746,-9.));
#2220 = ( GEOMETRIC_REPRESENTATION_CONTEXT(2)
PARAMETRIC_REPRESENTATION_CONTEXT() REPRESENTATION_CONTEXT('2D SPACE',''
  ) );
#2221 = ORIENTED_EDGE('',*,*,#1480,.F.);
#2222 = ORIENTED_EDGE('',*,*,#2223,.F.);
#2223 = EDGE_CURVE('',#514,#1481,#2224,.T.);
#2224 = SURFACE_CURVE('',#2225,(#2229,#2235),.PCURVE_S1.);
#2225 = LINE('',#2226,#2227);
#2226 = CARTESIAN_POINT('',(6.,6.,15.));
#2227 = VECTOR('',#2228,1.);
#2228 = DIRECTION('',(0.,-1.,0.));
#2229 = PCURVE('',#453,#2230);
#2230 = DEFINITIONAL_REPRESENTATION('',(#2231),#2234);
#2231 = B_SPLINE_CURVE_WITH_KNOTS('',1,(#2232,#2233),.UNSPECIFIED.,.F.,
  .F.,(2,2),(-7.,2.),.PIECEWISE_BEZIER_KNOTS.);
#2232 = CARTESIAN_POINT('',(9.,-5.));
#2233 = CARTESIAN_POINT('',(9.,4.));
#2234 = ( GEOMETRIC_REPRESENTATION_CONTEXT(2)
PARAMETRIC_REPRESENTATION_CONTEXT() REPRESENTATION_CONTEXT('2D SPACE',''
  ) );
#2235 = PCURVE('',#552,#2236);
#2236 = DEFINITIONAL_REPRESENTATION('',(#2237),#2240);
#2237 = B_SPLINE_CURVE_WITH_KNOTS('',1,(#2238,#2239),.UNSPECIFIED.,.F.,
  .F.,(2,2),(-7.,2.),.PIECEWISE_BEZIER_KNOTS.);
#2238 = CARTESIAN_POINT('',(2.,9.));
#2239 = CARTESIAN_POINT('',(2.,0.));
#2240 = ( GEOMETRIC_REPRESENTATION_CONTEXT(2)
PARAMETRIC_REPRESENTATION_CONTEXT() REPRESENTATION_CONTEXT('2D SPACE',''
  ) );
#2241 = ORIENTED_EDGE('',*,*,#513,.T.);
#2242 = ORIENTED_EDGE('',*,*,#435,.T.);
#2243 = ORIENTED_EDGE('',*,*,#2244,.T.);
#2244 = EDGE_CURVE('',#438,#2148,#2245,.T.);
#2245 = SURFACE_CURVE('',#2246,(#2250,#2257),.PCURVE_S1.);
#2246 = LINE('',#2247,#2248);
#2247 = CARTESIAN_POINT('',(6.,92.,6.));
#2248 = VECTOR('',#2249,1.);
#2249 = DIRECTION('',(0.,0.,1.));
#2250 = PCURVE('',#453,#2251);
#2251 = DEFINITIONAL_REPRESENTATION('',(#2252),#2256);
#2252 = LINE('',#2253,#2254);
#2253 = CARTESIAN_POINT('',(0.,-84.));
#2254 = VECTOR('',#2255,1.);
#2255 = DIRECTION('',(1.,0.));
#2256 = ( GEOMETRIC_REPRESENTATION_CONTEXT(2)
PARAMETRIC_REPRESENTATION_CONTEXT() REPRESENTATION_CONTEXT('2D SPACE',''
  ) );
#2257 = PCURVE('',#699,#2258);
#2258 = DEFINITIONAL_REPRESENTATION('',(#2259),#2263);
#2259 = LINE('',#2260,#2261);
#2260 = CARTESIAN_POINT('',(-0.,0.));
#2261 = VECTOR('',#2262,1.);
#2262 = DIRECTION('',(-0.,1.));
#2263 = ( GEOMETRIC_REPRESENTATION_CONTEXT(2)
PARAMETRIC_REPRESENTATION_CONTEXT() REPRESENTATION_CONTEXT('2D SPACE',''
  ) );
#2264 = ADVANCED_FACE('',(#2265),#613,.T.);
#2265 = FACE_BOUND('',#2266,.T.);
#2266 = EDGE_LOOP('',(#2267,#2268,#2269,#2270));
#2267 = ORIENTED_EDGE('',*,*,#1554,.F.);
#2268 = ORIENTED_EDGE('',*,*,#761,.T.);
#2269 = ORIENTED_EDGE('',*,*,#597,.T.);
#2270 = ORIENTED_EDGE('',*,*,#2271,.F.);
#2271 = EDGE_CURVE('',#1527,#565,#2272,.T.);
#2272 = SURFACE_CURVE('',#2273,(#2277,#2284),.PCURVE_S1.);
#2273 = LINE('',#2274,#2275);
#2274 = CARTESIAN_POINT('',(14.,4.,14.4));
#2275 = VECTOR('',#2276,1.);
#2276 = DIRECTION('',(-0.,1.,0.));
#2277 = PCURVE('',#613,#2278);
#2278 = DEFINITIONAL_REPRESENTATION('',(#2279),#2283);
#2279 = LINE('',#2280,#2281);
#2280 = CARTESIAN_POINT('',(8.4,0.));
#2281 = VECTOR('',#2282,1.);
#2282 = DIRECTION('',(0.,-1.));
#2283 = ( GEOMETRIC_REPRESENTATION_CONTEXT(2)
PARAMETRIC_REPRESENTATION_CONTEXT() REPRESENTATION_CONTEXT('2D SPACE',''
  ) );
#2284 = PCURVE('',#585,#2285);
#2285 = DEFINITIONAL_REPRESENTATION('',(#2286),#2290);
#2286 = LINE('',#2287,#2288);
#2287 = CARTESIAN_POINT('',(-0.,0.));
#2288 = VECTOR('',#2289,1.);
#2289 = DIRECTION('',(-0.,1.));
#2290 = ( GEOMETRIC_REPRESENTATION_CONTEXT(2)
PARAMETRIC_REPRESENTATION_CONTEXT() REPRESENTATION_CONTEXT('2D SPACE',''
  ) );
#2291 = ADVANCED_FACE('',(#2292),#552,.T.);
#2292 = FACE_BOUND('',#2293,.T.);
#2293 = EDGE_LOOP('',(#2294,#2295,#2296,#2317));
#2294 = ORIENTED_EDGE('',*,*,#2223,.T.);
#2295 = ORIENTED_EDGE('',*,*,#1503,.F.);
#2296 = ORIENTED_EDGE('',*,*,#2297,.T.);
#2297 = EDGE_CURVE('',#1504,#537,#2298,.T.);
#2298 = SURFACE_CURVE('',#2299,(#2303,#2310),.PCURVE_S1.);
#2299 = LINE('',#2300,#2301);
#2300 = CARTESIAN_POINT('',(13.4,4.,15.));
#2301 = VECTOR('',#2302,1.);
#2302 = DIRECTION('',(-0.,1.,0.));
#2303 = PCURVE('',#552,#2304);
#2304 = DEFINITIONAL_REPRESENTATION('',(#2305),#2309);
#2305 = LINE('',#2306,#2307);
#2306 = CARTESIAN_POINT('',(9.4,0.));
#2307 = VECTOR('',#2308,1.);
#2308 = DIRECTION('',(0.,1.));
#2309 = ( GEOMETRIC_REPRESENTATION_CONTEXT(2)
PARAMETRIC_REPRESENTATION_CONTEXT() REPRESENTATION_CONTEXT('2D SPACE',''
  ) );
#2310 = PCURVE('',#585,#2311);
#2311 = DEFINITIONAL_REPRESENTATION('',(#2312),#2316);
#2312 = LINE('',#2313,#2314);
#2313 = CARTESIAN_POINT('',(-1.570796326795,0.));
#2314 = VECTOR('',#2315,1.);
#2315 = DIRECTION('',(-0.,1.));
#2316 = ( GEOMETRIC_REPRESENTATION_CONTEXT(2)
PARAMETRIC_REPRESENTATION_CONTEXT() REPRESENTATION_CONTEXT('2D SPACE',''
  ) );
#2317 = ORIENTED_EDGE('',*,*,#536,.T.);
#2318 = ADVANCED_FACE('',(#2319),#585,.T.);
#2319 = FACE_BOUND('',#2320,.F.);
#2320 = EDGE_LOOP('',(#2321,#2322,#2323,#2324));
#2321 = ORIENTED_EDGE('',*,*,#1526,.T.);
#2322 = ORIENTED_EDGE('',*,*,#2297,.T.);
#2323 = ORIENTED_EDGE('',*,*,#564,.F.);
#2324 = ORIENTED_EDGE('',*,*,#2271,.F.);
#2325 = ADVANCED_FACE('',(#2326),#666,.F.);
#2326 = FACE_BOUND('',#2327,.F.);
#2327 = EDGE_LOOP('',(#2328,#2329,#2350,#2351));
#2328 = ORIENTED_EDGE('',*,*,#649,.F.);
#2329 = ORIENTED_EDGE('',*,*,#2330,.F.);
#2330 = EDGE_CURVE('',#1077,#650,#2331,.T.);
#2331 = SEAM_CURVE('',#2332,(#2336,#2343),.PCURVE_S1.);
#2332 = LINE('',#2333,#2334);
#2333 = CARTESIAN_POINT('',(9.,3.,11.4));
#2334 = VECTOR('',#2335,1.);
#2335 = DIRECTION('',(0.,1.,0.));
#2336 = PCURVE('',#666,#2337);
#2337 = DEFINITIONAL_REPRESENTATION('',(#2338),#2342);
#2338 = LINE('',#2339,#2340);
#2339 = CARTESIAN_POINT('',(6.28318530718,-0.));
#2340 = VECTOR('',#2341,1.);
#2341 = DIRECTION('',(0.,1.));
#2342 = ( GEOMETRIC_REPRESENTATION_CONTEXT(2)
PARAMETRIC_REPRESENTATION_CONTEXT() REPRESENTATION_CONTEXT('2D SPACE',''
  ) );
#2343 = PCURVE('',#666,#2344);
#2344 = DEFINITIONAL_REPRESENTATION('',(#2345),#2349);
#2345 = LINE('',#2346,#2347);
#2346 = CARTESIAN_POINT('',(0.,-0.));
#2347 = VECTOR('',#2348,1.);
#2348 = DIRECTION('',(0.,1.));
#2349 = ( GEOMETRIC_REPRESENTATION_CONTEXT(2)
PARAMETRIC_REPRESENTATION_CONTEXT() REPRESENTATION_CONTEXT('2D SPACE',''
  ) );
#2350 = ORIENTED_EDGE('',*,*,#1076,.T.);
#2351 = ORIENTED_EDGE('',*,*,#2330,.T.);
#2352 = ADVANCED_FACE('',(#2353),#699,.F.);
#2353 = FACE_BOUND('',#2354,.T.);
#2354 = EDGE_LOOP('',(#2355,#2356,#2357,#2380));
#2355 = ORIENTED_EDGE('',*,*,#2244,.F.);
#2356 = ORIENTED_EDGE('',*,*,#682,.T.);
#2357 = ORIENTED_EDGE('',*,*,#2358,.T.);
#2358 = EDGE_CURVE('',#683,#2359,#2361,.T.);
#2359 = VERTEX_POINT('',#2360);
#2360 = CARTESIAN_POINT('',(8.,94.,157.5));
#2361 = SURFACE_CURVE('',#2362,(#2366,#2373),.PCURVE_S1.);
#2362 = LINE('',#2363,#2364);
#2363 = CARTESIAN_POINT('',(8.,94.,6.));
#2364 = VECTOR('',#2365,1.);
#2365 = DIRECTION('',(0.,0.,1.));
#2366 = PCURVE('',#699,#2367);
#2367 = DEFINITIONAL_REPRESENTATION('',(#2368),#2372);
#2368 = LINE('',#2369,#2370);
#2369 = CARTESIAN_POINT('',(-1.570796326795,0.));
#2370 = VECTOR('',#2371,1.);
#2371 = DIRECTION('',(-0.,1.));
#2372 = ( GEOMETRIC_REPRESENTATION_CONTEXT(2)
PARAMETRIC_REPRESENTATION_CONTEXT() REPRESENTATION_CONTEXT('2D SPACE',''
  ) );
#2373 = PCURVE('',#823,#2374);
#2374 = DEFINITIONAL_REPRESENTATION('',(#2375),#2379);
#2375 = LINE('',#2376,#2377);
#2376 = CARTESIAN_POINT('',(0.,2.));
#2377 = VECTOR('',#2378,1.);
#2378 = DIRECTION('',(1.,0.));
#2379 = ( GEOMETRIC_REPRESENTATION_CONTEXT(2)
PARAMETRIC_REPRESENTATION_CONTEXT() REPRESENTATION_CONTEXT('2D SPACE',''
  ) );
#2380 = ORIENTED_EDGE('',*,*,#2381,.F.);
#2381 = EDGE_CURVE('',#2148,#2359,#2382,.T.);
#2382 = SURFACE_CURVE('',#2383,(#2388,#2395),.PCURVE_S1.);
#2383 = CIRCLE('',#2384,2.);
#2384 = AXIS2_PLACEMENT_3D('',#2385,#2386,#2387);
#2385 = CARTESIAN_POINT('',(8.,92.,157.5));
#2386 = DIRECTION('',(-0.,0.,-1.));
#2387 = DIRECTION('',(-1.,0.,0.));
#2388 = PCURVE('',#699,#2389);
#2389 = DEFINITIONAL_REPRESENTATION('',(#2390),#2394);
#2390 = LINE('',#2391,#2392);
#2391 = CARTESIAN_POINT('',(-0.,151.5));
#2392 = VECTOR('',#2393,1.);
#2393 = DIRECTION('',(-1.,0.));
#2394 = ( GEOMETRIC_REPRESENTATION_CONTEXT(2)
PARAMETRIC_REPRESENTATION_CONTEXT() REPRESENTATION_CONTEXT('2D SPACE',''
  ) );
#2395 = PCURVE('',#2396,#2401);
#2396 = TOROIDAL_SURFACE('',#2397,2.5,0.5);
#2397 = AXIS2_PLACEMENT_3D('',#2398,#2399,#2400);
#2398 = CARTESIAN_POINT('',(8.,92.,157.5));
#2399 = DIRECTION('',(0.,0.,1.));
#2400 = DIRECTION('',(-1.,0.,0.));
#2401 = DEFINITIONAL_REPRESENTATION('',(#2402),#2406);
#2402 = LINE('',#2403,#2404);
#2403 = CARTESIAN_POINT('',(-0.,3.14159265359));
#2404 = VECTOR('',#2405,1.);
#2405 = DIRECTION('',(-1.,0.));
#2406 = ( GEOMETRIC_REPRESENTATION_CONTEXT(2)
PARAMETRIC_REPRESENTATION_CONTEXT() REPRESENTATION_CONTEXT('2D SPACE',''
  ) );
#2407 = ADVANCED_FACE('',(#2408,#2439,#2492,#2523,#2554),#823,.F.);
#2408 = FACE_BOUND('',#2409,.F.);
#2409 = EDGE_LOOP('',(#2410));
#2410 = ORIENTED_EDGE('',*,*,#2411,.F.);
#2411 = EDGE_CURVE('',#2412,#2412,#2414,.T.);
#2412 = VERTEX_POINT('',#2413);
#2413 = CARTESIAN_POINT('',(76.5,94.,143.1));
#2414 = SURFACE_CURVE('',#2415,(#2420,#2427),.PCURVE_S1.);
#2415 = CIRCLE('',#2416,4.6);
#2416 = AXIS2_PLACEMENT_3D('',#2417,#2418,#2419);
#2417 = CARTESIAN_POINT('',(76.5,94.,138.5));
#2418 = DIRECTION('',(-0.,1.,0.));
#2419 = DIRECTION('',(0.,0.,1.));
#2420 = PCURVE('',#823,#2421);
#2421 = DEFINITIONAL_REPRESENTATION('',(#2422),#2426);
#2422 = CIRCLE('',#2423,4.6);
#2423 = AXIS2_PLACEMENT_2D('',#2424,#2425);
#2424 = CARTESIAN_POINT('',(132.5,70.5));
#2425 = DIRECTION('',(1.,0.));
#2426 = ( GEOMETRIC_REPRESENTATION_CONTEXT(2)
PARAMETRIC_REPRESENTATION_CONTEXT() REPRESENTATION_CONTEXT('2D SPACE',''
  ) );
#2427 = PCURVE('',#2428,#2433);
#2428 = TOROIDAL_SURFACE('',#2429,4.6,0.6);
#2429 = AXIS2_PLACEMENT_3D('',#2430,#2431,#2432);
#2430 = CARTESIAN_POINT('',(76.5,93.4,138.5));
#2431 = DIRECTION('',(-0.,1.,0.));
#2432 = DIRECTION('',(0.,0.,1.));
#2433 = DEFINITIONAL_REPRESENTATION('',(#2434),#2438);
#2434 = LINE('',#2435,#2436);
#2435 = CARTESIAN_POINT('',(0.,1.570796326795));
#2436 = VECTOR('',#2437,1.);
#2437 = DIRECTION('',(1.,0.));
#2438 = ( GEOMETRIC_REPRESENTATION_CONTEXT(2)
PARAMETRIC_REPRESENTATION_CONTEXT() REPRESENTATION_CONTEXT('2D SPACE',''
  ) );
#2439 = FACE_BOUND('',#2440,.F.);
#2440 = EDGE_LOOP('',(#2441,#2464,#2465,#2466));
#2441 = ORIENTED_EDGE('',*,*,#2442,.F.);
#2442 = EDGE_CURVE('',#788,#2443,#2445,.T.);
#2443 = VERTEX_POINT('',#2444);
#2444 = CARTESIAN_POINT('',(88.,94.,157.5));
#2445 = SURFACE_CURVE('',#2446,(#2450,#2457),.PCURVE_S1.);
#2446 = LINE('',#2447,#2448);
#2447 = CARTESIAN_POINT('',(88.,94.,6.));
#2448 = VECTOR('',#2449,1.);
#2449 = DIRECTION('',(0.,0.,1.));
#2450 = PCURVE('',#823,#2451);
#2451 = DEFINITIONAL_REPRESENTATION('',(#2452),#2456);
#2452 = LINE('',#2453,#2454);
#2453 = CARTESIAN_POINT('',(0.,82.));
#2454 = VECTOR('',#2455,1.);
#2455 = DIRECTION('',(1.,0.));
#2456 = ( GEOMETRIC_REPRESENTATION_CONTEXT(2)
PARAMETRIC_REPRESENTATION_CONTEXT() REPRESENTATION_CONTEXT('2D SPACE',''
  ) );
#2457 = PCURVE('',#1655,#2458);
#2458 = DEFINITIONAL_REPRESENTATION('',(#2459),#2463);
#2459 = LINE('',#2460,#2461);
#2460 = CARTESIAN_POINT('',(1.570796326795,0.));
#2461 = VECTOR('',#2462,1.);
#2462 = DIRECTION('',(0.,1.));
#2463 = ( GEOMETRIC_REPRESENTATION_CONTEXT(2)
PARAMETRIC_REPRESENTATION_CONTEXT() REPRESENTATION_CONTEXT('2D SPACE',''
  ) );
#2464 = ORIENTED_EDGE('',*,*,#809,.F.);
#2465 = ORIENTED_EDGE('',*,*,#2358,.T.);
#2466 = ORIENTED_EDGE('',*,*,#2467,.T.);
#2467 = EDGE_CURVE('',#2359,#2443,#2468,.T.);
#2468 = SURFACE_CURVE('',#2469,(#2473,#2480),.PCURVE_S1.);
#2469 = LINE('',#2470,#2471);
#2470 = CARTESIAN_POINT('',(8.,94.,157.5));
#2471 = VECTOR('',#2472,1.);
#2472 = DIRECTION('',(1.,0.,-0.));
#2473 = PCURVE('',#823,#2474);
#2474 = DEFINITIONAL_REPRESENTATION('',(#2475),#2479);
#2475 = LINE('',#2476,#2477);
#2476 = CARTESIAN_POINT('',(151.5,2.));
#2477 = VECTOR('',#2478,1.);
#2478 = DIRECTION('',(0.,1.));
#2479 = ( GEOMETRIC_REPRESENTATION_CONTEXT(2)
PARAMETRIC_REPRESENTATION_CONTEXT() REPRESENTATION_CONTEXT('2D SPACE',''
  ) );
#2480 = PCURVE('',#2481,#2486);
#2481 = CYLINDRICAL_SURFACE('',#2482,0.5);
#2482 = AXIS2_PLACEMENT_3D('',#2483,#2484,#2485);
#2483 = CARTESIAN_POINT('',(8.,94.5,157.5));
#2484 = DIRECTION('',(1.,0.,-0.));
#2485 = DIRECTION('',(0.,0.,1.));
#2486 = DEFINITIONAL_REPRESENTATION('',(#2487),#2491);
#2487 = LINE('',#2488,#2489);
#2488 = CARTESIAN_POINT('',(1.570796326795,0.));
#2489 = VECTOR('',#2490,1.);
#2490 = DIRECTION('',(0.,1.));
#2491 = ( GEOMETRIC_REPRESENTATION_CONTEXT(2)
PARAMETRIC_REPRESENTATION_CONTEXT() REPRESENTATION_CONTEXT('2D SPACE',''
  ) );
#2492 = FACE_BOUND('',#2493,.F.);
#2493 = EDGE_LOOP('',(#2494));
#2494 = ORIENTED_EDGE('',*,*,#2495,.F.);
#2495 = EDGE_CURVE('',#2496,#2496,#2498,.T.);
#2496 = VERTEX_POINT('',#2497);
#2497 = CARTESIAN_POINT('',(19.5,94.,83.1));
#2498 = SURFACE_CURVE('',#2499,(#2504,#2511),.PCURVE_S1.);
#2499 = CIRCLE('',#2500,4.6);
#2500 = AXIS2_PLACEMENT_3D('',#2501,#2502,#2503);
#2501 = CARTESIAN_POINT('',(19.5,94.,78.5));
#2502 = DIRECTION('',(-0.,1.,0.));
#2503 = DIRECTION('',(0.,0.,1.));
#2504 = PCURVE('',#823,#2505);
#2505 = DEFINITIONAL_REPRESENTATION('',(#2506),#2510);
#2506 = CIRCLE('',#2507,4.6);
#2507 = AXIS2_PLACEMENT_2D('',#2508,#2509);
#2508 = CARTESIAN_POINT('',(72.5,13.5));
#2509 = DIRECTION('',(1.,0.));
#2510 = ( GEOMETRIC_REPRESENTATION_CONTEXT(2)
PARAMETRIC_REPRESENTATION_CONTEXT() REPRESENTATION_CONTEXT('2D SPACE',''
  ) );
#2511 = PCURVE('',#2512,#2517);
#2512 = TOROIDAL_SURFACE('',#2513,4.6,0.6);
#2513 = AXIS2_PLACEMENT_3D('',#2514,#2515,#2516);
#2514 = CARTESIAN_POINT('',(19.5,93.4,78.5));
#2515 = DIRECTION('',(-0.,1.,0.));
#2516 = DIRECTION('',(0.,0.,1.));
#2517 = DEFINITIONAL_REPRESENTATION('',(#2518),#2522);
#2518 = LINE('',#2519,#2520);
#2519 = CARTESIAN_POINT('',(0.,1.570796326795));
#2520 = VECTOR('',#2521,1.);
#2521 = DIRECTION('',(1.,0.));
#2522 = ( GEOMETRIC_REPRESENTATION_CONTEXT(2)
PARAMETRIC_REPRESENTATION_CONTEXT() REPRESENTATION_CONTEXT('2D SPACE',''
  ) );
#2523 = FACE_BOUND('',#2524,.F.);
#2524 = EDGE_LOOP('',(#2525));
#2525 = ORIENTED_EDGE('',*,*,#2526,.F.);
#2526 = EDGE_CURVE('',#2527,#2527,#2529,.T.);
#2527 = VERTEX_POINT('',#2528);
#2528 = CARTESIAN_POINT('',(19.5,94.,143.1));
#2529 = SURFACE_CURVE('',#2530,(#2535,#2542),.PCURVE_S1.);
#2530 = CIRCLE('',#2531,4.6);
#2531 = AXIS2_PLACEMENT_3D('',#2532,#2533,#2534);
#2532 = CARTESIAN_POINT('',(19.5,94.,138.5));
#2533 = DIRECTION('',(-0.,1.,0.));
#2534 = DIRECTION('',(0.,0.,1.));
#2535 = PCURVE('',#823,#2536);
#2536 = DEFINITIONAL_REPRESENTATION('',(#2537),#2541);
#2537 = CIRCLE('',#2538,4.6);
#2538 = AXIS2_PLACEMENT_2D('',#2539,#2540);
#2539 = CARTESIAN_POINT('',(132.5,13.5));
#2540 = DIRECTION('',(1.,0.));
#2541 = ( GEOMETRIC_REPRESENTATION_CONTEXT(2)
PARAMETRIC_REPRESENTATION_CONTEXT() REPRESENTATION_CONTEXT('2D SPACE',''
  ) );
#2542 = PCURVE('',#2543,#2548);
#2543 = TOROIDAL_SURFACE('',#2544,4.6,0.6);
#2544 = AXIS2_PLACEMENT_3D('',#2545,#2546,#2547);
#2545 = CARTESIAN_POINT('',(19.5,93.4,138.5));
#2546 = DIRECTION('',(-0.,1.,0.));
#2547 = DIRECTION('',(0.,0.,1.));
#2548 = DEFINITIONAL_REPRESENTATION('',(#2549),#2553);
#2549 = LINE('',#2550,#2551);
#2550 = CARTESIAN_POINT('',(0.,1.570796326795));
#2551 = VECTOR('',#2552,1.);
#2552 = DIRECTION('',(1.,0.));
#2553 = ( GEOMETRIC_REPRESENTATION_CONTEXT(2)
PARAMETRIC_REPRESENTATION_CONTEXT() REPRESENTATION_CONTEXT('2D SPACE',''
  ) );
#2554 = FACE_BOUND('',#2555,.F.);
#2555 = EDGE_LOOP('',(#2556));
#2556 = ORIENTED_EDGE('',*,*,#2557,.F.);
#2557 = EDGE_CURVE('',#2558,#2558,#2560,.T.);
#2558 = VERTEX_POINT('',#2559);
#2559 = CARTESIAN_POINT('',(76.5,94.,83.1));
#2560 = SURFACE_CURVE('',#2561,(#2566,#2573),.PCURVE_S1.);
#2561 = CIRCLE('',#2562,4.6);
#2562 = AXIS2_PLACEMENT_3D('',#2563,#2564,#2565);
#2563 = CARTESIAN_POINT('',(76.5,94.,78.5));
#2564 = DIRECTION('',(-0.,1.,0.));
#2565 = DIRECTION('',(0.,0.,1.));
#2566 = PCURVE('',#823,#2567);
#2567 = DEFINITIONAL_REPRESENTATION('',(#2568),#2572);
#2568 = CIRCLE('',#2569,4.6);
#2569 = AXIS2_PLACEMENT_2D('',#2570,#2571);
#2570 = CARTESIAN_POINT('',(72.5,70.5));
#2571 = DIRECTION('',(1.,0.));
#2572 = ( GEOMETRIC_REPRESENTATION_CONTEXT(2)
PARAMETRIC_REPRESENTATION_CONTEXT() REPRESENTATION_CONTEXT('2D SPACE',''
  ) );
#2573 = PCURVE('',#2574,#2579);
#2574 = TOROIDAL_SURFACE('',#2575,4.6,0.6);
#2575 = AXIS2_PLACEMENT_3D('',#2576,#2577,#2578);
#2576 = CARTESIAN_POINT('',(76.5,93.4,78.5));
#2577 = DIRECTION('',(-0.,1.,0.));
#2578 = DIRECTION('',(0.,0.,1.));
#2579 = DEFINITIONAL_REPRESENTATION('',(#2580),#2584);
#2580 = LINE('',#2581,#2582);
#2581 = CARTESIAN_POINT('',(0.,1.570796326795));
#2582 = VECTOR('',#2583,1.);
#2583 = DIRECTION('',(1.,0.));
#2584 = ( GEOMETRIC_REPRESENTATION_CONTEXT(2)
PARAMETRIC_REPRESENTATION_CONTEXT() REPRESENTATION_CONTEXT('2D SPACE',''
  ) );
#2585 = ADVANCED_FACE('',(#2586),#856,.T.);
#2586 = FACE_BOUND('',#2587,.T.);
#2587 = EDGE_LOOP('',(#2588,#2611,#2612,#2635,#2664,#2692));
#2588 = ORIENTED_EDGE('',*,*,#2589,.T.);
#2589 = EDGE_CURVE('',#2590,#841,#2592,.T.);
#2590 = VERTEX_POINT('',#2591);
#2591 = CARTESIAN_POINT('',(90.,0.375047169979,3.));
#2592 = SURFACE_CURVE('',#2593,(#2597,#2604),.PCURVE_S1.);
#2593 = LINE('',#2594,#2595);
#2594 = CARTESIAN_POINT('',(90.,-1.,3.));
#2595 = VECTOR('',#2596,1.);
#2596 = DIRECTION('',(-0.,1.,0.));
#2597 = PCURVE('',#856,#2598);
#2598 = DEFINITIONAL_REPRESENTATION('',(#2599),#2603);
#2599 = LINE('',#2600,#2601);
#2600 = CARTESIAN_POINT('',(87.,0.));
#2601 = VECTOR('',#2602,1.);
#2602 = DIRECTION('',(0.,1.));
#2603 = ( GEOMETRIC_REPRESENTATION_CONTEXT(2)
PARAMETRIC_REPRESENTATION_CONTEXT() REPRESENTATION_CONTEXT('2D SPACE',''
  ) );
#2604 = PCURVE('',#1062,#2605);
#2605 = DEFINITIONAL_REPRESENTATION('',(#2606),#2610);
#2606 = LINE('',#2607,#2608);
#2607 = CARTESIAN_POINT('',(1.570796326795,0.));
#2608 = VECTOR('',#2609,1.);
#2609 = DIRECTION('',(0.,1.));
#2610 = ( GEOMETRIC_REPRESENTATION_CONTEXT(2)
PARAMETRIC_REPRESENTATION_CONTEXT() REPRESENTATION_CONTEXT('2D SPACE',''
  ) );
#2611 = ORIENTED_EDGE('',*,*,#838,.F.);
#2612 = ORIENTED_EDGE('',*,*,#2613,.F.);
#2613 = EDGE_CURVE('',#2614,#839,#2616,.T.);
#2614 = VERTEX_POINT('',#2615);
#2615 = CARTESIAN_POINT('',(6.,0.375047169979,3.));
#2616 = SURFACE_CURVE('',#2617,(#2621,#2628),.PCURVE_S1.);
#2617 = LINE('',#2618,#2619);
#2618 = CARTESIAN_POINT('',(6.,-1.,3.));
#2619 = VECTOR('',#2620,1.);
#2620 = DIRECTION('',(-0.,1.,0.));
#2621 = PCURVE('',#856,#2622);
#2622 = DEFINITIONAL_REPRESENTATION('',(#2623),#2627);
#2623 = LINE('',#2624,#2625);
#2624 = CARTESIAN_POINT('',(3.,0.));
#2625 = VECTOR('',#2626,1.);
#2626 = DIRECTION('',(0.,1.));
#2627 = ( GEOMETRIC_REPRESENTATION_CONTEXT(2)
PARAMETRIC_REPRESENTATION_CONTEXT() REPRESENTATION_CONTEXT('2D SPACE',''
  ) );
#2628 = PCURVE('',#889,#2629);
#2629 = DEFINITIONAL_REPRESENTATION('',(#2630),#2634);
#2630 = LINE('',#2631,#2632);
#2631 = CARTESIAN_POINT('',(-1.570796326795,0.));
#2632 = VECTOR('',#2633,1.);
#2633 = DIRECTION('',(-0.,1.));
#2634 = ( GEOMETRIC_REPRESENTATION_CONTEXT(2)
PARAMETRIC_REPRESENTATION_CONTEXT() REPRESENTATION_CONTEXT('2D SPACE',''
  ) );
#2635 = ORIENTED_EDGE('',*,*,#2636,.T.);
#2636 = EDGE_CURVE('',#2614,#2637,#2639,.T.);
#2637 = VERTEX_POINT('',#2638);
#2638 = CARTESIAN_POINT('',(7.,0.3,3.));
#2639 = SURFACE_CURVE('',#2640,(#2645,#2652),.PCURVE_S1.);
#2640 = CIRCLE('',#2641,6.7);
#2641 = AXIS2_PLACEMENT_3D('',#2642,#2643,#2644);
#2642 = CARTESIAN_POINT('',(7.,7.,3.));
#2643 = DIRECTION('',(0.,0.,1.));
#2644 = DIRECTION('',(-0.142857142857,-0.989743318611,0.));
#2645 = PCURVE('',#856,#2646);
#2646 = DEFINITIONAL_REPRESENTATION('',(#2647),#2651);
#2647 = CIRCLE('',#2648,6.7);
#2648 = AXIS2_PLACEMENT_2D('',#2649,#2650);
#2649 = CARTESIAN_POINT('',(4.,8.));
#2650 = DIRECTION('',(-0.142857142857,-0.989743318611));
#2651 = ( GEOMETRIC_REPRESENTATION_CONTEXT(2)
PARAMETRIC_REPRESENTATION_CONTEXT() REPRESENTATION_CONTEXT('2D SPACE',''
  ) );
#2652 = PCURVE('',#2653,#2658);
#2653 = TOROIDAL_SURFACE('',#2654,6.7,0.3);
#2654 = AXIS2_PLACEMENT_3D('',#2655,#2656,#2657);
#2655 = CARTESIAN_POINT('',(7.,7.,2.7));
#2656 = DIRECTION('',(0.,0.,1.));
#2657 = DIRECTION('',(-0.142857142857,-0.989743318611,0.));
#2658 = DEFINITIONAL_REPRESENTATION('',(#2659),#2663);
#2659 = LINE('',#2660,#2661);
#2660 = CARTESIAN_POINT('',(0.,1.570796326795));
#2661 = VECTOR('',#2662,1.);
#2662 = DIRECTION('',(1.,0.));
#2663 = ( GEOMETRIC_REPRESENTATION_CONTEXT(2)
PARAMETRIC_REPRESENTATION_CONTEXT() REPRESENTATION_CONTEXT('2D SPACE',''
  ) );
#2664 = ORIENTED_EDGE('',*,*,#2665,.T.);
#2665 = EDGE_CURVE('',#2637,#2666,#2668,.T.);
#2666 = VERTEX_POINT('',#2667);
#2667 = CARTESIAN_POINT('',(89.,0.3,3.));
#2668 = SURFACE_CURVE('',#2669,(#2673,#2680),.PCURVE_S1.);
#2669 = LINE('',#2670,#2671);
#2670 = CARTESIAN_POINT('',(7.,0.3,3.));
#2671 = VECTOR('',#2672,1.);
#2672 = DIRECTION('',(1.,0.,-0.));
#2673 = PCURVE('',#856,#2674);
#2674 = DEFINITIONAL_REPRESENTATION('',(#2675),#2679);
#2675 = LINE('',#2676,#2677);
#2676 = CARTESIAN_POINT('',(4.,1.3));
#2677 = VECTOR('',#2678,1.);
#2678 = DIRECTION('',(1.,0.));
#2679 = ( GEOMETRIC_REPRESENTATION_CONTEXT(2)
PARAMETRIC_REPRESENTATION_CONTEXT() REPRESENTATION_CONTEXT('2D SPACE',''
  ) );
#2680 = PCURVE('',#2681,#2686);
#2681 = CYLINDRICAL_SURFACE('',#2682,0.3);
#2682 = AXIS2_PLACEMENT_3D('',#2683,#2684,#2685);
#2683 = CARTESIAN_POINT('',(7.,0.3,2.7));
#2684 = DIRECTION('',(1.,0.,-0.));
#2685 = DIRECTION('',(0.,-1.,0.));
#2686 = DEFINITIONAL_REPRESENTATION('',(#2687),#2691);
#2687 = LINE('',#2688,#2689);
#2688 = CARTESIAN_POINT('',(-1.570796326795,0.));
#2689 = VECTOR('',#2690,1.);
#2690 = DIRECTION('',(-0.,1.));
#2691 = ( GEOMETRIC_REPRESENTATION_CONTEXT(2)
PARAMETRIC_REPRESENTATION_CONTEXT() REPRESENTATION_CONTEXT('2D SPACE',''
  ) );
#2692 = ORIENTED_EDGE('',*,*,#2693,.T.);
#2693 = EDGE_CURVE('',#2666,#2590,#2694,.T.);
#2694 = SURFACE_CURVE('',#2695,(#2700,#2707),.PCURVE_S1.);
#2695 = CIRCLE('',#2696,6.7);
#2696 = AXIS2_PLACEMENT_3D('',#2697,#2698,#2699);
#2697 = CARTESIAN_POINT('',(89.,7.,3.));
#2698 = DIRECTION('',(0.,0.,1.));
#2699 = DIRECTION('',(0.,-1.,0.));
#2700 = PCURVE('',#856,#2701);
#2701 = DEFINITIONAL_REPRESENTATION('',(#2702),#2706);
#2702 = CIRCLE('',#2703,6.7);
#2703 = AXIS2_PLACEMENT_2D('',#2704,#2705);
#2704 = CARTESIAN_POINT('',(86.,8.));
#2705 = DIRECTION('',(0.,-1.));
#2706 = ( GEOMETRIC_REPRESENTATION_CONTEXT(2)
PARAMETRIC_REPRESENTATION_CONTEXT() REPRESENTATION_CONTEXT('2D SPACE',''
  ) );
#2707 = PCURVE('',#2708,#2713);
#2708 = TOROIDAL_SURFACE('',#2709,6.7,0.3);
#2709 = AXIS2_PLACEMENT_3D('',#2710,#2711,#2712);
#2710 = CARTESIAN_POINT('',(89.,7.,2.7));
#2711 = DIRECTION('',(0.,0.,1.));
#2712 = DIRECTION('',(0.,-1.,0.));
#2713 = DEFINITIONAL_REPRESENTATION('',(#2714),#2718);
#2714 = LINE('',#2715,#2716);
#2715 = CARTESIAN_POINT('',(0.,1.570796326795));
#2716 = VECTOR('',#2717,1.);
#2717 = DIRECTION('',(1.,0.));
#2718 = ( GEOMETRIC_REPRESENTATION_CONTEXT(2)
PARAMETRIC_REPRESENTATION_CONTEXT() REPRESENTATION_CONTEXT('2D SPACE',''
  ) );
#2719 = ADVANCED_FACE('',(#2720),#889,.F.);
#2720 = FACE_BOUND('',#2721,.T.);
#2721 = EDGE_LOOP('',(#2722,#2745,#2979,#2980));
#2722 = ORIENTED_EDGE('',*,*,#2723,.F.);
#2723 = EDGE_CURVE('',#2724,#869,#2726,.T.);
#2724 = VERTEX_POINT('',#2725);
#2725 = CARTESIAN_POINT('',(3.,1.861906968534,6.));
#2726 = SURFACE_CURVE('',#2727,(#2731,#2738),.PCURVE_S1.);
#2727 = LINE('',#2728,#2729);
#2728 = CARTESIAN_POINT('',(3.,-1.,6.));
#2729 = VECTOR('',#2730,1.);
#2730 = DIRECTION('',(-0.,1.,0.));
#2731 = PCURVE('',#889,#2732);
#2732 = DEFINITIONAL_REPRESENTATION('',(#2733),#2737);
#2733 = LINE('',#2734,#2735);
#2734 = CARTESIAN_POINT('',(-0.,0.));
#2735 = VECTOR('',#2736,1.);
#2736 = DIRECTION('',(-0.,1.));
#2737 = ( GEOMETRIC_REPRESENTATION_CONTEXT(2)
PARAMETRIC_REPRESENTATION_CONTEXT() REPRESENTATION_CONTEXT('2D SPACE',''
  ) );
#2738 = PCURVE('',#917,#2739);
#2739 = DEFINITIONAL_REPRESENTATION('',(#2740),#2744);
#2740 = LINE('',#2741,#2742);
#2741 = CARTESIAN_POINT('',(3.,0.));
#2742 = VECTOR('',#2743,1.);
#2743 = DIRECTION('',(0.,-1.));
#2744 = ( GEOMETRIC_REPRESENTATION_CONTEXT(2)
PARAMETRIC_REPRESENTATION_CONTEXT() REPRESENTATION_CONTEXT('2D SPACE',''
  ) );
#2745 = ORIENTED_EDGE('',*,*,#2746,.T.);
#2746 = EDGE_CURVE('',#2724,#2614,#2747,.T.);
#2747 = SURFACE_CURVE('',#2748,(#2772,#2810),.PCURVE_S1.);
#2748 = ( BOUNDED_CURVE() B_SPLINE_CURVE(8,(#2749,#2750,#2751,#2752,
    #2753,#2754,#2755,#2756,#2757,#2758,#2759,#2760,#2761,#2762,#2763,
    #2764,#2765,#2766,#2767,#2768,#2769,#2770,#2771),.UNSPECIFIED.,.F.,
.F.) B_SPLINE_CURVE_WITH_KNOTS((9,7,7,9),(473.64384457586,
    476.33362002711,477.51663021031,478.47642990597),.UNSPECIFIED.)
CURVE() GEOMETRIC_REPRESENTATION_ITEM() RATIONAL_B_SPLINE_CURVE((
    1.066705203297,1.066705203297,1.065448760828,1.062903411914,
    1.059584075668,1.056165472882,1.052611614944,1.049176748099,
    1.044486315583,1.043088749082,1.04173624281,1.0404351781,
    1.039193117982,1.038020254328,1.036927649785,1.035106593554,
    1.034347515227,1.033653731598,1.033032863531,1.032491460676,
1.032035001478,1.031667893173,1.031393471788)) REPRESENTATION_ITEM('')
  );
#2749 = CARTESIAN_POINT('',(3.,1.861906968534,6.));
#2750 = CARTESIAN_POINT('',(3.,1.861906968534,5.661995905429));
#2751 = CARTESIAN_POINT('',(3.043490582516,1.822047500267,5.323020474172
    ));
#2752 = CARTESIAN_POINT('',(3.131491076439,1.741108238664,4.995401456307
    ));
#2753 = CARTESIAN_POINT('',(3.256561229747,1.631155028411,4.699101570606
    ));
#2754 = CARTESIAN_POINT('',(3.406395234788,1.509651261995,4.426877296716
    ));
#2755 = CARTESIAN_POINT('',(3.584654979831,1.376544243363,4.177095295569
    ));
#2756 = CARTESIAN_POINT('',(3.787720849524,1.240002874713,3.950606768451
    ));
#2757 = CARTESIAN_POINT('',(4.119908795062,1.042806873003,3.65828237221)
  );
#2758 = CARTESIAN_POINT('',(4.227033462255,0.982362413293,3.573369456789
    ));
#2759 = CARTESIAN_POINT('',(4.339386514576,0.922358993137,3.493316322059
    ));
#2760 = CARTESIAN_POINT('',(4.457337894117,0.863091269686,3.418246596966
    ));
#2761 = CARTESIAN_POINT('',(4.581114066932,0.804937957391,3.348450469728
    ));
#2762 = CARTESIAN_POINT('',(4.710622382721,0.748433924223,3.284449840999
    ));
#2763 = CARTESIAN_POINT('',(4.8457273314,0.694161091575,3.226883285719)
  );
#2764 = CARTESIAN_POINT('',(5.101791795702,0.600431987459,3.135022004335
    ));
#2765 = CARTESIAN_POINT('',(5.220712803139,0.560082180897,3.098381156963
    ));
#2766 = CARTESIAN_POINT('',(5.343425804378,0.521856287657,3.066804269113
    ));
#2767 = CARTESIAN_POINT('',(5.469571088248,0.486158034922,3.040767482421
    ));
#2768 = CARTESIAN_POINT('',(5.598751942898,0.45334391286,3.020703368183)
  );
#2769 = CARTESIAN_POINT('',(5.730535285916,0.423722415717,3.006999980136
    ));
#2770 = CARTESIAN_POINT('',(5.864452433666,0.397553341237,3.));
#2771 = CARTESIAN_POINT('',(6.,0.375047169979,3.));
#2772 = PCURVE('',#889,#2773);
#2773 = DEFINITIONAL_REPRESENTATION('',(#2774),#2809);
#2774 = B_SPLINE_CURVE_WITH_KNOTS('',9,(#2775,#2776,#2777,#2778,#2779,
    #2780,#2781,#2782,#2783,#2784,#2785,#2786,#2787,#2788,#2789,#2790,
    #2791,#2792,#2793,#2794,#2795,#2796,#2797,#2798,#2799,#2800,#2801,
    #2802,#2803,#2804,#2805,#2806,#2807,#2808),.UNSPECIFIED.,.F.,.F.,(10
    ,8,8,8,10),(473.64384457586,476.06013724091,477.26828357344,
    477.87235673971,478.47642990597),.UNSPECIFIED.);
#2775 = CARTESIAN_POINT('',(5.551115123126E-17,2.861906968534));
#2776 = CARTESIAN_POINT('',(-8.996667998354E-02,2.861906968534));
#2777 = CARTESIAN_POINT('',(-0.179972908269,2.836915443261));
#2778 = CARTESIAN_POINT('',(-0.269124578746,2.786499245368));
#2779 = CARTESIAN_POINT('',(-0.355853459441,2.714820974041));
#2780 = CARTESIAN_POINT('',(-0.440040502684,2.628614484903));
#2781 = CARTESIAN_POINT('',(-0.522425924451,2.532853930353));
#2782 = CARTESIAN_POINT('',(-0.603765273537,2.430107532959));
#2783 = CARTESIAN_POINT('',(-0.684724734761,2.323208181386));
#2784 = CARTESIAN_POINT('',(-0.806702033599,2.160166647353));
#2785 = CARTESIAN_POINT('',(-0.847458120144,2.105363828988));
#2786 = CARTESIAN_POINT('',(-0.8883398885,2.050477655448));
#2787 = CARTESIAN_POINT('',(-0.929755428842,1.995348731653));
#2788 = CARTESIAN_POINT('',(-0.971175695329,1.941104633337));
#2789 = CARTESIAN_POINT('',(-1.013409262856,1.887041984571));
#2790 = CARTESIAN_POINT('',(-1.056094637751,1.834109047003));
#2791 = CARTESIAN_POINT('',(-1.099466368611,1.782398905831));
#2792 = CARTESIAN_POINT('',(-1.165616259938,1.707306107385));
#2793 = CARTESIAN_POINT('',(-1.187841301981,1.682695432715));
#2794 = CARTESIAN_POINT('',(-1.21032009683,1.658465276945));
#2795 = CARTESIAN_POINT('',(-1.232832025426,1.634949329854));
#2796 = CARTESIAN_POINT('',(-1.255859983124,1.611610417744));
#2797 = CARTESIAN_POINT('',(-1.278948443469,1.5890878499));
#2798 = CARTESIAN_POINT('',(-1.302326520439,1.567147885841));
#2799 = CARTESIAN_POINT('',(-1.325907379479,1.545957040479));
#2800 = CARTESIAN_POINT('',(-1.373490518597,1.505155756467));
#2801 = CARTESIAN_POINT('',(-1.397491368232,1.485547082449));
#2802 = CARTESIAN_POINT('',(-1.421694292332,1.466791177657));
#2803 = CARTESIAN_POINT('',(-1.446092437987,1.448944703628));
#2804 = CARTESIAN_POINT('',(-1.470679304985,1.432060182205));
#2805 = CARTESIAN_POINT('',(-1.495448745821,1.41618599553));
#2806 = CARTESIAN_POINT('',(-1.520394965688,1.401366386051));
#2807 = CARTESIAN_POINT('',(-1.54551252248,1.387641456517));
#2808 = CARTESIAN_POINT('',(-1.570796326795,1.375047169979));
#2809 = ( GEOMETRIC_REPRESENTATION_CONTEXT(2)
PARAMETRIC_REPRESENTATION_CONTEXT() REPRESENTATION_CONTEXT('2D SPACE',''
  ) );
#2810 = PCURVE('',#2811,#2973);
#2811 = ( BOUNDED_SURFACE() B_SPLINE_SURFACE(6,8,(
    (#2812,#2813,#2814,#2815,#2816,#2817,#2818,#2819,#2820,#2821,#2822
      ,#2823,#2824,#2825,#2826,#2827,#2828,#2829,#2830,#2831,#2832,#2833
      ,#2834)
    ,(#2835,#2836,#2837,#2838,#2839,#2840,#2841,#2842,#2843,#2844,#2845
      ,#2846,#2847,#2848,#2849,#2850,#2851,#2852,#2853,#2854,#2855,#2856
      ,#2857)
    ,(#2858,#2859,#2860,#2861,#2862,#2863,#2864,#2865,#2866,#2867,#2868
      ,#2869,#2870,#2871,#2872,#2873,#2874,#2875,#2876,#2877,#2878,#2879
      ,#2880)
    ,(#2881,#2882,#2883,#2884,#2885,#2886,#2887,#2888,#2889,#2890,#2891
      ,#2892,#2893,#2894,#2895,#2896,#2897,#2898,#2899,#2900,#2901,#2902
      ,#2903)
    ,(#2904,#2905,#2906,#2907,#2908,#2909,#2910,#2911,#2912,#2913,#2914
      ,#2915,#2916,#2917,#2918,#2919,#2920,#2921,#2922,#2923,#2924,#2925
      ,#2926)
    ,(#2927,#2928,#2929,#2930,#2931,#2932,#2933,#2934,#2935,#2936,#2937
      ,#2938,#2939,#2940,#2941,#2942,#2943,#2944,#2945,#2946,#2947,#2948
      ,#2949)
    ,(#2950,#2951,#2952,#2953,#2954,#2955,#2956,#2957,#2958,#2959,#2960
      ,#2961,#2962,#2963,#2964,#2965,#2966,#2967,#2968,#2969,#2970,#2971
,#2972
    )),.UNSPECIFIED.,.F.,.F.,.F.) B_SPLINE_SURFACE_WITH_KNOTS((7,7),(9,7
    ,7,9),(0.,4.83258533011),(473.64384457586,476.33362002711,
    477.51663021031,478.47642990597),.UNSPECIFIED.)
GEOMETRIC_REPRESENTATION_ITEM() RATIONAL_B_SPLINE_SURFACE((
    (1.066705203297,1.066705203297,1.065448760828,1.062903411914
      ,1.059584075668,1.056165472882,1.052611614944,1.049176748099
      ,1.044486315583,1.043088749082,1.04173624281,1.0404351781
      ,1.039193117982,1.038020254328,1.036927649785,1.035106593554
      ,1.034347515227,1.033653731598,1.033032863531,1.032491460676
      ,1.032035001478,1.031667893173,1.031393471788)
    ,(1.020249745885,1.020249745885,1.019905643444,1.019209676838
      ,1.018290636399,1.017326300885,1.01631209095,1.015318600762
      ,1.013947379265,1.013536706745,1.013137301016,1.012751257568
      ,1.012381078514,1.012030097501,1.011701942723,1.011153285439
      ,1.010923888583,1.01071366785,1.010525107737,1.010360356864
      ,1.010221227969,1.010109197909,1.010025407661)
    ,(0.995713300237,0.995713300237,0.995788311678,0.995939990931
      ,0.996140428086,0.996350559745,0.996571091794,0.996786559667
      ,0.997083115861,0.997171815424,0.997257959925,0.997341098932
      ,0.997420701295,0.997496064222,0.997566428064,0.997683926092
      ,0.997732992933,0.997777908861,0.997818157047,0.997853292287
      ,0.997882941007,0.997906801259,0.997924642725)
    ,(0.987609681784,0.987609681784,0.987829270334,0.988273866308
      ,0.988856568465,0.989461832563,0.990094946245,0.990711325233
      ,0.991558267092,0.991811377909,0.992057055223,0.992294079252
      ,0.992520989151,0.992735819733,0.992936427292,0.993271480244
      ,0.993411425929,0.993539562838,0.993654413434,0.993754701383
      ,0.993839351561,0.993907490049,0.993958444137)
    ,(0.995713300237,0.995713300237,0.995788311678,0.995939990931
      ,0.996140428086,0.996350559745,0.996571091794,0.996786559667
      ,0.997083115861,0.997171815424,0.997257959925,0.997341098932
      ,0.997420701295,0.997496064222,0.997566428064,0.997683926092
      ,0.997732992933,0.997777908861,0.997818157047,0.997853292287
      ,0.997882941007,0.997906801259,0.997924642725)
    ,(1.020249745885,1.020249745885,1.019905643444,1.019209676838
      ,1.018290636399,1.017326300885,1.01631209095,1.015318600762
      ,1.013947379265,1.013536706745,1.013137301016,1.012751257568
      ,1.012381078514,1.012030097501,1.011701942723,1.011153285439
      ,1.010923888583,1.01071366785,1.010525107737,1.010360356864
      ,1.010221227969,1.010109197909,1.010025407661)
    ,(1.066705203297,1.066705203297,1.065448760828,1.062903411914
      ,1.059584075668,1.056165472882,1.052611614944,1.049176748099
      ,1.044486315583,1.043088749082,1.04173624281,1.0404351781
      ,1.039193117982,1.038020254328,1.036927649785,1.035106593554
      ,1.034347515227,1.033653731598,1.033032863531,1.032491460676
      ,1.032035001478,1.031667893173,1.031393471788
))) REPRESENTATION_ITEM('') SURFACE() );
#2812 = CARTESIAN_POINT('',(2.507462686567,1.631843101453,6.));
#2813 = CARTESIAN_POINT('',(2.507462686567,1.631843101453,5.629172140084
    ));
#2814 = CARTESIAN_POINT('',(2.557115404959,1.590331792239,5.257551344591
    ));
#2815 = CARTESIAN_POINT('',(2.657471990806,1.506093930461,4.898379167195
    ));
#2816 = CARTESIAN_POINT('',(2.800200839404,1.391738005393,4.573032843886
    ));
#2817 = CARTESIAN_POINT('',(2.971622492302,1.265206791854,4.273943448098
    ));
#2818 = CARTESIAN_POINT('',(3.175787214472,1.126457530584,3.999074630572
    ));
#2819 = CARTESIAN_POINT('',(3.408663285286,0.983960066492,3.749645730164
    ));
#2820 = CARTESIAN_POINT('',(3.790152670875,0.777899755232,3.427340324345
    ));
#2821 = CARTESIAN_POINT('',(3.913209476237,0.714714372451,3.333681932403
    ));
#2822 = CARTESIAN_POINT('',(4.042392240131,0.651937969519,3.245317903334
    ));
#2823 = CARTESIAN_POINT('',(4.178049845169,0.589905825002,3.162420905264
    ));
#2824 = CARTESIAN_POINT('',(4.320418113471,0.529026697708,3.085330882675
    ));
#2825 = CARTESIAN_POINT('',(4.469470303632,0.46984072541,3.014606378323)
  );
#2826 = CARTESIAN_POINT('',(4.625121304508,0.412940801833,2.950937034317
    ));
#2827 = CARTESIAN_POINT('',(4.920001342565,0.314715827105,2.849382751524
    ));
#2828 = CARTESIAN_POINT('',(5.057019294832,0.272408893877,2.808852085364
    ));
#2829 = CARTESIAN_POINT('',(5.198448911273,0.23231875003,2.773911589835)
  );
#2830 = CARTESIAN_POINT('',(5.343855010269,0.194878101243,2.745098551201
    ));
#2831 = CARTESIAN_POINT('',(5.492764308128,0.160467066099,2.722897538972
    ));
#2832 = CARTESIAN_POINT('',(5.644666169914,0.129412366409,2.707739340011
    ));
#2833 = CARTESIAN_POINT('',(5.799013517267,0.101986581673,2.7));
#2834 = CARTESIAN_POINT('',(5.955223880597,7.840749102309E-02,2.7));
#2835 = CARTESIAN_POINT('',(2.598367984515,1.555765697097,6.));
#2836 = CARTESIAN_POINT('',(2.598367984515,1.555765697097,5.643382355323
    ));
#2837 = CARTESIAN_POINT('',(2.646293753034,1.517121924182,5.286487503792
    ));
#2838 = CARTESIAN_POINT('',(2.742915026455,1.438928137621,4.941131787167
    ));
#2839 = CARTESIAN_POINT('',(2.880512406658,1.332345877513,4.625915378556
    ));
#2840 = CARTESIAN_POINT('',(3.046545570903,1.213336938304,4.334488631468
    ));
#2841 = CARTESIAN_POINT('',(3.244796994504,1.08222033335,4.065350004705)
  );
#2842 = CARTESIAN_POINT('',(3.471599043865,0.94682263139,3.820042937489)
  );
#2843 = CARTESIAN_POINT('',(3.843468547604,0.750485512138,3.502399533183
    ));
#2844 = CARTESIAN_POINT('',(3.963250649693,0.690299355875,3.410112065081
    ));
#2845 = CARTESIAN_POINT('',(4.08906921101,0.630398403939,3.322886875281)
  );
#2846 = CARTESIAN_POINT('',(4.221281221915,0.57110270553,3.240917717597)
  );
#2847 = CARTESIAN_POINT('',(4.36011953564,0.512809106456,3.164566716035)
  );
#2848 = CARTESIAN_POINT('',(4.505538562968,0.456048594156,3.094418701631
    ));
#2849 = CARTESIAN_POINT('',(4.657433598539,0.401402997404,3.031185335733
    ));
#2850 = CARTESIAN_POINT('',(4.945144828846,0.306969228781,2.93022115794)
  );
#2851 = CARTESIAN_POINT('',(5.078776543004,0.266260013183,2.889878662024
    ));
#2852 = CARTESIAN_POINT('',(5.216743532989,0.227622558752,2.855027490859
    ));
#2853 = CARTESIAN_POINT('',(5.358617955313,0.191476228436,2.826210015516
    ));
#2854 = CARTESIAN_POINT('',(5.503931558089,0.158189617126,2.803913848707
    ));
#2855 = CARTESIAN_POINT('',(5.652175906079,0.128080305479,2.788571503908
    ));
#2856 = CARTESIAN_POINT('',(5.802802656285,0.101414632089,2.780560087835
    ));
#2857 = CARTESIAN_POINT('',(5.955223880597,7.840749102309E-02,
    2.780201034946));
#2858 = CARTESIAN_POINT('',(2.719386023246,1.526314919407,6.));
#2859 = CARTESIAN_POINT('',(2.719386023246,1.526314919407,5.657360090688
    ));
#2860 = CARTESIAN_POINT('',(2.764606738174,1.489871672713,5.314621369515
    ));
#2861 = CARTESIAN_POINT('',(2.855661418439,1.416232704344,4.98225724522)
  );
#2862 = CARTESIAN_POINT('',(2.985832214745,1.31542611841,4.676740672069)
  );
#2863 = CARTESIAN_POINT('',(3.144032469195,1.201976253889,4.392773856337
    ));
#2864 = CARTESIAN_POINT('',(3.33381991532,1.076432728363,4.129309217695)
  );
#2865 = CARTESIAN_POINT('',(3.551989653828,0.946169262196,3.888198068317
    ));
#2866 = CARTESIAN_POINT('',(3.910790451615,0.756743403777,3.575227585369
    ));
#2867 = CARTESIAN_POINT('',(4.026386454312,0.69865006532,3.4842440138));
#2868 = CARTESIAN_POINT('',(4.147944753418,0.640749949367,3.398120915102
    ));
#2869 = CARTESIAN_POINT('',(4.275831089294,0.583351908429,3.317067740344
    ));
#2870 = CARTESIAN_POINT('',(4.410276710729,0.526845083677,3.24146291063)
  );
#2871 = CARTESIAN_POINT('',(4.551218735378,0.471757425057,3.171912057949
    ));
#2872 = CARTESIAN_POINT('',(4.698535050295,0.418666402087,3.109143736691
    ));
#2873 = CARTESIAN_POINT('',(4.977714075976,0.326829464189,3.008800186279
    ));
#2874 = CARTESIAN_POINT('',(5.107400240594,0.287211487149,2.968657916469
    ));
#2875 = CARTESIAN_POINT('',(5.241356242279,0.249568152542,2.933916088051
    ));
#2876 = CARTESIAN_POINT('',(5.379163549525,0.214310173455,2.905118968077
    ));
#2877 = CARTESIAN_POINT('',(5.520360656761,0.181799006615,2.882755057373
    ));
#2878 = CARTESIAN_POINT('',(5.664443037173,0.152346903908,2.867257163374
    ));
#2879 = CARTESIAN_POINT('',(5.810863084644,0.126216959948,2.859002465571
    ));
#2880 = CARTESIAN_POINT('',(5.959030045551,0.103623154305,2.858312571775
    ));
#2881 = CARTESIAN_POINT('',(2.844241804173,1.55310371484,6.));
#2882 = CARTESIAN_POINT('',(2.844241804173,1.55310371484,5.6678491969));
#2883 = CARTESIAN_POINT('',(2.886811921101,1.517487020449,5.335611764954
    ));
#2884 = CARTESIAN_POINT('',(2.972489195277,1.445546908655,5.012946839006
    ));
#2885 = CARTESIAN_POINT('',(3.095496779905,1.346873886193,4.715128897425
    ));
#2886 = CARTESIAN_POINT('',(3.245974421991,1.235506135745,4.437489335384
    ));
#2887 = CARTESIAN_POINT('',(3.427306576829,1.112076467093,4.179220634519
    ));
#2888 = CARTESIAN_POINT('',(3.636685509766,0.983795945712,3.942318279512
    ));
#2889 = CARTESIAN_POINT('',(3.982139567942,0.797088798446,3.634337629886
    ));
#2890 = CARTESIAN_POINT('',(4.093537528882,0.739820594202,3.544751043668
    ));
#2891 = CARTESIAN_POINT('',(4.210807126734,0.682720009442,3.459880086201
    ));
#2892 = CARTESIAN_POINT('',(4.33432207677,0.626088232486,3.379938101252)
  );
#2893 = CARTESIAN_POINT('',(4.464313140872,0.570309871474,3.305307819804
    ));
#2894 = CARTESIAN_POINT('',(4.600703230545,0.515914164849,3.236603287115
    ));
#2895 = CARTESIAN_POINT('',(4.743357023572,0.46347899154,3.174558389143)
  );
#2896 = CARTESIAN_POINT('',(5.013903572603,0.372744028257,3.075284295942
    ));
#2897 = CARTESIAN_POINT('',(5.139625350576,0.333596205324,3.035540346013
    ));
#2898 = CARTESIAN_POINT('',(5.269546971838,0.296389234912,3.001106711436
    ));
#2899 = CARTESIAN_POINT('',(5.403261379588,0.261529294368,2.972523856674
    ));
#2900 = CARTESIAN_POINT('',(5.540316634171,0.229374322821,2.950276878911
    ));
#2901 = CARTESIAN_POINT('',(5.680215786325,0.200234166256,2.934795714352
    ));
#2902 = CARTESIAN_POINT('',(5.822416719359,0.174370711761,2.926455324013
    ));
#2903 = CARTESIAN_POINT('',(5.966331962095,0.151998006982,2.925575853961
    ));
#2904 = CARTESIAN_POINT('',(2.944916905833,1.631660251788,6.));
#2905 = CARTESIAN_POINT('',(2.944916905833,1.631660251788,5.672389962671
    ));
#2906 = CARTESIAN_POINT('',(2.985982040734,1.595346498648,5.344561094885
    ));
#2907 = CARTESIAN_POINT('',(3.068679455137,1.521943522049,5.026239546759
    ));
#2908 = CARTESIAN_POINT('',(3.187544481092,1.421455507024,4.732898584563
    ));
#2909 = CARTESIAN_POINT('',(3.333082298806,1.308496933513,4.459688366462
    ));
#2910 = CARTESIAN_POINT('',(3.508640611227,1.18358904189,4.205765718636)
  );
#2911 = CARTESIAN_POINT('',(3.711544601903,1.054091490292,3.972983726813
    ));
#2912 = CARTESIAN_POINT('',(4.046663793941,0.865929131591,3.670429165425
    ));
#2913 = CARTESIAN_POINT('',(4.154811111298,0.808238709816,3.582406848571
    ));
#2914 = CARTESIAN_POINT('',(4.268684448495,0.750766474743,3.499039484027
    ));
#2915 = CARTESIAN_POINT('',(4.388663164023,0.693808552831,3.420527080538
    ));
#2916 = CARTESIAN_POINT('',(4.514978622927,0.637746583433,3.347239340272
    ));
#2917 = CARTESIAN_POINT('',(4.647544562138,0.583112650728,3.279780174045
    ));
#2918 = CARTESIAN_POINT('',(4.786219167205,0.530486953152,3.218871509732
    ));
#2919 = CARTESIAN_POINT('',(5.04935252903,0.439457392081,3.121400599558)
  );
#2920 = CARTESIAN_POINT('',(5.171659354618,0.400203010797,3.082381553395
    ));
#2921 = CARTESIAN_POINT('',(5.298071072171,0.362917381142,3.048581241149
    ));
#2922 = CARTESIAN_POINT('',(5.428194762449,0.328004927906,3.02052819008)
  );
#2923 = CARTESIAN_POINT('',(5.561592402738,0.295822403174,2.998697730954
    ));
#2924 = CARTESIAN_POINT('',(5.697780823416,0.266678937105,2.983512068539
    ));
#2925 = CARTESIAN_POINT('',(5.836231653809,0.240836084878,2.975340345055
    ));
#2926 = CARTESIAN_POINT('',(5.976371257944,0.218507868426,2.97449869481)
  );
#2927 = CARTESIAN_POINT('',(3.,1.743367757094,6.));
#2928 = CARTESIAN_POINT('',(3.,1.743367757094,5.670147992508));
#2929 = CARTESIAN_POINT('',(3.041368475167,1.705350711754,5.339827546071
    ));
#2930 = CARTESIAN_POINT('',(3.124811476272,1.628380657867,5.019732298745
    ));
#2931 = CARTESIAN_POINT('',(3.24429136384,1.523428802799,4.726907839434)
  );
#2932 = CARTESIAN_POINT('',(3.389491829509,1.406418988047,4.455601067406
    ));
#2933 = CARTESIAN_POINT('',(3.563851780399,1.277634629475,4.204660528525
    ));
#2934 = CARTESIAN_POINT('',(3.764439208595,1.144799931442,3.975523820264
    ));
#2935 = CARTESIAN_POINT('',(4.094773837311,0.952408194527,3.678450351605
    ));
#2936 = CARTESIAN_POINT('',(4.201371229988,0.893453687234,3.592069914142
    ));
#2937 = CARTESIAN_POINT('',(4.313476755287,0.834821179289,3.510388037469
    ));
#2938 = CARTESIAN_POINT('',(4.431469865823,0.776804616429,3.433573770303
    ));
#2939 = CARTESIAN_POINT('',(4.555581568169,0.719783866866,3.361965280597
    ));
#2940 = CARTESIAN_POINT('',(4.685721088913,0.664293556771,3.296135419113
    ));
#2941 = CARTESIAN_POINT('',(4.821747104591,0.610915968728,3.236774191247
    ));
#2942 = CARTESIAN_POINT('',(5.079811250428,0.518663411894,3.141861679937
    ));
#2943 = CARTESIAN_POINT('',(5.199741384802,0.478917438163,3.103911742899
    ));
#2944 = CARTESIAN_POINT('',(5.323642045961,0.441210632499,3.071093508459
    ));
#2945 = CARTESIAN_POINT('',(5.451136563978,0.40594714519,3.043914144029)
  );
#2946 = CARTESIAN_POINT('',(5.581805568262,0.373483696635,3.022831608913
    ));
#2947 = CARTESIAN_POINT('',(5.715187181807,0.344129339516,3.008254336622
    ));
#2948 = CARTESIAN_POINT('',(5.850777263585,0.318145238251,3.000540947539
    ));
#2949 = CARTESIAN_POINT('',(5.988029696277,0.295744472452,3.));
#2950 = CARTESIAN_POINT('',(3.,1.861906968534,6.));
#2951 = CARTESIAN_POINT('',(3.,1.861906968534,5.661995905429));
#2952 = CARTESIAN_POINT('',(3.043490582516,1.822047500267,5.323020474172
    ));
#2953 = CARTESIAN_POINT('',(3.131491076439,1.741108238664,4.995401456307
    ));
#2954 = CARTESIAN_POINT('',(3.256561229747,1.631155028411,4.699101570606
    ));
#2955 = CARTESIAN_POINT('',(3.406395234788,1.509651261995,4.426877296716
    ));
#2956 = CARTESIAN_POINT('',(3.584654979831,1.376544243363,4.177095295569
    ));
#2957 = CARTESIAN_POINT('',(3.787720849524,1.240002874713,3.950606768451
    ));
#2958 = CARTESIAN_POINT('',(4.119908795062,1.042806873003,3.65828237221)
  );
#2959 = CARTESIAN_POINT('',(4.227033462255,0.982362413293,3.573369456789
    ));
#2960 = CARTESIAN_POINT('',(4.339386514576,0.922358993137,3.493316322059
    ));
#2961 = CARTESIAN_POINT('',(4.457337894117,0.863091269686,3.418246596966
    ));
#2962 = CARTESIAN_POINT('',(4.581114066932,0.804937957391,3.348450469728
    ));
#2963 = CARTESIAN_POINT('',(4.710622382721,0.748433924223,3.284449840999
    ));
#2964 = CARTESIAN_POINT('',(4.8457273314,0.694161091575,3.226883285719)
  );
#2965 = CARTESIAN_POINT('',(5.101791795702,0.600431987459,3.135022004335
    ));
#2966 = CARTESIAN_POINT('',(5.220712803139,0.560082180897,3.098381156963
    ));
#2967 = CARTESIAN_POINT('',(5.343425804378,0.521856287657,3.066804269113
    ));
#2968 = CARTESIAN_POINT('',(5.469571088248,0.486158034922,3.040767482421
    ));
#2969 = CARTESIAN_POINT('',(5.598751942898,0.45334391286,3.020703368183)
  );
#2970 = CARTESIAN_POINT('',(5.730535285916,0.423722415717,3.006999980136
    ));
#2971 = CARTESIAN_POINT('',(5.864452433666,0.397553341237,3.));
#2972 = CARTESIAN_POINT('',(6.,0.375047169979,3.));
#2973 = DEFINITIONAL_REPRESENTATION('',(#2974),#2978);
#2974 = LINE('',#2975,#2976);
#2975 = CARTESIAN_POINT('',(4.83258533011,0.));
#2976 = VECTOR('',#2977,1.);
#2977 = DIRECTION('',(0.,1.));
#2978 = ( GEOMETRIC_REPRESENTATION_CONTEXT(2)
PARAMETRIC_REPRESENTATION_CONTEXT() REPRESENTATION_CONTEXT('2D SPACE',''
  ) );
#2979 = ORIENTED_EDGE('',*,*,#2613,.T.);
#2980 = ORIENTED_EDGE('',*,*,#868,.F.);
#2981 = ADVANCED_FACE('',(#2982),#1062,.F.);
#2982 = FACE_BOUND('',#2983,.F.);
#2983 = EDGE_LOOP('',(#2984,#3007,#3265,#3266));
#2984 = ORIENTED_EDGE('',*,*,#2985,.F.);
#2985 = EDGE_CURVE('',#2986,#1020,#2988,.T.);
#2986 = VERTEX_POINT('',#2987);
#2987 = CARTESIAN_POINT('',(93.,1.861906968534,6.));
#2988 = SURFACE_CURVE('',#2989,(#2993,#3000),.PCURVE_S1.);
#2989 = LINE('',#2990,#2991);
#2990 = CARTESIAN_POINT('',(93.,-1.,6.));
#2991 = VECTOR('',#2992,1.);
#2992 = DIRECTION('',(-0.,1.,0.));
#2993 = PCURVE('',#1062,#2994);
#2994 = DEFINITIONAL_REPRESENTATION('',(#2995),#2999);
#2995 = LINE('',#2996,#2997);
#2996 = CARTESIAN_POINT('',(0.,0.));
#2997 = VECTOR('',#2998,1.);
#2998 = DIRECTION('',(0.,1.));
#2999 = ( GEOMETRIC_REPRESENTATION_CONTEXT(2)
PARAMETRIC_REPRESENTATION_CONTEXT() REPRESENTATION_CONTEXT('2D SPACE',''
  ) );
#3000 = PCURVE('',#1035,#3001);
#3001 = DEFINITIONAL_REPRESENTATION('',(#3002),#3006);
#3002 = LINE('',#3003,#3004);
#3003 = CARTESIAN_POINT('',(3.,0.));
#3004 = VECTOR('',#3005,1.);
#3005 = DIRECTION('',(0.,-1.));
#3006 = ( GEOMETRIC_REPRESENTATION_CONTEXT(2)
PARAMETRIC_REPRESENTATION_CONTEXT() REPRESENTATION_CONTEXT('2D SPACE',''
  ) );
#3007 = ORIENTED_EDGE('',*,*,#3008,.F.);
#3008 = EDGE_CURVE('',#2590,#2986,#3009,.T.);
#3009 = SURFACE_CURVE('',#3010,(#3037,#3075),.PCURVE_S1.);
#3010 = ( BOUNDED_CURVE() B_SPLINE_CURVE(9,(#3011,#3012,#3013,#3014,
    #3015,#3016,#3017,#3018,#3019,#3020,#3021,#3022,#3023,#3024,#3025,
    #3026,#3027,#3028,#3029,#3030,#3031,#3032,#3033,#3034,#3035,#3036),
.UNSPECIFIED.,.F.,.F.) B_SPLINE_CURVE_WITH_KNOTS((10,8,8,10),(
    83.048696195869,84.008511974067,85.204082802717,87.881281524942),
.UNSPECIFIED.) CURVE() GEOMETRIC_REPRESENTATION_ITEM()
RATIONAL_B_SPLINE_CURVE((1.031393471788,1.031637401948,1.03195342184,
    1.032339307431,1.03279223961,1.033308804186,1.033884991892,
    1.034516198381,1.035197224226,1.036825416426,1.037797735611,
    1.038834672378,1.039928996088,1.041073391311,1.042261780581,
    1.043489384159,1.044751516811,1.048928887162,1.051958378008,
    1.055045142325,1.058167088508,1.061081124498,1.063793901962,
1.06573348299,1.066705203297,1.066705203297)) REPRESENTATION_ITEM('') );
#3011 = CARTESIAN_POINT('',(90.,0.375047169979,3.));
#3012 = CARTESIAN_POINT('',(90.12049030655,0.395053250114,3.));
#3013 = CARTESIAN_POINT('',(90.239713571195,0.417908672852,
    3.005444859096));
#3014 = CARTESIAN_POINT('',(90.357333157915,0.443472976954,
    3.016136913525));
#3015 = CARTESIAN_POINT('',(90.473031791961,0.471578198045,
    3.031852679681));
#3016 = CARTESIAN_POINT('',(90.586512023853,0.50202917561,3.052343220285
    ));
#3017 = CARTESIAN_POINT('',(90.697496638025,0.534603896463,
    3.077334563337));
#3018 = CARTESIAN_POINT('',(90.805729002083,0.569053867077,
    3.106528165229));
#3019 = CARTESIAN_POINT('',(90.910973353632,0.605104506127,
    3.139601408413));
#3020 = CARTESIAN_POINT('',(91.139921106446,0.688907888654,
    3.221734767781));
#3021 = CARTESIAN_POINT('',(91.261924899848,0.737394136034,
    3.272730237692));
#3022 = CARTESIAN_POINT('',(91.379431961966,0.787692879715,
    3.328891046519));
#3023 = CARTESIAN_POINT('',(91.49242024006,0.83942775681,3.389793828424)
  );
#3024 = CARTESIAN_POINT('',(91.600805341994,0.892215047362,
    3.455047501246));
#3025 = CARTESIAN_POINT('',(91.704633653895,0.94574120416,3.524374622616
    ));
#3026 = CARTESIAN_POINT('',(91.804105427345,0.999771153083,
    3.597622775188));
#3027 = CARTESIAN_POINT('',(91.899430053913,1.054088349749,
    3.674707079074));
#3028 = CARTESIAN_POINT('',(92.193668397787,1.229429305995,
    3.935648125178));
#3029 = CARTESIAN_POINT('',(92.375973182807,1.350416073516,
    4.134381506945));
#3030 = CARTESIAN_POINT('',(92.537640932768,1.467879674786,
    4.349518776514));
#3031 = CARTESIAN_POINT('',(92.680665280048,1.580544385621,
    4.585271755615));
#3032 = CARTESIAN_POINT('',(92.800344559364,1.68102514123,4.835551164529
    ));
#3033 = CARTESIAN_POINT('',(92.899110128368,1.769354652964,
    5.109031804387));
#3034 = CARTESIAN_POINT('',(92.966438640203,1.831119549595,
    5.401215493214));
#3035 = CARTESIAN_POINT('',(93.,1.861906968534,5.70095853363));
#3036 = CARTESIAN_POINT('',(93.,1.861906968534,6.));
#3037 = PCURVE('',#1062,#3038);
#3038 = DEFINITIONAL_REPRESENTATION('',(#3039),#3074);
#3039 = B_SPLINE_CURVE_WITH_KNOTS('',9,(#3040,#3041,#3042,#3043,#3044,
    #3045,#3046,#3047,#3048,#3049,#3050,#3051,#3052,#3053,#3054,#3055,
    #3056,#3057,#3058,#3059,#3060,#3061,#3062,#3063,#3064,#3065,#3066,
    #3067,#3068,#3069,#3070,#3071,#3072,#3073),.UNSPECIFIED.,.F.,.F.,(10
    ,8,8,8,10),(83.048696195869,83.652769362003,84.256842528137,
    85.464988860405,87.881281524942),.UNSPECIFIED.);
#3040 = CARTESIAN_POINT('',(1.570796326795,1.375047169979));
#3041 = CARTESIAN_POINT('',(1.545512941984,1.387641247555));
#3042 = CARTESIAN_POINT('',(1.520395805751,1.401365926763));
#3043 = CARTESIAN_POINT('',(1.495450005237,1.416185246879));
#3044 = CARTESIAN_POINT('',(1.47068098041,1.432059107912));
#3045 = CARTESIAN_POINT('',(1.446094524079,1.448943270604));
#3046 = CARTESIAN_POINT('',(1.421696781876,1.466789356426));
#3047 = CARTESIAN_POINT('',(1.397494252273,1.485544847584));
#3048 = CARTESIAN_POINT('',(1.37349378657,1.505153087014));
#3049 = CARTESIAN_POINT('',(1.325911391235,1.545953469757));
#3050 = CARTESIAN_POINT('',(1.302331315339,1.567143355699));
#3051 = CARTESIAN_POINT('',(1.278951362213,1.589085430565));
#3052 = CARTESIAN_POINT('',(1.255868320105,1.611601582142));
#3053 = CARTESIAN_POINT('',(1.232834803356,1.634946880871));
#3054 = CARTESIAN_POINT('',(1.210325379976,1.658459729058));
#3055 = CARTESIAN_POINT('',(1.187848502916,1.682687551032));
#3056 = CARTESIAN_POINT('',(1.165624419725,1.707296973336));
#3057 = CARTESIAN_POINT('',(1.099476959843,1.782386497601));
#3058 = CARTESIAN_POINT('',(1.056109242402,1.834088649903));
#3059 = CARTESIAN_POINT('',(1.013400904205,1.887064143448));
#3060 = CARTESIAN_POINT('',(0.971220455808,1.941022909647));
#3061 = CARTESIAN_POINT('',(0.929718471714,1.995423104008));
#3062 = CARTESIAN_POINT('',(0.888378263987,2.050411539939));
#3063 = CARTESIAN_POINT('',(0.847452973297,2.105372404177));
#3064 = CARTESIAN_POINT('',(0.80668279256,2.160195205901));
#3065 = CARTESIAN_POINT('',(0.68470093781,2.323239280565));
#3066 = CARTESIAN_POINT('',(0.603804830987,2.430021009659));
#3067 = CARTESIAN_POINT('',(0.522419180402,2.532942371129));
#3068 = CARTESIAN_POINT('',(0.440011789223,2.62859932782));
#3069 = CARTESIAN_POINT('',(0.355866960247,2.714758864138));
#3070 = CARTESIAN_POINT('',(0.269157472254,2.786548729188));
#3071 = CARTESIAN_POINT('',(0.179962440888,2.836895397286));
#3072 = CARTESIAN_POINT('',(8.996613955533E-02,2.861906968534));
#3073 = CARTESIAN_POINT('',(1.301517631686E-16,2.861906968534));
#3074 = ( GEOMETRIC_REPRESENTATION_CONTEXT(2)
PARAMETRIC_REPRESENTATION_CONTEXT() REPRESENTATION_CONTEXT('2D SPACE',''
  ) );
#3075 = PCURVE('',#3076,#3259);
#3076 = ( BOUNDED_SURFACE() B_SPLINE_SURFACE(6,9,(
    (#3077,#3078,#3079,#3080,#3081,#3082,#3083,#3084,#3085,#3086,#3087
      ,#3088,#3089,#3090,#3091,#3092,#3093,#3094,#3095,#3096,#3097,#3098
      ,#3099,#3100,#3101,#3102)
    ,(#3103,#3104,#3105,#3106,#3107,#3108,#3109,#3110,#3111,#3112,#3113
      ,#3114,#3115,#3116,#3117,#3118,#3119,#3120,#3121,#3122,#3123,#3124
      ,#3125,#3126,#3127,#3128)
    ,(#3129,#3130,#3131,#3132,#3133,#3134,#3135,#3136,#3137,#3138,#3139
      ,#3140,#3141,#3142,#3143,#3144,#3145,#3146,#3147,#3148,#3149,#3150
      ,#3151,#3152,#3153,#3154)
    ,(#3155,#3156,#3157,#3158,#3159,#3160,#3161,#3162,#3163,#3164,#3165
      ,#3166,#3167,#3168,#3169,#3170,#3171,#3172,#3173,#3174,#3175,#3176
      ,#3177,#3178,#3179,#3180)
    ,(#3181,#3182,#3183,#3184,#3185,#3186,#3187,#3188,#3189,#3190,#3191
      ,#3192,#3193,#3194,#3195,#3196,#3197,#3198,#3199,#3200,#3201,#3202
      ,#3203,#3204,#3205,#3206)
    ,(#3207,#3208,#3209,#3210,#3211,#3212,#3213,#3214,#3215,#3216,#3217
      ,#3218,#3219,#3220,#3221,#3222,#3223,#3224,#3225,#3226,#3227,#3228
      ,#3229,#3230,#3231,#3232)
    ,(#3233,#3234,#3235,#3236,#3237,#3238,#3239,#3240,#3241,#3242,#3243
      ,#3244,#3245,#3246,#3247,#3248,#3249,#3250,#3251,#3252,#3253,#3254
      ,#3255,#3256,#3257,#3258
)),.UNSPECIFIED.,.F.,.F.,.F.) B_SPLINE_SURFACE_WITH_KNOTS((7,7),(10,8,8,
    10),(0.,4.832585329074),(83.048696195869,84.008511974067,
    85.204082802717,87.881281524942),.UNSPECIFIED.)
GEOMETRIC_REPRESENTATION_ITEM() RATIONAL_B_SPLINE_SURFACE((
    (1.031393471788,1.031637401948,1.03195342184,1.032339307431
      ,1.03279223961,1.033308804186,1.033884991892,1.034516198381
      ,1.035197224226,1.036825416426,1.037797735611,1.038834672378
      ,1.039928996088,1.041073391311,1.042261780581,1.043489384159
      ,1.044751516811,1.048928887162,1.051958378008,1.055045142325
      ,1.058167088508,1.061081124498,1.063793901962,1.06573348299
      ,1.066705203297,1.066705203297)
    ,(1.010025407661,1.010099887894,1.010196332395,1.010313980511
      ,1.010451884995,1.010608912017,1.01078374115,1.010974865385
      ,1.011180591119,1.011671141325,1.011963268163,1.012273821217
      ,1.012600416232,1.012940661592,1.013292559257,1.013654527219
      ,1.014025043451,1.015245818149,1.016122695918,1.017006911525
      ,1.017889914339,1.018705774903,1.019452810003,1.019983714814
      ,1.020249745885,1.020249745885)
    ,(0.997924642725,0.997908783641,0.997888243286,0.997863175205
      ,0.997833772737,0.99780026901,0.997762936944,0.99772208925
      ,0.997678078428,0.997573024356,0.997510394147,0.997443732328
      ,0.997373536975,0.997300311285,0.997224477801,0.997146373645
      ,0.997066326757,0.996802282592,0.996612155953,0.996419994093
      ,0.996227761513,0.996049871984,0.995887011506,0.995771290354
      ,0.995713300237,0.995713300237)
    ,(0.993958444137,0.993913151607,0.99385449345,0.993782918143
      ,0.993698985936,0.993603368856,0.993496850704,0.993380327057
      ,0.993254805265,0.992955237029,0.99277667432,0.99258664154
      ,0.992386545189,0.992177796987,0.991961569687,0.991738784785
      ,0.991510332112,0.990756196506,0.990212310719,0.989661347713
      ,0.989107700277,0.988593614633,0.988118406544,0.987779487281
      ,0.987609681784,0.987609681784)
    ,(0.997924642725,0.997908783641,0.997888243286,0.997863175205
      ,0.997833772737,0.99780026901,0.997762936944,0.99772208925
      ,0.997678078428,0.997573024356,0.997510394147,0.997443732328
      ,0.997373536975,0.997300311285,0.9972244778,0.997146373645
      ,0.997066326757,0.996802282592,0.996612155953,0.996419994093
      ,0.996227761512,0.996049871984,0.995887011506,0.995771290354
      ,0.995713300237,0.995713300237)
    ,(1.010025407661,1.010099887894,1.010196332395,1.010313980511
      ,1.010451884995,1.010608912017,1.01078374115,1.010974865385
      ,1.011180591119,1.011671141325,1.011963268163,1.012273821217
      ,1.012600416232,1.012940661592,1.013292559257,1.013654527219
      ,1.014025043451,1.015245818149,1.016122695918,1.017006911525
      ,1.017889914339,1.018705774903,1.019452810003,1.019983714814
      ,1.020249745885,1.020249745885)
    ,(1.031393471788,1.031637401948,1.03195342184,1.032339307431
      ,1.03279223961,1.033308804186,1.033884991892,1.034516198381
      ,1.035197224226,1.036825416426,1.037797735611,1.038834672378
      ,1.039928996088,1.041073391311,1.042261780581,1.043489384159
      ,1.044751516811,1.048928887162,1.051958378008,1.055045142325
      ,1.058167088508,1.061081124498,1.063793901962,1.06573348299
,1.066705203297,1.066705203297))) REPRESENTATION_ITEM('') SURFACE() );
#3077 = CARTESIAN_POINT('',(90.044776119403,7.840749102309E-02,2.7));
#3078 = CARTESIAN_POINT('',(90.183633907485,9.936730638256E-02,2.7));
#3079 = CARTESIAN_POINT('',(90.3210439096,0.123319434117,2.706019963258)
  );
#3080 = CARTESIAN_POINT('',(90.456616605627,0.150118540245,
    2.717846292236));
#3081 = CARTESIAN_POINT('',(90.589982231717,0.179588736016,
    2.735234294834));
#3082 = CARTESIAN_POINT('',(90.720791322783,0.211523903004,
    2.757908592557));
#3083 = CARTESIAN_POINT('',(90.848715193382,0.245688058115,
    2.785563589623));
#3084 = CARTESIAN_POINT('',(90.973446351861,0.281815750268,2.81786399315
    ));
#3085 = CARTESIAN_POINT('',(91.094698843754,0.319612479413,2.8544453734)
  );
#3086 = CARTESIAN_POINT('',(91.35835169157,0.407435634232,2.945245272784
    ));
#3087 = CARTESIAN_POINT('',(91.498900269168,0.458265932246,
    3.001643586704));
#3088 = CARTESIAN_POINT('',(91.634176320145,0.510964002085,
    3.063717825866));
#3089 = CARTESIAN_POINT('',(91.764166460568,0.565134964805,3.13099711207
    ));
#3090 = CARTESIAN_POINT('',(91.888823201421,0.620388733919,
    3.203059643485));
#3091 = CARTESIAN_POINT('',(92.008220264014,0.676400420092,
    3.279599855195));
#3092 = CARTESIAN_POINT('',(92.122564007886,0.732914271135,
    3.360435477765));
#3093 = CARTESIAN_POINT('',(92.23206313672,0.789692060175,3.445455579165
    ));
#3094 = CARTESIAN_POINT('',(92.56994334864,0.972900628947,3.733134997569
    ));
#3095 = CARTESIAN_POINT('',(92.779069984415,1.099194130491,
    3.952056927623));
#3096 = CARTESIAN_POINT('',(92.964270664401,1.221653833114,
    4.188756300565));
#3097 = CARTESIAN_POINT('',(93.127966994001,1.339033897995,4.44800783232
    ));
#3098 = CARTESIAN_POINT('',(93.264751346151,1.443605841722,
    4.722844752679));
#3099 = CARTESIAN_POINT('',(93.377427347604,1.535495127942,
    5.022958413718));
#3100 = CARTESIAN_POINT('',(93.454218527417,1.599777966957,
    5.343281405348));
#3101 = CARTESIAN_POINT('',(93.492537313433,1.631843101453,
    5.671918445329));
#3102 = CARTESIAN_POINT('',(93.492537313433,1.631843101453,6.));
#3103 = CARTESIAN_POINT('',(90.044776119403,7.84074910231E-02,
    2.780201034946));
#3104 = CARTESIAN_POINT('',(90.180262926807,9.885847548747E-02,
    2.780520196063));
#3105 = CARTESIAN_POINT('',(90.314354366822,0.122155111042,
    2.786791343185));
#3106 = CARTESIAN_POINT('',(90.446658134713,0.148154089943,
    2.798800199315));
#3107 = CARTESIAN_POINT('',(90.576803946347,0.176683492619,
    2.816301491035));
#3108 = CARTESIAN_POINT('',(90.704443704743,0.207542887827,
    2.839019080195));
#3109 = CARTESIAN_POINT('',(90.829251646505,0.240503444387,2.86664611455
    ));
#3110 = CARTESIAN_POINT('',(90.95092446675,0.27530805205,2.898845194258)
  );
#3111 = CARTESIAN_POINT('',(91.069181421399,0.311671448649,
    2.935248550773));
#3112 = CARTESIAN_POINT('',(91.326422664883,0.396104234846,
    3.025520147568));
#3113 = CARTESIAN_POINT('',(91.46357820834,0.444926379098,3.08153770438)
  );
#3114 = CARTESIAN_POINT('',(91.595559091319,0.495478177874,
    3.143119221645));
#3115 = CARTESIAN_POINT('',(91.722343402874,0.547374402929,
    3.209782485843));
#3116 = CARTESIAN_POINT('',(91.843871582087,0.600232502232,
    3.281089563761));
#3117 = CARTESIAN_POINT('',(91.960209440866,0.653734847142,
    3.356718427986));
#3118 = CARTESIAN_POINT('',(92.071562553328,0.707634164236,3.43647165576
    ));
#3119 = CARTESIAN_POINT('',(92.178142681336,0.761702427338,3.52022254015
    ));
#3120 = CARTESIAN_POINT('',(92.507445088581,0.936221844771,
    3.803670045596));
#3121 = CARTESIAN_POINT('',(92.711108758062,1.056223809955,
    4.018945073688));
#3122 = CARTESIAN_POINT('',(92.89111169068,1.172131546881,4.25095345387)
  );
#3123 = CARTESIAN_POINT('',(93.049769642666,1.282638977732,
    4.503824484456));
#3124 = CARTESIAN_POINT('',(93.182058829219,1.38067157377,4.770921820555
    ));
#3125 = CARTESIAN_POINT('',(93.290627507213,1.466163655281,
    5.060752894718));
#3126 = CARTESIAN_POINT('',(93.364644688806,1.525916937514,
    5.368772288778));
#3127 = CARTESIAN_POINT('',(93.401632015485,1.555765697097,
    5.684490613964));
#3128 = CARTESIAN_POINT('',(93.401632015484,1.555765697097,6.));
#3129 = CARTESIAN_POINT('',(90.040969954449,0.103623154305,
    2.858312571775));
#3130 = CARTESIAN_POINT('',(90.172673682065,0.123706500859,
    2.858925809587));
#3131 = CARTESIAN_POINT('',(90.303018563426,0.146540140761,
    2.865422752066));
#3132 = CARTESIAN_POINT('',(90.431610867773,0.171981432418,
    2.877588985659));
#3133 = CARTESIAN_POINT('',(90.558080825615,0.199860456083,2.89517924202
    ));
#3134 = CARTESIAN_POINT('',(90.682082593482,0.229979992985,
    2.917917370135));
#3135 = CARTESIAN_POINT('',(90.803294223022,0.262115502013,
    2.945496304343));
#3136 = CARTESIAN_POINT('',(90.921417634709,0.29601509446,2.977578028841
    ));
#3137 = CARTESIAN_POINT('',(91.036178596404,0.331399507401,
    3.013793539432));
#3138 = CARTESIAN_POINT('',(91.285790186795,0.413510133842,
    3.103509857986));
#3139 = CARTESIAN_POINT('',(91.418820413932,0.460948568051,
    3.159122204852));
#3140 = CARTESIAN_POINT('',(91.546755014088,0.51002054547,3.22019241135)
  );
#3141 = CARTESIAN_POINT('',(91.669565355029,0.560346110894,
    3.286230304289));
#3142 = CARTESIAN_POINT('',(91.787181100838,0.611545683701,
    3.356785239764));
#3143 = CARTESIAN_POINT('',(91.899661158542,0.663305217323,
    3.431522313444));
#3144 = CARTESIAN_POINT('',(92.007210874404,0.715382970797,
    3.510232454161));
#3145 = CARTESIAN_POINT('',(92.110045333484,0.767557832526,
    3.592776325753));
#3146 = CARTESIAN_POINT('',(92.427723967824,0.935905020437,3.87200543425
    ));
#3147 = CARTESIAN_POINT('',(92.623679641868,1.051367397352,
    4.083597552392));
#3148 = CARTESIAN_POINT('',(92.796245844552,1.162503558016,
    4.310941457438));
#3149 = CARTESIAN_POINT('',(92.94764389428,1.267959393422,4.557619941383
    ));
#3150 = CARTESIAN_POINT('',(93.073356502414,1.361136136987,
    4.817220245614));
#3151 = CARTESIAN_POINT('',(93.175910413386,1.441848496141,
    5.097293346879));
#3152 = CARTESIAN_POINT('',(93.245717105503,1.498168610909,
    5.393619917604));
#3153 = CARTESIAN_POINT('',(93.280613976754,1.526314919407,
    5.696857101191));
#3154 = CARTESIAN_POINT('',(93.280613976754,1.526314919407,6.));
#3155 = CARTESIAN_POINT('',(90.033668037905,0.151998006982,
    2.925575853961));
#3156 = CARTESIAN_POINT('',(90.161591991685,0.171884745849,
    2.926357600794));
#3157 = CARTESIAN_POINT('',(90.288182312895,0.194486423989,
    2.932942195289));
#3158 = CARTESIAN_POINT('',(90.413047600754,0.219660372765,
    2.945116192386));
#3159 = CARTESIAN_POINT('',(90.535821629691,0.247237366449,
    2.962635740051));
#3160 = CARTESIAN_POINT('',(90.656163252497,0.277021563116,
    2.985226499863));
#3161 = CARTESIAN_POINT('',(90.773756315982,0.308790438805,
    3.012583556111));
#3162 = CARTESIAN_POINT('',(90.888309589879,0.342294716313,
    3.044371315189));
#3163 = CARTESIAN_POINT('',(90.999556709538,0.377258290228,
    3.080223397294));
#3164 = CARTESIAN_POINT('',(91.241449733633,0.458383535386,
    3.168983396827));
#3165 = CARTESIAN_POINT('',(91.370281838036,0.505237914274,
    3.223959817812));
#3166 = CARTESIAN_POINT('',(91.494102876166,0.55369508663,3.284294290585
    ));
#3167 = CARTESIAN_POINT('',(91.612880273844,0.603377183752,3.34949604459
    ));
#3168 = CARTESIAN_POINT('',(91.726535273366,0.653904315284,
    3.419109865584));
#3169 = CARTESIAN_POINT('',(91.835121390523,0.704963398166,
    3.492796188965));
#3170 = CARTESIAN_POINT('',(91.938844100079,0.756316018802,3.57034228848
    ));
#3171 = CARTESIAN_POINT('',(92.03792132886,0.807745153865,3.651604342167
    ));
#3172 = CARTESIAN_POINT('',(92.343748863204,0.973667855548,
    3.926359961902));
#3173 = CARTESIAN_POINT('',(92.531860767721,1.08737275523,4.1342626502)
  );
#3174 = CARTESIAN_POINT('',(92.696957060429,1.19669432485,4.357257379081
    ));
#3175 = CARTESIAN_POINT('',(92.84117307993,1.300248033685,4.598597034056
    ));
#3176 = CARTESIAN_POINT('',(92.960446733336,1.391618945047,
    4.852046405119));
#3177 = CARTESIAN_POINT('',(93.057195523954,1.470558756734,
    5.124594410363));
#3178 = CARTESIAN_POINT('',(93.122910635629,1.525597240842,
    5.412181401891));
#3179 = CARTESIAN_POINT('',(93.155758195827,1.55310371484,5.706137102113
    ));
#3180 = CARTESIAN_POINT('',(93.155758195827,1.55310371484,6.));
#3181 = CARTESIAN_POINT('',(90.023628742056,0.218507868426,2.97449869481
    ));
#3182 = CARTESIAN_POINT('',(90.148197052497,0.238355135837,
    2.975246826998));
#3183 = CARTESIAN_POINT('',(90.271451743109,0.260935972422,
    2.981696095897));
#3184 = CARTESIAN_POINT('',(90.393010490286,0.286107708464,
    2.993635737626));
#3185 = CARTESIAN_POINT('',(90.512516108277,0.313701274716,
    3.010825557137));
#3186 = CARTESIAN_POINT('',(90.629636515925,0.343521181761,
    3.032995901145));
#3187 = CARTESIAN_POINT('',(90.744064707718,0.375345496992,
    3.059847627094));
#3188 = CARTESIAN_POINT('',(90.855518729419,0.408925819704,
    3.091052068783));
#3189 = CARTESIAN_POINT('',(90.96374165845,0.443987254846,3.126250999346
    ));
#3190 = CARTESIAN_POINT('',(91.199006952622,0.525376010487,
    3.213398911663));
#3191 = CARTESIAN_POINT('',(91.32425315994,0.572398748851,3.26736964972)
  );
#3192 = CARTESIAN_POINT('',(91.444606964019,0.621060205314,
    3.326608376916));
#3193 = CARTESIAN_POINT('',(91.560035905698,0.670983056855,
    3.390634549246));
#3194 = CARTESIAN_POINT('',(91.670456453148,0.721785722068,
    3.459000639086));
#3195 = CARTESIAN_POINT('',(91.775918942063,0.773154995681,
    3.531374661092));
#3196 = CARTESIAN_POINT('',(91.876629174882,0.82485459571,3.60755203527)
  );
#3197 = CARTESIAN_POINT('',(91.972806532035,0.876669560766,
    3.687396711181));
#3198 = CARTESIAN_POINT('',(92.269486461413,1.043900844649,
    3.957324610265));
#3199 = CARTESIAN_POINT('',(92.451799314465,1.158670390884,4.16161017079
    ));
#3200 = CARTESIAN_POINT('',(92.611684456698,1.269227887262,
    4.380838192495));
#3201 = CARTESIAN_POINT('',(92.751217791433,1.374196732552,
    4.618262163379));
#3202 = CARTESIAN_POINT('',(92.866526245105,1.467018804928,
    4.867781647231));
#3203 = CARTESIAN_POINT('',(92.959976998068,1.547476862309,
    5.136411043603));
#3204 = CARTESIAN_POINT('',(93.023398569724,1.603614406847,
    5.420121167655));
#3205 = CARTESIAN_POINT('',(93.055083094167,1.631660251788,
    5.710154442461));
#3206 = CARTESIAN_POINT('',(93.055083094167,1.631660251788,6.));
#3207 = CARTESIAN_POINT('',(90.011970303723,0.295744472452,3.));
#3208 = CARTESIAN_POINT('',(90.133973610646,0.31565645107,3.000480846768
    ));
#3209 = CARTESIAN_POINT('',(90.254684276948,0.338355590823,
    3.006540397636));
#3210 = CARTESIAN_POINT('',(90.373737907848,0.363699795229,
    3.017972958712));
#3211 = CARTESIAN_POINT('',(90.490793454788,0.391520223047,
    3.034544960621));
#3212 = CARTESIAN_POINT('',(90.605533364373,0.421621385595,
    3.055995082115));
#3213 = CARTESIAN_POINT('',(90.717663707882,0.45378125503,3.082034390992
    ));
#3214 = CARTESIAN_POINT('',(90.82691429021,0.487751381251,3.112346499477
    ));
#3215 = CARTESIAN_POINT('',(90.933038737371,0.5232570147,3.146587730868)
  );
#3216 = CARTESIAN_POINT('',(91.163772655067,0.605739585963,
    3.231448555752));
#3217 = CARTESIAN_POINT('',(91.286623810377,0.653429848804,
    3.284043859743));
#3218 = CARTESIAN_POINT('',(91.404753761779,0.702840055031,
    3.341837551241));
#3219 = CARTESIAN_POINT('',(91.51813404751,0.753593004234,3.404371701613
    ));
#3220 = CARTESIAN_POINT('',(91.626679753279,0.805305378832,3.47122039587
    ));
#3221 = CARTESIAN_POINT('',(91.730439449719,0.857663540965,
    3.542072734006));
#3222 = CARTESIAN_POINT('',(91.829617977803,0.910432260807,3.6167448106)
  );
#3223 = CARTESIAN_POINT('',(91.924432759392,0.963396672156,
    3.695121018038));
#3224 = CARTESIAN_POINT('',(92.216926728449,1.134420670955,
    3.960209355638));
#3225 = CARTESIAN_POINT('',(92.39711148756,1.252127731402,4.161282184821
    ));
#3226 = CARTESIAN_POINT('',(92.555692576465,1.36595407579,4.377750745782
    ));
#3227 = CARTESIAN_POINT('',(92.694701421301,1.474558664723,
    4.613204227498));
#3228 = CARTESIAN_POINT('',(92.810061647575,1.571012943706,
    4.861619461788));
#3229 = CARTESIAN_POINT('',(92.904137407078,1.655188193831,
    5.130597881078));
#3230 = CARTESIAN_POINT('',(92.968079656696,1.714004203421,5.41598210657
    ));
#3231 = CARTESIAN_POINT('',(93.,1.743367757094,5.7081709096));
#3232 = CARTESIAN_POINT('',(93.,1.743367757094,6.));
#3233 = CARTESIAN_POINT('',(90.,0.375047169979,3.));
#3234 = CARTESIAN_POINT('',(90.12049030655,0.395053250114,3.));
#3235 = CARTESIAN_POINT('',(90.239713571195,0.417908672852,
    3.005444859096));
#3236 = CARTESIAN_POINT('',(90.357333157915,0.443472976954,
    3.016136913525));
#3237 = CARTESIAN_POINT('',(90.473031791961,0.471578198045,
    3.031852679681));
#3238 = CARTESIAN_POINT('',(90.586512023853,0.50202917561,3.052343220285
    ));
#3239 = CARTESIAN_POINT('',(90.697496638025,0.534603896463,
    3.077334563337));
#3240 = CARTESIAN_POINT('',(90.805729002083,0.569053867077,
    3.106528165229));
#3241 = CARTESIAN_POINT('',(90.910973353632,0.605104506127,
    3.139601408413));
#3242 = CARTESIAN_POINT('',(91.139921106446,0.688907888654,
    3.221734767781));
#3243 = CARTESIAN_POINT('',(91.261924899848,0.737394136034,
    3.272730237692));
#3244 = CARTESIAN_POINT('',(91.379431961966,0.787692879715,
    3.328891046519));
#3245 = CARTESIAN_POINT('',(91.49242024006,0.83942775681,3.389793828424)
  );
#3246 = CARTESIAN_POINT('',(91.600805341994,0.892215047362,
    3.455047501246));
#3247 = CARTESIAN_POINT('',(91.704633653895,0.94574120416,3.524374622616
    ));
#3248 = CARTESIAN_POINT('',(91.804105427345,0.999771153083,
    3.597622775188));
#3249 = CARTESIAN_POINT('',(91.899430053913,1.054088349749,
    3.674707079074));
#3250 = CARTESIAN_POINT('',(92.193668397787,1.229429305995,
    3.935648125178));
#3251 = CARTESIAN_POINT('',(92.375973182807,1.350416073516,
    4.134381506945));
#3252 = CARTESIAN_POINT('',(92.537640932768,1.467879674786,
    4.349518776514));
#3253 = CARTESIAN_POINT('',(92.680665280048,1.580544385621,
    4.585271755615));
#3254 = CARTESIAN_POINT('',(92.800344559364,1.68102514123,4.835551164529
    ));
#3255 = CARTESIAN_POINT('',(92.899110128368,1.769354652964,
    5.109031804387));
#3256 = CARTESIAN_POINT('',(92.966438640203,1.831119549595,
    5.401215493214));
#3257 = CARTESIAN_POINT('',(93.,1.861906968534,5.70095853363));
#3258 = CARTESIAN_POINT('',(93.,1.861906968534,6.));
#3259 = DEFINITIONAL_REPRESENTATION('',(#3260),#3264);
#3260 = LINE('',#3261,#3262);
#3261 = CARTESIAN_POINT('',(4.832585329074,0.));
#3262 = VECTOR('',#3263,1.);
#3263 = DIRECTION('',(0.,1.));
#3264 = ( GEOMETRIC_REPRESENTATION_CONTEXT(2)
PARAMETRIC_REPRESENTATION_CONTEXT() REPRESENTATION_CONTEXT('2D SPACE',''
  ) );
#3265 = ORIENTED_EDGE('',*,*,#2589,.T.);
#3266 = ORIENTED_EDGE('',*,*,#1047,.F.);
#3267 = ADVANCED_FACE('',(#3268),#917,.T.);
#3268 = FACE_BOUND('',#3269,.T.);
#3269 = EDGE_LOOP('',(#3270,#3293,#3319,#3320));
#3270 = ORIENTED_EDGE('',*,*,#3271,.F.);
#3271 = EDGE_CURVE('',#3272,#902,#3274,.T.);
#3272 = VERTEX_POINT('',#3273);
#3273 = CARTESIAN_POINT('',(3.,1.861906968534,152.));
#3274 = SURFACE_CURVE('',#3275,(#3279,#3286),.PCURVE_S1.);
#3275 = LINE('',#3276,#3277);
#3276 = CARTESIAN_POINT('',(3.,-1.,152.));
#3277 = VECTOR('',#3278,1.);
#3278 = DIRECTION('',(-0.,1.,0.));
#3279 = PCURVE('',#917,#3280);
#3280 = DEFINITIONAL_REPRESENTATION('',(#3281),#3285);
#3281 = LINE('',#3282,#3283);
#3282 = CARTESIAN_POINT('',(149.,0.));
#3283 = VECTOR('',#3284,1.);
#3284 = DIRECTION('',(0.,-1.));
#3285 = ( GEOMETRIC_REPRESENTATION_CONTEXT(2)
PARAMETRIC_REPRESENTATION_CONTEXT() REPRESENTATION_CONTEXT('2D SPACE',''
  ) );
#3286 = PCURVE('',#946,#3287);
#3287 = DEFINITIONAL_REPRESENTATION('',(#3288),#3292);
#3288 = LINE('',#3289,#3290);
#3289 = CARTESIAN_POINT('',(0.,0.));
#3290 = VECTOR('',#3291,1.);
#3291 = DIRECTION('',(0.,1.));
#3292 = ( GEOMETRIC_REPRESENTATION_CONTEXT(2)
PARAMETRIC_REPRESENTATION_CONTEXT() REPRESENTATION_CONTEXT('2D SPACE',''
  ) );
#3293 = ORIENTED_EDGE('',*,*,#3294,.T.);
#3294 = EDGE_CURVE('',#3272,#2724,#3295,.T.);
#3295 = SURFACE_CURVE('',#3296,(#3300,#3307),.PCURVE_S1.);
#3296 = LINE('',#3297,#3298);
#3297 = CARTESIAN_POINT('',(3.,1.861906968534,152.));
#3298 = VECTOR('',#3299,1.);
#3299 = DIRECTION('',(-0.,-0.,-1.));
#3300 = PCURVE('',#917,#3301);
#3301 = DEFINITIONAL_REPRESENTATION('',(#3302),#3306);
#3302 = LINE('',#3303,#3304);
#3303 = CARTESIAN_POINT('',(149.,-2.861906968534));
#3304 = VECTOR('',#3305,1.);
#3305 = DIRECTION('',(-1.,0.));
#3306 = ( GEOMETRIC_REPRESENTATION_CONTEXT(2)
PARAMETRIC_REPRESENTATION_CONTEXT() REPRESENTATION_CONTEXT('2D SPACE',''
  ) );
#3307 = PCURVE('',#3308,#3313);
#3308 = CYLINDRICAL_SURFACE('',#3309,0.3);
#3309 = AXIS2_PLACEMENT_3D('',#3310,#3311,#3312);
#3310 = CARTESIAN_POINT('',(2.7,1.861906968534,152.));
#3311 = DIRECTION('',(-0.,-0.,-1.));
#3312 = DIRECTION('',(-0.641791044776,-0.766879556935,0.));
#3313 = DEFINITIONAL_REPRESENTATION('',(#3314),#3318);
#3314 = LINE('',#3315,#3316);
#3315 = CARTESIAN_POINT('',(-2.267627813401,0.));
#3316 = VECTOR('',#3317,1.);
#3317 = DIRECTION('',(-0.,1.));
#3318 = ( GEOMETRIC_REPRESENTATION_CONTEXT(2)
PARAMETRIC_REPRESENTATION_CONTEXT() REPRESENTATION_CONTEXT('2D SPACE',''
  ) );
#3319 = ORIENTED_EDGE('',*,*,#2723,.T.);
#3320 = ORIENTED_EDGE('',*,*,#901,.T.);
#3321 = ADVANCED_FACE('',(#3322),#1035,.F.);
#3322 = FACE_BOUND('',#3323,.F.);
#3323 = EDGE_LOOP('',(#3324,#3347,#3373,#3374));
#3324 = ORIENTED_EDGE('',*,*,#3325,.F.);
#3325 = EDGE_CURVE('',#3326,#987,#3328,.T.);
#3326 = VERTEX_POINT('',#3327);
#3327 = CARTESIAN_POINT('',(93.,1.861906968534,152.));
#3328 = SURFACE_CURVE('',#3329,(#3333,#3340),.PCURVE_S1.);
#3329 = LINE('',#3330,#3331);
#3330 = CARTESIAN_POINT('',(93.,-1.,152.));
#3331 = VECTOR('',#3332,1.);
#3332 = DIRECTION('',(-0.,1.,0.));
#3333 = PCURVE('',#1035,#3334);
#3334 = DEFINITIONAL_REPRESENTATION('',(#3335),#3339);
#3335 = LINE('',#3336,#3337);
#3336 = CARTESIAN_POINT('',(149.,0.));
#3337 = VECTOR('',#3338,1.);
#3338 = DIRECTION('',(0.,-1.));
#3339 = ( GEOMETRIC_REPRESENTATION_CONTEXT(2)
PARAMETRIC_REPRESENTATION_CONTEXT() REPRESENTATION_CONTEXT('2D SPACE',''
  ) );
#3340 = PCURVE('',#1007,#3341);
#3341 = DEFINITIONAL_REPRESENTATION('',(#3342),#3346);
#3342 = LINE('',#3343,#3344);
#3343 = CARTESIAN_POINT('',(-0.,0.));
#3344 = VECTOR('',#3345,1.);
#3345 = DIRECTION('',(-0.,1.));
#3346 = ( GEOMETRIC_REPRESENTATION_CONTEXT(2)
PARAMETRIC_REPRESENTATION_CONTEXT() REPRESENTATION_CONTEXT('2D SPACE',''
  ) );
#3347 = ORIENTED_EDGE('',*,*,#3348,.F.);
#3348 = EDGE_CURVE('',#2986,#3326,#3349,.T.);
#3349 = SURFACE_CURVE('',#3350,(#3354,#3361),.PCURVE_S1.);
#3350 = LINE('',#3351,#3352);
#3351 = CARTESIAN_POINT('',(93.,1.861906968534,6.));
#3352 = VECTOR('',#3353,1.);
#3353 = DIRECTION('',(0.,0.,1.));
#3354 = PCURVE('',#1035,#3355);
#3355 = DEFINITIONAL_REPRESENTATION('',(#3356),#3360);
#3356 = LINE('',#3357,#3358);
#3357 = CARTESIAN_POINT('',(3.,-2.861906968534));
#3358 = VECTOR('',#3359,1.);
#3359 = DIRECTION('',(1.,0.));
#3360 = ( GEOMETRIC_REPRESENTATION_CONTEXT(2)
PARAMETRIC_REPRESENTATION_CONTEXT() REPRESENTATION_CONTEXT('2D SPACE',''
  ) );
#3361 = PCURVE('',#3362,#3367);
#3362 = CYLINDRICAL_SURFACE('',#3363,0.3);
#3363 = AXIS2_PLACEMENT_3D('',#3364,#3365,#3366);
#3364 = CARTESIAN_POINT('',(93.3,1.861906968534,6.));
#3365 = DIRECTION('',(0.,0.,1.));
#3366 = DIRECTION('',(0.641791044776,-0.766879556935,0.));
#3367 = DEFINITIONAL_REPRESENTATION('',(#3368),#3372);
#3368 = LINE('',#3369,#3370);
#3369 = CARTESIAN_POINT('',(-2.267627813401,0.));
#3370 = VECTOR('',#3371,1.);
#3371 = DIRECTION('',(-0.,1.));
#3372 = ( GEOMETRIC_REPRESENTATION_CONTEXT(2)
PARAMETRIC_REPRESENTATION_CONTEXT() REPRESENTATION_CONTEXT('2D SPACE',''
  ) );
#3373 = ORIENTED_EDGE('',*,*,#2985,.T.);
#3374 = ORIENTED_EDGE('',*,*,#1019,.T.);
#3375 = ADVANCED_FACE('',(#3376),#946,.F.);
#3376 = FACE_BOUND('',#3377,.F.);
#3377 = EDGE_LOOP('',(#3378,#3379,#3643,#3664));
#3378 = ORIENTED_EDGE('',*,*,#3271,.F.);
#3379 = ORIENTED_EDGE('',*,*,#3380,.F.);
#3380 = EDGE_CURVE('',#3381,#3272,#3383,.T.);
#3381 = VERTEX_POINT('',#3382);
#3382 = CARTESIAN_POINT('',(6.,0.375047169979,155.));
#3383 = SURFACE_CURVE('',#3384,(#3411,#3453),.PCURVE_S1.);
#3384 = ( BOUNDED_CURVE() B_SPLINE_CURVE(9,(#3385,#3386,#3387,#3388,
    #3389,#3390,#3391,#3392,#3393,#3394,#3395,#3396,#3397,#3398,#3399,
    #3400,#3401,#3402,#3403,#3404,#3405,#3406,#3407,#3408,#3409,#3410),
.UNSPECIFIED.,.F.,.F.) B_SPLINE_CURVE_WITH_KNOTS((10,8,8,10),(
    322.81125924575,323.7710589414,324.9540691246,327.64384457586),
.UNSPECIFIED.) CURVE() GEOMETRIC_REPRESENTATION_ITEM()
RATIONAL_B_SPLINE_CURVE((1.031393471788,1.031637401908,1.031953421855,
    1.03233930761,1.03279224004,1.033308804894,1.033884992808,
    1.034516199299,1.035197224772,1.036815941421,1.037777277759,
    1.038802052938,1.039883181913,1.041013454243,1.04218694196,
    1.043399086231,1.044645462829,1.048815345153,1.051855844639,
    1.054957862223,1.058099720761,1.061026850812,1.063769620343,
1.065723463357,1.066705203297,1.066705203297)) REPRESENTATION_ITEM('')
  );
#3385 = CARTESIAN_POINT('',(6.,0.375047169979,155.));
#3386 = CARTESIAN_POINT('',(5.879509713242,0.395053246828,155.));
#3387 = CARTESIAN_POINT('',(5.760286418036,0.417908674868,154.9945551406
    ));
#3388 = CARTESIAN_POINT('',(5.642666775164,0.443472991022,
    154.98386308136));
#3389 = CARTESIAN_POINT('',(5.52696808087,0.471578227976,154.96814730468
    ));
#3390 = CARTESIAN_POINT('',(5.413487802839,0.502029221187,
    154.94765674958));
#3391 = CARTESIAN_POINT('',(5.302503171525,0.534603952361,
    154.92266539282));
#3392 = CARTESIAN_POINT('',(5.194270830876,0.569053921794,
    154.89347178566));
#3393 = CARTESIAN_POINT('',(5.089026551497,0.605104540937,
    154.86039855629));
#3394 = CARTESIAN_POINT('',(4.861409100519,0.68842098166,154.77874243595
    ));
#3395 = CARTESIAN_POINT('',(4.740639976053,0.736374767463,
    154.72834214964));
#3396 = CARTESIAN_POINT('',(4.624263436299,0.786112342355,
    154.67287247534));
#3397 = CARTESIAN_POINT('',(4.512311392586,0.837263763177,154.6127511457
    ));
#3398 = CARTESIAN_POINT('',(4.404878129067,0.889450840174,
    154.54836610048));
#3399 = CARTESIAN_POINT('',(4.30191840901,0.942369317641,154.47998752705
    ));
#3400 = CARTESIAN_POINT('',(4.203225210014,0.995796964689,
    154.40775713247));
#3401 = CARTESIAN_POINT('',(4.108584775798,1.049528607613,
    154.33175348431));
#3402 = CARTESIAN_POINT('',(3.813207117973,1.224873936249,
    154.07181889816));
#3403 = CARTESIAN_POINT('',(3.629428761295,1.346495762968,
    153.87280137867));
#3404 = CARTESIAN_POINT('',(3.466276812998,1.464783416939,
    153.65689413715));
#3405 = CARTESIAN_POINT('',(3.32237270703,1.578034102459,153.42102587976
    ));
#3406 = CARTESIAN_POINT('',(3.201330541862,1.679470803658,
    153.16927018714));
#3407 = CARTESIAN_POINT('',(3.10190451001,1.768455940209,152.8951582125)
  );
#3408 = CARTESIAN_POINT('',(3.033866568825,1.830832137923,
    152.60157775896));
#3409 = CARTESIAN_POINT('',(3.,1.861906968534,152.30044808406));
#3410 = CARTESIAN_POINT('',(3.,1.861906968534,152.));
#3411 = PCURVE('',#946,#3412);
#3412 = DEFINITIONAL_REPRESENTATION('',(#3413),#3452);
#3413 = B_SPLINE_CURVE_WITH_KNOTS('',10,(#3414,#3415,#3416,#3417,#3418,
    #3419,#3420,#3421,#3422,#3423,#3424,#3425,#3426,#3427,#3428,#3429,
    #3430,#3431,#3432,#3433,#3434,#3435,#3436,#3437,#3438,#3439,#3440,
    #3441,#3442,#3443,#3444,#3445,#3446,#3447,#3448,#3449,#3450,#3451),
  .UNSPECIFIED.,.F.,.F.,(11,9,9,9,11),(322.81125924575,323.41533241201,
    324.01940557828,325.2275519108,327.64384457586),.UNSPECIFIED.);
#3414 = CARTESIAN_POINT('',(1.570796326795,1.375047169979));
#3415 = CARTESIAN_POINT('',(1.548040902912,1.386382027863));
#3416 = CARTESIAN_POINT('',(1.525418477046,1.398621400144));
#3417 = CARTESIAN_POINT('',(1.502932611781,1.411740112686));
#3418 = CARTESIAN_POINT('',(1.480587081319,1.425710507535));
#3419 = CARTESIAN_POINT('',(1.458385871486,1.440502442916));
#3420 = CARTESIAN_POINT('',(1.436333179725,1.45608329324));
#3421 = CARTESIAN_POINT('',(1.414433415102,1.472417949095));
#3422 = CARTESIAN_POINT('',(1.392691198304,1.489468817254));
#3423 = CARTESIAN_POINT('',(1.371111361639,1.507195820669));
#3424 = CARTESIAN_POINT('',(1.32828653643,1.543916976283));
#3425 = CARTESIAN_POINT('',(1.307043237901,1.562909073386));
#3426 = CARTESIAN_POINT('',(1.285960007207,1.582508055344));
#3427 = CARTESIAN_POINT('',(1.265097528834,1.602598832735));
#3428 = CARTESIAN_POINT('',(1.244346383314,1.623279438674));
#3429 = CARTESIAN_POINT('',(1.223824423867,1.644359051223));
#3430 = CARTESIAN_POINT('',(1.203577128186,1.665733503516));
#3431 = CARTESIAN_POINT('',(1.183398335351,1.68761517515));
#3432 = CARTESIAN_POINT('',(1.163413888369,1.709806142168));
#3433 = CARTESIAN_POINT('',(1.103880057335,1.777388456353));
#3434 = CARTESIAN_POINT('',(1.064774215078,1.823758555777));
#3435 = CARTESIAN_POINT('',(1.026206993877,1.871180236358));
#3436 = CARTESIAN_POINT('',(0.9880820714,1.919451089027));
#3437 = CARTESIAN_POINT('',(0.950469024802,1.968226898614));
#3438 = CARTESIAN_POINT('',(0.913190946926,2.017406936035));
#3439 = CARTESIAN_POINT('',(0.876086116235,2.066916829443));
#3440 = CARTESIAN_POINT('',(0.839296575142,2.116340920542));
#3441 = CARTESIAN_POINT('',(0.802615775006,2.165631669473));
#3442 = CARTESIAN_POINT('',(0.692835804162,2.312365879302));
#3443 = CARTESIAN_POINT('',(0.619978492965,2.40866820761));
#3444 = CARTESIAN_POINT('',(0.546847552879,2.502055974845));
#3445 = CARTESIAN_POINT('',(0.472983184175,2.590329821407));
#3446 = CARTESIAN_POINT('',(0.397927462272,2.671689117588));
#3447 = CARTESIAN_POINT('',(0.321164890187,2.743490537923));
#3448 = CARTESIAN_POINT('',(0.242391682665,2.801657691145));
#3449 = CARTESIAN_POINT('',(0.161963037083,2.841894026379));
#3450 = CARTESIAN_POINT('',(8.097001198482E-02,2.861906968534));
#3451 = CARTESIAN_POINT('',(0.,2.861906968534));
#3452 = ( GEOMETRIC_REPRESENTATION_CONTEXT(2)
PARAMETRIC_REPRESENTATION_CONTEXT() REPRESENTATION_CONTEXT('2D SPACE',''
  ) );
#3453 = PCURVE('',#3454,#3637);
#3454 = ( BOUNDED_SURFACE() B_SPLINE_SURFACE(6,9,(
    (#3455,#3456,#3457,#3458,#3459,#3460,#3461,#3462,#3463,#3464,#3465
      ,#3466,#3467,#3468,#3469,#3470,#3471,#3472,#3473,#3474,#3475,#3476
      ,#3477,#3478,#3479,#3480)
    ,(#3481,#3482,#3483,#3484,#3485,#3486,#3487,#3488,#3489,#3490,#3491
      ,#3492,#3493,#3494,#3495,#3496,#3497,#3498,#3499,#3500,#3501,#3502
      ,#3503,#3504,#3505,#3506)
    ,(#3507,#3508,#3509,#3510,#3511,#3512,#3513,#3514,#3515,#3516,#3517
      ,#3518,#3519,#3520,#3521,#3522,#3523,#3524,#3525,#3526,#3527,#3528
      ,#3529,#3530,#3531,#3532)
    ,(#3533,#3534,#3535,#3536,#3537,#3538,#3539,#3540,#3541,#3542,#3543
      ,#3544,#3545,#3546,#3547,#3548,#3549,#3550,#3551,#3552,#3553,#3554
      ,#3555,#3556,#3557,#3558)
    ,(#3559,#3560,#3561,#3562,#3563,#3564,#3565,#3566,#3567,#3568,#3569
      ,#3570,#3571,#3572,#3573,#3574,#3575,#3576,#3577,#3578,#3579,#3580
      ,#3581,#3582,#3583,#3584)
    ,(#3585,#3586,#3587,#3588,#3589,#3590,#3591,#3592,#3593,#3594,#3595
      ,#3596,#3597,#3598,#3599,#3600,#3601,#3602,#3603,#3604,#3605,#3606
      ,#3607,#3608,#3609,#3610)
    ,(#3611,#3612,#3613,#3614,#3615,#3616,#3617,#3618,#3619,#3620,#3621
      ,#3622,#3623,#3624,#3625,#3626,#3627,#3628,#3629,#3630,#3631,#3632
      ,#3633,#3634,#3635,#3636
)),.UNSPECIFIED.,.F.,.F.,.F.) B_SPLINE_SURFACE_WITH_KNOTS((7,7),(10,8,8,
    10),(0.,4.83258533011),(322.81125924575,323.7710589414,
    324.9540691246,327.64384457586),.UNSPECIFIED.)
GEOMETRIC_REPRESENTATION_ITEM() RATIONAL_B_SPLINE_SURFACE((
    (1.031393471788,1.031637401908,1.031953421855,1.03233930761
      ,1.03279224004,1.033308804894,1.033884992808,1.034516199299
      ,1.035197224772,1.036815941421,1.037777277759,1.038802052938
      ,1.039883181913,1.041013454243,1.04218694196,1.043399086231
      ,1.044645462829,1.048815345153,1.051855844639,1.054957862223
      ,1.058099720761,1.061026850812,1.063769620343,1.065723463357
      ,1.066705203297,1.066705203297)
    ,(1.010025407661,1.010099887881,1.0101963324,1.010313980566
      ,1.010451885127,1.010608912231,1.010783741427,1.010974865662
      ,1.011180591283,1.011668286647,1.011957121817,1.012264051726
      ,1.012586742459,1.012922839953,1.013270396024,1.013627898463
      ,1.01399390522,1.015212946296,1.016093327052,1.016982204816
      ,1.017871081123,1.018690787384,1.019446193783,1.019980963694
      ,1.020249745885,1.020249745885)
    ,(0.997924642725,0.997908783644,0.997888243285,0.997863175194
      ,0.997833772709,0.997800268965,0.997762936885,0.99772208919
      ,0.997678078392,0.997573635701,0.997511711892,0.997445829377
      ,0.99737647583,0.997304146648,0.99722925377,0.997152119256
      ,0.997073053629,0.996809409702,0.996618538163,0.996425373032
      ,0.99623186793,0.996053139115,0.995888453837,0.995771889991
      ,0.995713300237,0.995713300237)
    ,(0.993958444137,0.993913151615,0.993854493447,0.993782918109
      ,0.993698985856,0.993603368725,0.993496850535,0.993380326888
      ,0.993254805164,0.992956980318,0.992780431296,0.992592619605
      ,0.992394922588,0.992188730631,0.991975187534,0.991755173415
      ,0.991529530141,0.990776583154,0.99023061206,0.98967683134
      ,0.989119577356,0.988603133816,0.988122640941,0.987781240461
      ,0.987609681784,0.987609681784)
    ,(0.997924642725,0.997908783644,0.997888243285,0.997863175194
      ,0.997833772709,0.997800268965,0.997762936885,0.99772208919
      ,0.997678078392,0.997573635701,0.997511711892,0.997445829377
      ,0.99737647583,0.997304146648,0.99722925377,0.997152119256
      ,0.997073053629,0.996809409702,0.996618538163,0.996425373032
      ,0.99623186793,0.996053139115,0.995888453837,0.995771889991
      ,0.995713300237,0.995713300237)
    ,(1.010025407661,1.010099887881,1.0101963324,1.010313980566
      ,1.010451885127,1.010608912231,1.010783741427,1.010974865662
      ,1.011180591283,1.011668286647,1.011957121817,1.012264051726
      ,1.012586742459,1.012922839953,1.013270396024,1.013627898463
      ,1.01399390522,1.015212946296,1.016093327052,1.016982204816
      ,1.017871081123,1.018690787384,1.019446193783,1.019980963694
      ,1.020249745885,1.020249745885)
    ,(1.031393471788,1.031637401908,1.031953421855,1.03233930761
      ,1.03279224004,1.033308804894,1.033884992808,1.034516199299
      ,1.035197224772,1.036815941421,1.037777277759,1.038802052938
      ,1.039883181913,1.041013454243,1.04218694196,1.043399086231
      ,1.044645462829,1.048815345153,1.051855844639,1.054957862223
      ,1.058099720761,1.061026850812,1.063769620343,1.065723463357
,1.066705203297,1.066705203297))) REPRESENTATION_ITEM('') SURFACE() );
#3455 = CARTESIAN_POINT('',(5.955223880597,7.840749102309E-02,155.3));
#3456 = CARTESIAN_POINT('',(5.816366120319,9.93673021856E-02,155.3));
#3457 = CARTESIAN_POINT('',(5.678956090216,0.123319433884,
    155.29398003746));
#3458 = CARTESIAN_POINT('',(5.543383336516,0.150118550902,155.2821537046
    ));
#3459 = CARTESIAN_POINT('',(5.410017646317,0.179588761847,
    155.26476569175));
#3460 = CARTESIAN_POINT('',(5.279208505065,0.211523944254,
    155.24209137917));
#3461 = CARTESIAN_POINT('',(5.151284615643,0.245688109602,
    155.21443636795));
#3462 = CARTESIAN_POINT('',(5.026553484196,0.281815800016,
    155.18213595978));
#3463 = CARTESIAN_POINT('',(4.905301076726,0.319612507294,
    155.14555459668));
#3464 = CARTESIAN_POINT('',(4.643180197166,0.406925358106,
    155.05528230119));
#3465 = CARTESIAN_POINT('',(4.504053961785,0.457197534944,
    154.99954186801));
#3466 = CARTESIAN_POINT('',(4.370079778946,0.509307198158,
    154.93823283835));
#3467 = CARTESIAN_POINT('',(4.241278765646,0.562868291496,
    154.87181581521));
#3468 = CARTESIAN_POINT('',(4.117709814339,0.617496987062,
    154.80070767579));
#3469 = CARTESIAN_POINT('',(3.99930543089,0.672875920143,154.72520963504
    ));
#3470 = CARTESIAN_POINT('',(3.885857602594,0.728759615682,
    154.64549799119));
#3471 = CARTESIAN_POINT('',(3.777151457875,0.784922046079,
    154.56167643911));
#3472 = CARTESIAN_POINT('',(3.43793366301,0.968150383383,154.27508165846
    ));
#3473 = CARTESIAN_POINT('',(3.227111216237,1.095111522125,
    154.05583188581));
#3474 = CARTESIAN_POINT('',(3.040343724884,1.218352920922,
    153.81850010874));
#3475 = CARTESIAN_POINT('',(2.875148138702,1.336631228777,
    153.55830718144));
#3476 = CARTESIAN_POINT('',(2.737591207569,1.441731479012,
    153.28321420537));
#3477 = CARTESIAN_POINT('',(2.623480084367,1.534709654185,
    152.98118132872));
#3478 = CARTESIAN_POINT('',(2.54619173529,1.599441488635,152.65989389291
    ));
#3479 = CARTESIAN_POINT('',(2.507462686567,1.631843101453,
    152.32962476436));
#3480 = CARTESIAN_POINT('',(2.507462686567,1.631843101453,152.));
#3481 = CARTESIAN_POINT('',(5.955223880597,7.840749102309E-02,
    155.21979896505));
#3482 = CARTESIAN_POINT('',(5.819737099113,9.885847157497E-02,
    155.21947980398));
#3483 = CARTESIAN_POINT('',(5.685645630056,0.122155111403,
    155.21320865721));
#3484 = CARTESIAN_POINT('',(5.553341804193,0.148154101313,
    155.20119979672));
#3485 = CARTESIAN_POINT('',(5.423195928669,0.176683519032,
    155.18369849434));
#3486 = CARTESIAN_POINT('',(5.295556120447,0.207542929368,
    155.16098089006));
#3487 = CARTESIAN_POINT('',(5.170748159863,0.240503495949,
    155.13335384135));
#3488 = CARTESIAN_POINT('',(5.049075365699,0.275308102089,
    155.10115475671));
#3489 = CARTESIAN_POINT('',(4.930818492881,0.311671477957,
    155.06475141671));
#3490 = CARTESIAN_POINT('',(4.675073575313,0.395613131352,
    154.97500491881));
#3491 = CARTESIAN_POINT('',(4.53930659629,0.44389950354,154.91964058605)
  );
#3492 = CARTESIAN_POINT('',(4.408595835621,0.493887921622,
    154.85881699428));
#3493 = CARTESIAN_POINT('',(4.28297114047,0.545201440949,154.7930064564)
  );
#3494 = CARTESIAN_POINT('',(4.162503052285,0.597463631196,
    154.72264170858));
#3495 = CARTESIAN_POINT('',(4.047130930933,0.650364670629,
    154.64803906903));
#3496 = CARTESIAN_POINT('',(3.936646553859,0.70366784591,154.5693881717)
  );
#3497 = CARTESIAN_POINT('',(3.830832496868,0.757156742214,154.4868079247
    ));
#3498 = CARTESIAN_POINT('',(3.500212771195,0.931715993625,154.2043960954
    ));
#3499 = CARTESIAN_POINT('',(3.294888453737,1.052366366162,
    153.98877418686));
#3500 = CARTESIAN_POINT('',(3.113326723646,1.169045971948,
    153.75606843904));
#3501 = CARTESIAN_POINT('',(2.95330211414,1.28034790986,153.50242360344)
  );
#3502 = CARTESIAN_POINT('',(2.820118013788,1.378982139616,
    153.23476493015));
#3503 = CARTESIAN_POINT('',(2.71028924658,1.465405372531,152.94331068833
    ));
#3504 = CARTESIAN_POINT('',(2.635740462499,1.525611050024,
    152.63425485728));
#3505 = CARTESIAN_POINT('',(2.598367984516,1.555765697097,
    152.31699346193));
#3506 = CARTESIAN_POINT('',(2.598367984515,1.555765697097,152.));
#3507 = CARTESIAN_POINT('',(5.959030045551,0.103623154305,
    155.14168742822));
#3508 = CARTESIAN_POINT('',(5.827326341935,0.123706497203,
    155.14107419051));
#3509 = CARTESIAN_POINT('',(5.696981430613,0.146540141707,
    155.13457724803));
#3510 = CARTESIAN_POINT('',(5.568389068233,0.171981444582,
    155.12241100962));
#3511 = CARTESIAN_POINT('',(5.441919047004,0.199860483312,
    155.10482074222));
#3512 = CARTESIAN_POINT('',(5.317917229939,0.229980035222,
    155.08208259874));
#3513 = CARTESIAN_POINT('',(5.196705581773,0.262115554172,
    155.05450365002));
#3514 = CARTESIAN_POINT('',(5.07858219524,0.296015145292,155.02242192034
    ));
#3515 = CARTESIAN_POINT('',(4.963821312526,0.331399538359,
    154.98620642567));
#3516 = CARTESIAN_POINT('',(4.715662517052,0.413032260708,
    154.89701228029));
#3517 = CARTESIAN_POINT('',(4.583978671956,0.4599504026,154.84204807848)
  );
#3518 = CARTESIAN_POINT('',(4.457273647796,0.508476458432,
    154.78172812096));
#3519 = CARTESIAN_POINT('',(4.335584360207,0.558238234262,
    154.71653326009));
#3520 = CARTESIAN_POINT('',(4.218991725435,0.608862162418,
    154.64690883308));
#3521 = CARTESIAN_POINT('',(4.107440849827,0.660042424768,
    154.57318271414));
#3522 = CARTESIAN_POINT('',(4.000722630451,0.711548353683,154.4955543333
    ));
#3523 = CARTESIAN_POINT('',(3.898616918826,0.763170048538,
    154.41415473999));
#3524 = CARTESIAN_POINT('',(3.579638917016,0.931572705069,
    154.13591714191));
#3525 = CARTESIAN_POINT('',(3.382065905221,1.047671273198,
    153.92396185695));
#3526 = CARTESIAN_POINT('',(3.207955422105,1.159581127749,
    153.69585230877));
#3527 = CARTESIAN_POINT('',(3.055352449541,1.265730685804,
    153.44859379245));
#3528 = CARTESIAN_POINT('',(2.928602106448,1.359607429687,
    153.18808278978));
#3529 = CARTESIAN_POINT('',(2.825008486503,1.44109686229,152.90672267756
    ));
#3530 = CARTESIAN_POINT('',(2.754632681947,1.497889467716,
    152.60925985844));
#3531 = CARTESIAN_POINT('',(2.719386023246,1.526314919407,
    152.30456880827));
#3532 = CARTESIAN_POINT('',(2.719386023246,1.526314919407,152.));
#3533 = CARTESIAN_POINT('',(5.966331962095,0.151998006982,
    155.07442414603));
#3534 = CARTESIAN_POINT('',(5.838408030575,0.171884742394,
    155.07364239933));
#3535 = CARTESIAN_POINT('',(5.711817678725,0.194486425446,
    155.06705780455));
#3536 = CARTESIAN_POINT('',(5.586952333017,0.21966038571,155.05488380231
    ));
#3537 = CARTESIAN_POINT('',(5.464178241414,0.247237394618,
    155.03736424338));
#3538 = CARTESIAN_POINT('',(5.343836570229,0.277021606348,
    155.01477346809));
#3539 = CARTESIAN_POINT('',(5.226243488468,0.308790491984,
    154.98741639728));
#3540 = CARTESIAN_POINT('',(5.111690238933,0.342294768309,
    154.95562863285));
#3541 = CARTESIAN_POINT('',(5.000443195532,0.377258322835,154.9197765661
    ));
#3542 = CARTESIAN_POINT('',(4.759958314671,0.457911308109,
    154.83153327281));
#3543 = CARTESIAN_POINT('',(4.632429323822,0.504251870541,
    154.77719733218));
#3544 = CARTESIAN_POINT('',(4.509796364572,0.552170346623,
    154.71760303489));
#3545 = CARTESIAN_POINT('',(4.392100718833,0.601296150784,
    154.65323258734));
#3546 = CARTESIAN_POINT('',(4.279431388015,0.651255297346,
    154.58453601677));
#3547 = CARTESIAN_POINT('',(4.171737768607,0.701743382277,
    154.51184485567));
#3548 = CARTESIAN_POINT('',(4.068809558949,0.752533683824,
    154.43536070573));
#3549 = CARTESIAN_POINT('',(3.97042433487,0.803420200095,154.35521890974
    ));
#3550 = CARTESIAN_POINT('',(3.66331935741,0.969401761417,154.08142406345
    ));
#3551 = CARTESIAN_POINT('',(3.473636084141,1.083737130065,
    153.87315266355));
#3552 = CARTESIAN_POINT('',(3.307013802494,1.19384380646,153.64933961683
    ));
#3553 = CARTESIAN_POINT('',(3.161750833917,1.298011979204,
    153.40760972134));
#3554 = CARTESIAN_POINT('',(3.041301001024,1.390187520372,
    153.15292926283));
#3555 = CARTESIAN_POINT('',(2.943726707997,1.46978757431,152.87941043443
    ));
#3556 = CARTESIAN_POINT('',(2.877404420686,1.52533359133,152.59058315372
    ));
#3557 = CARTESIAN_POINT('',(2.844241804173,1.55310371484,152.29524515831
    ));
#3558 = CARTESIAN_POINT('',(2.844241804173,1.55310371484,152.));
#3559 = CARTESIAN_POINT('',(5.976371257944,0.218507868426,
    155.02550130519));
#3560 = CARTESIAN_POINT('',(5.851802968396,0.238355132512,
    155.02475317312));
#3561 = CARTESIAN_POINT('',(5.728548246794,0.260935974253,
    155.01830390378));
#3562 = CARTESIAN_POINT('',(5.606989442177,0.286107722058,
    155.00636425678));
#3563 = CARTESIAN_POINT('',(5.487483762363,0.313701303779,
    154.98917442599));
#3564 = CARTESIAN_POINT('',(5.370363307211,0.34352122607,154.96700406662
    ));
#3565 = CARTESIAN_POINT('',(5.255935097571,0.375345551366,
    154.94015232623));
#3566 = CARTESIAN_POINT('',(5.144481099657,0.408925872974,
    154.90894787912));
#3567 = CARTESIAN_POINT('',(5.036258244663,0.443987288823,
    154.87374896336));
#3568 = CARTESIAN_POINT('',(4.802362242052,0.52490234386,154.78710827248
    ));
#3569 = CARTESIAN_POINT('',(4.678382332411,0.571409227161,
    154.73376630338));
#3570 = CARTESIAN_POINT('',(4.559182305,0.619529383963,154.67525400971)
  );
#3571 = CARTESIAN_POINT('',(4.444803779258,0.668892366973,
    154.61204427165));
#3572 = CARTESIAN_POINT('',(4.335340309424,0.719122371233,
    154.54457983415));
#3573 = CARTESIAN_POINT('',(4.230743588644,0.769915235744,
    154.47318421844));
#3574 = CARTESIAN_POINT('',(4.130802099029,0.821046942041,
    154.39805012445));
#3575 = CARTESIAN_POINT('',(4.035292360837,0.872313544392,
    154.31930540419));
#3576 = CARTESIAN_POINT('',(3.737368233427,1.039592550668,
    154.05032820813));
#3577 = CARTESIAN_POINT('',(3.553527266008,1.154991665329,
    153.84568504818));
#3578 = CARTESIAN_POINT('',(3.392135145203,1.266350273912,
    153.62561745634));
#3579 = CARTESIAN_POINT('',(3.251676104778,1.371888296314,
    153.38795880639));
#3580 = CARTESIAN_POINT('',(3.135081614218,1.465603790668,
    153.13698471463));
#3581 = CARTESIAN_POINT('',(3.040960312525,1.546664015167,
    152.86762358656));
#3582 = CARTESIAN_POINT('',(2.976893694363,1.603352066745,
    152.58258609196));
#3583 = CARTESIAN_POINT('',(2.944916905833,1.631660251788,
    152.29120892206));
#3584 = CARTESIAN_POINT('',(2.944916905833,1.631660251788,152.));
#3585 = CARTESIAN_POINT('',(5.988029696277,0.295744472452,155.));
#3586 = CARTESIAN_POINT('',(5.866026409398,0.315656447799,
    154.99951915331));
#3587 = CARTESIAN_POINT('',(5.74531571213,0.338355592848,154.99345960199
    ));
#3588 = CARTESIAN_POINT('',(5.626262024379,0.363699809228,
    154.98202703575));
#3589 = CARTESIAN_POINT('',(5.509206416461,0.39152025276,154.96545502282
    ));
#3590 = CARTESIAN_POINT('',(5.394466460164,0.421621430781,
    154.94400488631));
#3591 = CARTESIAN_POINT('',(5.282336099217,0.453781310428,
    154.91796556329));
#3592 = CARTESIAN_POINT('',(5.173085540359,0.487751435544,
    154.88765344942));
#3593 = CARTESIAN_POINT('',(5.066961165814,0.523257049485,154.8534122323
    ));
#3594 = CARTESIAN_POINT('',(4.83756937727,0.605259835812,154.76904502718
    ));
#3595 = CARTESIAN_POINT('',(4.715960471337,0.652426592263,
    154.71706283521));
#3596 = CARTESIAN_POINT('',(4.598963884568,0.701286351661,
    154.65997856272));
#3597 = CARTESIAN_POINT('',(4.486617647311,0.75146849456,154.59824346857
    ));
#3598 = CARTESIAN_POINT('',(4.379016591933,0.802595349165,
    154.53227937798));
#3599 = CARTESIAN_POINT('',(4.276113590819,0.854362537848,
    154.46238898777));
#3600 = CARTESIAN_POINT('',(4.177697444981,0.906547505559,154.3887444669
    ));
#3601 = CARTESIAN_POINT('',(4.083546717222,0.958946539724,
    154.31145398721));
#3602 = CARTESIAN_POINT('',(3.789855809887,1.12999734416,154.04733133872
    ));
#3603 = CARTESIAN_POINT('',(3.608177413448,1.248336194113,
    153.84593017296));
#3604 = CARTESIAN_POINT('',(3.448104701248,1.362978533678,
    153.62863913524));
#3605 = CARTESIAN_POINT('',(3.308229637879,1.472144546198,
    153.39304726802));
#3606 = CARTESIAN_POINT('',(3.191518850362,1.569546567573,
    153.14309270674));
#3607 = CARTESIAN_POINT('',(3.096831522095,1.654326797664,
    152.87350168442));
#3608 = CARTESIAN_POINT('',(3.032208997277,1.713731818039,
    152.58673629507));
#3609 = CARTESIAN_POINT('',(3.,1.743367757094,152.29320178443));
#3610 = CARTESIAN_POINT('',(3.,1.743367757094,152.));
#3611 = CARTESIAN_POINT('',(6.,0.375047169979,155.));
#3612 = CARTESIAN_POINT('',(5.879509713242,0.395053246828,155.));
#3613 = CARTESIAN_POINT('',(5.760286418036,0.417908674868,154.9945551406
    ));
#3614 = CARTESIAN_POINT('',(5.642666775164,0.443472991022,
    154.98386308136));
#3615 = CARTESIAN_POINT('',(5.52696808087,0.471578227976,154.96814730468
    ));
#3616 = CARTESIAN_POINT('',(5.413487802839,0.502029221187,
    154.94765674958));
#3617 = CARTESIAN_POINT('',(5.302503171525,0.534603952361,
    154.92266539282));
#3618 = CARTESIAN_POINT('',(5.194270830876,0.569053921794,
    154.89347178566));
#3619 = CARTESIAN_POINT('',(5.089026551497,0.605104540937,
    154.86039855629));
#3620 = CARTESIAN_POINT('',(4.861409100519,0.68842098166,154.77874243595
    ));
#3621 = CARTESIAN_POINT('',(4.740639976053,0.736374767463,
    154.72834214964));
#3622 = CARTESIAN_POINT('',(4.624263436299,0.786112342355,
    154.67287247534));
#3623 = CARTESIAN_POINT('',(4.512311392586,0.837263763177,154.6127511457
    ));
#3624 = CARTESIAN_POINT('',(4.404878129067,0.889450840174,
    154.54836610048));
#3625 = CARTESIAN_POINT('',(4.30191840901,0.942369317641,154.47998752705
    ));
#3626 = CARTESIAN_POINT('',(4.203225210014,0.995796964689,
    154.40775713247));
#3627 = CARTESIAN_POINT('',(4.108584775798,1.049528607613,
    154.33175348431));
#3628 = CARTESIAN_POINT('',(3.813207117973,1.224873936249,
    154.07181889816));
#3629 = CARTESIAN_POINT('',(3.629428761295,1.346495762968,
    153.87280137867));
#3630 = CARTESIAN_POINT('',(3.466276812998,1.464783416939,
    153.65689413715));
#3631 = CARTESIAN_POINT('',(3.32237270703,1.578034102459,153.42102587976
    ));
#3632 = CARTESIAN_POINT('',(3.201330541862,1.679470803658,
    153.16927018714));
#3633 = CARTESIAN_POINT('',(3.10190451001,1.768455940209,152.8951582125)
  );
#3634 = CARTESIAN_POINT('',(3.033866568825,1.830832137923,
    152.60157775896));
#3635 = CARTESIAN_POINT('',(3.,1.861906968534,152.30044808406));
#3636 = CARTESIAN_POINT('',(3.,1.861906968534,152.));
#3637 = DEFINITIONAL_REPRESENTATION('',(#3638),#3642);
#3638 = LINE('',#3639,#3640);
#3639 = CARTESIAN_POINT('',(4.83258533011,0.));
#3640 = VECTOR('',#3641,1.);
#3641 = DIRECTION('',(0.,1.));
#3642 = ( GEOMETRIC_REPRESENTATION_CONTEXT(2)
PARAMETRIC_REPRESENTATION_CONTEXT() REPRESENTATION_CONTEXT('2D SPACE',''
  ) );
#3643 = ORIENTED_EDGE('',*,*,#3644,.T.);
#3644 = EDGE_CURVE('',#3381,#930,#3645,.T.);
#3645 = SURFACE_CURVE('',#3646,(#3650,#3657),.PCURVE_S1.);
#3646 = LINE('',#3647,#3648);
#3647 = CARTESIAN_POINT('',(6.,-1.,155.));
#3648 = VECTOR('',#3649,1.);
#3649 = DIRECTION('',(-0.,1.,0.));
#3650 = PCURVE('',#946,#3651);
#3651 = DEFINITIONAL_REPRESENTATION('',(#3652),#3656);
#3652 = LINE('',#3653,#3654);
#3653 = CARTESIAN_POINT('',(1.570796326795,0.));
#3654 = VECTOR('',#3655,1.);
#3655 = DIRECTION('',(0.,1.));
#3656 = ( GEOMETRIC_REPRESENTATION_CONTEXT(2)
PARAMETRIC_REPRESENTATION_CONTEXT() REPRESENTATION_CONTEXT('2D SPACE',''
  ) );
#3657 = PCURVE('',#974,#3658);
#3658 = DEFINITIONAL_REPRESENTATION('',(#3659),#3663);
#3659 = LINE('',#3660,#3661);
#3660 = CARTESIAN_POINT('',(3.,0.));
#3661 = VECTOR('',#3662,1.);
#3662 = DIRECTION('',(0.,1.));
#3663 = ( GEOMETRIC_REPRESENTATION_CONTEXT(2)
PARAMETRIC_REPRESENTATION_CONTEXT() REPRESENTATION_CONTEXT('2D SPACE',''
  ) );
#3664 = ORIENTED_EDGE('',*,*,#929,.F.);
#3665 = ADVANCED_FACE('',(#3666),#1007,.F.);
#3666 = FACE_BOUND('',#3667,.T.);
#3667 = EDGE_LOOP('',(#3668,#3669,#3905,#3926));
#3668 = ORIENTED_EDGE('',*,*,#3325,.F.);
#3669 = ORIENTED_EDGE('',*,*,#3670,.T.);
#3670 = EDGE_CURVE('',#3326,#3671,#3673,.T.);
#3671 = VERTEX_POINT('',#3672);
#3672 = CARTESIAN_POINT('',(90.,0.375047169979,155.));
#3673 = SURFACE_CURVE('',#3674,(#3698,#3736),.PCURVE_S1.);
#3674 = ( BOUNDED_CURVE() B_SPLINE_CURVE(8,(#3675,#3676,#3677,#3678,
    #3679,#3680,#3681,#3682,#3683,#3684,#3685,#3686,#3687,#3688,#3689,
    #3690,#3691,#3692,#3693,#3694,#3695,#3696,#3697),.UNSPECIFIED.,.F.,
.F.) B_SPLINE_CURVE_WITH_KNOTS((9,7,7,9),(233.88128152494,
    236.55848024727,237.75405107597,238.71386685401),.UNSPECIFIED.)
CURVE() GEOMETRIC_REPRESENTATION_ITEM() RATIONAL_B_SPLINE_CURVE((
    1.066705203297,1.066705203297,1.065460421876,1.062939111701,
    1.059644782994,1.056246195727,1.052710635672,1.049289782754,
    1.044590333528,1.043174869974,1.041805200352,1.040487838626,
    1.039230436247,1.038043440795,1.036938309114,1.035106592889,
    1.034347514235,1.033653730721,1.033032862959,1.032491460424,
1.032035001447,1.031667893218,1.031393471788)) REPRESENTATION_ITEM('')
  );
#3675 = CARTESIAN_POINT('',(93.,1.861906968534,152.));
#3676 = CARTESIAN_POINT('',(93.,1.861906968534,152.33642164966));
#3677 = CARTESIAN_POINT('',(92.956917164691,1.822419994657,
    152.67381570398));
#3678 = CARTESIAN_POINT('',(92.869735289896,1.742239601203,
    153.00005186246));
#3679 = CARTESIAN_POINT('',(92.745746363944,1.633180485186,
    153.2953462659));
#3680 = CARTESIAN_POINT('',(92.59713933858,1.512522592213,
    153.56673034162));
#3681 = CARTESIAN_POINT('',(92.420312943469,1.380259469325,
    153.81589081529));
#3682 = CARTESIAN_POINT('',(92.218971038826,1.244507896358,
    154.04191287838));
#3683 = CARTESIAN_POINT('',(91.888031998784,1.04729597576,154.3354009935
    ));
#3684 = CARTESIAN_POINT('',(91.780095410981,0.986174465251,
    154.42153991024));
#3685 = CARTESIAN_POINT('',(91.666846128879,0.925494543844,
    154.50270860035));
#3686 = CARTESIAN_POINT('',(91.547895719187,0.865553756346,
    154.57879425585));
#3687 = CARTESIAN_POINT('',(91.42299655204,0.806733529177,
    154.64951364618));
#3688 = CARTESIAN_POINT('',(91.29223913796,0.749583570043,
    154.71433104332));
#3689 = CARTESIAN_POINT('',(91.155768823467,0.694708741798,
    154.77257997774));
#3690 = CARTESIAN_POINT('',(90.89820809369,0.600431946782,
    154.86497803676));
#3691 = CARTESIAN_POINT('',(90.779287013679,0.560082122165,
    154.90161889442));
#3692 = CARTESIAN_POINT('',(90.656574001521,0.521856233176,
    154.93319577095));
#3693 = CARTESIAN_POINT('',(90.530428755065,0.486157996467,
    154.95923253975));
#3694 = CARTESIAN_POINT('',(90.401247966825,0.453343893581,
    154.97929663928));
#3695 = CARTESIAN_POINT('',(90.269464693886,0.42372241207,
    154.99300002025));
#3696 = CARTESIAN_POINT('',(90.135547588615,0.397553344937,155.));
#3697 = CARTESIAN_POINT('',(90.,0.375047169979,155.));
#3698 = PCURVE('',#1007,#3699);
#3699 = DEFINITIONAL_REPRESENTATION('',(#3700),#3735);
#3700 = B_SPLINE_CURVE_WITH_KNOTS('',9,(#3701,#3702,#3703,#3704,#3705,
    #3706,#3707,#3708,#3709,#3710,#3711,#3712,#3713,#3714,#3715,#3716,
    #3717,#3718,#3719,#3720,#3721,#3722,#3723,#3724,#3725,#3726,#3727,
    #3728,#3729,#3730,#3731,#3732,#3733,#3734),.UNSPECIFIED.,.F.,.F.,(10
    ,8,8,8,10),(233.88128152494,236.29757418947,237.50572052174,
    238.10979368788,238.71386685401),.UNSPECIFIED.);
#3701 = CARTESIAN_POINT('',(1.348774265233E-16,2.861906968534));
#3702 = CARTESIAN_POINT('',(-8.996613955151E-02,2.861906968534));
#3703 = CARTESIAN_POINT('',(-0.179974857557,2.836915534502));
#3704 = CARTESIAN_POINT('',(-0.26913524281,2.786497484657));
#3705 = CARTESIAN_POINT('',(-0.355866138097,2.714806782942));
#3706 = CARTESIAN_POINT('',(-0.440047187679,2.628602842505));
#3707 = CARTESIAN_POINT('',(-0.522429057711,2.532852757969));
#3708 = CARTESIAN_POINT('',(-0.603770183852,2.43010074155));
#3709 = CARTESIAN_POINT('',(-0.684721837982,2.323211608123));
#3710 = CARTESIAN_POINT('',(-0.806695696441,2.160175282786));
#3711 = CARTESIAN_POINT('',(-0.847449155703,2.105377246414));
#3712 = CARTESIAN_POINT('',(-0.888344325486,2.050467470785));
#3713 = CARTESIAN_POINT('',(-0.929775705871,1.995327539759));
#3714 = CARTESIAN_POINT('',(-0.971174246179,1.941101786381));
#3715 = CARTESIAN_POINT('',(-1.013425414469,1.887023623372));
#3716 = CARTESIAN_POINT('',(-1.056101783323,1.834100069763));
#3717 = CARTESIAN_POINT('',(-1.099473959704,1.782389960159));
#3718 = CARTESIAN_POINT('',(-1.165622559817,1.707299096574));
#3719 = CARTESIAN_POINT('',(-1.187847232897,1.682688993023));
#3720 = CARTESIAN_POINT('',(-1.21032564932,1.658459398755));
#3721 = CARTESIAN_POINT('',(-1.232837495243,1.634943857029));
#3722 = CARTESIAN_POINT('',(-1.255864981528,1.61160535045));
#3723 = CARTESIAN_POINT('',(-1.278953173082,1.5890833832));
#3724 = CARTESIAN_POINT('',(-1.302330891146,1.56714383572));
#3725 = CARTESIAN_POINT('',(-1.325911391189,1.545953469798));
#3726 = CARTESIAN_POINT('',(-1.373493786542,1.505153087037));
#3727 = CARTESIAN_POINT('',(-1.39749425225,1.485544847601));
#3728 = CARTESIAN_POINT('',(-1.421696781858,1.466789356439));
#3729 = CARTESIAN_POINT('',(-1.446094524062,1.448943270613));
#3730 = CARTESIAN_POINT('',(-1.470680980396,1.432059107921));
#3731 = CARTESIAN_POINT('',(-1.495450005222,1.416185246886));
#3732 = CARTESIAN_POINT('',(-1.52039580574,1.401365926769));
#3733 = CARTESIAN_POINT('',(-1.545512941976,1.387641247559));
#3734 = CARTESIAN_POINT('',(-1.570796326795,1.375047169979));
#3735 = ( GEOMETRIC_REPRESENTATION_CONTEXT(2)
PARAMETRIC_REPRESENTATION_CONTEXT() REPRESENTATION_CONTEXT('2D SPACE',''
  ) );
#3736 = PCURVE('',#3737,#3899);
#3737 = ( BOUNDED_SURFACE() B_SPLINE_SURFACE(6,8,(
    (#3738,#3739,#3740,#3741,#3742,#3743,#3744,#3745,#3746,#3747,#3748
      ,#3749,#3750,#3751,#3752,#3753,#3754,#3755,#3756,#3757,#3758,#3759
      ,#3760)
    ,(#3761,#3762,#3763,#3764,#3765,#3766,#3767,#3768,#3769,#3770,#3771
      ,#3772,#3773,#3774,#3775,#3776,#3777,#3778,#3779,#3780,#3781,#3782
      ,#3783)
    ,(#3784,#3785,#3786,#3787,#3788,#3789,#3790,#3791,#3792,#3793,#3794
      ,#3795,#3796,#3797,#3798,#3799,#3800,#3801,#3802,#3803,#3804,#3805
      ,#3806)
    ,(#3807,#3808,#3809,#3810,#3811,#3812,#3813,#3814,#3815,#3816,#3817
      ,#3818,#3819,#3820,#3821,#3822,#3823,#3824,#3825,#3826,#3827,#3828
      ,#3829)
    ,(#3830,#3831,#3832,#3833,#3834,#3835,#3836,#3837,#3838,#3839,#3840
      ,#3841,#3842,#3843,#3844,#3845,#3846,#3847,#3848,#3849,#3850,#3851
      ,#3852)
    ,(#3853,#3854,#3855,#3856,#3857,#3858,#3859,#3860,#3861,#3862,#3863
      ,#3864,#3865,#3866,#3867,#3868,#3869,#3870,#3871,#3872,#3873,#3874
      ,#3875)
    ,(#3876,#3877,#3878,#3879,#3880,#3881,#3882,#3883,#3884,#3885,#3886
      ,#3887,#3888,#3889,#3890,#3891,#3892,#3893,#3894,#3895,#3896,#3897
,#3898
    )),.UNSPECIFIED.,.F.,.F.,.F.) B_SPLINE_SURFACE_WITH_KNOTS((7,7),(9,7
    ,7,9),(0.,4.832585329073),(233.88128152494,236.55848024727,
    237.75405107597,238.71386685401),.UNSPECIFIED.)
GEOMETRIC_REPRESENTATION_ITEM() RATIONAL_B_SPLINE_SURFACE((
    (1.066705203297,1.066705203297,1.065460421876,1.062939111701
      ,1.059644782994,1.056246195727,1.052710635672,1.049289782754
      ,1.044590333528,1.043174869974,1.041805200352,1.040487838626
      ,1.039230436247,1.038043440795,1.036938309114,1.035106592889
      ,1.034347514235,1.033653730721,1.033032862959,1.032491460424
      ,1.032035001447,1.031667893218,1.031393471788)
    ,(1.020249745885,1.020249745885,1.019908840413,1.019219426139
      ,1.018307466413,1.017349037703,1.016340360968,1.015351284581
      ,1.013977940006,1.01356213645,1.013157760121,1.012766951111
      ,1.012392245418,1.012037061406,1.011705154221,1.011153285238
      ,1.010923888284,1.010713667584,1.010525107563,1.010360356786
      ,1.010221227959,1.010109197923,1.010025407661)
    ,(0.995713300237,0.995713300237,0.995787614713,0.995937866366
      ,0.996136757184,0.996345605628,0.996564944282,0.996779471017
      ,0.997076514869,0.997166330535,0.997253553702,0.997337724141
      ,0.997418303479,0.997494571003,0.997565740304,0.997683926135
      ,0.997732992997,0.997777908918,0.997818157084,0.997853292304
      ,0.997882941009,0.997906801256,0.997924642725)
    ,(0.987609681784,0.987609681784,0.987827231495,0.988267633597
      ,0.988845906077,0.989447549363,0.990077303429,0.990691044451
      ,0.99153943034,0.99179573533,0.992044493339,0.99228445926
      ,0.992514153906,0.992731562573,0.9929344661,0.993271480366
      ,0.993411426111,0.993539563001,0.99365441354,0.99375470143
      ,0.993839351567,0.993907490041,0.993958444137)
    ,(0.995713300237,0.995713300237,0.995787614713,0.995937866366
      ,0.996136757184,0.996345605628,0.996564944282,0.996779471017
      ,0.997076514869,0.997166330535,0.997253553702,0.997337724141
      ,0.997418303479,0.997494571003,0.997565740304,0.997683926135
      ,0.997732992997,0.997777908918,0.997818157084,0.997853292304
      ,0.997882941009,0.997906801256,0.997924642725)
    ,(1.020249745885,1.020249745885,1.019908840413,1.019219426139
      ,1.018307466413,1.017349037703,1.016340360968,1.015351284581
      ,1.013977940006,1.01356213645,1.013157760121,1.012766951111
      ,1.012392245418,1.012037061406,1.011705154221,1.011153285238
      ,1.010923888284,1.010713667584,1.010525107563,1.010360356786
      ,1.010221227959,1.010109197923,1.010025407661)
    ,(1.066705203297,1.066705203297,1.065460421876,1.062939111701
      ,1.059644782994,1.056246195727,1.052710635672,1.049289782754
      ,1.044590333528,1.043174869974,1.041805200352,1.040487838626
      ,1.039230436247,1.038043440795,1.036938309114,1.035106592889
      ,1.034347514235,1.033653730721,1.033032862959,1.032491460424
      ,1.032035001447,1.031667893218,1.031393471788
))) REPRESENTATION_ITEM('') SURFACE() );
#3738 = CARTESIAN_POINT('',(93.492537313433,1.631843101453,152.));
#3739 = CARTESIAN_POINT('',(93.492537313433,1.631843101453,152.369091749
    ));
#3740 = CARTESIAN_POINT('',(93.443348668312,1.590718610438,
    152.73898446021));
#3741 = CARTESIAN_POINT('',(93.343930210717,1.507274705278,
    153.09662289052));
#3742 = CARTESIAN_POINT('',(93.202431454329,1.39384141464,
    153.42088859979));
#3743 = CARTESIAN_POINT('',(93.032411794852,1.26819451148,
    153.71902825392));
#3744 = CARTESIAN_POINT('',(92.829918091249,1.130337049111,
    153.99319738618));
#3745 = CARTESIAN_POINT('',(92.599004527781,0.988658343529,
    154.24212185007));
#3746 = CARTESIAN_POINT('',(92.218971730787,0.782593564853,
    154.56569072298));
#3747 = CARTESIAN_POINT('',(92.094989770968,0.718704068258,
    154.66069604319));
#3748 = CARTESIAN_POINT('',(91.964775668125,0.655219641345,
    154.75029268782));
#3749 = CARTESIAN_POINT('',(91.827968002115,0.592482598137,
    154.83431294307));
#3750 = CARTESIAN_POINT('',(91.684312126222,0.530907093854,
    154.91242012637));
#3751 = CARTESIAN_POINT('',(91.533827310573,0.471046684705,
    154.98404385238));
#3752 = CARTESIAN_POINT('',(91.376601688225,0.413514735197,
    155.04846957659));
#3753 = CARTESIAN_POINT('',(91.079998559105,0.314715792785,
    155.15061728523));
#3754 = CARTESIAN_POINT('',(90.94298052246,0.272408839719,
    155.19114796465));
#3755 = CARTESIAN_POINT('',(90.801550893598,0.232318699878,
    155.22608844878));
#3756 = CARTESIAN_POINT('',(90.656144835942,0.194878067114,
    155.25490146878));
#3757 = CARTESIAN_POINT('',(90.507235609669,0.160467050636,
    155.27710246623));
#3758 = CARTESIAN_POINT('',(90.355333820921,0.129412365359,
    155.29226065906));
#3759 = CARTESIAN_POINT('',(90.200986514031,0.101986586397,155.3));
#3760 = CARTESIAN_POINT('',(90.044776119403,7.840749102309E-02,155.3));
#3761 = CARTESIAN_POINT('',(93.401632015484,1.555765697097,152.));
#3762 = CARTESIAN_POINT('',(93.401632015484,1.555765697097,
    152.35494805929));
#3763 = CARTESIAN_POINT('',(93.3541541417,1.517482157807,152.71018713339
    ));
#3764 = CARTESIAN_POINT('',(93.258432029592,1.440021073755,
    153.05407394867));
#3765 = CARTESIAN_POINT('',(93.122019422096,1.334303398827,
    153.36820499904));
#3766 = CARTESIAN_POINT('',(92.95735533296,1.216140076611,
    153.65868004728));
#3767 = CARTESIAN_POINT('',(92.760726027412,1.085876215098,
    153.92710457569));
#3768 = CARTESIAN_POINT('',(92.535852407728,0.951276650137,
    154.17187880592));
#3769 = CARTESIAN_POINT('',(92.165421120219,0.754960477396,
    154.49072742127));
#3770 = CARTESIAN_POINT('',(92.044741700757,0.69410928455,
    154.58433418537));
#3771 = CARTESIAN_POINT('',(91.917922686534,0.633537953218,
    154.67276918885));
#3772 = CARTESIAN_POINT('',(91.784592731254,0.573572331669,
    154.75584425236));
#3773 = CARTESIAN_POINT('',(91.644499229356,0.514613953688,154.833200677
    ));
#3774 = CARTESIAN_POINT('',(91.497681595342,0.457207442493,
    154.90424014919));
#3775 = CARTESIAN_POINT('',(91.344249551653,0.401955449445,
    154.9682240067));
#3776 = CARTESIAN_POINT('',(91.05485506727,0.30696919337,155.06977888124
    ));
#3777 = CARTESIAN_POINT('',(90.921223271252,0.266259958965,
    155.11012138981));
#3778 = CARTESIAN_POINT('',(90.783256269413,0.227622508517,
    155.14497254935));
#3779 = CARTESIAN_POINT('',(90.641381888066,0.191476193843,
    155.17379000584));
#3780 = CARTESIAN_POINT('',(90.496068356428,0.158189600927,
    155.19608615749));
#3781 = CARTESIAN_POINT('',(90.347824081579,0.128080303757,
    155.2114284956));
#3782 = CARTESIAN_POINT('',(90.197197372894,0.101414636493,
    155.2194399121));
#3783 = CARTESIAN_POINT('',(90.044776119403,7.84074910231E-02,
    155.21979896505));
#3784 = CARTESIAN_POINT('',(93.280613976754,1.526314919407,152.));
#3785 = CARTESIAN_POINT('',(93.280613976754,1.526314919407,
    152.34103576115));
#3786 = CARTESIAN_POINT('',(93.235816165282,1.49021170133,
    152.68218514111));
#3787 = CARTESIAN_POINT('',(93.145605875404,1.417259812948,
    153.01313637936));
#3788 = CARTESIAN_POINT('',(93.016560687255,1.31727695507,
    153.31756288349));
#3789 = CARTESIAN_POINT('',(92.859682055261,1.204645123162,
    153.60057884916));
#3790 = CARTESIAN_POINT('',(92.67145667075,1.079927149538,
    153.86331698854));
#3791 = CARTESIAN_POINT('',(92.455170409156,0.95044956329,
    154.10387062981));
#3792 = CARTESIAN_POINT('',(92.097792182992,0.761064595436,
    154.41799358937));
#3793 = CARTESIAN_POINT('',(91.981338188256,0.702334008138,
    154.51027065462));
#3794 = CARTESIAN_POINT('',(91.858821428168,0.643790368806,
    154.59758179591));
#3795 = CARTESIAN_POINT('',(91.72985996268,0.585747171264,
    154.67972392603));
#3796 = CARTESIAN_POINT('',(91.594201919539,0.528597580226,
    154.75632236013));
#3797 = CARTESIAN_POINT('',(91.451905328462,0.472883561782,
    154.82675649884));
#3798 = CARTESIAN_POINT('',(91.303099259207,0.41920401519,
    154.89026885136));
#3799 = CARTESIAN_POINT('',(91.02228581551,0.32682942738,154.99119985512
    ));
#3800 = CARTESIAN_POINT('',(90.892599571778,0.287211432314,
    155.03134213703));
#3801 = CARTESIAN_POINT('',(90.758643558705,0.249568101717,
    155.06608395364));
#3802 = CARTESIAN_POINT('',(90.620836291799,0.214310138077,
    155.09488105458));
#3803 = CARTESIAN_POINT('',(90.479639254917,0.181798989558,
    155.11724494975));
#3804 = CARTESIAN_POINT('',(90.335556947451,0.152346901515,
    155.13274283653));
#3805 = CARTESIAN_POINT('',(90.189136942375,0.126216964064,
    155.14099753431));
#3806 = CARTESIAN_POINT('',(90.040969954449,0.103623154305,
    155.14168742822));
#3807 = CARTESIAN_POINT('',(93.155758195827,1.55310371484,152.));
#3808 = CARTESIAN_POINT('',(93.155758195827,1.55310371484,
    152.33059576012));
#3809 = CARTESIAN_POINT('',(93.113586622322,1.517819633454,
    152.6612918809));
#3810 = CARTESIAN_POINT('',(93.028701626115,1.446548995877,
    152.98258592102));
#3811 = CARTESIAN_POINT('',(92.906764353928,1.348685939965,
    153.27931634363));
#3812 = CARTESIAN_POINT('',(92.757558750751,1.238125131924,
    153.55601551745));
#3813 = CARTESIAN_POINT('',(92.57772911887,1.115509014735,
    153.81355678583));
#3814 = CARTESIAN_POINT('',(92.370184136119,0.988009943195,
    154.04989110107));
#3815 = CARTESIAN_POINT('',(92.026131986063,0.801349047754,
    154.35898699927));
#3816 = CARTESIAN_POINT('',(91.913915009988,0.743453863333,
    154.44984325629));
#3817 = CARTESIAN_POINT('',(91.795728707261,0.685720300799,
    154.53588092109));
#3818 = CARTESIAN_POINT('',(91.671181583229,0.6284532261,154.61689397989
    ));
#3819 = CARTESIAN_POINT('',(91.540021582479,0.572040692296,
    154.69250392935));
#3820 = CARTESIAN_POINT('',(91.402322120748,0.517026374458,
    154.76208076437));
#3821 = CARTESIAN_POINT('',(91.258227091807,0.464010267699,
    154.82486033509));
#3822 = CARTESIAN_POINT('',(90.986096315721,0.37274398994,
    154.92471574699));
#3823 = CARTESIAN_POINT('',(90.860374461241,0.333596149424,
    154.96445970851));
#3824 = CARTESIAN_POINT('',(90.730452828907,0.29638918309,154.9988933312
    ));
#3825 = CARTESIAN_POINT('',(90.596738460673,0.261529257997,
    155.02747616689));
#3826 = CARTESIAN_POINT('',(90.459683275428,0.229374304889,
    155.04972312892));
#3827 = CARTESIAN_POINT('',(90.319784195748,0.200234163272,
    155.06520428589));
#3828 = CARTESIAN_POINT('',(90.177583305701,0.174370715651,
    155.07354467584));
#3829 = CARTESIAN_POINT('',(90.033668037905,0.151998006982,
    155.07442414603));
#3830 = CARTESIAN_POINT('',(93.055083094167,1.631660251788,152.));
#3831 = CARTESIAN_POINT('',(93.055083094167,1.631660251788,
    152.32607625223));
#3832 = CARTESIAN_POINT('',(93.014402788654,1.59568578992,
    152.65238247754));
#3833 = CARTESIAN_POINT('',(92.932469398338,1.522965927575,
    152.9693543525));
#3834 = CARTESIAN_POINT('',(92.814641973375,1.423301890794,
    153.26162473924));
#3835 = CARTESIAN_POINT('',(92.670337407403,1.311155164152,
    153.53391858075));
#3836 = CARTESIAN_POINT('',(92.496234227794,1.18706304677,153.7871316571
    ));
#3837 = CARTESIAN_POINT('',(92.295116370481,1.058347972387,
    154.01935696651));
#3838 = CARTESIAN_POINT('',(91.961364401817,0.870219903125,
    154.3230134856));
#3839 = CARTESIAN_POINT('',(91.852423912284,0.811894844694,
    154.41228456013));
#3840 = CARTESIAN_POINT('',(91.737663292965,0.753783640165,
    154.49679793749));
#3841 = CARTESIAN_POINT('',(91.61668435206,0.696185419389,
    154.57636208693));
#3842 = CARTESIAN_POINT('',(91.489234052394,0.639484808346,
    154.65061225843));
#3843 = CARTESIAN_POINT('',(91.355395852719,0.584228651559,
    154.71892837839));
#3844 = CARTESIAN_POINT('',(91.21532119511,0.531019834409,154.7805579013
    ));
#3845 = CARTESIAN_POINT('',(90.950647357905,0.439457352418,
    154.87859944389));
#3846 = CARTESIAN_POINT('',(90.82834045793,0.400202953643,
    154.91761850116));
#3847 = CARTESIAN_POINT('',(90.701928729468,0.362917328155,
    154.95141880158));
#3848 = CARTESIAN_POINT('',(90.571805077842,0.328004890529,
    154.97947183375));
#3849 = CARTESIAN_POINT('',(90.438407505788,0.295822384489,
    155.00130227721));
#3850 = CARTESIAN_POINT('',(90.302219156889,0.266678933681,
    155.01648793191));
#3851 = CARTESIAN_POINT('',(90.163768369712,0.240836088622,
    155.0246596548));
#3852 = CARTESIAN_POINT('',(90.023628742056,0.218507868426,
    155.02550130519));
#3853 = CARTESIAN_POINT('',(93.,1.743367757094,152.));
#3854 = CARTESIAN_POINT('',(93.,1.743367757094,152.3283077267));
#3855 = CARTESIAN_POINT('',(92.959019371386,1.705705957887,
    152.65709145119));
#3856 = CARTESIAN_POINT('',(92.876348591928,1.629453935076,
    152.97583403892));
#3857 = CARTESIAN_POINT('',(92.757908908254,1.525358877084,
    153.26761725302));
#3858 = CARTESIAN_POINT('',(92.613924826585,1.4091767503,153.53804337031
    ));
#3859 = CARTESIAN_POINT('',(92.440994906115,1.281220457005,
    153.7883114529));
#3860 = CARTESIAN_POINT('',(92.242154764558,1.149172082964,
    154.0169267017));
#3861 = CARTESIAN_POINT('',(91.913135089139,0.956790747352,
    154.31511795272));
#3862 = CARTESIAN_POINT('',(91.805747973679,0.897181856363,
    154.40273144462));
#3863 = CARTESIAN_POINT('',(91.692763202985,0.837893104099,
    154.48554117997));
#3864 = CARTESIAN_POINT('',(91.573782199521,0.779221160761,
    154.56338780264));
#3865 = CARTESIAN_POINT('',(91.448552301741,0.721548622229,
    154.63593902532));
#3866 = CARTESIAN_POINT('',(91.317161976357,0.665425026124,
    154.70260655398));
#3867 = CARTESIAN_POINT('',(91.179762577095,0.611455650148,
    154.76267056645));
#3868 = CARTESIAN_POINT('',(90.920188636935,0.518663371357,
    154.85813836286));
#3869 = CARTESIAN_POINT('',(90.800258429536,0.47891737994,
    154.89608831056));
#3870 = CARTESIAN_POINT('',(90.676357757501,0.441210578511,
    154.92890653338));
#3871 = CARTESIAN_POINT('',(90.548863277385,0.405947107039,
    154.95608587933));
#3872 = CARTESIAN_POINT('',(90.41819434031,0.37348367746,154.97716839913
    ));
#3873 = CARTESIAN_POINT('',(90.284812797714,0.34412933586,
    154.99174566388));
#3874 = CARTESIAN_POINT('',(90.149222758982,0.318145241934,
    154.99945905237));
#3875 = CARTESIAN_POINT('',(90.011970303723,0.295744472452,155.));
#3876 = CARTESIAN_POINT('',(93.,1.861906968534,152.));
#3877 = CARTESIAN_POINT('',(93.,1.861906968534,152.33642164966));
#3878 = CARTESIAN_POINT('',(92.956917164691,1.822419994657,
    152.67381570398));
#3879 = CARTESIAN_POINT('',(92.869735289896,1.742239601203,
    153.00005186246));
#3880 = CARTESIAN_POINT('',(92.745746363944,1.633180485186,
    153.2953462659));
#3881 = CARTESIAN_POINT('',(92.59713933858,1.512522592213,
    153.56673034162));
#3882 = CARTESIAN_POINT('',(92.420312943469,1.380259469325,
    153.81589081529));
#3883 = CARTESIAN_POINT('',(92.218971038826,1.244507896358,
    154.04191287838));
#3884 = CARTESIAN_POINT('',(91.888031998784,1.04729597576,154.3354009935
    ));
#3885 = CARTESIAN_POINT('',(91.780095410981,0.986174465251,
    154.42153991024));
#3886 = CARTESIAN_POINT('',(91.666846128879,0.925494543844,
    154.50270860035));
#3887 = CARTESIAN_POINT('',(91.547895719187,0.865553756346,
    154.57879425585));
#3888 = CARTESIAN_POINT('',(91.42299655204,0.806733529177,
    154.64951364618));
#3889 = CARTESIAN_POINT('',(91.29223913796,0.749583570043,
    154.71433104332));
#3890 = CARTESIAN_POINT('',(91.155768823467,0.694708741798,
    154.77257997774));
#3891 = CARTESIAN_POINT('',(90.89820809369,0.600431946782,
    154.86497803676));
#3892 = CARTESIAN_POINT('',(90.779287013679,0.560082122165,
    154.90161889442));
#3893 = CARTESIAN_POINT('',(90.656574001521,0.521856233176,
    154.93319577095));
#3894 = CARTESIAN_POINT('',(90.530428755065,0.486157996467,
    154.95923253975));
#3895 = CARTESIAN_POINT('',(90.401247966825,0.453343893581,
    154.97929663928));
#3896 = CARTESIAN_POINT('',(90.269464693886,0.42372241207,
    154.99300002025));
#3897 = CARTESIAN_POINT('',(90.135547588615,0.397553344937,155.));
#3898 = CARTESIAN_POINT('',(90.,0.375047169979,155.));
#3899 = DEFINITIONAL_REPRESENTATION('',(#3900),#3904);
#3900 = LINE('',#3901,#3902);
#3901 = CARTESIAN_POINT('',(4.832585329073,0.));
#3902 = VECTOR('',#3903,1.);
#3903 = DIRECTION('',(0.,1.));
#3904 = ( GEOMETRIC_REPRESENTATION_CONTEXT(2)
PARAMETRIC_REPRESENTATION_CONTEXT() REPRESENTATION_CONTEXT('2D SPACE',''
  ) );
#3905 = ORIENTED_EDGE('',*,*,#3906,.T.);
#3906 = EDGE_CURVE('',#3671,#959,#3907,.T.);
#3907 = SURFACE_CURVE('',#3908,(#3912,#3919),.PCURVE_S1.);
#3908 = LINE('',#3909,#3910);
#3909 = CARTESIAN_POINT('',(90.,-1.,155.));
#3910 = VECTOR('',#3911,1.);
#3911 = DIRECTION('',(-0.,1.,0.));
#3912 = PCURVE('',#1007,#3913);
#3913 = DEFINITIONAL_REPRESENTATION('',(#3914),#3918);
#3914 = LINE('',#3915,#3916);
#3915 = CARTESIAN_POINT('',(-1.570796326795,0.));
#3916 = VECTOR('',#3917,1.);
#3917 = DIRECTION('',(-0.,1.));
#3918 = ( GEOMETRIC_REPRESENTATION_CONTEXT(2)
PARAMETRIC_REPRESENTATION_CONTEXT() REPRESENTATION_CONTEXT('2D SPACE',''
  ) );
#3919 = PCURVE('',#974,#3920);
#3920 = DEFINITIONAL_REPRESENTATION('',(#3921),#3925);
#3921 = LINE('',#3922,#3923);
#3922 = CARTESIAN_POINT('',(87.,0.));
#3923 = VECTOR('',#3924,1.);
#3924 = DIRECTION('',(0.,1.));
#3925 = ( GEOMETRIC_REPRESENTATION_CONTEXT(2)
PARAMETRIC_REPRESENTATION_CONTEXT() REPRESENTATION_CONTEXT('2D SPACE',''
  ) );
#3926 = ORIENTED_EDGE('',*,*,#986,.F.);
#3927 = ADVANCED_FACE('',(#3928),#974,.F.);
#3928 = FACE_BOUND('',#3929,.F.);
#3929 = EDGE_LOOP('',(#3930,#3931,#3932,#3933,#3966,#3994));
#3930 = ORIENTED_EDGE('',*,*,#3906,.T.);
#3931 = ORIENTED_EDGE('',*,*,#958,.F.);
#3932 = ORIENTED_EDGE('',*,*,#3644,.F.);
#3933 = ORIENTED_EDGE('',*,*,#3934,.F.);
#3934 = EDGE_CURVE('',#3935,#3381,#3937,.T.);
#3935 = VERTEX_POINT('',#3936);
#3936 = CARTESIAN_POINT('',(7.,0.3,155.));
#3937 = SURFACE_CURVE('',#3938,(#3943,#3954),.PCURVE_S1.);
#3938 = CIRCLE('',#3939,6.7);
#3939 = AXIS2_PLACEMENT_3D('',#3940,#3941,#3942);
#3940 = CARTESIAN_POINT('',(7.,7.,155.));
#3941 = DIRECTION('',(-0.,-0.,-1.));
#3942 = DIRECTION('',(0.,-1.,0.));
#3943 = PCURVE('',#974,#3944);
#3944 = DEFINITIONAL_REPRESENTATION('',(#3945),#3953);
#3945 = ( BOUNDED_CURVE() B_SPLINE_CURVE(2,(#3946,#3947,#3948,#3949,
#3950,#3951,#3952),.UNSPECIFIED.,.T.,.F.) B_SPLINE_CURVE_WITH_KNOTS((1,2
    ,2,2,2,1),(-2.094395102393,0.,2.094395102393,4.188790204786,
6.28318530718,8.377580409573),.UNSPECIFIED.) CURVE()
GEOMETRIC_REPRESENTATION_ITEM() RATIONAL_B_SPLINE_CURVE((1.,0.5,1.,0.5,
1.,0.5,1.)) REPRESENTATION_ITEM('') );
#3946 = CARTESIAN_POINT('',(4.,1.3));
#3947 = CARTESIAN_POINT('',(-7.604740410711,1.3));
#3948 = CARTESIAN_POINT('',(-1.802370205356,11.35));
#3949 = CARTESIAN_POINT('',(4.,21.4));
#3950 = CARTESIAN_POINT('',(9.802370205356,11.35));
#3951 = CARTESIAN_POINT('',(15.604740410711,1.3));
#3952 = CARTESIAN_POINT('',(4.,1.3));
#3953 = ( GEOMETRIC_REPRESENTATION_CONTEXT(2)
PARAMETRIC_REPRESENTATION_CONTEXT() REPRESENTATION_CONTEXT('2D SPACE',''
  ) );
#3954 = PCURVE('',#3955,#3960);
#3955 = TOROIDAL_SURFACE('',#3956,6.7,0.3);
#3956 = AXIS2_PLACEMENT_3D('',#3957,#3958,#3959);
#3957 = CARTESIAN_POINT('',(7.,7.,155.3));
#3958 = DIRECTION('',(-0.,-0.,-1.));
#3959 = DIRECTION('',(0.,-1.,0.));
#3960 = DEFINITIONAL_REPRESENTATION('',(#3961),#3965);
#3961 = LINE('',#3962,#3963);
#3962 = CARTESIAN_POINT('',(0.,1.570796326795));
#3963 = VECTOR('',#3964,1.);
#3964 = DIRECTION('',(1.,0.));
#3965 = ( GEOMETRIC_REPRESENTATION_CONTEXT(2)
PARAMETRIC_REPRESENTATION_CONTEXT() REPRESENTATION_CONTEXT('2D SPACE',''
  ) );
#3966 = ORIENTED_EDGE('',*,*,#3967,.F.);
#3967 = EDGE_CURVE('',#3968,#3935,#3970,.T.);
#3968 = VERTEX_POINT('',#3969);
#3969 = CARTESIAN_POINT('',(89.,0.3,155.));
#3970 = SURFACE_CURVE('',#3971,(#3975,#3982),.PCURVE_S1.);
#3971 = LINE('',#3972,#3973);
#3972 = CARTESIAN_POINT('',(89.,0.3,155.));
#3973 = VECTOR('',#3974,1.);
#3974 = DIRECTION('',(-1.,-0.,0.));
#3975 = PCURVE('',#974,#3976);
#3976 = DEFINITIONAL_REPRESENTATION('',(#3977),#3981);
#3977 = LINE('',#3978,#3979);
#3978 = CARTESIAN_POINT('',(86.,1.3));
#3979 = VECTOR('',#3980,1.);
#3980 = DIRECTION('',(-1.,0.));
#3981 = ( GEOMETRIC_REPRESENTATION_CONTEXT(2)
PARAMETRIC_REPRESENTATION_CONTEXT() REPRESENTATION_CONTEXT('2D SPACE',''
  ) );
#3982 = PCURVE('',#3983,#3988);
#3983 = CYLINDRICAL_SURFACE('',#3984,0.3);
#3984 = AXIS2_PLACEMENT_3D('',#3985,#3986,#3987);
#3985 = CARTESIAN_POINT('',(89.,0.3,155.3));
#3986 = DIRECTION('',(-1.,-0.,0.));
#3987 = DIRECTION('',(0.,-1.,-0.));
#3988 = DEFINITIONAL_REPRESENTATION('',(#3989),#3993);
#3989 = LINE('',#3990,#3991);
#3990 = CARTESIAN_POINT('',(-1.570796326795,0.));
#3991 = VECTOR('',#3992,1.);
#3992 = DIRECTION('',(-0.,1.));
#3993 = ( GEOMETRIC_REPRESENTATION_CONTEXT(2)
PARAMETRIC_REPRESENTATION_CONTEXT() REPRESENTATION_CONTEXT('2D SPACE',''
  ) );
#3994 = ORIENTED_EDGE('',*,*,#3995,.F.);
#3995 = EDGE_CURVE('',#3671,#3968,#3996,.T.);
#3996 = SURFACE_CURVE('',#3997,(#4002,#4013),.PCURVE_S1.);
#3997 = CIRCLE('',#3998,6.7);
#3998 = AXIS2_PLACEMENT_3D('',#3999,#4000,#4001);
#3999 = CARTESIAN_POINT('',(89.,7.,155.));
#4000 = DIRECTION('',(0.,-0.,-1.));
#4001 = DIRECTION('',(0.142857142857,-0.989743318611,0.));
#4002 = PCURVE('',#974,#4003);
#4003 = DEFINITIONAL_REPRESENTATION('',(#4004),#4012);
#4004 = ( BOUNDED_CURVE() B_SPLINE_CURVE(2,(#4005,#4006,#4007,#4008,
#4009,#4010,#4011),.UNSPECIFIED.,.T.,.F.) B_SPLINE_CURVE_WITH_KNOTS((1,2
    ,2,2,2,1),(-2.094395102393,0.,2.094395102393,4.188790204786,
6.28318530718,8.377580409573),.UNSPECIFIED.) CURVE()
GEOMETRIC_REPRESENTATION_ITEM() RATIONAL_B_SPLINE_CURVE((1.,0.5,1.,0.5,
1.,0.5,1.)) REPRESENTATION_ITEM('') );
#4005 = CARTESIAN_POINT('',(86.957142857143,1.368719765308));
#4006 = CARTESIAN_POINT('',(75.471428571429,-0.289100293365));
#4007 = CARTESIAN_POINT('',(79.778571428571,10.48673008801));
#4008 = CARTESIAN_POINT('',(84.085714285714,21.262560469385));
#4009 = CARTESIAN_POINT('',(91.264285714286,12.144550146683));
#4010 = CARTESIAN_POINT('',(98.442857142857,3.026539823981));
#4011 = CARTESIAN_POINT('',(86.957142857143,1.368719765308));
#4012 = ( GEOMETRIC_REPRESENTATION_CONTEXT(2)
PARAMETRIC_REPRESENTATION_CONTEXT() REPRESENTATION_CONTEXT('2D SPACE',''
  ) );
#4013 = PCURVE('',#4014,#4019);
#4014 = TOROIDAL_SURFACE('',#4015,6.7,0.3);
#4015 = AXIS2_PLACEMENT_3D('',#4016,#4017,#4018);
#4016 = CARTESIAN_POINT('',(89.,7.,155.3));
#4017 = DIRECTION('',(-0.,-0.,-1.));
#4018 = DIRECTION('',(0.142857142857,-0.989743318611,0.));
#4019 = DEFINITIONAL_REPRESENTATION('',(#4020),#4024);
#4020 = LINE('',#4021,#4022);
#4021 = CARTESIAN_POINT('',(0.,1.570796326795));
#4022 = VECTOR('',#4023,1.);
#4023 = DIRECTION('',(1.,0.));
#4024 = ( GEOMETRIC_REPRESENTATION_CONTEXT(2)
PARAMETRIC_REPRESENTATION_CONTEXT() REPRESENTATION_CONTEXT('2D SPACE',''
  ) );
#4025 = ADVANCED_FACE('',(#4026),#1119,.F.);
#4026 = FACE_BOUND('',#4027,.F.);
#4027 = EDGE_LOOP('',(#4028,#4056,#4077,#4078));
#4028 = ORIENTED_EDGE('',*,*,#4029,.F.);
#4029 = EDGE_CURVE('',#4030,#4030,#4032,.T.);
#4030 = VERTEX_POINT('',#4031);
#4031 = CARTESIAN_POINT('',(9.,13.,149.4));
#4032 = SURFACE_CURVE('',#4033,(#4038,#4045),.PCURVE_S1.);
#4033 = CIRCLE('',#4034,1.4);
#4034 = AXIS2_PLACEMENT_3D('',#4035,#4036,#4037);
#4035 = CARTESIAN_POINT('',(9.,13.,148.));
#4036 = DIRECTION('',(0.,1.,0.));
#4037 = DIRECTION('',(0.,-0.,1.));
#4038 = PCURVE('',#1119,#4039);
#4039 = DEFINITIONAL_REPRESENTATION('',(#4040),#4044);
#4040 = LINE('',#4041,#4042);
#4041 = CARTESIAN_POINT('',(0.,10.));
#4042 = VECTOR('',#4043,1.);
#4043 = DIRECTION('',(1.,0.));
#4044 = ( GEOMETRIC_REPRESENTATION_CONTEXT(2)
PARAMETRIC_REPRESENTATION_CONTEXT() REPRESENTATION_CONTEXT('2D SPACE',''
  ) );
#4045 = PCURVE('',#2191,#4046);
#4046 = DEFINITIONAL_REPRESENTATION('',(#4047),#4055);
#4047 = ( BOUNDED_CURVE() B_SPLINE_CURVE(2,(#4048,#4049,#4050,#4051,
#4052,#4053,#4054),.UNSPECIFIED.,.T.,.F.) B_SPLINE_CURVE_WITH_KNOTS((1,2
    ,2,2,2,1),(-2.094395102393,0.,2.094395102393,4.188790204786,
6.28318530718,8.377580409573),.UNSPECIFIED.) CURVE()
GEOMETRIC_REPRESENTATION_ITEM() RATIONAL_B_SPLINE_CURVE((1.,0.5,1.,0.5,
1.,0.5,1.)) REPRESENTATION_ITEM('') );
#4048 = CARTESIAN_POINT('',(-2.435533905933,0.779518790788));
#4049 = CARTESIAN_POINT('',(-2.435533905933,3.204389921385));
#4050 = CARTESIAN_POINT('',(-0.335533905933,1.991954356087));
#4051 = CARTESIAN_POINT('',(1.764466094067,0.779518790788));
#4052 = CARTESIAN_POINT('',(-0.335533905933,-0.43291677451));
#4053 = CARTESIAN_POINT('',(-2.435533905933,-1.645352339808));
#4054 = CARTESIAN_POINT('',(-2.435533905933,0.779518790788));
#4055 = ( GEOMETRIC_REPRESENTATION_CONTEXT(2)
PARAMETRIC_REPRESENTATION_CONTEXT() REPRESENTATION_CONTEXT('2D SPACE',''
  ) );
#4056 = ORIENTED_EDGE('',*,*,#4057,.F.);
#4057 = EDGE_CURVE('',#1103,#4030,#4058,.T.);
#4058 = SEAM_CURVE('',#4059,(#4063,#4070),.PCURVE_S1.);
#4059 = LINE('',#4060,#4061);
#4060 = CARTESIAN_POINT('',(9.,3.,149.4));
#4061 = VECTOR('',#4062,1.);
#4062 = DIRECTION('',(0.,1.,0.));
#4063 = PCURVE('',#1119,#4064);
#4064 = DEFINITIONAL_REPRESENTATION('',(#4065),#4069);
#4065 = LINE('',#4066,#4067);
#4066 = CARTESIAN_POINT('',(6.28318530718,-0.));
#4067 = VECTOR('',#4068,1.);
#4068 = DIRECTION('',(0.,1.));
#4069 = ( GEOMETRIC_REPRESENTATION_CONTEXT(2)
PARAMETRIC_REPRESENTATION_CONTEXT() REPRESENTATION_CONTEXT('2D SPACE',''
  ) );
#4070 = PCURVE('',#1119,#4071);
#4071 = DEFINITIONAL_REPRESENTATION('',(#4072),#4076);
#4072 = LINE('',#4073,#4074);
#4073 = CARTESIAN_POINT('',(0.,-0.));
#4074 = VECTOR('',#4075,1.);
#4075 = DIRECTION('',(0.,1.));
#4076 = ( GEOMETRIC_REPRESENTATION_CONTEXT(2)
PARAMETRIC_REPRESENTATION_CONTEXT() REPRESENTATION_CONTEXT('2D SPACE',''
  ) );
#4077 = ORIENTED_EDGE('',*,*,#1102,.T.);
#4078 = ORIENTED_EDGE('',*,*,#4057,.T.);
#4079 = ADVANCED_FACE('',(#4080),#1150,.F.);
#4080 = FACE_BOUND('',#4081,.F.);
#4081 = EDGE_LOOP('',(#4082,#4083,#4104,#4105));
#4082 = ORIENTED_EDGE('',*,*,#1895,.F.);
#4083 = ORIENTED_EDGE('',*,*,#4084,.F.);
#4084 = EDGE_CURVE('',#1134,#1896,#4085,.T.);
#4085 = SEAM_CURVE('',#4086,(#4090,#4097),.PCURVE_S1.);
#4086 = LINE('',#4087,#4088);
#4087 = CARTESIAN_POINT('',(87.,3.,11.4));
#4088 = VECTOR('',#4089,1.);
#4089 = DIRECTION('',(0.,1.,0.));
#4090 = PCURVE('',#1150,#4091);
#4091 = DEFINITIONAL_REPRESENTATION('',(#4092),#4096);
#4092 = LINE('',#4093,#4094);
#4093 = CARTESIAN_POINT('',(6.28318530718,-0.));
#4094 = VECTOR('',#4095,1.);
#4095 = DIRECTION('',(0.,1.));
#4096 = ( GEOMETRIC_REPRESENTATION_CONTEXT(2)
PARAMETRIC_REPRESENTATION_CONTEXT() REPRESENTATION_CONTEXT('2D SPACE',''
  ) );
#4097 = PCURVE('',#1150,#4098);
#4098 = DEFINITIONAL_REPRESENTATION('',(#4099),#4103);
#4099 = LINE('',#4100,#4101);
#4100 = CARTESIAN_POINT('',(0.,-0.));
#4101 = VECTOR('',#4102,1.);
#4102 = DIRECTION('',(0.,1.));
#4103 = ( GEOMETRIC_REPRESENTATION_CONTEXT(2)
PARAMETRIC_REPRESENTATION_CONTEXT() REPRESENTATION_CONTEXT('2D SPACE',''
  ) );
#4104 = ORIENTED_EDGE('',*,*,#1133,.T.);
#4105 = ORIENTED_EDGE('',*,*,#4084,.T.);
#4106 = ADVANCED_FACE('',(#4107),#1182,.F.);
#4107 = FACE_BOUND('',#4108,.F.);
#4108 = EDGE_LOOP('',(#4109,#4110,#4111,#4132));
#4109 = ORIENTED_EDGE('',*,*,#1721,.T.);
#4110 = ORIENTED_EDGE('',*,*,#1801,.F.);
#4111 = ORIENTED_EDGE('',*,*,#4112,.F.);
#4112 = EDGE_CURVE('',#1165,#1802,#4113,.T.);
#4113 = SURFACE_CURVE('',#4114,(#4118,#4125),.PCURVE_S1.);
#4114 = LINE('',#4115,#4116);
#4115 = CARTESIAN_POINT('',(82.,4.,14.4));
#4116 = VECTOR('',#4117,1.);
#4117 = DIRECTION('',(-0.,1.,0.));
#4118 = PCURVE('',#1182,#4119);
#4119 = DEFINITIONAL_REPRESENTATION('',(#4120),#4124);
#4120 = LINE('',#4121,#4122);
#4121 = CARTESIAN_POINT('',(8.4,0.));
#4122 = VECTOR('',#4123,1.);
#4123 = DIRECTION('',(0.,-1.));
#4124 = ( GEOMETRIC_REPRESENTATION_CONTEXT(2)
PARAMETRIC_REPRESENTATION_CONTEXT() REPRESENTATION_CONTEXT('2D SPACE',''
  ) );
#4125 = PCURVE('',#1211,#4126);
#4126 = DEFINITIONAL_REPRESENTATION('',(#4127),#4131);
#4127 = LINE('',#4128,#4129);
#4128 = CARTESIAN_POINT('',(0.,0.));
#4129 = VECTOR('',#4130,1.);
#4130 = DIRECTION('',(0.,1.));
#4131 = ( GEOMETRIC_REPRESENTATION_CONTEXT(2)
PARAMETRIC_REPRESENTATION_CONTEXT() REPRESENTATION_CONTEXT('2D SPACE',''
  ) );
#4132 = ORIENTED_EDGE('',*,*,#1164,.T.);
#4133 = ADVANCED_FACE('',(#4134),#1211,.T.);
#4134 = FACE_BOUND('',#4135,.T.);
#4135 = EDGE_LOOP('',(#4136,#4137,#4158,#4159));
#4136 = ORIENTED_EDGE('',*,*,#1194,.T.);
#4137 = ORIENTED_EDGE('',*,*,#4138,.T.);
#4138 = EDGE_CURVE('',#1195,#1825,#4139,.T.);
#4139 = SURFACE_CURVE('',#4140,(#4144,#4151),.PCURVE_S1.);
#4140 = LINE('',#4141,#4142);
#4141 = CARTESIAN_POINT('',(82.6,4.,15.));
#4142 = VECTOR('',#4143,1.);
#4143 = DIRECTION('',(-0.,1.,0.));
#4144 = PCURVE('',#1211,#4145);
#4145 = DEFINITIONAL_REPRESENTATION('',(#4146),#4150);
#4146 = LINE('',#4147,#4148);
#4147 = CARTESIAN_POINT('',(1.570796326795,0.));
#4148 = VECTOR('',#4149,1.);
#4149 = DIRECTION('',(0.,1.));
#4150 = ( GEOMETRIC_REPRESENTATION_CONTEXT(2)
PARAMETRIC_REPRESENTATION_CONTEXT() REPRESENTATION_CONTEXT('2D SPACE',''
  ) );
#4151 = PCURVE('',#1239,#4152);
#4152 = DEFINITIONAL_REPRESENTATION('',(#4153),#4157);
#4153 = LINE('',#4154,#4155);
#4154 = CARTESIAN_POINT('',(0.6,0.));
#4155 = VECTOR('',#4156,1.);
#4156 = DIRECTION('',(0.,1.));
#4157 = ( GEOMETRIC_REPRESENTATION_CONTEXT(2)
PARAMETRIC_REPRESENTATION_CONTEXT() REPRESENTATION_CONTEXT('2D SPACE',''
  ) );
#4158 = ORIENTED_EDGE('',*,*,#1824,.F.);
#4159 = ORIENTED_EDGE('',*,*,#4112,.F.);
#4160 = ADVANCED_FACE('',(#4161),#1239,.T.);
#4161 = FACE_BOUND('',#4162,.T.);
#4162 = EDGE_LOOP('',(#4163,#4164,#4165,#4166));
#4163 = ORIENTED_EDGE('',*,*,#1848,.T.);
#4164 = ORIENTED_EDGE('',*,*,#4138,.F.);
#4165 = ORIENTED_EDGE('',*,*,#1223,.F.);
#4166 = ORIENTED_EDGE('',*,*,#4167,.F.);
#4167 = EDGE_CURVE('',#1849,#1224,#4168,.T.);
#4168 = SURFACE_CURVE('',#4169,(#4173,#4179),.PCURVE_S1.);
#4169 = LINE('',#4170,#4171);
#4170 = CARTESIAN_POINT('',(90.,6.,15.));
#4171 = VECTOR('',#4172,1.);
#4172 = DIRECTION('',(0.,-1.,0.));
#4173 = PCURVE('',#1239,#4174);
#4174 = DEFINITIONAL_REPRESENTATION('',(#4175),#4178);
#4175 = B_SPLINE_CURVE_WITH_KNOTS('',1,(#4176,#4177),.UNSPECIFIED.,.F.,
  .F.,(2,2),(-7.,2.),.PIECEWISE_BEZIER_KNOTS.);
#4176 = CARTESIAN_POINT('',(8.,9.));
#4177 = CARTESIAN_POINT('',(8.,0.));
#4178 = ( GEOMETRIC_REPRESENTATION_CONTEXT(2)
PARAMETRIC_REPRESENTATION_CONTEXT() REPRESENTATION_CONTEXT('2D SPACE',''
  ) );
#4179 = PCURVE('',#1267,#4180);
#4180 = DEFINITIONAL_REPRESENTATION('',(#4181),#4184);
#4181 = B_SPLINE_CURVE_WITH_KNOTS('',1,(#4182,#4183),.UNSPECIFIED.,.F.,
  .F.,(2,2),(-7.,2.),.PIECEWISE_BEZIER_KNOTS.);
#4182 = CARTESIAN_POINT('',(9.,-5.));
#4183 = CARTESIAN_POINT('',(9.,4.));
#4184 = ( GEOMETRIC_REPRESENTATION_CONTEXT(2)
PARAMETRIC_REPRESENTATION_CONTEXT() REPRESENTATION_CONTEXT('2D SPACE',''
  ) );
#4185 = ADVANCED_FACE('',(#4186),#1267,.F.);
#4186 = FACE_BOUND('',#4187,.F.);
#4187 = EDGE_LOOP('',(#4188,#4189,#4212,#4241,#4265,#4288,#4316,#4344,
    #4363,#4364,#4365));
#4188 = ORIENTED_EDGE('',*,*,#1745,.F.);
#4189 = ORIENTED_EDGE('',*,*,#4190,.T.);
#4190 = EDGE_CURVE('',#1639,#4191,#4193,.T.);
#4191 = VERTEX_POINT('',#4192);
#4192 = CARTESIAN_POINT('',(90.,92.,77.291900756452));
#4193 = SURFACE_CURVE('',#4194,(#4198,#4205),.PCURVE_S1.);
#4194 = LINE('',#4195,#4196);
#4195 = CARTESIAN_POINT('',(90.,92.,6.));
#4196 = VECTOR('',#4197,1.);
#4197 = DIRECTION('',(0.,0.,1.));
#4198 = PCURVE('',#1267,#4199);
#4199 = DEFINITIONAL_REPRESENTATION('',(#4200),#4204);
#4200 = LINE('',#4201,#4202);
#4201 = CARTESIAN_POINT('',(0.,-84.));
#4202 = VECTOR('',#4203,1.);
#4203 = DIRECTION('',(1.,0.));
#4204 = ( GEOMETRIC_REPRESENTATION_CONTEXT(2)
PARAMETRIC_REPRESENTATION_CONTEXT() REPRESENTATION_CONTEXT('2D SPACE',''
  ) );
#4205 = PCURVE('',#1655,#4206);
#4206 = DEFINITIONAL_REPRESENTATION('',(#4207),#4211);
#4207 = LINE('',#4208,#4209);
#4208 = CARTESIAN_POINT('',(0.,0.));
#4209 = VECTOR('',#4210,1.);
#4210 = DIRECTION('',(0.,1.));
#4211 = ( GEOMETRIC_REPRESENTATION_CONTEXT(2)
PARAMETRIC_REPRESENTATION_CONTEXT() REPRESENTATION_CONTEXT('2D SPACE',''
  ) );
#4212 = ORIENTED_EDGE('',*,*,#4213,.F.);
#4213 = EDGE_CURVE('',#4214,#4191,#4216,.T.);
#4214 = VERTEX_POINT('',#4215);
#4215 = CARTESIAN_POINT('',(90.,90.5,85.));
#4216 = SURFACE_CURVE('',#4217,(#4222,#4229),.PCURVE_S1.);
#4217 = CIRCLE('',#4218,4.);
#4218 = AXIS2_PLACEMENT_3D('',#4219,#4220,#4221);
#4219 = CARTESIAN_POINT('',(90.,90.5,81.));
#4220 = DIRECTION('',(1.,0.,0.));
#4221 = DIRECTION('',(-0.,0.,1.));
#4222 = PCURVE('',#1267,#4223);
#4223 = DEFINITIONAL_REPRESENTATION('',(#4224),#4228);
#4224 = CIRCLE('',#4225,4.);
#4225 = AXIS2_PLACEMENT_2D('',#4226,#4227);
#4226 = CARTESIAN_POINT('',(75.,-82.5));
#4227 = DIRECTION('',(1.,0.));
#4228 = ( GEOMETRIC_REPRESENTATION_CONTEXT(2)
PARAMETRIC_REPRESENTATION_CONTEXT() REPRESENTATION_CONTEXT('2D SPACE',''
  ) );
#4229 = PCURVE('',#4230,#4235);
#4230 = CYLINDRICAL_SURFACE('',#4231,4.);
#4231 = AXIS2_PLACEMENT_3D('',#4232,#4233,#4234);
#4232 = CARTESIAN_POINT('',(89.,90.5,81.));
#4233 = DIRECTION('',(1.,0.,0.));
#4234 = DIRECTION('',(-0.,0.,1.));
#4235 = DEFINITIONAL_REPRESENTATION('',(#4236),#4240);
#4236 = LINE('',#4237,#4238);
#4237 = CARTESIAN_POINT('',(0.,1.));
#4238 = VECTOR('',#4239,1.);
#4239 = DIRECTION('',(1.,0.));
#4240 = ( GEOMETRIC_REPRESENTATION_CONTEXT(2)
PARAMETRIC_REPRESENTATION_CONTEXT() REPRESENTATION_CONTEXT('2D SPACE',''
  ) );
#4241 = ORIENTED_EDGE('',*,*,#4242,.F.);
#4242 = EDGE_CURVE('',#4243,#4214,#4245,.T.);
#4243 = VERTEX_POINT('',#4244);
#4244 = CARTESIAN_POINT('',(90.,92.,84.708099243548));
#4245 = SURFACE_CURVE('',#4246,(#4251,#4258),.PCURVE_S1.);
#4246 = CIRCLE('',#4247,4.);
#4247 = AXIS2_PLACEMENT_3D('',#4248,#4249,#4250);
#4248 = CARTESIAN_POINT('',(90.,90.5,81.));
#4249 = DIRECTION('',(1.,0.,0.));
#4250 = DIRECTION('',(-0.,0.,1.));
#4251 = PCURVE('',#1267,#4252);
#4252 = DEFINITIONAL_REPRESENTATION('',(#4253),#4257);
#4253 = CIRCLE('',#4254,4.);
#4254 = AXIS2_PLACEMENT_2D('',#4255,#4256);
#4255 = CARTESIAN_POINT('',(75.,-82.5));
#4256 = DIRECTION('',(1.,0.));
#4257 = ( GEOMETRIC_REPRESENTATION_CONTEXT(2)
PARAMETRIC_REPRESENTATION_CONTEXT() REPRESENTATION_CONTEXT('2D SPACE',''
  ) );
#4258 = PCURVE('',#4230,#4259);
#4259 = DEFINITIONAL_REPRESENTATION('',(#4260),#4264);
#4260 = LINE('',#4261,#4262);
#4261 = CARTESIAN_POINT('',(0.,1.));
#4262 = VECTOR('',#4263,1.);
#4263 = DIRECTION('',(1.,0.));
#4264 = ( GEOMETRIC_REPRESENTATION_CONTEXT(2)
PARAMETRIC_REPRESENTATION_CONTEXT() REPRESENTATION_CONTEXT('2D SPACE',''
  ) );
#4265 = ORIENTED_EDGE('',*,*,#4266,.T.);
#4266 = EDGE_CURVE('',#4243,#4267,#4269,.T.);
#4267 = VERTEX_POINT('',#4268);
#4268 = CARTESIAN_POINT('',(90.,92.,157.5));
#4269 = SURFACE_CURVE('',#4270,(#4274,#4281),.PCURVE_S1.);
#4270 = LINE('',#4271,#4272);
#4271 = CARTESIAN_POINT('',(90.,92.,6.));
#4272 = VECTOR('',#4273,1.);
#4273 = DIRECTION('',(0.,0.,1.));
#4274 = PCURVE('',#1267,#4275);
#4275 = DEFINITIONAL_REPRESENTATION('',(#4276),#4280);
#4276 = LINE('',#4277,#4278);
#4277 = CARTESIAN_POINT('',(0.,-84.));
#4278 = VECTOR('',#4279,1.);
#4279 = DIRECTION('',(1.,0.));
#4280 = ( GEOMETRIC_REPRESENTATION_CONTEXT(2)
PARAMETRIC_REPRESENTATION_CONTEXT() REPRESENTATION_CONTEXT('2D SPACE',''
  ) );
#4281 = PCURVE('',#1655,#4282);
#4282 = DEFINITIONAL_REPRESENTATION('',(#4283),#4287);
#4283 = LINE('',#4284,#4285);
#4284 = CARTESIAN_POINT('',(0.,0.));
#4285 = VECTOR('',#4286,1.);
#4286 = DIRECTION('',(0.,1.));
#4287 = ( GEOMETRIC_REPRESENTATION_CONTEXT(2)
PARAMETRIC_REPRESENTATION_CONTEXT() REPRESENTATION_CONTEXT('2D SPACE',''
  ) );
#4288 = ORIENTED_EDGE('',*,*,#4289,.T.);
#4289 = EDGE_CURVE('',#4267,#4290,#4292,.T.);
#4290 = VERTEX_POINT('',#4291);
#4291 = CARTESIAN_POINT('',(90.,13.,157.5));
#4292 = SURFACE_CURVE('',#4293,(#4297,#4304),.PCURVE_S1.);
#4293 = LINE('',#4294,#4295);
#4294 = CARTESIAN_POINT('',(90.,92.,157.5));
#4295 = VECTOR('',#4296,1.);
#4296 = DIRECTION('',(0.,-1.,-0.));
#4297 = PCURVE('',#1267,#4298);
#4298 = DEFINITIONAL_REPRESENTATION('',(#4299),#4303);
#4299 = LINE('',#4300,#4301);
#4300 = CARTESIAN_POINT('',(151.5,-84.));
#4301 = VECTOR('',#4302,1.);
#4302 = DIRECTION('',(0.,1.));
#4303 = ( GEOMETRIC_REPRESENTATION_CONTEXT(2)
PARAMETRIC_REPRESENTATION_CONTEXT() REPRESENTATION_CONTEXT('2D SPACE',''
  ) );
#4304 = PCURVE('',#4305,#4310);
#4305 = CYLINDRICAL_SURFACE('',#4306,0.5);
#4306 = AXIS2_PLACEMENT_3D('',#4307,#4308,#4309);
#4307 = CARTESIAN_POINT('',(90.5,92.,157.5));
#4308 = DIRECTION('',(0.,-1.,-0.));
#4309 = DIRECTION('',(0.,0.,1.));
#4310 = DEFINITIONAL_REPRESENTATION('',(#4311),#4315);
#4311 = LINE('',#4312,#4313);
#4312 = CARTESIAN_POINT('',(1.570796326795,0.));
#4313 = VECTOR('',#4314,1.);
#4314 = DIRECTION('',(0.,1.));
#4315 = ( GEOMETRIC_REPRESENTATION_CONTEXT(2)
PARAMETRIC_REPRESENTATION_CONTEXT() REPRESENTATION_CONTEXT('2D SPACE',''
  ) );
#4316 = ORIENTED_EDGE('',*,*,#4317,.T.);
#4317 = EDGE_CURVE('',#4290,#4318,#4320,.T.);
#4318 = VERTEX_POINT('',#4319);
#4319 = CARTESIAN_POINT('',(90.,13.,135.));
#4320 = SURFACE_CURVE('',#4321,(#4325,#4332),.PCURVE_S1.);
#4321 = LINE('',#4322,#4323);
#4322 = CARTESIAN_POINT('',(90.,13.,157.5));
#4323 = VECTOR('',#4324,1.);
#4324 = DIRECTION('',(0.,0.,-1.));
#4325 = PCURVE('',#1267,#4326);
#4326 = DEFINITIONAL_REPRESENTATION('',(#4327),#4331);
#4327 = LINE('',#4328,#4329);
#4328 = CARTESIAN_POINT('',(151.5,-5.));
#4329 = VECTOR('',#4330,1.);
#4330 = DIRECTION('',(-1.,0.));
#4331 = ( GEOMETRIC_REPRESENTATION_CONTEXT(2)
PARAMETRIC_REPRESENTATION_CONTEXT() REPRESENTATION_CONTEXT('2D SPACE',''
  ) );
#4332 = PCURVE('',#4333,#4338);
#4333 = PLANE('',#4334);
#4334 = AXIS2_PLACEMENT_3D('',#4335,#4336,#4337);
#4335 = CARTESIAN_POINT('',(87.779518790788,13.,146.96446609406));
#4336 = DIRECTION('',(0.,1.,0.));
#4337 = DIRECTION('',(0.,-0.,1.));
#4338 = DEFINITIONAL_REPRESENTATION('',(#4339),#4343);
#4339 = LINE('',#4340,#4341);
#4340 = CARTESIAN_POINT('',(10.535533905933,2.220481209212));
#4341 = VECTOR('',#4342,1.);
#4342 = DIRECTION('',(-1.,0.));
#4343 = ( GEOMETRIC_REPRESENTATION_CONTEXT(2)
PARAMETRIC_REPRESENTATION_CONTEXT() REPRESENTATION_CONTEXT('2D SPACE',''
  ) );
#4344 = ORIENTED_EDGE('',*,*,#4345,.F.);
#4345 = EDGE_CURVE('',#1252,#4318,#4346,.T.);
#4346 = SURFACE_CURVE('',#4347,(#4351,#4357),.PCURVE_S1.);
#4347 = LINE('',#4348,#4349);
#4348 = CARTESIAN_POINT('',(90.,10.5,135.));
#4349 = VECTOR('',#4350,1.);
#4350 = DIRECTION('',(-0.,1.,0.));
#4351 = PCURVE('',#1267,#4352);
#4352 = DEFINITIONAL_REPRESENTATION('',(#4353),#4356);
#4353 = B_SPLINE_CURVE_WITH_KNOTS('',1,(#4354,#4355),.UNSPECIFIED.,.F.,
  .F.,(2,2),(-6.5,2.5),.PIECEWISE_BEZIER_KNOTS.);
#4354 = CARTESIAN_POINT('',(129.,4.));
#4355 = CARTESIAN_POINT('',(129.,-5.));
#4356 = ( GEOMETRIC_REPRESENTATION_CONTEXT(2)
PARAMETRIC_REPRESENTATION_CONTEXT() REPRESENTATION_CONTEXT('2D SPACE',''
  ) );
#4357 = PCURVE('',#1295,#4358);
#4358 = DEFINITIONAL_REPRESENTATION('',(#4359),#4362);
#4359 = B_SPLINE_CURVE_WITH_KNOTS('',1,(#4360,#4361),.UNSPECIFIED.,.F.,
  .F.,(2,2),(-6.5,2.5),.PIECEWISE_BEZIER_KNOTS.);
#4360 = CARTESIAN_POINT('',(2.828427124746,-9.));
#4361 = CARTESIAN_POINT('',(2.828427124746,0.));
#4362 = ( GEOMETRIC_REPRESENTATION_CONTEXT(2)
PARAMETRIC_REPRESENTATION_CONTEXT() REPRESENTATION_CONTEXT('2D SPACE',''
  ) );
#4363 = ORIENTED_EDGE('',*,*,#1251,.F.);
#4364 = ORIENTED_EDGE('',*,*,#4167,.F.);
#4365 = ORIENTED_EDGE('',*,*,#1871,.F.);
#4366 = ADVANCED_FACE('',(#4367),#1295,.T.);
#4367 = FACE_BOUND('',#4368,.T.);
#4368 = EDGE_LOOP('',(#4369,#4392,#4393,#4394));
#4369 = ORIENTED_EDGE('',*,*,#4370,.F.);
#4370 = EDGE_CURVE('',#4318,#4371,#4373,.T.);
#4371 = VERTEX_POINT('',#4372);
#4372 = CARTESIAN_POINT('',(82.175735931288,13.,142.82426406871));
#4373 = SURFACE_CURVE('',#4374,(#4378,#4385),.PCURVE_S1.);
#4374 = LINE('',#4375,#4376);
#4375 = CARTESIAN_POINT('',(92.,13.,133.));
#4376 = VECTOR('',#4377,1.);
#4377 = DIRECTION('',(-0.707106781187,0.,0.707106781187));
#4378 = PCURVE('',#1295,#4379);
#4379 = DEFINITIONAL_REPRESENTATION('',(#4380),#4384);
#4380 = LINE('',#4381,#4382);
#4381 = CARTESIAN_POINT('',(0.,0.));
#4382 = VECTOR('',#4383,1.);
#4383 = DIRECTION('',(1.,0.));
#4384 = ( GEOMETRIC_REPRESENTATION_CONTEXT(2)
PARAMETRIC_REPRESENTATION_CONTEXT() REPRESENTATION_CONTEXT('2D SPACE',''
  ) );
#4385 = PCURVE('',#4333,#4386);
#4386 = DEFINITIONAL_REPRESENTATION('',(#4387),#4391);
#4387 = LINE('',#4388,#4389);
#4388 = CARTESIAN_POINT('',(-13.96446609406,4.220481209212));
#4389 = VECTOR('',#4390,1.);
#4390 = DIRECTION('',(0.707106781187,-0.707106781187));
#4391 = ( GEOMETRIC_REPRESENTATION_CONTEXT(2)
PARAMETRIC_REPRESENTATION_CONTEXT() REPRESENTATION_CONTEXT('2D SPACE',''
  ) );
#4392 = ORIENTED_EDGE('',*,*,#4345,.F.);
#4393 = ORIENTED_EDGE('',*,*,#1279,.T.);
#4394 = ORIENTED_EDGE('',*,*,#4395,.F.);
#4395 = EDGE_CURVE('',#4371,#1280,#4396,.T.);
#4396 = SURFACE_CURVE('',#4397,(#4401,#4408),.PCURVE_S1.);
#4397 = LINE('',#4398,#4399);
#4398 = CARTESIAN_POINT('',(82.175735931288,13.,142.82426406871));
#4399 = VECTOR('',#4400,1.);
#4400 = DIRECTION('',(0.,-1.,0.));
#4401 = PCURVE('',#1295,#4402);
#4402 = DEFINITIONAL_REPRESENTATION('',(#4403),#4407);
#4403 = LINE('',#4404,#4405);
#4404 = CARTESIAN_POINT('',(13.893607486307,0.));
#4405 = VECTOR('',#4406,1.);
#4406 = DIRECTION('',(0.,-1.));
#4407 = ( GEOMETRIC_REPRESENTATION_CONTEXT(2)
PARAMETRIC_REPRESENTATION_CONTEXT() REPRESENTATION_CONTEXT('2D SPACE',''
  ) );
#4408 = PCURVE('',#1324,#4409);
#4409 = DEFINITIONAL_REPRESENTATION('',(#4410),#4414);
#4410 = LINE('',#4411,#4412);
#4411 = CARTESIAN_POINT('',(-0.,0.));
#4412 = VECTOR('',#4413,1.);
#4413 = DIRECTION('',(-0.,1.));
#4414 = ( GEOMETRIC_REPRESENTATION_CONTEXT(2)
PARAMETRIC_REPRESENTATION_CONTEXT() REPRESENTATION_CONTEXT('2D SPACE',''
  ) );
#4415 = ADVANCED_FACE('',(#4416),#1324,.T.);
#4416 = FACE_BOUND('',#4417,.F.);
#4417 = EDGE_LOOP('',(#4418,#4442,#4463,#4464));
#4418 = ORIENTED_EDGE('',*,*,#4419,.T.);
#4419 = EDGE_CURVE('',#4371,#4420,#4422,.T.);
#4420 = VERTEX_POINT('',#4421);
#4421 = CARTESIAN_POINT('',(82.,13.,143.24852813742));
#4422 = SURFACE_CURVE('',#4423,(#4428,#4435),.PCURVE_S1.);
#4423 = CIRCLE('',#4424,0.6);
#4424 = AXIS2_PLACEMENT_3D('',#4425,#4426,#4427);
#4425 = CARTESIAN_POINT('',(82.6,13.,143.24852813742));
#4426 = DIRECTION('',(-0.,1.,0.));
#4427 = DIRECTION('',(0.,0.,-1.));
#4428 = PCURVE('',#1324,#4429);
#4429 = DEFINITIONAL_REPRESENTATION('',(#4430),#4434);
#4430 = LINE('',#4431,#4432);
#4431 = CARTESIAN_POINT('',(0.785398163397,-0.));
#4432 = VECTOR('',#4433,1.);
#4433 = DIRECTION('',(-1.,0.));
#4434 = ( GEOMETRIC_REPRESENTATION_CONTEXT(2)
PARAMETRIC_REPRESENTATION_CONTEXT() REPRESENTATION_CONTEXT('2D SPACE',''
  ) );
#4435 = PCURVE('',#4333,#4436);
#4436 = DEFINITIONAL_REPRESENTATION('',(#4437),#4441);
#4437 = CIRCLE('',#4438,0.6);
#4438 = AXIS2_PLACEMENT_2D('',#4439,#4440);
#4439 = CARTESIAN_POINT('',(-3.715937956643,-5.179518790788));
#4440 = DIRECTION('',(-1.,0.));
#4441 = ( GEOMETRIC_REPRESENTATION_CONTEXT(2)
PARAMETRIC_REPRESENTATION_CONTEXT() REPRESENTATION_CONTEXT('2D SPACE',''
  ) );
#4442 = ORIENTED_EDGE('',*,*,#4443,.T.);
#4443 = EDGE_CURVE('',#4420,#1308,#4444,.T.);
#4444 = SURFACE_CURVE('',#4445,(#4449,#4456),.PCURVE_S1.);
#4445 = LINE('',#4446,#4447);
#4446 = CARTESIAN_POINT('',(82.,13.,143.24852813742));
#4447 = VECTOR('',#4448,1.);
#4448 = DIRECTION('',(0.,-1.,0.));
#4449 = PCURVE('',#1324,#4450);
#4450 = DEFINITIONAL_REPRESENTATION('',(#4451),#4455);
#4451 = LINE('',#4452,#4453);
#4452 = CARTESIAN_POINT('',(-0.785398163397,0.));
#4453 = VECTOR('',#4454,1.);
#4454 = DIRECTION('',(-0.,1.));
#4455 = ( GEOMETRIC_REPRESENTATION_CONTEXT(2)
PARAMETRIC_REPRESENTATION_CONTEXT() REPRESENTATION_CONTEXT('2D SPACE',''
  ) );
#4456 = PCURVE('',#1352,#4457);
#4457 = DEFINITIONAL_REPRESENTATION('',(#4458),#4462);
#4458 = LINE('',#4459,#4460);
#4459 = CARTESIAN_POINT('',(0.248528137424,0.));
#4460 = VECTOR('',#4461,1.);
#4461 = DIRECTION('',(0.,-1.));
#4462 = ( GEOMETRIC_REPRESENTATION_CONTEXT(2)
PARAMETRIC_REPRESENTATION_CONTEXT() REPRESENTATION_CONTEXT('2D SPACE',''
  ) );
#4463 = ORIENTED_EDGE('',*,*,#1307,.F.);
#4464 = ORIENTED_EDGE('',*,*,#4395,.F.);
#4465 = ADVANCED_FACE('',(#4466),#1352,.T.);
#4466 = FACE_BOUND('',#4467,.T.);
#4467 = EDGE_LOOP('',(#4468,#4491,#4492,#4493,#4514,#4540));
#4468 = ORIENTED_EDGE('',*,*,#4469,.F.);
#4469 = EDGE_CURVE('',#4420,#4470,#4472,.T.);
#4470 = VERTEX_POINT('',#4471);
#4471 = CARTESIAN_POINT('',(82.,13.,157.4));
#4472 = SURFACE_CURVE('',#4473,(#4477,#4484),.PCURVE_S1.);
#4473 = LINE('',#4474,#4475);
#4474 = CARTESIAN_POINT('',(82.,13.,143.24852813742));
#4475 = VECTOR('',#4476,1.);
#4476 = DIRECTION('',(0.,0.,1.));
#4477 = PCURVE('',#1352,#4478);
#4478 = DEFINITIONAL_REPRESENTATION('',(#4479),#4483);
#4479 = LINE('',#4480,#4481);
#4480 = CARTESIAN_POINT('',(0.248528137424,0.));
#4481 = VECTOR('',#4482,1.);
#4482 = DIRECTION('',(1.,0.));
#4483 = ( GEOMETRIC_REPRESENTATION_CONTEXT(2)
PARAMETRIC_REPRESENTATION_CONTEXT() REPRESENTATION_CONTEXT('2D SPACE',''
  ) );
#4484 = PCURVE('',#4333,#4485);
#4485 = DEFINITIONAL_REPRESENTATION('',(#4486),#4490);
#4486 = LINE('',#4487,#4488);
#4487 = CARTESIAN_POINT('',(-3.715937956643,-5.779518790788));
#4488 = VECTOR('',#4489,1.);
#4489 = DIRECTION('',(1.,0.));
#4490 = ( GEOMETRIC_REPRESENTATION_CONTEXT(2)
PARAMETRIC_REPRESENTATION_CONTEXT() REPRESENTATION_CONTEXT('2D SPACE',''
  ) );
#4491 = ORIENTED_EDGE('',*,*,#4443,.T.);
#4492 = ORIENTED_EDGE('',*,*,#1336,.F.);
#4493 = ORIENTED_EDGE('',*,*,#4494,.F.);
#4494 = EDGE_CURVE('',#4495,#1337,#4497,.T.);
#4495 = VERTEX_POINT('',#4496);
#4496 = CARTESIAN_POINT('',(82.,8.,154.));
#4497 = SURFACE_CURVE('',#4498,(#4502,#4508),.PCURVE_S1.);
#4498 = LINE('',#4499,#4500);
#4499 = CARTESIAN_POINT('',(82.,6.,154.));
#4500 = VECTOR('',#4501,1.);
#4501 = DIRECTION('',(0.,-1.,0.));
#4502 = PCURVE('',#1352,#4503);
#4503 = DEFINITIONAL_REPRESENTATION('',(#4504),#4507);
#4504 = B_SPLINE_CURVE_WITH_KNOTS('',1,(#4505,#4506),.UNSPECIFIED.,.F.,
  .F.,(2,2),(-4.,2.),.PIECEWISE_BEZIER_KNOTS.);
#4505 = CARTESIAN_POINT('',(11.,-3.));
#4506 = CARTESIAN_POINT('',(11.,-9.));
#4507 = ( GEOMETRIC_REPRESENTATION_CONTEXT(2)
PARAMETRIC_REPRESENTATION_CONTEXT() REPRESENTATION_CONTEXT('2D SPACE',''
  ) );
#4508 = PCURVE('',#1380,#4509);
#4509 = DEFINITIONAL_REPRESENTATION('',(#4510),#4513);
#4510 = B_SPLINE_CURVE_WITH_KNOTS('',1,(#4511,#4512),.UNSPECIFIED.,.F.,
  .F.,(2,2),(-4.,2.),.PIECEWISE_BEZIER_KNOTS.);
#4511 = CARTESIAN_POINT('',(76.,11.));
#4512 = CARTESIAN_POINT('',(76.,5.));
#4513 = ( GEOMETRIC_REPRESENTATION_CONTEXT(2)
PARAMETRIC_REPRESENTATION_CONTEXT() REPRESENTATION_CONTEXT('2D SPACE',''
  ) );
#4514 = ORIENTED_EDGE('',*,*,#4515,.T.);
#4515 = EDGE_CURVE('',#4495,#4516,#4518,.T.);
#4516 = VERTEX_POINT('',#4517);
#4517 = CARTESIAN_POINT('',(82.,8.,157.4));
#4518 = SURFACE_CURVE('',#4519,(#4523,#4529),.PCURVE_S1.);
#4519 = LINE('',#4520,#4521);
#4520 = CARTESIAN_POINT('',(82.,8.,74.5));
#4521 = VECTOR('',#4522,1.);
#4522 = DIRECTION('',(0.,0.,1.));
#4523 = PCURVE('',#1352,#4524);
#4524 = DEFINITIONAL_REPRESENTATION('',(#4525),#4528);
#4525 = B_SPLINE_CURVE_WITH_KNOTS('',1,(#4526,#4527),.UNSPECIFIED.,.F.,
  .F.,(2,2),(79.5,82.9),.PIECEWISE_BEZIER_KNOTS.);
#4526 = CARTESIAN_POINT('',(11.,-5.));
#4527 = CARTESIAN_POINT('',(14.4,-5.));
#4528 = ( GEOMETRIC_REPRESENTATION_CONTEXT(2)
PARAMETRIC_REPRESENTATION_CONTEXT() REPRESENTATION_CONTEXT('2D SPACE',''
  ) );
#4529 = PCURVE('',#4530,#4535);
#4530 = PLANE('',#4531);
#4531 = AXIS2_PLACEMENT_3D('',#4532,#4533,#4534);
#4532 = CARTESIAN_POINT('',(6.,8.,6.));
#4533 = DIRECTION('',(-0.,1.,0.));
#4534 = DIRECTION('',(0.,0.,1.));
#4535 = DEFINITIONAL_REPRESENTATION('',(#4536),#4539);
#4536 = B_SPLINE_CURVE_WITH_KNOTS('',1,(#4537,#4538),.UNSPECIFIED.,.F.,
  .F.,(2,2),(79.5,82.9),.PIECEWISE_BEZIER_KNOTS.);
#4537 = CARTESIAN_POINT('',(148.,76.));
#4538 = CARTESIAN_POINT('',(151.4,76.));
#4539 = ( GEOMETRIC_REPRESENTATION_CONTEXT(2)
PARAMETRIC_REPRESENTATION_CONTEXT() REPRESENTATION_CONTEXT('2D SPACE',''
  ) );
#4540 = ORIENTED_EDGE('',*,*,#4541,.F.);
#4541 = EDGE_CURVE('',#4470,#4516,#4542,.T.);
#4542 = SURFACE_CURVE('',#4543,(#4547,#4554),.PCURVE_S1.);
#4543 = LINE('',#4544,#4545);
#4544 = CARTESIAN_POINT('',(82.,13.,157.4));
#4545 = VECTOR('',#4546,1.);
#4546 = DIRECTION('',(0.,-1.,0.));
#4547 = PCURVE('',#1352,#4548);
#4548 = DEFINITIONAL_REPRESENTATION('',(#4549),#4553);
#4549 = LINE('',#4550,#4551);
#4550 = CARTESIAN_POINT('',(14.4,0.));
#4551 = VECTOR('',#4552,1.);
#4552 = DIRECTION('',(0.,-1.));
#4553 = ( GEOMETRIC_REPRESENTATION_CONTEXT(2)
PARAMETRIC_REPRESENTATION_CONTEXT() REPRESENTATION_CONTEXT('2D SPACE',''
  ) );
#4554 = PCURVE('',#4555,#4560);
#4555 = CYLINDRICAL_SURFACE('',#4556,0.6);
#4556 = AXIS2_PLACEMENT_3D('',#4557,#4558,#4559);
#4557 = CARTESIAN_POINT('',(82.6,13.,157.4));
#4558 = DIRECTION('',(0.,-1.,0.));
#4559 = DIRECTION('',(-1.,0.,0.));
#4560 = DEFINITIONAL_REPRESENTATION('',(#4561),#4565);
#4561 = LINE('',#4562,#4563);
#4562 = CARTESIAN_POINT('',(-0.,0.));
#4563 = VECTOR('',#4564,1.);
#4564 = DIRECTION('',(-0.,1.));
#4565 = ( GEOMETRIC_REPRESENTATION_CONTEXT(2)
PARAMETRIC_REPRESENTATION_CONTEXT() REPRESENTATION_CONTEXT('2D SPACE',''
  ) );
#4566 = ADVANCED_FACE('',(#4567),#1380,.F.);
#4567 = FACE_BOUND('',#4568,.F.);
#4568 = EDGE_LOOP('',(#4569,#4590,#4609,#4610));
#4569 = ORIENTED_EDGE('',*,*,#4570,.F.);
#4570 = EDGE_CURVE('',#4571,#4495,#4573,.T.);
#4571 = VERTEX_POINT('',#4572);
#4572 = CARTESIAN_POINT('',(14.,8.,154.));
#4573 = SURFACE_CURVE('',#4574,(#4578,#4584),.PCURVE_S1.);
#4574 = LINE('',#4575,#4576);
#4575 = CARTESIAN_POINT('',(6.,8.,154.));
#4576 = VECTOR('',#4577,1.);
#4577 = DIRECTION('',(1.,0.,-0.));
#4578 = PCURVE('',#1380,#4579);
#4579 = DEFINITIONAL_REPRESENTATION('',(#4580),#4583);
#4580 = B_SPLINE_CURVE_WITH_KNOTS('',1,(#4581,#4582),.UNSPECIFIED.,.F.,
  .F.,(2,2),(2.,82.),.PIECEWISE_BEZIER_KNOTS.);
#4581 = CARTESIAN_POINT('',(2.,9.));
#4582 = CARTESIAN_POINT('',(82.,9.));
#4583 = ( GEOMETRIC_REPRESENTATION_CONTEXT(2)
PARAMETRIC_REPRESENTATION_CONTEXT() REPRESENTATION_CONTEXT('2D SPACE',''
  ) );
#4584 = PCURVE('',#4530,#4585);
#4585 = DEFINITIONAL_REPRESENTATION('',(#4586),#4589);
#4586 = B_SPLINE_CURVE_WITH_KNOTS('',1,(#4587,#4588),.UNSPECIFIED.,.F.,
  .F.,(2,2),(2.,82.),.PIECEWISE_BEZIER_KNOTS.);
#4587 = CARTESIAN_POINT('',(148.,2.));
#4588 = CARTESIAN_POINT('',(148.,82.));
#4589 = ( GEOMETRIC_REPRESENTATION_CONTEXT(2)
PARAMETRIC_REPRESENTATION_CONTEXT() REPRESENTATION_CONTEXT('2D SPACE',''
  ) );
#4590 = ORIENTED_EDGE('',*,*,#4591,.T.);
#4591 = EDGE_CURVE('',#4571,#1365,#4592,.T.);
#4592 = SURFACE_CURVE('',#4593,(#4597,#4603),.PCURVE_S1.);
#4593 = LINE('',#4594,#4595);
#4594 = CARTESIAN_POINT('',(14.,6.,154.));
#4595 = VECTOR('',#4596,1.);
#4596 = DIRECTION('',(0.,-1.,0.));
#4597 = PCURVE('',#1380,#4598);
#4598 = DEFINITIONAL_REPRESENTATION('',(#4599),#4602);
#4599 = B_SPLINE_CURVE_WITH_KNOTS('',1,(#4600,#4601),.UNSPECIFIED.,.F.,
  .F.,(2,2),(-4.,2.),.PIECEWISE_BEZIER_KNOTS.);
#4600 = CARTESIAN_POINT('',(8.,11.));
#4601 = CARTESIAN_POINT('',(8.,5.));
#4602 = ( GEOMETRIC_REPRESENTATION_CONTEXT(2)
PARAMETRIC_REPRESENTATION_CONTEXT() REPRESENTATION_CONTEXT('2D SPACE',''
  ) );
#4603 = PCURVE('',#1407,#4604);
#4604 = DEFINITIONAL_REPRESENTATION('',(#4605),#4608);
#4605 = B_SPLINE_CURVE_WITH_KNOTS('',1,(#4606,#4607),.UNSPECIFIED.,.F.,
  .F.,(2,2),(-4.,2.),.PIECEWISE_BEZIER_KNOTS.);
#4606 = CARTESIAN_POINT('',(11.,-3.));
#4607 = CARTESIAN_POINT('',(11.,-9.));
#4608 = ( GEOMETRIC_REPRESENTATION_CONTEXT(2)
PARAMETRIC_REPRESENTATION_CONTEXT() REPRESENTATION_CONTEXT('2D SPACE',''
  ) );
#4609 = ORIENTED_EDGE('',*,*,#1364,.F.);
#4610 = ORIENTED_EDGE('',*,*,#4494,.F.);
#4611 = ADVANCED_FACE('',(#4612),#1407,.F.);
#4612 = FACE_BOUND('',#4613,.F.);
#4613 = EDGE_LOOP('',(#4614,#4637,#4638,#4639,#4660,#4688));
#4614 = ORIENTED_EDGE('',*,*,#4615,.T.);
#4615 = EDGE_CURVE('',#4616,#1392,#4618,.T.);
#4616 = VERTEX_POINT('',#4617);
#4617 = CARTESIAN_POINT('',(14.,13.,143.24852813742));
#4618 = SURFACE_CURVE('',#4619,(#4623,#4630),.PCURVE_S1.);
#4619 = LINE('',#4620,#4621);
#4620 = CARTESIAN_POINT('',(14.,13.,143.24852813742));
#4621 = VECTOR('',#4622,1.);
#4622 = DIRECTION('',(0.,-1.,0.));
#4623 = PCURVE('',#1407,#4624);
#4624 = DEFINITIONAL_REPRESENTATION('',(#4625),#4629);
#4625 = LINE('',#4626,#4627);
#4626 = CARTESIAN_POINT('',(0.248528137424,0.));
#4627 = VECTOR('',#4628,1.);
#4628 = DIRECTION('',(0.,-1.));
#4629 = ( GEOMETRIC_REPRESENTATION_CONTEXT(2)
PARAMETRIC_REPRESENTATION_CONTEXT() REPRESENTATION_CONTEXT('2D SPACE',''
  ) );
#4630 = PCURVE('',#1440,#4631);
#4631 = DEFINITIONAL_REPRESENTATION('',(#4632),#4636);
#4632 = LINE('',#4633,#4634);
#4633 = CARTESIAN_POINT('',(0.785398163397,0.));
#4634 = VECTOR('',#4635,1.);
#4635 = DIRECTION('',(0.,1.));
#4636 = ( GEOMETRIC_REPRESENTATION_CONTEXT(2)
PARAMETRIC_REPRESENTATION_CONTEXT() REPRESENTATION_CONTEXT('2D SPACE',''
  ) );
#4637 = ORIENTED_EDGE('',*,*,#1391,.T.);
#4638 = ORIENTED_EDGE('',*,*,#4591,.F.);
#4639 = ORIENTED_EDGE('',*,*,#4640,.T.);
#4640 = EDGE_CURVE('',#4571,#4641,#4643,.T.);
#4641 = VERTEX_POINT('',#4642);
#4642 = CARTESIAN_POINT('',(14.,8.,157.4));
#4643 = SURFACE_CURVE('',#4644,(#4648,#4654),.PCURVE_S1.);
#4644 = LINE('',#4645,#4646);
#4645 = CARTESIAN_POINT('',(14.,8.,74.5));
#4646 = VECTOR('',#4647,1.);
#4647 = DIRECTION('',(0.,0.,1.));
#4648 = PCURVE('',#1407,#4649);
#4649 = DEFINITIONAL_REPRESENTATION('',(#4650),#4653);
#4650 = B_SPLINE_CURVE_WITH_KNOTS('',1,(#4651,#4652),.UNSPECIFIED.,.F.,
  .F.,(2,2),(79.5,82.9),.PIECEWISE_BEZIER_KNOTS.);
#4651 = CARTESIAN_POINT('',(11.,-5.));
#4652 = CARTESIAN_POINT('',(14.4,-5.));
#4653 = ( GEOMETRIC_REPRESENTATION_CONTEXT(2)
PARAMETRIC_REPRESENTATION_CONTEXT() REPRESENTATION_CONTEXT('2D SPACE',''
  ) );
#4654 = PCURVE('',#4530,#4655);
#4655 = DEFINITIONAL_REPRESENTATION('',(#4656),#4659);
#4656 = B_SPLINE_CURVE_WITH_KNOTS('',1,(#4657,#4658),.UNSPECIFIED.,.F.,
  .F.,(2,2),(79.5,82.9),.PIECEWISE_BEZIER_KNOTS.);
#4657 = CARTESIAN_POINT('',(148.,8.));
#4658 = CARTESIAN_POINT('',(151.4,8.));
#4659 = ( GEOMETRIC_REPRESENTATION_CONTEXT(2)
PARAMETRIC_REPRESENTATION_CONTEXT() REPRESENTATION_CONTEXT('2D SPACE',''
  ) );
#4660 = ORIENTED_EDGE('',*,*,#4661,.F.);
#4661 = EDGE_CURVE('',#4662,#4641,#4664,.T.);
#4662 = VERTEX_POINT('',#4663);
#4663 = CARTESIAN_POINT('',(14.,13.,157.4));
#4664 = SURFACE_CURVE('',#4665,(#4669,#4676),.PCURVE_S1.);
#4665 = LINE('',#4666,#4667);
#4666 = CARTESIAN_POINT('',(14.,13.,157.4));
#4667 = VECTOR('',#4668,1.);
#4668 = DIRECTION('',(0.,-1.,0.));
#4669 = PCURVE('',#1407,#4670);
#4670 = DEFINITIONAL_REPRESENTATION('',(#4671),#4675);
#4671 = LINE('',#4672,#4673);
#4672 = CARTESIAN_POINT('',(14.4,0.));
#4673 = VECTOR('',#4674,1.);
#4674 = DIRECTION('',(0.,-1.));
#4675 = ( GEOMETRIC_REPRESENTATION_CONTEXT(2)
PARAMETRIC_REPRESENTATION_CONTEXT() REPRESENTATION_CONTEXT('2D SPACE',''
  ) );
#4676 = PCURVE('',#4677,#4682);
#4677 = CYLINDRICAL_SURFACE('',#4678,0.6);
#4678 = AXIS2_PLACEMENT_3D('',#4679,#4680,#4681);
#4679 = CARTESIAN_POINT('',(13.4,13.,157.4));
#4680 = DIRECTION('',(0.,-1.,0.));
#4681 = DIRECTION('',(1.,0.,-0.));
#4682 = DEFINITIONAL_REPRESENTATION('',(#4683),#4687);
#4683 = LINE('',#4684,#4685);
#4684 = CARTESIAN_POINT('',(0.,0.));
#4685 = VECTOR('',#4686,1.);
#4686 = DIRECTION('',(0.,1.));
#4687 = ( GEOMETRIC_REPRESENTATION_CONTEXT(2)
PARAMETRIC_REPRESENTATION_CONTEXT() REPRESENTATION_CONTEXT('2D SPACE',''
  ) );
#4688 = ORIENTED_EDGE('',*,*,#4689,.T.);
#4689 = EDGE_CURVE('',#4662,#4616,#4690,.T.);
#4690 = SURFACE_CURVE('',#4691,(#4695,#4702),.PCURVE_S1.);
#4691 = LINE('',#4692,#4693);
#4692 = CARTESIAN_POINT('',(14.,13.,157.4));
#4693 = VECTOR('',#4694,1.);
#4694 = DIRECTION('',(1.25524528943E-16,0.,-1.));
#4695 = PCURVE('',#1407,#4696);
#4696 = DEFINITIONAL_REPRESENTATION('',(#4697),#4701);
#4697 = LINE('',#4698,#4699);
#4698 = CARTESIAN_POINT('',(14.4,0.));
#4699 = VECTOR('',#4700,1.);
#4700 = DIRECTION('',(-1.,0.));
#4701 = ( GEOMETRIC_REPRESENTATION_CONTEXT(2)
PARAMETRIC_REPRESENTATION_CONTEXT() REPRESENTATION_CONTEXT('2D SPACE',''
  ) );
#4702 = PCURVE('',#2191,#4703);
#4703 = DEFINITIONAL_REPRESENTATION('',(#4704),#4708);
#4704 = LINE('',#4705,#4706);
#4705 = CARTESIAN_POINT('',(-10.43553390593,5.779518790788));
#4706 = VECTOR('',#4707,1.);
#4707 = DIRECTION('',(1.,1.25524528943E-16));
#4708 = ( GEOMETRIC_REPRESENTATION_CONTEXT(2)
PARAMETRIC_REPRESENTATION_CONTEXT() REPRESENTATION_CONTEXT('2D SPACE',''
  ) );
#4709 = ADVANCED_FACE('',(#4710),#1468,.F.);
#4710 = FACE_BOUND('',#4711,.F.);
#4711 = EDGE_LOOP('',(#4712,#4735,#4736,#4737));
#4712 = ORIENTED_EDGE('',*,*,#4713,.F.);
#4713 = EDGE_CURVE('',#2176,#4714,#4716,.T.);
#4714 = VERTEX_POINT('',#4715);
#4715 = CARTESIAN_POINT('',(13.824264068712,13.,142.82426406871));
#4716 = SURFACE_CURVE('',#4717,(#4721,#4728),.PCURVE_S1.);
#4717 = LINE('',#4718,#4719);
#4718 = CARTESIAN_POINT('',(4.,13.,133.));
#4719 = VECTOR('',#4720,1.);
#4720 = DIRECTION('',(0.707106781187,0.,0.707106781187));
#4721 = PCURVE('',#1468,#4722);
#4722 = DEFINITIONAL_REPRESENTATION('',(#4723),#4727);
#4723 = LINE('',#4724,#4725);
#4724 = CARTESIAN_POINT('',(0.,0.));
#4725 = VECTOR('',#4726,1.);
#4726 = DIRECTION('',(1.,0.));
#4727 = ( GEOMETRIC_REPRESENTATION_CONTEXT(2)
PARAMETRIC_REPRESENTATION_CONTEXT() REPRESENTATION_CONTEXT('2D SPACE',''
  ) );
#4728 = PCURVE('',#2191,#4729);
#4729 = DEFINITIONAL_REPRESENTATION('',(#4730),#4734);
#4730 = LINE('',#4731,#4732);
#4731 = CARTESIAN_POINT('',(13.964466094067,-4.220481209212));
#4732 = VECTOR('',#4733,1.);
#4733 = DIRECTION('',(-0.707106781187,0.707106781187));
#4734 = ( GEOMETRIC_REPRESENTATION_CONTEXT(2)
PARAMETRIC_REPRESENTATION_CONTEXT() REPRESENTATION_CONTEXT('2D SPACE',''
  ) );
#4735 = ORIENTED_EDGE('',*,*,#2203,.T.);
#4736 = ORIENTED_EDGE('',*,*,#1452,.T.);
#4737 = ORIENTED_EDGE('',*,*,#4738,.F.);
#4738 = EDGE_CURVE('',#4714,#1420,#4739,.T.);
#4739 = SURFACE_CURVE('',#4740,(#4744,#4751),.PCURVE_S1.);
#4740 = LINE('',#4741,#4742);
#4741 = CARTESIAN_POINT('',(13.824264068712,13.,142.82426406871));
#4742 = VECTOR('',#4743,1.);
#4743 = DIRECTION('',(0.,-1.,0.));
#4744 = PCURVE('',#1468,#4745);
#4745 = DEFINITIONAL_REPRESENTATION('',(#4746),#4750);
#4746 = LINE('',#4747,#4748);
#4747 = CARTESIAN_POINT('',(13.893607486307,0.));
#4748 = VECTOR('',#4749,1.);
#4749 = DIRECTION('',(0.,-1.));
#4750 = ( GEOMETRIC_REPRESENTATION_CONTEXT(2)
PARAMETRIC_REPRESENTATION_CONTEXT() REPRESENTATION_CONTEXT('2D SPACE',''
  ) );
#4751 = PCURVE('',#1440,#4752);
#4752 = DEFINITIONAL_REPRESENTATION('',(#4753),#4757);
#4753 = LINE('',#4754,#4755);
#4754 = CARTESIAN_POINT('',(0.,0.));
#4755 = VECTOR('',#4756,1.);
#4756 = DIRECTION('',(0.,1.));
#4757 = ( GEOMETRIC_REPRESENTATION_CONTEXT(2)
PARAMETRIC_REPRESENTATION_CONTEXT() REPRESENTATION_CONTEXT('2D SPACE',''
  ) );
#4758 = ADVANCED_FACE('',(#4759),#1440,.T.);
#4759 = FACE_BOUND('',#4760,.T.);
#4760 = EDGE_LOOP('',(#4761,#4783,#4784,#4785));
#4761 = ORIENTED_EDGE('',*,*,#4762,.T.);
#4762 = EDGE_CURVE('',#4714,#4616,#4763,.T.);
#4763 = SURFACE_CURVE('',#4764,(#4769,#4776),.PCURVE_S1.);
#4764 = CIRCLE('',#4765,0.6);
#4765 = AXIS2_PLACEMENT_3D('',#4766,#4767,#4768);
#4766 = CARTESIAN_POINT('',(13.4,13.,143.24852813742));
#4767 = DIRECTION('',(0.,-1.,0.));
#4768 = DIRECTION('',(0.,-0.,-1.));
#4769 = PCURVE('',#1440,#4770);
#4770 = DEFINITIONAL_REPRESENTATION('',(#4771),#4775);
#4771 = LINE('',#4772,#4773);
#4772 = CARTESIAN_POINT('',(-0.785398163397,0.));
#4773 = VECTOR('',#4774,1.);
#4774 = DIRECTION('',(1.,0.));
#4775 = ( GEOMETRIC_REPRESENTATION_CONTEXT(2)
PARAMETRIC_REPRESENTATION_CONTEXT() REPRESENTATION_CONTEXT('2D SPACE',''
  ) );
#4776 = PCURVE('',#2191,#4777);
#4777 = DEFINITIONAL_REPRESENTATION('',(#4778),#4782);
#4778 = CIRCLE('',#4779,0.6);
#4779 = AXIS2_PLACEMENT_2D('',#4780,#4781);
#4780 = CARTESIAN_POINT('',(3.715937956643,5.179518790788));
#4781 = DIRECTION('',(1.,0.));
#4782 = ( GEOMETRIC_REPRESENTATION_CONTEXT(2)
PARAMETRIC_REPRESENTATION_CONTEXT() REPRESENTATION_CONTEXT('2D SPACE',''
  ) );
#4783 = ORIENTED_EDGE('',*,*,#4615,.T.);
#4784 = ORIENTED_EDGE('',*,*,#1419,.F.);
#4785 = ORIENTED_EDGE('',*,*,#4738,.F.);
#4786 = ADVANCED_FACE('',(#4787),#1622,.F.);
#4787 = FACE_BOUND('',#4788,.F.);
#4788 = EDGE_LOOP('',(#4789,#4813,#4834,#4835));
#4789 = ORIENTED_EDGE('',*,*,#4790,.F.);
#4790 = EDGE_CURVE('',#4791,#4791,#4793,.T.);
#4791 = VERTEX_POINT('',#4792);
#4792 = CARTESIAN_POINT('',(87.,13.,149.4));
#4793 = SURFACE_CURVE('',#4794,(#4799,#4806),.PCURVE_S1.);
#4794 = CIRCLE('',#4795,1.4);
#4795 = AXIS2_PLACEMENT_3D('',#4796,#4797,#4798);
#4796 = CARTESIAN_POINT('',(87.,13.,148.));
#4797 = DIRECTION('',(0.,1.,0.));
#4798 = DIRECTION('',(0.,-0.,1.));
#4799 = PCURVE('',#1622,#4800);
#4800 = DEFINITIONAL_REPRESENTATION('',(#4801),#4805);
#4801 = LINE('',#4802,#4803);
#4802 = CARTESIAN_POINT('',(0.,10.));
#4803 = VECTOR('',#4804,1.);
#4804 = DIRECTION('',(1.,0.));
#4805 = ( GEOMETRIC_REPRESENTATION_CONTEXT(2)
PARAMETRIC_REPRESENTATION_CONTEXT() REPRESENTATION_CONTEXT('2D SPACE',''
  ) );
#4806 = PCURVE('',#4333,#4807);
#4807 = DEFINITIONAL_REPRESENTATION('',(#4808),#4812);
#4808 = CIRCLE('',#4809,1.4);
#4809 = AXIS2_PLACEMENT_2D('',#4810,#4811);
#4810 = CARTESIAN_POINT('',(1.035533905933,-0.779518790788));
#4811 = DIRECTION('',(1.,0.));
#4812 = ( GEOMETRIC_REPRESENTATION_CONTEXT(2)
PARAMETRIC_REPRESENTATION_CONTEXT() REPRESENTATION_CONTEXT('2D SPACE',''
  ) );
#4813 = ORIENTED_EDGE('',*,*,#4814,.F.);
#4814 = EDGE_CURVE('',#1606,#4791,#4815,.T.);
#4815 = SEAM_CURVE('',#4816,(#4820,#4827),.PCURVE_S1.);
#4816 = LINE('',#4817,#4818);
#4817 = CARTESIAN_POINT('',(87.,3.,149.4));
#4818 = VECTOR('',#4819,1.);
#4819 = DIRECTION('',(0.,1.,0.));
#4820 = PCURVE('',#1622,#4821);
#4821 = DEFINITIONAL_REPRESENTATION('',(#4822),#4826);
#4822 = LINE('',#4823,#4824);
#4823 = CARTESIAN_POINT('',(6.28318530718,-0.));
#4824 = VECTOR('',#4825,1.);
#4825 = DIRECTION('',(0.,1.));
#4826 = ( GEOMETRIC_REPRESENTATION_CONTEXT(2)
PARAMETRIC_REPRESENTATION_CONTEXT() REPRESENTATION_CONTEXT('2D SPACE',''
  ) );
#4827 = PCURVE('',#1622,#4828);
#4828 = DEFINITIONAL_REPRESENTATION('',(#4829),#4833);
#4829 = LINE('',#4830,#4831);
#4830 = CARTESIAN_POINT('',(0.,-0.));
#4831 = VECTOR('',#4832,1.);
#4832 = DIRECTION('',(0.,1.));
#4833 = ( GEOMETRIC_REPRESENTATION_CONTEXT(2)
PARAMETRIC_REPRESENTATION_CONTEXT() REPRESENTATION_CONTEXT('2D SPACE',''
  ) );
#4834 = ORIENTED_EDGE('',*,*,#1605,.T.);
#4835 = ORIENTED_EDGE('',*,*,#4814,.T.);
#4836 = ADVANCED_FACE('',(#4837),#1655,.F.);
#4837 = FACE_BOUND('',#4838,.F.);
#4838 = EDGE_LOOP('',(#4839,#4840,#4841,#4842,#4869,#4870,#4944,#4970));
#4839 = ORIENTED_EDGE('',*,*,#4190,.F.);
#4840 = ORIENTED_EDGE('',*,*,#1638,.F.);
#4841 = ORIENTED_EDGE('',*,*,#2442,.T.);
#4842 = ORIENTED_EDGE('',*,*,#4843,.T.);
#4843 = EDGE_CURVE('',#2443,#4267,#4844,.T.);
#4844 = SURFACE_CURVE('',#4845,(#4850,#4857),.PCURVE_S1.);
#4845 = CIRCLE('',#4846,2.);
#4846 = AXIS2_PLACEMENT_3D('',#4847,#4848,#4849);
#4847 = CARTESIAN_POINT('',(88.,92.,157.5));
#4848 = DIRECTION('',(0.,-0.,-1.));
#4849 = DIRECTION('',(0.,1.,-0.));
#4850 = PCURVE('',#1655,#4851);
#4851 = DEFINITIONAL_REPRESENTATION('',(#4852),#4856);
#4852 = LINE('',#4853,#4854);
#4853 = CARTESIAN_POINT('',(1.570796326795,151.5));
#4854 = VECTOR('',#4855,1.);
#4855 = DIRECTION('',(-1.,-0.));
#4856 = ( GEOMETRIC_REPRESENTATION_CONTEXT(2)
PARAMETRIC_REPRESENTATION_CONTEXT() REPRESENTATION_CONTEXT('2D SPACE',''
  ) );
#4857 = PCURVE('',#4858,#4863);
#4858 = TOROIDAL_SURFACE('',#4859,2.5,0.5);
#4859 = AXIS2_PLACEMENT_3D('',#4860,#4861,#4862);
#4860 = CARTESIAN_POINT('',(88.,92.,157.5));
#4861 = DIRECTION('',(0.,0.,1.));
#4862 = DIRECTION('',(0.,1.,-0.));
#4863 = DEFINITIONAL_REPRESENTATION('',(#4864),#4868);
#4864 = LINE('',#4865,#4866);
#4865 = CARTESIAN_POINT('',(-0.,3.14159265359));
#4866 = VECTOR('',#4867,1.);
#4867 = DIRECTION('',(-1.,0.));
#4868 = ( GEOMETRIC_REPRESENTATION_CONTEXT(2)
PARAMETRIC_REPRESENTATION_CONTEXT() REPRESENTATION_CONTEXT('2D SPACE',''
  ) );
#4869 = ORIENTED_EDGE('',*,*,#4266,.F.);
#4870 = ORIENTED_EDGE('',*,*,#4871,.F.);
#4871 = EDGE_CURVE('',#4872,#4243,#4874,.T.);
#4872 = VERTEX_POINT('',#4873);
#4873 = CARTESIAN_POINT('',(89.,93.732050807569,83.3566602592));
#4874 = SURFACE_CURVE('',#4875,(#4896,#4920),.PCURVE_S1.);
#4875 = B_SPLINE_CURVE_WITH_KNOTS('',7,(#4876,#4877,#4878,#4879,#4880,
    #4881,#4882,#4883,#4884,#4885,#4886,#4887,#4888,#4889,#4890,#4891,
    #4892,#4893,#4894,#4895),.UNSPECIFIED.,.F.,.F.,(8,6,6,8),(0.,
    0.211619186164,0.747391411049,1.),.UNSPECIFIED.);
#4876 = CARTESIAN_POINT('',(88.9999994,93.732051153979,83.356659784115)
  );
#4877 = CARTESIAN_POINT('',(89.049595835533,93.70341666148,
    83.395930681487));
#4878 = CARTESIAN_POINT('',(89.098024707702,93.673247349169,
    83.436137303195));
#4879 = CARTESIAN_POINT('',(89.145308288737,93.641563288831,
    83.47710765449));
#4880 = CARTESIAN_POINT('',(89.191464940591,93.60837315215,
    83.518699995212));
#4881 = CARTESIAN_POINT('',(89.23650966608,93.573671113383,
    83.560799992554));
#4882 = CARTESIAN_POINT('',(89.280454660018,93.537433752045,
    83.603317873829));
#4883 = CARTESIAN_POINT('',(89.431809597303,93.403873325047,
    83.754716976206));
#4884 = CARTESIAN_POINT('',(89.533177581131,93.298133247314,
    83.865345156668));
#4885 = CARTESIAN_POINT('',(89.627330302434,93.181954528452,
    83.976691458762));
#4886 = CARTESIAN_POINT('',(89.713603823263,93.054629793987,
    84.087711806325));
#4887 = CARTESIAN_POINT('',(89.790701272775,92.915365594458,
    84.197205122755));
#4888 = CARTESIAN_POINT('',(89.856574640599,92.763500509224,
    84.303634877378));
#4889 = CARTESIAN_POINT('',(89.9326287842,92.521124750832,
    84.453024345437));
#4890 = CARTESIAN_POINT('',(89.953877101311,92.440500589082,
    84.499865991754));
#4891 = CARTESIAN_POINT('',(89.97161134619,92.357086729078,
    84.545352456156));
#4892 = CARTESIAN_POINT('',(89.98545266036,92.271083894281,
    84.589178559074));
#4893 = CARTESIAN_POINT('',(89.995034455867,92.18272199513,
    84.631068024984));
#4894 = CARTESIAN_POINT('',(90.,92.092262365643,84.670777279012));
#4895 = CARTESIAN_POINT('',(90.,92.,84.708099243548));
#4896 = PCURVE('',#1655,#4897);
#4897 = DEFINITIONAL_REPRESENTATION('',(#4898),#4919);
#4898 = B_SPLINE_CURVE_WITH_KNOTS('',7,(#4899,#4900,#4901,#4902,#4903,
    #4904,#4905,#4906,#4907,#4908,#4909,#4910,#4911,#4912,#4913,#4914,
    #4915,#4916,#4917,#4918),.UNSPECIFIED.,.F.,.F.,(8,6,6,8),(0.,
    0.211619186164,0.747391411049,1.),.UNSPECIFIED.);
#4899 = CARTESIAN_POINT('',(1.047197897607,77.356659784115));
#4900 = CARTESIAN_POINT('',(1.018563387928,77.395930681487));
#4901 = CARTESIAN_POINT('',(0.990050772428,77.436137303195));
#4902 = CARTESIAN_POINT('',(0.961616973981,77.47710765449));
#4903 = CARTESIAN_POINT('',(0.933219421958,77.518699995212));
#4904 = CARTESIAN_POINT('',(0.904813501588,77.560799992554));
#4905 = CARTESIAN_POINT('',(0.876350003312,77.603317873829));
#4906 = CARTESIAN_POINT('',(0.775420938246,77.754716976206));
#4907 = CARTESIAN_POINT('',(0.702436001554,77.865345156668));
#4908 = CARTESIAN_POINT('',(0.628083683927,77.976691458762));
#4909 = CARTESIAN_POINT('',(0.551712962219,78.087711806325));
#4910 = CARTESIAN_POINT('',(0.472683571251,78.197205122755));
#4911 = CARTESIAN_POINT('',(0.390373008395,78.303634877378));
#4912 = CARTESIAN_POINT('',(0.263358992421,78.453024345437));
#4913 = CARTESIAN_POINT('',(0.221715327597,78.499865991754));
#4914 = CARTESIAN_POINT('',(0.17915646925,78.545352456156));
#4915 = CARTESIAN_POINT('',(0.135702191337,78.589178559074));
#4916 = CARTESIAN_POINT('',(9.136112387175E-02,78.631068024984));
#4917 = CARTESIAN_POINT('',(4.613118282133E-02,78.670777279012));
#4918 = CARTESIAN_POINT('',(0.,78.708099243548));
#4919 = ( GEOMETRIC_REPRESENTATION_CONTEXT(2)
PARAMETRIC_REPRESENTATION_CONTEXT() REPRESENTATION_CONTEXT('2D SPACE',''
  ) );
#4920 = PCURVE('',#4230,#4921);
#4921 = DEFINITIONAL_REPRESENTATION('',(#4922),#4943);
#4922 = B_SPLINE_CURVE_WITH_KNOTS('',7,(#4923,#4924,#4925,#4926,#4927,
    #4928,#4929,#4930,#4931,#4932,#4933,#4934,#4935,#4936,#4937,#4938,
    #4939,#4940,#4941,#4942),.UNSPECIFIED.,.F.,.F.,(8,6,6,8),(0.,
    0.211619186164,0.747391411049,1.),.UNSPECIFIED.);
#4923 = CARTESIAN_POINT('',(5.342413965017,-6.E-07));
#4924 = CARTESIAN_POINT('',(5.354564421647,4.959583553334E-02));
#4925 = CARTESIAN_POINT('',(5.36712995324,9.802470770239E-02));
#4926 = CARTESIAN_POINT('',(5.380075826298,0.145308288737));
#4927 = CARTESIAN_POINT('',(5.393375923325,0.191464940591));
#4928 = CARTESIAN_POINT('',(5.407012665218,0.23650966608));
#4929 = CARTESIAN_POINT('',(5.420976933658,0.280454660018));
#4930 = CARTESIAN_POINT('',(5.47144974556,0.431809597303));
#4931 = CARTESIAN_POINT('',(5.509677883009,0.533177581131));
#4932 = CARTESIAN_POINT('',(5.549844362427,0.627330302434));
#4933 = CARTESIAN_POINT('',(5.591987449817,0.713603823263));
#4934 = CARTESIAN_POINT('',(5.636173582635,0.790701272775));
#4935 = CARTESIAN_POINT('',(5.682454687882,0.856574640599));
#4936 = CARTESIAN_POINT('',(5.753633696999,0.9326287842));
#4937 = CARTESIAN_POINT('',(5.776936761846,0.953877101311));
#4938 = CARTESIAN_POINT('',(5.800675059936,0.97161134619));
#4939 = CARTESIAN_POINT('',(5.824789160968,0.98545266036));
#4940 = CARTESIAN_POINT('',(5.849219933312,0.995034455867));
#4941 = CARTESIAN_POINT('',(5.873907222993,1.));
#4942 = CARTESIAN_POINT('',(5.898788532684,1.));
#4943 = ( GEOMETRIC_REPRESENTATION_CONTEXT(2)
PARAMETRIC_REPRESENTATION_CONTEXT() REPRESENTATION_CONTEXT('2D SPACE',''
  ) );
#4944 = ORIENTED_EDGE('',*,*,#4945,.F.);
#4945 = EDGE_CURVE('',#4946,#4872,#4948,.T.);
#4946 = VERTEX_POINT('',#4947);
#4947 = CARTESIAN_POINT('',(89.,93.732050807569,78.6433397408));
#4948 = SURFACE_CURVE('',#4949,(#4953,#4959),.PCURVE_S1.);
#4949 = LINE('',#4950,#4951);
#4950 = CARTESIAN_POINT('',(89.,93.732050807569,6.));
#4951 = VECTOR('',#4952,1.);
#4952 = DIRECTION('',(0.,0.,1.));
#4953 = PCURVE('',#1655,#4954);
#4954 = DEFINITIONAL_REPRESENTATION('',(#4955),#4958);
#4955 = B_SPLINE_CURVE_WITH_KNOTS('',1,(#4956,#4957),.UNSPECIFIED.,.F.,
  .F.,(2,2),(70.2,79.8),.PIECEWISE_BEZIER_KNOTS.);
#4956 = CARTESIAN_POINT('',(1.047197551197,70.2));
#4957 = CARTESIAN_POINT('',(1.047197551197,79.8));
#4958 = ( GEOMETRIC_REPRESENTATION_CONTEXT(2)
PARAMETRIC_REPRESENTATION_CONTEXT() REPRESENTATION_CONTEXT('2D SPACE',''
  ) );
#4959 = PCURVE('',#4960,#4965);
#4960 = PLANE('',#4961);
#4961 = AXIS2_PLACEMENT_3D('',#4962,#4963,#4964);
#4962 = CARTESIAN_POINT('',(89.,90.5,81.));
#4963 = DIRECTION('',(1.,0.,0.));
#4964 = DIRECTION('',(-0.,0.,1.));
#4965 = DEFINITIONAL_REPRESENTATION('',(#4966),#4969);
#4966 = B_SPLINE_CURVE_WITH_KNOTS('',1,(#4967,#4968),.UNSPECIFIED.,.F.,
  .F.,(2,2),(70.2,79.8),.PIECEWISE_BEZIER_KNOTS.);
#4967 = CARTESIAN_POINT('',(-4.8,-3.232050807569));
#4968 = CARTESIAN_POINT('',(4.8,-3.232050807569));
#4969 = ( GEOMETRIC_REPRESENTATION_CONTEXT(2)
PARAMETRIC_REPRESENTATION_CONTEXT() REPRESENTATION_CONTEXT('2D SPACE',''
  ) );
#4970 = ORIENTED_EDGE('',*,*,#4971,.F.);
#4971 = EDGE_CURVE('',#4191,#4946,#4972,.T.);
#4972 = SURFACE_CURVE('',#4973,(#4994,#5018),.PCURVE_S1.);
#4973 = B_SPLINE_CURVE_WITH_KNOTS('',7,(#4974,#4975,#4976,#4977,#4978,
    #4979,#4980,#4981,#4982,#4983,#4984,#4985,#4986,#4987,#4988,#4989,
    #4990,#4991,#4992,#4993),.UNSPECIFIED.,.F.,.F.,(8,6,6,8),(0.,
    0.258852995869,0.789680385139,1.),.UNSPECIFIED.);
#4974 = CARTESIAN_POINT('',(90.,92.,77.291900756452));
#4975 = CARTESIAN_POINT('',(90.,92.094566066198,77.330154613747));
#4976 = CARTESIAN_POINT('',(89.994783414738,92.187206223179,
    77.370903543243));
#4977 = CARTESIAN_POINT('',(89.984732620326,92.277616013304,
    77.413925808538));
#4978 = CARTESIAN_POINT('',(89.970233700057,92.36552868289,
    77.458962348865));
#4979 = CARTESIAN_POINT('',(89.951679252872,92.450712355755,
    77.505721142049));
#4980 = CARTESIAN_POINT('',(89.929471201831,92.532967206775,
    77.553881567474));
#4981 = CARTESIAN_POINT('',(89.851838451597,92.774445923985,
    77.704028018583));
#4982 = CARTESIAN_POINT('',(89.785893371876,92.9241610796,
    77.809666010438));
#4983 = CARTESIAN_POINT('',(89.709031225746,93.061533997218,
    77.91823470721));
#4984 = CARTESIAN_POINT('',(89.623216006009,93.187216216607,
    78.028253515323));
#4985 = CARTESIAN_POINT('',(89.529689273613,93.301979888697,
    78.138561062171));
#4986 = CARTESIAN_POINT('',(89.42908452635,93.406509178966,78.2481400196
    ));
#4987 = CARTESIAN_POINT('',(89.278846118866,93.538758821158,
    78.398237611436));
#4988 = CARTESIAN_POINT('',(89.235135649891,93.574728772221,
    78.440483630886));
#4989 = CARTESIAN_POINT('',(89.190338737435,93.609182456156,
    78.482314472961));
#4990 = CARTESIAN_POINT('',(89.144443206894,93.642142699083,
    78.523641716983));
#4991 = CARTESIAN_POINT('',(89.097434179946,93.673615129776,
    78.564352884944));
#4992 = CARTESIAN_POINT('',(89.04929354039,93.703591191523,
    78.604308678488));
#4993 = CARTESIAN_POINT('',(88.9999994,93.732051153979,78.643340215885)
  );
#4994 = PCURVE('',#1655,#4995);
#4995 = DEFINITIONAL_REPRESENTATION('',(#4996),#5017);
#4996 = B_SPLINE_CURVE_WITH_KNOTS('',7,(#4997,#4998,#4999,#5000,#5001,
    #5002,#5003,#5004,#5005,#5006,#5007,#5008,#5009,#5010,#5011,#5012,
    #5013,#5014,#5015,#5016),.UNSPECIFIED.,.F.,.F.,(8,6,6,8),(0.,
    0.258852995869,0.789680385139,1.),.UNSPECIFIED.);
#4997 = CARTESIAN_POINT('',(0.,71.291900756452));
#4998 = CARTESIAN_POINT('',(4.728303309908E-02,71.330154613747));
#4999 = CARTESIAN_POINT('',(9.360327788365E-02,71.370903543243));
#5000 = CARTESIAN_POINT('',(0.138980549978,71.413925808538));
#5001 = CARTESIAN_POINT('',(0.183423232807,71.458962348865));
#5002 = CARTESIAN_POINT('',(0.226928132289,71.505721142049));
#5003 = CARTESIAN_POINT('',(0.269480331531,71.553881567474));
#5004 = CARTESIAN_POINT('',(0.396305816721,71.704028018583));
#5005 = CARTESIAN_POINT('',(0.47766277392,71.809666010438));
#5006 = CARTESIAN_POINT('',(0.555827124713,71.91823470721));
#5007 = CARTESIAN_POINT('',(0.631406009095,72.028253515323));
#5008 = CARTESIAN_POINT('',(0.705023553778,72.138561062171));
#5009 = CARTESIAN_POINT('',(0.777314538774,72.2481400196));
#5010 = CARTESIAN_POINT('',(0.877391442882,72.398237611436));
#5011 = CARTESIAN_POINT('',(0.905679717827,72.440483630886));
#5012 = CARTESIAN_POINT('',(0.933912162941,72.482314472961));
#5013 = CARTESIAN_POINT('',(0.962137115395,72.523641716983));
#5014 = CARTESIAN_POINT('',(0.99039842258,72.564352884944));
#5015 = CARTESIAN_POINT('',(1.018737918075,72.604308678488));
#5016 = CARTESIAN_POINT('',(1.047197897607,72.643340215885));
#5017 = ( GEOMETRIC_REPRESENTATION_CONTEXT(2)
PARAMETRIC_REPRESENTATION_CONTEXT() REPRESENTATION_CONTEXT('2D SPACE',''
  ) );
#5018 = PCURVE('',#4230,#5019);
#5019 = DEFINITIONAL_REPRESENTATION('',(#5020),#5041);
#5020 = B_SPLINE_CURVE_WITH_KNOTS('',7,(#5021,#5022,#5023,#5024,#5025,
    #5026,#5027,#5028,#5029,#5030,#5031,#5032,#5033,#5034,#5035,#5036,
    #5037,#5038,#5039,#5040),.UNSPECIFIED.,.F.,.F.,(8,6,6,8),(0.,
    0.258852995869,0.789680385139,1.),.UNSPECIFIED.);
#5021 = CARTESIAN_POINT('',(3.525989428085,1.));
#5022 = CARTESIAN_POINT('',(3.551491999615,1.));
#5023 = CARTESIAN_POINT('',(3.576782101131,0.994783414738));
#5024 = CARTESIAN_POINT('',(3.601795627363,0.984732620326));
#5025 = CARTESIAN_POINT('',(3.626471355867,0.970233700057));
#5026 = CARTESIAN_POINT('',(3.650749508176,0.951679252872));
#5027 = CARTESIAN_POINT('',(3.674570310944,0.929471201831));
#5028 = CARTESIAN_POINT('',(3.745658252804,0.851838451597));
#5029 = CARTESIAN_POINT('',(3.791388745638,0.785893371876));
#5030 = CARTESIAN_POINT('',(3.835064048315,0.709031225746));
#5031 = CARTESIAN_POINT('',(3.876736070443,0.623216006009));
#5032 = CARTESIAN_POINT('',(3.916469483145,0.529689273613));
#5033 = CARTESIAN_POINT('',(3.954299761822,0.42908452635));
#5034 = CARTESIAN_POINT('',(4.004311794709,0.278846118866));
#5035 = CARTESIAN_POINT('',(4.018181014963,0.235135649891));
#5036 = CARTESIAN_POINT('',(4.031726401878,0.190338737435));
#5037 = CARTESIAN_POINT('',(4.044938905448,0.144443206894));
#5038 = CARTESIAN_POINT('',(4.057801197612,9.743417994557E-02));
#5039 = CARTESIAN_POINT('',(4.070287597348,4.929354039002E-02));
#5040 = CARTESIAN_POINT('',(4.082363995752,-6.E-07));
#5041 = ( GEOMETRIC_REPRESENTATION_CONTEXT(2)
PARAMETRIC_REPRESENTATION_CONTEXT() REPRESENTATION_CONTEXT('2D SPACE',''
  ) );
#5042 = ADVANCED_FACE('',(#5043),#1961,.T.);
#5043 = FACE_BOUND('',#5044,.T.);
#5044 = EDGE_LOOP('',(#5045,#5068,#5069,#5070));
#5045 = ORIENTED_EDGE('',*,*,#5046,.F.);
#5046 = EDGE_CURVE('',#1923,#5047,#5049,.T.);
#5047 = VERTEX_POINT('',#5048);
#5048 = CARTESIAN_POINT('',(22.,45.,8.7));
#5049 = SEAM_CURVE('',#5050,(#5054,#5061),.PCURVE_S1.);
#5050 = LINE('',#5051,#5052);
#5051 = CARTESIAN_POINT('',(22.,45.,5.));
#5052 = VECTOR('',#5053,1.);
#5053 = DIRECTION('',(0.,0.,1.));
#5054 = PCURVE('',#1961,#5055);
#5055 = DEFINITIONAL_REPRESENTATION('',(#5056),#5060);
#5056 = LINE('',#5057,#5058);
#5057 = CARTESIAN_POINT('',(0.,-0.));
#5058 = VECTOR('',#5059,1.);
#5059 = DIRECTION('',(0.,1.));
#5060 = ( GEOMETRIC_REPRESENTATION_CONTEXT(2)
PARAMETRIC_REPRESENTATION_CONTEXT() REPRESENTATION_CONTEXT('2D SPACE',''
  ) );
#5061 = PCURVE('',#1961,#5062);
#5062 = DEFINITIONAL_REPRESENTATION('',(#5063),#5067);
#5063 = LINE('',#5064,#5065);
#5064 = CARTESIAN_POINT('',(6.28318530718,-0.));
#5065 = VECTOR('',#5066,1.);
#5066 = DIRECTION('',(0.,1.));
#5067 = ( GEOMETRIC_REPRESENTATION_CONTEXT(2)
PARAMETRIC_REPRESENTATION_CONTEXT() REPRESENTATION_CONTEXT('2D SPACE',''
  ) );
#5068 = ORIENTED_EDGE('',*,*,#1946,.T.);
#5069 = ORIENTED_EDGE('',*,*,#5046,.T.);
#5070 = ORIENTED_EDGE('',*,*,#5071,.F.);
#5071 = EDGE_CURVE('',#5047,#5047,#5072,.T.);
#5072 = SURFACE_CURVE('',#5073,(#5078,#5085),.PCURVE_S1.);
#5073 = CIRCLE('',#5074,4.);
#5074 = AXIS2_PLACEMENT_3D('',#5075,#5076,#5077);
#5075 = CARTESIAN_POINT('',(18.,45.,8.7));
#5076 = DIRECTION('',(0.,0.,1.));
#5077 = DIRECTION('',(1.,0.,-0.));
#5078 = PCURVE('',#1961,#5079);
#5079 = DEFINITIONAL_REPRESENTATION('',(#5080),#5084);
#5080 = LINE('',#5081,#5082);
#5081 = CARTESIAN_POINT('',(0.,3.7));
#5082 = VECTOR('',#5083,1.);
#5083 = DIRECTION('',(1.,0.));
#5084 = ( GEOMETRIC_REPRESENTATION_CONTEXT(2)
PARAMETRIC_REPRESENTATION_CONTEXT() REPRESENTATION_CONTEXT('2D SPACE',''
  ) );
#5085 = PCURVE('',#5086,#5091);
#5086 = CONICAL_SURFACE('',#5087,4.,0.785398163397);
#5087 = AXIS2_PLACEMENT_3D('',#5088,#5089,#5090);
#5088 = CARTESIAN_POINT('',(18.,45.,8.7));
#5089 = DIRECTION('',(-0.,-0.,-1.));
#5090 = DIRECTION('',(1.,0.,0.));
#5091 = DEFINITIONAL_REPRESENTATION('',(#5092),#5096);
#5092 = LINE('',#5093,#5094);
#5093 = CARTESIAN_POINT('',(-0.,-0.));
#5094 = VECTOR('',#5095,1.);
#5095 = DIRECTION('',(-1.,-0.));
#5096 = ( GEOMETRIC_REPRESENTATION_CONTEXT(2)
PARAMETRIC_REPRESENTATION_CONTEXT() REPRESENTATION_CONTEXT('2D SPACE',''
  ) );
#5097 = ADVANCED_FACE('',(#5098),#2016,.T.);
#5098 = FACE_BOUND('',#5099,.T.);
#5099 = EDGE_LOOP('',(#5100,#5121,#5122,#5123));
#5100 = ORIENTED_EDGE('',*,*,#5101,.F.);
#5101 = EDGE_CURVE('',#1977,#5102,#5104,.T.);
#5102 = VERTEX_POINT('',#5103);
#5103 = CARTESIAN_POINT('',(81.7,45.,9.));
#5104 = SEAM_CURVE('',#5105,(#5109,#5115),.PCURVE_S1.);
#5105 = LINE('',#5106,#5107);
#5106 = CARTESIAN_POINT('',(82.,45.,8.7));
#5107 = VECTOR('',#5108,1.);
#5108 = DIRECTION('',(-0.707106781187,0.,0.707106781187));
#5109 = PCURVE('',#2016,#5110);
#5110 = DEFINITIONAL_REPRESENTATION('',(#5111),#5114);
#5111 = B_SPLINE_CURVE_WITH_KNOTS('',1,(#5112,#5113),.UNSPECIFIED.,.F.,
  .F.,(2,2),(0.,0.424264068712),.PIECEWISE_BEZIER_KNOTS.);
#5112 = CARTESIAN_POINT('',(0.,0.));
#5113 = CARTESIAN_POINT('',(0.,-0.3));
#5114 = ( GEOMETRIC_REPRESENTATION_CONTEXT(2)
PARAMETRIC_REPRESENTATION_CONTEXT() REPRESENTATION_CONTEXT('2D SPACE',''
  ) );
#5115 = PCURVE('',#2016,#5116);
#5116 = DEFINITIONAL_REPRESENTATION('',(#5117),#5120);
#5117 = B_SPLINE_CURVE_WITH_KNOTS('',1,(#5118,#5119),.UNSPECIFIED.,.F.,
  .F.,(2,2),(0.,0.424264068712),.PIECEWISE_BEZIER_KNOTS.);
#5118 = CARTESIAN_POINT('',(-6.28318530718,0.));
#5119 = CARTESIAN_POINT('',(-6.28318530718,-0.3));
#5120 = ( GEOMETRIC_REPRESENTATION_CONTEXT(2)
PARAMETRIC_REPRESENTATION_CONTEXT() REPRESENTATION_CONTEXT('2D SPACE',''
  ) );
#5121 = ORIENTED_EDGE('',*,*,#2001,.T.);
#5122 = ORIENTED_EDGE('',*,*,#5101,.T.);
#5123 = ORIENTED_EDGE('',*,*,#5124,.F.);
#5124 = EDGE_CURVE('',#5102,#5102,#5125,.T.);
#5125 = SURFACE_CURVE('',#5126,(#5131,#5138),.PCURVE_S1.);
#5126 = CIRCLE('',#5127,3.7);
#5127 = AXIS2_PLACEMENT_3D('',#5128,#5129,#5130);
#5128 = CARTESIAN_POINT('',(78.,45.,9.));
#5129 = DIRECTION('',(0.,0.,1.));
#5130 = DIRECTION('',(1.,0.,-0.));
#5131 = PCURVE('',#2016,#5132);
#5132 = DEFINITIONAL_REPRESENTATION('',(#5133),#5137);
#5133 = LINE('',#5134,#5135);
#5134 = CARTESIAN_POINT('',(-0.,-0.3));
#5135 = VECTOR('',#5136,1.);
#5136 = DIRECTION('',(-1.,-0.));
#5137 = ( GEOMETRIC_REPRESENTATION_CONTEXT(2)
PARAMETRIC_REPRESENTATION_CONTEXT() REPRESENTATION_CONTEXT('2D SPACE',''
  ) );
#5138 = PCURVE('',#5139,#5144);
#5139 = PLANE('',#5140);
#5140 = AXIS2_PLACEMENT_3D('',#5141,#5142,#5143);
#5141 = CARTESIAN_POINT('',(78.,45.,9.));
#5142 = DIRECTION('',(0.,0.,1.));
#5143 = DIRECTION('',(1.,0.,-0.));
#5144 = DEFINITIONAL_REPRESENTATION('',(#5145),#5149);
#5145 = CIRCLE('',#5146,3.7);
#5146 = AXIS2_PLACEMENT_2D('',#5147,#5148);
#5147 = CARTESIAN_POINT('',(0.,0.));
#5148 = DIRECTION('',(1.,0.));
#5149 = ( GEOMETRIC_REPRESENTATION_CONTEXT(2)
PARAMETRIC_REPRESENTATION_CONTEXT() REPRESENTATION_CONTEXT('2D SPACE',''
  ) );
#5150 = ADVANCED_FACE('',(#5151),#2049,.T.);
#5151 = FACE_BOUND('',#5152,.F.);
#5152 = EDGE_LOOP('',(#5153,#5176,#5177,#5200));
#5153 = ORIENTED_EDGE('',*,*,#5154,.F.);
#5154 = EDGE_CURVE('',#2032,#5155,#5157,.T.);
#5155 = VERTEX_POINT('',#5156);
#5156 = CARTESIAN_POINT('',(5.7,77.,98.5));
#5157 = SURFACE_CURVE('',#5158,(#5162,#5169),.PCURVE_S1.);
#5158 = LINE('',#5159,#5160);
#5159 = CARTESIAN_POINT('',(5.8,77.1,98.4));
#5160 = VECTOR('',#5161,1.);
#5161 = DIRECTION('',(-0.57735026919,-0.57735026919,0.57735026919));
#5162 = PCURVE('',#2049,#5163);
#5163 = DEFINITIONAL_REPRESENTATION('',(#5164),#5168);
#5164 = LINE('',#5165,#5166);
#5165 = CARTESIAN_POINT('',(0.1,7.071067811866E-02));
#5166 = VECTOR('',#5167,1.);
#5167 = DIRECTION('',(-0.57735026919,0.816496580928));
#5168 = ( GEOMETRIC_REPRESENTATION_CONTEXT(2)
PARAMETRIC_REPRESENTATION_CONTEXT() REPRESENTATION_CONTEXT('2D SPACE',''
  ) );
#5169 = PCURVE('',#2131,#5170);
#5170 = DEFINITIONAL_REPRESENTATION('',(#5171),#5175);
#5171 = LINE('',#5172,#5173);
#5172 = CARTESIAN_POINT('',(9.999999999999E-02,7.071067811865E-02));
#5173 = VECTOR('',#5174,1.);
#5174 = DIRECTION('',(-0.57735026919,0.816496580928));
#5175 = ( GEOMETRIC_REPRESENTATION_CONTEXT(2)
PARAMETRIC_REPRESENTATION_CONTEXT() REPRESENTATION_CONTEXT('2D SPACE',''
  ) );
#5176 = ORIENTED_EDGE('',*,*,#2031,.T.);
#5177 = ORIENTED_EDGE('',*,*,#5178,.T.);
#5178 = EDGE_CURVE('',#2034,#5179,#5181,.T.);
#5179 = VERTEX_POINT('',#5180);
#5180 = CARTESIAN_POINT('',(5.7,49.,98.5));
#5181 = SURFACE_CURVE('',#5182,(#5186,#5193),.PCURVE_S1.);
#5182 = LINE('',#5183,#5184);
#5183 = CARTESIAN_POINT('',(1.133333333333,53.566666666667,
    103.06666666666));
#5184 = VECTOR('',#5185,1.);
#5185 = DIRECTION('',(-0.57735026919,0.57735026919,0.57735026919));
#5186 = PCURVE('',#2049,#5187);
#5187 = DEFINITIONAL_REPRESENTATION('',(#5188),#5192);
#5188 = LINE('',#5189,#5190);
#5189 = CARTESIAN_POINT('',(-23.43333333333,6.670373969193));
#5190 = VECTOR('',#5191,1.);
#5191 = DIRECTION('',(0.57735026919,0.816496580928));
#5192 = ( GEOMETRIC_REPRESENTATION_CONTEXT(2)
PARAMETRIC_REPRESENTATION_CONTEXT() REPRESENTATION_CONTEXT('2D SPACE',''
  ) );
#5193 = PCURVE('',#2077,#5194);
#5194 = DEFINITIONAL_REPRESENTATION('',(#5195),#5199);
#5195 = LINE('',#5196,#5197);
#5196 = CARTESIAN_POINT('',(-4.566666666667,6.670373969193));
#5197 = VECTOR('',#5198,1.);
#5198 = DIRECTION('',(-0.57735026919,0.816496580928));
#5199 = ( GEOMETRIC_REPRESENTATION_CONTEXT(2)
PARAMETRIC_REPRESENTATION_CONTEXT() REPRESENTATION_CONTEXT('2D SPACE',''
  ) );
#5200 = ORIENTED_EDGE('',*,*,#5201,.F.);
#5201 = EDGE_CURVE('',#5155,#5179,#5202,.T.);
#5202 = SURFACE_CURVE('',#5203,(#5207,#5214),.PCURVE_S1.);
#5203 = LINE('',#5204,#5205);
#5204 = CARTESIAN_POINT('',(5.7,77.,98.5));
#5205 = VECTOR('',#5206,1.);
#5206 = DIRECTION('',(0.,-1.,0.));
#5207 = PCURVE('',#2049,#5208);
#5208 = DEFINITIONAL_REPRESENTATION('',(#5209),#5213);
#5209 = LINE('',#5210,#5211);
#5210 = CARTESIAN_POINT('',(-0.,0.212132034356));
#5211 = VECTOR('',#5212,1.);
#5212 = DIRECTION('',(-1.,0.));
#5213 = ( GEOMETRIC_REPRESENTATION_CONTEXT(2)
PARAMETRIC_REPRESENTATION_CONTEXT() REPRESENTATION_CONTEXT('2D SPACE',''
  ) );
#5214 = PCURVE('',#5215,#5220);
#5215 = PLANE('',#5216);
#5216 = AXIS2_PLACEMENT_3D('',#5217,#5218,#5219);
#5217 = CARTESIAN_POINT('',(-1.,49.,98.5));
#5218 = DIRECTION('',(0.,0.,1.));
#5219 = DIRECTION('',(1.,0.,-0.));
#5220 = DEFINITIONAL_REPRESENTATION('',(#5221),#5225);
#5221 = LINE('',#5222,#5223);
#5222 = CARTESIAN_POINT('',(6.7,28.));
#5223 = VECTOR('',#5224,1.);
#5224 = DIRECTION('',(0.,-1.));
#5225 = ( GEOMETRIC_REPRESENTATION_CONTEXT(2)
PARAMETRIC_REPRESENTATION_CONTEXT() REPRESENTATION_CONTEXT('2D SPACE',''
  ) );
#5226 = ADVANCED_FACE('',(#5227),#2131,.F.);
#5227 = FACE_BOUND('',#5228,.T.);
#5228 = EDGE_LOOP('',(#5229,#5230,#5231,#5254));
#5229 = ORIENTED_EDGE('',*,*,#5154,.F.);
#5230 = ORIENTED_EDGE('',*,*,#2117,.T.);
#5231 = ORIENTED_EDGE('',*,*,#5232,.T.);
#5232 = EDGE_CURVE('',#2090,#5233,#5235,.T.);
#5233 = VERTEX_POINT('',#5234);
#5234 = CARTESIAN_POINT('',(5.7,77.,118.5));
#5235 = SURFACE_CURVE('',#5236,(#5240,#5247),.PCURVE_S1.);
#5236 = LINE('',#5237,#5238);
#5237 = CARTESIAN_POINT('',(2.466666666667,73.766666666667,
    115.26666666666));
#5238 = VECTOR('',#5239,1.);
#5239 = DIRECTION('',(-0.57735026919,-0.57735026919,-0.57735026919));
#5240 = PCURVE('',#2131,#5241);
#5241 = DEFINITIONAL_REPRESENTATION('',(#5242),#5246);
#5242 = LINE('',#5243,#5244);
#5243 = CARTESIAN_POINT('',(-16.76666666666,4.784755886029));
#5244 = VECTOR('',#5245,1.);
#5245 = DIRECTION('',(0.57735026919,0.816496580928));
#5246 = ( GEOMETRIC_REPRESENTATION_CONTEXT(2)
PARAMETRIC_REPRESENTATION_CONTEXT() REPRESENTATION_CONTEXT('2D SPACE',''
  ) );
#5247 = PCURVE('',#2105,#5248);
#5248 = DEFINITIONAL_REPRESENTATION('',(#5249),#5253);
#5249 = LINE('',#5250,#5251);
#5250 = CARTESIAN_POINT('',(-3.233333333333,4.784755886029));
#5251 = VECTOR('',#5252,1.);
#5252 = DIRECTION('',(-0.57735026919,0.816496580928));
#5253 = ( GEOMETRIC_REPRESENTATION_CONTEXT(2)
PARAMETRIC_REPRESENTATION_CONTEXT() REPRESENTATION_CONTEXT('2D SPACE',''
  ) );
#5254 = ORIENTED_EDGE('',*,*,#5255,.F.);
#5255 = EDGE_CURVE('',#5155,#5233,#5256,.T.);
#5256 = SURFACE_CURVE('',#5257,(#5261,#5268),.PCURVE_S1.);
#5257 = LINE('',#5258,#5259);
#5258 = CARTESIAN_POINT('',(5.7,77.,98.5));
#5259 = VECTOR('',#5260,1.);
#5260 = DIRECTION('',(0.,0.,1.));
#5261 = PCURVE('',#2131,#5262);
#5262 = DEFINITIONAL_REPRESENTATION('',(#5263),#5267);
#5263 = LINE('',#5264,#5265);
#5264 = CARTESIAN_POINT('',(-0.,0.212132034356));
#5265 = VECTOR('',#5266,1.);
#5266 = DIRECTION('',(-1.,0.));
#5267 = ( GEOMETRIC_REPRESENTATION_CONTEXT(2)
PARAMETRIC_REPRESENTATION_CONTEXT() REPRESENTATION_CONTEXT('2D SPACE',''
  ) );
#5268 = PCURVE('',#5269,#5274);
#5269 = PLANE('',#5270);
#5270 = AXIS2_PLACEMENT_3D('',#5271,#5272,#5273);
#5271 = CARTESIAN_POINT('',(-1.,77.,98.5));
#5272 = DIRECTION('',(-0.,1.,0.));
#5273 = DIRECTION('',(0.,0.,1.));
#5274 = DEFINITIONAL_REPRESENTATION('',(#5275),#5279);
#5275 = LINE('',#5276,#5277);
#5276 = CARTESIAN_POINT('',(0.,6.7));
#5277 = VECTOR('',#5278,1.);
#5278 = DIRECTION('',(1.,0.));
#5279 = ( GEOMETRIC_REPRESENTATION_CONTEXT(2)
PARAMETRIC_REPRESENTATION_CONTEXT() REPRESENTATION_CONTEXT('2D SPACE',''
  ) );
#5280 = ADVANCED_FACE('',(#5281),#2077,.T.);
#5281 = FACE_BOUND('',#5282,.F.);
#5282 = EDGE_LOOP('',(#5283,#5284,#5285,#5308));
#5283 = ORIENTED_EDGE('',*,*,#5178,.F.);
#5284 = ORIENTED_EDGE('',*,*,#2061,.T.);
#5285 = ORIENTED_EDGE('',*,*,#5286,.T.);
#5286 = EDGE_CURVE('',#2062,#5287,#5289,.T.);
#5287 = VERTEX_POINT('',#5288);
#5288 = CARTESIAN_POINT('',(5.7,49.,118.5));
#5289 = SURFACE_CURVE('',#5290,(#5294,#5301),.PCURVE_S1.);
#5290 = LINE('',#5291,#5292);
#5291 = CARTESIAN_POINT('',(-2.2,56.9,110.6));
#5292 = VECTOR('',#5293,1.);
#5293 = DIRECTION('',(-0.57735026919,0.57735026919,-0.57735026919));
#5294 = PCURVE('',#2077,#5295);
#5295 = DEFINITIONAL_REPRESENTATION('',(#5296),#5300);
#5296 = LINE('',#5297,#5298);
#5297 = CARTESIAN_POINT('',(-12.1,11.384419177103));
#5298 = VECTOR('',#5299,1.);
#5299 = DIRECTION('',(0.57735026919,0.816496580928));
#5300 = ( GEOMETRIC_REPRESENTATION_CONTEXT(2)
PARAMETRIC_REPRESENTATION_CONTEXT() REPRESENTATION_CONTEXT('2D SPACE',''
  ) );
#5301 = PCURVE('',#2105,#5302);
#5302 = DEFINITIONAL_REPRESENTATION('',(#5303),#5307);
#5303 = LINE('',#5304,#5305);
#5304 = CARTESIAN_POINT('',(-20.1,11.384419177103));
#5305 = VECTOR('',#5306,1.);
#5306 = DIRECTION('',(0.57735026919,0.816496580928));
#5307 = ( GEOMETRIC_REPRESENTATION_CONTEXT(2)
PARAMETRIC_REPRESENTATION_CONTEXT() REPRESENTATION_CONTEXT('2D SPACE',''
  ) );
#5308 = ORIENTED_EDGE('',*,*,#5309,.F.);
#5309 = EDGE_CURVE('',#5179,#5287,#5310,.T.);
#5310 = SURFACE_CURVE('',#5311,(#5315,#5322),.PCURVE_S1.);
#5311 = LINE('',#5312,#5313);
#5312 = CARTESIAN_POINT('',(5.7,49.,98.5));
#5313 = VECTOR('',#5314,1.);
#5314 = DIRECTION('',(0.,0.,1.));
#5315 = PCURVE('',#2077,#5316);
#5316 = DEFINITIONAL_REPRESENTATION('',(#5317),#5321);
#5317 = LINE('',#5318,#5319);
#5318 = CARTESIAN_POINT('',(-0.,0.212132034356));
#5319 = VECTOR('',#5320,1.);
#5320 = DIRECTION('',(-1.,0.));
#5321 = ( GEOMETRIC_REPRESENTATION_CONTEXT(2)
PARAMETRIC_REPRESENTATION_CONTEXT() REPRESENTATION_CONTEXT('2D SPACE',''
  ) );
#5322 = PCURVE('',#5323,#5328);
#5323 = PLANE('',#5324);
#5324 = AXIS2_PLACEMENT_3D('',#5325,#5326,#5327);
#5325 = CARTESIAN_POINT('',(-1.,49.,98.5));
#5326 = DIRECTION('',(-0.,1.,0.));
#5327 = DIRECTION('',(0.,0.,1.));
#5328 = DEFINITIONAL_REPRESENTATION('',(#5329),#5333);
#5329 = LINE('',#5330,#5331);
#5330 = CARTESIAN_POINT('',(0.,6.7));
#5331 = VECTOR('',#5332,1.);
#5332 = DIRECTION('',(1.,0.));
#5333 = ( GEOMETRIC_REPRESENTATION_CONTEXT(2)
PARAMETRIC_REPRESENTATION_CONTEXT() REPRESENTATION_CONTEXT('2D SPACE',''
  ) );
#5334 = ADVANCED_FACE('',(#5335),#2105,.F.);
#5335 = FACE_BOUND('',#5336,.T.);
#5336 = EDGE_LOOP('',(#5337,#5338,#5339,#5340));
#5337 = ORIENTED_EDGE('',*,*,#5232,.F.);
#5338 = ORIENTED_EDGE('',*,*,#2089,.T.);
#5339 = ORIENTED_EDGE('',*,*,#5286,.T.);
#5340 = ORIENTED_EDGE('',*,*,#5341,.F.);
#5341 = EDGE_CURVE('',#5233,#5287,#5342,.T.);
#5342 = SURFACE_CURVE('',#5343,(#5347,#5354),.PCURVE_S1.);
#5343 = LINE('',#5344,#5345);
#5344 = CARTESIAN_POINT('',(5.7,77.,118.5));
#5345 = VECTOR('',#5346,1.);
#5346 = DIRECTION('',(0.,-1.,0.));
#5347 = PCURVE('',#2105,#5348);
#5348 = DEFINITIONAL_REPRESENTATION('',(#5349),#5353);
#5349 = LINE('',#5350,#5351);
#5350 = CARTESIAN_POINT('',(-0.,0.212132034356));
#5351 = VECTOR('',#5352,1.);
#5352 = DIRECTION('',(-1.,0.));
#5353 = ( GEOMETRIC_REPRESENTATION_CONTEXT(2)
PARAMETRIC_REPRESENTATION_CONTEXT() REPRESENTATION_CONTEXT('2D SPACE',''
  ) );
#5354 = PCURVE('',#5355,#5360);
#5355 = PLANE('',#5356);
#5356 = AXIS2_PLACEMENT_3D('',#5357,#5358,#5359);
#5357 = CARTESIAN_POINT('',(-1.,49.,118.5));
#5358 = DIRECTION('',(0.,0.,1.));
#5359 = DIRECTION('',(1.,0.,-0.));
#5360 = DEFINITIONAL_REPRESENTATION('',(#5361),#5365);
#5361 = LINE('',#5362,#5363);
#5362 = CARTESIAN_POINT('',(6.7,28.));
#5363 = VECTOR('',#5364,1.);
#5364 = DIRECTION('',(0.,-1.));
#5365 = ( GEOMETRIC_REPRESENTATION_CONTEXT(2)
PARAMETRIC_REPRESENTATION_CONTEXT() REPRESENTATION_CONTEXT('2D SPACE',''
  ) );
#5366 = ADVANCED_FACE('',(#5367),#2163,.T.);
#5367 = FACE_BOUND('',#5368,.T.);
#5368 = EDGE_LOOP('',(#5369,#5399,#5425,#5426));
#5369 = ORIENTED_EDGE('',*,*,#5370,.F.);
#5370 = EDGE_CURVE('',#5371,#5373,#5375,.T.);
#5371 = VERTEX_POINT('',#5372);
#5372 = CARTESIAN_POINT('',(5.5,13.,158.));
#5373 = VERTEX_POINT('',#5374);
#5374 = CARTESIAN_POINT('',(5.5,92.,158.));
#5375 = SURFACE_CURVE('',#5376,(#5380,#5387),.PCURVE_S1.);
#5376 = LINE('',#5377,#5378);
#5377 = CARTESIAN_POINT('',(5.5,10.,158.));
#5378 = VECTOR('',#5379,1.);
#5379 = DIRECTION('',(-0.,1.,0.));
#5380 = PCURVE('',#2163,#5381);
#5381 = DEFINITIONAL_REPRESENTATION('',(#5382),#5386);
#5382 = LINE('',#5383,#5384);
#5383 = CARTESIAN_POINT('',(0.,0.));
#5384 = VECTOR('',#5385,1.);
#5385 = DIRECTION('',(0.,1.));
#5386 = ( GEOMETRIC_REPRESENTATION_CONTEXT(2)
PARAMETRIC_REPRESENTATION_CONTEXT() REPRESENTATION_CONTEXT('2D SPACE',''
  ) );
#5387 = PCURVE('',#5388,#5393);
#5388 = PLANE('',#5389);
#5389 = AXIS2_PLACEMENT_3D('',#5390,#5391,#5392);
#5390 = CARTESIAN_POINT('',(0.,0.,158.));
#5391 = DIRECTION('',(0.,0.,1.));
#5392 = DIRECTION('',(1.,0.,-0.));
#5393 = DEFINITIONAL_REPRESENTATION('',(#5394),#5398);
#5394 = LINE('',#5395,#5396);
#5395 = CARTESIAN_POINT('',(5.5,10.));
#5396 = VECTOR('',#5397,1.);
#5397 = DIRECTION('',(0.,1.));
#5398 = ( GEOMETRIC_REPRESENTATION_CONTEXT(2)
PARAMETRIC_REPRESENTATION_CONTEXT() REPRESENTATION_CONTEXT('2D SPACE',''
  ) );
#5399 = ORIENTED_EDGE('',*,*,#5400,.T.);
#5400 = EDGE_CURVE('',#5371,#2146,#5401,.T.);
#5401 = SURFACE_CURVE('',#5402,(#5407,#5414),.PCURVE_S1.);
#5402 = CIRCLE('',#5403,0.5);
#5403 = AXIS2_PLACEMENT_3D('',#5404,#5405,#5406);
#5404 = CARTESIAN_POINT('',(5.5,13.,157.5));
#5405 = DIRECTION('',(-0.,1.,0.));
#5406 = DIRECTION('',(0.,0.,1.));
#5407 = PCURVE('',#2163,#5408);
#5408 = DEFINITIONAL_REPRESENTATION('',(#5409),#5413);
#5409 = LINE('',#5410,#5411);
#5410 = CARTESIAN_POINT('',(0.,3.));
#5411 = VECTOR('',#5412,1.);
#5412 = DIRECTION('',(1.,0.));
#5413 = ( GEOMETRIC_REPRESENTATION_CONTEXT(2)
PARAMETRIC_REPRESENTATION_CONTEXT() REPRESENTATION_CONTEXT('2D SPACE',''
  ) );
#5414 = PCURVE('',#2191,#5415);
#5415 = DEFINITIONAL_REPRESENTATION('',(#5416),#5424);
#5416 = ( BOUNDED_CURVE() B_SPLINE_CURVE(2,(#5417,#5418,#5419,#5420,
#5421,#5422,#5423),.UNSPECIFIED.,.T.,.F.) B_SPLINE_CURVE_WITH_KNOTS((1,2
    ,2,2,2,1),(-2.094395102393,0.,2.094395102393,4.188790204786,
6.28318530718,8.377580409573),.UNSPECIFIED.) CURVE()
GEOMETRIC_REPRESENTATION_ITEM() RATIONAL_B_SPLINE_CURVE((1.,0.5,1.,0.5,
1.,0.5,1.)) REPRESENTATION_ITEM('') );
#5417 = CARTESIAN_POINT('',(-11.03553390593,-2.720481209212));
#5418 = CARTESIAN_POINT('',(-11.03553390593,-1.854455805427));
#5419 = CARTESIAN_POINT('',(-10.28553390593,-2.287468507319));
#5420 = CARTESIAN_POINT('',(-9.535533905933,-2.720481209212));
#5421 = CARTESIAN_POINT('',(-10.28553390593,-3.153493911104));
#5422 = CARTESIAN_POINT('',(-11.03553390593,-3.586506612996));
#5423 = CARTESIAN_POINT('',(-11.03553390593,-2.720481209212));
#5424 = ( GEOMETRIC_REPRESENTATION_CONTEXT(2)
PARAMETRIC_REPRESENTATION_CONTEXT() REPRESENTATION_CONTEXT('2D SPACE',''
  ) );
#5425 = ORIENTED_EDGE('',*,*,#2145,.T.);
#5426 = ORIENTED_EDGE('',*,*,#5427,.F.);
#5427 = EDGE_CURVE('',#5373,#2148,#5428,.T.);
#5428 = SURFACE_CURVE('',#5429,(#5434,#5440),.PCURVE_S1.);
#5429 = CIRCLE('',#5430,0.5);
#5430 = AXIS2_PLACEMENT_3D('',#5431,#5432,#5433);
#5431 = CARTESIAN_POINT('',(5.5,92.,157.5));
#5432 = DIRECTION('',(-0.,1.,0.));
#5433 = DIRECTION('',(0.,0.,1.));
#5434 = PCURVE('',#2163,#5435);
#5435 = DEFINITIONAL_REPRESENTATION('',(#5436),#5439);
#5436 = B_SPLINE_CURVE_WITH_KNOTS('',1,(#5437,#5438),.UNSPECIFIED.,.F.,
  .F.,(2,2),(0.,1.570796326795),.PIECEWISE_BEZIER_KNOTS.);
#5437 = CARTESIAN_POINT('',(0.,82.));
#5438 = CARTESIAN_POINT('',(1.570796326795,82.));
#5439 = ( GEOMETRIC_REPRESENTATION_CONTEXT(2)
PARAMETRIC_REPRESENTATION_CONTEXT() REPRESENTATION_CONTEXT('2D SPACE',''
  ) );
#5440 = PCURVE('',#2396,#5441);
#5441 = DEFINITIONAL_REPRESENTATION('',(#5442),#5445);
#5442 = B_SPLINE_CURVE_WITH_KNOTS('',1,(#5443,#5444),.UNSPECIFIED.,.F.,
  .F.,(2,2),(0.,1.570796326795),.PIECEWISE_BEZIER_KNOTS.);
#5443 = CARTESIAN_POINT('',(0.,1.570796326795));
#5444 = CARTESIAN_POINT('',(0.,3.14159265359));
#5445 = ( GEOMETRIC_REPRESENTATION_CONTEXT(2)
PARAMETRIC_REPRESENTATION_CONTEXT() REPRESENTATION_CONTEXT('2D SPACE',''
  ) );
#5446 = ADVANCED_FACE('',(#5447,#5499),#2191,.F.);
#5447 = FACE_BOUND('',#5448,.F.);
#5448 = EDGE_LOOP('',(#5449,#5450,#5451,#5452,#5453,#5454,#5478));
#5449 = ORIENTED_EDGE('',*,*,#5400,.T.);
#5450 = ORIENTED_EDGE('',*,*,#2175,.F.);
#5451 = ORIENTED_EDGE('',*,*,#4713,.T.);
#5452 = ORIENTED_EDGE('',*,*,#4762,.T.);
#5453 = ORIENTED_EDGE('',*,*,#4689,.F.);
#5454 = ORIENTED_EDGE('',*,*,#5455,.T.);
#5455 = EDGE_CURVE('',#4662,#5456,#5458,.T.);
#5456 = VERTEX_POINT('',#5457);
#5457 = CARTESIAN_POINT('',(13.4,13.,158.));
#5458 = SURFACE_CURVE('',#5459,(#5464,#5471),.PCURVE_S1.);
#5459 = CIRCLE('',#5460,0.6);
#5460 = AXIS2_PLACEMENT_3D('',#5461,#5462,#5463);
#5461 = CARTESIAN_POINT('',(13.4,13.,157.4));
#5462 = DIRECTION('',(0.,-1.,0.));
#5463 = DIRECTION('',(0.,-0.,-1.));
#5464 = PCURVE('',#2191,#5465);
#5465 = DEFINITIONAL_REPRESENTATION('',(#5466),#5470);
#5466 = CIRCLE('',#5467,0.6);
#5467 = AXIS2_PLACEMENT_2D('',#5468,#5469);
#5468 = CARTESIAN_POINT('',(-10.43553390593,5.179518790788));
#5469 = DIRECTION('',(1.,0.));
#5470 = ( GEOMETRIC_REPRESENTATION_CONTEXT(2)
PARAMETRIC_REPRESENTATION_CONTEXT() REPRESENTATION_CONTEXT('2D SPACE',''
  ) );
#5471 = PCURVE('',#4677,#5472);
#5472 = DEFINITIONAL_REPRESENTATION('',(#5473),#5477);
#5473 = LINE('',#5474,#5475);
#5474 = CARTESIAN_POINT('',(-1.570796326795,0.));
#5475 = VECTOR('',#5476,1.);
#5476 = DIRECTION('',(1.,0.));
#5477 = ( GEOMETRIC_REPRESENTATION_CONTEXT(2)
PARAMETRIC_REPRESENTATION_CONTEXT() REPRESENTATION_CONTEXT('2D SPACE',''
  ) );
#5478 = ORIENTED_EDGE('',*,*,#5479,.T.);
#5479 = EDGE_CURVE('',#5456,#5371,#5480,.T.);
#5480 = SURFACE_CURVE('',#5481,(#5485,#5492),.PCURVE_S1.);
#5481 = LINE('',#5482,#5483);
#5482 = CARTESIAN_POINT('',(14.,13.,158.));
#5483 = VECTOR('',#5484,1.);
#5484 = DIRECTION('',(-1.,0.,0.));
#5485 = PCURVE('',#2191,#5486);
#5486 = DEFINITIONAL_REPRESENTATION('',(#5487),#5491);
#5487 = LINE('',#5488,#5489);
#5488 = CARTESIAN_POINT('',(-11.03553390593,5.779518790788));
#5489 = VECTOR('',#5490,1.);
#5490 = DIRECTION('',(0.,-1.));
#5491 = ( GEOMETRIC_REPRESENTATION_CONTEXT(2)
PARAMETRIC_REPRESENTATION_CONTEXT() REPRESENTATION_CONTEXT('2D SPACE',''
  ) );
#5492 = PCURVE('',#5388,#5493);
#5493 = DEFINITIONAL_REPRESENTATION('',(#5494),#5498);
#5494 = LINE('',#5495,#5496);
#5495 = CARTESIAN_POINT('',(14.,13.));
#5496 = VECTOR('',#5497,1.);
#5497 = DIRECTION('',(-1.,0.));
#5498 = ( GEOMETRIC_REPRESENTATION_CONTEXT(2)
PARAMETRIC_REPRESENTATION_CONTEXT() REPRESENTATION_CONTEXT('2D SPACE',''
  ) );
#5499 = FACE_BOUND('',#5500,.F.);
#5500 = EDGE_LOOP('',(#5501));
#5501 = ORIENTED_EDGE('',*,*,#4029,.T.);
#5502 = ADVANCED_FACE('',(#5503),#2396,.T.);
#5503 = FACE_BOUND('',#5504,.F.);
#5504 = EDGE_LOOP('',(#5505,#5506,#5534,#5554));
#5505 = ORIENTED_EDGE('',*,*,#5427,.F.);
#5506 = ORIENTED_EDGE('',*,*,#5507,.T.);
#5507 = EDGE_CURVE('',#5373,#5508,#5510,.T.);
#5508 = VERTEX_POINT('',#5509);
#5509 = CARTESIAN_POINT('',(8.,94.5,158.));
#5510 = SURFACE_CURVE('',#5511,(#5516,#5523),.PCURVE_S1.);
#5511 = CIRCLE('',#5512,2.5);
#5512 = AXIS2_PLACEMENT_3D('',#5513,#5514,#5515);
#5513 = CARTESIAN_POINT('',(8.,92.,158.));
#5514 = DIRECTION('',(-0.,0.,-1.));
#5515 = DIRECTION('',(-1.,0.,0.));
#5516 = PCURVE('',#2396,#5517);
#5517 = DEFINITIONAL_REPRESENTATION('',(#5518),#5522);
#5518 = LINE('',#5519,#5520);
#5519 = CARTESIAN_POINT('',(-0.,1.570796326795));
#5520 = VECTOR('',#5521,1.);
#5521 = DIRECTION('',(-1.,0.));
#5522 = ( GEOMETRIC_REPRESENTATION_CONTEXT(2)
PARAMETRIC_REPRESENTATION_CONTEXT() REPRESENTATION_CONTEXT('2D SPACE',''
  ) );
#5523 = PCURVE('',#5388,#5524);
#5524 = DEFINITIONAL_REPRESENTATION('',(#5525),#5533);
#5525 = ( BOUNDED_CURVE() B_SPLINE_CURVE(2,(#5526,#5527,#5528,#5529,
#5530,#5531,#5532),.UNSPECIFIED.,.T.,.F.) B_SPLINE_CURVE_WITH_KNOTS((1,2
    ,2,2,2,1),(-2.094395102393,0.,2.094395102393,4.188790204786,
6.28318530718,8.377580409573),.UNSPECIFIED.) CURVE()
GEOMETRIC_REPRESENTATION_ITEM() RATIONAL_B_SPLINE_CURVE((1.,0.5,1.,0.5,
1.,0.5,1.)) REPRESENTATION_ITEM('') );
#5526 = CARTESIAN_POINT('',(5.5,92.));
#5527 = CARTESIAN_POINT('',(5.5,96.330127018922));
#5528 = CARTESIAN_POINT('',(9.25,94.165063509461));
#5529 = CARTESIAN_POINT('',(13.,92.));
#5530 = CARTESIAN_POINT('',(9.25,89.834936490539));
#5531 = CARTESIAN_POINT('',(5.5,87.669872981078));
#5532 = CARTESIAN_POINT('',(5.5,92.));
#5533 = ( GEOMETRIC_REPRESENTATION_CONTEXT(2)
PARAMETRIC_REPRESENTATION_CONTEXT() REPRESENTATION_CONTEXT('2D SPACE',''
  ) );
#5534 = ORIENTED_EDGE('',*,*,#5535,.T.);
#5535 = EDGE_CURVE('',#5508,#2359,#5536,.T.);
#5536 = SURFACE_CURVE('',#5537,(#5542,#5548),.PCURVE_S1.);
#5537 = CIRCLE('',#5538,0.5);
#5538 = AXIS2_PLACEMENT_3D('',#5539,#5540,#5541);
#5539 = CARTESIAN_POINT('',(8.,94.5,157.5));
#5540 = DIRECTION('',(1.,6.123233995737E-17,-0.));
#5541 = DIRECTION('',(-6.123233995737E-17,1.,0.));
#5542 = PCURVE('',#2396,#5543);
#5543 = DEFINITIONAL_REPRESENTATION('',(#5544),#5547);
#5544 = B_SPLINE_CURVE_WITH_KNOTS('',1,(#5545,#5546),.UNSPECIFIED.,.F.,
  .F.,(2,2),(1.570796326795,3.14159265359),.PIECEWISE_BEZIER_KNOTS.);
#5545 = CARTESIAN_POINT('',(-1.570796326795,1.570796326795));
#5546 = CARTESIAN_POINT('',(-1.570796326795,3.14159265359));
#5547 = ( GEOMETRIC_REPRESENTATION_CONTEXT(2)
PARAMETRIC_REPRESENTATION_CONTEXT() REPRESENTATION_CONTEXT('2D SPACE',''
  ) );
#5548 = PCURVE('',#2481,#5549);
#5549 = DEFINITIONAL_REPRESENTATION('',(#5550),#5553);
#5550 = B_SPLINE_CURVE_WITH_KNOTS('',1,(#5551,#5552),.UNSPECIFIED.,.F.,
  .F.,(2,2),(1.570796326795,3.14159265359),.PIECEWISE_BEZIER_KNOTS.);
#5551 = CARTESIAN_POINT('',(0.,0.));
#5552 = CARTESIAN_POINT('',(1.570796326795,0.));
#5553 = ( GEOMETRIC_REPRESENTATION_CONTEXT(2)
PARAMETRIC_REPRESENTATION_CONTEXT() REPRESENTATION_CONTEXT('2D SPACE',''
  ) );
#5554 = ORIENTED_EDGE('',*,*,#2381,.F.);
#5555 = ADVANCED_FACE('',(#5556),#2428,.F.);
#5556 = FACE_BOUND('',#5557,.F.);
#5557 = EDGE_LOOP('',(#5558,#5580,#5581,#5582));
#5558 = ORIENTED_EDGE('',*,*,#5559,.F.);
#5559 = EDGE_CURVE('',#2412,#5560,#5562,.T.);
#5560 = VERTEX_POINT('',#5561);
#5561 = CARTESIAN_POINT('',(76.5,93.4,142.5));
#5562 = SEAM_CURVE('',#5563,(#5568,#5574),.PCURVE_S1.);
#5563 = CIRCLE('',#5564,0.6);
#5564 = AXIS2_PLACEMENT_3D('',#5565,#5566,#5567);
#5565 = CARTESIAN_POINT('',(76.5,93.4,143.1));
#5566 = DIRECTION('',(-1.,-0.,0.));
#5567 = DIRECTION('',(0.,0.,1.));
#5568 = PCURVE('',#2428,#5569);
#5569 = DEFINITIONAL_REPRESENTATION('',(#5570),#5573);
#5570 = B_SPLINE_CURVE_WITH_KNOTS('',1,(#5571,#5572),.UNSPECIFIED.,.F.,
  .F.,(2,2),(1.570796326795,3.14159265359),.PIECEWISE_BEZIER_KNOTS.);
#5571 = CARTESIAN_POINT('',(0.,1.570796326795));
#5572 = CARTESIAN_POINT('',(0.,3.14159265359));
#5573 = ( GEOMETRIC_REPRESENTATION_CONTEXT(2)
PARAMETRIC_REPRESENTATION_CONTEXT() REPRESENTATION_CONTEXT('2D SPACE',''
  ) );
#5574 = PCURVE('',#2428,#5575);
#5575 = DEFINITIONAL_REPRESENTATION('',(#5576),#5579);
#5576 = B_SPLINE_CURVE_WITH_KNOTS('',1,(#5577,#5578),.UNSPECIFIED.,.F.,
  .F.,(2,2),(1.570796326795,3.14159265359),.PIECEWISE_BEZIER_KNOTS.);
#5577 = CARTESIAN_POINT('',(6.28318530718,1.570796326795));
#5578 = CARTESIAN_POINT('',(6.28318530718,3.14159265359));
#5579 = ( GEOMETRIC_REPRESENTATION_CONTEXT(2)
PARAMETRIC_REPRESENTATION_CONTEXT() REPRESENTATION_CONTEXT('2D SPACE',''
  ) );
#5580 = ORIENTED_EDGE('',*,*,#2411,.T.);
#5581 = ORIENTED_EDGE('',*,*,#5559,.T.);
#5582 = ORIENTED_EDGE('',*,*,#5583,.F.);
#5583 = EDGE_CURVE('',#5560,#5560,#5584,.T.);
#5584 = SURFACE_CURVE('',#5585,(#5590,#5597),.PCURVE_S1.);
#5585 = CIRCLE('',#5586,4.);
#5586 = AXIS2_PLACEMENT_3D('',#5587,#5588,#5589);
#5587 = CARTESIAN_POINT('',(76.5,93.4,138.5));
#5588 = DIRECTION('',(-0.,1.,0.));
#5589 = DIRECTION('',(0.,0.,1.));
#5590 = PCURVE('',#2428,#5591);
#5591 = DEFINITIONAL_REPRESENTATION('',(#5592),#5596);
#5592 = LINE('',#5593,#5594);
#5593 = CARTESIAN_POINT('',(0.,3.14159265359));
#5594 = VECTOR('',#5595,1.);
#5595 = DIRECTION('',(1.,0.));
#5596 = ( GEOMETRIC_REPRESENTATION_CONTEXT(2)
PARAMETRIC_REPRESENTATION_CONTEXT() REPRESENTATION_CONTEXT('2D SPACE',''
  ) );
#5597 = PCURVE('',#5598,#5603);
#5598 = CYLINDRICAL_SURFACE('',#5599,4.);
#5599 = AXIS2_PLACEMENT_3D('',#5600,#5601,#5602);
#5600 = CARTESIAN_POINT('',(76.5,76.,138.5));
#5601 = DIRECTION('',(0.,1.,0.));
#5602 = DIRECTION('',(0.,-0.,1.));
#5603 = DEFINITIONAL_REPRESENTATION('',(#5604),#5608);
#5604 = LINE('',#5605,#5606);
#5605 = CARTESIAN_POINT('',(0.,17.4));
#5606 = VECTOR('',#5607,1.);
#5607 = DIRECTION('',(1.,0.));
#5608 = ( GEOMETRIC_REPRESENTATION_CONTEXT(2)
PARAMETRIC_REPRESENTATION_CONTEXT() REPRESENTATION_CONTEXT('2D SPACE',''
  ) );
#5609 = ADVANCED_FACE('',(#5610),#2481,.T.);
#5610 = FACE_BOUND('',#5611,.T.);
#5611 = EDGE_LOOP('',(#5612,#5613,#5614,#5636));
#5612 = ORIENTED_EDGE('',*,*,#5535,.T.);
#5613 = ORIENTED_EDGE('',*,*,#2467,.T.);
#5614 = ORIENTED_EDGE('',*,*,#5615,.F.);
#5615 = EDGE_CURVE('',#5616,#2443,#5618,.T.);
#5616 = VERTEX_POINT('',#5617);
#5617 = CARTESIAN_POINT('',(88.,94.5,158.));
#5618 = SURFACE_CURVE('',#5619,(#5624,#5630),.PCURVE_S1.);
#5619 = CIRCLE('',#5620,0.5);
#5620 = AXIS2_PLACEMENT_3D('',#5621,#5622,#5623);
#5621 = CARTESIAN_POINT('',(88.,94.5,157.5));
#5622 = DIRECTION('',(1.,0.,-0.));
#5623 = DIRECTION('',(0.,0.,1.));
#5624 = PCURVE('',#2481,#5625);
#5625 = DEFINITIONAL_REPRESENTATION('',(#5626),#5629);
#5626 = B_SPLINE_CURVE_WITH_KNOTS('',1,(#5627,#5628),.UNSPECIFIED.,.F.,
  .F.,(2,2),(0.,1.570796326795),.PIECEWISE_BEZIER_KNOTS.);
#5627 = CARTESIAN_POINT('',(0.,80.));
#5628 = CARTESIAN_POINT('',(1.570796326795,80.));
#5629 = ( GEOMETRIC_REPRESENTATION_CONTEXT(2)
PARAMETRIC_REPRESENTATION_CONTEXT() REPRESENTATION_CONTEXT('2D SPACE',''
  ) );
#5630 = PCURVE('',#4858,#5631);
#5631 = DEFINITIONAL_REPRESENTATION('',(#5632),#5635);
#5632 = B_SPLINE_CURVE_WITH_KNOTS('',1,(#5633,#5634),.UNSPECIFIED.,.F.,
  .F.,(2,2),(0.,1.570796326795),.PIECEWISE_BEZIER_KNOTS.);
#5633 = CARTESIAN_POINT('',(0.,1.570796326795));
#5634 = CARTESIAN_POINT('',(0.,3.14159265359));
#5635 = ( GEOMETRIC_REPRESENTATION_CONTEXT(2)
PARAMETRIC_REPRESENTATION_CONTEXT() REPRESENTATION_CONTEXT('2D SPACE',''
  ) );
#5636 = ORIENTED_EDGE('',*,*,#5637,.F.);
#5637 = EDGE_CURVE('',#5508,#5616,#5638,.T.);
#5638 = SURFACE_CURVE('',#5639,(#5643,#5650),.PCURVE_S1.);
#5639 = LINE('',#5640,#5641);
#5640 = CARTESIAN_POINT('',(8.,94.5,158.));
#5641 = VECTOR('',#5642,1.);
#5642 = DIRECTION('',(1.,0.,-0.));
#5643 = PCURVE('',#2481,#5644);
#5644 = DEFINITIONAL_REPRESENTATION('',(#5645),#5649);
#5645 = LINE('',#5646,#5647);
#5646 = CARTESIAN_POINT('',(0.,0.));
#5647 = VECTOR('',#5648,1.);
#5648 = DIRECTION('',(0.,1.));
#5649 = ( GEOMETRIC_REPRESENTATION_CONTEXT(2)
PARAMETRIC_REPRESENTATION_CONTEXT() REPRESENTATION_CONTEXT('2D SPACE',''
  ) );
#5650 = PCURVE('',#5388,#5651);
#5651 = DEFINITIONAL_REPRESENTATION('',(#5652),#5656);
#5652 = LINE('',#5653,#5654);
#5653 = CARTESIAN_POINT('',(8.,94.5));
#5654 = VECTOR('',#5655,1.);
#5655 = DIRECTION('',(1.,0.));
#5656 = ( GEOMETRIC_REPRESENTATION_CONTEXT(2)
PARAMETRIC_REPRESENTATION_CONTEXT() REPRESENTATION_CONTEXT('2D SPACE',''
  ) );
#5657 = ADVANCED_FACE('',(#5658),#2512,.F.);
#5658 = FACE_BOUND('',#5659,.F.);
#5659 = EDGE_LOOP('',(#5660,#5682,#5683,#5684));
#5660 = ORIENTED_EDGE('',*,*,#5661,.F.);
#5661 = EDGE_CURVE('',#2496,#5662,#5664,.T.);
#5662 = VERTEX_POINT('',#5663);
#5663 = CARTESIAN_POINT('',(19.5,93.4,82.5));
#5664 = SEAM_CURVE('',#5665,(#5670,#5676),.PCURVE_S1.);
#5665 = CIRCLE('',#5666,0.6);
#5666 = AXIS2_PLACEMENT_3D('',#5667,#5668,#5669);
#5667 = CARTESIAN_POINT('',(19.5,93.4,83.1));
#5668 = DIRECTION('',(-1.,-0.,0.));
#5669 = DIRECTION('',(0.,0.,1.));
#5670 = PCURVE('',#2512,#5671);
#5671 = DEFINITIONAL_REPRESENTATION('',(#5672),#5675);
#5672 = B_SPLINE_CURVE_WITH_KNOTS('',1,(#5673,#5674),.UNSPECIFIED.,.F.,
  .F.,(2,2),(1.570796326795,3.14159265359),.PIECEWISE_BEZIER_KNOTS.);
#5673 = CARTESIAN_POINT('',(0.,1.570796326795));
#5674 = CARTESIAN_POINT('',(0.,3.14159265359));
#5675 = ( GEOMETRIC_REPRESENTATION_CONTEXT(2)
PARAMETRIC_REPRESENTATION_CONTEXT() REPRESENTATION_CONTEXT('2D SPACE',''
  ) );
#5676 = PCURVE('',#2512,#5677);
#5677 = DEFINITIONAL_REPRESENTATION('',(#5678),#5681);
#5678 = B_SPLINE_CURVE_WITH_KNOTS('',1,(#5679,#5680),.UNSPECIFIED.,.F.,
  .F.,(2,2),(1.570796326795,3.14159265359),.PIECEWISE_BEZIER_KNOTS.);
#5679 = CARTESIAN_POINT('',(6.28318530718,1.570796326795));
#5680 = CARTESIAN_POINT('',(6.28318530718,3.14159265359));
#5681 = ( GEOMETRIC_REPRESENTATION_CONTEXT(2)
PARAMETRIC_REPRESENTATION_CONTEXT() REPRESENTATION_CONTEXT('2D SPACE',''
  ) );
#5682 = ORIENTED_EDGE('',*,*,#2495,.T.);
#5683 = ORIENTED_EDGE('',*,*,#5661,.T.);
#5684 = ORIENTED_EDGE('',*,*,#5685,.F.);
#5685 = EDGE_CURVE('',#5662,#5662,#5686,.T.);
#5686 = SURFACE_CURVE('',#5687,(#5692,#5699),.PCURVE_S1.);
#5687 = CIRCLE('',#5688,4.);
#5688 = AXIS2_PLACEMENT_3D('',#5689,#5690,#5691);
#5689 = CARTESIAN_POINT('',(19.5,93.4,78.5));
#5690 = DIRECTION('',(-0.,1.,0.));
#5691 = DIRECTION('',(0.,0.,1.));
#5692 = PCURVE('',#2512,#5693);
#5693 = DEFINITIONAL_REPRESENTATION('',(#5694),#5698);
#5694 = LINE('',#5695,#5696);
#5695 = CARTESIAN_POINT('',(0.,3.14159265359));
#5696 = VECTOR('',#5697,1.);
#5697 = DIRECTION('',(1.,0.));
#5698 = ( GEOMETRIC_REPRESENTATION_CONTEXT(2)
PARAMETRIC_REPRESENTATION_CONTEXT() REPRESENTATION_CONTEXT('2D SPACE',''
  ) );
#5699 = PCURVE('',#5700,#5705);
#5700 = CYLINDRICAL_SURFACE('',#5701,4.);
#5701 = AXIS2_PLACEMENT_3D('',#5702,#5703,#5704);
#5702 = CARTESIAN_POINT('',(19.5,76.,78.5));
#5703 = DIRECTION('',(0.,1.,0.));
#5704 = DIRECTION('',(0.,-0.,1.));
#5705 = DEFINITIONAL_REPRESENTATION('',(#5706),#5710);
#5706 = LINE('',#5707,#5708);
#5707 = CARTESIAN_POINT('',(0.,17.4));
#5708 = VECTOR('',#5709,1.);
#5709 = DIRECTION('',(1.,0.));
#5710 = ( GEOMETRIC_REPRESENTATION_CONTEXT(2)
PARAMETRIC_REPRESENTATION_CONTEXT() REPRESENTATION_CONTEXT('2D SPACE',''
  ) );
#5711 = ADVANCED_FACE('',(#5712),#2543,.F.);
#5712 = FACE_BOUND('',#5713,.F.);
#5713 = EDGE_LOOP('',(#5714,#5736,#5737,#5738));
#5714 = ORIENTED_EDGE('',*,*,#5715,.F.);
#5715 = EDGE_CURVE('',#2527,#5716,#5718,.T.);
#5716 = VERTEX_POINT('',#5717);
#5717 = CARTESIAN_POINT('',(19.5,93.4,142.5));
#5718 = SEAM_CURVE('',#5719,(#5724,#5730),.PCURVE_S1.);
#5719 = CIRCLE('',#5720,0.6);
#5720 = AXIS2_PLACEMENT_3D('',#5721,#5722,#5723);
#5721 = CARTESIAN_POINT('',(19.5,93.4,143.1));
#5722 = DIRECTION('',(-1.,-0.,0.));
#5723 = DIRECTION('',(0.,0.,1.));
#5724 = PCURVE('',#2543,#5725);
#5725 = DEFINITIONAL_REPRESENTATION('',(#5726),#5729);
#5726 = B_SPLINE_CURVE_WITH_KNOTS('',1,(#5727,#5728),.UNSPECIFIED.,.F.,
  .F.,(2,2),(1.570796326795,3.14159265359),.PIECEWISE_BEZIER_KNOTS.);
#5727 = CARTESIAN_POINT('',(0.,1.570796326795));
#5728 = CARTESIAN_POINT('',(0.,3.14159265359));
#5729 = ( GEOMETRIC_REPRESENTATION_CONTEXT(2)
PARAMETRIC_REPRESENTATION_CONTEXT() REPRESENTATION_CONTEXT('2D SPACE',''
  ) );
#5730 = PCURVE('',#2543,#5731);
#5731 = DEFINITIONAL_REPRESENTATION('',(#5732),#5735);
#5732 = B_SPLINE_CURVE_WITH_KNOTS('',1,(#5733,#5734),.UNSPECIFIED.,.F.,
  .F.,(2,2),(1.570796326795,3.14159265359),.PIECEWISE_BEZIER_KNOTS.);
#5733 = CARTESIAN_POINT('',(6.28318530718,1.570796326795));
#5734 = CARTESIAN_POINT('',(6.28318530718,3.14159265359));
#5735 = ( GEOMETRIC_REPRESENTATION_CONTEXT(2)
PARAMETRIC_REPRESENTATION_CONTEXT() REPRESENTATION_CONTEXT('2D SPACE',''
  ) );
#5736 = ORIENTED_EDGE('',*,*,#2526,.T.);
#5737 = ORIENTED_EDGE('',*,*,#5715,.T.);
#5738 = ORIENTED_EDGE('',*,*,#5739,.F.);
#5739 = EDGE_CURVE('',#5716,#5716,#5740,.T.);
#5740 = SURFACE_CURVE('',#5741,(#5746,#5753),.PCURVE_S1.);
#5741 = CIRCLE('',#5742,4.);
#5742 = AXIS2_PLACEMENT_3D('',#5743,#5744,#5745);
#5743 = CARTESIAN_POINT('',(19.5,93.4,138.5));
#5744 = DIRECTION('',(-0.,1.,0.));
#5745 = DIRECTION('',(0.,0.,1.));
#5746 = PCURVE('',#2543,#5747);
#5747 = DEFINITIONAL_REPRESENTATION('',(#5748),#5752);
#5748 = LINE('',#5749,#5750);
#5749 = CARTESIAN_POINT('',(0.,3.14159265359));
#5750 = VECTOR('',#5751,1.);
#5751 = DIRECTION('',(1.,0.));
#5752 = ( GEOMETRIC_REPRESENTATION_CONTEXT(2)
PARAMETRIC_REPRESENTATION_CONTEXT() REPRESENTATION_CONTEXT('2D SPACE',''
  ) );
#5753 = PCURVE('',#5754,#5759);
#5754 = CYLINDRICAL_SURFACE('',#5755,4.);
#5755 = AXIS2_PLACEMENT_3D('',#5756,#5757,#5758);
#5756 = CARTESIAN_POINT('',(19.5,76.,138.5));
#5757 = DIRECTION('',(0.,1.,0.));
#5758 = DIRECTION('',(0.,-0.,1.));
#5759 = DEFINITIONAL_REPRESENTATION('',(#5760),#5764);
#5760 = LINE('',#5761,#5762);
#5761 = CARTESIAN_POINT('',(0.,17.4));
#5762 = VECTOR('',#5763,1.);
#5763 = DIRECTION('',(1.,0.));
#5764 = ( GEOMETRIC_REPRESENTATION_CONTEXT(2)
PARAMETRIC_REPRESENTATION_CONTEXT() REPRESENTATION_CONTEXT('2D SPACE',''
  ) );
#5765 = ADVANCED_FACE('',(#5766),#2574,.F.);
#5766 = FACE_BOUND('',#5767,.F.);
#5767 = EDGE_LOOP('',(#5768,#5790,#5791,#5792));
#5768 = ORIENTED_EDGE('',*,*,#5769,.F.);
#5769 = EDGE_CURVE('',#2558,#5770,#5772,.T.);
#5770 = VERTEX_POINT('',#5771);
#5771 = CARTESIAN_POINT('',(76.5,93.4,82.5));
#5772 = SEAM_CURVE('',#5773,(#5778,#5784),.PCURVE_S1.);
#5773 = CIRCLE('',#5774,0.6);
#5774 = AXIS2_PLACEMENT_3D('',#5775,#5776,#5777);
#5775 = CARTESIAN_POINT('',(76.5,93.4,83.1));
#5776 = DIRECTION('',(-1.,-0.,0.));
#5777 = DIRECTION('',(0.,0.,1.));
#5778 = PCURVE('',#2574,#5779);
#5779 = DEFINITIONAL_REPRESENTATION('',(#5780),#5783);
#5780 = B_SPLINE_CURVE_WITH_KNOTS('',1,(#5781,#5782),.UNSPECIFIED.,.F.,
  .F.,(2,2),(1.570796326795,3.14159265359),.PIECEWISE_BEZIER_KNOTS.);
#5781 = CARTESIAN_POINT('',(0.,1.570796326795));
#5782 = CARTESIAN_POINT('',(0.,3.14159265359));
#5783 = ( GEOMETRIC_REPRESENTATION_CONTEXT(2)
PARAMETRIC_REPRESENTATION_CONTEXT() REPRESENTATION_CONTEXT('2D SPACE',''
  ) );
#5784 = PCURVE('',#2574,#5785);
#5785 = DEFINITIONAL_REPRESENTATION('',(#5786),#5789);
#5786 = B_SPLINE_CURVE_WITH_KNOTS('',1,(#5787,#5788),.UNSPECIFIED.,.F.,
  .F.,(2,2),(1.570796326795,3.14159265359),.PIECEWISE_BEZIER_KNOTS.);
#5787 = CARTESIAN_POINT('',(6.28318530718,1.570796326795));
#5788 = CARTESIAN_POINT('',(6.28318530718,3.14159265359));
#5789 = ( GEOMETRIC_REPRESENTATION_CONTEXT(2)
PARAMETRIC_REPRESENTATION_CONTEXT() REPRESENTATION_CONTEXT('2D SPACE',''
  ) );
#5790 = ORIENTED_EDGE('',*,*,#2557,.T.);
#5791 = ORIENTED_EDGE('',*,*,#5769,.T.);
#5792 = ORIENTED_EDGE('',*,*,#5793,.F.);
#5793 = EDGE_CURVE('',#5770,#5770,#5794,.T.);
#5794 = SURFACE_CURVE('',#5795,(#5800,#5807),.PCURVE_S1.);
#5795 = CIRCLE('',#5796,4.);
#5796 = AXIS2_PLACEMENT_3D('',#5797,#5798,#5799);
#5797 = CARTESIAN_POINT('',(76.5,93.4,78.5));
#5798 = DIRECTION('',(-0.,1.,0.));
#5799 = DIRECTION('',(0.,0.,1.));
#5800 = PCURVE('',#2574,#5801);
#5801 = DEFINITIONAL_REPRESENTATION('',(#5802),#5806);
#5802 = LINE('',#5803,#5804);
#5803 = CARTESIAN_POINT('',(0.,3.14159265359));
#5804 = VECTOR('',#5805,1.);
#5805 = DIRECTION('',(1.,0.));
#5806 = ( GEOMETRIC_REPRESENTATION_CONTEXT(2)
PARAMETRIC_REPRESENTATION_CONTEXT() REPRESENTATION_CONTEXT('2D SPACE',''
  ) );
#5807 = PCURVE('',#5808,#5813);
#5808 = CYLINDRICAL_SURFACE('',#5809,4.);
#5809 = AXIS2_PLACEMENT_3D('',#5810,#5811,#5812);
#5810 = CARTESIAN_POINT('',(76.5,76.,78.5));
#5811 = DIRECTION('',(0.,1.,0.));
#5812 = DIRECTION('',(0.,-0.,1.));
#5813 = DEFINITIONAL_REPRESENTATION('',(#5814),#5818);
#5814 = LINE('',#5815,#5816);
#5815 = CARTESIAN_POINT('',(0.,17.4));
#5816 = VECTOR('',#5817,1.);
#5817 = DIRECTION('',(1.,0.));
#5818 = ( GEOMETRIC_REPRESENTATION_CONTEXT(2)
PARAMETRIC_REPRESENTATION_CONTEXT() REPRESENTATION_CONTEXT('2D SPACE',''
  ) );
#5819 = ADVANCED_FACE('',(#5820),#2708,.T.);
#5820 = FACE_BOUND('',#5821,.T.);
#5821 = EDGE_LOOP('',(#5822,#5844,#5873,#5893));
#5822 = ORIENTED_EDGE('',*,*,#5823,.F.);
#5823 = EDGE_CURVE('',#5824,#2666,#5826,.T.);
#5824 = VERTEX_POINT('',#5825);
#5825 = CARTESIAN_POINT('',(89.,-5.551115123126E-17,2.7));
#5826 = SURFACE_CURVE('',#5827,(#5832,#5838),.PCURVE_S1.);
#5827 = CIRCLE('',#5828,0.3);
#5828 = AXIS2_PLACEMENT_3D('',#5829,#5830,#5831);
#5829 = CARTESIAN_POINT('',(89.,0.3,2.7));
#5830 = DIRECTION('',(-1.,0.,0.));
#5831 = DIRECTION('',(0.,-1.,0.));
#5832 = PCURVE('',#2708,#5833);
#5833 = DEFINITIONAL_REPRESENTATION('',(#5834),#5837);
#5834 = B_SPLINE_CURVE_WITH_KNOTS('',1,(#5835,#5836),.UNSPECIFIED.,.F.,
  .F.,(2,2),(0.,1.570796326795),.PIECEWISE_BEZIER_KNOTS.);
#5835 = CARTESIAN_POINT('',(0.,0.));
#5836 = CARTESIAN_POINT('',(0.,1.570796326795));
#5837 = ( GEOMETRIC_REPRESENTATION_CONTEXT(2)
PARAMETRIC_REPRESENTATION_CONTEXT() REPRESENTATION_CONTEXT('2D SPACE',''
  ) );
#5838 = PCURVE('',#2681,#5839);
#5839 = DEFINITIONAL_REPRESENTATION('',(#5840),#5843);
#5840 = B_SPLINE_CURVE_WITH_KNOTS('',1,(#5841,#5842),.UNSPECIFIED.,.F.,
  .F.,(2,2),(0.,1.570796326795),.PIECEWISE_BEZIER_KNOTS.);
#5841 = CARTESIAN_POINT('',(0.,82.));
#5842 = CARTESIAN_POINT('',(-1.570796326795,82.));
#5843 = ( GEOMETRIC_REPRESENTATION_CONTEXT(2)
PARAMETRIC_REPRESENTATION_CONTEXT() REPRESENTATION_CONTEXT('2D SPACE',''
  ) );
#5844 = ORIENTED_EDGE('',*,*,#5845,.T.);
#5845 = EDGE_CURVE('',#5824,#5846,#5848,.T.);
#5846 = VERTEX_POINT('',#5847);
#5847 = CARTESIAN_POINT('',(90.044776119403,7.840749102309E-02,2.7));
#5848 = SURFACE_CURVE('',#5849,(#5854,#5861),.PCURVE_S1.);
#5849 = CIRCLE('',#5850,7.);
#5850 = AXIS2_PLACEMENT_3D('',#5851,#5852,#5853);
#5851 = CARTESIAN_POINT('',(89.,7.,2.7));
#5852 = DIRECTION('',(0.,0.,1.));
#5853 = DIRECTION('',(0.,-1.,0.));
#5854 = PCURVE('',#2708,#5855);
#5855 = DEFINITIONAL_REPRESENTATION('',(#5856),#5860);
#5856 = LINE('',#5857,#5858);
#5857 = CARTESIAN_POINT('',(0.,0.));
#5858 = VECTOR('',#5859,1.);
#5859 = DIRECTION('',(1.,0.));
#5860 = ( GEOMETRIC_REPRESENTATION_CONTEXT(2)
PARAMETRIC_REPRESENTATION_CONTEXT() REPRESENTATION_CONTEXT('2D SPACE',''
  ) );
#5861 = PCURVE('',#5862,#5867);
#5862 = CYLINDRICAL_SURFACE('',#5863,7.);
#5863 = AXIS2_PLACEMENT_3D('',#5864,#5865,#5866);
#5864 = CARTESIAN_POINT('',(89.,7.,0.));
#5865 = DIRECTION('',(0.,0.,1.));
#5866 = DIRECTION('',(1.,0.,-0.));
#5867 = DEFINITIONAL_REPRESENTATION('',(#5868),#5872);
#5868 = LINE('',#5869,#5870);
#5869 = CARTESIAN_POINT('',(-1.570796326795,2.7));
#5870 = VECTOR('',#5871,1.);
#5871 = DIRECTION('',(1.,-0.));
#5872 = ( GEOMETRIC_REPRESENTATION_CONTEXT(2)
PARAMETRIC_REPRESENTATION_CONTEXT() REPRESENTATION_CONTEXT('2D SPACE',''
  ) );
#5873 = ORIENTED_EDGE('',*,*,#5874,.T.);
#5874 = EDGE_CURVE('',#5846,#2590,#5875,.T.);
#5875 = SURFACE_CURVE('',#5876,(#5881,#5887),.PCURVE_S1.);
#5876 = CIRCLE('',#5877,0.3);
#5877 = AXIS2_PLACEMENT_3D('',#5878,#5879,#5880);
#5878 = CARTESIAN_POINT('',(90.,0.375047169979,2.7));
#5879 = DIRECTION('',(-0.988798929854,-0.149253731343,0.));
#5880 = DIRECTION('',(0.149253731343,-0.988798929854,0.));
#5881 = PCURVE('',#2708,#5882);
#5882 = DEFINITIONAL_REPRESENTATION('',(#5883),#5886);
#5883 = B_SPLINE_CURVE_WITH_KNOTS('',1,(#5884,#5885),.UNSPECIFIED.,.F.,
  .F.,(2,2),(0.,1.570796326795),.PIECEWISE_BEZIER_KNOTS.);
#5884 = CARTESIAN_POINT('',(0.149813507356,0.));
#5885 = CARTESIAN_POINT('',(0.149813507356,1.570796326795));
#5886 = ( GEOMETRIC_REPRESENTATION_CONTEXT(2)
PARAMETRIC_REPRESENTATION_CONTEXT() REPRESENTATION_CONTEXT('2D SPACE',''
  ) );
#5887 = PCURVE('',#3076,#5888);
#5888 = DEFINITIONAL_REPRESENTATION('',(#5889),#5892);
#5889 = B_SPLINE_CURVE_WITH_KNOTS('',1,(#5890,#5891),.UNSPECIFIED.,.F.,
  .F.,(2,2),(0.,1.570796326795),.PIECEWISE_BEZIER_KNOTS.);
#5890 = CARTESIAN_POINT('',(0.,83.048696195869));
#5891 = CARTESIAN_POINT('',(4.832585329074,83.048696195869));
#5892 = ( GEOMETRIC_REPRESENTATION_CONTEXT(2)
PARAMETRIC_REPRESENTATION_CONTEXT() REPRESENTATION_CONTEXT('2D SPACE',''
  ) );
#5893 = ORIENTED_EDGE('',*,*,#2693,.F.);
#5894 = ADVANCED_FACE('',(#5895),#2681,.T.);
#5895 = FACE_BOUND('',#5896,.F.);
#5896 = EDGE_LOOP('',(#5897,#5919,#5920,#5921));
#5897 = ORIENTED_EDGE('',*,*,#5898,.T.);
#5898 = EDGE_CURVE('',#5899,#2637,#5901,.T.);
#5899 = VERTEX_POINT('',#5900);
#5900 = CARTESIAN_POINT('',(7.,-5.551115123126E-17,2.7));
#5901 = SURFACE_CURVE('',#5902,(#5907,#5913),.PCURVE_S1.);
#5902 = CIRCLE('',#5903,0.3);
#5903 = AXIS2_PLACEMENT_3D('',#5904,#5905,#5906);
#5904 = CARTESIAN_POINT('',(7.,0.3,2.7));
#5905 = DIRECTION('',(-1.,0.,0.));
#5906 = DIRECTION('',(0.,-1.,0.));
#5907 = PCURVE('',#2681,#5908);
#5908 = DEFINITIONAL_REPRESENTATION('',(#5909),#5912);
#5909 = B_SPLINE_CURVE_WITH_KNOTS('',1,(#5910,#5911),.UNSPECIFIED.,.F.,
  .F.,(2,2),(0.,1.570796326795),.PIECEWISE_BEZIER_KNOTS.);
#5910 = CARTESIAN_POINT('',(0.,0.));
#5911 = CARTESIAN_POINT('',(-1.570796326795,0.));
#5912 = ( GEOMETRIC_REPRESENTATION_CONTEXT(2)
PARAMETRIC_REPRESENTATION_CONTEXT() REPRESENTATION_CONTEXT('2D SPACE',''
  ) );
#5913 = PCURVE('',#2653,#5914);
#5914 = DEFINITIONAL_REPRESENTATION('',(#5915),#5918);
#5915 = B_SPLINE_CURVE_WITH_KNOTS('',1,(#5916,#5917),.UNSPECIFIED.,.F.,
  .F.,(2,2),(0.,1.570796326795),.PIECEWISE_BEZIER_KNOTS.);
#5916 = CARTESIAN_POINT('',(0.143347568905,0.));
#5917 = CARTESIAN_POINT('',(0.143347568905,1.570796326795));
#5918 = ( GEOMETRIC_REPRESENTATION_CONTEXT(2)
PARAMETRIC_REPRESENTATION_CONTEXT() REPRESENTATION_CONTEXT('2D SPACE',''
  ) );
#5919 = ORIENTED_EDGE('',*,*,#2665,.T.);
#5920 = ORIENTED_EDGE('',*,*,#5823,.F.);
#5921 = ORIENTED_EDGE('',*,*,#5922,.F.);
#5922 = EDGE_CURVE('',#5899,#5824,#5923,.T.);
#5923 = SURFACE_CURVE('',#5924,(#5928,#5935),.PCURVE_S1.);
#5924 = LINE('',#5925,#5926);
#5925 = CARTESIAN_POINT('',(7.,-5.551115123126E-17,2.7));
#5926 = VECTOR('',#5927,1.);
#5927 = DIRECTION('',(1.,0.,-0.));
#5928 = PCURVE('',#2681,#5929);
#5929 = DEFINITIONAL_REPRESENTATION('',(#5930),#5934);
#5930 = LINE('',#5931,#5932);
#5931 = CARTESIAN_POINT('',(-0.,0.));
#5932 = VECTOR('',#5933,1.);
#5933 = DIRECTION('',(-0.,1.));
#5934 = ( GEOMETRIC_REPRESENTATION_CONTEXT(2)
PARAMETRIC_REPRESENTATION_CONTEXT() REPRESENTATION_CONTEXT('2D SPACE',''
  ) );
#5935 = PCURVE('',#5936,#5941);
#5936 = PLANE('',#5937);
#5937 = AXIS2_PLACEMENT_3D('',#5938,#5939,#5940);
#5938 = CARTESIAN_POINT('',(0.,0.,0.));
#5939 = DIRECTION('',(-0.,1.,0.));
#5940 = DIRECTION('',(0.,0.,1.));
#5941 = DEFINITIONAL_REPRESENTATION('',(#5942),#5946);
#5942 = LINE('',#5943,#5944);
#5943 = CARTESIAN_POINT('',(2.7,7.));
#5944 = VECTOR('',#5945,1.);
#5945 = DIRECTION('',(0.,1.));
#5946 = ( GEOMETRIC_REPRESENTATION_CONTEXT(2)
PARAMETRIC_REPRESENTATION_CONTEXT() REPRESENTATION_CONTEXT('2D SPACE',''
  ) );
#5947 = ADVANCED_FACE('',(#5948),#2653,.T.);
#5948 = FACE_BOUND('',#5949,.T.);
#5949 = EDGE_LOOP('',(#5950,#5975,#6002,#6003));
#5950 = ORIENTED_EDGE('',*,*,#5951,.F.);
#5951 = EDGE_CURVE('',#5952,#2614,#5954,.T.);
#5952 = VERTEX_POINT('',#5953);
#5953 = CARTESIAN_POINT('',(5.955223880597,7.840749102309E-02,2.7));
#5954 = SURFACE_CURVE('',#5955,(#5963,#5969),.PCURVE_S1.);
#5955 = ( BOUNDED_CURVE() B_SPLINE_CURVE(6,(#5956,#5957,#5958,#5959,
#5960,#5961,#5962),.UNSPECIFIED.,.F.,.F.) B_SPLINE_CURVE_WITH_KNOTS((7,7
),(0.,4.83258533011),.PIECEWISE_BEZIER_KNOTS.) CURVE()
GEOMETRIC_REPRESENTATION_ITEM() RATIONAL_B_SPLINE_CURVE((1.031393471788,
    1.010025407661,0.997924642725,0.993958444137,0.997924642725,
1.010025407661,1.031393471788)) REPRESENTATION_ITEM('') );
#5956 = CARTESIAN_POINT('',(5.955223880597,7.840749102309E-02,2.7));
#5957 = CARTESIAN_POINT('',(5.955223880597,7.840749102309E-02,
    2.780201034946));
#5958 = CARTESIAN_POINT('',(5.959030045551,0.103623154305,2.858312571775
    ));
#5959 = CARTESIAN_POINT('',(5.966331962095,0.151998006982,2.925575853961
    ));
#5960 = CARTESIAN_POINT('',(5.976371257944,0.218507868426,2.97449869481)
  );
#5961 = CARTESIAN_POINT('',(5.988029696277,0.295744472452,3.));
#5962 = CARTESIAN_POINT('',(6.,0.375047169979,3.));
#5963 = PCURVE('',#2653,#5964);
#5964 = DEFINITIONAL_REPRESENTATION('',(#5965),#5968);
#5965 = B_SPLINE_CURVE_WITH_KNOTS('',1,(#5966,#5967),.UNSPECIFIED.,.F.,
  .F.,(2,2),(0.,4.83258533011),.PIECEWISE_BEZIER_KNOTS.);
#5966 = CARTESIAN_POINT('',(-6.465938450576E-03,0.));
#5967 = CARTESIAN_POINT('',(-6.465938450576E-03,1.570796326795));
#5968 = ( GEOMETRIC_REPRESENTATION_CONTEXT(2)
PARAMETRIC_REPRESENTATION_CONTEXT() REPRESENTATION_CONTEXT('2D SPACE',''
  ) );
#5969 = PCURVE('',#2811,#5970);
#5970 = DEFINITIONAL_REPRESENTATION('',(#5971),#5974);
#5971 = B_SPLINE_CURVE_WITH_KNOTS('',1,(#5972,#5973),.UNSPECIFIED.,.F.,
  .F.,(2,2),(0.,4.83258533011),.PIECEWISE_BEZIER_KNOTS.);
#5972 = CARTESIAN_POINT('',(0.,478.47642990597));
#5973 = CARTESIAN_POINT('',(4.83258533011,478.47642990597));
#5974 = ( GEOMETRIC_REPRESENTATION_CONTEXT(2)
PARAMETRIC_REPRESENTATION_CONTEXT() REPRESENTATION_CONTEXT('2D SPACE',''
  ) );
#5975 = ORIENTED_EDGE('',*,*,#5976,.T.);
#5976 = EDGE_CURVE('',#5952,#5899,#5977,.T.);
#5977 = SURFACE_CURVE('',#5978,(#5983,#5990),.PCURVE_S1.);
#5978 = CIRCLE('',#5979,7.);
#5979 = AXIS2_PLACEMENT_3D('',#5980,#5981,#5982);
#5980 = CARTESIAN_POINT('',(7.,7.,2.7));
#5981 = DIRECTION('',(0.,0.,1.));
#5982 = DIRECTION('',(-0.142857142857,-0.989743318611,0.));
#5983 = PCURVE('',#2653,#5984);
#5984 = DEFINITIONAL_REPRESENTATION('',(#5985),#5989);
#5985 = LINE('',#5986,#5987);
#5986 = CARTESIAN_POINT('',(0.,0.));
#5987 = VECTOR('',#5988,1.);
#5988 = DIRECTION('',(1.,0.));
#5989 = ( GEOMETRIC_REPRESENTATION_CONTEXT(2)
PARAMETRIC_REPRESENTATION_CONTEXT() REPRESENTATION_CONTEXT('2D SPACE',''
  ) );
#5990 = PCURVE('',#5991,#5996);
#5991 = CYLINDRICAL_SURFACE('',#5992,7.);
#5992 = AXIS2_PLACEMENT_3D('',#5993,#5994,#5995);
#5993 = CARTESIAN_POINT('',(7.,7.,0.));
#5994 = DIRECTION('',(0.,0.,1.));
#5995 = DIRECTION('',(-1.,-0.,0.));
#5996 = DEFINITIONAL_REPRESENTATION('',(#5997),#6001);
#5997 = LINE('',#5998,#5999);
#5998 = CARTESIAN_POINT('',(1.42744875789,2.7));
#5999 = VECTOR('',#6000,1.);
#6000 = DIRECTION('',(1.,0.));
#6001 = ( GEOMETRIC_REPRESENTATION_CONTEXT(2)
PARAMETRIC_REPRESENTATION_CONTEXT() REPRESENTATION_CONTEXT('2D SPACE',''
  ) );
#6002 = ORIENTED_EDGE('',*,*,#5898,.T.);
#6003 = ORIENTED_EDGE('',*,*,#2636,.F.);
#6004 = ADVANCED_FACE('',(#6005),#2811,.F.);
#6005 = FACE_BOUND('',#6006,.F.);
#6006 = EDGE_LOOP('',(#6007,#6049,#6050,#6051));
#6007 = ORIENTED_EDGE('',*,*,#6008,.T.);
#6008 = EDGE_CURVE('',#6009,#2724,#6011,.T.);
#6009 = VERTEX_POINT('',#6010);
#6010 = CARTESIAN_POINT('',(2.507462686567,1.631843101453,6.));
#6011 = SURFACE_CURVE('',#6012,(#6017,#6043),.PCURVE_S1.);
#6012 = CIRCLE('',#6013,0.3);
#6013 = AXIS2_PLACEMENT_3D('',#6014,#6015,#6016);
#6014 = CARTESIAN_POINT('',(2.7,1.861906968534,6.));
#6015 = DIRECTION('',(0.,0.,1.));
#6016 = DIRECTION('',(-0.641791044776,-0.766879556935,0.));
#6017 = PCURVE('',#2811,#6018);
#6018 = DEFINITIONAL_REPRESENTATION('',(#6019),#6042);
#6019 = B_SPLINE_CURVE_WITH_KNOTS('',6,(#6020,#6021,#6022,#6023,#6024,
    #6025,#6026,#6027,#6028,#6029,#6030,#6031,#6032,#6033,#6034,#6035,
    #6036,#6037,#6038,#6039,#6040,#6041),.UNSPECIFIED.,.F.,.F.,(7,5,5,5,
    7),(0.,0.56690695335,1.1338139067,1.700720860051,2.267627813401),
  .UNSPECIFIED.);
#6020 = CARTESIAN_POINT('',(0.,473.64384457586));
#6021 = CARTESIAN_POINT('',(0.20136591201,473.64384457586));
#6022 = CARTESIAN_POINT('',(0.40272304594,473.64384457586));
#6023 = CARTESIAN_POINT('',(0.604078429686,473.64384457586));
#6024 = CARTESIAN_POINT('',(0.805434319525,473.64384457586));
#6025 = CARTESIAN_POINT('',(1.006790663119,473.64384457586));
#6026 = CARTESIAN_POINT('',(1.40950446189,473.64384457586));
#6027 = CARTESIAN_POINT('',(1.610860483371,473.64384457586));
#6028 = CARTESIAN_POINT('',(1.812220427604,473.64384457586));
#6029 = CARTESIAN_POINT('',(2.013576955081,473.64384457586));
#6030 = CARTESIAN_POINT('',(2.214934946629,473.64384457586));
#6031 = CARTESIAN_POINT('',(2.617650383481,473.64384457586));
#6032 = CARTESIAN_POINT('',(2.819008375029,473.64384457586));
#6033 = CARTESIAN_POINT('',(3.020364902506,473.64384457586));
#6034 = CARTESIAN_POINT('',(3.22172484674,473.64384457586));
#6035 = CARTESIAN_POINT('',(3.42308086822,473.64384457586));
#6036 = CARTESIAN_POINT('',(3.825794666992,473.64384457586));
#6037 = CARTESIAN_POINT('',(4.027151010585,473.64384457586));
#6038 = CARTESIAN_POINT('',(4.228506900425,473.64384457586));
#6039 = CARTESIAN_POINT('',(4.42986228417,473.64384457586));
#6040 = CARTESIAN_POINT('',(4.6312194181,473.64384457586));
#6041 = CARTESIAN_POINT('',(4.83258533011,473.64384457586));
#6042 = ( GEOMETRIC_REPRESENTATION_CONTEXT(2)
PARAMETRIC_REPRESENTATION_CONTEXT() REPRESENTATION_CONTEXT('2D SPACE',''
  ) );
#6043 = PCURVE('',#3308,#6044);
#6044 = DEFINITIONAL_REPRESENTATION('',(#6045),#6048);
#6045 = B_SPLINE_CURVE_WITH_KNOTS('',1,(#6046,#6047),.UNSPECIFIED.,.F.,
  .F.,(2,2),(0.,2.267627813401),.PIECEWISE_BEZIER_KNOTS.);
#6046 = CARTESIAN_POINT('',(0.,146.));
#6047 = CARTESIAN_POINT('',(-2.267627813401,146.));
#6048 = ( GEOMETRIC_REPRESENTATION_CONTEXT(2)
PARAMETRIC_REPRESENTATION_CONTEXT() REPRESENTATION_CONTEXT('2D SPACE',''
  ) );
#6049 = ORIENTED_EDGE('',*,*,#2746,.T.);
#6050 = ORIENTED_EDGE('',*,*,#5951,.F.);
#6051 = ORIENTED_EDGE('',*,*,#6052,.F.);
#6052 = EDGE_CURVE('',#6009,#5952,#6053,.T.);
#6053 = SURFACE_CURVE('',#6054,(#6078,#6085),.PCURVE_S1.);
#6054 = ( BOUNDED_CURVE() B_SPLINE_CURVE(8,(#6055,#6056,#6057,#6058,
    #6059,#6060,#6061,#6062,#6063,#6064,#6065,#6066,#6067,#6068,#6069,
    #6070,#6071,#6072,#6073,#6074,#6075,#6076,#6077),.UNSPECIFIED.,.F.,
.F.) B_SPLINE_CURVE_WITH_KNOTS((9,7,7,9),(473.64384457586,
    476.33362002711,477.51663021031,478.47642990597),.UNSPECIFIED.)
CURVE() GEOMETRIC_REPRESENTATION_ITEM() RATIONAL_B_SPLINE_CURVE((
    1.066705203297,1.066705203297,1.065448760828,1.062903411914,
    1.059584075668,1.056165472882,1.052611614944,1.049176748099,
    1.044486315583,1.043088749082,1.04173624281,1.0404351781,
    1.039193117982,1.038020254328,1.036927649785,1.035106593554,
    1.034347515227,1.033653731598,1.033032863531,1.032491460676,
1.032035001478,1.031667893173,1.031393471788)) REPRESENTATION_ITEM('')
  );
#6055 = CARTESIAN_POINT('',(2.507462686567,1.631843101453,6.));
#6056 = CARTESIAN_POINT('',(2.507462686567,1.631843101453,5.629172140084
    ));
#6057 = CARTESIAN_POINT('',(2.557115404959,1.590331792239,5.257551344591
    ));
#6058 = CARTESIAN_POINT('',(2.657471990806,1.506093930461,4.898379167195
    ));
#6059 = CARTESIAN_POINT('',(2.800200839404,1.391738005393,4.573032843886
    ));
#6060 = CARTESIAN_POINT('',(2.971622492302,1.265206791854,4.273943448098
    ));
#6061 = CARTESIAN_POINT('',(3.175787214472,1.126457530584,3.999074630572
    ));
#6062 = CARTESIAN_POINT('',(3.408663285286,0.983960066492,3.749645730164
    ));
#6063 = CARTESIAN_POINT('',(3.790152670875,0.777899755232,3.427340324345
    ));
#6064 = CARTESIAN_POINT('',(3.913209476237,0.714714372451,3.333681932403
    ));
#6065 = CARTESIAN_POINT('',(4.042392240131,0.651937969519,3.245317903334
    ));
#6066 = CARTESIAN_POINT('',(4.178049845169,0.589905825002,3.162420905264
    ));
#6067 = CARTESIAN_POINT('',(4.320418113471,0.529026697708,3.085330882675
    ));
#6068 = CARTESIAN_POINT('',(4.469470303632,0.46984072541,3.014606378323)
  );
#6069 = CARTESIAN_POINT('',(4.625121304508,0.412940801833,2.950937034317
    ));
#6070 = CARTESIAN_POINT('',(4.920001342565,0.314715827105,2.849382751524
    ));
#6071 = CARTESIAN_POINT('',(5.057019294832,0.272408893877,2.808852085364
    ));
#6072 = CARTESIAN_POINT('',(5.198448911273,0.23231875003,2.773911589835)
  );
#6073 = CARTESIAN_POINT('',(5.343855010269,0.194878101243,2.745098551201
    ));
#6074 = CARTESIAN_POINT('',(5.492764308128,0.160467066099,2.722897538972
    ));
#6075 = CARTESIAN_POINT('',(5.644666169914,0.129412366409,2.707739340011
    ));
#6076 = CARTESIAN_POINT('',(5.799013517267,0.101986581673,2.7));
#6077 = CARTESIAN_POINT('',(5.955223880597,7.840749102309E-02,2.7));
#6078 = PCURVE('',#2811,#6079);
#6079 = DEFINITIONAL_REPRESENTATION('',(#6080),#6084);
#6080 = LINE('',#6081,#6082);
#6081 = CARTESIAN_POINT('',(0.,0.));
#6082 = VECTOR('',#6083,1.);
#6083 = DIRECTION('',(0.,1.));
#6084 = ( GEOMETRIC_REPRESENTATION_CONTEXT(2)
PARAMETRIC_REPRESENTATION_CONTEXT() REPRESENTATION_CONTEXT('2D SPACE',''
  ) );
#6085 = PCURVE('',#5991,#6086);
#6086 = DEFINITIONAL_REPRESENTATION('',(#6087),#6130);
#6087 = B_SPLINE_CURVE_WITH_KNOTS('',11,(#6088,#6089,#6090,#6091,#6092,
    #6093,#6094,#6095,#6096,#6097,#6098,#6099,#6100,#6101,#6102,#6103,
    #6104,#6105,#6106,#6107,#6108,#6109,#6110,#6111,#6112,#6113,#6114,
    #6115,#6116,#6117,#6118,#6119,#6120,#6121,#6122,#6123,#6124,#6125,
    #6126,#6127,#6128,#6129),.UNSPECIFIED.,.F.,.F.,(12,10,10,10,12),(
    473.64384457586,476.06013724091,477.26828357344,477.87235673971,
    478.47642990597),.UNSPECIFIED.);
#6088 = CARTESIAN_POINT('',(0.873964840189,6.));
#6089 = CARTESIAN_POINT('',(0.873964840189,5.757728032313));
#6090 = CARTESIAN_POINT('',(0.877759219358,5.515487248883));
#6091 = CARTESIAN_POINT('',(0.885385030246,5.276439607115));
#6092 = CARTESIAN_POINT('',(0.89658101042,5.044687294789));
#6093 = CARTESIAN_POINT('',(0.910870511001,4.822916632022));
#6094 = CARTESIAN_POINT('',(0.927748971706,4.612099636559));
#6095 = CARTESIAN_POINT('',(0.946830759725,4.412131961992));
#6096 = CARTESIAN_POINT('',(0.967886778308,4.222620119154));
#6097 = CARTESIAN_POINT('',(0.990780839048,4.043365089113));
#6098 = CARTESIAN_POINT('',(1.015389380407,3.874423637144));
#6099 = CARTESIAN_POINT('',(1.054803864603,3.636732434526));
#6100 = CARTESIAN_POINT('',(1.068360026511,3.560122316226));
#6101 = CARTESIAN_POINT('',(1.082317953452,3.486167742256));
#6102 = CARTESIAN_POINT('',(1.096714846754,3.414794123831));
#6103 = CARTESIAN_POINT('',(1.111511473824,3.34618218988));
#6104 = CARTESIAN_POINT('',(1.126702496332,3.280431178914));
#6105 = CARTESIAN_POINT('',(1.142325744838,3.217542469581));
#6106 = CARTESIAN_POINT('',(1.158388809047,3.157647700203));
#6107 = CARTESIAN_POINT('',(1.174859289649,3.101026050356));
#6108 = CARTESIAN_POINT('',(1.191761390657,3.047794971944));
#6109 = CARTESIAN_POINT('',(1.217748633557,2.973428402606));
#6110 = CARTESIAN_POINT('',(1.22652157955,2.949541480849));
#6111 = CARTESIAN_POINT('',(1.235366534226,2.926672335118));
#6112 = CARTESIAN_POINT('',(1.244443240683,2.904480383613));
#6113 = CARTESIAN_POINT('',(1.253362410342,2.883931175301));
#6114 = CARTESIAN_POINT('',(1.262733358991,2.86352846042));
#6115 = CARTESIAN_POINT('',(1.271972837613,2.844869640677));
#6116 = CARTESIAN_POINT('',(1.281428529454,2.826987448527));
#6117 = CARTESIAN_POINT('',(1.290950188472,2.810382876346));
#6118 = CARTESIAN_POINT('',(1.300571008145,2.794962441045));
#6119 = CARTESIAN_POINT('',(1.319987883064,2.766625161523));
#6120 = CARTESIAN_POINT('',(1.329784309004,2.753706047693));
#6121 = CARTESIAN_POINT('',(1.339663229762,2.742078532851));
#6122 = CARTESIAN_POINT('',(1.349619083954,2.731782857498));
#6123 = CARTESIAN_POINT('',(1.359646242454,2.722857429569));
#6124 = CARTESIAN_POINT('',(1.369739008422,2.715338824448));
#6125 = CARTESIAN_POINT('',(1.379891617272,2.709261784948));
#6126 = CARTESIAN_POINT('',(1.390098236703,2.704659221335));
#6127 = CARTESIAN_POINT('',(1.400352966673,2.701562211305));
#6128 = CARTESIAN_POINT('',(1.410649839418,2.7));
#6129 = CARTESIAN_POINT('',(1.420982819439,2.7));
#6130 = ( GEOMETRIC_REPRESENTATION_CONTEXT(2)
PARAMETRIC_REPRESENTATION_CONTEXT() REPRESENTATION_CONTEXT('2D SPACE',''
  ) );
#6131 = ADVANCED_FACE('',(#6132),#3076,.F.);
#6132 = FACE_BOUND('',#6133,.F.);
#6133 = EDGE_LOOP('',(#6134,#6135,#6136,#6167));
#6134 = ORIENTED_EDGE('',*,*,#5874,.T.);
#6135 = ORIENTED_EDGE('',*,*,#3008,.T.);
#6136 = ORIENTED_EDGE('',*,*,#6137,.F.);
#6137 = EDGE_CURVE('',#6138,#2986,#6140,.T.);
#6138 = VERTEX_POINT('',#6139);
#6139 = CARTESIAN_POINT('',(93.492537313433,1.631843101453,6.));
#6140 = SURFACE_CURVE('',#6141,(#6149,#6155),.PCURVE_S1.);
#6141 = ( BOUNDED_CURVE() B_SPLINE_CURVE(6,(#6142,#6143,#6144,#6145,
#6146,#6147,#6148),.UNSPECIFIED.,.F.,.F.) B_SPLINE_CURVE_WITH_KNOTS((7,7
),(0.,4.832585329074),.PIECEWISE_BEZIER_KNOTS.) CURVE()
GEOMETRIC_REPRESENTATION_ITEM() RATIONAL_B_SPLINE_CURVE((1.066705203297,
    1.020249745885,0.995713300237,0.987609681784,0.995713300237,
1.020249745885,1.066705203297)) REPRESENTATION_ITEM('') );
#6142 = CARTESIAN_POINT('',(93.492537313433,1.631843101453,6.));
#6143 = CARTESIAN_POINT('',(93.401632015484,1.555765697097,6.));
#6144 = CARTESIAN_POINT('',(93.280613976754,1.526314919407,6.));
#6145 = CARTESIAN_POINT('',(93.155758195827,1.55310371484,6.));
#6146 = CARTESIAN_POINT('',(93.055083094167,1.631660251788,6.));
#6147 = CARTESIAN_POINT('',(93.,1.743367757094,6.));
#6148 = CARTESIAN_POINT('',(93.,1.861906968534,6.));
#6149 = PCURVE('',#3076,#6150);
#6150 = DEFINITIONAL_REPRESENTATION('',(#6151),#6154);
#6151 = B_SPLINE_CURVE_WITH_KNOTS('',1,(#6152,#6153),.UNSPECIFIED.,.F.,
  .F.,(2,2),(0.,4.832585329074),.PIECEWISE_BEZIER_KNOTS.);
#6152 = CARTESIAN_POINT('',(0.,87.881281524942));
#6153 = CARTESIAN_POINT('',(4.832585329074,87.881281524942));
#6154 = ( GEOMETRIC_REPRESENTATION_CONTEXT(2)
PARAMETRIC_REPRESENTATION_CONTEXT() REPRESENTATION_CONTEXT('2D SPACE',''
  ) );
#6155 = PCURVE('',#3362,#6156);
#6156 = DEFINITIONAL_REPRESENTATION('',(#6157),#6166);
#6157 = B_SPLINE_CURVE_WITH_KNOTS('',7,(#6158,#6159,#6160,#6161,#6162,
    #6163,#6164,#6165),.UNSPECIFIED.,.F.,.F.,(8,8),(0.,4.832585329074),
  .PIECEWISE_BEZIER_KNOTS.);
#6158 = CARTESIAN_POINT('',(0.,0.));
#6159 = CARTESIAN_POINT('',(-0.323933654973,0.));
#6160 = CARTESIAN_POINT('',(-0.647914920687,0.));
#6161 = CARTESIAN_POINT('',(-0.971815950378,0.));
#6162 = CARTESIAN_POINT('',(-1.295811863022,0.));
#6163 = CARTESIAN_POINT('',(-1.619712892714,0.));
#6164 = CARTESIAN_POINT('',(-1.943694158428,0.));
#6165 = CARTESIAN_POINT('',(-2.267627813401,0.));
#6166 = ( GEOMETRIC_REPRESENTATION_CONTEXT(2)
PARAMETRIC_REPRESENTATION_CONTEXT() REPRESENTATION_CONTEXT('2D SPACE',''
  ) );
#6167 = ORIENTED_EDGE('',*,*,#6168,.F.);
#6168 = EDGE_CURVE('',#5846,#6138,#6169,.T.);
#6169 = SURFACE_CURVE('',#6170,(#6197,#6204),.PCURVE_S1.);
#6170 = ( BOUNDED_CURVE() B_SPLINE_CURVE(9,(#6171,#6172,#6173,#6174,
    #6175,#6176,#6177,#6178,#6179,#6180,#6181,#6182,#6183,#6184,#6185,
    #6186,#6187,#6188,#6189,#6190,#6191,#6192,#6193,#6194,#6195,#6196),
.UNSPECIFIED.,.F.,.F.) B_SPLINE_CURVE_WITH_KNOTS((10,8,8,10),(
    83.048696195869,84.008511974067,85.204082802717,87.881281524942),
.UNSPECIFIED.) CURVE() GEOMETRIC_REPRESENTATION_ITEM()
RATIONAL_B_SPLINE_CURVE((1.031393471788,1.031637401948,1.03195342184,
    1.032339307431,1.03279223961,1.033308804186,1.033884991892,
    1.034516198381,1.035197224226,1.036825416426,1.037797735611,
    1.038834672378,1.039928996088,1.041073391311,1.042261780581,
    1.043489384159,1.044751516811,1.048928887162,1.051958378008,
    1.055045142325,1.058167088508,1.061081124498,1.063793901962,
1.06573348299,1.066705203297,1.066705203297)) REPRESENTATION_ITEM('') );
#6171 = CARTESIAN_POINT('',(90.044776119403,7.840749102309E-02,2.7));
#6172 = CARTESIAN_POINT('',(90.183633907485,9.936730638256E-02,2.7));
#6173 = CARTESIAN_POINT('',(90.3210439096,0.123319434117,2.706019963258)
  );
#6174 = CARTESIAN_POINT('',(90.456616605627,0.150118540245,
    2.717846292236));
#6175 = CARTESIAN_POINT('',(90.589982231717,0.179588736016,
    2.735234294834));
#6176 = CARTESIAN_POINT('',(90.720791322783,0.211523903004,
    2.757908592557));
#6177 = CARTESIAN_POINT('',(90.848715193382,0.245688058115,
    2.785563589623));
#6178 = CARTESIAN_POINT('',(90.973446351861,0.281815750268,2.81786399315
    ));
#6179 = CARTESIAN_POINT('',(91.094698843754,0.319612479413,2.8544453734)
  );
#6180 = CARTESIAN_POINT('',(91.35835169157,0.407435634232,2.945245272784
    ));
#6181 = CARTESIAN_POINT('',(91.498900269168,0.458265932246,
    3.001643586704));
#6182 = CARTESIAN_POINT('',(91.634176320145,0.510964002085,
    3.063717825866));
#6183 = CARTESIAN_POINT('',(91.764166460568,0.565134964805,3.13099711207
    ));
#6184 = CARTESIAN_POINT('',(91.888823201421,0.620388733919,
    3.203059643485));
#6185 = CARTESIAN_POINT('',(92.008220264014,0.676400420092,
    3.279599855195));
#6186 = CARTESIAN_POINT('',(92.122564007886,0.732914271135,
    3.360435477765));
#6187 = CARTESIAN_POINT('',(92.23206313672,0.789692060175,3.445455579165
    ));
#6188 = CARTESIAN_POINT('',(92.56994334864,0.972900628947,3.733134997569
    ));
#6189 = CARTESIAN_POINT('',(92.779069984415,1.099194130491,
    3.952056927623));
#6190 = CARTESIAN_POINT('',(92.964270664401,1.221653833114,
    4.188756300565));
#6191 = CARTESIAN_POINT('',(93.127966994001,1.339033897995,4.44800783232
    ));
#6192 = CARTESIAN_POINT('',(93.264751346151,1.443605841722,
    4.722844752679));
#6193 = CARTESIAN_POINT('',(93.377427347604,1.535495127942,
    5.022958413718));
#6194 = CARTESIAN_POINT('',(93.454218527417,1.599777966957,
    5.343281405348));
#6195 = CARTESIAN_POINT('',(93.492537313433,1.631843101453,
    5.671918445329));
#6196 = CARTESIAN_POINT('',(93.492537313433,1.631843101453,6.));
#6197 = PCURVE('',#3076,#6198);
#6198 = DEFINITIONAL_REPRESENTATION('',(#6199),#6203);
#6199 = LINE('',#6200,#6201);
#6200 = CARTESIAN_POINT('',(0.,0.));
#6201 = VECTOR('',#6202,1.);
#6202 = DIRECTION('',(0.,1.));
#6203 = ( GEOMETRIC_REPRESENTATION_CONTEXT(2)
PARAMETRIC_REPRESENTATION_CONTEXT() REPRESENTATION_CONTEXT('2D SPACE',''
  ) );
#6204 = PCURVE('',#5862,#6205);
#6205 = DEFINITIONAL_REPRESENTATION('',(#6206),#6245);
#6206 = B_SPLINE_CURVE_WITH_KNOTS('',10,(#6207,#6208,#6209,#6210,#6211,
    #6212,#6213,#6214,#6215,#6216,#6217,#6218,#6219,#6220,#6221,#6222,
    #6223,#6224,#6225,#6226,#6227,#6228,#6229,#6230,#6231,#6232,#6233,
    #6234,#6235,#6236,#6237,#6238,#6239,#6240,#6241,#6242,#6243,#6244),
  .UNSPECIFIED.,.F.,.F.,(11,9,9,9,11),(83.048696195869,83.652769362003,
    84.256842528137,85.464988860405,87.881281524942),.UNSPECIFIED.);
#6207 = CARTESIAN_POINT('',(-1.420982819439,2.7));
#6208 = CARTESIAN_POINT('',(-1.409616729593,2.7));
#6209 = CARTESIAN_POINT('',(-1.398294771937,2.701909305591));
#6210 = CARTESIAN_POINT('',(-1.387025244217,2.705690225459));
#6211 = CARTESIAN_POINT('',(-1.375816337787,2.711302189074));
#6212 = CARTESIAN_POINT('',(-1.364676137612,2.718701746694));
#6213 = CARTESIAN_POINT('',(-1.353612622264,2.727842569357));
#6214 = CARTESIAN_POINT('',(-1.342633663928,2.73867544889));
#6215 = CARTESIAN_POINT('',(-1.331747028393,2.751148297902));
#6216 = CARTESIAN_POINT('',(-1.320960375062,2.765206149787));
#6217 = CARTESIAN_POINT('',(-1.299602138828,2.796376167663));
#6218 = CARTESIAN_POINT('',(-1.289034745881,2.813478844614));
#6219 = CARTESIAN_POINT('',(-1.278552449112,2.83211840932));
#6220 = CARTESIAN_POINT('',(-1.268293718276,2.851945529295));
#6221 = CARTESIAN_POINT('',(-1.257965607329,2.873538217891));
#6222 = CARTESIAN_POINT('',(-1.248014131192,2.895939747843));
#6223 = CARTESIAN_POINT('',(-1.238058249503,2.919790954908));
#6224 = CARTESIAN_POINT('',(-1.228277157947,2.944788134481));
#6225 = CARTESIAN_POINT('',(-1.218618876769,2.970938426924));
#6226 = CARTESIAN_POINT('',(-1.190033790264,3.05273780299));
#6227 = CARTESIAN_POINT('',(-1.171496944584,3.111727471423));
#6228 = CARTESIAN_POINT('',(-1.153468558107,3.174878015671));
#6229 = CARTESIAN_POINT('',(-1.135971256307,3.241872328917));
#6230 = CARTESIAN_POINT('',(-1.118996296087,3.312499256046));
#6231 = CARTESIAN_POINT('',(-1.102523385884,3.386616711324));
#6232 = CARTESIAN_POINT('',(-1.0865472187,3.464103864937));
#6233 = CARTESIAN_POINT('',(-1.071075949405,3.544864790947));
#6234 = CARTESIAN_POINT('',(-1.056110599661,3.628855227839));
#6235 = CARTESIAN_POINT('',(-1.012753178154,3.890329627137));
#6236 = CARTESIAN_POINT('',(-0.985908409382,4.0773126233));
#6237 = CARTESIAN_POINT('',(-0.961130235132,4.277054837494));
#6238 = CARTESIAN_POINT('',(-0.938652909407,4.489363108466));
#6239 = CARTESIAN_POINT('',(-0.918662318748,4.714464414862));
#6240 = CARTESIAN_POINT('',(-0.901528469132,4.953038772791));
#6241 = CARTESIAN_POINT('',(-0.887925655626,5.20489800954));
#6242 = CARTESIAN_POINT('',(-0.878604455945,5.467071517982));
#6243 = CARTESIAN_POINT('',(-0.873964840189,5.733502431999));
#6244 = CARTESIAN_POINT('',(-0.873964840189,6.));
#6245 = ( GEOMETRIC_REPRESENTATION_CONTEXT(2)
PARAMETRIC_REPRESENTATION_CONTEXT() REPRESENTATION_CONTEXT('2D SPACE',''
  ) );
#6246 = ADVANCED_FACE('',(#6247),#3308,.T.);
#6247 = FACE_BOUND('',#6248,.F.);
#6248 = EDGE_LOOP('',(#6249,#6280,#6281,#6282));
#6249 = ORIENTED_EDGE('',*,*,#6250,.T.);
#6250 = EDGE_CURVE('',#6251,#3272,#6253,.T.);
#6251 = VERTEX_POINT('',#6252);
#6252 = CARTESIAN_POINT('',(2.507462686567,1.631843101453,152.));
#6253 = SURFACE_CURVE('',#6254,(#6262,#6274),.PCURVE_S1.);
#6254 = ( BOUNDED_CURVE() B_SPLINE_CURVE(6,(#6255,#6256,#6257,#6258,
#6259,#6260,#6261),.UNSPECIFIED.,.F.,.F.) B_SPLINE_CURVE_WITH_KNOTS((7,7
),(0.,4.83258533011),.PIECEWISE_BEZIER_KNOTS.) CURVE()
GEOMETRIC_REPRESENTATION_ITEM() RATIONAL_B_SPLINE_CURVE((1.066705203297,
    1.020249745885,0.995713300237,0.987609681784,0.995713300237,
1.020249745885,1.066705203297)) REPRESENTATION_ITEM('') );
#6255 = CARTESIAN_POINT('',(2.507462686567,1.631843101453,152.));
#6256 = CARTESIAN_POINT('',(2.598367984515,1.555765697097,152.));
#6257 = CARTESIAN_POINT('',(2.719386023246,1.526314919407,152.));
#6258 = CARTESIAN_POINT('',(2.844241804173,1.55310371484,152.));
#6259 = CARTESIAN_POINT('',(2.944916905833,1.631660251788,152.));
#6260 = CARTESIAN_POINT('',(3.,1.743367757094,152.));
#6261 = CARTESIAN_POINT('',(3.,1.861906968534,152.));
#6262 = PCURVE('',#3308,#6263);
#6263 = DEFINITIONAL_REPRESENTATION('',(#6264),#6273);
#6264 = B_SPLINE_CURVE_WITH_KNOTS('',7,(#6265,#6266,#6267,#6268,#6269,
    #6270,#6271,#6272),.UNSPECIFIED.,.F.,.F.,(8,8),(0.,4.83258533011),
  .PIECEWISE_BEZIER_KNOTS.);
#6265 = CARTESIAN_POINT('',(-2.22044604925E-16,0.));
#6266 = CARTESIAN_POINT('',(-0.323933654973,0.));
#6267 = CARTESIAN_POINT('',(-0.647914920687,0.));
#6268 = CARTESIAN_POINT('',(-0.971815950378,0.));
#6269 = CARTESIAN_POINT('',(-1.295811863022,0.));
#6270 = CARTESIAN_POINT('',(-1.619712892714,0.));
#6271 = CARTESIAN_POINT('',(-1.943694158428,0.));
#6272 = CARTESIAN_POINT('',(-2.267627813401,0.));
#6273 = ( GEOMETRIC_REPRESENTATION_CONTEXT(2)
PARAMETRIC_REPRESENTATION_CONTEXT() REPRESENTATION_CONTEXT('2D SPACE',''
  ) );
#6274 = PCURVE('',#3454,#6275);
#6275 = DEFINITIONAL_REPRESENTATION('',(#6276),#6279);
#6276 = B_SPLINE_CURVE_WITH_KNOTS('',1,(#6277,#6278),.UNSPECIFIED.,.F.,
  .F.,(2,2),(0.,4.83258533011),.PIECEWISE_BEZIER_KNOTS.);
#6277 = CARTESIAN_POINT('',(0.,327.64384457586));
#6278 = CARTESIAN_POINT('',(4.83258533011,327.64384457586));
#6279 = ( GEOMETRIC_REPRESENTATION_CONTEXT(2)
PARAMETRIC_REPRESENTATION_CONTEXT() REPRESENTATION_CONTEXT('2D SPACE',''
  ) );
#6280 = ORIENTED_EDGE('',*,*,#3294,.T.);
#6281 = ORIENTED_EDGE('',*,*,#6008,.F.);
#6282 = ORIENTED_EDGE('',*,*,#6283,.F.);
#6283 = EDGE_CURVE('',#6251,#6009,#6284,.T.);
#6284 = SURFACE_CURVE('',#6285,(#6289,#6296),.PCURVE_S1.);
#6285 = LINE('',#6286,#6287);
#6286 = CARTESIAN_POINT('',(2.507462686567,1.631843101453,152.));
#6287 = VECTOR('',#6288,1.);
#6288 = DIRECTION('',(-0.,-0.,-1.));
#6289 = PCURVE('',#3308,#6290);
#6290 = DEFINITIONAL_REPRESENTATION('',(#6291),#6295);
#6291 = LINE('',#6292,#6293);
#6292 = CARTESIAN_POINT('',(-0.,0.));
#6293 = VECTOR('',#6294,1.);
#6294 = DIRECTION('',(-0.,1.));
#6295 = ( GEOMETRIC_REPRESENTATION_CONTEXT(2)
PARAMETRIC_REPRESENTATION_CONTEXT() REPRESENTATION_CONTEXT('2D SPACE',''
  ) );
#6296 = PCURVE('',#5991,#6297);
#6297 = DEFINITIONAL_REPRESENTATION('',(#6298),#6302);
#6298 = LINE('',#6299,#6300);
#6299 = CARTESIAN_POINT('',(0.873964840189,152.));
#6300 = VECTOR('',#6301,1.);
#6301 = DIRECTION('',(-0.,-1.));
#6302 = ( GEOMETRIC_REPRESENTATION_CONTEXT(2)
PARAMETRIC_REPRESENTATION_CONTEXT() REPRESENTATION_CONTEXT('2D SPACE',''
  ) );
#6303 = ADVANCED_FACE('',(#6304),#3362,.T.);
#6304 = FACE_BOUND('',#6305,.F.);
#6305 = EDGE_LOOP('',(#6306,#6307,#6308,#6350));
#6306 = ORIENTED_EDGE('',*,*,#6137,.T.);
#6307 = ORIENTED_EDGE('',*,*,#3348,.T.);
#6308 = ORIENTED_EDGE('',*,*,#6309,.F.);
#6309 = EDGE_CURVE('',#6310,#3326,#6312,.T.);
#6310 = VERTEX_POINT('',#6311);
#6311 = CARTESIAN_POINT('',(93.492537313433,1.631843101453,152.));
#6312 = SURFACE_CURVE('',#6313,(#6318,#6324),.PCURVE_S1.);
#6313 = CIRCLE('',#6314,0.3);
#6314 = AXIS2_PLACEMENT_3D('',#6315,#6316,#6317);
#6315 = CARTESIAN_POINT('',(93.3,1.861906968534,152.));
#6316 = DIRECTION('',(0.,-0.,-1.));
#6317 = DIRECTION('',(0.641791044776,-0.766879556935,0.));
#6318 = PCURVE('',#3362,#6319);
#6319 = DEFINITIONAL_REPRESENTATION('',(#6320),#6323);
#6320 = B_SPLINE_CURVE_WITH_KNOTS('',1,(#6321,#6322),.UNSPECIFIED.,.F.,
  .F.,(2,2),(0.,2.267627813401),.PIECEWISE_BEZIER_KNOTS.);
#6321 = CARTESIAN_POINT('',(0.,146.));
#6322 = CARTESIAN_POINT('',(-2.267627813401,146.));
#6323 = ( GEOMETRIC_REPRESENTATION_CONTEXT(2)
PARAMETRIC_REPRESENTATION_CONTEXT() REPRESENTATION_CONTEXT('2D SPACE',''
  ) );
#6324 = PCURVE('',#3737,#6325);
#6325 = DEFINITIONAL_REPRESENTATION('',(#6326),#6349);
#6326 = B_SPLINE_CURVE_WITH_KNOTS('',6,(#6327,#6328,#6329,#6330,#6331,
    #6332,#6333,#6334,#6335,#6336,#6337,#6338,#6339,#6340,#6341,#6342,
    #6343,#6344,#6345,#6346,#6347,#6348),.UNSPECIFIED.,.F.,.F.,(7,5,5,5,
    7),(0.,0.56690695335,1.1338139067,1.700720860051,2.267627813401),
  .UNSPECIFIED.);
#6327 = CARTESIAN_POINT('',(-1.110223024625E-16,233.88128152494));
#6328 = CARTESIAN_POINT('',(0.201365911967,233.88128152494));
#6329 = CARTESIAN_POINT('',(0.402723045853,233.88128152494));
#6330 = CARTESIAN_POINT('',(0.604078429556,233.88128152494));
#6331 = CARTESIAN_POINT('',(0.805434319353,233.88128152494));
#6332 = CARTESIAN_POINT('',(1.006790662902,233.88128152494));
#6333 = CARTESIAN_POINT('',(1.409504461588,233.88128152494));
#6334 = CARTESIAN_POINT('',(1.610860483025,233.88128152494));
#6335 = CARTESIAN_POINT('',(1.812220427215,233.88128152494));
#6336 = CARTESIAN_POINT('',(2.013576954649,233.88128152494));
#6337 = CARTESIAN_POINT('',(2.214934946154,233.88128152494));
#6338 = CARTESIAN_POINT('',(2.617650382919,233.88128152494));
#6339 = CARTESIAN_POINT('',(2.819008374424,233.88128152494));
#6340 = CARTESIAN_POINT('',(3.020364901858,233.88128152494));
#6341 = CARTESIAN_POINT('',(3.221724846048,233.88128152494));
#6342 = CARTESIAN_POINT('',(3.423080867486,233.88128152494));
#6343 = CARTESIAN_POINT('',(3.825794666171,233.88128152494));
#6344 = CARTESIAN_POINT('',(4.027151009721,233.88128152494));
#6345 = CARTESIAN_POINT('',(4.228506899517,233.88128152494));
#6346 = CARTESIAN_POINT('',(4.42986228322,233.88128152494));
#6347 = CARTESIAN_POINT('',(4.631219417107,233.88128152494));
#6348 = CARTESIAN_POINT('',(4.832585329073,233.88128152494));
#6349 = ( GEOMETRIC_REPRESENTATION_CONTEXT(2)
PARAMETRIC_REPRESENTATION_CONTEXT() REPRESENTATION_CONTEXT('2D SPACE',''
  ) );
#6350 = ORIENTED_EDGE('',*,*,#6351,.F.);
#6351 = EDGE_CURVE('',#6138,#6310,#6352,.T.);
#6352 = SURFACE_CURVE('',#6353,(#6357,#6364),.PCURVE_S1.);
#6353 = LINE('',#6354,#6355);
#6354 = CARTESIAN_POINT('',(93.492537313433,1.631843101453,6.));
#6355 = VECTOR('',#6356,1.);
#6356 = DIRECTION('',(0.,0.,1.));
#6357 = PCURVE('',#3362,#6358);
#6358 = DEFINITIONAL_REPRESENTATION('',(#6359),#6363);
#6359 = LINE('',#6360,#6361);
#6360 = CARTESIAN_POINT('',(-0.,0.));
#6361 = VECTOR('',#6362,1.);
#6362 = DIRECTION('',(-0.,1.));
#6363 = ( GEOMETRIC_REPRESENTATION_CONTEXT(2)
PARAMETRIC_REPRESENTATION_CONTEXT() REPRESENTATION_CONTEXT('2D SPACE',''
  ) );
#6364 = PCURVE('',#5862,#6365);
#6365 = DEFINITIONAL_REPRESENTATION('',(#6366),#6370);
#6366 = LINE('',#6367,#6368);
#6367 = CARTESIAN_POINT('',(-0.873964840189,6.));
#6368 = VECTOR('',#6369,1.);
#6369 = DIRECTION('',(-0.,1.));
#6370 = ( GEOMETRIC_REPRESENTATION_CONTEXT(2)
PARAMETRIC_REPRESENTATION_CONTEXT() REPRESENTATION_CONTEXT('2D SPACE',''
  ) );
#6371 = ADVANCED_FACE('',(#6372),#3454,.F.);
#6372 = FACE_BOUND('',#6373,.F.);
#6373 = EDGE_LOOP('',(#6374,#6396,#6397,#6398));
#6374 = ORIENTED_EDGE('',*,*,#6375,.T.);
#6375 = EDGE_CURVE('',#6376,#3381,#6378,.T.);
#6376 = VERTEX_POINT('',#6377);
#6377 = CARTESIAN_POINT('',(5.955223880597,7.840749102309E-02,155.3));
#6378 = SURFACE_CURVE('',#6379,(#6384,#6390),.PCURVE_S1.);
#6379 = CIRCLE('',#6380,0.3);
#6380 = AXIS2_PLACEMENT_3D('',#6381,#6382,#6383);
#6381 = CARTESIAN_POINT('',(6.,0.375047169979,155.3));
#6382 = DIRECTION('',(0.988798929854,-0.149253731343,0.));
#6383 = DIRECTION('',(-0.149253731343,-0.988798929854,0.));
#6384 = PCURVE('',#3454,#6385);
#6385 = DEFINITIONAL_REPRESENTATION('',(#6386),#6389);
#6386 = B_SPLINE_CURVE_WITH_KNOTS('',1,(#6387,#6388),.UNSPECIFIED.,.F.,
  .F.,(2,2),(0.,1.570796326795),.PIECEWISE_BEZIER_KNOTS.);
#6387 = CARTESIAN_POINT('',(0.,322.81125924575));
#6388 = CARTESIAN_POINT('',(4.83258533011,322.81125924575));
#6389 = ( GEOMETRIC_REPRESENTATION_CONTEXT(2)
PARAMETRIC_REPRESENTATION_CONTEXT() REPRESENTATION_CONTEXT('2D SPACE',''
  ) );
#6390 = PCURVE('',#3955,#6391);
#6391 = DEFINITIONAL_REPRESENTATION('',(#6392),#6395);
#6392 = B_SPLINE_CURVE_WITH_KNOTS('',1,(#6393,#6394),.UNSPECIFIED.,.F.,
  .F.,(2,2),(0.,1.570796326795),.PIECEWISE_BEZIER_KNOTS.);
#6393 = CARTESIAN_POINT('',(0.149813507356,0.));
#6394 = CARTESIAN_POINT('',(0.149813507356,1.570796326795));
#6395 = ( GEOMETRIC_REPRESENTATION_CONTEXT(2)
PARAMETRIC_REPRESENTATION_CONTEXT() REPRESENTATION_CONTEXT('2D SPACE',''
  ) );
#6396 = ORIENTED_EDGE('',*,*,#3380,.T.);
#6397 = ORIENTED_EDGE('',*,*,#6250,.F.);
#6398 = ORIENTED_EDGE('',*,*,#6399,.F.);
#6399 = EDGE_CURVE('',#6376,#6251,#6400,.T.);
#6400 = SURFACE_CURVE('',#6401,(#6428,#6435),.PCURVE_S1.);
#6401 = ( BOUNDED_CURVE() B_SPLINE_CURVE(9,(#6402,#6403,#6404,#6405,
    #6406,#6407,#6408,#6409,#6410,#6411,#6412,#6413,#6414,#6415,#6416,
    #6417,#6418,#6419,#6420,#6421,#6422,#6423,#6424,#6425,#6426,#6427),
.UNSPECIFIED.,.F.,.F.) B_SPLINE_CURVE_WITH_KNOTS((10,8,8,10),(
    322.81125924575,323.7710589414,324.9540691246,327.64384457586),
.UNSPECIFIED.) CURVE() GEOMETRIC_REPRESENTATION_ITEM()
RATIONAL_B_SPLINE_CURVE((1.031393471788,1.031637401908,1.031953421855,
    1.03233930761,1.03279224004,1.033308804894,1.033884992808,
    1.034516199299,1.035197224772,1.036815941421,1.037777277759,
    1.038802052938,1.039883181913,1.041013454243,1.04218694196,
    1.043399086231,1.044645462829,1.048815345153,1.051855844639,
    1.054957862223,1.058099720761,1.061026850812,1.063769620343,
1.065723463357,1.066705203297,1.066705203297)) REPRESENTATION_ITEM('')
  );
#6402 = CARTESIAN_POINT('',(5.955223880597,7.840749102309E-02,155.3));
#6403 = CARTESIAN_POINT('',(5.816366120319,9.93673021856E-02,155.3));
#6404 = CARTESIAN_POINT('',(5.678956090216,0.123319433884,
    155.29398003746));
#6405 = CARTESIAN_POINT('',(5.543383336516,0.150118550902,155.2821537046
    ));
#6406 = CARTESIAN_POINT('',(5.410017646317,0.179588761847,
    155.26476569175));
#6407 = CARTESIAN_POINT('',(5.279208505065,0.211523944254,
    155.24209137917));
#6408 = CARTESIAN_POINT('',(5.151284615643,0.245688109602,
    155.21443636795));
#6409 = CARTESIAN_POINT('',(5.026553484196,0.281815800016,
    155.18213595978));
#6410 = CARTESIAN_POINT('',(4.905301076726,0.319612507294,
    155.14555459668));
#6411 = CARTESIAN_POINT('',(4.643180197166,0.406925358106,
    155.05528230119));
#6412 = CARTESIAN_POINT('',(4.504053961785,0.457197534944,
    154.99954186801));
#6413 = CARTESIAN_POINT('',(4.370079778946,0.509307198158,
    154.93823283835));
#6414 = CARTESIAN_POINT('',(4.241278765646,0.562868291496,
    154.87181581521));
#6415 = CARTESIAN_POINT('',(4.117709814339,0.617496987062,
    154.80070767579));
#6416 = CARTESIAN_POINT('',(3.99930543089,0.672875920143,154.72520963504
    ));
#6417 = CARTESIAN_POINT('',(3.885857602594,0.728759615682,
    154.64549799119));
#6418 = CARTESIAN_POINT('',(3.777151457875,0.784922046079,
    154.56167643911));
#6419 = CARTESIAN_POINT('',(3.43793366301,0.968150383383,154.27508165846
    ));
#6420 = CARTESIAN_POINT('',(3.227111216237,1.095111522125,
    154.05583188581));
#6421 = CARTESIAN_POINT('',(3.040343724884,1.218352920922,
    153.81850010874));
#6422 = CARTESIAN_POINT('',(2.875148138702,1.336631228777,
    153.55830718144));
#6423 = CARTESIAN_POINT('',(2.737591207569,1.441731479012,
    153.28321420537));
#6424 = CARTESIAN_POINT('',(2.623480084367,1.534709654185,
    152.98118132872));
#6425 = CARTESIAN_POINT('',(2.54619173529,1.599441488635,152.65989389291
    ));
#6426 = CARTESIAN_POINT('',(2.507462686567,1.631843101453,
    152.32962476436));
#6427 = CARTESIAN_POINT('',(2.507462686567,1.631843101453,152.));
#6428 = PCURVE('',#3454,#6429);
#6429 = DEFINITIONAL_REPRESENTATION('',(#6430),#6434);
#6430 = LINE('',#6431,#6432);
#6431 = CARTESIAN_POINT('',(0.,0.));
#6432 = VECTOR('',#6433,1.);
#6433 = DIRECTION('',(0.,1.));
#6434 = ( GEOMETRIC_REPRESENTATION_CONTEXT(2)
PARAMETRIC_REPRESENTATION_CONTEXT() REPRESENTATION_CONTEXT('2D SPACE',''
  ) );
#6435 = PCURVE('',#5991,#6436);
#6436 = DEFINITIONAL_REPRESENTATION('',(#6437),#6476);
#6437 = B_SPLINE_CURVE_WITH_KNOTS('',10,(#6438,#6439,#6440,#6441,#6442,
    #6443,#6444,#6445,#6446,#6447,#6448,#6449,#6450,#6451,#6452,#6453,
    #6454,#6455,#6456,#6457,#6458,#6459,#6460,#6461,#6462,#6463,#6464,
    #6465,#6466,#6467,#6468,#6469,#6470,#6471,#6472,#6473,#6474,#6475),
  .UNSPECIFIED.,.F.,.F.,(11,9,9,9,11),(322.81125924575,323.41533241201,
    324.01940557828,325.2275519108,327.64384457586),.UNSPECIFIED.);
#6438 = CARTESIAN_POINT('',(1.420982819439,155.3));
#6439 = CARTESIAN_POINT('',(1.409616541415,155.3));
#6440 = CARTESIAN_POINT('',(1.398294394508,155.29809063062));
#6441 = CARTESIAN_POINT('',(1.387024677525,155.29430958418));
#6442 = CARTESIAN_POINT('',(1.375815582843,155.28869743269));
#6443 = CARTESIAN_POINT('',(1.364675196402,155.28129762792));
#6444 = CARTESIAN_POINT('',(1.353611497717,155.27215650143));
#6445 = CARTESIAN_POINT('',(1.342632359864,155.26132326438));
#6446 = CARTESIAN_POINT('',(1.331745549491,155.24885000783));
#6447 = CARTESIAN_POINT('',(1.320958726811,155.23479170245));
#6448 = CARTESIAN_POINT('',(1.299600164402,155.20362069498));
#6449 = CARTESIAN_POINT('',(1.2890325648,155.18651730854));
#6450 = CARTESIAN_POINT('',(1.278550482322,155.16787843458));
#6451 = CARTESIAN_POINT('',(1.268290339021,155.14804631232));
#6452 = CARTESIAN_POINT('',(1.257964770475,155.12646223251));
#6453 = CARTESIAN_POINT('',(1.248009641748,155.10404790843));
#6454 = CARTESIAN_POINT('',(1.238056275424,155.08020504674));
#6455 = CARTESIAN_POINT('',(1.228274415007,155.05520496019));
#6456 = CARTESIAN_POINT('',(1.218616178336,155.02905448837));
#6457 = CARTESIAN_POINT('',(1.190030651115,154.94725245494));
#6458 = CARTESIAN_POINT('',(1.171493142081,154.88825784561));
#6459 = CARTESIAN_POINT('',(1.153464620116,154.82511180769));
#6460 = CARTESIAN_POINT('',(1.135967126501,154.75810822338));
#6461 = CARTESIAN_POINT('',(1.118994106784,154.68748493352));
#6462 = CARTESIAN_POINT('',(1.102524186531,154.61338933659));
#6463 = CARTESIAN_POINT('',(1.086547609332,154.53590344792));
#6464 = CARTESIAN_POINT('',(1.071072741092,154.45511342038));
#6465 = CARTESIAN_POINT('',(1.056109721243,154.37114110483));
#6466 = CARTESIAN_POINT('',(1.012754611815,154.10968119));
#6467 = CARTESIAN_POINT('',(0.985902530858,153.92265501918));
#6468 = CARTESIAN_POINT('',(0.961149918678,153.72303132351));
#6469 = CARTESIAN_POINT('',(0.938625544424,153.51049607259));
#6470 = CARTESIAN_POINT('',(0.91866944911,153.28562226192));
#6471 = CARTESIAN_POINT('',(0.901553926812,153.04708231353));
#6472 = CARTESIAN_POINT('',(0.887890302999,152.79482215022));
#6473 = CARTESIAN_POINT('',(0.87861770202,152.53302457128));
#6474 = CARTESIAN_POINT('',(0.873964840189,152.26649916444));
#6475 = CARTESIAN_POINT('',(0.873964840189,152.));
#6476 = ( GEOMETRIC_REPRESENTATION_CONTEXT(2)
PARAMETRIC_REPRESENTATION_CONTEXT() REPRESENTATION_CONTEXT('2D SPACE',''
  ) );
#6477 = ADVANCED_FACE('',(#6478),#3737,.F.);
#6478 = FACE_BOUND('',#6479,.F.);
#6479 = EDGE_LOOP('',(#6480,#6481,#6482,#6507));
#6480 = ORIENTED_EDGE('',*,*,#6309,.T.);
#6481 = ORIENTED_EDGE('',*,*,#3670,.T.);
#6482 = ORIENTED_EDGE('',*,*,#6483,.F.);
#6483 = EDGE_CURVE('',#6484,#3671,#6486,.T.);
#6484 = VERTEX_POINT('',#6485);
#6485 = CARTESIAN_POINT('',(90.044776119403,7.840749102309E-02,155.3));
#6486 = SURFACE_CURVE('',#6487,(#6495,#6501),.PCURVE_S1.);
#6487 = ( BOUNDED_CURVE() B_SPLINE_CURVE(6,(#6488,#6489,#6490,#6491,
#6492,#6493,#6494),.UNSPECIFIED.,.F.,.F.) B_SPLINE_CURVE_WITH_KNOTS((7,7
),(0.,4.832585329073),.PIECEWISE_BEZIER_KNOTS.) CURVE()
GEOMETRIC_REPRESENTATION_ITEM() RATIONAL_B_SPLINE_CURVE((1.031393471788,
    1.010025407661,0.997924642725,0.993958444137,0.997924642725,
1.010025407661,1.031393471788)) REPRESENTATION_ITEM('') );
#6488 = CARTESIAN_POINT('',(90.044776119403,7.840749102309E-02,155.3));
#6489 = CARTESIAN_POINT('',(90.044776119403,7.84074910231E-02,
    155.21979896505));
#6490 = CARTESIAN_POINT('',(90.040969954449,0.103623154305,
    155.14168742822));
#6491 = CARTESIAN_POINT('',(90.033668037905,0.151998006982,
    155.07442414603));
#6492 = CARTESIAN_POINT('',(90.023628742056,0.218507868426,
    155.02550130519));
#6493 = CARTESIAN_POINT('',(90.011970303723,0.295744472452,155.));
#6494 = CARTESIAN_POINT('',(90.,0.375047169979,155.));
#6495 = PCURVE('',#3737,#6496);
#6496 = DEFINITIONAL_REPRESENTATION('',(#6497),#6500);
#6497 = B_SPLINE_CURVE_WITH_KNOTS('',1,(#6498,#6499),.UNSPECIFIED.,.F.,
  .F.,(2,2),(0.,4.832585329073),.PIECEWISE_BEZIER_KNOTS.);
#6498 = CARTESIAN_POINT('',(0.,238.71386685401));
#6499 = CARTESIAN_POINT('',(4.832585329073,238.71386685401));
#6500 = ( GEOMETRIC_REPRESENTATION_CONTEXT(2)
PARAMETRIC_REPRESENTATION_CONTEXT() REPRESENTATION_CONTEXT('2D SPACE',''
  ) );
#6501 = PCURVE('',#4014,#6502);
#6502 = DEFINITIONAL_REPRESENTATION('',(#6503),#6506);
#6503 = B_SPLINE_CURVE_WITH_KNOTS('',1,(#6504,#6505),.UNSPECIFIED.,.F.,
  .F.,(2,2),(0.,4.832585329073),.PIECEWISE_BEZIER_KNOTS.);
#6504 = CARTESIAN_POINT('',(-6.465938450577E-03,0.));
#6505 = CARTESIAN_POINT('',(-6.465938450577E-03,1.570796326795));
#6506 = ( GEOMETRIC_REPRESENTATION_CONTEXT(2)
PARAMETRIC_REPRESENTATION_CONTEXT() REPRESENTATION_CONTEXT('2D SPACE',''
  ) );
#6507 = ORIENTED_EDGE('',*,*,#6508,.F.);
#6508 = EDGE_CURVE('',#6310,#6484,#6509,.T.);
#6509 = SURFACE_CURVE('',#6510,(#6534,#6541),.PCURVE_S1.);
#6510 = ( BOUNDED_CURVE() B_SPLINE_CURVE(8,(#6511,#6512,#6513,#6514,
    #6515,#6516,#6517,#6518,#6519,#6520,#6521,#6522,#6523,#6524,#6525,
    #6526,#6527,#6528,#6529,#6530,#6531,#6532,#6533),.UNSPECIFIED.,.F.,
.F.) B_SPLINE_CURVE_WITH_KNOTS((9,7,7,9),(233.88128152494,
    236.55848024727,237.75405107597,238.71386685401),.UNSPECIFIED.)
CURVE() GEOMETRIC_REPRESENTATION_ITEM() RATIONAL_B_SPLINE_CURVE((
    1.066705203297,1.066705203297,1.065460421876,1.062939111701,
    1.059644782994,1.056246195727,1.052710635672,1.049289782754,
    1.044590333528,1.043174869974,1.041805200352,1.040487838626,
    1.039230436247,1.038043440795,1.036938309114,1.035106592889,
    1.034347514235,1.033653730721,1.033032862959,1.032491460424,
1.032035001447,1.031667893218,1.031393471788)) REPRESENTATION_ITEM('')
  );
#6511 = CARTESIAN_POINT('',(93.492537313433,1.631843101453,152.));
#6512 = CARTESIAN_POINT('',(93.492537313433,1.631843101453,152.369091749
    ));
#6513 = CARTESIAN_POINT('',(93.443348668312,1.590718610438,
    152.73898446021));
#6514 = CARTESIAN_POINT('',(93.343930210717,1.507274705278,
    153.09662289052));
#6515 = CARTESIAN_POINT('',(93.202431454329,1.39384141464,
    153.42088859979));
#6516 = CARTESIAN_POINT('',(93.032411794852,1.26819451148,
    153.71902825392));
#6517 = CARTESIAN_POINT('',(92.829918091249,1.130337049111,
    153.99319738618));
#6518 = CARTESIAN_POINT('',(92.599004527781,0.988658343529,
    154.24212185007));
#6519 = CARTESIAN_POINT('',(92.218971730787,0.782593564853,
    154.56569072298));
#6520 = CARTESIAN_POINT('',(92.094989770968,0.718704068258,
    154.66069604319));
#6521 = CARTESIAN_POINT('',(91.964775668125,0.655219641345,
    154.75029268782));
#6522 = CARTESIAN_POINT('',(91.827968002115,0.592482598137,
    154.83431294307));
#6523 = CARTESIAN_POINT('',(91.684312126222,0.530907093854,
    154.91242012637));
#6524 = CARTESIAN_POINT('',(91.533827310573,0.471046684705,
    154.98404385238));
#6525 = CARTESIAN_POINT('',(91.376601688225,0.413514735197,
    155.04846957659));
#6526 = CARTESIAN_POINT('',(91.079998559105,0.314715792785,
    155.15061728523));
#6527 = CARTESIAN_POINT('',(90.94298052246,0.272408839719,
    155.19114796465));
#6528 = CARTESIAN_POINT('',(90.801550893598,0.232318699878,
    155.22608844878));
#6529 = CARTESIAN_POINT('',(90.656144835942,0.194878067114,
    155.25490146878));
#6530 = CARTESIAN_POINT('',(90.507235609669,0.160467050636,
    155.27710246623));
#6531 = CARTESIAN_POINT('',(90.355333820921,0.129412365359,
    155.29226065906));
#6532 = CARTESIAN_POINT('',(90.200986514031,0.101986586397,155.3));
#6533 = CARTESIAN_POINT('',(90.044776119403,7.840749102309E-02,155.3));
#6534 = PCURVE('',#3737,#6535);
#6535 = DEFINITIONAL_REPRESENTATION('',(#6536),#6540);
#6536 = LINE('',#6537,#6538);
#6537 = CARTESIAN_POINT('',(0.,0.));
#6538 = VECTOR('',#6539,1.);
#6539 = DIRECTION('',(0.,1.));
#6540 = ( GEOMETRIC_REPRESENTATION_CONTEXT(2)
PARAMETRIC_REPRESENTATION_CONTEXT() REPRESENTATION_CONTEXT('2D SPACE',''
  ) );
#6541 = PCURVE('',#5862,#6542);
#6542 = DEFINITIONAL_REPRESENTATION('',(#6543),#6586);
#6543 = B_SPLINE_CURVE_WITH_KNOTS('',11,(#6544,#6545,#6546,#6547,#6548,
    #6549,#6550,#6551,#6552,#6553,#6554,#6555,#6556,#6557,#6558,#6559,
    #6560,#6561,#6562,#6563,#6564,#6565,#6566,#6567,#6568,#6569,#6570,
    #6571,#6572,#6573,#6574,#6575,#6576,#6577,#6578,#6579,#6580,#6581,
    #6582,#6583,#6584,#6585),.UNSPECIFIED.,.F.,.F.,(12,10,10,10,12),(
    233.88128152494,236.29757418947,237.50572052174,238.10979368788,
    238.71386685401),.UNSPECIFIED.);
#6544 = CARTESIAN_POINT('',(-0.873964840189,152.));
#6545 = CARTESIAN_POINT('',(-0.873964840189,152.24227051634));
#6546 = CARTESIAN_POINT('',(-0.877759231693,152.48451798172));
#6547 = CARTESIAN_POINT('',(-0.885385230685,152.72358038154));
#6548 = CARTESIAN_POINT('',(-0.89658242672,152.95534463804));
#6549 = CARTESIAN_POINT('',(-0.910873142494,153.17711679622));
#6550 = CARTESIAN_POINT('',(-0.927751624537,153.38792574247));
#6551 = CARTESIAN_POINT('',(-0.946832473251,153.58788269837));
#6552 = CARTESIAN_POINT('',(-0.967887767394,153.77738689244));
#6553 = CARTESIAN_POINT('',(-0.9907813849,153.95663589071));
#6554 = CARTESIAN_POINT('',(-1.015388068799,154.12556723364));
#6555 = CARTESIAN_POINT('',(-1.054801716288,154.36325555259));
#6556 = CARTESIAN_POINT('',(-1.068357305558,154.43986397084));
#6557 = CARTESIAN_POINT('',(-1.082317501876,154.51383097728));
#6558 = CARTESIAN_POINT('',(-1.09671759547,154.58521933747));
#6559 = CARTESIAN_POINT('',(-1.111515475583,154.65383671383));
#6560 = CARTESIAN_POINT('',(-1.126706405223,154.71958648862));
#6561 = CARTESIAN_POINT('',(-1.142330161512,154.782474898));
#6562 = CARTESIAN_POINT('',(-1.158393766579,154.84236960231));
#6563 = CARTESIAN_POINT('',(-1.174863054288,154.89898637314));
#6564 = CARTESIAN_POINT('',(-1.191764934338,154.95221592256));
#6565 = CARTESIAN_POINT('',(-1.217751673078,155.02657989316));
#6566 = CARTESIAN_POINT('',(-1.226524481731,155.05046607169));
#6567 = CARTESIAN_POINT('',(-1.235369293724,155.07333452195));
#6568 = CARTESIAN_POINT('',(-1.244445955457,155.09552602264));
#6569 = CARTESIAN_POINT('',(-1.253365178499,155.11607476205));
#6570 = CARTESIAN_POINT('',(-1.262735647032,155.13647649112));
#6571 = CARTESIAN_POINT('',(-1.271975351317,155.15513516163));
#6572 = CARTESIAN_POINT('',(-1.281430714613,155.17301657418));
#6573 = CARTESIAN_POINT('',(-1.290952301202,155.18962071195));
#6574 = CARTESIAN_POINT('',(-1.300572967728,155.2050406513));
#6575 = CARTESIAN_POINT('',(-1.319989546128,155.23337703119));
#6576 = CARTESIAN_POINT('',(-1.329785818685,155.24629572902));
#6577 = CARTESIAN_POINT('',(-1.339664581499,155.25792286497));
#6578 = CARTESIAN_POINT('',(-1.34962027377,155.26821820176));
#6579 = CARTESIAN_POINT('',(-1.359647266991,155.27714333384));
#6580 = CARTESIAN_POINT('',(-1.369739864957,155.28466168865));
#6581 = CARTESIAN_POINT('',(-1.379892303755,155.29073852491));
#6582 = CARTESIAN_POINT('',(-1.390098751771,155.29534093454));
#6583 = CARTESIAN_POINT('',(-1.400353309688,155.29843784086));
#6584 = CARTESIAN_POINT('',(-1.410650010485,155.3));
#6585 = CARTESIAN_POINT('',(-1.420982819439,155.3));
#6586 = ( GEOMETRIC_REPRESENTATION_CONTEXT(2)
PARAMETRIC_REPRESENTATION_CONTEXT() REPRESENTATION_CONTEXT('2D SPACE',''
  ) );
#6587 = ADVANCED_FACE('',(#6588),#3955,.T.);
#6588 = FACE_BOUND('',#6589,.T.);
#6589 = EDGE_LOOP('',(#6590,#6612,#6634,#6635));
#6590 = ORIENTED_EDGE('',*,*,#6591,.F.);
#6591 = EDGE_CURVE('',#6592,#3935,#6594,.T.);
#6592 = VERTEX_POINT('',#6593);
#6593 = CARTESIAN_POINT('',(7.,-5.551115123126E-17,155.3));
#6594 = SURFACE_CURVE('',#6595,(#6600,#6606),.PCURVE_S1.);
#6595 = CIRCLE('',#6596,0.3);
#6596 = AXIS2_PLACEMENT_3D('',#6597,#6598,#6599);
#6597 = CARTESIAN_POINT('',(7.,0.3,155.3));
#6598 = DIRECTION('',(1.,0.,0.));
#6599 = DIRECTION('',(0.,-1.,0.));
#6600 = PCURVE('',#3955,#6601);
#6601 = DEFINITIONAL_REPRESENTATION('',(#6602),#6605);
#6602 = B_SPLINE_CURVE_WITH_KNOTS('',1,(#6603,#6604),.UNSPECIFIED.,.F.,
  .F.,(2,2),(0.,1.570796326795),.PIECEWISE_BEZIER_KNOTS.);
#6603 = CARTESIAN_POINT('',(0.,0.));
#6604 = CARTESIAN_POINT('',(0.,1.570796326795));
#6605 = ( GEOMETRIC_REPRESENTATION_CONTEXT(2)
PARAMETRIC_REPRESENTATION_CONTEXT() REPRESENTATION_CONTEXT('2D SPACE',''
  ) );
#6606 = PCURVE('',#3983,#6607);
#6607 = DEFINITIONAL_REPRESENTATION('',(#6608),#6611);
#6608 = B_SPLINE_CURVE_WITH_KNOTS('',1,(#6609,#6610),.UNSPECIFIED.,.F.,
  .F.,(2,2),(0.,1.570796326795),.PIECEWISE_BEZIER_KNOTS.);
#6609 = CARTESIAN_POINT('',(0.,82.));
#6610 = CARTESIAN_POINT('',(-1.570796326795,82.));
#6611 = ( GEOMETRIC_REPRESENTATION_CONTEXT(2)
PARAMETRIC_REPRESENTATION_CONTEXT() REPRESENTATION_CONTEXT('2D SPACE',''
  ) );
#6612 = ORIENTED_EDGE('',*,*,#6613,.T.);
#6613 = EDGE_CURVE('',#6592,#6376,#6614,.T.);
#6614 = SURFACE_CURVE('',#6615,(#6620,#6627),.PCURVE_S1.);
#6615 = CIRCLE('',#6616,7.);
#6616 = AXIS2_PLACEMENT_3D('',#6617,#6618,#6619);
#6617 = CARTESIAN_POINT('',(7.,7.,155.3));
#6618 = DIRECTION('',(-0.,-0.,-1.));
#6619 = DIRECTION('',(0.,-1.,0.));
#6620 = PCURVE('',#3955,#6621);
#6621 = DEFINITIONAL_REPRESENTATION('',(#6622),#6626);
#6622 = LINE('',#6623,#6624);
#6623 = CARTESIAN_POINT('',(0.,0.));
#6624 = VECTOR('',#6625,1.);
#6625 = DIRECTION('',(1.,0.));
#6626 = ( GEOMETRIC_REPRESENTATION_CONTEXT(2)
PARAMETRIC_REPRESENTATION_CONTEXT() REPRESENTATION_CONTEXT('2D SPACE',''
  ) );
#6627 = PCURVE('',#5991,#6628);
#6628 = DEFINITIONAL_REPRESENTATION('',(#6629),#6633);
#6629 = LINE('',#6630,#6631);
#6630 = CARTESIAN_POINT('',(1.570796326795,155.3));
#6631 = VECTOR('',#6632,1.);
#6632 = DIRECTION('',(-1.,-0.));
#6633 = ( GEOMETRIC_REPRESENTATION_CONTEXT(2)
PARAMETRIC_REPRESENTATION_CONTEXT() REPRESENTATION_CONTEXT('2D SPACE',''
  ) );
#6634 = ORIENTED_EDGE('',*,*,#6375,.T.);
#6635 = ORIENTED_EDGE('',*,*,#3934,.F.);
#6636 = ADVANCED_FACE('',(#6637),#3983,.T.);
#6637 = FACE_BOUND('',#6638,.F.);
#6638 = EDGE_LOOP('',(#6639,#6661,#6662,#6663));
#6639 = ORIENTED_EDGE('',*,*,#6640,.T.);
#6640 = EDGE_CURVE('',#6641,#3968,#6643,.T.);
#6641 = VERTEX_POINT('',#6642);
#6642 = CARTESIAN_POINT('',(89.,-8.881784197001E-16,155.3));
#6643 = SURFACE_CURVE('',#6644,(#6649,#6655),.PCURVE_S1.);
#6644 = CIRCLE('',#6645,0.3);
#6645 = AXIS2_PLACEMENT_3D('',#6646,#6647,#6648);
#6646 = CARTESIAN_POINT('',(89.,0.3,155.3));
#6647 = DIRECTION('',(1.,-2.775557561563E-17,0.));
#6648 = DIRECTION('',(-2.775557561563E-17,-1.,0.));
#6649 = PCURVE('',#3983,#6650);
#6650 = DEFINITIONAL_REPRESENTATION('',(#6651),#6654);
#6651 = B_SPLINE_CURVE_WITH_KNOTS('',1,(#6652,#6653),.UNSPECIFIED.,.F.,
  .F.,(2,2),(0.,1.570796326795),.PIECEWISE_BEZIER_KNOTS.);
#6652 = CARTESIAN_POINT('',(0.,0.));
#6653 = CARTESIAN_POINT('',(-1.570796326795,0.));
#6654 = ( GEOMETRIC_REPRESENTATION_CONTEXT(2)
PARAMETRIC_REPRESENTATION_CONTEXT() REPRESENTATION_CONTEXT('2D SPACE',''
  ) );
#6655 = PCURVE('',#4014,#6656);
#6656 = DEFINITIONAL_REPRESENTATION('',(#6657),#6660);
#6657 = B_SPLINE_CURVE_WITH_KNOTS('',1,(#6658,#6659),.UNSPECIFIED.,.F.,
  .F.,(2,2),(0.,1.570796326795),.PIECEWISE_BEZIER_KNOTS.);
#6658 = CARTESIAN_POINT('',(0.143347568905,0.));
#6659 = CARTESIAN_POINT('',(0.143347568905,1.570796326795));
#6660 = ( GEOMETRIC_REPRESENTATION_CONTEXT(2)
PARAMETRIC_REPRESENTATION_CONTEXT() REPRESENTATION_CONTEXT('2D SPACE',''
  ) );
#6661 = ORIENTED_EDGE('',*,*,#3967,.T.);
#6662 = ORIENTED_EDGE('',*,*,#6591,.F.);
#6663 = ORIENTED_EDGE('',*,*,#6664,.F.);
#6664 = EDGE_CURVE('',#6641,#6592,#6665,.T.);
#6665 = SURFACE_CURVE('',#6666,(#6670,#6677),.PCURVE_S1.);
#6666 = LINE('',#6667,#6668);
#6667 = CARTESIAN_POINT('',(89.,-5.551115123126E-17,155.3));
#6668 = VECTOR('',#6669,1.);
#6669 = DIRECTION('',(-1.,-0.,0.));
#6670 = PCURVE('',#3983,#6671);
#6671 = DEFINITIONAL_REPRESENTATION('',(#6672),#6676);
#6672 = LINE('',#6673,#6674);
#6673 = CARTESIAN_POINT('',(-0.,0.));
#6674 = VECTOR('',#6675,1.);
#6675 = DIRECTION('',(-0.,1.));
#6676 = ( GEOMETRIC_REPRESENTATION_CONTEXT(2)
PARAMETRIC_REPRESENTATION_CONTEXT() REPRESENTATION_CONTEXT('2D SPACE',''
  ) );
#6677 = PCURVE('',#6678,#6683);
#6678 = PLANE('',#6679);
#6679 = AXIS2_PLACEMENT_3D('',#6680,#6681,#6682);
#6680 = CARTESIAN_POINT('',(0.,0.,0.));
#6681 = DIRECTION('',(-0.,1.,0.));
#6682 = DIRECTION('',(0.,0.,1.));
#6683 = DEFINITIONAL_REPRESENTATION('',(#6684),#6688);
#6684 = LINE('',#6685,#6686);
#6685 = CARTESIAN_POINT('',(155.3,89.));
#6686 = VECTOR('',#6687,1.);
#6687 = DIRECTION('',(0.,-1.));
#6688 = ( GEOMETRIC_REPRESENTATION_CONTEXT(2)
PARAMETRIC_REPRESENTATION_CONTEXT() REPRESENTATION_CONTEXT('2D SPACE',''
  ) );
#6689 = ADVANCED_FACE('',(#6690),#4014,.T.);
#6690 = FACE_BOUND('',#6691,.T.);
#6691 = EDGE_LOOP('',(#6692,#6693,#6715,#6716));
#6692 = ORIENTED_EDGE('',*,*,#6483,.F.);
#6693 = ORIENTED_EDGE('',*,*,#6694,.T.);
#6694 = EDGE_CURVE('',#6484,#6641,#6695,.T.);
#6695 = SURFACE_CURVE('',#6696,(#6701,#6708),.PCURVE_S1.);
#6696 = CIRCLE('',#6697,7.);
#6697 = AXIS2_PLACEMENT_3D('',#6698,#6699,#6700);
#6698 = CARTESIAN_POINT('',(89.,7.,155.3));
#6699 = DIRECTION('',(0.,-0.,-1.));
#6700 = DIRECTION('',(0.142857142857,-0.989743318611,0.));
#6701 = PCURVE('',#4014,#6702);
#6702 = DEFINITIONAL_REPRESENTATION('',(#6703),#6707);
#6703 = LINE('',#6704,#6705);
#6704 = CARTESIAN_POINT('',(0.,0.));
#6705 = VECTOR('',#6706,1.);
#6706 = DIRECTION('',(1.,0.));
#6707 = ( GEOMETRIC_REPRESENTATION_CONTEXT(2)
PARAMETRIC_REPRESENTATION_CONTEXT() REPRESENTATION_CONTEXT('2D SPACE',''
  ) );
#6708 = PCURVE('',#5862,#6709);
#6709 = DEFINITIONAL_REPRESENTATION('',(#6710),#6714);
#6710 = LINE('',#6711,#6712);
#6711 = CARTESIAN_POINT('',(-1.42744875789,155.3));
#6712 = VECTOR('',#6713,1.);
#6713 = DIRECTION('',(-1.,0.));
#6714 = ( GEOMETRIC_REPRESENTATION_CONTEXT(2)
PARAMETRIC_REPRESENTATION_CONTEXT() REPRESENTATION_CONTEXT('2D SPACE',''
  ) );
#6715 = ORIENTED_EDGE('',*,*,#6640,.T.);
#6716 = ORIENTED_EDGE('',*,*,#3995,.F.);
#6717 = ADVANCED_FACE('',(#6718,#6797),#4333,.T.);
#6718 = FACE_BOUND('',#6719,.T.);
#6719 = EDGE_LOOP('',(#6720,#6721,#6722,#6723,#6724,#6748,#6771));
#6720 = ORIENTED_EDGE('',*,*,#4317,.T.);
#6721 = ORIENTED_EDGE('',*,*,#4370,.T.);
#6722 = ORIENTED_EDGE('',*,*,#4419,.T.);
#6723 = ORIENTED_EDGE('',*,*,#4469,.T.);
#6724 = ORIENTED_EDGE('',*,*,#6725,.T.);
#6725 = EDGE_CURVE('',#4470,#6726,#6728,.T.);
#6726 = VERTEX_POINT('',#6727);
#6727 = CARTESIAN_POINT('',(82.6,13.,158.));
#6728 = SURFACE_CURVE('',#6729,(#6734,#6741),.PCURVE_S1.);
#6729 = CIRCLE('',#6730,0.6);
#6730 = AXIS2_PLACEMENT_3D('',#6731,#6732,#6733);
#6731 = CARTESIAN_POINT('',(82.6,13.,157.4));
#6732 = DIRECTION('',(-0.,1.,0.));
#6733 = DIRECTION('',(0.,0.,-1.));
#6734 = PCURVE('',#4333,#6735);
#6735 = DEFINITIONAL_REPRESENTATION('',(#6736),#6740);
#6736 = CIRCLE('',#6737,0.6);
#6737 = AXIS2_PLACEMENT_2D('',#6738,#6739);
#6738 = CARTESIAN_POINT('',(10.435533905933,-5.179518790788));
#6739 = DIRECTION('',(-1.,0.));
#6740 = ( GEOMETRIC_REPRESENTATION_CONTEXT(2)
PARAMETRIC_REPRESENTATION_CONTEXT() REPRESENTATION_CONTEXT('2D SPACE',''
  ) );
#6741 = PCURVE('',#4555,#6742);
#6742 = DEFINITIONAL_REPRESENTATION('',(#6743),#6747);
#6743 = LINE('',#6744,#6745);
#6744 = CARTESIAN_POINT('',(1.570796326795,-0.));
#6745 = VECTOR('',#6746,1.);
#6746 = DIRECTION('',(-1.,0.));
#6747 = ( GEOMETRIC_REPRESENTATION_CONTEXT(2)
PARAMETRIC_REPRESENTATION_CONTEXT() REPRESENTATION_CONTEXT('2D SPACE',''
  ) );
#6748 = ORIENTED_EDGE('',*,*,#6749,.T.);
#6749 = EDGE_CURVE('',#6726,#6750,#6752,.T.);
#6750 = VERTEX_POINT('',#6751);
#6751 = CARTESIAN_POINT('',(90.5,13.,158.));
#6752 = SURFACE_CURVE('',#6753,(#6757,#6764),.PCURVE_S1.);
#6753 = LINE('',#6754,#6755);
#6754 = CARTESIAN_POINT('',(82.,13.,158.));
#6755 = VECTOR('',#6756,1.);
#6756 = DIRECTION('',(1.,0.,0.));
#6757 = PCURVE('',#4333,#6758);
#6758 = DEFINITIONAL_REPRESENTATION('',(#6759),#6763);
#6759 = LINE('',#6760,#6761);
#6760 = CARTESIAN_POINT('',(11.035533905933,-5.779518790788));
#6761 = VECTOR('',#6762,1.);
#6762 = DIRECTION('',(0.,1.));
#6763 = ( GEOMETRIC_REPRESENTATION_CONTEXT(2)
PARAMETRIC_REPRESENTATION_CONTEXT() REPRESENTATION_CONTEXT('2D SPACE',''
  ) );
#6764 = PCURVE('',#5388,#6765);
#6765 = DEFINITIONAL_REPRESENTATION('',(#6766),#6770);
#6766 = LINE('',#6767,#6768);
#6767 = CARTESIAN_POINT('',(82.,13.));
#6768 = VECTOR('',#6769,1.);
#6769 = DIRECTION('',(1.,0.));
#6770 = ( GEOMETRIC_REPRESENTATION_CONTEXT(2)
PARAMETRIC_REPRESENTATION_CONTEXT() REPRESENTATION_CONTEXT('2D SPACE',''
  ) );
#6771 = ORIENTED_EDGE('',*,*,#6772,.T.);
#6772 = EDGE_CURVE('',#6750,#4290,#6773,.T.);
#6773 = SURFACE_CURVE('',#6774,(#6779,#6790),.PCURVE_S1.);
#6774 = CIRCLE('',#6775,0.5);
#6775 = AXIS2_PLACEMENT_3D('',#6776,#6777,#6778);
#6776 = CARTESIAN_POINT('',(90.5,13.,157.5));
#6777 = DIRECTION('',(0.,-1.,0.));
#6778 = DIRECTION('',(0.,0.,1.));
#6779 = PCURVE('',#4333,#6780);
#6780 = DEFINITIONAL_REPRESENTATION('',(#6781),#6789);
#6781 = ( BOUNDED_CURVE() B_SPLINE_CURVE(2,(#6782,#6783,#6784,#6785,
#6786,#6787,#6788),.UNSPECIFIED.,.T.,.F.) B_SPLINE_CURVE_WITH_KNOTS((1,2
    ,2,2,2,1),(-2.094395102393,0.,2.094395102393,4.188790204786,
6.28318530718,8.377580409573),.UNSPECIFIED.) CURVE()
GEOMETRIC_REPRESENTATION_ITEM() RATIONAL_B_SPLINE_CURVE((1.,0.5,1.,0.5,
1.,0.5,1.)) REPRESENTATION_ITEM('') );
#6782 = CARTESIAN_POINT('',(11.035533905933,2.720481209212));
#6783 = CARTESIAN_POINT('',(11.035533905933,1.854455805427));
#6784 = CARTESIAN_POINT('',(10.285533905933,2.287468507319));
#6785 = CARTESIAN_POINT('',(9.535533905933,2.720481209212));
#6786 = CARTESIAN_POINT('',(10.285533905933,3.153493911104));
#6787 = CARTESIAN_POINT('',(11.035533905933,3.586506612996));
#6788 = CARTESIAN_POINT('',(11.035533905933,2.720481209212));
#6789 = ( GEOMETRIC_REPRESENTATION_CONTEXT(2)
PARAMETRIC_REPRESENTATION_CONTEXT() REPRESENTATION_CONTEXT('2D SPACE',''
  ) );
#6790 = PCURVE('',#4305,#6791);
#6791 = DEFINITIONAL_REPRESENTATION('',(#6792),#6796);
#6792 = LINE('',#6793,#6794);
#6793 = CARTESIAN_POINT('',(0.,79.));
#6794 = VECTOR('',#6795,1.);
#6795 = DIRECTION('',(1.,0.));
#6796 = ( GEOMETRIC_REPRESENTATION_CONTEXT(2)
PARAMETRIC_REPRESENTATION_CONTEXT() REPRESENTATION_CONTEXT('2D SPACE',''
  ) );
#6797 = FACE_BOUND('',#6798,.T.);
#6798 = EDGE_LOOP('',(#6799));
#6799 = ORIENTED_EDGE('',*,*,#4790,.F.);
#6800 = ADVANCED_FACE('',(#6801),#4305,.T.);
#6801 = FACE_BOUND('',#6802,.T.);
#6802 = EDGE_LOOP('',(#6803,#6826,#6846,#6847));
#6803 = ORIENTED_EDGE('',*,*,#6804,.F.);
#6804 = EDGE_CURVE('',#6805,#6750,#6807,.T.);
#6805 = VERTEX_POINT('',#6806);
#6806 = CARTESIAN_POINT('',(90.5,92.,158.));
#6807 = SURFACE_CURVE('',#6808,(#6812,#6819),.PCURVE_S1.);
#6808 = LINE('',#6809,#6810);
#6809 = CARTESIAN_POINT('',(90.5,92.,158.));
#6810 = VECTOR('',#6811,1.);
#6811 = DIRECTION('',(0.,-1.,-0.));
#6812 = PCURVE('',#4305,#6813);
#6813 = DEFINITIONAL_REPRESENTATION('',(#6814),#6818);
#6814 = LINE('',#6815,#6816);
#6815 = CARTESIAN_POINT('',(0.,0.));
#6816 = VECTOR('',#6817,1.);
#6817 = DIRECTION('',(0.,1.));
#6818 = ( GEOMETRIC_REPRESENTATION_CONTEXT(2)
PARAMETRIC_REPRESENTATION_CONTEXT() REPRESENTATION_CONTEXT('2D SPACE',''
  ) );
#6819 = PCURVE('',#5388,#6820);
#6820 = DEFINITIONAL_REPRESENTATION('',(#6821),#6825);
#6821 = LINE('',#6822,#6823);
#6822 = CARTESIAN_POINT('',(90.5,92.));
#6823 = VECTOR('',#6824,1.);
#6824 = DIRECTION('',(0.,-1.));
#6825 = ( GEOMETRIC_REPRESENTATION_CONTEXT(2)
PARAMETRIC_REPRESENTATION_CONTEXT() REPRESENTATION_CONTEXT('2D SPACE',''
  ) );
#6826 = ORIENTED_EDGE('',*,*,#6827,.T.);
#6827 = EDGE_CURVE('',#6805,#4267,#6828,.T.);
#6828 = SURFACE_CURVE('',#6829,(#6834,#6840),.PCURVE_S1.);
#6829 = CIRCLE('',#6830,0.5);
#6830 = AXIS2_PLACEMENT_3D('',#6831,#6832,#6833);
#6831 = CARTESIAN_POINT('',(90.5,92.,157.5));
#6832 = DIRECTION('',(6.123233995737E-17,-1.,0.));
#6833 = DIRECTION('',(1.,6.123233995737E-17,0.));
#6834 = PCURVE('',#4305,#6835);
#6835 = DEFINITIONAL_REPRESENTATION('',(#6836),#6839);
#6836 = B_SPLINE_CURVE_WITH_KNOTS('',1,(#6837,#6838),.UNSPECIFIED.,.F.,
  .F.,(2,2),(1.570796326795,3.14159265359),.PIECEWISE_BEZIER_KNOTS.);
#6837 = CARTESIAN_POINT('',(0.,0.));
#6838 = CARTESIAN_POINT('',(1.570796326795,0.));
#6839 = ( GEOMETRIC_REPRESENTATION_CONTEXT(2)
PARAMETRIC_REPRESENTATION_CONTEXT() REPRESENTATION_CONTEXT('2D SPACE',''
  ) );
#6840 = PCURVE('',#4858,#6841);
#6841 = DEFINITIONAL_REPRESENTATION('',(#6842),#6845);
#6842 = B_SPLINE_CURVE_WITH_KNOTS('',1,(#6843,#6844),.UNSPECIFIED.,.F.,
  .F.,(2,2),(1.570796326795,3.14159265359),.PIECEWISE_BEZIER_KNOTS.);
#6843 = CARTESIAN_POINT('',(-1.570796326795,1.570796326795));
#6844 = CARTESIAN_POINT('',(-1.570796326795,3.14159265359));
#6845 = ( GEOMETRIC_REPRESENTATION_CONTEXT(2)
PARAMETRIC_REPRESENTATION_CONTEXT() REPRESENTATION_CONTEXT('2D SPACE',''
  ) );
#6846 = ORIENTED_EDGE('',*,*,#4289,.T.);
#6847 = ORIENTED_EDGE('',*,*,#6772,.F.);
#6848 = ADVANCED_FACE('',(#6849),#4230,.F.);
#6849 = FACE_BOUND('',#6850,.F.);
#6850 = EDGE_LOOP('',(#6851,#6882,#6908,#6937,#6958,#6959,#6960,#6982,
    #6983,#6984,#6985,#7009,#7169,#7195,#7224,#7245,#7405,#7434,#7463));
#6851 = ORIENTED_EDGE('',*,*,#6852,.F.);
#6852 = EDGE_CURVE('',#6853,#6855,#6857,.T.);
#6853 = VERTEX_POINT('',#6854);
#6854 = CARTESIAN_POINT('',(102.,87.5,83.645751311065));
#6855 = VERTEX_POINT('',#6856);
#6856 = CARTESIAN_POINT('',(102.,87.5,78.354248688935));
#6857 = SURFACE_CURVE('',#6858,(#6863,#6870),.PCURVE_S1.);
#6858 = CIRCLE('',#6859,4.);
#6859 = AXIS2_PLACEMENT_3D('',#6860,#6861,#6862);
#6860 = CARTESIAN_POINT('',(102.,90.5,81.));
#6861 = DIRECTION('',(1.,0.,0.));
#6862 = DIRECTION('',(-0.,0.,1.));
#6863 = PCURVE('',#4230,#6864);
#6864 = DEFINITIONAL_REPRESENTATION('',(#6865),#6869);
#6865 = LINE('',#6866,#6867);
#6866 = CARTESIAN_POINT('',(0.,13.));
#6867 = VECTOR('',#6868,1.);
#6868 = DIRECTION('',(1.,0.));
#6869 = ( GEOMETRIC_REPRESENTATION_CONTEXT(2)
PARAMETRIC_REPRESENTATION_CONTEXT() REPRESENTATION_CONTEXT('2D SPACE',''
  ) );
#6870 = PCURVE('',#6871,#6876);
#6871 = PLANE('',#6872);
#6872 = AXIS2_PLACEMENT_3D('',#6873,#6874,#6875);
#6873 = CARTESIAN_POINT('',(102.,90.5,81.));
#6874 = DIRECTION('',(1.,0.,0.));
#6875 = DIRECTION('',(-0.,0.,1.));
#6876 = DEFINITIONAL_REPRESENTATION('',(#6877),#6881);
#6877 = CIRCLE('',#6878,4.);
#6878 = AXIS2_PLACEMENT_2D('',#6879,#6880);
#6879 = CARTESIAN_POINT('',(0.,0.));
#6880 = DIRECTION('',(1.,0.));
#6881 = ( GEOMETRIC_REPRESENTATION_CONTEXT(2)
PARAMETRIC_REPRESENTATION_CONTEXT() REPRESENTATION_CONTEXT('2D SPACE',''
  ) );
#6882 = ORIENTED_EDGE('',*,*,#6883,.F.);
#6883 = EDGE_CURVE('',#6884,#6853,#6886,.T.);
#6884 = VERTEX_POINT('',#6885);
#6885 = CARTESIAN_POINT('',(96.,87.5,83.645751311065));
#6886 = SURFACE_CURVE('',#6887,(#6891,#6897),.PCURVE_S1.);
#6887 = LINE('',#6888,#6889);
#6888 = CARTESIAN_POINT('',(89.,87.5,83.645751311065));
#6889 = VECTOR('',#6890,1.);
#6890 = DIRECTION('',(1.,0.,0.));
#6891 = PCURVE('',#4230,#6892);
#6892 = DEFINITIONAL_REPRESENTATION('',(#6893),#6896);
#6893 = B_SPLINE_CURVE_WITH_KNOTS('',1,(#6894,#6895),.UNSPECIFIED.,.F.,
  .F.,(2,2),(-6.000000070117E-07,13.0000006),.PIECEWISE_BEZIER_KNOTS.);
#6894 = CARTESIAN_POINT('',(0.848062078981,-6.000000070117E-07));
#6895 = CARTESIAN_POINT('',(0.848062078981,13.0000006));
#6896 = ( GEOMETRIC_REPRESENTATION_CONTEXT(2)
PARAMETRIC_REPRESENTATION_CONTEXT() REPRESENTATION_CONTEXT('2D SPACE',''
  ) );
#6897 = PCURVE('',#6898,#6903);
#6898 = PLANE('',#6899);
#6899 = AXIS2_PLACEMENT_3D('',#6900,#6901,#6902);
#6900 = CARTESIAN_POINT('',(93.,87.5,77.));
#6901 = DIRECTION('',(-0.,1.,0.));
#6902 = DIRECTION('',(0.,0.,1.));
#6903 = DEFINITIONAL_REPRESENTATION('',(#6904),#6907);
#6904 = B_SPLINE_CURVE_WITH_KNOTS('',1,(#6905,#6906),.UNSPECIFIED.,.F.,
  .F.,(2,2),(-6.000000070117E-07,13.0000006),.PIECEWISE_BEZIER_KNOTS.);
#6905 = CARTESIAN_POINT('',(6.645751311065,-4.0000006));
#6906 = CARTESIAN_POINT('',(6.645751311065,9.0000006));
#6907 = ( GEOMETRIC_REPRESENTATION_CONTEXT(2)
PARAMETRIC_REPRESENTATION_CONTEXT() REPRESENTATION_CONTEXT('2D SPACE',''
  ) );
#6908 = ORIENTED_EDGE('',*,*,#6909,.F.);
#6909 = EDGE_CURVE('',#6910,#6884,#6912,.T.);
#6910 = VERTEX_POINT('',#6911);
#6911 = CARTESIAN_POINT('',(96.,90.5,85.));
#6912 = SURFACE_CURVE('',#6913,(#6918,#6925),.PCURVE_S1.);
#6913 = CIRCLE('',#6914,4.);
#6914 = AXIS2_PLACEMENT_3D('',#6915,#6916,#6917);
#6915 = CARTESIAN_POINT('',(96.,90.5,81.));
#6916 = DIRECTION('',(1.,0.,0.));
#6917 = DIRECTION('',(-0.,0.,1.));
#6918 = PCURVE('',#4230,#6919);
#6919 = DEFINITIONAL_REPRESENTATION('',(#6920),#6924);
#6920 = LINE('',#6921,#6922);
#6921 = CARTESIAN_POINT('',(0.,7.));
#6922 = VECTOR('',#6923,1.);
#6923 = DIRECTION('',(1.,0.));
#6924 = ( GEOMETRIC_REPRESENTATION_CONTEXT(2)
PARAMETRIC_REPRESENTATION_CONTEXT() REPRESENTATION_CONTEXT('2D SPACE',''
  ) );
#6925 = PCURVE('',#6926,#6931);
#6926 = PLANE('',#6927);
#6927 = AXIS2_PLACEMENT_3D('',#6928,#6929,#6930);
#6928 = CARTESIAN_POINT('',(96.,0.,0.));
#6929 = DIRECTION('',(1.,0.,-0.));
#6930 = DIRECTION('',(0.,0.,1.));
#6931 = DEFINITIONAL_REPRESENTATION('',(#6932),#6936);
#6932 = CIRCLE('',#6933,4.);
#6933 = AXIS2_PLACEMENT_2D('',#6934,#6935);
#6934 = CARTESIAN_POINT('',(81.,-90.5));
#6935 = DIRECTION('',(1.,0.));
#6936 = ( GEOMETRIC_REPRESENTATION_CONTEXT(2)
PARAMETRIC_REPRESENTATION_CONTEXT() REPRESENTATION_CONTEXT('2D SPACE',''
  ) );
#6937 = ORIENTED_EDGE('',*,*,#6938,.F.);
#6938 = EDGE_CURVE('',#4214,#6910,#6939,.T.);
#6939 = SEAM_CURVE('',#6940,(#6944,#6951),.PCURVE_S1.);
#6940 = LINE('',#6941,#6942);
#6941 = CARTESIAN_POINT('',(89.,90.5,85.));
#6942 = VECTOR('',#6943,1.);
#6943 = DIRECTION('',(1.,0.,0.));
#6944 = PCURVE('',#4230,#6945);
#6945 = DEFINITIONAL_REPRESENTATION('',(#6946),#6950);
#6946 = LINE('',#6947,#6948);
#6947 = CARTESIAN_POINT('',(6.28318530718,-0.));
#6948 = VECTOR('',#6949,1.);
#6949 = DIRECTION('',(0.,1.));
#6950 = ( GEOMETRIC_REPRESENTATION_CONTEXT(2)
PARAMETRIC_REPRESENTATION_CONTEXT() REPRESENTATION_CONTEXT('2D SPACE',''
  ) );
#6951 = PCURVE('',#4230,#6952);
#6952 = DEFINITIONAL_REPRESENTATION('',(#6953),#6957);
#6953 = LINE('',#6954,#6955);
#6954 = CARTESIAN_POINT('',(0.,-0.));
#6955 = VECTOR('',#6956,1.);
#6956 = DIRECTION('',(0.,1.));
#6957 = ( GEOMETRIC_REPRESENTATION_CONTEXT(2)
PARAMETRIC_REPRESENTATION_CONTEXT() REPRESENTATION_CONTEXT('2D SPACE',''
  ) );
#6958 = ORIENTED_EDGE('',*,*,#4213,.T.);
#6959 = ORIENTED_EDGE('',*,*,#4971,.T.);
#6960 = ORIENTED_EDGE('',*,*,#6961,.T.);
#6961 = EDGE_CURVE('',#4946,#4872,#6962,.T.);
#6962 = SURFACE_CURVE('',#6963,(#6968,#6975),.PCURVE_S1.);
#6963 = CIRCLE('',#6964,4.);
#6964 = AXIS2_PLACEMENT_3D('',#6965,#6966,#6967);
#6965 = CARTESIAN_POINT('',(89.,90.5,81.));
#6966 = DIRECTION('',(1.,0.,0.));
#6967 = DIRECTION('',(-0.,0.,1.));
#6968 = PCURVE('',#4230,#6969);
#6969 = DEFINITIONAL_REPRESENTATION('',(#6970),#6974);
#6970 = LINE('',#6971,#6972);
#6971 = CARTESIAN_POINT('',(0.,0.));
#6972 = VECTOR('',#6973,1.);
#6973 = DIRECTION('',(1.,0.));
#6974 = ( GEOMETRIC_REPRESENTATION_CONTEXT(2)
PARAMETRIC_REPRESENTATION_CONTEXT() REPRESENTATION_CONTEXT('2D SPACE',''
  ) );
#6975 = PCURVE('',#4960,#6976);
#6976 = DEFINITIONAL_REPRESENTATION('',(#6977),#6981);
#6977 = CIRCLE('',#6978,4.);
#6978 = AXIS2_PLACEMENT_2D('',#6979,#6980);
#6979 = CARTESIAN_POINT('',(0.,0.));
#6980 = DIRECTION('',(1.,0.));
#6981 = ( GEOMETRIC_REPRESENTATION_CONTEXT(2)
PARAMETRIC_REPRESENTATION_CONTEXT() REPRESENTATION_CONTEXT('2D SPACE',''
  ) );
#6982 = ORIENTED_EDGE('',*,*,#4871,.T.);
#6983 = ORIENTED_EDGE('',*,*,#4242,.T.);
#6984 = ORIENTED_EDGE('',*,*,#6938,.T.);
#6985 = ORIENTED_EDGE('',*,*,#6986,.F.);
#6986 = EDGE_CURVE('',#6987,#6910,#6989,.T.);
#6987 = VERTEX_POINT('',#6988);
#6988 = CARTESIAN_POINT('',(96.,93.,84.122498999199));
#6989 = SURFACE_CURVE('',#6990,(#6995,#7002),.PCURVE_S1.);
#6990 = CIRCLE('',#6991,4.);
#6991 = AXIS2_PLACEMENT_3D('',#6992,#6993,#6994);
#6992 = CARTESIAN_POINT('',(96.,90.5,81.));
#6993 = DIRECTION('',(1.,0.,0.));
#6994 = DIRECTION('',(-0.,0.,1.));
#6995 = PCURVE('',#4230,#6996);
#6996 = DEFINITIONAL_REPRESENTATION('',(#6997),#7001);
#6997 = LINE('',#6998,#6999);
#6998 = CARTESIAN_POINT('',(0.,7.));
#6999 = VECTOR('',#7000,1.);
#7000 = DIRECTION('',(1.,0.));
#7001 = ( GEOMETRIC_REPRESENTATION_CONTEXT(2)
PARAMETRIC_REPRESENTATION_CONTEXT() REPRESENTATION_CONTEXT('2D SPACE',''
  ) );
#7002 = PCURVE('',#6926,#7003);
#7003 = DEFINITIONAL_REPRESENTATION('',(#7004),#7008);
#7004 = CIRCLE('',#7005,4.);
#7005 = AXIS2_PLACEMENT_2D('',#7006,#7007);
#7006 = CARTESIAN_POINT('',(81.,-90.5));
#7007 = DIRECTION('',(1.,0.));
#7008 = ( GEOMETRIC_REPRESENTATION_CONTEXT(2)
PARAMETRIC_REPRESENTATION_CONTEXT() REPRESENTATION_CONTEXT('2D SPACE',''
  ) );
#7009 = ORIENTED_EDGE('',*,*,#7010,.F.);
#7010 = EDGE_CURVE('',#7011,#6987,#7013,.T.);
#7011 = VERTEX_POINT('',#7012);
#7012 = CARTESIAN_POINT('',(95.982120021884,93.5,83.645751311065));
#7013 = SURFACE_CURVE('',#7014,(#7062,#7113),.PCURVE_S1.);
#7014 = B_SPLINE_CURVE_WITH_KNOTS('',6,(#7015,#7016,#7017,#7018,#7019,
    #7020,#7021,#7022,#7023,#7024,#7025,#7026,#7027,#7028,#7029,#7030,
    #7031,#7032,#7033,#7034,#7035,#7036,#7037,#7038,#7039,#7040,#7041,
    #7042,#7043,#7044,#7045,#7046,#7047,#7048,#7049,#7050,#7051,#7052,
    #7053,#7054,#7055,#7056,#7057,#7058,#7059,#7060,#7061),
  .UNSPECIFIED.,.F.,.F.,(7,5,5,5,5,5,5,5,5,7),(0.,9.861569664169E-02,
    0.177779969805,0.244881879831,0.302167892616,0.49995713535,
    0.753968475877,0.822243528779,0.902412788756,1.),.UNSPECIFIED.);
#7015 = CARTESIAN_POINT('',(96.,93.,77.877501000801));
#7016 = CARTESIAN_POINT('',(96.,93.103031199403,77.959991979524));
#7017 = CARTESIAN_POINT('',(95.998180232284,93.201432413058,
    78.045470635618));
#7018 = CARTESIAN_POINT('',(95.994847261045,93.295234174012,
    78.133629498745));
#7019 = CARTESIAN_POINT('',(95.990277855166,93.384478327244,
    78.224185008093));
#7020 = CARTESIAN_POINT('',(95.984720651904,93.469217134953,
    78.316877729807));
#7021 = CARTESIAN_POINT('',(95.973322134213,93.613969816865,
    78.487409087302));
#7022 = CARTESIAN_POINT('',(95.967752450115,93.67557390137,
    78.564583507571));
#7023 = CARTESIAN_POINT('',(95.961801870731,93.734366314737,
    78.642888273513));
#7024 = CARTESIAN_POINT('',(95.955573144736,93.790388289172,
    78.722226774154));
#7025 = CARTESIAN_POINT('',(95.949158667036,93.84368060971,
    78.802513349259));
#7026 = CARTESIAN_POINT('',(95.937115475303,93.937176173185,
    78.952466783908));
#7027 = CARTESIAN_POINT('',(95.93151624625,93.978135908002,
    79.021886861118));
#7028 = CARTESIAN_POINT('',(95.925892944503,94.017186712765,
    79.091887483889));
#7029 = CARTESIAN_POINT('',(95.920291461011,94.054350730324,
    79.162425823842));
#7030 = CARTESIAN_POINT('',(95.914753424768,94.089648352276,
    79.233462261283));
#7031 = CARTESIAN_POINT('',(95.904674356321,94.15165492459,
    79.365999518676));
#7032 = CARTESIAN_POINT('',(95.900106075864,94.178864852663,
    79.42737487182));
#7033 = CARTESIAN_POINT('',(95.895634687775,94.204739513246,
    79.489063613595));
#7034 = CARTESIAN_POINT('',(95.89128158327,94.229289389045,
    79.551043879926));
#7035 = CARTESIAN_POINT('',(95.887066218446,94.252523935421,
    79.613294773717));
#7036 = CARTESIAN_POINT('',(95.868987946694,94.350160328139,
    79.891593237046));
#7037 = CARTESIAN_POINT('',(95.856818673605,94.410304524574,
    80.110419638663));
#7038 = CARTESIAN_POINT('',(95.847224343803,94.455201121855,
    80.331399269536));
#7039 = CARTESIAN_POINT('',(95.840674277722,94.485064330463,
    80.553779157376));
#7040 = CARTESIAN_POINT('',(95.837397165589,94.5,80.776872248739));
#7041 = CARTESIAN_POINT('',(95.837397165589,94.5,81.286552384868));
#7042 = CARTESIAN_POINT('',(95.842801284531,94.475366118456,
    81.572986477414));
#7043 = CARTESIAN_POINT('',(95.853601533847,94.426137764777,
    81.857914309049));
#7044 = CARTESIAN_POINT('',(95.869165934995,94.352006991264,
    82.139920486548));
#7045 = CARTESIAN_POINT('',(95.888241208927,94.252372709149,
    82.417347840963));
#7046 = CARTESIAN_POINT('',(95.914309660809,94.092474187301,
    82.760844079546));
#7047 = CARTESIAN_POINT('',(95.919938990054,94.056689592476,
    82.833137081323));
#7048 = CARTESIAN_POINT('',(95.925636027724,94.018974725731,
    82.904916626573));
#7049 = CARTESIAN_POINT('',(95.931357090928,93.979308183524,
    82.976141107203));
#7050 = CARTESIAN_POINT('',(95.937053939905,93.937666683045,
    83.046765493568));
#7051 = CARTESIAN_POINT('',(95.949272648985,93.842780628153,
    83.198907676986));
#7052 = CARTESIAN_POINT('',(95.955764911986,93.788779412211,
    83.280178474894));
#7053 = CARTESIAN_POINT('',(95.96206541962,93.731979494237,
    83.360476224842));
#7054 = CARTESIAN_POINT('',(95.968078127259,93.67233852888,
    83.439711871976));
#7055 = CARTESIAN_POINT('',(95.973696093061,93.609813745586,
    83.517784809947));
#7056 = CARTESIAN_POINT('',(95.985016082867,93.464689785715,
    83.688066462736));
#7057 = CARTESIAN_POINT('',(95.990472078691,93.380665301774,
    83.779679242438));
#7058 = CARTESIAN_POINT('',(95.994953471794,93.292229113601,
    83.869192429674));
#7059 = CARTESIAN_POINT('',(95.998218884983,93.199331068956,
    83.956353982941));
#7060 = CARTESIAN_POINT('',(96.,93.101931087208,84.040888815149));
#7061 = CARTESIAN_POINT('',(96.,93.,84.122498999199));
#7062 = PCURVE('',#4230,#7063);
#7063 = DEFINITIONAL_REPRESENTATION('',(#7064),#7112);
#7064 = B_SPLINE_CURVE_WITH_KNOTS('',6,(#7065,#7066,#7067,#7068,#7069,
    #7070,#7071,#7072,#7073,#7074,#7075,#7076,#7077,#7078,#7079,#7080,
    #7081,#7082,#7083,#7084,#7085,#7086,#7087,#7088,#7089,#7090,#7091,
    #7092,#7093,#7094,#7095,#7096,#7097,#7098,#7099,#7100,#7101,#7102,
    #7103,#7104,#7105,#7106,#7107,#7108,#7109,#7110,#7111),
  .UNSPECIFIED.,.F.,.F.,(7,5,5,5,5,5,5,5,5,7),(0.,9.861569664169E-02,
    0.177779969805,0.244881879831,0.302167892616,0.49995713535,
    0.753968475877,0.822243528779,0.902412788756,1.),.UNSPECIFIED.);
#7065 = CARTESIAN_POINT('',(3.816724186527,7.));
#7066 = CARTESIAN_POINT('',(3.849720578016,7.));
#7067 = CARTESIAN_POINT('',(3.882280230655,6.998180232284));
#7068 = CARTESIAN_POINT('',(3.914425691154,6.994847261045));
#7069 = CARTESIAN_POINT('',(3.946177004713,6.990277855166));
#7070 = CARTESIAN_POINT('',(3.977553017659,6.984720651904));
#7071 = CARTESIAN_POINT('',(4.033473878486,6.973322134213));
#7072 = CARTESIAN_POINT('',(4.058149495927,6.967752450115));
#7073 = CARTESIAN_POINT('',(4.082613253665,6.961801870731));
#7074 = CARTESIAN_POINT('',(4.1068788995,6.955573144736));
#7075 = CARTESIAN_POINT('',(4.130960207761,6.949158667036));
#7076 = CARTESIAN_POINT('',(4.175138435539,6.937115475303));
#7077 = CARTESIAN_POINT('',(4.195283197351,6.93151624625));
#7078 = CARTESIAN_POINT('',(4.21531353475,6.925892944503));
#7079 = CARTESIAN_POINT('',(4.235237446663,6.920291461011));
#7080 = CARTESIAN_POINT('',(4.255062660939,6.914753424768));
#7081 = CARTESIAN_POINT('',(4.291643854542,6.904674356321));
#7082 = CARTESIAN_POINT('',(4.308424544993,6.900106075864));
#7083 = CARTESIAN_POINT('',(4.325143322704,6.895634687775));
#7084 = CARTESIAN_POINT('',(4.341804642377,6.89128158327));
#7085 = CARTESIAN_POINT('',(4.358412796425,6.887066218446));
#7086 = CARTESIAN_POINT('',(4.43214495523,6.868987946694));
#7087 = CARTESIAN_POINT('',(4.488744596965,6.856818673605));
#7088 = CARTESIAN_POINT('',(4.544926273332,6.847224343803));
#7089 = CARTESIAN_POINT('',(4.600833840242,6.840674277722));
#7090 = CARTESIAN_POINT('',(4.656607042569,6.837397165589));
#7091 = CARTESIAN_POINT('',(4.784027076602,6.837397165589));
#7092 = CARTESIAN_POINT('',(4.855635706775,6.842801284531));
#7093 = CARTESIAN_POINT('',(4.927528924818,6.853601533847));
#7094 = CARTESIAN_POINT('',(5.000014318944,6.869165934995));
#7095 = CARTESIAN_POINT('',(5.073404315383,6.888241208927));
#7096 = CARTESIAN_POINT('',(5.168126673887,6.914309660809));
#7097 = CARTESIAN_POINT('',(5.188287131046,6.919938990054));
#7098 = CARTESIAN_POINT('',(5.208549335632,6.925636027724));
#7099 = CARTESIAN_POINT('',(5.228921412723,6.931357090928));
#7100 = CARTESIAN_POINT('',(5.249411778383,6.937053939905));
#7101 = CARTESIAN_POINT('',(5.294238254508,6.949272648985));
#7102 = CARTESIAN_POINT('',(5.318622216753,6.955764911986));
#7103 = CARTESIAN_POINT('',(5.34319536001,6.96206541962));
#7104 = CARTESIAN_POINT('',(5.367971981824,6.968078127259));
#7105 = CARTESIAN_POINT('',(5.392966343677,6.973696093061));
#7106 = CARTESIAN_POINT('',(5.448899789064,6.985016082867));
#7107 = CARTESIAN_POINT('',(5.479956716086,6.990472078691));
#7108 = CARTESIAN_POINT('',(5.511381700532,6.994953471794));
#7109 = CARTESIAN_POINT('',(5.543192917483,6.998218884983));
#7110 = CARTESIAN_POINT('',(5.575409700623,7.));
#7111 = CARTESIAN_POINT('',(5.608053774243,7.));
#7112 = ( GEOMETRIC_REPRESENTATION_CONTEXT(2)
PARAMETRIC_REPRESENTATION_CONTEXT() REPRESENTATION_CONTEXT('2D SPACE',''
  ) );
#7113 = PCURVE('',#7114,#7119);
#7114 = CYLINDRICAL_SURFACE('',#7115,7.);
#7115 = AXIS2_PLACEMENT_3D('',#7116,#7117,#7118);
#7116 = CARTESIAN_POINT('',(89.,93.,0.));
#7117 = DIRECTION('',(0.,0.,1.));
#7118 = DIRECTION('',(1.,0.,-0.));
#7119 = DEFINITIONAL_REPRESENTATION('',(#7120),#7168);
#7120 = B_SPLINE_CURVE_WITH_KNOTS('',6,(#7121,#7122,#7123,#7124,#7125,
    #7126,#7127,#7128,#7129,#7130,#7131,#7132,#7133,#7134,#7135,#7136,
    #7137,#7138,#7139,#7140,#7141,#7142,#7143,#7144,#7145,#7146,#7147,
    #7148,#7149,#7150,#7151,#7152,#7153,#7154,#7155,#7156,#7157,#7158,
    #7159,#7160,#7161,#7162,#7163,#7164,#7165,#7166,#7167),
  .UNSPECIFIED.,.F.,.F.,(7,5,5,5,5,5,5,5,5,7),(0.,9.861569664169E-02,
    0.177779969805,0.244881879831,0.302167892616,0.49995713535,
    0.753968475877,0.822243528779,0.902412788756,1.),.UNSPECIFIED.);
#7121 = CARTESIAN_POINT('',(0.,77.877501000801));
#7122 = CARTESIAN_POINT('',(1.471874277182E-02,77.959991979524));
#7123 = CARTESIAN_POINT('',(2.877606346044E-02,78.045470635618));
#7124 = CARTESIAN_POINT('',(4.218204199912E-02,78.133629498745));
#7125 = CARTESIAN_POINT('',(5.494586020592E-02,78.224185008093));
#7126 = CARTESIAN_POINT('',(6.707636330907E-02,78.316877729807));
#7127 = CARTESIAN_POINT('',(8.781933119853E-02,78.487409087302));
#7128 = CARTESIAN_POINT('',(9.665525031501E-02,78.564583507571));
#7129 = CARTESIAN_POINT('',(0.105096363877,78.642888273513));
#7130 = CARTESIAN_POINT('',(0.113148268821,78.722226774154));
#7131 = CARTESIAN_POINT('',(0.120816173967,78.802513349259));
#7132 = CARTESIAN_POINT('',(0.134283033407,78.952466783908));
#7133 = CARTESIAN_POINT('',(0.14018867615,79.021886861118));
#7134 = CARTESIAN_POINT('',(0.145824692786,79.091887483889));
#7135 = CARTESIAN_POINT('',(0.151193642321,79.162425823842));
#7136 = CARTESIAN_POINT('',(0.156297778225,79.233462261283));
#7137 = CARTESIAN_POINT('',(0.165272121054,79.365999518676));
#7138 = CARTESIAN_POINT('',(0.16921360635,79.42737487182));
#7139 = CARTESIAN_POINT('',(0.172964710114,79.489063613595));
#7140 = CARTESIAN_POINT('',(0.176526495317,79.551043879926));
#7141 = CARTESIAN_POINT('',(0.179899882114,79.613294773717));
#7142 = CARTESIAN_POINT('',(0.194085020279,79.891593237046));
#7143 = CARTESIAN_POINT('',(0.202850056052,80.110419638663));
#7144 = CARTESIAN_POINT('',(0.20940832077,80.331399269536));
#7145 = CARTESIAN_POINT('',(0.213776169459,80.553779157376));
#7146 = CARTESIAN_POINT('',(0.215960498685,80.776872248739));
#7147 = CARTESIAN_POINT('',(0.215960498685,81.286552384868));
#7148 = CARTESIAN_POINT('',(0.212357672123,81.572986477414));
#7149 = CARTESIAN_POINT('',(0.205157855522,81.857914309049));
#7150 = CARTESIAN_POINT('',(0.194337130557,82.139920486548));
#7151 = CARTESIAN_POINT('',(0.179850634504,82.417347840963));
#7152 = CARTESIAN_POINT('',(0.156706409909,82.760844079546));
#7153 = CARTESIAN_POINT('',(0.151531527395,82.833137081323));
#7154 = CARTESIAN_POINT('',(0.146082736642,82.904916626573));
#7155 = CARTESIAN_POINT('',(0.140357675601,82.976141107203));
#7156 = CARTESIAN_POINT('',(0.13435365512,83.046765493568));
#7157 = CARTESIAN_POINT('',(0.12068657844,83.198907676986));
#7158 = CARTESIAN_POINT('',(0.112916808146,83.280178474894));
#7159 = CARTESIAN_POINT('',(0.104753338817,83.360476224842));
#7160 = CARTESIAN_POINT('',(9.619075753109E-02,83.439711871976));
#7161 = CARTESIAN_POINT('',(8.722324769037E-02,83.517784809947));
#7162 = CARTESIAN_POINT('',(6.642827876499E-02,83.688066462736));
#7163 = CARTESIAN_POINT('',(5.440052301825E-02,83.779679242438));
#7164 = CARTESIAN_POINT('',(4.175256628682E-02,83.869192429674));
#7165 = CARTESIAN_POINT('',(2.847587115692E-02,83.956353982941));
#7166 = CARTESIAN_POINT('',(1.456158388689E-02,84.040888815149));
#7167 = CARTESIAN_POINT('',(0.,84.122498999199));
#7168 = ( GEOMETRIC_REPRESENTATION_CONTEXT(2)
PARAMETRIC_REPRESENTATION_CONTEXT() REPRESENTATION_CONTEXT('2D SPACE',''
  ) );
#7169 = ORIENTED_EDGE('',*,*,#7170,.T.);
#7170 = EDGE_CURVE('',#7011,#7171,#7173,.T.);
#7171 = VERTEX_POINT('',#7172);
#7172 = CARTESIAN_POINT('',(102.,93.5,83.645751311065));
#7173 = SURFACE_CURVE('',#7174,(#7178,#7184),.PCURVE_S1.);
#7174 = LINE('',#7175,#7176);
#7175 = CARTESIAN_POINT('',(89.,93.5,83.645751311065));
#7176 = VECTOR('',#7177,1.);
#7177 = DIRECTION('',(1.,0.,0.));
#7178 = PCURVE('',#4230,#7179);
#7179 = DEFINITIONAL_REPRESENTATION('',(#7180),#7183);
#7180 = B_SPLINE_CURVE_WITH_KNOTS('',1,(#7181,#7182),.UNSPECIFIED.,.F.,
  .F.,(2,2),(-6.000000070117E-07,13.0000006),.PIECEWISE_BEZIER_KNOTS.);
#7181 = CARTESIAN_POINT('',(5.435123228198,-6.000000070117E-07));
#7182 = CARTESIAN_POINT('',(5.435123228198,13.0000006));
#7183 = ( GEOMETRIC_REPRESENTATION_CONTEXT(2)
PARAMETRIC_REPRESENTATION_CONTEXT() REPRESENTATION_CONTEXT('2D SPACE',''
  ) );
#7184 = PCURVE('',#7185,#7190);
#7185 = PLANE('',#7186);
#7186 = AXIS2_PLACEMENT_3D('',#7187,#7188,#7189);
#7187 = CARTESIAN_POINT('',(93.,93.5,77.));
#7188 = DIRECTION('',(-0.,1.,0.));
#7189 = DIRECTION('',(0.,0.,1.));
#7190 = DEFINITIONAL_REPRESENTATION('',(#7191),#7194);
#7191 = B_SPLINE_CURVE_WITH_KNOTS('',1,(#7192,#7193),.UNSPECIFIED.,.F.,
  .F.,(2,2),(-6.000000070117E-07,13.0000006),.PIECEWISE_BEZIER_KNOTS.);
#7192 = CARTESIAN_POINT('',(6.645751311065,-4.0000006));
#7193 = CARTESIAN_POINT('',(6.645751311065,9.0000006));
#7194 = ( GEOMETRIC_REPRESENTATION_CONTEXT(2)
PARAMETRIC_REPRESENTATION_CONTEXT() REPRESENTATION_CONTEXT('2D SPACE',''
  ) );
#7195 = ORIENTED_EDGE('',*,*,#7196,.F.);
#7196 = EDGE_CURVE('',#7197,#7171,#7199,.T.);
#7197 = VERTEX_POINT('',#7198);
#7198 = CARTESIAN_POINT('',(102.,93.5,78.354248688935));
#7199 = SURFACE_CURVE('',#7200,(#7205,#7212),.PCURVE_S1.);
#7200 = CIRCLE('',#7201,4.);
#7201 = AXIS2_PLACEMENT_3D('',#7202,#7203,#7204);
#7202 = CARTESIAN_POINT('',(102.,90.5,81.));
#7203 = DIRECTION('',(1.,0.,0.));
#7204 = DIRECTION('',(-0.,0.,1.));
#7205 = PCURVE('',#4230,#7206);
#7206 = DEFINITIONAL_REPRESENTATION('',(#7207),#7211);
#7207 = LINE('',#7208,#7209);
#7208 = CARTESIAN_POINT('',(0.,13.));
#7209 = VECTOR('',#7210,1.);
#7210 = DIRECTION('',(1.,0.));
#7211 = ( GEOMETRIC_REPRESENTATION_CONTEXT(2)
PARAMETRIC_REPRESENTATION_CONTEXT() REPRESENTATION_CONTEXT('2D SPACE',''
  ) );
#7212 = PCURVE('',#7213,#7218);
#7213 = PLANE('',#7214);
#7214 = AXIS2_PLACEMENT_3D('',#7215,#7216,#7217);
#7215 = CARTESIAN_POINT('',(102.,90.5,81.));
#7216 = DIRECTION('',(1.,0.,0.));
#7217 = DIRECTION('',(-0.,0.,1.));
#7218 = DEFINITIONAL_REPRESENTATION('',(#7219),#7223);
#7219 = CIRCLE('',#7220,4.);
#7220 = AXIS2_PLACEMENT_2D('',#7221,#7222);
#7221 = CARTESIAN_POINT('',(0.,0.));
#7222 = DIRECTION('',(1.,0.));
#7223 = ( GEOMETRIC_REPRESENTATION_CONTEXT(2)
PARAMETRIC_REPRESENTATION_CONTEXT() REPRESENTATION_CONTEXT('2D SPACE',''
  ) );
#7224 = ORIENTED_EDGE('',*,*,#7225,.F.);
#7225 = EDGE_CURVE('',#7226,#7197,#7228,.T.);
#7226 = VERTEX_POINT('',#7227);
#7227 = CARTESIAN_POINT('',(95.982120021884,93.5,78.354248688935));
#7228 = SURFACE_CURVE('',#7229,(#7233,#7239),.PCURVE_S1.);
#7229 = LINE('',#7230,#7231);
#7230 = CARTESIAN_POINT('',(89.,93.5,78.354248688935));
#7231 = VECTOR('',#7232,1.);
#7232 = DIRECTION('',(1.,0.,0.));
#7233 = PCURVE('',#4230,#7234);
#7234 = DEFINITIONAL_REPRESENTATION('',(#7235),#7238);
#7235 = B_SPLINE_CURVE_WITH_KNOTS('',1,(#7236,#7237),.UNSPECIFIED.,.F.,
  .F.,(2,2),(-6.000000070117E-07,13.0000006),.PIECEWISE_BEZIER_KNOTS.);
#7236 = CARTESIAN_POINT('',(3.989654732571,-6.000000070117E-07));
#7237 = CARTESIAN_POINT('',(3.989654732571,13.0000006));
#7238 = ( GEOMETRIC_REPRESENTATION_CONTEXT(2)
PARAMETRIC_REPRESENTATION_CONTEXT() REPRESENTATION_CONTEXT('2D SPACE',''
  ) );
#7239 = PCURVE('',#7185,#7240);
#7240 = DEFINITIONAL_REPRESENTATION('',(#7241),#7244);
#7241 = B_SPLINE_CURVE_WITH_KNOTS('',1,(#7242,#7243),.UNSPECIFIED.,.F.,
  .F.,(2,2),(-6.000000070117E-07,13.0000006),.PIECEWISE_BEZIER_KNOTS.);
#7242 = CARTESIAN_POINT('',(1.354248688935,-4.0000006));
#7243 = CARTESIAN_POINT('',(1.354248688935,9.0000006));
#7244 = ( GEOMETRIC_REPRESENTATION_CONTEXT(2)
PARAMETRIC_REPRESENTATION_CONTEXT() REPRESENTATION_CONTEXT('2D SPACE',''
  ) );
#7245 = ORIENTED_EDGE('',*,*,#7246,.F.);
#7246 = EDGE_CURVE('',#7247,#7226,#7249,.T.);
#7247 = VERTEX_POINT('',#7248);
#7248 = CARTESIAN_POINT('',(96.,93.,77.877501000801));
#7249 = SURFACE_CURVE('',#7250,(#7298,#7349),.PCURVE_S1.);
#7250 = B_SPLINE_CURVE_WITH_KNOTS('',6,(#7251,#7252,#7253,#7254,#7255,
    #7256,#7257,#7258,#7259,#7260,#7261,#7262,#7263,#7264,#7265,#7266,
    #7267,#7268,#7269,#7270,#7271,#7272,#7273,#7274,#7275,#7276,#7277,
    #7278,#7279,#7280,#7281,#7282,#7283,#7284,#7285,#7286,#7287,#7288,
    #7289,#7290,#7291,#7292,#7293,#7294,#7295,#7296,#7297),
  .UNSPECIFIED.,.F.,.F.,(7,5,5,5,5,5,5,5,5,7),(0.,9.861569664169E-02,
    0.177779969805,0.244881879831,0.302167892616,0.49995713535,
    0.753968475877,0.822243528779,0.902412788756,1.),.UNSPECIFIED.);
#7251 = CARTESIAN_POINT('',(96.,93.,77.877501000801));
#7252 = CARTESIAN_POINT('',(96.,93.103031199403,77.959991979524));
#7253 = CARTESIAN_POINT('',(95.998180232284,93.201432413058,
    78.045470635618));
#7254 = CARTESIAN_POINT('',(95.994847261045,93.295234174012,
    78.133629498745));
#7255 = CARTESIAN_POINT('',(95.990277855166,93.384478327244,
    78.224185008093));
#7256 = CARTESIAN_POINT('',(95.984720651904,93.469217134953,
    78.316877729807));
#7257 = CARTESIAN_POINT('',(95.973322134213,93.613969816865,
    78.487409087302));
#7258 = CARTESIAN_POINT('',(95.967752450115,93.67557390137,
    78.564583507571));
#7259 = CARTESIAN_POINT('',(95.961801870731,93.734366314737,
    78.642888273513));
#7260 = CARTESIAN_POINT('',(95.955573144736,93.790388289172,
    78.722226774154));
#7261 = CARTESIAN_POINT('',(95.949158667036,93.84368060971,
    78.802513349259));
#7262 = CARTESIAN_POINT('',(95.937115475303,93.937176173185,
    78.952466783908));
#7263 = CARTESIAN_POINT('',(95.93151624625,93.978135908002,
    79.021886861118));
#7264 = CARTESIAN_POINT('',(95.925892944503,94.017186712765,
    79.091887483889));
#7265 = CARTESIAN_POINT('',(95.920291461011,94.054350730324,
    79.162425823842));
#7266 = CARTESIAN_POINT('',(95.914753424768,94.089648352276,
    79.233462261283));
#7267 = CARTESIAN_POINT('',(95.904674356321,94.15165492459,
    79.365999518676));
#7268 = CARTESIAN_POINT('',(95.900106075864,94.178864852663,
    79.42737487182));
#7269 = CARTESIAN_POINT('',(95.895634687775,94.204739513246,
    79.489063613595));
#7270 = CARTESIAN_POINT('',(95.89128158327,94.229289389045,
    79.551043879926));
#7271 = CARTESIAN_POINT('',(95.887066218446,94.252523935421,
    79.613294773717));
#7272 = CARTESIAN_POINT('',(95.868987946694,94.350160328139,
    79.891593237046));
#7273 = CARTESIAN_POINT('',(95.856818673605,94.410304524574,
    80.110419638663));
#7274 = CARTESIAN_POINT('',(95.847224343803,94.455201121855,
    80.331399269536));
#7275 = CARTESIAN_POINT('',(95.840674277722,94.485064330463,
    80.553779157376));
#7276 = CARTESIAN_POINT('',(95.837397165589,94.5,80.776872248739));
#7277 = CARTESIAN_POINT('',(95.837397165589,94.5,81.286552384868));
#7278 = CARTESIAN_POINT('',(95.842801284531,94.475366118456,
    81.572986477414));
#7279 = CARTESIAN_POINT('',(95.853601533847,94.426137764777,
    81.857914309049));
#7280 = CARTESIAN_POINT('',(95.869165934995,94.352006991264,
    82.139920486548));
#7281 = CARTESIAN_POINT('',(95.888241208927,94.252372709149,
    82.417347840963));
#7282 = CARTESIAN_POINT('',(95.914309660809,94.092474187301,
    82.760844079546));
#7283 = CARTESIAN_POINT('',(95.919938990054,94.056689592476,
    82.833137081323));
#7284 = CARTESIAN_POINT('',(95.925636027724,94.018974725731,
    82.904916626573));
#7285 = CARTESIAN_POINT('',(95.931357090928,93.979308183524,
    82.976141107203));
#7286 = CARTESIAN_POINT('',(95.937053939905,93.937666683045,
    83.046765493568));
#7287 = CARTESIAN_POINT('',(95.949272648985,93.842780628153,
    83.198907676986));
#7288 = CARTESIAN_POINT('',(95.955764911986,93.788779412211,
    83.280178474894));
#7289 = CARTESIAN_POINT('',(95.96206541962,93.731979494237,
    83.360476224842));
#7290 = CARTESIAN_POINT('',(95.968078127259,93.67233852888,
    83.439711871976));
#7291 = CARTESIAN_POINT('',(95.973696093061,93.609813745586,
    83.517784809947));
#7292 = CARTESIAN_POINT('',(95.985016082867,93.464689785715,
    83.688066462736));
#7293 = CARTESIAN_POINT('',(95.990472078691,93.380665301774,
    83.779679242438));
#7294 = CARTESIAN_POINT('',(95.994953471794,93.292229113601,
    83.869192429674));
#7295 = CARTESIAN_POINT('',(95.998218884983,93.199331068956,
    83.956353982941));
#7296 = CARTESIAN_POINT('',(96.,93.101931087208,84.040888815149));
#7297 = CARTESIAN_POINT('',(96.,93.,84.122498999199));
#7298 = PCURVE('',#4230,#7299);
#7299 = DEFINITIONAL_REPRESENTATION('',(#7300),#7348);
#7300 = B_SPLINE_CURVE_WITH_KNOTS('',6,(#7301,#7302,#7303,#7304,#7305,
    #7306,#7307,#7308,#7309,#7310,#7311,#7312,#7313,#7314,#7315,#7316,
    #7317,#7318,#7319,#7320,#7321,#7322,#7323,#7324,#7325,#7326,#7327,
    #7328,#7329,#7330,#7331,#7332,#7333,#7334,#7335,#7336,#7337,#7338,
    #7339,#7340,#7341,#7342,#7343,#7344,#7345,#7346,#7347),
  .UNSPECIFIED.,.F.,.F.,(7,5,5,5,5,5,5,5,5,7),(0.,9.861569664169E-02,
    0.177779969805,0.244881879831,0.302167892616,0.49995713535,
    0.753968475877,0.822243528779,0.902412788756,1.),.UNSPECIFIED.);
#7301 = CARTESIAN_POINT('',(3.816724186527,7.));
#7302 = CARTESIAN_POINT('',(3.849720578016,7.));
#7303 = CARTESIAN_POINT('',(3.882280230655,6.998180232284));
#7304 = CARTESIAN_POINT('',(3.914425691154,6.994847261045));
#7305 = CARTESIAN_POINT('',(3.946177004713,6.990277855166));
#7306 = CARTESIAN_POINT('',(3.977553017659,6.984720651904));
#7307 = CARTESIAN_POINT('',(4.033473878486,6.973322134213));
#7308 = CARTESIAN_POINT('',(4.058149495927,6.967752450115));
#7309 = CARTESIAN_POINT('',(4.082613253665,6.961801870731));
#7310 = CARTESIAN_POINT('',(4.1068788995,6.955573144736));
#7311 = CARTESIAN_POINT('',(4.130960207761,6.949158667036));
#7312 = CARTESIAN_POINT('',(4.175138435539,6.937115475303));
#7313 = CARTESIAN_POINT('',(4.195283197351,6.93151624625));
#7314 = CARTESIAN_POINT('',(4.21531353475,6.925892944503));
#7315 = CARTESIAN_POINT('',(4.235237446663,6.920291461011));
#7316 = CARTESIAN_POINT('',(4.255062660939,6.914753424768));
#7317 = CARTESIAN_POINT('',(4.291643854542,6.904674356321));
#7318 = CARTESIAN_POINT('',(4.308424544993,6.900106075864));
#7319 = CARTESIAN_POINT('',(4.325143322704,6.895634687775));
#7320 = CARTESIAN_POINT('',(4.341804642377,6.89128158327));
#7321 = CARTESIAN_POINT('',(4.358412796425,6.887066218446));
#7322 = CARTESIAN_POINT('',(4.43214495523,6.868987946694));
#7323 = CARTESIAN_POINT('',(4.488744596965,6.856818673605));
#7324 = CARTESIAN_POINT('',(4.544926273332,6.847224343803));
#7325 = CARTESIAN_POINT('',(4.600833840242,6.840674277722));
#7326 = CARTESIAN_POINT('',(4.656607042569,6.837397165589));
#7327 = CARTESIAN_POINT('',(4.784027076602,6.837397165589));
#7328 = CARTESIAN_POINT('',(4.855635706775,6.842801284531));
#7329 = CARTESIAN_POINT('',(4.927528924818,6.853601533847));
#7330 = CARTESIAN_POINT('',(5.000014318944,6.869165934995));
#7331 = CARTESIAN_POINT('',(5.073404315383,6.888241208927));
#7332 = CARTESIAN_POINT('',(5.168126673887,6.914309660809));
#7333 = CARTESIAN_POINT('',(5.188287131046,6.919938990054));
#7334 = CARTESIAN_POINT('',(5.208549335632,6.925636027724));
#7335 = CARTESIAN_POINT('',(5.228921412723,6.931357090928));
#7336 = CARTESIAN_POINT('',(5.249411778383,6.937053939905));
#7337 = CARTESIAN_POINT('',(5.294238254508,6.949272648985));
#7338 = CARTESIAN_POINT('',(5.318622216753,6.955764911986));
#7339 = CARTESIAN_POINT('',(5.34319536001,6.96206541962));
#7340 = CARTESIAN_POINT('',(5.367971981824,6.968078127259));
#7341 = CARTESIAN_POINT('',(5.392966343677,6.973696093061));
#7342 = CARTESIAN_POINT('',(5.448899789064,6.985016082867));
#7343 = CARTESIAN_POINT('',(5.479956716086,6.990472078691));
#7344 = CARTESIAN_POINT('',(5.511381700532,6.994953471794));
#7345 = CARTESIAN_POINT('',(5.543192917483,6.998218884983));
#7346 = CARTESIAN_POINT('',(5.575409700623,7.));
#7347 = CARTESIAN_POINT('',(5.608053774243,7.));
#7348 = ( GEOMETRIC_REPRESENTATION_CONTEXT(2)
PARAMETRIC_REPRESENTATION_CONTEXT() REPRESENTATION_CONTEXT('2D SPACE',''
  ) );
#7349 = PCURVE('',#7350,#7355);
#7350 = CYLINDRICAL_SURFACE('',#7351,7.);
#7351 = AXIS2_PLACEMENT_3D('',#7352,#7353,#7354);
#7352 = CARTESIAN_POINT('',(89.,93.,0.));
#7353 = DIRECTION('',(0.,0.,1.));
#7354 = DIRECTION('',(1.,0.,-0.));
#7355 = DEFINITIONAL_REPRESENTATION('',(#7356),#7404);
#7356 = B_SPLINE_CURVE_WITH_KNOTS('',6,(#7357,#7358,#7359,#7360,#7361,
    #7362,#7363,#7364,#7365,#7366,#7367,#7368,#7369,#7370,#7371,#7372,
    #7373,#7374,#7375,#7376,#7377,#7378,#7379,#7380,#7381,#7382,#7383,
    #7384,#7385,#7386,#7387,#7388,#7389,#7390,#7391,#7392,#7393,#7394,
    #7395,#7396,#7397,#7398,#7399,#7400,#7401,#7402,#7403),
  .UNSPECIFIED.,.F.,.F.,(7,5,5,5,5,5,5,5,5,7),(0.,9.861569664169E-02,
    0.177779969805,0.244881879831,0.302167892616,0.49995713535,
    0.753968475877,0.822243528779,0.902412788756,1.),.UNSPECIFIED.);
#7357 = CARTESIAN_POINT('',(0.,77.877501000801));
#7358 = CARTESIAN_POINT('',(1.471874277182E-02,77.959991979524));
#7359 = CARTESIAN_POINT('',(2.877606346044E-02,78.045470635618));
#7360 = CARTESIAN_POINT('',(4.218204199912E-02,78.133629498745));
#7361 = CARTESIAN_POINT('',(5.494586020592E-02,78.224185008093));
#7362 = CARTESIAN_POINT('',(6.707636330907E-02,78.316877729807));
#7363 = CARTESIAN_POINT('',(8.781933119853E-02,78.487409087302));
#7364 = CARTESIAN_POINT('',(9.665525031501E-02,78.564583507571));
#7365 = CARTESIAN_POINT('',(0.105096363877,78.642888273513));
#7366 = CARTESIAN_POINT('',(0.113148268821,78.722226774154));
#7367 = CARTESIAN_POINT('',(0.120816173967,78.802513349259));
#7368 = CARTESIAN_POINT('',(0.134283033407,78.952466783908));
#7369 = CARTESIAN_POINT('',(0.14018867615,79.021886861118));
#7370 = CARTESIAN_POINT('',(0.145824692786,79.091887483889));
#7371 = CARTESIAN_POINT('',(0.151193642321,79.162425823842));
#7372 = CARTESIAN_POINT('',(0.156297778225,79.233462261283));
#7373 = CARTESIAN_POINT('',(0.165272121054,79.365999518676));
#7374 = CARTESIAN_POINT('',(0.16921360635,79.42737487182));
#7375 = CARTESIAN_POINT('',(0.172964710114,79.489063613595));
#7376 = CARTESIAN_POINT('',(0.176526495317,79.551043879926));
#7377 = CARTESIAN_POINT('',(0.179899882114,79.613294773717));
#7378 = CARTESIAN_POINT('',(0.194085020279,79.891593237046));
#7379 = CARTESIAN_POINT('',(0.202850056052,80.110419638663));
#7380 = CARTESIAN_POINT('',(0.20940832077,80.331399269536));
#7381 = CARTESIAN_POINT('',(0.213776169459,80.553779157376));
#7382 = CARTESIAN_POINT('',(0.215960498685,80.776872248739));
#7383 = CARTESIAN_POINT('',(0.215960498685,81.286552384868));
#7384 = CARTESIAN_POINT('',(0.212357672123,81.572986477414));
#7385 = CARTESIAN_POINT('',(0.205157855522,81.857914309049));
#7386 = CARTESIAN_POINT('',(0.194337130557,82.139920486548));
#7387 = CARTESIAN_POINT('',(0.179850634504,82.417347840963));
#7388 = CARTESIAN_POINT('',(0.156706409909,82.760844079546));
#7389 = CARTESIAN_POINT('',(0.151531527395,82.833137081323));
#7390 = CARTESIAN_POINT('',(0.146082736642,82.904916626573));
#7391 = CARTESIAN_POINT('',(0.140357675601,82.976141107203));
#7392 = CARTESIAN_POINT('',(0.13435365512,83.046765493568));
#7393 = CARTESIAN_POINT('',(0.12068657844,83.198907676986));
#7394 = CARTESIAN_POINT('',(0.112916808146,83.280178474894));
#7395 = CARTESIAN_POINT('',(0.104753338817,83.360476224842));
#7396 = CARTESIAN_POINT('',(9.619075753109E-02,83.439711871976));
#7397 = CARTESIAN_POINT('',(8.722324769037E-02,83.517784809947));
#7398 = CARTESIAN_POINT('',(6.642827876499E-02,83.688066462736));
#7399 = CARTESIAN_POINT('',(5.440052301825E-02,83.779679242438));
#7400 = CARTESIAN_POINT('',(4.175256628682E-02,83.869192429674));
#7401 = CARTESIAN_POINT('',(2.847587115692E-02,83.956353982941));
#7402 = CARTESIAN_POINT('',(1.456158388689E-02,84.040888815149));
#7403 = CARTESIAN_POINT('',(0.,84.122498999199));
#7404 = ( GEOMETRIC_REPRESENTATION_CONTEXT(2)
PARAMETRIC_REPRESENTATION_CONTEXT() REPRESENTATION_CONTEXT('2D SPACE',''
  ) );
#7405 = ORIENTED_EDGE('',*,*,#7406,.F.);
#7406 = EDGE_CURVE('',#7407,#7247,#7409,.T.);
#7407 = VERTEX_POINT('',#7408);
#7408 = CARTESIAN_POINT('',(96.,90.5,77.));
#7409 = SURFACE_CURVE('',#7410,(#7415,#7422),.PCURVE_S1.);
#7410 = CIRCLE('',#7411,4.);
#7411 = AXIS2_PLACEMENT_3D('',#7412,#7413,#7414);
#7412 = CARTESIAN_POINT('',(96.,90.5,81.));
#7413 = DIRECTION('',(1.,0.,0.));
#7414 = DIRECTION('',(-0.,0.,1.));
#7415 = PCURVE('',#4230,#7416);
#7416 = DEFINITIONAL_REPRESENTATION('',(#7417),#7421);
#7417 = LINE('',#7418,#7419);
#7418 = CARTESIAN_POINT('',(0.,7.));
#7419 = VECTOR('',#7420,1.);
#7420 = DIRECTION('',(1.,0.));
#7421 = ( GEOMETRIC_REPRESENTATION_CONTEXT(2)
PARAMETRIC_REPRESENTATION_CONTEXT() REPRESENTATION_CONTEXT('2D SPACE',''
  ) );
#7422 = PCURVE('',#7423,#7428);
#7423 = PLANE('',#7424);
#7424 = AXIS2_PLACEMENT_3D('',#7425,#7426,#7427);
#7425 = CARTESIAN_POINT('',(96.,0.,0.));
#7426 = DIRECTION('',(1.,0.,-0.));
#7427 = DIRECTION('',(0.,0.,1.));
#7428 = DEFINITIONAL_REPRESENTATION('',(#7429),#7433);
#7429 = CIRCLE('',#7430,4.);
#7430 = AXIS2_PLACEMENT_2D('',#7431,#7432);
#7431 = CARTESIAN_POINT('',(81.,-90.5));
#7432 = DIRECTION('',(1.,0.));
#7433 = ( GEOMETRIC_REPRESENTATION_CONTEXT(2)
PARAMETRIC_REPRESENTATION_CONTEXT() REPRESENTATION_CONTEXT('2D SPACE',''
  ) );
#7434 = ORIENTED_EDGE('',*,*,#7435,.F.);
#7435 = EDGE_CURVE('',#7436,#7407,#7438,.T.);
#7436 = VERTEX_POINT('',#7437);
#7437 = CARTESIAN_POINT('',(96.,87.5,78.354248688935));
#7438 = SURFACE_CURVE('',#7439,(#7444,#7451),.PCURVE_S1.);
#7439 = CIRCLE('',#7440,4.);
#7440 = AXIS2_PLACEMENT_3D('',#7441,#7442,#7443);
#7441 = CARTESIAN_POINT('',(96.,90.5,81.));
#7442 = DIRECTION('',(1.,0.,0.));
#7443 = DIRECTION('',(-0.,0.,1.));
#7444 = PCURVE('',#4230,#7445);
#7445 = DEFINITIONAL_REPRESENTATION('',(#7446),#7450);
#7446 = LINE('',#7447,#7448);
#7447 = CARTESIAN_POINT('',(0.,7.));
#7448 = VECTOR('',#7449,1.);
#7449 = DIRECTION('',(1.,0.));
#7450 = ( GEOMETRIC_REPRESENTATION_CONTEXT(2)
PARAMETRIC_REPRESENTATION_CONTEXT() REPRESENTATION_CONTEXT('2D SPACE',''
  ) );
#7451 = PCURVE('',#7452,#7457);
#7452 = PLANE('',#7453);
#7453 = AXIS2_PLACEMENT_3D('',#7454,#7455,#7456);
#7454 = CARTESIAN_POINT('',(96.,0.,0.));
#7455 = DIRECTION('',(1.,0.,-0.));
#7456 = DIRECTION('',(0.,0.,1.));
#7457 = DEFINITIONAL_REPRESENTATION('',(#7458),#7462);
#7458 = CIRCLE('',#7459,4.);
#7459 = AXIS2_PLACEMENT_2D('',#7460,#7461);
#7460 = CARTESIAN_POINT('',(81.,-90.5));
#7461 = DIRECTION('',(1.,0.));
#7462 = ( GEOMETRIC_REPRESENTATION_CONTEXT(2)
PARAMETRIC_REPRESENTATION_CONTEXT() REPRESENTATION_CONTEXT('2D SPACE',''
  ) );
#7463 = ORIENTED_EDGE('',*,*,#7464,.T.);
#7464 = EDGE_CURVE('',#7436,#6855,#7465,.T.);
#7465 = SURFACE_CURVE('',#7466,(#7470,#7476),.PCURVE_S1.);
#7466 = LINE('',#7467,#7468);
#7467 = CARTESIAN_POINT('',(89.,87.5,78.354248688935));
#7468 = VECTOR('',#7469,1.);
#7469 = DIRECTION('',(1.,0.,0.));
#7470 = PCURVE('',#4230,#7471);
#7471 = DEFINITIONAL_REPRESENTATION('',(#7472),#7475);
#7472 = B_SPLINE_CURVE_WITH_KNOTS('',1,(#7473,#7474),.UNSPECIFIED.,.F.,
  .F.,(2,2),(-6.000000070117E-07,13.0000006),.PIECEWISE_BEZIER_KNOTS.);
#7473 = CARTESIAN_POINT('',(2.293530574608,-6.000000070117E-07));
#7474 = CARTESIAN_POINT('',(2.293530574608,13.0000006));
#7475 = ( GEOMETRIC_REPRESENTATION_CONTEXT(2)
PARAMETRIC_REPRESENTATION_CONTEXT() REPRESENTATION_CONTEXT('2D SPACE',''
  ) );
#7476 = PCURVE('',#6898,#7477);
#7477 = DEFINITIONAL_REPRESENTATION('',(#7478),#7481);
#7478 = B_SPLINE_CURVE_WITH_KNOTS('',1,(#7479,#7480),.UNSPECIFIED.,.F.,
  .F.,(2,2),(-6.000000070117E-07,13.0000006),.PIECEWISE_BEZIER_KNOTS.);
#7479 = CARTESIAN_POINT('',(1.354248688935,-4.0000006));
#7480 = CARTESIAN_POINT('',(1.354248688935,9.0000006));
#7481 = ( GEOMETRIC_REPRESENTATION_CONTEXT(2)
PARAMETRIC_REPRESENTATION_CONTEXT() REPRESENTATION_CONTEXT('2D SPACE',''
  ) );
#7482 = ADVANCED_FACE('',(#7483),#4530,.T.);
#7483 = FACE_BOUND('',#7484,.T.);
#7484 = EDGE_LOOP('',(#7485,#7515,#7541,#7542,#7543,#7544));
#7485 = ORIENTED_EDGE('',*,*,#7486,.F.);
#7486 = EDGE_CURVE('',#7487,#7489,#7491,.T.);
#7487 = VERTEX_POINT('',#7488);
#7488 = CARTESIAN_POINT('',(82.008392021694,8.,157.5));
#7489 = VERTEX_POINT('',#7490);
#7490 = CARTESIAN_POINT('',(13.991607978305,8.,157.5));
#7491 = SURFACE_CURVE('',#7492,(#7496,#7503),.PCURVE_S1.);
#7492 = LINE('',#7493,#7494);
#7493 = CARTESIAN_POINT('',(88.,8.,157.5));
#7494 = VECTOR('',#7495,1.);
#7495 = DIRECTION('',(-1.,-0.,0.));
#7496 = PCURVE('',#4530,#7497);
#7497 = DEFINITIONAL_REPRESENTATION('',(#7498),#7502);
#7498 = LINE('',#7499,#7500);
#7499 = CARTESIAN_POINT('',(151.5,82.));
#7500 = VECTOR('',#7501,1.);
#7501 = DIRECTION('',(0.,-1.));
#7502 = ( GEOMETRIC_REPRESENTATION_CONTEXT(2)
PARAMETRIC_REPRESENTATION_CONTEXT() REPRESENTATION_CONTEXT('2D SPACE',''
  ) );
#7503 = PCURVE('',#7504,#7509);
#7504 = CYLINDRICAL_SURFACE('',#7505,0.5);
#7505 = AXIS2_PLACEMENT_3D('',#7506,#7507,#7508);
#7506 = CARTESIAN_POINT('',(88.,7.5,157.5));
#7507 = DIRECTION('',(-1.,-0.,0.));
#7508 = DIRECTION('',(0.,0.,1.));
#7509 = DEFINITIONAL_REPRESENTATION('',(#7510),#7514);
#7510 = LINE('',#7511,#7512);
#7511 = CARTESIAN_POINT('',(1.570796326795,0.));
#7512 = VECTOR('',#7513,1.);
#7513 = DIRECTION('',(0.,1.));
#7514 = ( GEOMETRIC_REPRESENTATION_CONTEXT(2)
PARAMETRIC_REPRESENTATION_CONTEXT() REPRESENTATION_CONTEXT('2D SPACE',''
  ) );
#7515 = ORIENTED_EDGE('',*,*,#7516,.T.);
#7516 = EDGE_CURVE('',#7487,#4516,#7517,.T.);
#7517 = SURFACE_CURVE('',#7518,(#7523,#7534),.PCURVE_S1.);
#7518 = CIRCLE('',#7519,0.6);
#7519 = AXIS2_PLACEMENT_3D('',#7520,#7521,#7522);
#7520 = CARTESIAN_POINT('',(82.6,8.,157.4));
#7521 = DIRECTION('',(0.,-1.,0.));
#7522 = DIRECTION('',(-1.,0.,0.));
#7523 = PCURVE('',#4530,#7524);
#7524 = DEFINITIONAL_REPRESENTATION('',(#7525),#7533);
#7525 = ( BOUNDED_CURVE() B_SPLINE_CURVE(2,(#7526,#7527,#7528,#7529,
#7530,#7531,#7532),.UNSPECIFIED.,.T.,.F.) B_SPLINE_CURVE_WITH_KNOTS((1,2
    ,2,2,2,1),(-2.094395102393,0.,2.094395102393,4.188790204786,
6.28318530718,8.377580409573),.UNSPECIFIED.) CURVE()
GEOMETRIC_REPRESENTATION_ITEM() RATIONAL_B_SPLINE_CURVE((1.,0.5,1.,0.5,
1.,0.5,1.)) REPRESENTATION_ITEM('') );
#7526 = CARTESIAN_POINT('',(151.4,76.));
#7527 = CARTESIAN_POINT('',(150.36076951545,76.));
#7528 = CARTESIAN_POINT('',(150.88038475772,76.9));
#7529 = CARTESIAN_POINT('',(151.4,77.8));
#7530 = CARTESIAN_POINT('',(151.91961524227,76.9));
#7531 = CARTESIAN_POINT('',(152.43923048454,76.));
#7532 = CARTESIAN_POINT('',(151.4,76.));
#7533 = ( GEOMETRIC_REPRESENTATION_CONTEXT(2)
PARAMETRIC_REPRESENTATION_CONTEXT() REPRESENTATION_CONTEXT('2D SPACE',''
  ) );
#7534 = PCURVE('',#4555,#7535);
#7535 = DEFINITIONAL_REPRESENTATION('',(#7536),#7540);
#7536 = LINE('',#7537,#7538);
#7537 = CARTESIAN_POINT('',(-6.28318530718,5.));
#7538 = VECTOR('',#7539,1.);
#7539 = DIRECTION('',(1.,-0.));
#7540 = ( GEOMETRIC_REPRESENTATION_CONTEXT(2)
PARAMETRIC_REPRESENTATION_CONTEXT() REPRESENTATION_CONTEXT('2D SPACE',''
  ) );
#7541 = ORIENTED_EDGE('',*,*,#4515,.F.);
#7542 = ORIENTED_EDGE('',*,*,#4570,.F.);
#7543 = ORIENTED_EDGE('',*,*,#4640,.T.);
#7544 = ORIENTED_EDGE('',*,*,#7545,.T.);
#7545 = EDGE_CURVE('',#4641,#7489,#7546,.T.);
#7546 = SURFACE_CURVE('',#7547,(#7552,#7563),.PCURVE_S1.);
#7547 = CIRCLE('',#7548,0.6);
#7548 = AXIS2_PLACEMENT_3D('',#7549,#7550,#7551);
#7549 = CARTESIAN_POINT('',(13.4,8.,157.4));
#7550 = DIRECTION('',(0.,-1.,0.));
#7551 = DIRECTION('',(1.,0.,0.));
#7552 = PCURVE('',#4530,#7553);
#7553 = DEFINITIONAL_REPRESENTATION('',(#7554),#7562);
#7554 = ( BOUNDED_CURVE() B_SPLINE_CURVE(2,(#7555,#7556,#7557,#7558,
#7559,#7560,#7561),.UNSPECIFIED.,.T.,.F.) B_SPLINE_CURVE_WITH_KNOTS((1,2
    ,2,2,2,1),(-2.094395102393,0.,2.094395102393,4.188790204786,
6.28318530718,8.377580409573),.UNSPECIFIED.) CURVE()
GEOMETRIC_REPRESENTATION_ITEM() RATIONAL_B_SPLINE_CURVE((1.,0.5,1.,0.5,
1.,0.5,1.)) REPRESENTATION_ITEM('') );
#7555 = CARTESIAN_POINT('',(151.4,8.));
#7556 = CARTESIAN_POINT('',(152.43923048454,8.));
#7557 = CARTESIAN_POINT('',(151.91961524227,7.1));
#7558 = CARTESIAN_POINT('',(151.4,6.2));
#7559 = CARTESIAN_POINT('',(150.88038475772,7.1));
#7560 = CARTESIAN_POINT('',(150.36076951545,8.));
#7561 = CARTESIAN_POINT('',(151.4,8.));
#7562 = ( GEOMETRIC_REPRESENTATION_CONTEXT(2)
PARAMETRIC_REPRESENTATION_CONTEXT() REPRESENTATION_CONTEXT('2D SPACE',''
  ) );
#7563 = PCURVE('',#4677,#7564);
#7564 = DEFINITIONAL_REPRESENTATION('',(#7565),#7569);
#7565 = LINE('',#7566,#7567);
#7566 = CARTESIAN_POINT('',(0.,5.));
#7567 = VECTOR('',#7568,1.);
#7568 = DIRECTION('',(1.,0.));
#7569 = ( GEOMETRIC_REPRESENTATION_CONTEXT(2)
PARAMETRIC_REPRESENTATION_CONTEXT() REPRESENTATION_CONTEXT('2D SPACE',''
  ) );
#7570 = ADVANCED_FACE('',(#7571),#4555,.T.);
#7571 = FACE_BOUND('',#7572,.F.);
#7572 = EDGE_LOOP('',(#7573,#7574,#7575,#7598,#7814));
#7573 = ORIENTED_EDGE('',*,*,#4541,.F.);
#7574 = ORIENTED_EDGE('',*,*,#6725,.T.);
#7575 = ORIENTED_EDGE('',*,*,#7576,.T.);
#7576 = EDGE_CURVE('',#6726,#7577,#7579,.T.);
#7577 = VERTEX_POINT('',#7578);
#7578 = CARTESIAN_POINT('',(82.6,7.5,158.));
#7579 = SURFACE_CURVE('',#7580,(#7584,#7591),.PCURVE_S1.);
#7580 = LINE('',#7581,#7582);
#7581 = CARTESIAN_POINT('',(82.6,13.,158.));
#7582 = VECTOR('',#7583,1.);
#7583 = DIRECTION('',(0.,-1.,0.));
#7584 = PCURVE('',#4555,#7585);
#7585 = DEFINITIONAL_REPRESENTATION('',(#7586),#7590);
#7586 = LINE('',#7587,#7588);
#7587 = CARTESIAN_POINT('',(-1.570796326795,0.));
#7588 = VECTOR('',#7589,1.);
#7589 = DIRECTION('',(-0.,1.));
#7590 = ( GEOMETRIC_REPRESENTATION_CONTEXT(2)
PARAMETRIC_REPRESENTATION_CONTEXT() REPRESENTATION_CONTEXT('2D SPACE',''
  ) );
#7591 = PCURVE('',#5388,#7592);
#7592 = DEFINITIONAL_REPRESENTATION('',(#7593),#7597);
#7593 = LINE('',#7594,#7595);
#7594 = CARTESIAN_POINT('',(82.6,13.));
#7595 = VECTOR('',#7596,1.);
#7596 = DIRECTION('',(0.,-1.));
#7597 = ( GEOMETRIC_REPRESENTATION_CONTEXT(2)
PARAMETRIC_REPRESENTATION_CONTEXT() REPRESENTATION_CONTEXT('2D SPACE',''
  ) );
#7598 = ORIENTED_EDGE('',*,*,#7599,.T.);
#7599 = EDGE_CURVE('',#7577,#7487,#7600,.T.);
#7600 = SURFACE_CURVE('',#7601,(#7670,#7742),.PCURVE_S1.);
#7601 = B_SPLINE_CURVE_WITH_KNOTS('',7,(#7602,#7603,#7604,#7605,#7606,
    #7607,#7608,#7609,#7610,#7611,#7612,#7613,#7614,#7615,#7616,#7617,
    #7618,#7619,#7620,#7621,#7622,#7623,#7624,#7625,#7626,#7627,#7628,
    #7629,#7630,#7631,#7632,#7633,#7634,#7635,#7636,#7637,#7638,#7639,
    #7640,#7641,#7642,#7643,#7644,#7645,#7646,#7647,#7648,#7649,#7650,
    #7651,#7652,#7653,#7654,#7655,#7656,#7657,#7658,#7659,#7660,#7661,
    #7662,#7663,#7664,#7665,#7666,#7667,#7668,#7669),.UNSPECIFIED.,.F.,
  .F.,(8,6,6,6,6,6,6,6,6,6,6,8),(0.,6.164182224711E-04,
    1.232836303768E-03,1.849254117023E-03,2.465671526651E-03,
    3.060832654038E-03,3.634737437881E-03,4.229897225959E-03,
    4.846311810804E-03,5.420214095675E-03,0.606963901073,1.),
  .UNSPECIFIED.);
#7602 = CARTESIAN_POINT('',(82.6,7.5,158.));
#7603 = CARTESIAN_POINT('',(82.599930383725,7.50006355059,158.));
#7604 = CARTESIAN_POINT('',(82.599860767509,7.500127101231,
    157.99999999057));
#7605 = CARTESIAN_POINT('',(82.59979115131,7.500190651885,
    157.99999997172));
#7606 = CARTESIAN_POINT('',(82.599721535103,7.500254202528,
    157.99999994345));
#7607 = CARTESIAN_POINT('',(82.59965191888,7.50031775315,157.99999990576
    ));
#7608 = CARTESIAN_POINT('',(82.59958230265,7.500381303757,
    157.99999985864));
#7609 = CARTESIAN_POINT('',(82.599443070244,7.500508404968,
    157.99999974556));
#7610 = CARTESIAN_POINT('',(82.599373454054,7.50057195556,
    157.99999967959));
#7611 = CARTESIAN_POINT('',(82.599303837871,7.500635506145,
    157.9999996042));
#7612 = CARTESIAN_POINT('',(82.599234221695,7.500699056722,
    157.99999951939));
#7613 = CARTESIAN_POINT('',(82.599164605528,7.500762607288,
    157.99999942516));
#7614 = CARTESIAN_POINT('',(82.599094989371,7.500826157844,
    157.9999993215));
#7615 = CARTESIAN_POINT('',(82.59895575711,7.500953258903,
    157.99999909533));
#7616 = CARTESIAN_POINT('',(82.598886141005,7.501016809407,
    157.99999897282));
#7617 = CARTESIAN_POINT('',(82.598816524912,7.501080359897,
    157.99999884089));
#7618 = CARTESIAN_POINT('',(82.598746908833,7.501143910373,
    157.99999869954));
#7619 = CARTESIAN_POINT('',(82.598677292768,7.501207460833,
    157.99999854876));
#7620 = CARTESIAN_POINT('',(82.598607676718,7.501271011276,
    157.99999838856));
#7621 = CARTESIAN_POINT('',(82.598468444697,7.501398112084,
    157.99999804931));
#7622 = CARTESIAN_POINT('',(82.598398828726,7.501461662449,
    157.99999787026));
#7623 = CARTESIAN_POINT('',(82.598329212772,7.501525212794,
    157.99999768179));
#7624 = CARTESIAN_POINT('',(82.598259596838,7.501588763119,
    157.9999974839));
#7625 = CARTESIAN_POINT('',(82.598189980923,7.501652313422,
    157.99999727658));
#7626 = CARTESIAN_POINT('',(82.598120365028,7.501715863702,
    157.99999705984));
#7627 = CARTESIAN_POINT('',(82.597983533889,7.501840772773,
    157.9999966153));
#7628 = CARTESIAN_POINT('',(82.597916318642,7.501902131565,
    157.99999638815));
#7629 = CARTESIAN_POINT('',(82.597849103417,7.501963490334,
    157.99999615222));
#7630 = CARTESIAN_POINT('',(82.597781888214,7.502024849078,
    157.99999590749));
#7631 = CARTESIAN_POINT('',(82.597714673035,7.502086207795,
    157.99999565399));
#7632 = CARTESIAN_POINT('',(82.59764745788,7.502147566486,157.9999953917
    ));
#7633 = CARTESIAN_POINT('',(82.597515428228,7.50226809237,
    157.99999485923));
#7634 = CARTESIAN_POINT('',(82.597450613729,7.502327259565,
    157.99999458966));
#7635 = CARTESIAN_POINT('',(82.597385799255,7.502386426733,
    157.99999431193));
#7636 = CARTESIAN_POINT('',(82.597320984806,7.502445593873,
    157.99999402603));
#7637 = CARTESIAN_POINT('',(82.597256170384,7.502504760984,
    157.99999373196));
#7638 = CARTESIAN_POINT('',(82.597191355989,7.502563928065,
    157.99999342973));
#7639 = CARTESIAN_POINT('',(82.597059326805,7.502684453462,
    157.99999279742));
#7640 = CARTESIAN_POINT('',(82.596992112018,7.502745811775,
    157.99999246673));
#7641 = CARTESIAN_POINT('',(82.596924897262,7.502807170054,
    157.99999212726));
#7642 = CARTESIAN_POINT('',(82.596857682539,7.502868528298,157.999991779
    ));
#7643 = CARTESIAN_POINT('',(82.596790467849,7.502929886505,
    157.99999142196));
#7644 = CARTESIAN_POINT('',(82.596723253193,7.502991244674,
    157.99999105614));
#7645 = CARTESIAN_POINT('',(82.596586423532,7.503116152202,
    157.99999029354));
#7646 = CARTESIAN_POINT('',(82.59651680853,7.503179701559,
    157.99998989612));
#7647 = CARTESIAN_POINT('',(82.596447193567,7.503243250873,
    157.99998948929));
#7648 = CARTESIAN_POINT('',(82.596377578643,7.503306800142,
    157.99998907303));
#7649 = CARTESIAN_POINT('',(82.596307963761,7.503370349367,
    157.99998864734));
#7650 = CARTESIAN_POINT('',(82.59623834892,7.503433898545,
    157.99998821224));
#7651 = CARTESIAN_POINT('',(82.596103920454,7.503556614009,
    157.99998735383));
#7652 = CARTESIAN_POINT('',(82.596039106822,7.503615780301,
    157.99998693179));
#7653 = CARTESIAN_POINT('',(82.595974293228,7.503674946551,
    157.99998650158));
#7654 = CARTESIAN_POINT('',(82.595909479674,7.503734112758,
    157.9999860632));
#7655 = CARTESIAN_POINT('',(82.59584466616,7.50379327892,157.99998561666
    ));
#7656 = CARTESIAN_POINT('',(82.595779852687,7.503852445037,
    157.99998516194));
#7657 = CARTESIAN_POINT('',(82.527779937118,7.565927353698,
    157.99949952128));
#7658 = CARTESIAN_POINT('',(82.45985265763,7.627927238425,157.9900396963
    ));
#7659 = CARTESIAN_POINT('',(82.392925021034,7.688810618886,
    157.97158590043));
#7660 = CARTESIAN_POINT('',(82.328112771389,7.747363617434,
    157.94405892773));
#7661 = CARTESIAN_POINT('',(82.266694128249,7.802184945688,
    157.90747261199));
#7662 = CARTESIAN_POINT('',(82.210125204492,7.85167025995,
    157.86196858645));
#7663 = CARTESIAN_POINT('',(82.127373518653,7.921444121088,
    157.77274239237));
#7664 = CARTESIAN_POINT('',(82.097335601775,7.946007775771,
    157.7337416169));
#7665 = CARTESIAN_POINT('',(82.070727011374,7.966755950092,
    157.69136301708));
#7666 = CARTESIAN_POINT('',(82.048158474117,7.983012445529,
    157.64613127188));
#7667 = CARTESIAN_POINT('',(82.030084862597,7.994233466985,
    157.59867886634));
#7668 = CARTESIAN_POINT('',(82.016794966447,8.,157.54971249159));
#7669 = CARTESIAN_POINT('',(82.00839202169,8.,157.5));
#7670 = PCURVE('',#4555,#7671);
#7671 = DEFINITIONAL_REPRESENTATION('',(#7672),#7741);
#7672 = B_SPLINE_CURVE_WITH_KNOTS('',7,(#7673,#7674,#7675,#7676,#7677,
    #7678,#7679,#7680,#7681,#7682,#7683,#7684,#7685,#7686,#7687,#7688,
    #7689,#7690,#7691,#7692,#7693,#7694,#7695,#7696,#7697,#7698,#7699,
    #7700,#7701,#7702,#7703,#7704,#7705,#7706,#7707,#7708,#7709,#7710,
    #7711,#7712,#7713,#7714,#7715,#7716,#7717,#7718,#7719,#7720,#7721,
    #7722,#7723,#7724,#7725,#7726,#7727,#7728,#7729,#7730,#7731,#7732,
    #7733,#7734,#7735,#7736,#7737,#7738,#7739,#7740),.UNSPECIFIED.,.F.,
  .F.,(8,6,6,6,6,6,6,6,6,6,6,8),(0.,6.164182224711E-04,
    1.232836303768E-03,1.849254117023E-03,2.465671526651E-03,
    3.060832654038E-03,3.634737437881E-03,4.229897225959E-03,
    4.846311810804E-03,5.420214095675E-03,0.606963901073,1.),
  .UNSPECIFIED.);
#7673 = CARTESIAN_POINT('',(-1.570796326795,5.5));
#7674 = CARTESIAN_POINT('',(-1.57068029967,5.49993644941));
#7675 = CARTESIAN_POINT('',(-1.570564272644,5.499872898769));
#7676 = CARTESIAN_POINT('',(-1.570448245643,5.499809348115));
#7677 = CARTESIAN_POINT('',(-1.570332218623,5.499745797472));
#7678 = CARTESIAN_POINT('',(-1.570216191569,5.49968224685));
#7679 = CARTESIAN_POINT('',(-1.570100164493,5.499618696243));
#7680 = CARTESIAN_POINT('',(-1.569868110407,5.499491595032));
#7681 = CARTESIAN_POINT('',(-1.569752083373,5.49942804444));
#7682 = CARTESIAN_POINT('',(-1.569636056334,5.499364493855));
#7683 = CARTESIAN_POINT('',(-1.569520029291,5.499300943278));
#7684 = CARTESIAN_POINT('',(-1.569404002242,5.499237392712));
#7685 = CARTESIAN_POINT('',(-1.569287975186,5.499173842156));
#7686 = CARTESIAN_POINT('',(-1.56905592111,5.499046741097));
#7687 = CARTESIAN_POINT('',(-1.568939894091,5.498983190593));
#7688 = CARTESIAN_POINT('',(-1.568823867063,5.498919640103));
#7689 = CARTESIAN_POINT('',(-1.568707840027,5.498856089627));
#7690 = CARTESIAN_POINT('',(-1.568591812981,5.498792539167));
#7691 = CARTESIAN_POINT('',(-1.568475785925,5.498728988724));
#7692 = CARTESIAN_POINT('',(-1.568243731868,5.498601887916));
#7693 = CARTESIAN_POINT('',(-1.568127704867,5.498538337551));
#7694 = CARTESIAN_POINT('',(-1.568011677854,5.498474787206));
#7695 = CARTESIAN_POINT('',(-1.567895650829,5.498411236881));
#7696 = CARTESIAN_POINT('',(-1.567779623791,5.498347686578));
#7697 = CARTESIAN_POINT('',(-1.56766359674,5.498284136298));
#7698 = CARTESIAN_POINT('',(-1.567435543637,5.498159227227));
#7699 = CARTESIAN_POINT('',(-1.567323517587,5.498097868435));
#7700 = CARTESIAN_POINT('',(-1.567211491523,5.498036509666));
#7701 = CARTESIAN_POINT('',(-1.567099465444,5.497975150922));
#7702 = CARTESIAN_POINT('',(-1.56698743935,5.497913792205));
#7703 = CARTESIAN_POINT('',(-1.56687541324,5.497852433514));
#7704 = CARTESIAN_POINT('',(-1.566655362031,5.49773190763));
#7705 = CARTESIAN_POINT('',(-1.566547336933,5.497672740435));
#7706 = CARTESIAN_POINT('',(-1.566439311819,5.497613573267));
#7707 = CARTESIAN_POINT('',(-1.566331286688,5.497554406127));
#7708 = CARTESIAN_POINT('',(-1.56622326154,5.497495239016));
#7709 = CARTESIAN_POINT('',(-1.566115236375,5.497436071935));
#7710 = CARTESIAN_POINT('',(-1.565895185211,5.497315546538));
#7711 = CARTESIAN_POINT('',(-1.565783159212,5.497254188225));
#7712 = CARTESIAN_POINT('',(-1.565671133192,5.497192829946));
#7713 = CARTESIAN_POINT('',(-1.565559107151,5.497131471702));
#7714 = CARTESIAN_POINT('',(-1.565447081089,5.497070113495));
#7715 = CARTESIAN_POINT('',(-1.565335055004,5.497008755326));
#7716 = CARTESIAN_POINT('',(-1.565107002028,5.496883847798));
#7717 = CARTESIAN_POINT('',(-1.564990975134,5.496820298441));
#7718 = CARTESIAN_POINT('',(-1.564874948216,5.496756749127));
#7719 = CARTESIAN_POINT('',(-1.564758921271,5.496693199858));
#7720 = CARTESIAN_POINT('',(-1.564642894299,5.496629650633));
#7721 = CARTESIAN_POINT('',(-1.5645268673,5.496566101455));
#7722 = CARTESIAN_POINT('',(-1.564302815288,5.496443385991));
#7723 = CARTESIAN_POINT('',(-1.564194790279,5.496384219699));
#7724 = CARTESIAN_POINT('',(-1.564086765245,5.496325053449));
#7725 = CARTESIAN_POINT('',(-1.563978740185,5.496265887242));
#7726 = CARTESIAN_POINT('',(-1.563870715099,5.49620672108));
#7727 = CARTESIAN_POINT('',(-1.563762689986,5.496147554963));
#7728 = CARTESIAN_POINT('',(-1.450426607125,5.434072646302));
#7729 = CARTESIAN_POINT('',(-1.337104427593,5.372072761575));
#7730 = CARTESIAN_POINT('',(-1.22297234195,5.311189381114));
#7731 = CARTESIAN_POINT('',(-1.107491101728,5.252636382566));
#7732 = CARTESIAN_POINT('',(-0.990157655895,5.197815054311));
#7733 = CARTESIAN_POINT('',(-0.870439470718,5.14832974005));
#7734 = CARTESIAN_POINT('',(-0.66761801654,5.078555878912));
#7735 = CARTESIAN_POINT('',(-0.585915871451,5.053992224229));
#7736 = CARTESIAN_POINT('',(-0.503129363563,5.033244049908));
#7737 = CARTESIAN_POINT('',(-0.419610120436,5.016987554471));
#7738 = CARTESIAN_POINT('',(-0.335637946977,5.005766533015));
#7739 = CARTESIAN_POINT('',(-0.251477526788,5.));
#7740 = CARTESIAN_POINT('',(-0.16744807922,5.));
#7741 = ( GEOMETRIC_REPRESENTATION_CONTEXT(2)
PARAMETRIC_REPRESENTATION_CONTEXT() REPRESENTATION_CONTEXT('2D SPACE',''
  ) );
#7742 = PCURVE('',#7504,#7743);
#7743 = DEFINITIONAL_REPRESENTATION('',(#7744),#7813);
#7744 = B_SPLINE_CURVE_WITH_KNOTS('',7,(#7745,#7746,#7747,#7748,#7749,
    #7750,#7751,#7752,#7753,#7754,#7755,#7756,#7757,#7758,#7759,#7760,
    #7761,#7762,#7763,#7764,#7765,#7766,#7767,#7768,#7769,#7770,#7771,
    #7772,#7773,#7774,#7775,#7776,#7777,#7778,#7779,#7780,#7781,#7782,
    #7783,#7784,#7785,#7786,#7787,#7788,#7789,#7790,#7791,#7792,#7793,
    #7794,#7795,#7796,#7797,#7798,#7799,#7800,#7801,#7802,#7803,#7804,
    #7805,#7806,#7807,#7808,#7809,#7810,#7811,#7812),.UNSPECIFIED.,.F.,
  .F.,(8,6,6,6,6,6,6,6,6,6,6,8),(0.,6.164182224711E-04,
    1.232836303768E-03,1.849254117023E-03,2.465671526651E-03,
    3.060832654038E-03,3.634737437881E-03,4.229897225959E-03,
    4.846311810804E-03,5.420214095675E-03,0.606963901073,1.),
  .UNSPECIFIED.);
#7745 = CARTESIAN_POINT('',(0.,5.4));
#7746 = CARTESIAN_POINT('',(1.27101180074E-04,5.400069616275));
#7747 = CARTESIAN_POINT('',(2.542024626261E-04,5.400139232491));
#7748 = CARTESIAN_POINT('',(3.813037736E-04,5.40020884869));
#7749 = CARTESIAN_POINT('',(5.084050685502E-04,5.400278464897));
#7750 = CARTESIAN_POINT('',(6.355063326427E-04,5.40034808112));
#7751 = CARTESIAN_POINT('',(7.626075806544E-04,5.40041769735));
#7752 = CARTESIAN_POINT('',(1.016810104183E-03,5.400556929756));
#7753 = CARTESIAN_POINT('',(1.143911355742E-03,5.400626545946));
#7754 = CARTESIAN_POINT('',(1.27101261269E-03,5.400696162129));
#7755 = CARTESIAN_POINT('',(1.398113876033E-03,5.400765778305));
#7756 = CARTESIAN_POINT('',(1.525215146739E-03,5.400835394472));
#7757 = CARTESIAN_POINT('',(1.652316425744E-03,5.400905010629));
#7758 = CARTESIAN_POINT('',(1.906518946904E-03,5.40104424289));
#7759 = CARTESIAN_POINT('',(2.033620189079E-03,5.401113858995));
#7760 = CARTESIAN_POINT('',(2.160721441409E-03,5.401183475088));
#7761 = CARTESIAN_POINT('',(2.287822704828E-03,5.401253091167));
#7762 = CARTESIAN_POINT('',(2.414923980268E-03,5.401322707232));
#7763 = CARTESIAN_POINT('',(2.542025268657E-03,5.401392323282));
#7764 = CARTESIAN_POINT('',(2.796227789939E-03,5.401531555303));
#7765 = CARTESIAN_POINT('',(2.923329022831E-03,5.401601171274));
#7766 = CARTESIAN_POINT('',(3.050430270528E-03,5.401670787228));
#7767 = CARTESIAN_POINT('',(3.177531533958E-03,5.401740403162));
#7768 = CARTESIAN_POINT('',(3.304632814046E-03,5.401810019077));
#7769 = CARTESIAN_POINT('',(3.431734111718E-03,5.401879634972));
#7770 = CARTESIAN_POINT('',(3.68155383499E-03,5.402016466111));
#7771 = CARTESIAN_POINT('',(3.804272259334E-03,5.402083681358));
#7772 = CARTESIAN_POINT('',(3.926990701768E-03,5.402150896583));
#7773 = CARTESIAN_POINT('',(4.049709163131E-03,5.402218111786));
#7774 = CARTESIAN_POINT('',(4.172427644256E-03,5.402285326965));
#7775 = CARTESIAN_POINT('',(4.295146145973E-03,5.40235254212));
#7776 = CARTESIAN_POINT('',(4.536200266387E-03,5.402484571772));
#7777 = CARTESIAN_POINT('',(4.654535883588E-03,5.402549386271));
#7778 = CARTESIAN_POINT('',(4.772871521458E-03,5.402614200745));
#7779 = CARTESIAN_POINT('',(4.891207180745E-03,5.402679015194));
#7780 = CARTESIAN_POINT('',(5.009542862193E-03,5.402743829616));
#7781 = CARTESIAN_POINT('',(5.127878566552E-03,5.402808644011));
#7782 = CARTESIAN_POINT('',(5.368932677107E-03,5.402940673195));
#7783 = CARTESIAN_POINT('',(5.491651085085E-03,5.403007887982));
#7784 = CARTESIAN_POINT('',(5.614369519338E-03,5.403075102738));
#7785 = CARTESIAN_POINT('',(5.737087980702E-03,5.403142317461));
#7786 = CARTESIAN_POINT('',(5.859806470009E-03,5.403209532151));
#7787 = CARTESIAN_POINT('',(5.982524988092E-03,5.403276746807));
#7788 = CARTESIAN_POINT('',(6.232344701152E-03,5.403413576468));
#7789 = CARTESIAN_POINT('',(6.359445898284E-03,5.40348319147));
#7790 = CARTESIAN_POINT('',(6.486547128103E-03,5.403552806433));
#7791 = CARTESIAN_POINT('',(6.613648391533E-03,5.403622421357));
#7792 = CARTESIAN_POINT('',(6.740749689501E-03,5.403692036239));
#7793 = CARTESIAN_POINT('',(6.867851022933E-03,5.40376165108));
#7794 = CARTESIAN_POINT('',(7.11328795517E-03,5.403896079546));
#7795 = CARTESIAN_POINT('',(7.231623549126E-03,5.403960893178));
#7796 = CARTESIAN_POINT('',(7.349959175373E-03,5.404025706772));
#7797 = CARTESIAN_POINT('',(7.468294834658E-03,5.404090520326));
#7798 = CARTESIAN_POINT('',(7.586630527729E-03,5.40415533384));
#7799 = CARTESIAN_POINT('',(7.704966255333E-03,5.404220147313));
#7800 = CARTESIAN_POINT('',(0.131858582911,5.472220062882));
#7801 = CARTESIAN_POINT('',(0.256002676042,5.54014734237));
#7802 = CARTESIAN_POINT('',(0.381170590221,5.607074978966));
#7803 = CARTESIAN_POINT('',(0.508081197422,5.671887228611));
#7804 = CARTESIAN_POINT('',(0.637463156959,5.733305871751));
#7805 = CARTESIAN_POINT('',(0.770120582931,5.789874795508));
#7806 = CARTESIAN_POINT('',(0.996657161946,5.872626481347));
#7807 = CARTESIAN_POINT('',(1.088364913451,5.902664398225));
#7808 = CARTESIAN_POINT('',(1.181865614859,5.929272988626));
#7809 = CARTESIAN_POINT('',(1.276928687848,5.951841525883));
#7810 = CARTESIAN_POINT('',(1.373438502887,5.969915137403));
#7811 = CARTESIAN_POINT('',(1.471371343606,5.983205033553));
#7812 = CARTESIAN_POINT('',(1.570796326795,5.99160797831));
#7813 = ( GEOMETRIC_REPRESENTATION_CONTEXT(2)
PARAMETRIC_REPRESENTATION_CONTEXT() REPRESENTATION_CONTEXT('2D SPACE',''
  ) );
#7814 = ORIENTED_EDGE('',*,*,#7516,.T.);
#7815 = ADVANCED_FACE('',(#7816),#4677,.T.);
#7816 = FACE_BOUND('',#7817,.T.);
#7817 = EDGE_LOOP('',(#7818,#7819,#7820,#7843,#8059));
#7818 = ORIENTED_EDGE('',*,*,#4661,.F.);
#7819 = ORIENTED_EDGE('',*,*,#5455,.T.);
#7820 = ORIENTED_EDGE('',*,*,#7821,.T.);
#7821 = EDGE_CURVE('',#5456,#7822,#7824,.T.);
#7822 = VERTEX_POINT('',#7823);
#7823 = CARTESIAN_POINT('',(13.4,7.5,158.));
#7824 = SURFACE_CURVE('',#7825,(#7829,#7836),.PCURVE_S1.);
#7825 = LINE('',#7826,#7827);
#7826 = CARTESIAN_POINT('',(13.4,13.,158.));
#7827 = VECTOR('',#7828,1.);
#7828 = DIRECTION('',(0.,-1.,0.));
#7829 = PCURVE('',#4677,#7830);
#7830 = DEFINITIONAL_REPRESENTATION('',(#7831),#7835);
#7831 = LINE('',#7832,#7833);
#7832 = CARTESIAN_POINT('',(1.570796326795,0.));
#7833 = VECTOR('',#7834,1.);
#7834 = DIRECTION('',(0.,1.));
#7835 = ( GEOMETRIC_REPRESENTATION_CONTEXT(2)
PARAMETRIC_REPRESENTATION_CONTEXT() REPRESENTATION_CONTEXT('2D SPACE',''
  ) );
#7836 = PCURVE('',#5388,#7837);
#7837 = DEFINITIONAL_REPRESENTATION('',(#7838),#7842);
#7838 = LINE('',#7839,#7840);
#7839 = CARTESIAN_POINT('',(13.4,13.));
#7840 = VECTOR('',#7841,1.);
#7841 = DIRECTION('',(0.,-1.));
#7842 = ( GEOMETRIC_REPRESENTATION_CONTEXT(2)
PARAMETRIC_REPRESENTATION_CONTEXT() REPRESENTATION_CONTEXT('2D SPACE',''
  ) );
#7843 = ORIENTED_EDGE('',*,*,#7844,.T.);
#7844 = EDGE_CURVE('',#7822,#7489,#7845,.T.);
#7845 = SURFACE_CURVE('',#7846,(#7915,#7987),.PCURVE_S1.);
#7846 = B_SPLINE_CURVE_WITH_KNOTS('',7,(#7847,#7848,#7849,#7850,#7851,
    #7852,#7853,#7854,#7855,#7856,#7857,#7858,#7859,#7860,#7861,#7862,
    #7863,#7864,#7865,#7866,#7867,#7868,#7869,#7870,#7871,#7872,#7873,
    #7874,#7875,#7876,#7877,#7878,#7879,#7880,#7881,#7882,#7883,#7884,
    #7885,#7886,#7887,#7888,#7889,#7890,#7891,#7892,#7893,#7894,#7895,
    #7896,#7897,#7898,#7899,#7900,#7901,#7902,#7903,#7904,#7905,#7906,
    #7907,#7908,#7909,#7910,#7911,#7912,#7913,#7914),.UNSPECIFIED.,.F.,
  .F.,(8,6,6,6,6,6,6,6,6,6,6,8),(0.,6.164182224091E-04,
    1.232836303652E-03,1.849254116969E-03,2.465671526543E-03,
    3.060832653744E-03,3.634737437344E-03,4.229897225116E-03,
    4.846311809764E-03,5.420214094611E-03,0.606963901072,1.),
  .UNSPECIFIED.);
#7847 = CARTESIAN_POINT('',(13.4,7.5,158.));
#7848 = CARTESIAN_POINT('',(13.400069616275,7.50006355059,158.));
#7849 = CARTESIAN_POINT('',(13.400139232491,7.500127101231,
    157.99999999057));
#7850 = CARTESIAN_POINT('',(13.40020884869,7.500190651885,
    157.99999997172));
#7851 = CARTESIAN_POINT('',(13.400278464897,7.500254202528,
    157.99999994345));
#7852 = CARTESIAN_POINT('',(13.40034808112,7.50031775315,157.99999990576
    ));
#7853 = CARTESIAN_POINT('',(13.40041769735,7.500381303757,
    157.99999985864));
#7854 = CARTESIAN_POINT('',(13.400556929756,7.500508404968,
    157.99999974556));
#7855 = CARTESIAN_POINT('',(13.400626545946,7.50057195556,
    157.99999967959));
#7856 = CARTESIAN_POINT('',(13.400696162129,7.500635506145,
    157.9999996042));
#7857 = CARTESIAN_POINT('',(13.400765778305,7.500699056722,
    157.99999951939));
#7858 = CARTESIAN_POINT('',(13.400835394472,7.500762607288,
    157.99999942516));
#7859 = CARTESIAN_POINT('',(13.400905010629,7.500826157844,
    157.9999993215));
#7860 = CARTESIAN_POINT('',(13.40104424289,7.500953258903,
    157.99999909533));
#7861 = CARTESIAN_POINT('',(13.401113858995,7.501016809407,
    157.99999897282));
#7862 = CARTESIAN_POINT('',(13.401183475088,7.501080359897,
    157.99999884089));
#7863 = CARTESIAN_POINT('',(13.401253091167,7.501143910373,
    157.99999869954));
#7864 = CARTESIAN_POINT('',(13.401322707232,7.501207460833,
    157.99999854876));
#7865 = CARTESIAN_POINT('',(13.401392323282,7.501271011276,
    157.99999838856));
#7866 = CARTESIAN_POINT('',(13.401531555303,7.501398112084,
    157.99999804931));
#7867 = CARTESIAN_POINT('',(13.401601171274,7.501461662449,
    157.99999787026));
#7868 = CARTESIAN_POINT('',(13.401670787228,7.501525212794,
    157.99999768179));
#7869 = CARTESIAN_POINT('',(13.401740403162,7.501588763119,
    157.9999974839));
#7870 = CARTESIAN_POINT('',(13.401810019077,7.501652313422,
    157.99999727658));
#7871 = CARTESIAN_POINT('',(13.401879634972,7.501715863702,
    157.99999705984));
#7872 = CARTESIAN_POINT('',(13.402016466111,7.501840772773,
    157.9999966153));
#7873 = CARTESIAN_POINT('',(13.402083681358,7.501902131565,
    157.99999638815));
#7874 = CARTESIAN_POINT('',(13.402150896583,7.501963490334,
    157.99999615222));
#7875 = CARTESIAN_POINT('',(13.402218111786,7.502024849078,
    157.99999590749));
#7876 = CARTESIAN_POINT('',(13.402285326965,7.502086207795,
    157.99999565399));
#7877 = CARTESIAN_POINT('',(13.40235254212,7.502147566486,157.9999953917
    ));
#7878 = CARTESIAN_POINT('',(13.402484571772,7.50226809237,
    157.99999485923));
#7879 = CARTESIAN_POINT('',(13.402549386271,7.502327259565,
    157.99999458966));
#7880 = CARTESIAN_POINT('',(13.402614200745,7.502386426733,
    157.99999431193));
#7881 = CARTESIAN_POINT('',(13.402679015194,7.502445593873,
    157.99999402603));
#7882 = CARTESIAN_POINT('',(13.402743829616,7.502504760984,
    157.99999373196));
#7883 = CARTESIAN_POINT('',(13.402808644011,7.502563928065,
    157.99999342973));
#7884 = CARTESIAN_POINT('',(13.402940673195,7.502684453462,
    157.99999279742));
#7885 = CARTESIAN_POINT('',(13.403007887982,7.502745811775,
    157.99999246673));
#7886 = CARTESIAN_POINT('',(13.403075102738,7.502807170054,
    157.99999212726));
#7887 = CARTESIAN_POINT('',(13.403142317461,7.502868528298,157.999991779
    ));
#7888 = CARTESIAN_POINT('',(13.403209532151,7.502929886505,
    157.99999142196));
#7889 = CARTESIAN_POINT('',(13.403276746807,7.502991244674,
    157.99999105614));
#7890 = CARTESIAN_POINT('',(13.403413576468,7.503116152202,
    157.99999029354));
#7891 = CARTESIAN_POINT('',(13.40348319147,7.503179701559,
    157.99998989612));
#7892 = CARTESIAN_POINT('',(13.403552806433,7.503243250873,
    157.99998948929));
#7893 = CARTESIAN_POINT('',(13.403622421357,7.503306800142,
    157.99998907303));
#7894 = CARTESIAN_POINT('',(13.403692036239,7.503370349367,
    157.99998864734));
#7895 = CARTESIAN_POINT('',(13.40376165108,7.503433898545,
    157.99998821224));
#7896 = CARTESIAN_POINT('',(13.403896079546,7.503556614009,
    157.99998735383));
#7897 = CARTESIAN_POINT('',(13.403960893178,7.503615780301,
    157.99998693179));
#7898 = CARTESIAN_POINT('',(13.404025706772,7.503674946551,
    157.99998650158));
#7899 = CARTESIAN_POINT('',(13.404090520326,7.503734112758,
    157.9999860632));
#7900 = CARTESIAN_POINT('',(13.40415533384,7.50379327892,157.99998561666
    ));
#7901 = CARTESIAN_POINT('',(13.404220147313,7.503852445037,
    157.99998516194));
#7902 = CARTESIAN_POINT('',(13.472220062882,7.565927353698,
    157.99949952128));
#7903 = CARTESIAN_POINT('',(13.54014734237,7.627927238425,157.9900396963
    ));
#7904 = CARTESIAN_POINT('',(13.607074978966,7.688810618887,
    157.97158590043));
#7905 = CARTESIAN_POINT('',(13.671887228611,7.747363617434,
    157.94405892773));
#7906 = CARTESIAN_POINT('',(13.733305871751,7.802184945688,
    157.90747261199));
#7907 = CARTESIAN_POINT('',(13.789874795508,7.85167025995,
    157.86196858645));
#7908 = CARTESIAN_POINT('',(13.872626481347,7.921444121088,
    157.77274239237));
#7909 = CARTESIAN_POINT('',(13.902664398225,7.946007775771,
    157.7337416169));
#7910 = CARTESIAN_POINT('',(13.929272988626,7.966755950092,
    157.69136301708));
#7911 = CARTESIAN_POINT('',(13.951841525883,7.983012445529,
    157.64613127188));
#7912 = CARTESIAN_POINT('',(13.969915137403,7.994233466985,
    157.59867886634));
#7913 = CARTESIAN_POINT('',(13.983205033553,8.,157.54971249159));
#7914 = CARTESIAN_POINT('',(13.99160797831,8.,157.5));
#7915 = PCURVE('',#4677,#7916);
#7916 = DEFINITIONAL_REPRESENTATION('',(#7917),#7986);
#7917 = B_SPLINE_CURVE_WITH_KNOTS('',7,(#7918,#7919,#7920,#7921,#7922,
    #7923,#7924,#7925,#7926,#7927,#7928,#7929,#7930,#7931,#7932,#7933,
    #7934,#7935,#7936,#7937,#7938,#7939,#7940,#7941,#7942,#7943,#7944,
    #7945,#7946,#7947,#7948,#7949,#7950,#7951,#7952,#7953,#7954,#7955,
    #7956,#7957,#7958,#7959,#7960,#7961,#7962,#7963,#7964,#7965,#7966,
    #7967,#7968,#7969,#7970,#7971,#7972,#7973,#7974,#7975,#7976,#7977,
    #7978,#7979,#7980,#7981,#7982,#7983,#7984,#7985),.UNSPECIFIED.,.F.,
  .F.,(8,6,6,6,6,6,6,6,6,6,6,8),(0.,6.164182224091E-04,
    1.232836303652E-03,1.849254116969E-03,2.465671526543E-03,
    3.060832653744E-03,3.634737437344E-03,4.229897225116E-03,
    4.846311809764E-03,5.420214094611E-03,0.606963901072,1.),
  .UNSPECIFIED.);
#7918 = CARTESIAN_POINT('',(1.570796326795,5.5));
#7919 = CARTESIAN_POINT('',(1.57068029967,5.49993644941));
#7920 = CARTESIAN_POINT('',(1.570564272644,5.499872898769));
#7921 = CARTESIAN_POINT('',(1.570448245643,5.499809348115));
#7922 = CARTESIAN_POINT('',(1.570332218623,5.499745797472));
#7923 = CARTESIAN_POINT('',(1.570216191569,5.49968224685));
#7924 = CARTESIAN_POINT('',(1.570100164493,5.499618696243));
#7925 = CARTESIAN_POINT('',(1.569868110407,5.499491595032));
#7926 = CARTESIAN_POINT('',(1.569752083373,5.49942804444));
#7927 = CARTESIAN_POINT('',(1.569636056334,5.499364493855));
#7928 = CARTESIAN_POINT('',(1.569520029291,5.499300943278));
#7929 = CARTESIAN_POINT('',(1.569404002242,5.499237392712));
#7930 = CARTESIAN_POINT('',(1.569287975186,5.499173842156));
#7931 = CARTESIAN_POINT('',(1.56905592111,5.499046741097));
#7932 = CARTESIAN_POINT('',(1.568939894091,5.498983190593));
#7933 = CARTESIAN_POINT('',(1.568823867063,5.498919640103));
#7934 = CARTESIAN_POINT('',(1.568707840027,5.498856089627));
#7935 = CARTESIAN_POINT('',(1.568591812981,5.498792539167));
#7936 = CARTESIAN_POINT('',(1.568475785925,5.498728988724));
#7937 = CARTESIAN_POINT('',(1.568243731868,5.498601887916));
#7938 = CARTESIAN_POINT('',(1.568127704867,5.498538337551));
#7939 = CARTESIAN_POINT('',(1.568011677854,5.498474787206));
#7940 = CARTESIAN_POINT('',(1.567895650829,5.498411236881));
#7941 = CARTESIAN_POINT('',(1.567779623791,5.498347686578));
#7942 = CARTESIAN_POINT('',(1.56766359674,5.498284136298));
#7943 = CARTESIAN_POINT('',(1.567435543637,5.498159227227));
#7944 = CARTESIAN_POINT('',(1.567323517587,5.498097868435));
#7945 = CARTESIAN_POINT('',(1.567211491523,5.498036509666));
#7946 = CARTESIAN_POINT('',(1.567099465444,5.497975150922));
#7947 = CARTESIAN_POINT('',(1.56698743935,5.497913792205));
#7948 = CARTESIAN_POINT('',(1.56687541324,5.497852433514));
#7949 = CARTESIAN_POINT('',(1.566655362031,5.49773190763));
#7950 = CARTESIAN_POINT('',(1.566547336933,5.497672740435));
#7951 = CARTESIAN_POINT('',(1.566439311819,5.497613573267));
#7952 = CARTESIAN_POINT('',(1.566331286688,5.497554406127));
#7953 = CARTESIAN_POINT('',(1.56622326154,5.497495239016));
#7954 = CARTESIAN_POINT('',(1.566115236375,5.497436071935));
#7955 = CARTESIAN_POINT('',(1.565895185211,5.497315546538));
#7956 = CARTESIAN_POINT('',(1.565783159212,5.497254188225));
#7957 = CARTESIAN_POINT('',(1.565671133192,5.497192829946));
#7958 = CARTESIAN_POINT('',(1.565559107151,5.497131471702));
#7959 = CARTESIAN_POINT('',(1.565447081089,5.497070113495));
#7960 = CARTESIAN_POINT('',(1.565335055004,5.497008755326));
#7961 = CARTESIAN_POINT('',(1.565107002028,5.496883847798));
#7962 = CARTESIAN_POINT('',(1.564990975134,5.496820298441));
#7963 = CARTESIAN_POINT('',(1.564874948216,5.496756749127));
#7964 = CARTESIAN_POINT('',(1.564758921271,5.496693199858));
#7965 = CARTESIAN_POINT('',(1.564642894299,5.496629650633));
#7966 = CARTESIAN_POINT('',(1.5645268673,5.496566101455));
#7967 = CARTESIAN_POINT('',(1.564302815288,5.496443385991));
#7968 = CARTESIAN_POINT('',(1.564194790279,5.496384219699));
#7969 = CARTESIAN_POINT('',(1.564086765245,5.496325053449));
#7970 = CARTESIAN_POINT('',(1.563978740185,5.496265887242));
#7971 = CARTESIAN_POINT('',(1.563870715099,5.49620672108));
#7972 = CARTESIAN_POINT('',(1.563762689986,5.496147554963));
#7973 = CARTESIAN_POINT('',(1.450426607125,5.434072646302));
#7974 = CARTESIAN_POINT('',(1.337104427593,5.372072761575));
#7975 = CARTESIAN_POINT('',(1.222972341951,5.311189381113));
#7976 = CARTESIAN_POINT('',(1.107491101728,5.252636382566));
#7977 = CARTESIAN_POINT('',(0.990157655896,5.197815054312));
#7978 = CARTESIAN_POINT('',(0.870439470718,5.14832974005));
#7979 = CARTESIAN_POINT('',(0.66761801654,5.078555878912));
#7980 = CARTESIAN_POINT('',(0.585915871451,5.053992224229));
#7981 = CARTESIAN_POINT('',(0.503129363563,5.033244049908));
#7982 = CARTESIAN_POINT('',(0.419610120436,5.016987554471));
#7983 = CARTESIAN_POINT('',(0.335637946977,5.005766533015));
#7984 = CARTESIAN_POINT('',(0.251477526788,5.));
#7985 = CARTESIAN_POINT('',(0.16744807922,5.));
#7986 = ( GEOMETRIC_REPRESENTATION_CONTEXT(2)
PARAMETRIC_REPRESENTATION_CONTEXT() REPRESENTATION_CONTEXT('2D SPACE',''
  ) );
#7987 = PCURVE('',#7504,#7988);
#7988 = DEFINITIONAL_REPRESENTATION('',(#7989),#8058);
#7989 = B_SPLINE_CURVE_WITH_KNOTS('',7,(#7990,#7991,#7992,#7993,#7994,
    #7995,#7996,#7997,#7998,#7999,#8000,#8001,#8002,#8003,#8004,#8005,
    #8006,#8007,#8008,#8009,#8010,#8011,#8012,#8013,#8014,#8015,#8016,
    #8017,#8018,#8019,#8020,#8021,#8022,#8023,#8024,#8025,#8026,#8027,
    #8028,#8029,#8030,#8031,#8032,#8033,#8034,#8035,#8036,#8037,#8038,
    #8039,#8040,#8041,#8042,#8043,#8044,#8045,#8046,#8047,#8048,#8049,
    #8050,#8051,#8052,#8053,#8054,#8055,#8056,#8057),.UNSPECIFIED.,.F.,
  .F.,(8,6,6,6,6,6,6,6,6,6,6,8),(0.,6.164182224091E-04,
    1.232836303652E-03,1.849254116969E-03,2.465671526543E-03,
    3.060832653744E-03,3.634737437344E-03,4.229897225116E-03,
    4.846311809764E-03,5.420214094611E-03,0.606963901072,1.),
  .UNSPECIFIED.);
#7990 = CARTESIAN_POINT('',(0.,74.6));
#7991 = CARTESIAN_POINT('',(1.271011800745E-04,74.599930383725));
#7992 = CARTESIAN_POINT('',(2.542024626255E-04,74.599860767509));
#7993 = CARTESIAN_POINT('',(3.813037735984E-04,74.59979115131));
#7994 = CARTESIAN_POINT('',(5.084050685488E-04,74.599721535103));
#7995 = CARTESIAN_POINT('',(6.355063326425E-04,74.59965191888));
#7996 = CARTESIAN_POINT('',(7.626075806554E-04,74.59958230265));
#7997 = CARTESIAN_POINT('',(1.016810104184E-03,74.599443070244));
#7998 = CARTESIAN_POINT('',(1.143911355742E-03,74.599373454054));
#7999 = CARTESIAN_POINT('',(1.271012612689E-03,74.599303837871));
#8000 = CARTESIAN_POINT('',(1.398113876031E-03,74.599234221695));
#8001 = CARTESIAN_POINT('',(1.525215146739E-03,74.599164605528));
#8002 = CARTESIAN_POINT('',(1.652316425745E-03,74.599094989371));
#8003 = CARTESIAN_POINT('',(1.906518946903E-03,74.59895575711));
#8004 = CARTESIAN_POINT('',(2.033620189079E-03,74.598886141005));
#8005 = CARTESIAN_POINT('',(2.16072144141E-03,74.598816524912));
#8006 = CARTESIAN_POINT('',(2.287822704829E-03,74.598746908833));
#8007 = CARTESIAN_POINT('',(2.414923980267E-03,74.598677292768));
#8008 = CARTESIAN_POINT('',(2.542025268655E-03,74.598607676718));
#8009 = CARTESIAN_POINT('',(2.796227789939E-03,74.598468444697));
#8010 = CARTESIAN_POINT('',(2.923329022831E-03,74.598398828726));
#8011 = CARTESIAN_POINT('',(3.050430270527E-03,74.598329212772));
#8012 = CARTESIAN_POINT('',(3.177531533957E-03,74.598259596838));
#8013 = CARTESIAN_POINT('',(3.304632814046E-03,74.598189980923));
#8014 = CARTESIAN_POINT('',(3.431734111718E-03,74.598120365028));
#8015 = CARTESIAN_POINT('',(3.68155383499E-03,74.597983533889));
#8016 = CARTESIAN_POINT('',(3.804272259333E-03,74.597916318642));
#8017 = CARTESIAN_POINT('',(3.926990701768E-03,74.597849103417));
#8018 = CARTESIAN_POINT('',(4.04970916313E-03,74.597781888214));
#8019 = CARTESIAN_POINT('',(4.172427644255E-03,74.597714673035));
#8020 = CARTESIAN_POINT('',(4.295146145974E-03,74.59764745788));
#8021 = CARTESIAN_POINT('',(4.53620026639E-03,74.597515428228));
#8022 = CARTESIAN_POINT('',(4.654535883588E-03,74.597450613729));
#8023 = CARTESIAN_POINT('',(4.772871521456E-03,74.597385799255));
#8024 = CARTESIAN_POINT('',(4.891207180742E-03,74.597320984806));
#8025 = CARTESIAN_POINT('',(5.009542862193E-03,74.597256170384));
#8026 = CARTESIAN_POINT('',(5.127878566554E-03,74.597191355989));
#8027 = CARTESIAN_POINT('',(5.368932677106E-03,74.597059326805));
#8028 = CARTESIAN_POINT('',(5.491651085084E-03,74.596992112018));
#8029 = CARTESIAN_POINT('',(5.614369519338E-03,74.596924897262));
#8030 = CARTESIAN_POINT('',(5.737087980702E-03,74.596857682539));
#8031 = CARTESIAN_POINT('',(5.859806470009E-03,74.596790467849));
#8032 = CARTESIAN_POINT('',(5.982524988092E-03,74.596723253193));
#8033 = CARTESIAN_POINT('',(6.232344701152E-03,74.596586423532));
#8034 = CARTESIAN_POINT('',(6.359445898284E-03,74.59651680853));
#8035 = CARTESIAN_POINT('',(6.486547128102E-03,74.596447193567));
#8036 = CARTESIAN_POINT('',(6.613648391533E-03,74.596377578643));
#8037 = CARTESIAN_POINT('',(6.740749689501E-03,74.596307963761));
#8038 = CARTESIAN_POINT('',(6.867851022933E-03,74.59623834892));
#8039 = CARTESIAN_POINT('',(7.113287955169E-03,74.596103920454));
#8040 = CARTESIAN_POINT('',(7.231623549125E-03,74.596039106822));
#8041 = CARTESIAN_POINT('',(7.349959175373E-03,74.595974293228));
#8042 = CARTESIAN_POINT('',(7.468294834658E-03,74.595909479674));
#8043 = CARTESIAN_POINT('',(7.586630527729E-03,74.59584466616));
#8044 = CARTESIAN_POINT('',(7.704966255333E-03,74.595779852687));
#8045 = CARTESIAN_POINT('',(0.131858582911,74.527779937118));
#8046 = CARTESIAN_POINT('',(0.256002676043,74.45985265763));
#8047 = CARTESIAN_POINT('',(0.381170590221,74.392925021034));
#8048 = CARTESIAN_POINT('',(0.508081197422,74.328112771389));
#8049 = CARTESIAN_POINT('',(0.637463156958,74.266694128249));
#8050 = CARTESIAN_POINT('',(0.770120582931,74.210125204492));
#8051 = CARTESIAN_POINT('',(0.996657161946,74.127373518653));
#8052 = CARTESIAN_POINT('',(1.088364913451,74.097335601775));
#8053 = CARTESIAN_POINT('',(1.181865614859,74.070727011374));
#8054 = CARTESIAN_POINT('',(1.276928687848,74.048158474117));
#8055 = CARTESIAN_POINT('',(1.373438502887,74.030084862597));
#8056 = CARTESIAN_POINT('',(1.471371343606,74.016794966447));
#8057 = CARTESIAN_POINT('',(1.570796326795,74.00839202169));
#8058 = ( GEOMETRIC_REPRESENTATION_CONTEXT(2)
PARAMETRIC_REPRESENTATION_CONTEXT() REPRESENTATION_CONTEXT('2D SPACE',''
  ) );
#8059 = ORIENTED_EDGE('',*,*,#7545,.F.);
#8060 = ADVANCED_FACE('',(#8061),#4960,.T.);
#8061 = FACE_BOUND('',#8062,.T.);
#8062 = EDGE_LOOP('',(#8063,#8064));
#8063 = ORIENTED_EDGE('',*,*,#4945,.F.);
#8064 = ORIENTED_EDGE('',*,*,#6961,.T.);
#8065 = ADVANCED_FACE('',(#8066),#4858,.T.);
#8066 = FACE_BOUND('',#8067,.F.);
#8067 = EDGE_LOOP('',(#8068,#8069,#8095,#8096));
#8068 = ORIENTED_EDGE('',*,*,#5615,.F.);
#8069 = ORIENTED_EDGE('',*,*,#8070,.T.);
#8070 = EDGE_CURVE('',#5616,#6805,#8071,.T.);
#8071 = SURFACE_CURVE('',#8072,(#8077,#8084),.PCURVE_S1.);
#8072 = CIRCLE('',#8073,2.5);
#8073 = AXIS2_PLACEMENT_3D('',#8074,#8075,#8076);
#8074 = CARTESIAN_POINT('',(88.,92.,158.));
#8075 = DIRECTION('',(0.,-0.,-1.));
#8076 = DIRECTION('',(0.,1.,-0.));
#8077 = PCURVE('',#4858,#8078);
#8078 = DEFINITIONAL_REPRESENTATION('',(#8079),#8083);
#8079 = LINE('',#8080,#8081);
#8080 = CARTESIAN_POINT('',(-0.,1.570796326795));
#8081 = VECTOR('',#8082,1.);
#8082 = DIRECTION('',(-1.,0.));
#8083 = ( GEOMETRIC_REPRESENTATION_CONTEXT(2)
PARAMETRIC_REPRESENTATION_CONTEXT() REPRESENTATION_CONTEXT('2D SPACE',''
  ) );
#8084 = PCURVE('',#5388,#8085);
#8085 = DEFINITIONAL_REPRESENTATION('',(#8086),#8094);
#8086 = ( BOUNDED_CURVE() B_SPLINE_CURVE(2,(#8087,#8088,#8089,#8090,
#8091,#8092,#8093),.UNSPECIFIED.,.T.,.F.) B_SPLINE_CURVE_WITH_KNOTS((1,2
    ,2,2,2,1),(-2.094395102393,0.,2.094395102393,4.188790204786,
6.28318530718,8.377580409573),.UNSPECIFIED.) CURVE()
GEOMETRIC_REPRESENTATION_ITEM() RATIONAL_B_SPLINE_CURVE((1.,0.5,1.,0.5,
1.,0.5,1.)) REPRESENTATION_ITEM('') );
#8087 = CARTESIAN_POINT('',(88.,94.5));
#8088 = CARTESIAN_POINT('',(92.330127018922,94.5));
#8089 = CARTESIAN_POINT('',(90.165063509461,90.75));
#8090 = CARTESIAN_POINT('',(88.,87.));
#8091 = CARTESIAN_POINT('',(85.834936490539,90.75));
#8092 = CARTESIAN_POINT('',(83.669872981078,94.5));
#8093 = CARTESIAN_POINT('',(88.,94.5));
#8094 = ( GEOMETRIC_REPRESENTATION_CONTEXT(2)
PARAMETRIC_REPRESENTATION_CONTEXT() REPRESENTATION_CONTEXT('2D SPACE',''
  ) );
#8095 = ORIENTED_EDGE('',*,*,#6827,.T.);
#8096 = ORIENTED_EDGE('',*,*,#4843,.F.);
#8097 = ADVANCED_FACE('',(#8098),#5086,.T.);
#8098 = FACE_BOUND('',#8099,.T.);
#8099 = EDGE_LOOP('',(#8100,#8121,#8122,#8123));
#8100 = ORIENTED_EDGE('',*,*,#8101,.F.);
#8101 = EDGE_CURVE('',#5047,#8102,#8104,.T.);
#8102 = VERTEX_POINT('',#8103);
#8103 = CARTESIAN_POINT('',(21.7,45.,9.));
#8104 = SEAM_CURVE('',#8105,(#8109,#8115),.PCURVE_S1.);
#8105 = LINE('',#8106,#8107);
#8106 = CARTESIAN_POINT('',(22.,45.,8.7));
#8107 = VECTOR('',#8108,1.);
#8108 = DIRECTION('',(-0.707106781187,0.,0.707106781187));
#8109 = PCURVE('',#5086,#8110);
#8110 = DEFINITIONAL_REPRESENTATION('',(#8111),#8114);
#8111 = B_SPLINE_CURVE_WITH_KNOTS('',1,(#8112,#8113),.UNSPECIFIED.,.F.,
  .F.,(2,2),(0.,0.424264068712),.PIECEWISE_BEZIER_KNOTS.);
#8112 = CARTESIAN_POINT('',(0.,0.));
#8113 = CARTESIAN_POINT('',(0.,-0.3));
#8114 = ( GEOMETRIC_REPRESENTATION_CONTEXT(2)
PARAMETRIC_REPRESENTATION_CONTEXT() REPRESENTATION_CONTEXT('2D SPACE',''
  ) );
#8115 = PCURVE('',#5086,#8116);
#8116 = DEFINITIONAL_REPRESENTATION('',(#8117),#8120);
#8117 = B_SPLINE_CURVE_WITH_KNOTS('',1,(#8118,#8119),.UNSPECIFIED.,.F.,
  .F.,(2,2),(0.,0.424264068712),.PIECEWISE_BEZIER_KNOTS.);
#8118 = CARTESIAN_POINT('',(-6.28318530718,0.));
#8119 = CARTESIAN_POINT('',(-6.28318530718,-0.3));
#8120 = ( GEOMETRIC_REPRESENTATION_CONTEXT(2)
PARAMETRIC_REPRESENTATION_CONTEXT() REPRESENTATION_CONTEXT('2D SPACE',''
  ) );
#8121 = ORIENTED_EDGE('',*,*,#5071,.T.);
#8122 = ORIENTED_EDGE('',*,*,#8101,.T.);
#8123 = ORIENTED_EDGE('',*,*,#8124,.F.);
#8124 = EDGE_CURVE('',#8102,#8102,#8125,.T.);
#8125 = SURFACE_CURVE('',#8126,(#8131,#8138),.PCURVE_S1.);
#8126 = CIRCLE('',#8127,3.7);
#8127 = AXIS2_PLACEMENT_3D('',#8128,#8129,#8130);
#8128 = CARTESIAN_POINT('',(18.,45.,9.));
#8129 = DIRECTION('',(0.,0.,1.));
#8130 = DIRECTION('',(1.,0.,-0.));
#8131 = PCURVE('',#5086,#8132);
#8132 = DEFINITIONAL_REPRESENTATION('',(#8133),#8137);
#8133 = LINE('',#8134,#8135);
#8134 = CARTESIAN_POINT('',(-0.,-0.3));
#8135 = VECTOR('',#8136,1.);
#8136 = DIRECTION('',(-1.,-0.));
#8137 = ( GEOMETRIC_REPRESENTATION_CONTEXT(2)
PARAMETRIC_REPRESENTATION_CONTEXT() REPRESENTATION_CONTEXT('2D SPACE',''
  ) );
#8138 = PCURVE('',#8139,#8144);
#8139 = PLANE('',#8140);
#8140 = AXIS2_PLACEMENT_3D('',#8141,#8142,#8143);
#8141 = CARTESIAN_POINT('',(18.,45.,9.));
#8142 = DIRECTION('',(0.,0.,1.));
#8143 = DIRECTION('',(1.,0.,-0.));
#8144 = DEFINITIONAL_REPRESENTATION('',(#8145),#8149);
#8145 = CIRCLE('',#8146,3.7);
#8146 = AXIS2_PLACEMENT_2D('',#8147,#8148);
#8147 = CARTESIAN_POINT('',(0.,0.));
#8148 = DIRECTION('',(1.,0.));
#8149 = ( GEOMETRIC_REPRESENTATION_CONTEXT(2)
PARAMETRIC_REPRESENTATION_CONTEXT() REPRESENTATION_CONTEXT('2D SPACE',''
  ) );
#8150 = ADVANCED_FACE('',(#8151,#8154),#5139,.T.);
#8151 = FACE_BOUND('',#8152,.T.);
#8152 = EDGE_LOOP('',(#8153));
#8153 = ORIENTED_EDGE('',*,*,#5124,.T.);
#8154 = FACE_BOUND('',#8155,.T.);
#8155 = EDGE_LOOP('',(#8156));
#8156 = ORIENTED_EDGE('',*,*,#8157,.F.);
#8157 = EDGE_CURVE('',#8158,#8158,#8160,.T.);
#8158 = VERTEX_POINT('',#8159);
#8159 = CARTESIAN_POINT('',(79.4,45.,9.));
#8160 = SURFACE_CURVE('',#8161,(#8166,#8173),.PCURVE_S1.);
#8161 = CIRCLE('',#8162,1.4);
#8162 = AXIS2_PLACEMENT_3D('',#8163,#8164,#8165);
#8163 = CARTESIAN_POINT('',(78.,45.,9.));
#8164 = DIRECTION('',(0.,0.,1.));
#8165 = DIRECTION('',(1.,0.,-0.));
#8166 = PCURVE('',#5139,#8167);
#8167 = DEFINITIONAL_REPRESENTATION('',(#8168),#8172);
#8168 = CIRCLE('',#8169,1.4);
#8169 = AXIS2_PLACEMENT_2D('',#8170,#8171);
#8170 = CARTESIAN_POINT('',(0.,0.));
#8171 = DIRECTION('',(1.,0.));
#8172 = ( GEOMETRIC_REPRESENTATION_CONTEXT(2)
PARAMETRIC_REPRESENTATION_CONTEXT() REPRESENTATION_CONTEXT('2D SPACE',''
  ) );
#8173 = PCURVE('',#8174,#8179);
#8174 = CYLINDRICAL_SURFACE('',#8175,1.4);
#8175 = AXIS2_PLACEMENT_3D('',#8176,#8177,#8178);
#8176 = CARTESIAN_POINT('',(78.,45.,4.));
#8177 = DIRECTION('',(0.,0.,1.));
#8178 = DIRECTION('',(1.,0.,-0.));
#8179 = DEFINITIONAL_REPRESENTATION('',(#8180),#8184);
#8180 = LINE('',#8181,#8182);
#8181 = CARTESIAN_POINT('',(0.,5.));
#8182 = VECTOR('',#8183,1.);
#8183 = DIRECTION('',(1.,0.));
#8184 = ( GEOMETRIC_REPRESENTATION_CONTEXT(2)
PARAMETRIC_REPRESENTATION_CONTEXT() REPRESENTATION_CONTEXT('2D SPACE',''
  ) );
#8185 = ADVANCED_FACE('',(#8186),#5215,.T.);
#8186 = FACE_BOUND('',#8187,.T.);
#8187 = EDGE_LOOP('',(#8188,#8211,#8239,#8260));
#8188 = ORIENTED_EDGE('',*,*,#8189,.F.);
#8189 = EDGE_CURVE('',#8190,#5155,#8192,.T.);
#8190 = VERTEX_POINT('',#8191);
#8191 = CARTESIAN_POINT('',(0.3,77.,98.5));
#8192 = SURFACE_CURVE('',#8193,(#8197,#8204),.PCURVE_S1.);
#8193 = LINE('',#8194,#8195);
#8194 = CARTESIAN_POINT('',(-1.,77.,98.5));
#8195 = VECTOR('',#8196,1.);
#8196 = DIRECTION('',(1.,0.,-0.));
#8197 = PCURVE('',#5215,#8198);
#8198 = DEFINITIONAL_REPRESENTATION('',(#8199),#8203);
#8199 = LINE('',#8200,#8201);
#8200 = CARTESIAN_POINT('',(0.,28.));
#8201 = VECTOR('',#8202,1.);
#8202 = DIRECTION('',(1.,0.));
#8203 = ( GEOMETRIC_REPRESENTATION_CONTEXT(2)
PARAMETRIC_REPRESENTATION_CONTEXT() REPRESENTATION_CONTEXT('2D SPACE',''
  ) );
#8204 = PCURVE('',#5269,#8205);
#8205 = DEFINITIONAL_REPRESENTATION('',(#8206),#8210);
#8206 = LINE('',#8207,#8208);
#8207 = CARTESIAN_POINT('',(0.,0.));
#8208 = VECTOR('',#8209,1.);
#8209 = DIRECTION('',(0.,1.));
#8210 = ( GEOMETRIC_REPRESENTATION_CONTEXT(2)
PARAMETRIC_REPRESENTATION_CONTEXT() REPRESENTATION_CONTEXT('2D SPACE',''
  ) );
#8211 = ORIENTED_EDGE('',*,*,#8212,.T.);
#8212 = EDGE_CURVE('',#8190,#8213,#8215,.T.);
#8213 = VERTEX_POINT('',#8214);
#8214 = CARTESIAN_POINT('',(0.3,49.,98.5));
#8215 = SURFACE_CURVE('',#8216,(#8220,#8227),.PCURVE_S1.);
#8216 = LINE('',#8217,#8218);
#8217 = CARTESIAN_POINT('',(0.3,77.,98.5));
#8218 = VECTOR('',#8219,1.);
#8219 = DIRECTION('',(0.,-1.,0.));
#8220 = PCURVE('',#5215,#8221);
#8221 = DEFINITIONAL_REPRESENTATION('',(#8222),#8226);
#8222 = LINE('',#8223,#8224);
#8223 = CARTESIAN_POINT('',(1.3,28.));
#8224 = VECTOR('',#8225,1.);
#8225 = DIRECTION('',(0.,-1.));
#8226 = ( GEOMETRIC_REPRESENTATION_CONTEXT(2)
PARAMETRIC_REPRESENTATION_CONTEXT() REPRESENTATION_CONTEXT('2D SPACE',''
  ) );
#8227 = PCURVE('',#8228,#8233);
#8228 = PLANE('',#8229);
#8229 = AXIS2_PLACEMENT_3D('',#8230,#8231,#8232);
#8230 = CARTESIAN_POINT('',(0.15,77.,98.35));
#8231 = DIRECTION('',(0.707106781187,-3.472568050348E-18,-0.707106781187
    ));
#8232 = DIRECTION('',(-2.455476416532E-18,-1.,2.455476416533E-18));
#8233 = DEFINITIONAL_REPRESENTATION('',(#8234),#8238);
#8234 = LINE('',#8235,#8236);
#8235 = CARTESIAN_POINT('',(0.,-0.212132034356));
#8236 = VECTOR('',#8237,1.);
#8237 = DIRECTION('',(1.,0.));
#8238 = ( GEOMETRIC_REPRESENTATION_CONTEXT(2)
PARAMETRIC_REPRESENTATION_CONTEXT() REPRESENTATION_CONTEXT('2D SPACE',''
  ) );
#8239 = ORIENTED_EDGE('',*,*,#8240,.T.);
#8240 = EDGE_CURVE('',#8213,#5179,#8241,.T.);
#8241 = SURFACE_CURVE('',#8242,(#8246,#8253),.PCURVE_S1.);
#8242 = LINE('',#8243,#8244);
#8243 = CARTESIAN_POINT('',(-1.,49.,98.5));
#8244 = VECTOR('',#8245,1.);
#8245 = DIRECTION('',(1.,0.,-0.));
#8246 = PCURVE('',#5215,#8247);
#8247 = DEFINITIONAL_REPRESENTATION('',(#8248),#8252);
#8248 = LINE('',#8249,#8250);
#8249 = CARTESIAN_POINT('',(0.,0.));
#8250 = VECTOR('',#8251,1.);
#8251 = DIRECTION('',(1.,0.));
#8252 = ( GEOMETRIC_REPRESENTATION_CONTEXT(2)
PARAMETRIC_REPRESENTATION_CONTEXT() REPRESENTATION_CONTEXT('2D SPACE',''
  ) );
#8253 = PCURVE('',#5323,#8254);
#8254 = DEFINITIONAL_REPRESENTATION('',(#8255),#8259);
#8255 = LINE('',#8256,#8257);
#8256 = CARTESIAN_POINT('',(0.,0.));
#8257 = VECTOR('',#8258,1.);
#8258 = DIRECTION('',(0.,1.));
#8259 = ( GEOMETRIC_REPRESENTATION_CONTEXT(2)
PARAMETRIC_REPRESENTATION_CONTEXT() REPRESENTATION_CONTEXT('2D SPACE',''
  ) );
#8260 = ORIENTED_EDGE('',*,*,#5201,.F.);
#8261 = ADVANCED_FACE('',(#8262),#5269,.F.);
#8262 = FACE_BOUND('',#8263,.F.);
#8263 = EDGE_LOOP('',(#8264,#8265,#8293,#8314));
#8264 = ORIENTED_EDGE('',*,*,#8189,.F.);
#8265 = ORIENTED_EDGE('',*,*,#8266,.T.);
#8266 = EDGE_CURVE('',#8190,#8267,#8269,.T.);
#8267 = VERTEX_POINT('',#8268);
#8268 = CARTESIAN_POINT('',(0.3,77.,118.5));
#8269 = SURFACE_CURVE('',#8270,(#8274,#8281),.PCURVE_S1.);
#8270 = LINE('',#8271,#8272);
#8271 = CARTESIAN_POINT('',(0.3,77.,98.5));
#8272 = VECTOR('',#8273,1.);
#8273 = DIRECTION('',(0.,0.,1.));
#8274 = PCURVE('',#5269,#8275);
#8275 = DEFINITIONAL_REPRESENTATION('',(#8276),#8280);
#8276 = LINE('',#8277,#8278);
#8277 = CARTESIAN_POINT('',(0.,1.3));
#8278 = VECTOR('',#8279,1.);
#8279 = DIRECTION('',(1.,0.));
#8280 = ( GEOMETRIC_REPRESENTATION_CONTEXT(2)
PARAMETRIC_REPRESENTATION_CONTEXT() REPRESENTATION_CONTEXT('2D SPACE',''
  ) );
#8281 = PCURVE('',#8282,#8287);
#8282 = PLANE('',#8283);
#8283 = AXIS2_PLACEMENT_3D('',#8284,#8285,#8286);
#8284 = CARTESIAN_POINT('',(0.15,77.15,98.5));
#8285 = DIRECTION('',(-0.707106781187,-0.707106781187,3.472568050348E-18
    ));
#8286 = DIRECTION('',(2.455476416532E-18,2.455476416533E-18,1.));
#8287 = DEFINITIONAL_REPRESENTATION('',(#8288),#8292);
#8288 = LINE('',#8289,#8290);
#8289 = CARTESIAN_POINT('',(0.,-0.212132034356));
#8290 = VECTOR('',#8291,1.);
#8291 = DIRECTION('',(1.,0.));
#8292 = ( GEOMETRIC_REPRESENTATION_CONTEXT(2)
PARAMETRIC_REPRESENTATION_CONTEXT() REPRESENTATION_CONTEXT('2D SPACE',''
  ) );
#8293 = ORIENTED_EDGE('',*,*,#8294,.T.);
#8294 = EDGE_CURVE('',#8267,#5233,#8295,.T.);
#8295 = SURFACE_CURVE('',#8296,(#8300,#8307),.PCURVE_S1.);
#8296 = LINE('',#8297,#8298);
#8297 = CARTESIAN_POINT('',(-1.,77.,118.5));
#8298 = VECTOR('',#8299,1.);
#8299 = DIRECTION('',(1.,0.,-0.));
#8300 = PCURVE('',#5269,#8301);
#8301 = DEFINITIONAL_REPRESENTATION('',(#8302),#8306);
#8302 = LINE('',#8303,#8304);
#8303 = CARTESIAN_POINT('',(20.,0.));
#8304 = VECTOR('',#8305,1.);
#8305 = DIRECTION('',(0.,1.));
#8306 = ( GEOMETRIC_REPRESENTATION_CONTEXT(2)
PARAMETRIC_REPRESENTATION_CONTEXT() REPRESENTATION_CONTEXT('2D SPACE',''
  ) );
#8307 = PCURVE('',#5355,#8308);
#8308 = DEFINITIONAL_REPRESENTATION('',(#8309),#8313);
#8309 = LINE('',#8310,#8311);
#8310 = CARTESIAN_POINT('',(0.,28.));
#8311 = VECTOR('',#8312,1.);
#8312 = DIRECTION('',(1.,0.));
#8313 = ( GEOMETRIC_REPRESENTATION_CONTEXT(2)
PARAMETRIC_REPRESENTATION_CONTEXT() REPRESENTATION_CONTEXT('2D SPACE',''
  ) );
#8314 = ORIENTED_EDGE('',*,*,#5255,.F.);
#8315 = ADVANCED_FACE('',(#8316),#5323,.T.);
#8316 = FACE_BOUND('',#8317,.T.);
#8317 = EDGE_LOOP('',(#8318,#8319,#8347,#8368));
#8318 = ORIENTED_EDGE('',*,*,#8240,.F.);
#8319 = ORIENTED_EDGE('',*,*,#8320,.T.);
#8320 = EDGE_CURVE('',#8213,#8321,#8323,.T.);
#8321 = VERTEX_POINT('',#8322);
#8322 = CARTESIAN_POINT('',(0.3,49.,118.5));
#8323 = SURFACE_CURVE('',#8324,(#8328,#8335),.PCURVE_S1.);
#8324 = LINE('',#8325,#8326);
#8325 = CARTESIAN_POINT('',(0.3,49.,98.5));
#8326 = VECTOR('',#8327,1.);
#8327 = DIRECTION('',(0.,0.,1.));
#8328 = PCURVE('',#5323,#8329);
#8329 = DEFINITIONAL_REPRESENTATION('',(#8330),#8334);
#8330 = LINE('',#8331,#8332);
#8331 = CARTESIAN_POINT('',(0.,1.3));
#8332 = VECTOR('',#8333,1.);
#8333 = DIRECTION('',(1.,0.));
#8334 = ( GEOMETRIC_REPRESENTATION_CONTEXT(2)
PARAMETRIC_REPRESENTATION_CONTEXT() REPRESENTATION_CONTEXT('2D SPACE',''
  ) );
#8335 = PCURVE('',#8336,#8341);
#8336 = PLANE('',#8337);
#8337 = AXIS2_PLACEMENT_3D('',#8338,#8339,#8340);
#8338 = CARTESIAN_POINT('',(0.15,48.85,98.5));
#8339 = DIRECTION('',(0.707106781187,-0.707106781187,-3.472568050348E-18
    ));
#8340 = DIRECTION('',(2.455476416532E-18,-2.455476416533E-18,1.));
#8341 = DEFINITIONAL_REPRESENTATION('',(#8342),#8346);
#8342 = LINE('',#8343,#8344);
#8343 = CARTESIAN_POINT('',(0.,-0.212132034356));
#8344 = VECTOR('',#8345,1.);
#8345 = DIRECTION('',(1.,0.));
#8346 = ( GEOMETRIC_REPRESENTATION_CONTEXT(2)
PARAMETRIC_REPRESENTATION_CONTEXT() REPRESENTATION_CONTEXT('2D SPACE',''
  ) );
#8347 = ORIENTED_EDGE('',*,*,#8348,.T.);
#8348 = EDGE_CURVE('',#8321,#5287,#8349,.T.);
#8349 = SURFACE_CURVE('',#8350,(#8354,#8361),.PCURVE_S1.);
#8350 = LINE('',#8351,#8352);
#8351 = CARTESIAN_POINT('',(-1.,49.,118.5));
#8352 = VECTOR('',#8353,1.);
#8353 = DIRECTION('',(1.,0.,-0.));
#8354 = PCURVE('',#5323,#8355);
#8355 = DEFINITIONAL_REPRESENTATION('',(#8356),#8360);
#8356 = LINE('',#8357,#8358);
#8357 = CARTESIAN_POINT('',(20.,0.));
#8358 = VECTOR('',#8359,1.);
#8359 = DIRECTION('',(0.,1.));
#8360 = ( GEOMETRIC_REPRESENTATION_CONTEXT(2)
PARAMETRIC_REPRESENTATION_CONTEXT() REPRESENTATION_CONTEXT('2D SPACE',''
  ) );
#8361 = PCURVE('',#5355,#8362);
#8362 = DEFINITIONAL_REPRESENTATION('',(#8363),#8367);
#8363 = LINE('',#8364,#8365);
#8364 = CARTESIAN_POINT('',(0.,0.));
#8365 = VECTOR('',#8366,1.);
#8366 = DIRECTION('',(1.,0.));
#8367 = ( GEOMETRIC_REPRESENTATION_CONTEXT(2)
PARAMETRIC_REPRESENTATION_CONTEXT() REPRESENTATION_CONTEXT('2D SPACE',''
  ) );
#8368 = ORIENTED_EDGE('',*,*,#5309,.F.);
#8369 = ADVANCED_FACE('',(#8370),#5355,.F.);
#8370 = FACE_BOUND('',#8371,.F.);
#8371 = EDGE_LOOP('',(#8372,#8373,#8399,#8400));
#8372 = ORIENTED_EDGE('',*,*,#8294,.F.);
#8373 = ORIENTED_EDGE('',*,*,#8374,.T.);
#8374 = EDGE_CURVE('',#8267,#8321,#8375,.T.);
#8375 = SURFACE_CURVE('',#8376,(#8380,#8387),.PCURVE_S1.);
#8376 = LINE('',#8377,#8378);
#8377 = CARTESIAN_POINT('',(0.3,77.,118.5));
#8378 = VECTOR('',#8379,1.);
#8379 = DIRECTION('',(0.,-1.,0.));
#8380 = PCURVE('',#5355,#8381);
#8381 = DEFINITIONAL_REPRESENTATION('',(#8382),#8386);
#8382 = LINE('',#8383,#8384);
#8383 = CARTESIAN_POINT('',(1.3,28.));
#8384 = VECTOR('',#8385,1.);
#8385 = DIRECTION('',(0.,-1.));
#8386 = ( GEOMETRIC_REPRESENTATION_CONTEXT(2)
PARAMETRIC_REPRESENTATION_CONTEXT() REPRESENTATION_CONTEXT('2D SPACE',''
  ) );
#8387 = PCURVE('',#8388,#8393);
#8388 = PLANE('',#8389);
#8389 = AXIS2_PLACEMENT_3D('',#8390,#8391,#8392);
#8390 = CARTESIAN_POINT('',(0.15,77.,118.65));
#8391 = DIRECTION('',(-0.707106781187,3.472568050348E-18,-0.707106781187
    ));
#8392 = DIRECTION('',(-2.455476416532E-18,-1.,-2.455476416533E-18));
#8393 = DEFINITIONAL_REPRESENTATION('',(#8394),#8398);
#8394 = LINE('',#8395,#8396);
#8395 = CARTESIAN_POINT('',(0.,-0.212132034356));
#8396 = VECTOR('',#8397,1.);
#8397 = DIRECTION('',(1.,0.));
#8398 = ( GEOMETRIC_REPRESENTATION_CONTEXT(2)
PARAMETRIC_REPRESENTATION_CONTEXT() REPRESENTATION_CONTEXT('2D SPACE',''
  ) );
#8399 = ORIENTED_EDGE('',*,*,#8348,.T.);
#8400 = ORIENTED_EDGE('',*,*,#5341,.F.);
#8401 = ADVANCED_FACE('',(#8402,#8648,#8679,#8710,#8742,#8773),#5388,.T.
  );
#8402 = FACE_BOUND('',#8403,.T.);
#8403 = EDGE_LOOP('',(#8404,#8439,#8467,#8500,#8528,#8561,#8589,#8622));
#8404 = ORIENTED_EDGE('',*,*,#8405,.F.);
#8405 = EDGE_CURVE('',#8406,#8408,#8410,.T.);
#8406 = VERTEX_POINT('',#8407);
#8407 = CARTESIAN_POINT('',(0.5,93.,158.));
#8408 = VERTEX_POINT('',#8409);
#8409 = CARTESIAN_POINT('',(7.,99.5,158.));
#8410 = SURFACE_CURVE('',#8411,(#8416,#8427),.PCURVE_S1.);
#8411 = CIRCLE('',#8412,6.5);
#8412 = AXIS2_PLACEMENT_3D('',#8413,#8414,#8415);
#8413 = CARTESIAN_POINT('',(7.,93.,158.));
#8414 = DIRECTION('',(-0.,0.,-1.));
#8415 = DIRECTION('',(-1.,0.,0.));
#8416 = PCURVE('',#5388,#8417);
#8417 = DEFINITIONAL_REPRESENTATION('',(#8418),#8426);
#8418 = ( BOUNDED_CURVE() B_SPLINE_CURVE(2,(#8419,#8420,#8421,#8422,
#8423,#8424,#8425),.UNSPECIFIED.,.T.,.F.) B_SPLINE_CURVE_WITH_KNOTS((1,2
    ,2,2,2,1),(-2.094395102393,0.,2.094395102393,4.188790204786,
6.28318530718,8.377580409573),.UNSPECIFIED.) CURVE()
GEOMETRIC_REPRESENTATION_ITEM() RATIONAL_B_SPLINE_CURVE((1.,0.5,1.,0.5,
1.,0.5,1.)) REPRESENTATION_ITEM('') );
#8419 = CARTESIAN_POINT('',(0.5,93.));
#8420 = CARTESIAN_POINT('',(0.5,104.25833024919));
#8421 = CARTESIAN_POINT('',(10.25,98.629165124599));
#8422 = CARTESIAN_POINT('',(20.,93.));
#8423 = CARTESIAN_POINT('',(10.25,87.370834875401));
#8424 = CARTESIAN_POINT('',(0.5,81.741669750802));
#8425 = CARTESIAN_POINT('',(0.5,93.));
#8426 = ( GEOMETRIC_REPRESENTATION_CONTEXT(2)
PARAMETRIC_REPRESENTATION_CONTEXT() REPRESENTATION_CONTEXT('2D SPACE',''
  ) );
#8427 = PCURVE('',#8428,#8433);
#8428 = TOROIDAL_SURFACE('',#8429,6.5,0.5);
#8429 = AXIS2_PLACEMENT_3D('',#8430,#8431,#8432);
#8430 = CARTESIAN_POINT('',(7.,93.,157.5));
#8431 = DIRECTION('',(-0.,-0.,-1.));
#8432 = DIRECTION('',(-1.,0.,0.));
#8433 = DEFINITIONAL_REPRESENTATION('',(#8434),#8438);
#8434 = LINE('',#8435,#8436);
#8435 = CARTESIAN_POINT('',(0.,4.712388980385));
#8436 = VECTOR('',#8437,1.);
#8437 = DIRECTION('',(1.,0.));
#8438 = ( GEOMETRIC_REPRESENTATION_CONTEXT(2)
PARAMETRIC_REPRESENTATION_CONTEXT() REPRESENTATION_CONTEXT('2D SPACE',''
  ) );
#8439 = ORIENTED_EDGE('',*,*,#8440,.F.);
#8440 = EDGE_CURVE('',#8441,#8406,#8443,.T.);
#8441 = VERTEX_POINT('',#8442);
#8442 = CARTESIAN_POINT('',(0.5,7.,158.));
#8443 = SURFACE_CURVE('',#8444,(#8448,#8455),.PCURVE_S1.);
#8444 = LINE('',#8445,#8446);
#8445 = CARTESIAN_POINT('',(0.5,7.,158.));
#8446 = VECTOR('',#8447,1.);
#8447 = DIRECTION('',(-0.,1.,0.));
#8448 = PCURVE('',#5388,#8449);
#8449 = DEFINITIONAL_REPRESENTATION('',(#8450),#8454);
#8450 = LINE('',#8451,#8452);
#8451 = CARTESIAN_POINT('',(0.5,7.));
#8452 = VECTOR('',#8453,1.);
#8453 = DIRECTION('',(0.,1.));
#8454 = ( GEOMETRIC_REPRESENTATION_CONTEXT(2)
PARAMETRIC_REPRESENTATION_CONTEXT() REPRESENTATION_CONTEXT('2D SPACE',''
  ) );
#8455 = PCURVE('',#8456,#8461);
#8456 = CYLINDRICAL_SURFACE('',#8457,0.5);
#8457 = AXIS2_PLACEMENT_3D('',#8458,#8459,#8460);
#8458 = CARTESIAN_POINT('',(0.5,7.,157.5));
#8459 = DIRECTION('',(-0.,1.,0.));
#8460 = DIRECTION('',(0.,0.,1.));
#8461 = DEFINITIONAL_REPRESENTATION('',(#8462),#8466);
#8462 = LINE('',#8463,#8464);
#8463 = CARTESIAN_POINT('',(-0.,0.));
#8464 = VECTOR('',#8465,1.);
#8465 = DIRECTION('',(-0.,1.));
#8466 = ( GEOMETRIC_REPRESENTATION_CONTEXT(2)
PARAMETRIC_REPRESENTATION_CONTEXT() REPRESENTATION_CONTEXT('2D SPACE',''
  ) );
#8467 = ORIENTED_EDGE('',*,*,#8468,.F.);
#8468 = EDGE_CURVE('',#8469,#8441,#8471,.T.);
#8469 = VERTEX_POINT('',#8470);
#8470 = CARTESIAN_POINT('',(7.,0.5,158.));
#8471 = SURFACE_CURVE('',#8472,(#8477,#8488),.PCURVE_S1.);
#8472 = CIRCLE('',#8473,6.5);
#8473 = AXIS2_PLACEMENT_3D('',#8474,#8475,#8476);
#8474 = CARTESIAN_POINT('',(7.,7.,158.));
#8475 = DIRECTION('',(-0.,0.,-1.));
#8476 = DIRECTION('',(-2.537652627715E-16,-1.,0.));
#8477 = PCURVE('',#5388,#8478);
#8478 = DEFINITIONAL_REPRESENTATION('',(#8479),#8487);
#8479 = ( BOUNDED_CURVE() B_SPLINE_CURVE(2,(#8480,#8481,#8482,#8483,
#8484,#8485,#8486),.UNSPECIFIED.,.T.,.F.) B_SPLINE_CURVE_WITH_KNOTS((1,2
    ,2,2,2,1),(-2.094395102393,0.,2.094395102393,4.188790204786,
6.28318530718,8.377580409573),.UNSPECIFIED.) CURVE()
GEOMETRIC_REPRESENTATION_ITEM() RATIONAL_B_SPLINE_CURVE((1.,0.5,1.,0.5,
1.,0.5,1.)) REPRESENTATION_ITEM('') );
#8480 = CARTESIAN_POINT('',(7.,0.5));
#8481 = CARTESIAN_POINT('',(-4.258330249198,0.5));
#8482 = CARTESIAN_POINT('',(1.370834875401,10.25));
#8483 = CARTESIAN_POINT('',(7.,20.));
#8484 = CARTESIAN_POINT('',(12.629165124599,10.25));
#8485 = CARTESIAN_POINT('',(18.258330249198,0.5));
#8486 = CARTESIAN_POINT('',(7.,0.5));
#8487 = ( GEOMETRIC_REPRESENTATION_CONTEXT(2)
PARAMETRIC_REPRESENTATION_CONTEXT() REPRESENTATION_CONTEXT('2D SPACE',''
  ) );
#8488 = PCURVE('',#8489,#8494);
#8489 = TOROIDAL_SURFACE('',#8490,6.5,0.5);
#8490 = AXIS2_PLACEMENT_3D('',#8491,#8492,#8493);
#8491 = CARTESIAN_POINT('',(7.,7.,157.5));
#8492 = DIRECTION('',(-0.,-0.,-1.));
#8493 = DIRECTION('',(-2.537652627715E-16,-1.,0.));
#8494 = DEFINITIONAL_REPRESENTATION('',(#8495),#8499);
#8495 = LINE('',#8496,#8497);
#8496 = CARTESIAN_POINT('',(0.,4.712388980385));
#8497 = VECTOR('',#8498,1.);
#8498 = DIRECTION('',(1.,0.));
#8499 = ( GEOMETRIC_REPRESENTATION_CONTEXT(2)
PARAMETRIC_REPRESENTATION_CONTEXT() REPRESENTATION_CONTEXT('2D SPACE',''
  ) );
#8500 = ORIENTED_EDGE('',*,*,#8501,.F.);
#8501 = EDGE_CURVE('',#8502,#8469,#8504,.T.);
#8502 = VERTEX_POINT('',#8503);
#8503 = CARTESIAN_POINT('',(89.,0.5,158.));
#8504 = SURFACE_CURVE('',#8505,(#8509,#8516),.PCURVE_S1.);
#8505 = LINE('',#8506,#8507);
#8506 = CARTESIAN_POINT('',(89.,0.5,158.));
#8507 = VECTOR('',#8508,1.);
#8508 = DIRECTION('',(-1.,-0.,0.));
#8509 = PCURVE('',#5388,#8510);
#8510 = DEFINITIONAL_REPRESENTATION('',(#8511),#8515);
#8511 = LINE('',#8512,#8513);
#8512 = CARTESIAN_POINT('',(89.,0.5));
#8513 = VECTOR('',#8514,1.);
#8514 = DIRECTION('',(-1.,0.));
#8515 = ( GEOMETRIC_REPRESENTATION_CONTEXT(2)
PARAMETRIC_REPRESENTATION_CONTEXT() REPRESENTATION_CONTEXT('2D SPACE',''
  ) );
#8516 = PCURVE('',#8517,#8522);
#8517 = CYLINDRICAL_SURFACE('',#8518,0.5);
#8518 = AXIS2_PLACEMENT_3D('',#8519,#8520,#8521);
#8519 = CARTESIAN_POINT('',(89.,0.5,157.5));
#8520 = DIRECTION('',(-1.,-0.,0.));
#8521 = DIRECTION('',(0.,0.,1.));
#8522 = DEFINITIONAL_REPRESENTATION('',(#8523),#8527);
#8523 = LINE('',#8524,#8525);
#8524 = CARTESIAN_POINT('',(-0.,0.));
#8525 = VECTOR('',#8526,1.);
#8526 = DIRECTION('',(-0.,1.));
#8527 = ( GEOMETRIC_REPRESENTATION_CONTEXT(2)
PARAMETRIC_REPRESENTATION_CONTEXT() REPRESENTATION_CONTEXT('2D SPACE',''
  ) );
#8528 = ORIENTED_EDGE('',*,*,#8529,.F.);
#8529 = EDGE_CURVE('',#8530,#8502,#8532,.T.);
#8530 = VERTEX_POINT('',#8531);
#8531 = CARTESIAN_POINT('',(95.5,7.,158.));
#8532 = SURFACE_CURVE('',#8533,(#8538,#8549),.PCURVE_S1.);
#8533 = CIRCLE('',#8534,6.5);
#8534 = AXIS2_PLACEMENT_3D('',#8535,#8536,#8537);
#8535 = CARTESIAN_POINT('',(89.,7.,158.));
#8536 = DIRECTION('',(0.,0.,-1.));
#8537 = DIRECTION('',(1.,0.,0.));
#8538 = PCURVE('',#5388,#8539);
#8539 = DEFINITIONAL_REPRESENTATION('',(#8540),#8548);
#8540 = ( BOUNDED_CURVE() B_SPLINE_CURVE(2,(#8541,#8542,#8543,#8544,
#8545,#8546,#8547),.UNSPECIFIED.,.T.,.F.) B_SPLINE_CURVE_WITH_KNOTS((1,2
    ,2,2,2,1),(-2.094395102393,0.,2.094395102393,4.188790204786,
6.28318530718,8.377580409573),.UNSPECIFIED.) CURVE()
GEOMETRIC_REPRESENTATION_ITEM() RATIONAL_B_SPLINE_CURVE((1.,0.5,1.,0.5,
1.,0.5,1.)) REPRESENTATION_ITEM('') );
#8541 = CARTESIAN_POINT('',(95.5,7.));
#8542 = CARTESIAN_POINT('',(95.5,-4.258330249198));
#8543 = CARTESIAN_POINT('',(85.75,1.370834875401));
#8544 = CARTESIAN_POINT('',(76.,7.));
#8545 = CARTESIAN_POINT('',(85.75,12.629165124599));
#8546 = CARTESIAN_POINT('',(95.5,18.258330249198));
#8547 = CARTESIAN_POINT('',(95.5,7.));
#8548 = ( GEOMETRIC_REPRESENTATION_CONTEXT(2)
PARAMETRIC_REPRESENTATION_CONTEXT() REPRESENTATION_CONTEXT('2D SPACE',''
  ) );
#8549 = PCURVE('',#8550,#8555);
#8550 = TOROIDAL_SURFACE('',#8551,6.5,0.5);
#8551 = AXIS2_PLACEMENT_3D('',#8552,#8553,#8554);
#8552 = CARTESIAN_POINT('',(89.,7.,157.5));
#8553 = DIRECTION('',(-0.,-0.,-1.));
#8554 = DIRECTION('',(1.,0.,0.));
#8555 = DEFINITIONAL_REPRESENTATION('',(#8556),#8560);
#8556 = LINE('',#8557,#8558);
#8557 = CARTESIAN_POINT('',(0.,4.712388980385));
#8558 = VECTOR('',#8559,1.);
#8559 = DIRECTION('',(1.,0.));
#8560 = ( GEOMETRIC_REPRESENTATION_CONTEXT(2)
PARAMETRIC_REPRESENTATION_CONTEXT() REPRESENTATION_CONTEXT('2D SPACE',''
  ) );
#8561 = ORIENTED_EDGE('',*,*,#8562,.F.);
#8562 = EDGE_CURVE('',#8563,#8530,#8565,.T.);
#8563 = VERTEX_POINT('',#8564);
#8564 = CARTESIAN_POINT('',(95.5,93.,158.));
#8565 = SURFACE_CURVE('',#8566,(#8570,#8577),.PCURVE_S1.);
#8566 = LINE('',#8567,#8568);
#8567 = CARTESIAN_POINT('',(95.5,93.,158.));
#8568 = VECTOR('',#8569,1.);
#8569 = DIRECTION('',(0.,-1.,-0.));
#8570 = PCURVE('',#5388,#8571);
#8571 = DEFINITIONAL_REPRESENTATION('',(#8572),#8576);
#8572 = LINE('',#8573,#8574);
#8573 = CARTESIAN_POINT('',(95.5,93.));
#8574 = VECTOR('',#8575,1.);
#8575 = DIRECTION('',(0.,-1.));
#8576 = ( GEOMETRIC_REPRESENTATION_CONTEXT(2)
PARAMETRIC_REPRESENTATION_CONTEXT() REPRESENTATION_CONTEXT('2D SPACE',''
  ) );
#8577 = PCURVE('',#8578,#8583);
#8578 = CYLINDRICAL_SURFACE('',#8579,0.5);
#8579 = AXIS2_PLACEMENT_3D('',#8580,#8581,#8582);
#8580 = CARTESIAN_POINT('',(95.5,93.,157.5));
#8581 = DIRECTION('',(0.,-1.,-0.));
#8582 = DIRECTION('',(0.,0.,1.));
#8583 = DEFINITIONAL_REPRESENTATION('',(#8584),#8588);
#8584 = LINE('',#8585,#8586);
#8585 = CARTESIAN_POINT('',(-0.,0.));
#8586 = VECTOR('',#8587,1.);
#8587 = DIRECTION('',(-0.,1.));
#8588 = ( GEOMETRIC_REPRESENTATION_CONTEXT(2)
PARAMETRIC_REPRESENTATION_CONTEXT() REPRESENTATION_CONTEXT('2D SPACE',''
  ) );
#8589 = ORIENTED_EDGE('',*,*,#8590,.F.);
#8590 = EDGE_CURVE('',#8591,#8563,#8593,.T.);
#8591 = VERTEX_POINT('',#8592);
#8592 = CARTESIAN_POINT('',(89.,99.5,158.));
#8593 = SURFACE_CURVE('',#8594,(#8599,#8610),.PCURVE_S1.);
#8594 = CIRCLE('',#8595,6.5);
#8595 = AXIS2_PLACEMENT_3D('',#8596,#8597,#8598);
#8596 = CARTESIAN_POINT('',(89.,93.,158.));
#8597 = DIRECTION('',(0.,-0.,-1.));
#8598 = DIRECTION('',(0.,1.,-0.));
#8599 = PCURVE('',#5388,#8600);
#8600 = DEFINITIONAL_REPRESENTATION('',(#8601),#8609);
#8601 = ( BOUNDED_CURVE() B_SPLINE_CURVE(2,(#8602,#8603,#8604,#8605,
#8606,#8607,#8608),.UNSPECIFIED.,.T.,.F.) B_SPLINE_CURVE_WITH_KNOTS((1,2
    ,2,2,2,1),(-2.094395102393,0.,2.094395102393,4.188790204786,
6.28318530718,8.377580409573),.UNSPECIFIED.) CURVE()
GEOMETRIC_REPRESENTATION_ITEM() RATIONAL_B_SPLINE_CURVE((1.,0.5,1.,0.5,
1.,0.5,1.)) REPRESENTATION_ITEM('') );
#8602 = CARTESIAN_POINT('',(89.,99.5));
#8603 = CARTESIAN_POINT('',(100.25833024919,99.5));
#8604 = CARTESIAN_POINT('',(94.629165124599,89.75));
#8605 = CARTESIAN_POINT('',(89.,80.));
#8606 = CARTESIAN_POINT('',(83.370834875401,89.75));
#8607 = CARTESIAN_POINT('',(77.741669750802,99.5));
#8608 = CARTESIAN_POINT('',(89.,99.5));
#8609 = ( GEOMETRIC_REPRESENTATION_CONTEXT(2)
PARAMETRIC_REPRESENTATION_CONTEXT() REPRESENTATION_CONTEXT('2D SPACE',''
  ) );
#8610 = PCURVE('',#8611,#8616);
#8611 = TOROIDAL_SURFACE('',#8612,6.5,0.5);
#8612 = AXIS2_PLACEMENT_3D('',#8613,#8614,#8615);
#8613 = CARTESIAN_POINT('',(89.,93.,157.5));
#8614 = DIRECTION('',(-0.,-0.,-1.));
#8615 = DIRECTION('',(0.,1.,-0.));
#8616 = DEFINITIONAL_REPRESENTATION('',(#8617),#8621);
#8617 = LINE('',#8618,#8619);
#8618 = CARTESIAN_POINT('',(0.,4.712388980385));
#8619 = VECTOR('',#8620,1.);
#8620 = DIRECTION('',(1.,0.));
#8621 = ( GEOMETRIC_REPRESENTATION_CONTEXT(2)
PARAMETRIC_REPRESENTATION_CONTEXT() REPRESENTATION_CONTEXT('2D SPACE',''
  ) );
#8622 = ORIENTED_EDGE('',*,*,#8623,.F.);
#8623 = EDGE_CURVE('',#8408,#8591,#8624,.T.);
#8624 = SURFACE_CURVE('',#8625,(#8629,#8636),.PCURVE_S1.);
#8625 = LINE('',#8626,#8627);
#8626 = CARTESIAN_POINT('',(7.,99.5,158.));
#8627 = VECTOR('',#8628,1.);
#8628 = DIRECTION('',(1.,0.,-0.));
#8629 = PCURVE('',#5388,#8630);
#8630 = DEFINITIONAL_REPRESENTATION('',(#8631),#8635);
#8631 = LINE('',#8632,#8633);
#8632 = CARTESIAN_POINT('',(7.,99.5));
#8633 = VECTOR('',#8634,1.);
#8634 = DIRECTION('',(1.,0.));
#8635 = ( GEOMETRIC_REPRESENTATION_CONTEXT(2)
PARAMETRIC_REPRESENTATION_CONTEXT() REPRESENTATION_CONTEXT('2D SPACE',''
  ) );
#8636 = PCURVE('',#8637,#8642);
#8637 = CYLINDRICAL_SURFACE('',#8638,0.5);
#8638 = AXIS2_PLACEMENT_3D('',#8639,#8640,#8641);
#8639 = CARTESIAN_POINT('',(7.,99.5,157.5));
#8640 = DIRECTION('',(1.,0.,-0.));
#8641 = DIRECTION('',(0.,0.,1.));
#8642 = DEFINITIONAL_REPRESENTATION('',(#8643),#8647);
#8643 = LINE('',#8644,#8645);
#8644 = CARTESIAN_POINT('',(-0.,0.));
#8645 = VECTOR('',#8646,1.);
#8646 = DIRECTION('',(-0.,1.));
#8647 = ( GEOMETRIC_REPRESENTATION_CONTEXT(2)
PARAMETRIC_REPRESENTATION_CONTEXT() REPRESENTATION_CONTEXT('2D SPACE',''
  ) );
#8648 = FACE_BOUND('',#8649,.T.);
#8649 = EDGE_LOOP('',(#8650));
#8650 = ORIENTED_EDGE('',*,*,#8651,.F.);
#8651 = EDGE_CURVE('',#8652,#8652,#8654,.T.);
#8652 = VERTEX_POINT('',#8653);
#8653 = CARTESIAN_POINT('',(4.9,15.,158.));
#8654 = SURFACE_CURVE('',#8655,(#8660,#8667),.PCURVE_S1.);
#8655 = CIRCLE('',#8656,1.4);
#8656 = AXIS2_PLACEMENT_3D('',#8657,#8658,#8659);
#8657 = CARTESIAN_POINT('',(3.5,15.,158.));
#8658 = DIRECTION('',(0.,0.,1.));
#8659 = DIRECTION('',(1.,0.,-0.));
#8660 = PCURVE('',#5388,#8661);
#8661 = DEFINITIONAL_REPRESENTATION('',(#8662),#8666);
#8662 = CIRCLE('',#8663,1.4);
#8663 = AXIS2_PLACEMENT_2D('',#8664,#8665);
#8664 = CARTESIAN_POINT('',(3.5,15.));
#8665 = DIRECTION('',(1.,0.));
#8666 = ( GEOMETRIC_REPRESENTATION_CONTEXT(2)
PARAMETRIC_REPRESENTATION_CONTEXT() REPRESENTATION_CONTEXT('2D SPACE',''
  ) );
#8667 = PCURVE('',#8668,#8673);
#8668 = CYLINDRICAL_SURFACE('',#8669,1.4);
#8669 = AXIS2_PLACEMENT_3D('',#8670,#8671,#8672);
#8670 = CARTESIAN_POINT('',(3.5,15.,151.));
#8671 = DIRECTION('',(0.,0.,1.));
#8672 = DIRECTION('',(1.,0.,-0.));
#8673 = DEFINITIONAL_REPRESENTATION('',(#8674),#8678);
#8674 = LINE('',#8675,#8676);
#8675 = CARTESIAN_POINT('',(0.,7.));
#8676 = VECTOR('',#8677,1.);
#8677 = DIRECTION('',(1.,0.));
#8678 = ( GEOMETRIC_REPRESENTATION_CONTEXT(2)
PARAMETRIC_REPRESENTATION_CONTEXT() REPRESENTATION_CONTEXT('2D SPACE',''
  ) );
#8679 = FACE_BOUND('',#8680,.T.);
#8680 = EDGE_LOOP('',(#8681));
#8681 = ORIENTED_EDGE('',*,*,#8682,.F.);
#8682 = EDGE_CURVE('',#8683,#8683,#8685,.T.);
#8683 = VERTEX_POINT('',#8684);
#8684 = CARTESIAN_POINT('',(93.9,15.,158.));
#8685 = SURFACE_CURVE('',#8686,(#8691,#8698),.PCURVE_S1.);
#8686 = CIRCLE('',#8687,1.4);
#8687 = AXIS2_PLACEMENT_3D('',#8688,#8689,#8690);
#8688 = CARTESIAN_POINT('',(92.5,15.,158.));
#8689 = DIRECTION('',(0.,0.,1.));
#8690 = DIRECTION('',(1.,0.,-0.));
#8691 = PCURVE('',#5388,#8692);
#8692 = DEFINITIONAL_REPRESENTATION('',(#8693),#8697);
#8693 = CIRCLE('',#8694,1.4);
#8694 = AXIS2_PLACEMENT_2D('',#8695,#8696);
#8695 = CARTESIAN_POINT('',(92.5,15.));
#8696 = DIRECTION('',(1.,0.));
#8697 = ( GEOMETRIC_REPRESENTATION_CONTEXT(2)
PARAMETRIC_REPRESENTATION_CONTEXT() REPRESENTATION_CONTEXT('2D SPACE',''
  ) );
#8698 = PCURVE('',#8699,#8704);
#8699 = CYLINDRICAL_SURFACE('',#8700,1.4);
#8700 = AXIS2_PLACEMENT_3D('',#8701,#8702,#8703);
#8701 = CARTESIAN_POINT('',(92.5,15.,151.));
#8702 = DIRECTION('',(0.,0.,1.));
#8703 = DIRECTION('',(1.,0.,-0.));
#8704 = DEFINITIONAL_REPRESENTATION('',(#8705),#8709);
#8705 = LINE('',#8706,#8707);
#8706 = CARTESIAN_POINT('',(0.,7.));
#8707 = VECTOR('',#8708,1.);
#8708 = DIRECTION('',(1.,0.));
#8709 = ( GEOMETRIC_REPRESENTATION_CONTEXT(2)
PARAMETRIC_REPRESENTATION_CONTEXT() REPRESENTATION_CONTEXT('2D SPACE',''
  ) );
#8710 = FACE_BOUND('',#8711,.T.);
#8711 = EDGE_LOOP('',(#8712,#8713,#8714,#8715,#8736,#8737,#8738,#8739,
    #8740,#8741));
#8712 = ORIENTED_EDGE('',*,*,#6804,.T.);
#8713 = ORIENTED_EDGE('',*,*,#6749,.F.);
#8714 = ORIENTED_EDGE('',*,*,#7576,.T.);
#8715 = ORIENTED_EDGE('',*,*,#8716,.T.);
#8716 = EDGE_CURVE('',#7577,#7822,#8717,.T.);
#8717 = SURFACE_CURVE('',#8718,(#8722,#8729),.PCURVE_S1.);
#8718 = LINE('',#8719,#8720);
#8719 = CARTESIAN_POINT('',(88.,7.5,158.));
#8720 = VECTOR('',#8721,1.);
#8721 = DIRECTION('',(-1.,-0.,0.));
#8722 = PCURVE('',#5388,#8723);
#8723 = DEFINITIONAL_REPRESENTATION('',(#8724),#8728);
#8724 = LINE('',#8725,#8726);
#8725 = CARTESIAN_POINT('',(88.,7.5));
#8726 = VECTOR('',#8727,1.);
#8727 = DIRECTION('',(-1.,0.));
#8728 = ( GEOMETRIC_REPRESENTATION_CONTEXT(2)
PARAMETRIC_REPRESENTATION_CONTEXT() REPRESENTATION_CONTEXT('2D SPACE',''
  ) );
#8729 = PCURVE('',#7504,#8730);
#8730 = DEFINITIONAL_REPRESENTATION('',(#8731),#8735);
#8731 = LINE('',#8732,#8733);
#8732 = CARTESIAN_POINT('',(0.,0.));
#8733 = VECTOR('',#8734,1.);
#8734 = DIRECTION('',(0.,1.));
#8735 = ( GEOMETRIC_REPRESENTATION_CONTEXT(2)
PARAMETRIC_REPRESENTATION_CONTEXT() REPRESENTATION_CONTEXT('2D SPACE',''
  ) );
#8736 = ORIENTED_EDGE('',*,*,#7821,.F.);
#8737 = ORIENTED_EDGE('',*,*,#5479,.T.);
#8738 = ORIENTED_EDGE('',*,*,#5370,.T.);
#8739 = ORIENTED_EDGE('',*,*,#5507,.T.);
#8740 = ORIENTED_EDGE('',*,*,#5637,.T.);
#8741 = ORIENTED_EDGE('',*,*,#8070,.T.);
#8742 = FACE_BOUND('',#8743,.T.);
#8743 = EDGE_LOOP('',(#8744));
#8744 = ORIENTED_EDGE('',*,*,#8745,.F.);
#8745 = EDGE_CURVE('',#8746,#8746,#8748,.T.);
#8746 = VERTEX_POINT('',#8747);
#8747 = CARTESIAN_POINT('',(4.9,85.,158.));
#8748 = SURFACE_CURVE('',#8749,(#8754,#8761),.PCURVE_S1.);
#8749 = CIRCLE('',#8750,1.4);
#8750 = AXIS2_PLACEMENT_3D('',#8751,#8752,#8753);
#8751 = CARTESIAN_POINT('',(3.5,85.,158.));
#8752 = DIRECTION('',(0.,0.,1.));
#8753 = DIRECTION('',(1.,0.,-0.));
#8754 = PCURVE('',#5388,#8755);
#8755 = DEFINITIONAL_REPRESENTATION('',(#8756),#8760);
#8756 = CIRCLE('',#8757,1.4);
#8757 = AXIS2_PLACEMENT_2D('',#8758,#8759);
#8758 = CARTESIAN_POINT('',(3.5,85.));
#8759 = DIRECTION('',(1.,0.));
#8760 = ( GEOMETRIC_REPRESENTATION_CONTEXT(2)
PARAMETRIC_REPRESENTATION_CONTEXT() REPRESENTATION_CONTEXT('2D SPACE',''
  ) );
#8761 = PCURVE('',#8762,#8767);
#8762 = CYLINDRICAL_SURFACE('',#8763,1.4);
#8763 = AXIS2_PLACEMENT_3D('',#8764,#8765,#8766);
#8764 = CARTESIAN_POINT('',(3.5,85.,151.));
#8765 = DIRECTION('',(0.,0.,1.));
#8766 = DIRECTION('',(1.,0.,-0.));
#8767 = DEFINITIONAL_REPRESENTATION('',(#8768),#8772);
#8768 = LINE('',#8769,#8770);
#8769 = CARTESIAN_POINT('',(0.,7.));
#8770 = VECTOR('',#8771,1.);
#8771 = DIRECTION('',(1.,0.));
#8772 = ( GEOMETRIC_REPRESENTATION_CONTEXT(2)
PARAMETRIC_REPRESENTATION_CONTEXT() REPRESENTATION_CONTEXT('2D SPACE',''
  ) );
#8773 = FACE_BOUND('',#8774,.T.);
#8774 = EDGE_LOOP('',(#8775));
#8775 = ORIENTED_EDGE('',*,*,#8776,.F.);
#8776 = EDGE_CURVE('',#8777,#8777,#8779,.T.);
#8777 = VERTEX_POINT('',#8778);
#8778 = CARTESIAN_POINT('',(93.9,85.,158.));
#8779 = SURFACE_CURVE('',#8780,(#8785,#8792),.PCURVE_S1.);
#8780 = CIRCLE('',#8781,1.4);
#8781 = AXIS2_PLACEMENT_3D('',#8782,#8783,#8784);
#8782 = CARTESIAN_POINT('',(92.5,85.,158.));
#8783 = DIRECTION('',(0.,0.,1.));
#8784 = DIRECTION('',(1.,0.,-0.));
#8785 = PCURVE('',#5388,#8786);
#8786 = DEFINITIONAL_REPRESENTATION('',(#8787),#8791);
#8787 = CIRCLE('',#8788,1.4);
#8788 = AXIS2_PLACEMENT_2D('',#8789,#8790);
#8789 = CARTESIAN_POINT('',(92.5,85.));
#8790 = DIRECTION('',(1.,0.));
#8791 = ( GEOMETRIC_REPRESENTATION_CONTEXT(2)
PARAMETRIC_REPRESENTATION_CONTEXT() REPRESENTATION_CONTEXT('2D SPACE',''
  ) );
#8792 = PCURVE('',#8793,#8798);
#8793 = CYLINDRICAL_SURFACE('',#8794,1.4);
#8794 = AXIS2_PLACEMENT_3D('',#8795,#8796,#8797);
#8795 = CARTESIAN_POINT('',(92.5,85.,151.));
#8796 = DIRECTION('',(0.,0.,1.));
#8797 = DIRECTION('',(1.,0.,-0.));
#8798 = DEFINITIONAL_REPRESENTATION('',(#8799),#8803);
#8799 = LINE('',#8800,#8801);
#8800 = CARTESIAN_POINT('',(0.,7.));
#8801 = VECTOR('',#8802,1.);
#8802 = DIRECTION('',(1.,0.));
#8803 = ( GEOMETRIC_REPRESENTATION_CONTEXT(2)
PARAMETRIC_REPRESENTATION_CONTEXT() REPRESENTATION_CONTEXT('2D SPACE',''
  ) );
#8804 = ADVANCED_FACE('',(#8805),#5598,.T.);
#8805 = FACE_BOUND('',#8806,.T.);
#8806 = EDGE_LOOP('',(#8807,#8830,#8857,#8858));
#8807 = ORIENTED_EDGE('',*,*,#8808,.F.);
#8808 = EDGE_CURVE('',#8809,#5560,#8811,.T.);
#8809 = VERTEX_POINT('',#8810);
#8810 = CARTESIAN_POINT('',(76.5,76.3,142.5));
#8811 = SEAM_CURVE('',#8812,(#8816,#8823),.PCURVE_S1.);
#8812 = LINE('',#8813,#8814);
#8813 = CARTESIAN_POINT('',(76.5,76.,142.5));
#8814 = VECTOR('',#8815,1.);
#8815 = DIRECTION('',(0.,1.,0.));
#8816 = PCURVE('',#5598,#8817);
#8817 = DEFINITIONAL_REPRESENTATION('',(#8818),#8822);
#8818 = LINE('',#8819,#8820);
#8819 = CARTESIAN_POINT('',(0.,-0.));
#8820 = VECTOR('',#8821,1.);
#8821 = DIRECTION('',(0.,1.));
#8822 = ( GEOMETRIC_REPRESENTATION_CONTEXT(2)
PARAMETRIC_REPRESENTATION_CONTEXT() REPRESENTATION_CONTEXT('2D SPACE',''
  ) );
#8823 = PCURVE('',#5598,#8824);
#8824 = DEFINITIONAL_REPRESENTATION('',(#8825),#8829);
#8825 = LINE('',#8826,#8827);
#8826 = CARTESIAN_POINT('',(6.28318530718,-0.));
#8827 = VECTOR('',#8828,1.);
#8828 = DIRECTION('',(0.,1.));
#8829 = ( GEOMETRIC_REPRESENTATION_CONTEXT(2)
PARAMETRIC_REPRESENTATION_CONTEXT() REPRESENTATION_CONTEXT('2D SPACE',''
  ) );
#8830 = ORIENTED_EDGE('',*,*,#8831,.T.);
#8831 = EDGE_CURVE('',#8809,#8809,#8832,.T.);
#8832 = SURFACE_CURVE('',#8833,(#8838,#8845),.PCURVE_S1.);
#8833 = CIRCLE('',#8834,4.);
#8834 = AXIS2_PLACEMENT_3D('',#8835,#8836,#8837);
#8835 = CARTESIAN_POINT('',(76.5,76.3,138.5));
#8836 = DIRECTION('',(0.,1.,0.));
#8837 = DIRECTION('',(0.,-0.,1.));
#8838 = PCURVE('',#5598,#8839);
#8839 = DEFINITIONAL_REPRESENTATION('',(#8840),#8844);
#8840 = LINE('',#8841,#8842);
#8841 = CARTESIAN_POINT('',(0.,0.3));
#8842 = VECTOR('',#8843,1.);
#8843 = DIRECTION('',(1.,0.));
#8844 = ( GEOMETRIC_REPRESENTATION_CONTEXT(2)
PARAMETRIC_REPRESENTATION_CONTEXT() REPRESENTATION_CONTEXT('2D SPACE',''
  ) );
#8845 = PCURVE('',#8846,#8851);
#8846 = CONICAL_SURFACE('',#8847,4.,0.785398163397);
#8847 = AXIS2_PLACEMENT_3D('',#8848,#8849,#8850);
#8848 = CARTESIAN_POINT('',(76.5,76.3,138.5));
#8849 = DIRECTION('',(0.,1.,0.));
#8850 = DIRECTION('',(0.,-0.,1.));
#8851 = DEFINITIONAL_REPRESENTATION('',(#8852),#8856);
#8852 = LINE('',#8853,#8854);
#8853 = CARTESIAN_POINT('',(0.,-0.));
#8854 = VECTOR('',#8855,1.);
#8855 = DIRECTION('',(1.,-0.));
#8856 = ( GEOMETRIC_REPRESENTATION_CONTEXT(2)
PARAMETRIC_REPRESENTATION_CONTEXT() REPRESENTATION_CONTEXT('2D SPACE',''
  ) );
#8857 = ORIENTED_EDGE('',*,*,#8808,.T.);
#8858 = ORIENTED_EDGE('',*,*,#5583,.F.);
#8859 = ADVANCED_FACE('',(#8860),#5700,.T.);
#8860 = FACE_BOUND('',#8861,.T.);
#8861 = EDGE_LOOP('',(#8862,#8885,#8912,#8913));
#8862 = ORIENTED_EDGE('',*,*,#8863,.F.);
#8863 = EDGE_CURVE('',#8864,#5662,#8866,.T.);
#8864 = VERTEX_POINT('',#8865);
#8865 = CARTESIAN_POINT('',(19.5,76.3,82.5));
#8866 = SEAM_CURVE('',#8867,(#8871,#8878),.PCURVE_S1.);
#8867 = LINE('',#8868,#8869);
#8868 = CARTESIAN_POINT('',(19.5,76.,82.5));
#8869 = VECTOR('',#8870,1.);
#8870 = DIRECTION('',(0.,1.,0.));
#8871 = PCURVE('',#5700,#8872);
#8872 = DEFINITIONAL_REPRESENTATION('',(#8873),#8877);
#8873 = LINE('',#8874,#8875);
#8874 = CARTESIAN_POINT('',(0.,-0.));
#8875 = VECTOR('',#8876,1.);
#8876 = DIRECTION('',(0.,1.));
#8877 = ( GEOMETRIC_REPRESENTATION_CONTEXT(2)
PARAMETRIC_REPRESENTATION_CONTEXT() REPRESENTATION_CONTEXT('2D SPACE',''
  ) );
#8878 = PCURVE('',#5700,#8879);
#8879 = DEFINITIONAL_REPRESENTATION('',(#8880),#8884);
#8880 = LINE('',#8881,#8882);
#8881 = CARTESIAN_POINT('',(6.28318530718,-0.));
#8882 = VECTOR('',#8883,1.);
#8883 = DIRECTION('',(0.,1.));
#8884 = ( GEOMETRIC_REPRESENTATION_CONTEXT(2)
PARAMETRIC_REPRESENTATION_CONTEXT() REPRESENTATION_CONTEXT('2D SPACE',''
  ) );
#8885 = ORIENTED_EDGE('',*,*,#8886,.T.);
#8886 = EDGE_CURVE('',#8864,#8864,#8887,.T.);
#8887 = SURFACE_CURVE('',#8888,(#8893,#8900),.PCURVE_S1.);
#8888 = CIRCLE('',#8889,4.);
#8889 = AXIS2_PLACEMENT_3D('',#8890,#8891,#8892);
#8890 = CARTESIAN_POINT('',(19.5,76.3,78.5));
#8891 = DIRECTION('',(0.,1.,0.));
#8892 = DIRECTION('',(0.,-0.,1.));
#8893 = PCURVE('',#5700,#8894);
#8894 = DEFINITIONAL_REPRESENTATION('',(#8895),#8899);
#8895 = LINE('',#8896,#8897);
#8896 = CARTESIAN_POINT('',(0.,0.3));
#8897 = VECTOR('',#8898,1.);
#8898 = DIRECTION('',(1.,0.));
#8899 = ( GEOMETRIC_REPRESENTATION_CONTEXT(2)
PARAMETRIC_REPRESENTATION_CONTEXT() REPRESENTATION_CONTEXT('2D SPACE',''
  ) );
#8900 = PCURVE('',#8901,#8906);
#8901 = CONICAL_SURFACE('',#8902,4.,0.785398163397);
#8902 = AXIS2_PLACEMENT_3D('',#8903,#8904,#8905);
#8903 = CARTESIAN_POINT('',(19.5,76.3,78.5));
#8904 = DIRECTION('',(0.,1.,0.));
#8905 = DIRECTION('',(0.,-0.,1.));
#8906 = DEFINITIONAL_REPRESENTATION('',(#8907),#8911);
#8907 = LINE('',#8908,#8909);
#8908 = CARTESIAN_POINT('',(0.,-0.));
#8909 = VECTOR('',#8910,1.);
#8910 = DIRECTION('',(1.,-0.));
#8911 = ( GEOMETRIC_REPRESENTATION_CONTEXT(2)
PARAMETRIC_REPRESENTATION_CONTEXT() REPRESENTATION_CONTEXT('2D SPACE',''
  ) );
#8912 = ORIENTED_EDGE('',*,*,#8863,.T.);
#8913 = ORIENTED_EDGE('',*,*,#5685,.F.);
#8914 = ADVANCED_FACE('',(#8915),#5754,.T.);
#8915 = FACE_BOUND('',#8916,.T.);
#8916 = EDGE_LOOP('',(#8917,#8940,#8967,#8968));
#8917 = ORIENTED_EDGE('',*,*,#8918,.F.);
#8918 = EDGE_CURVE('',#8919,#5716,#8921,.T.);
#8919 = VERTEX_POINT('',#8920);
#8920 = CARTESIAN_POINT('',(19.5,76.3,142.5));
#8921 = SEAM_CURVE('',#8922,(#8926,#8933),.PCURVE_S1.);
#8922 = LINE('',#8923,#8924);
#8923 = CARTESIAN_POINT('',(19.5,76.,142.5));
#8924 = VECTOR('',#8925,1.);
#8925 = DIRECTION('',(0.,1.,0.));
#8926 = PCURVE('',#5754,#8927);
#8927 = DEFINITIONAL_REPRESENTATION('',(#8928),#8932);
#8928 = LINE('',#8929,#8930);
#8929 = CARTESIAN_POINT('',(0.,-0.));
#8930 = VECTOR('',#8931,1.);
#8931 = DIRECTION('',(0.,1.));
#8932 = ( GEOMETRIC_REPRESENTATION_CONTEXT(2)
PARAMETRIC_REPRESENTATION_CONTEXT() REPRESENTATION_CONTEXT('2D SPACE',''
  ) );
#8933 = PCURVE('',#5754,#8934);
#8934 = DEFINITIONAL_REPRESENTATION('',(#8935),#8939);
#8935 = LINE('',#8936,#8937);
#8936 = CARTESIAN_POINT('',(6.28318530718,-0.));
#8937 = VECTOR('',#8938,1.);
#8938 = DIRECTION('',(0.,1.));
#8939 = ( GEOMETRIC_REPRESENTATION_CONTEXT(2)
PARAMETRIC_REPRESENTATION_CONTEXT() REPRESENTATION_CONTEXT('2D SPACE',''
  ) );
#8940 = ORIENTED_EDGE('',*,*,#8941,.T.);
#8941 = EDGE_CURVE('',#8919,#8919,#8942,.T.);
#8942 = SURFACE_CURVE('',#8943,(#8948,#8955),.PCURVE_S1.);
#8943 = CIRCLE('',#8944,4.);
#8944 = AXIS2_PLACEMENT_3D('',#8945,#8946,#8947);
#8945 = CARTESIAN_POINT('',(19.5,76.3,138.5));
#8946 = DIRECTION('',(0.,1.,0.));
#8947 = DIRECTION('',(0.,-0.,1.));
#8948 = PCURVE('',#5754,#8949);
#8949 = DEFINITIONAL_REPRESENTATION('',(#8950),#8954);
#8950 = LINE('',#8951,#8952);
#8951 = CARTESIAN_POINT('',(0.,0.3));
#8952 = VECTOR('',#8953,1.);
#8953 = DIRECTION('',(1.,0.));
#8954 = ( GEOMETRIC_REPRESENTATION_CONTEXT(2)
PARAMETRIC_REPRESENTATION_CONTEXT() REPRESENTATION_CONTEXT('2D SPACE',''
  ) );
#8955 = PCURVE('',#8956,#8961);
#8956 = CONICAL_SURFACE('',#8957,4.,0.785398163397);
#8957 = AXIS2_PLACEMENT_3D('',#8958,#8959,#8960);
#8958 = CARTESIAN_POINT('',(19.5,76.3,138.5));
#8959 = DIRECTION('',(0.,1.,0.));
#8960 = DIRECTION('',(0.,-0.,1.));
#8961 = DEFINITIONAL_REPRESENTATION('',(#8962),#8966);
#8962 = LINE('',#8963,#8964);
#8963 = CARTESIAN_POINT('',(0.,-0.));
#8964 = VECTOR('',#8965,1.);
#8965 = DIRECTION('',(1.,-0.));
#8966 = ( GEOMETRIC_REPRESENTATION_CONTEXT(2)
PARAMETRIC_REPRESENTATION_CONTEXT() REPRESENTATION_CONTEXT('2D SPACE',''
  ) );
#8967 = ORIENTED_EDGE('',*,*,#8918,.T.);
#8968 = ORIENTED_EDGE('',*,*,#5739,.F.);
#8969 = ADVANCED_FACE('',(#8970),#5808,.T.);
#8970 = FACE_BOUND('',#8971,.T.);
#8971 = EDGE_LOOP('',(#8972,#8995,#9022,#9023));
#8972 = ORIENTED_EDGE('',*,*,#8973,.F.);
#8973 = EDGE_CURVE('',#8974,#5770,#8976,.T.);
#8974 = VERTEX_POINT('',#8975);
#8975 = CARTESIAN_POINT('',(76.5,76.3,82.5));
#8976 = SEAM_CURVE('',#8977,(#8981,#8988),.PCURVE_S1.);
#8977 = LINE('',#8978,#8979);
#8978 = CARTESIAN_POINT('',(76.5,76.,82.5));
#8979 = VECTOR('',#8980,1.);
#8980 = DIRECTION('',(0.,1.,0.));
#8981 = PCURVE('',#5808,#8982);
#8982 = DEFINITIONAL_REPRESENTATION('',(#8983),#8987);
#8983 = LINE('',#8984,#8985);
#8984 = CARTESIAN_POINT('',(0.,-0.));
#8985 = VECTOR('',#8986,1.);
#8986 = DIRECTION('',(0.,1.));
#8987 = ( GEOMETRIC_REPRESENTATION_CONTEXT(2)
PARAMETRIC_REPRESENTATION_CONTEXT() REPRESENTATION_CONTEXT('2D SPACE',''
  ) );
#8988 = PCURVE('',#5808,#8989);
#8989 = DEFINITIONAL_REPRESENTATION('',(#8990),#8994);
#8990 = LINE('',#8991,#8992);
#8991 = CARTESIAN_POINT('',(6.28318530718,-0.));
#8992 = VECTOR('',#8993,1.);
#8993 = DIRECTION('',(0.,1.));
#8994 = ( GEOMETRIC_REPRESENTATION_CONTEXT(2)
PARAMETRIC_REPRESENTATION_CONTEXT() REPRESENTATION_CONTEXT('2D SPACE',''
  ) );
#8995 = ORIENTED_EDGE('',*,*,#8996,.T.);
#8996 = EDGE_CURVE('',#8974,#8974,#8997,.T.);
#8997 = SURFACE_CURVE('',#8998,(#9003,#9010),.PCURVE_S1.);
#8998 = CIRCLE('',#8999,4.);
#8999 = AXIS2_PLACEMENT_3D('',#9000,#9001,#9002);
#9000 = CARTESIAN_POINT('',(76.5,76.3,78.5));
#9001 = DIRECTION('',(0.,1.,0.));
#9002 = DIRECTION('',(0.,-0.,1.));
#9003 = PCURVE('',#5808,#9004);
#9004 = DEFINITIONAL_REPRESENTATION('',(#9005),#9009);
#9005 = LINE('',#9006,#9007);
#9006 = CARTESIAN_POINT('',(0.,0.3));
#9007 = VECTOR('',#9008,1.);
#9008 = DIRECTION('',(1.,0.));
#9009 = ( GEOMETRIC_REPRESENTATION_CONTEXT(2)
PARAMETRIC_REPRESENTATION_CONTEXT() REPRESENTATION_CONTEXT('2D SPACE',''
  ) );
#9010 = PCURVE('',#9011,#9016);
#9011 = CONICAL_SURFACE('',#9012,4.,0.785398163397);
#9012 = AXIS2_PLACEMENT_3D('',#9013,#9014,#9015);
#9013 = CARTESIAN_POINT('',(76.5,76.3,78.5));
#9014 = DIRECTION('',(0.,1.,0.));
#9015 = DIRECTION('',(0.,-0.,1.));
#9016 = DEFINITIONAL_REPRESENTATION('',(#9017),#9021);
#9017 = LINE('',#9018,#9019);
#9018 = CARTESIAN_POINT('',(0.,-0.));
#9019 = VECTOR('',#9020,1.);
#9020 = DIRECTION('',(1.,-0.));
#9021 = ( GEOMETRIC_REPRESENTATION_CONTEXT(2)
PARAMETRIC_REPRESENTATION_CONTEXT() REPRESENTATION_CONTEXT('2D SPACE',''
  ) );
#9022 = ORIENTED_EDGE('',*,*,#8973,.T.);
#9023 = ORIENTED_EDGE('',*,*,#5793,.F.);
#9024 = ADVANCED_FACE('',(#9025),#5862,.T.);
#9025 = FACE_BOUND('',#9026,.F.);
#9026 = EDGE_LOOP('',(#9027,#9050,#9051,#9052,#9053,#9054,#9055,#9078,
    #9102,#9125));
#9027 = ORIENTED_EDGE('',*,*,#9028,.T.);
#9028 = EDGE_CURVE('',#9029,#5824,#9031,.T.);
#9029 = VERTEX_POINT('',#9030);
#9030 = CARTESIAN_POINT('',(89.,-8.881784197001E-16,0.5));
#9031 = SURFACE_CURVE('',#9032,(#9036,#9043),.PCURVE_S1.);
#9032 = LINE('',#9033,#9034);
#9033 = CARTESIAN_POINT('',(89.,-8.881784197001E-16,0.));
#9034 = VECTOR('',#9035,1.);
#9035 = DIRECTION('',(0.,0.,1.));
#9036 = PCURVE('',#5862,#9037);
#9037 = DEFINITIONAL_REPRESENTATION('',(#9038),#9042);
#9038 = LINE('',#9039,#9040);
#9039 = CARTESIAN_POINT('',(-1.570796326795,0.));
#9040 = VECTOR('',#9041,1.);
#9041 = DIRECTION('',(-0.,1.));
#9042 = ( GEOMETRIC_REPRESENTATION_CONTEXT(2)
PARAMETRIC_REPRESENTATION_CONTEXT() REPRESENTATION_CONTEXT('2D SPACE',''
  ) );
#9043 = PCURVE('',#5936,#9044);
#9044 = DEFINITIONAL_REPRESENTATION('',(#9045),#9049);
#9045 = LINE('',#9046,#9047);
#9046 = CARTESIAN_POINT('',(0.,89.));
#9047 = VECTOR('',#9048,1.);
#9048 = DIRECTION('',(1.,0.));
#9049 = ( GEOMETRIC_REPRESENTATION_CONTEXT(2)
PARAMETRIC_REPRESENTATION_CONTEXT() REPRESENTATION_CONTEXT('2D SPACE',''
  ) );
#9050 = ORIENTED_EDGE('',*,*,#5845,.T.);
#9051 = ORIENTED_EDGE('',*,*,#6168,.T.);
#9052 = ORIENTED_EDGE('',*,*,#6351,.T.);
#9053 = ORIENTED_EDGE('',*,*,#6508,.T.);
#9054 = ORIENTED_EDGE('',*,*,#6694,.T.);
#9055 = ORIENTED_EDGE('',*,*,#9056,.T.);
#9056 = EDGE_CURVE('',#6641,#9057,#9059,.T.);
#9057 = VERTEX_POINT('',#9058);
#9058 = CARTESIAN_POINT('',(89.,-8.881784197001E-16,157.5));
#9059 = SURFACE_CURVE('',#9060,(#9064,#9071),.PCURVE_S1.);
#9060 = LINE('',#9061,#9062);
#9061 = CARTESIAN_POINT('',(89.,-8.881784197001E-16,0.));
#9062 = VECTOR('',#9063,1.);
#9063 = DIRECTION('',(0.,0.,1.));
#9064 = PCURVE('',#5862,#9065);
#9065 = DEFINITIONAL_REPRESENTATION('',(#9066),#9070);
#9066 = LINE('',#9067,#9068);
#9067 = CARTESIAN_POINT('',(-1.570796326795,0.));
#9068 = VECTOR('',#9069,1.);
#9069 = DIRECTION('',(-0.,1.));
#9070 = ( GEOMETRIC_REPRESENTATION_CONTEXT(2)
PARAMETRIC_REPRESENTATION_CONTEXT() REPRESENTATION_CONTEXT('2D SPACE',''
  ) );
#9071 = PCURVE('',#6678,#9072);
#9072 = DEFINITIONAL_REPRESENTATION('',(#9073),#9077);
#9073 = LINE('',#9074,#9075);
#9074 = CARTESIAN_POINT('',(0.,89.));
#9075 = VECTOR('',#9076,1.);
#9076 = DIRECTION('',(1.,0.));
#9077 = ( GEOMETRIC_REPRESENTATION_CONTEXT(2)
PARAMETRIC_REPRESENTATION_CONTEXT() REPRESENTATION_CONTEXT('2D SPACE',''
  ) );
#9078 = ORIENTED_EDGE('',*,*,#9079,.F.);
#9079 = EDGE_CURVE('',#9080,#9057,#9082,.T.);
#9080 = VERTEX_POINT('',#9081);
#9081 = CARTESIAN_POINT('',(96.,7.,157.5));
#9082 = SURFACE_CURVE('',#9083,(#9088,#9095),.PCURVE_S1.);
#9083 = CIRCLE('',#9084,7.);
#9084 = AXIS2_PLACEMENT_3D('',#9085,#9086,#9087);
#9085 = CARTESIAN_POINT('',(89.,7.,157.5));
#9086 = DIRECTION('',(0.,0.,-1.));
#9087 = DIRECTION('',(1.,0.,0.));
#9088 = PCURVE('',#5862,#9089);
#9089 = DEFINITIONAL_REPRESENTATION('',(#9090),#9094);
#9090 = LINE('',#9091,#9092);
#9091 = CARTESIAN_POINT('',(-0.,157.5));
#9092 = VECTOR('',#9093,1.);
#9093 = DIRECTION('',(-1.,0.));
#9094 = ( GEOMETRIC_REPRESENTATION_CONTEXT(2)
PARAMETRIC_REPRESENTATION_CONTEXT() REPRESENTATION_CONTEXT('2D SPACE',''
  ) );
#9095 = PCURVE('',#8550,#9096);
#9096 = DEFINITIONAL_REPRESENTATION('',(#9097),#9101);
#9097 = LINE('',#9098,#9099);
#9098 = CARTESIAN_POINT('',(0.,6.28318530718));
#9099 = VECTOR('',#9100,1.);
#9100 = DIRECTION('',(1.,0.));
#9101 = ( GEOMETRIC_REPRESENTATION_CONTEXT(2)
PARAMETRIC_REPRESENTATION_CONTEXT() REPRESENTATION_CONTEXT('2D SPACE',''
  ) );
#9102 = ORIENTED_EDGE('',*,*,#9103,.F.);
#9103 = EDGE_CURVE('',#9104,#9080,#9106,.T.);
#9104 = VERTEX_POINT('',#9105);
#9105 = CARTESIAN_POINT('',(96.,7.,0.5));
#9106 = SURFACE_CURVE('',#9107,(#9111,#9118),.PCURVE_S1.);
#9107 = LINE('',#9108,#9109);
#9108 = CARTESIAN_POINT('',(96.,7.,0.));
#9109 = VECTOR('',#9110,1.);
#9110 = DIRECTION('',(0.,0.,1.));
#9111 = PCURVE('',#5862,#9112);
#9112 = DEFINITIONAL_REPRESENTATION('',(#9113),#9117);
#9113 = LINE('',#9114,#9115);
#9114 = CARTESIAN_POINT('',(-0.,0.));
#9115 = VECTOR('',#9116,1.);
#9116 = DIRECTION('',(-0.,1.));
#9117 = ( GEOMETRIC_REPRESENTATION_CONTEXT(2)
PARAMETRIC_REPRESENTATION_CONTEXT() REPRESENTATION_CONTEXT('2D SPACE',''
  ) );
#9118 = PCURVE('',#6926,#9119);
#9119 = DEFINITIONAL_REPRESENTATION('',(#9120),#9124);
#9120 = LINE('',#9121,#9122);
#9121 = CARTESIAN_POINT('',(0.,-7.));
#9122 = VECTOR('',#9123,1.);
#9123 = DIRECTION('',(1.,0.));
#9124 = ( GEOMETRIC_REPRESENTATION_CONTEXT(2)
PARAMETRIC_REPRESENTATION_CONTEXT() REPRESENTATION_CONTEXT('2D SPACE',''
  ) );
#9125 = ORIENTED_EDGE('',*,*,#9126,.T.);
#9126 = EDGE_CURVE('',#9104,#9029,#9127,.T.);
#9127 = SURFACE_CURVE('',#9128,(#9133,#9140),.PCURVE_S1.);
#9128 = CIRCLE('',#9129,7.);
#9129 = AXIS2_PLACEMENT_3D('',#9130,#9131,#9132);
#9130 = CARTESIAN_POINT('',(89.,7.,0.5));
#9131 = DIRECTION('',(0.,-0.,-1.));
#9132 = DIRECTION('',(1.,0.,-0.));
#9133 = PCURVE('',#5862,#9134);
#9134 = DEFINITIONAL_REPRESENTATION('',(#9135),#9139);
#9135 = LINE('',#9136,#9137);
#9136 = CARTESIAN_POINT('',(-0.,0.5));
#9137 = VECTOR('',#9138,1.);
#9138 = DIRECTION('',(-1.,0.));
#9139 = ( GEOMETRIC_REPRESENTATION_CONTEXT(2)
PARAMETRIC_REPRESENTATION_CONTEXT() REPRESENTATION_CONTEXT('2D SPACE',''
  ) );
#9140 = PCURVE('',#9141,#9146);
#9141 = TOROIDAL_SURFACE('',#9142,6.5,0.5);
#9142 = AXIS2_PLACEMENT_3D('',#9143,#9144,#9145);
#9143 = CARTESIAN_POINT('',(89.,7.,0.5));
#9144 = DIRECTION('',(0.,0.,1.));
#9145 = DIRECTION('',(1.,0.,-0.));
#9146 = DEFINITIONAL_REPRESENTATION('',(#9147),#9151);
#9147 = LINE('',#9148,#9149);
#9148 = CARTESIAN_POINT('',(-0.,6.28318530718));
#9149 = VECTOR('',#9150,1.);
#9150 = DIRECTION('',(-1.,0.));
#9151 = ( GEOMETRIC_REPRESENTATION_CONTEXT(2)
PARAMETRIC_REPRESENTATION_CONTEXT() REPRESENTATION_CONTEXT('2D SPACE',''
  ) );
#9152 = ADVANCED_FACE('',(#9153),#5936,.F.);
#9153 = FACE_BOUND('',#9154,.F.);
#9154 = EDGE_LOOP('',(#9155,#9156,#9184,#9205));
#9155 = ORIENTED_EDGE('',*,*,#9028,.F.);
#9156 = ORIENTED_EDGE('',*,*,#9157,.T.);
#9157 = EDGE_CURVE('',#9029,#9158,#9160,.T.);
#9158 = VERTEX_POINT('',#9159);
#9159 = CARTESIAN_POINT('',(7.,-1.110223024625E-16,0.5));
#9160 = SURFACE_CURVE('',#9161,(#9165,#9172),.PCURVE_S1.);
#9161 = LINE('',#9162,#9163);
#9162 = CARTESIAN_POINT('',(89.,-1.110223024625E-16,0.5));
#9163 = VECTOR('',#9164,1.);
#9164 = DIRECTION('',(-1.,-0.,0.));
#9165 = PCURVE('',#5936,#9166);
#9166 = DEFINITIONAL_REPRESENTATION('',(#9167),#9171);
#9167 = LINE('',#9168,#9169);
#9168 = CARTESIAN_POINT('',(0.5,89.));
#9169 = VECTOR('',#9170,1.);
#9170 = DIRECTION('',(0.,-1.));
#9171 = ( GEOMETRIC_REPRESENTATION_CONTEXT(2)
PARAMETRIC_REPRESENTATION_CONTEXT() REPRESENTATION_CONTEXT('2D SPACE',''
  ) );
#9172 = PCURVE('',#9173,#9178);
#9173 = CYLINDRICAL_SURFACE('',#9174,0.5);
#9174 = AXIS2_PLACEMENT_3D('',#9175,#9176,#9177);
#9175 = CARTESIAN_POINT('',(89.,0.5,0.5));
#9176 = DIRECTION('',(-1.,-0.,0.));
#9177 = DIRECTION('',(-0.,0.,-1.));
#9178 = DEFINITIONAL_REPRESENTATION('',(#9179),#9183);
#9179 = LINE('',#9180,#9181);
#9180 = CARTESIAN_POINT('',(1.570796326795,0.));
#9181 = VECTOR('',#9182,1.);
#9182 = DIRECTION('',(0.,1.));
#9183 = ( GEOMETRIC_REPRESENTATION_CONTEXT(2)
PARAMETRIC_REPRESENTATION_CONTEXT() REPRESENTATION_CONTEXT('2D SPACE',''
  ) );
#9184 = ORIENTED_EDGE('',*,*,#9185,.T.);
#9185 = EDGE_CURVE('',#9158,#5899,#9186,.T.);
#9186 = SURFACE_CURVE('',#9187,(#9191,#9198),.PCURVE_S1.);
#9187 = LINE('',#9188,#9189);
#9188 = CARTESIAN_POINT('',(7.,-8.881784197001E-16,0.));
#9189 = VECTOR('',#9190,1.);
#9190 = DIRECTION('',(0.,0.,1.));
#9191 = PCURVE('',#5936,#9192);
#9192 = DEFINITIONAL_REPRESENTATION('',(#9193),#9197);
#9193 = LINE('',#9194,#9195);
#9194 = CARTESIAN_POINT('',(0.,7.));
#9195 = VECTOR('',#9196,1.);
#9196 = DIRECTION('',(1.,0.));
#9197 = ( GEOMETRIC_REPRESENTATION_CONTEXT(2)
PARAMETRIC_REPRESENTATION_CONTEXT() REPRESENTATION_CONTEXT('2D SPACE',''
  ) );
#9198 = PCURVE('',#5991,#9199);
#9199 = DEFINITIONAL_REPRESENTATION('',(#9200),#9204);
#9200 = LINE('',#9201,#9202);
#9201 = CARTESIAN_POINT('',(1.570796326795,0.));
#9202 = VECTOR('',#9203,1.);
#9203 = DIRECTION('',(0.,1.));
#9204 = ( GEOMETRIC_REPRESENTATION_CONTEXT(2)
PARAMETRIC_REPRESENTATION_CONTEXT() REPRESENTATION_CONTEXT('2D SPACE',''
  ) );
#9205 = ORIENTED_EDGE('',*,*,#5922,.T.);
#9206 = ADVANCED_FACE('',(#9207),#5991,.T.);
#9207 = FACE_BOUND('',#9208,.T.);
#9208 = EDGE_LOOP('',(#9209,#9210,#9211,#9212,#9213,#9214,#9215,#9238,
    #9262,#9290));
#9209 = ORIENTED_EDGE('',*,*,#9185,.T.);
#9210 = ORIENTED_EDGE('',*,*,#5976,.F.);
#9211 = ORIENTED_EDGE('',*,*,#6052,.F.);
#9212 = ORIENTED_EDGE('',*,*,#6283,.F.);
#9213 = ORIENTED_EDGE('',*,*,#6399,.F.);
#9214 = ORIENTED_EDGE('',*,*,#6613,.F.);
#9215 = ORIENTED_EDGE('',*,*,#9216,.T.);
#9216 = EDGE_CURVE('',#6592,#9217,#9219,.T.);
#9217 = VERTEX_POINT('',#9218);
#9218 = CARTESIAN_POINT('',(7.,-1.110223024625E-16,157.5));
#9219 = SURFACE_CURVE('',#9220,(#9224,#9231),.PCURVE_S1.);
#9220 = LINE('',#9221,#9222);
#9221 = CARTESIAN_POINT('',(7.,-8.881784197001E-16,0.));
#9222 = VECTOR('',#9223,1.);
#9223 = DIRECTION('',(0.,0.,1.));
#9224 = PCURVE('',#5991,#9225);
#9225 = DEFINITIONAL_REPRESENTATION('',(#9226),#9230);
#9226 = LINE('',#9227,#9228);
#9227 = CARTESIAN_POINT('',(1.570796326795,0.));
#9228 = VECTOR('',#9229,1.);
#9229 = DIRECTION('',(0.,1.));
#9230 = ( GEOMETRIC_REPRESENTATION_CONTEXT(2)
PARAMETRIC_REPRESENTATION_CONTEXT() REPRESENTATION_CONTEXT('2D SPACE',''
  ) );
#9231 = PCURVE('',#6678,#9232);
#9232 = DEFINITIONAL_REPRESENTATION('',(#9233),#9237);
#9233 = LINE('',#9234,#9235);
#9234 = CARTESIAN_POINT('',(0.,7.));
#9235 = VECTOR('',#9236,1.);
#9236 = DIRECTION('',(1.,0.));
#9237 = ( GEOMETRIC_REPRESENTATION_CONTEXT(2)
PARAMETRIC_REPRESENTATION_CONTEXT() REPRESENTATION_CONTEXT('2D SPACE',''
  ) );
#9238 = ORIENTED_EDGE('',*,*,#9239,.T.);
#9239 = EDGE_CURVE('',#9217,#9240,#9242,.T.);
#9240 = VERTEX_POINT('',#9241);
#9241 = CARTESIAN_POINT('',(-8.881784197001E-16,7.,157.5));
#9242 = SURFACE_CURVE('',#9243,(#9248,#9255),.PCURVE_S1.);
#9243 = CIRCLE('',#9244,7.);
#9244 = AXIS2_PLACEMENT_3D('',#9245,#9246,#9247);
#9245 = CARTESIAN_POINT('',(7.,7.,157.5));
#9246 = DIRECTION('',(-0.,0.,-1.));
#9247 = DIRECTION('',(-2.537652627715E-16,-1.,0.));
#9248 = PCURVE('',#5991,#9249);
#9249 = DEFINITIONAL_REPRESENTATION('',(#9250),#9254);
#9250 = LINE('',#9251,#9252);
#9251 = CARTESIAN_POINT('',(1.570796326795,157.5));
#9252 = VECTOR('',#9253,1.);
#9253 = DIRECTION('',(-1.,-0.));
#9254 = ( GEOMETRIC_REPRESENTATION_CONTEXT(2)
PARAMETRIC_REPRESENTATION_CONTEXT() REPRESENTATION_CONTEXT('2D SPACE',''
  ) );
#9255 = PCURVE('',#8489,#9256);
#9256 = DEFINITIONAL_REPRESENTATION('',(#9257),#9261);
#9257 = LINE('',#9258,#9259);
#9258 = CARTESIAN_POINT('',(0.,6.28318530718));
#9259 = VECTOR('',#9260,1.);
#9260 = DIRECTION('',(1.,0.));
#9261 = ( GEOMETRIC_REPRESENTATION_CONTEXT(2)
PARAMETRIC_REPRESENTATION_CONTEXT() REPRESENTATION_CONTEXT('2D SPACE',''
  ) );
#9262 = ORIENTED_EDGE('',*,*,#9263,.F.);
#9263 = EDGE_CURVE('',#9264,#9240,#9266,.T.);
#9264 = VERTEX_POINT('',#9265);
#9265 = CARTESIAN_POINT('',(-8.881784197001E-16,7.,0.5));
#9266 = SURFACE_CURVE('',#9267,(#9271,#9278),.PCURVE_S1.);
#9267 = LINE('',#9268,#9269);
#9268 = CARTESIAN_POINT('',(-8.881784197001E-16,7.,0.));
#9269 = VECTOR('',#9270,1.);
#9270 = DIRECTION('',(0.,0.,1.));
#9271 = PCURVE('',#5991,#9272);
#9272 = DEFINITIONAL_REPRESENTATION('',(#9273),#9277);
#9273 = LINE('',#9274,#9275);
#9274 = CARTESIAN_POINT('',(0.,0.));
#9275 = VECTOR('',#9276,1.);
#9276 = DIRECTION('',(0.,1.));
#9277 = ( GEOMETRIC_REPRESENTATION_CONTEXT(2)
PARAMETRIC_REPRESENTATION_CONTEXT() REPRESENTATION_CONTEXT('2D SPACE',''
  ) );
#9278 = PCURVE('',#9279,#9284);
#9279 = PLANE('',#9280);
#9280 = AXIS2_PLACEMENT_3D('',#9281,#9282,#9283);
#9281 = CARTESIAN_POINT('',(0.,0.,0.));
#9282 = DIRECTION('',(1.,0.,-0.));
#9283 = DIRECTION('',(0.,0.,1.));
#9284 = DEFINITIONAL_REPRESENTATION('',(#9285),#9289);
#9285 = LINE('',#9286,#9287);
#9286 = CARTESIAN_POINT('',(0.,-7.));
#9287 = VECTOR('',#9288,1.);
#9288 = DIRECTION('',(1.,0.));
#9289 = ( GEOMETRIC_REPRESENTATION_CONTEXT(2)
PARAMETRIC_REPRESENTATION_CONTEXT() REPRESENTATION_CONTEXT('2D SPACE',''
  ) );
#9290 = ORIENTED_EDGE('',*,*,#9291,.F.);
#9291 = EDGE_CURVE('',#9158,#9264,#9292,.T.);
#9292 = SURFACE_CURVE('',#9293,(#9298,#9305),.PCURVE_S1.);
#9293 = CIRCLE('',#9294,7.);
#9294 = AXIS2_PLACEMENT_3D('',#9295,#9296,#9297);
#9295 = CARTESIAN_POINT('',(7.,7.,0.5));
#9296 = DIRECTION('',(-0.,0.,-1.));
#9297 = DIRECTION('',(-2.537652627715E-16,-1.,0.));
#9298 = PCURVE('',#5991,#9299);
#9299 = DEFINITIONAL_REPRESENTATION('',(#9300),#9304);
#9300 = LINE('',#9301,#9302);
#9301 = CARTESIAN_POINT('',(1.570796326795,0.5));
#9302 = VECTOR('',#9303,1.);
#9303 = DIRECTION('',(-1.,-0.));
#9304 = ( GEOMETRIC_REPRESENTATION_CONTEXT(2)
PARAMETRIC_REPRESENTATION_CONTEXT() REPRESENTATION_CONTEXT('2D SPACE',''
  ) );
#9305 = PCURVE('',#9306,#9311);
#9306 = TOROIDAL_SURFACE('',#9307,6.5,0.5);
#9307 = AXIS2_PLACEMENT_3D('',#9308,#9309,#9310);
#9308 = CARTESIAN_POINT('',(7.,7.,0.5));
#9309 = DIRECTION('',(0.,0.,1.));
#9310 = DIRECTION('',(-2.537652627715E-16,-1.,0.));
#9311 = DEFINITIONAL_REPRESENTATION('',(#9312),#9316);
#9312 = LINE('',#9313,#9314);
#9313 = CARTESIAN_POINT('',(-0.,6.28318530718));
#9314 = VECTOR('',#9315,1.);
#9315 = DIRECTION('',(-1.,0.));
#9316 = ( GEOMETRIC_REPRESENTATION_CONTEXT(2)
PARAMETRIC_REPRESENTATION_CONTEXT() REPRESENTATION_CONTEXT('2D SPACE',''
  ) );
#9317 = ADVANCED_FACE('',(#9318),#6678,.F.);
#9318 = FACE_BOUND('',#9319,.F.);
#9319 = EDGE_LOOP('',(#9320,#9321,#9322,#9323));
#9320 = ORIENTED_EDGE('',*,*,#9056,.F.);
#9321 = ORIENTED_EDGE('',*,*,#6664,.T.);
#9322 = ORIENTED_EDGE('',*,*,#9216,.T.);
#9323 = ORIENTED_EDGE('',*,*,#9324,.F.);
#9324 = EDGE_CURVE('',#9057,#9217,#9325,.T.);
#9325 = SURFACE_CURVE('',#9326,(#9330,#9337),.PCURVE_S1.);
#9326 = LINE('',#9327,#9328);
#9327 = CARTESIAN_POINT('',(89.,-1.110223024625E-16,157.5));
#9328 = VECTOR('',#9329,1.);
#9329 = DIRECTION('',(-1.,-0.,0.));
#9330 = PCURVE('',#6678,#9331);
#9331 = DEFINITIONAL_REPRESENTATION('',(#9332),#9336);
#9332 = LINE('',#9333,#9334);
#9333 = CARTESIAN_POINT('',(157.5,89.));
#9334 = VECTOR('',#9335,1.);
#9335 = DIRECTION('',(0.,-1.));
#9336 = ( GEOMETRIC_REPRESENTATION_CONTEXT(2)
PARAMETRIC_REPRESENTATION_CONTEXT() REPRESENTATION_CONTEXT('2D SPACE',''
  ) );
#9337 = PCURVE('',#8517,#9338);
#9338 = DEFINITIONAL_REPRESENTATION('',(#9339),#9343);
#9339 = LINE('',#9340,#9341);
#9340 = CARTESIAN_POINT('',(-1.570796326795,0.));
#9341 = VECTOR('',#9342,1.);
#9342 = DIRECTION('',(-0.,1.));
#9343 = ( GEOMETRIC_REPRESENTATION_CONTEXT(2)
PARAMETRIC_REPRESENTATION_CONTEXT() REPRESENTATION_CONTEXT('2D SPACE',''
  ) );
#9344 = ADVANCED_FACE('',(#9345),#6871,.F.);
#9345 = FACE_BOUND('',#9346,.F.);
#9346 = EDGE_LOOP('',(#9347,#9366));
#9347 = ORIENTED_EDGE('',*,*,#9348,.F.);
#9348 = EDGE_CURVE('',#6853,#6855,#9349,.T.);
#9349 = SURFACE_CURVE('',#9350,(#9354,#9360),.PCURVE_S1.);
#9350 = LINE('',#9351,#9352);
#9351 = CARTESIAN_POINT('',(102.,87.5,79.));
#9352 = VECTOR('',#9353,1.);
#9353 = DIRECTION('',(0.,0.,-1.));
#9354 = PCURVE('',#6871,#9355);
#9355 = DEFINITIONAL_REPRESENTATION('',(#9356),#9359);
#9356 = B_SPLINE_CURVE_WITH_KNOTS('',1,(#9357,#9358),.UNSPECIFIED.,.F.,
  .F.,(2,2),(-6.,2.),.PIECEWISE_BEZIER_KNOTS.);
#9357 = CARTESIAN_POINT('',(4.,3.));
#9358 = CARTESIAN_POINT('',(-4.,3.));
#9359 = ( GEOMETRIC_REPRESENTATION_CONTEXT(2)
PARAMETRIC_REPRESENTATION_CONTEXT() REPRESENTATION_CONTEXT('2D SPACE',''
  ) );
#9360 = PCURVE('',#6898,#9361);
#9361 = DEFINITIONAL_REPRESENTATION('',(#9362),#9365);
#9362 = B_SPLINE_CURVE_WITH_KNOTS('',1,(#9363,#9364),.UNSPECIFIED.,.F.,
  .F.,(2,2),(-6.,2.),.PIECEWISE_BEZIER_KNOTS.);
#9363 = CARTESIAN_POINT('',(8.,9.));
#9364 = CARTESIAN_POINT('',(0.,9.));
#9365 = ( GEOMETRIC_REPRESENTATION_CONTEXT(2)
PARAMETRIC_REPRESENTATION_CONTEXT() REPRESENTATION_CONTEXT('2D SPACE',''
  ) );
#9366 = ORIENTED_EDGE('',*,*,#6852,.T.);
#9367 = ADVANCED_FACE('',(#9368),#6898,.T.);
#9368 = FACE_BOUND('',#9369,.T.);
#9369 = EDGE_LOOP('',(#9370,#9400,#9419,#9420,#9421,#9422,#9443,#9469));
#9370 = ORIENTED_EDGE('',*,*,#9371,.F.);
#9371 = EDGE_CURVE('',#9372,#9374,#9376,.T.);
#9372 = VERTEX_POINT('',#9373);
#9373 = CARTESIAN_POINT('',(96.,87.5,77.));
#9374 = VERTEX_POINT('',#9375);
#9375 = CARTESIAN_POINT('',(181.35424868893,87.5,77.));
#9376 = SURFACE_CURVE('',#9377,(#9381,#9388),.PCURVE_S1.);
#9377 = LINE('',#9378,#9379);
#9378 = CARTESIAN_POINT('',(93.,87.5,77.));
#9379 = VECTOR('',#9380,1.);
#9380 = DIRECTION('',(1.,0.,-0.));
#9381 = PCURVE('',#6898,#9382);
#9382 = DEFINITIONAL_REPRESENTATION('',(#9383),#9387);
#9383 = LINE('',#9384,#9385);
#9384 = CARTESIAN_POINT('',(0.,0.));
#9385 = VECTOR('',#9386,1.);
#9386 = DIRECTION('',(0.,1.));
#9387 = ( GEOMETRIC_REPRESENTATION_CONTEXT(2)
PARAMETRIC_REPRESENTATION_CONTEXT() REPRESENTATION_CONTEXT('2D SPACE',''
  ) );
#9388 = PCURVE('',#9389,#9394);
#9389 = PLANE('',#9390);
#9390 = AXIS2_PLACEMENT_3D('',#9391,#9392,#9393);
#9391 = CARTESIAN_POINT('',(93.,87.5,77.));
#9392 = DIRECTION('',(0.,0.,1.));
#9393 = DIRECTION('',(1.,0.,-0.));
#9394 = DEFINITIONAL_REPRESENTATION('',(#9395),#9399);
#9395 = LINE('',#9396,#9397);
#9396 = CARTESIAN_POINT('',(0.,0.));
#9397 = VECTOR('',#9398,1.);
#9398 = DIRECTION('',(1.,0.));
#9399 = ( GEOMETRIC_REPRESENTATION_CONTEXT(2)
PARAMETRIC_REPRESENTATION_CONTEXT() REPRESENTATION_CONTEXT('2D SPACE',''
  ) );
#9400 = ORIENTED_EDGE('',*,*,#9401,.T.);
#9401 = EDGE_CURVE('',#9372,#7436,#9402,.T.);
#9402 = SURFACE_CURVE('',#9403,(#9407,#9413),.PCURVE_S1.);
#9403 = LINE('',#9404,#9405);
#9404 = CARTESIAN_POINT('',(96.,87.5,38.5));
#9405 = VECTOR('',#9406,1.);
#9406 = DIRECTION('',(0.,0.,1.));
#9407 = PCURVE('',#6898,#9408);
#9408 = DEFINITIONAL_REPRESENTATION('',(#9409),#9412);
#9409 = B_SPLINE_CURVE_WITH_KNOTS('',1,(#9410,#9411),.UNSPECIFIED.,.F.,
  .F.,(2,2),(38.5,47.5),.PIECEWISE_BEZIER_KNOTS.);
#9410 = CARTESIAN_POINT('',(0.,3.));
#9411 = CARTESIAN_POINT('',(9.,3.));
#9412 = ( GEOMETRIC_REPRESENTATION_CONTEXT(2)
PARAMETRIC_REPRESENTATION_CONTEXT() REPRESENTATION_CONTEXT('2D SPACE',''
  ) );
#9413 = PCURVE('',#7452,#9414);
#9414 = DEFINITIONAL_REPRESENTATION('',(#9415),#9418);
#9415 = B_SPLINE_CURVE_WITH_KNOTS('',1,(#9416,#9417),.UNSPECIFIED.,.F.,
  .F.,(2,2),(38.5,47.5),.PIECEWISE_BEZIER_KNOTS.);
#9416 = CARTESIAN_POINT('',(77.,-87.5));
#9417 = CARTESIAN_POINT('',(86.,-87.5));
#9418 = ( GEOMETRIC_REPRESENTATION_CONTEXT(2)
PARAMETRIC_REPRESENTATION_CONTEXT() REPRESENTATION_CONTEXT('2D SPACE',''
  ) );
#9419 = ORIENTED_EDGE('',*,*,#7464,.T.);
#9420 = ORIENTED_EDGE('',*,*,#9348,.F.);
#9421 = ORIENTED_EDGE('',*,*,#6883,.F.);
#9422 = ORIENTED_EDGE('',*,*,#9423,.T.);
#9423 = EDGE_CURVE('',#6884,#9424,#9426,.T.);
#9424 = VERTEX_POINT('',#9425);
#9425 = CARTESIAN_POINT('',(96.,87.5,86.));
#9426 = SURFACE_CURVE('',#9427,(#9431,#9437),.PCURVE_S1.);
#9427 = LINE('',#9428,#9429);
#9428 = CARTESIAN_POINT('',(96.,87.5,38.5));
#9429 = VECTOR('',#9430,1.);
#9430 = DIRECTION('',(0.,0.,1.));
#9431 = PCURVE('',#6898,#9432);
#9432 = DEFINITIONAL_REPRESENTATION('',(#9433),#9436);
#9433 = B_SPLINE_CURVE_WITH_KNOTS('',1,(#9434,#9435),.UNSPECIFIED.,.F.,
  .F.,(2,2),(38.5,47.5),.PIECEWISE_BEZIER_KNOTS.);
#9434 = CARTESIAN_POINT('',(0.,3.));
#9435 = CARTESIAN_POINT('',(9.,3.));
#9436 = ( GEOMETRIC_REPRESENTATION_CONTEXT(2)
PARAMETRIC_REPRESENTATION_CONTEXT() REPRESENTATION_CONTEXT('2D SPACE',''
  ) );
#9437 = PCURVE('',#6926,#9438);
#9438 = DEFINITIONAL_REPRESENTATION('',(#9439),#9442);
#9439 = B_SPLINE_CURVE_WITH_KNOTS('',1,(#9440,#9441),.UNSPECIFIED.,.F.,
  .F.,(2,2),(38.5,47.5),.PIECEWISE_BEZIER_KNOTS.);
#9440 = CARTESIAN_POINT('',(77.,-87.5));
#9441 = CARTESIAN_POINT('',(86.,-87.5));
#9442 = ( GEOMETRIC_REPRESENTATION_CONTEXT(2)
PARAMETRIC_REPRESENTATION_CONTEXT() REPRESENTATION_CONTEXT('2D SPACE',''
  ) );
#9443 = ORIENTED_EDGE('',*,*,#9444,.F.);
#9444 = EDGE_CURVE('',#9445,#9424,#9447,.T.);
#9445 = VERTEX_POINT('',#9446);
#9446 = CARTESIAN_POINT('',(181.35424868893,87.5,86.));
#9447 = SURFACE_CURVE('',#9448,(#9452,#9458),.PCURVE_S1.);
#9448 = LINE('',#9449,#9450);
#9449 = CARTESIAN_POINT('',(93.5,87.5,86.));
#9450 = VECTOR('',#9451,1.);
#9451 = DIRECTION('',(-1.,-0.,0.));
#9452 = PCURVE('',#6898,#9453);
#9453 = DEFINITIONAL_REPRESENTATION('',(#9454),#9457);
#9454 = B_SPLINE_CURVE_WITH_KNOTS('',1,(#9455,#9456),.UNSPECIFIED.,.F.,
  .F.,(2,2),(-98.5,-0.5),.PIECEWISE_BEZIER_KNOTS.);
#9455 = CARTESIAN_POINT('',(9.,99.));
#9456 = CARTESIAN_POINT('',(9.,1.));
#9457 = ( GEOMETRIC_REPRESENTATION_CONTEXT(2)
PARAMETRIC_REPRESENTATION_CONTEXT() REPRESENTATION_CONTEXT('2D SPACE',''
  ) );
#9458 = PCURVE('',#9459,#9464);
#9459 = PLANE('',#9460);
#9460 = AXIS2_PLACEMENT_3D('',#9461,#9462,#9463);
#9461 = CARTESIAN_POINT('',(94.,85.5,86.));
#9462 = DIRECTION('',(0.,0.,1.));
#9463 = DIRECTION('',(1.,0.,-0.));
#9464 = DEFINITIONAL_REPRESENTATION('',(#9465),#9468);
#9465 = B_SPLINE_CURVE_WITH_KNOTS('',1,(#9466,#9467),.UNSPECIFIED.,.F.,
  .F.,(2,2),(-98.5,-0.5),.PIECEWISE_BEZIER_KNOTS.);
#9466 = CARTESIAN_POINT('',(98.,2.));
#9467 = CARTESIAN_POINT('',(0.,2.));
#9468 = ( GEOMETRIC_REPRESENTATION_CONTEXT(2)
PARAMETRIC_REPRESENTATION_CONTEXT() REPRESENTATION_CONTEXT('2D SPACE',''
  ) );
#9469 = ORIENTED_EDGE('',*,*,#9470,.F.);
#9470 = EDGE_CURVE('',#9374,#9445,#9471,.T.);
#9471 = SURFACE_CURVE('',#9472,(#9476,#9482),.PCURVE_S1.);
#9472 = LINE('',#9473,#9474);
#9473 = CARTESIAN_POINT('',(181.35424868893,87.5,73.));
#9474 = VECTOR('',#9475,1.);
#9475 = DIRECTION('',(0.,0.,1.));
#9476 = PCURVE('',#6898,#9477);
#9477 = DEFINITIONAL_REPRESENTATION('',(#9478),#9481);
#9478 = B_SPLINE_CURVE_WITH_KNOTS('',1,(#9479,#9480),.UNSPECIFIED.,.F.,
  .F.,(2,2),(3.1,13.9),.PIECEWISE_BEZIER_KNOTS.);
#9479 = CARTESIAN_POINT('',(-0.9,88.354248688935));
#9480 = CARTESIAN_POINT('',(9.9,88.354248688935));
#9481 = ( GEOMETRIC_REPRESENTATION_CONTEXT(2)
PARAMETRIC_REPRESENTATION_CONTEXT() REPRESENTATION_CONTEXT('2D SPACE',''
  ) );
#9482 = PCURVE('',#9483,#9488);
#9483 = CYLINDRICAL_SURFACE('',#9484,4.);
#9484 = AXIS2_PLACEMENT_3D('',#9485,#9486,#9487);
#9485 = CARTESIAN_POINT('',(184.,90.5,73.));
#9486 = DIRECTION('',(0.,0.,1.));
#9487 = DIRECTION('',(1.,0.,-0.));
#9488 = DEFINITIONAL_REPRESENTATION('',(#9489),#9492);
#9489 = B_SPLINE_CURVE_WITH_KNOTS('',1,(#9490,#9491),.UNSPECIFIED.,.F.,
  .F.,(2,2),(3.1,13.9),.PIECEWISE_BEZIER_KNOTS.);
#9490 = CARTESIAN_POINT('',(3.989654732571,3.1));
#9491 = CARTESIAN_POINT('',(3.989654732571,13.9));
#9492 = ( GEOMETRIC_REPRESENTATION_CONTEXT(2)
PARAMETRIC_REPRESENTATION_CONTEXT() REPRESENTATION_CONTEXT('2D SPACE',''
  ) );
#9493 = ADVANCED_FACE('',(#9494),#7452,.T.);
#9494 = FACE_BOUND('',#9495,.T.);
#9495 = EDGE_LOOP('',(#9496,#9515,#9516));
#9496 = ORIENTED_EDGE('',*,*,#9497,.F.);
#9497 = EDGE_CURVE('',#7407,#9372,#9498,.T.);
#9498 = SURFACE_CURVE('',#9499,(#9503,#9509),.PCURVE_S1.);
#9499 = LINE('',#9500,#9501);
#9500 = CARTESIAN_POINT('',(96.,43.75,77.));
#9501 = VECTOR('',#9502,1.);
#9502 = DIRECTION('',(0.,-1.,0.));
#9503 = PCURVE('',#7452,#9504);
#9504 = DEFINITIONAL_REPRESENTATION('',(#9505),#9508);
#9505 = B_SPLINE_CURVE_WITH_KNOTS('',1,(#9506,#9507),.UNSPECIFIED.,.F.,
  .F.,(2,2),(-49.25,-43.75),.PIECEWISE_BEZIER_KNOTS.);
#9506 = CARTESIAN_POINT('',(77.,-93.));
#9507 = CARTESIAN_POINT('',(77.,-87.5));
#9508 = ( GEOMETRIC_REPRESENTATION_CONTEXT(2)
PARAMETRIC_REPRESENTATION_CONTEXT() REPRESENTATION_CONTEXT('2D SPACE',''
  ) );
#9509 = PCURVE('',#9389,#9510);
#9510 = DEFINITIONAL_REPRESENTATION('',(#9511),#9514);
#9511 = B_SPLINE_CURVE_WITH_KNOTS('',1,(#9512,#9513),.UNSPECIFIED.,.F.,
  .F.,(2,2),(-49.25,-43.75),.PIECEWISE_BEZIER_KNOTS.);
#9512 = CARTESIAN_POINT('',(3.,5.5));
#9513 = CARTESIAN_POINT('',(3.,0.));
#9514 = ( GEOMETRIC_REPRESENTATION_CONTEXT(2)
PARAMETRIC_REPRESENTATION_CONTEXT() REPRESENTATION_CONTEXT('2D SPACE',''
  ) );
#9515 = ORIENTED_EDGE('',*,*,#7435,.F.);
#9516 = ORIENTED_EDGE('',*,*,#9401,.F.);
#9517 = ADVANCED_FACE('',(#9518),#7423,.T.);
#9518 = FACE_BOUND('',#9519,.T.);
#9519 = EDGE_LOOP('',(#9520,#9543,#9544));
#9520 = ORIENTED_EDGE('',*,*,#9521,.T.);
#9521 = EDGE_CURVE('',#9522,#7247,#9524,.T.);
#9522 = VERTEX_POINT('',#9523);
#9523 = CARTESIAN_POINT('',(96.,93.,77.));
#9524 = SURFACE_CURVE('',#9525,(#9529,#9536),.PCURVE_S1.);
#9525 = LINE('',#9526,#9527);
#9526 = CARTESIAN_POINT('',(96.,93.,0.));
#9527 = VECTOR('',#9528,1.);
#9528 = DIRECTION('',(0.,0.,1.));
#9529 = PCURVE('',#7423,#9530);
#9530 = DEFINITIONAL_REPRESENTATION('',(#9531),#9535);
#9531 = LINE('',#9532,#9533);
#9532 = CARTESIAN_POINT('',(0.,-93.));
#9533 = VECTOR('',#9534,1.);
#9534 = DIRECTION('',(1.,0.));
#9535 = ( GEOMETRIC_REPRESENTATION_CONTEXT(2)
PARAMETRIC_REPRESENTATION_CONTEXT() REPRESENTATION_CONTEXT('2D SPACE',''
  ) );
#9536 = PCURVE('',#7350,#9537);
#9537 = DEFINITIONAL_REPRESENTATION('',(#9538),#9542);
#9538 = LINE('',#9539,#9540);
#9539 = CARTESIAN_POINT('',(0.,0.));
#9540 = VECTOR('',#9541,1.);
#9541 = DIRECTION('',(0.,1.));
#9542 = ( GEOMETRIC_REPRESENTATION_CONTEXT(2)
PARAMETRIC_REPRESENTATION_CONTEXT() REPRESENTATION_CONTEXT('2D SPACE',''
  ) );
#9543 = ORIENTED_EDGE('',*,*,#7406,.F.);
#9544 = ORIENTED_EDGE('',*,*,#9545,.F.);
#9545 = EDGE_CURVE('',#9522,#7407,#9546,.T.);
#9546 = SURFACE_CURVE('',#9547,(#9551,#9557),.PCURVE_S1.);
#9547 = LINE('',#9548,#9549);
#9548 = CARTESIAN_POINT('',(96.,43.75,77.));
#9549 = VECTOR('',#9550,1.);
#9550 = DIRECTION('',(0.,-1.,0.));
#9551 = PCURVE('',#7423,#9552);
#9552 = DEFINITIONAL_REPRESENTATION('',(#9553),#9556);
#9553 = B_SPLINE_CURVE_WITH_KNOTS('',1,(#9554,#9555),.UNSPECIFIED.,.F.,
  .F.,(2,2),(-49.25,-43.75),.PIECEWISE_BEZIER_KNOTS.);
#9554 = CARTESIAN_POINT('',(77.,-93.));
#9555 = CARTESIAN_POINT('',(77.,-87.5));
#9556 = ( GEOMETRIC_REPRESENTATION_CONTEXT(2)
PARAMETRIC_REPRESENTATION_CONTEXT() REPRESENTATION_CONTEXT('2D SPACE',''
  ) );
#9557 = PCURVE('',#9389,#9558);
#9558 = DEFINITIONAL_REPRESENTATION('',(#9559),#9562);
#9559 = B_SPLINE_CURVE_WITH_KNOTS('',1,(#9560,#9561),.UNSPECIFIED.,.F.,
  .F.,(2,2),(-49.25,-43.75),.PIECEWISE_BEZIER_KNOTS.);
#9560 = CARTESIAN_POINT('',(3.,5.5));
#9561 = CARTESIAN_POINT('',(3.,0.));
#9562 = ( GEOMETRIC_REPRESENTATION_CONTEXT(2)
PARAMETRIC_REPRESENTATION_CONTEXT() REPRESENTATION_CONTEXT('2D SPACE',''
  ) );
#9563 = ADVANCED_FACE('',(#9564),#7350,.T.);
#9564 = FACE_BOUND('',#9565,.T.);
#9565 = EDGE_LOOP('',(#9566,#9587,#9588,#9589));
#9566 = ORIENTED_EDGE('',*,*,#9567,.T.);
#9567 = EDGE_CURVE('',#9568,#7226,#9570,.T.);
#9568 = VERTEX_POINT('',#9569);
#9569 = CARTESIAN_POINT('',(95.982120021884,93.5,77.));
#9570 = SURFACE_CURVE('',#9571,(#9575,#9581),.PCURVE_S1.);
#9571 = LINE('',#9572,#9573);
#9572 = CARTESIAN_POINT('',(95.982120021884,93.5,0.));
#9573 = VECTOR('',#9574,1.);
#9574 = DIRECTION('',(0.,0.,1.));
#9575 = PCURVE('',#7350,#9576);
#9576 = DEFINITIONAL_REPRESENTATION('',(#9577),#9580);
#9577 = B_SPLINE_CURVE_WITH_KNOTS('',1,(#9578,#9579),.UNSPECIFIED.,.F.,
  .F.,(2,2),(76.1,86.9),.PIECEWISE_BEZIER_KNOTS.);
#9578 = CARTESIAN_POINT('',(7.148944988552E-02,76.1));
#9579 = CARTESIAN_POINT('',(7.148944988552E-02,86.9));
#9580 = ( GEOMETRIC_REPRESENTATION_CONTEXT(2)
PARAMETRIC_REPRESENTATION_CONTEXT() REPRESENTATION_CONTEXT('2D SPACE',''
  ) );
#9581 = PCURVE('',#7185,#9582);
#9582 = DEFINITIONAL_REPRESENTATION('',(#9583),#9586);
#9583 = B_SPLINE_CURVE_WITH_KNOTS('',1,(#9584,#9585),.UNSPECIFIED.,.F.,
  .F.,(2,2),(76.1,86.9),.PIECEWISE_BEZIER_KNOTS.);
#9584 = CARTESIAN_POINT('',(-0.9,2.982120021884));
#9585 = CARTESIAN_POINT('',(9.9,2.982120021884));
#9586 = ( GEOMETRIC_REPRESENTATION_CONTEXT(2)
PARAMETRIC_REPRESENTATION_CONTEXT() REPRESENTATION_CONTEXT('2D SPACE',''
  ) );
#9587 = ORIENTED_EDGE('',*,*,#7246,.F.);
#9588 = ORIENTED_EDGE('',*,*,#9521,.F.);
#9589 = ORIENTED_EDGE('',*,*,#9590,.T.);
#9590 = EDGE_CURVE('',#9522,#9568,#9591,.T.);
#9591 = SURFACE_CURVE('',#9592,(#9597,#9604),.PCURVE_S1.);
#9592 = CIRCLE('',#9593,7.);
#9593 = AXIS2_PLACEMENT_3D('',#9594,#9595,#9596);
#9594 = CARTESIAN_POINT('',(89.,93.,77.));
#9595 = DIRECTION('',(0.,0.,1.));
#9596 = DIRECTION('',(1.,0.,-0.));
#9597 = PCURVE('',#7350,#9598);
#9598 = DEFINITIONAL_REPRESENTATION('',(#9599),#9603);
#9599 = LINE('',#9600,#9601);
#9600 = CARTESIAN_POINT('',(0.,77.));
#9601 = VECTOR('',#9602,1.);
#9602 = DIRECTION('',(1.,0.));
#9603 = ( GEOMETRIC_REPRESENTATION_CONTEXT(2)
PARAMETRIC_REPRESENTATION_CONTEXT() REPRESENTATION_CONTEXT('2D SPACE',''
  ) );
#9604 = PCURVE('',#9389,#9605);
#9605 = DEFINITIONAL_REPRESENTATION('',(#9606),#9610);
#9606 = CIRCLE('',#9607,7.);
#9607 = AXIS2_PLACEMENT_2D('',#9608,#9609);
#9608 = CARTESIAN_POINT('',(-4.,5.5));
#9609 = DIRECTION('',(1.,0.));
#9610 = ( GEOMETRIC_REPRESENTATION_CONTEXT(2)
PARAMETRIC_REPRESENTATION_CONTEXT() REPRESENTATION_CONTEXT('2D SPACE',''
  ) );
#9611 = ADVANCED_FACE('',(#9612),#7185,.F.);
#9612 = FACE_BOUND('',#9613,.F.);
#9613 = EDGE_LOOP('',(#9614,#9637,#9638,#9639,#9658,#9659,#9680,#9706));
#9614 = ORIENTED_EDGE('',*,*,#9615,.F.);
#9615 = EDGE_CURVE('',#9568,#9616,#9618,.T.);
#9616 = VERTEX_POINT('',#9617);
#9617 = CARTESIAN_POINT('',(181.35424868893,93.5,77.));
#9618 = SURFACE_CURVE('',#9619,(#9623,#9630),.PCURVE_S1.);
#9619 = LINE('',#9620,#9621);
#9620 = CARTESIAN_POINT('',(93.,93.5,77.));
#9621 = VECTOR('',#9622,1.);
#9622 = DIRECTION('',(1.,0.,-0.));
#9623 = PCURVE('',#7185,#9624);
#9624 = DEFINITIONAL_REPRESENTATION('',(#9625),#9629);
#9625 = LINE('',#9626,#9627);
#9626 = CARTESIAN_POINT('',(0.,0.));
#9627 = VECTOR('',#9628,1.);
#9628 = DIRECTION('',(0.,1.));
#9629 = ( GEOMETRIC_REPRESENTATION_CONTEXT(2)
PARAMETRIC_REPRESENTATION_CONTEXT() REPRESENTATION_CONTEXT('2D SPACE',''
  ) );
#9630 = PCURVE('',#9389,#9631);
#9631 = DEFINITIONAL_REPRESENTATION('',(#9632),#9636);
#9632 = LINE('',#9633,#9634);
#9633 = CARTESIAN_POINT('',(0.,6.));
#9634 = VECTOR('',#9635,1.);
#9635 = DIRECTION('',(1.,0.));
#9636 = ( GEOMETRIC_REPRESENTATION_CONTEXT(2)
PARAMETRIC_REPRESENTATION_CONTEXT() REPRESENTATION_CONTEXT('2D SPACE',''
  ) );
#9637 = ORIENTED_EDGE('',*,*,#9567,.T.);
#9638 = ORIENTED_EDGE('',*,*,#7225,.T.);
#9639 = ORIENTED_EDGE('',*,*,#9640,.F.);
#9640 = EDGE_CURVE('',#7171,#7197,#9641,.T.);
#9641 = SURFACE_CURVE('',#9642,(#9646,#9652),.PCURVE_S1.);
#9642 = LINE('',#9643,#9644);
#9643 = CARTESIAN_POINT('',(102.,93.5,79.));
#9644 = VECTOR('',#9645,1.);
#9645 = DIRECTION('',(0.,0.,-1.));
#9646 = PCURVE('',#7185,#9647);
#9647 = DEFINITIONAL_REPRESENTATION('',(#9648),#9651);
#9648 = B_SPLINE_CURVE_WITH_KNOTS('',1,(#9649,#9650),.UNSPECIFIED.,.F.,
  .F.,(2,2),(-6.,2.),.PIECEWISE_BEZIER_KNOTS.);
#9649 = CARTESIAN_POINT('',(8.,9.));
#9650 = CARTESIAN_POINT('',(0.,9.));
#9651 = ( GEOMETRIC_REPRESENTATION_CONTEXT(2)
PARAMETRIC_REPRESENTATION_CONTEXT() REPRESENTATION_CONTEXT('2D SPACE',''
  ) );
#9652 = PCURVE('',#7213,#9653);
#9653 = DEFINITIONAL_REPRESENTATION('',(#9654),#9657);
#9654 = B_SPLINE_CURVE_WITH_KNOTS('',1,(#9655,#9656),.UNSPECIFIED.,.F.,
  .F.,(2,2),(-6.,2.),.PIECEWISE_BEZIER_KNOTS.);
#9655 = CARTESIAN_POINT('',(4.,-3.));
#9656 = CARTESIAN_POINT('',(-4.,-3.));
#9657 = ( GEOMETRIC_REPRESENTATION_CONTEXT(2)
PARAMETRIC_REPRESENTATION_CONTEXT() REPRESENTATION_CONTEXT('2D SPACE',''
  ) );
#9658 = ORIENTED_EDGE('',*,*,#7170,.F.);
#9659 = ORIENTED_EDGE('',*,*,#9660,.T.);
#9660 = EDGE_CURVE('',#7011,#9661,#9663,.T.);
#9661 = VERTEX_POINT('',#9662);
#9662 = CARTESIAN_POINT('',(95.982120021884,93.5,86.));
#9663 = SURFACE_CURVE('',#9664,(#9668,#9674),.PCURVE_S1.);
#9664 = LINE('',#9665,#9666);
#9665 = CARTESIAN_POINT('',(95.982120021884,93.5,0.));
#9666 = VECTOR('',#9667,1.);
#9667 = DIRECTION('',(0.,0.,1.));
#9668 = PCURVE('',#7185,#9669);
#9669 = DEFINITIONAL_REPRESENTATION('',(#9670),#9673);
#9670 = B_SPLINE_CURVE_WITH_KNOTS('',1,(#9671,#9672),.UNSPECIFIED.,.F.,
  .F.,(2,2),(76.1,86.9),.PIECEWISE_BEZIER_KNOTS.);
#9671 = CARTESIAN_POINT('',(-0.9,2.982120021884));
#9672 = CARTESIAN_POINT('',(9.9,2.982120021884));
#9673 = ( GEOMETRIC_REPRESENTATION_CONTEXT(2)
PARAMETRIC_REPRESENTATION_CONTEXT() REPRESENTATION_CONTEXT('2D SPACE',''
  ) );
#9674 = PCURVE('',#7114,#9675);
#9675 = DEFINITIONAL_REPRESENTATION('',(#9676),#9679);
#9676 = B_SPLINE_CURVE_WITH_KNOTS('',1,(#9677,#9678),.UNSPECIFIED.,.F.,
  .F.,(2,2),(76.1,86.9),.PIECEWISE_BEZIER_KNOTS.);
#9677 = CARTESIAN_POINT('',(7.148944988552E-02,76.1));
#9678 = CARTESIAN_POINT('',(7.148944988552E-02,86.9));
#9679 = ( GEOMETRIC_REPRESENTATION_CONTEXT(2)
PARAMETRIC_REPRESENTATION_CONTEXT() REPRESENTATION_CONTEXT('2D SPACE',''
  ) );
#9680 = ORIENTED_EDGE('',*,*,#9681,.F.);
#9681 = EDGE_CURVE('',#9682,#9661,#9684,.T.);
#9682 = VERTEX_POINT('',#9683);
#9683 = CARTESIAN_POINT('',(181.35424868893,93.5,86.));
#9684 = SURFACE_CURVE('',#9685,(#9689,#9695),.PCURVE_S1.);
#9685 = LINE('',#9686,#9687);
#9686 = CARTESIAN_POINT('',(93.5,93.5,86.));
#9687 = VECTOR('',#9688,1.);
#9688 = DIRECTION('',(-1.,-0.,0.));
#9689 = PCURVE('',#7185,#9690);
#9690 = DEFINITIONAL_REPRESENTATION('',(#9691),#9694);
#9691 = B_SPLINE_CURVE_WITH_KNOTS('',1,(#9692,#9693),.UNSPECIFIED.,.F.,
  .F.,(2,2),(-98.5,-0.5),.PIECEWISE_BEZIER_KNOTS.);
#9692 = CARTESIAN_POINT('',(9.,99.));
#9693 = CARTESIAN_POINT('',(9.,1.));
#9694 = ( GEOMETRIC_REPRESENTATION_CONTEXT(2)
PARAMETRIC_REPRESENTATION_CONTEXT() REPRESENTATION_CONTEXT('2D SPACE',''
  ) );
#9695 = PCURVE('',#9696,#9701);
#9696 = PLANE('',#9697);
#9697 = AXIS2_PLACEMENT_3D('',#9698,#9699,#9700);
#9698 = CARTESIAN_POINT('',(94.,85.5,86.));
#9699 = DIRECTION('',(0.,0.,1.));
#9700 = DIRECTION('',(1.,0.,-0.));
#9701 = DEFINITIONAL_REPRESENTATION('',(#9702),#9705);
#9702 = B_SPLINE_CURVE_WITH_KNOTS('',1,(#9703,#9704),.UNSPECIFIED.,.F.,
  .F.,(2,2),(-98.5,-0.5),.PIECEWISE_BEZIER_KNOTS.);
#9703 = CARTESIAN_POINT('',(98.,8.));
#9704 = CARTESIAN_POINT('',(0.,8.));
#9705 = ( GEOMETRIC_REPRESENTATION_CONTEXT(2)
PARAMETRIC_REPRESENTATION_CONTEXT() REPRESENTATION_CONTEXT('2D SPACE',''
  ) );
#9706 = ORIENTED_EDGE('',*,*,#9707,.F.);
#9707 = EDGE_CURVE('',#9616,#9682,#9708,.T.);
#9708 = SURFACE_CURVE('',#9709,(#9713,#9719),.PCURVE_S1.);
#9709 = LINE('',#9710,#9711);
#9710 = CARTESIAN_POINT('',(181.35424868893,93.5,73.));
#9711 = VECTOR('',#9712,1.);
#9712 = DIRECTION('',(0.,0.,1.));
#9713 = PCURVE('',#7185,#9714);
#9714 = DEFINITIONAL_REPRESENTATION('',(#9715),#9718);
#9715 = B_SPLINE_CURVE_WITH_KNOTS('',1,(#9716,#9717),.UNSPECIFIED.,.F.,
  .F.,(2,2),(3.1,13.9),.PIECEWISE_BEZIER_KNOTS.);
#9716 = CARTESIAN_POINT('',(-0.9,88.354248688935));
#9717 = CARTESIAN_POINT('',(9.9,88.354248688935));
#9718 = ( GEOMETRIC_REPRESENTATION_CONTEXT(2)
PARAMETRIC_REPRESENTATION_CONTEXT() REPRESENTATION_CONTEXT('2D SPACE',''
  ) );
#9719 = PCURVE('',#9483,#9720);
#9720 = DEFINITIONAL_REPRESENTATION('',(#9721),#9724);
#9721 = B_SPLINE_CURVE_WITH_KNOTS('',1,(#9722,#9723),.UNSPECIFIED.,.F.,
  .F.,(2,2),(3.1,13.9),.PIECEWISE_BEZIER_KNOTS.);
#9722 = CARTESIAN_POINT('',(2.293530574608,3.1));
#9723 = CARTESIAN_POINT('',(2.293530574608,13.9));
#9724 = ( GEOMETRIC_REPRESENTATION_CONTEXT(2)
PARAMETRIC_REPRESENTATION_CONTEXT() REPRESENTATION_CONTEXT('2D SPACE',''
  ) );
#9725 = ADVANCED_FACE('',(#9726),#7213,.F.);
#9726 = FACE_BOUND('',#9727,.F.);
#9727 = EDGE_LOOP('',(#9728,#9729));
#9728 = ORIENTED_EDGE('',*,*,#7196,.T.);
#9729 = ORIENTED_EDGE('',*,*,#9640,.T.);
#9730 = ADVANCED_FACE('',(#9731),#7114,.T.);
#9731 = FACE_BOUND('',#9732,.T.);
#9732 = EDGE_LOOP('',(#9733,#9758,#9787,#9815,#9839,#9862,#9891,#9923,
    #9949,#9981,#10010,#10031,#10032,#10033,#10057,#10083));
#9733 = ORIENTED_EDGE('',*,*,#9734,.F.);
#9734 = EDGE_CURVE('',#9735,#9737,#9739,.T.);
#9735 = VERTEX_POINT('',#9736);
#9736 = CARTESIAN_POINT('',(96.,93.,0.5));
#9737 = VERTEX_POINT('',#9738);
#9738 = CARTESIAN_POINT('',(96.,93.,74.));
#9739 = SURFACE_CURVE('',#9740,(#9744,#9751),.PCURVE_S1.);
#9740 = LINE('',#9741,#9742);
#9741 = CARTESIAN_POINT('',(96.,93.,0.));
#9742 = VECTOR('',#9743,1.);
#9743 = DIRECTION('',(0.,0.,1.));
#9744 = PCURVE('',#7114,#9745);
#9745 = DEFINITIONAL_REPRESENTATION('',(#9746),#9750);
#9746 = LINE('',#9747,#9748);
#9747 = CARTESIAN_POINT('',(0.,0.));
#9748 = VECTOR('',#9749,1.);
#9749 = DIRECTION('',(0.,1.));
#9750 = ( GEOMETRIC_REPRESENTATION_CONTEXT(2)
PARAMETRIC_REPRESENTATION_CONTEXT() REPRESENTATION_CONTEXT('2D SPACE',''
  ) );
#9751 = PCURVE('',#6926,#9752);
#9752 = DEFINITIONAL_REPRESENTATION('',(#9753),#9757);
#9753 = LINE('',#9754,#9755);
#9754 = CARTESIAN_POINT('',(0.,-93.));
#9755 = VECTOR('',#9756,1.);
#9756 = DIRECTION('',(1.,0.));
#9757 = ( GEOMETRIC_REPRESENTATION_CONTEXT(2)
PARAMETRIC_REPRESENTATION_CONTEXT() REPRESENTATION_CONTEXT('2D SPACE',''
  ) );
#9758 = ORIENTED_EDGE('',*,*,#9759,.F.);
#9759 = EDGE_CURVE('',#9760,#9735,#9762,.T.);
#9760 = VERTEX_POINT('',#9761);
#9761 = CARTESIAN_POINT('',(89.,100.,0.5));
#9762 = SURFACE_CURVE('',#9763,(#9768,#9775),.PCURVE_S1.);
#9763 = CIRCLE('',#9764,7.);
#9764 = AXIS2_PLACEMENT_3D('',#9765,#9766,#9767);
#9765 = CARTESIAN_POINT('',(89.,93.,0.5));
#9766 = DIRECTION('',(0.,-0.,-1.));
#9767 = DIRECTION('',(0.,1.,-0.));
#9768 = PCURVE('',#7114,#9769);
#9769 = DEFINITIONAL_REPRESENTATION('',(#9770),#9774);
#9770 = LINE('',#9771,#9772);
#9771 = CARTESIAN_POINT('',(1.570796326795,0.5));
#9772 = VECTOR('',#9773,1.);
#9773 = DIRECTION('',(-1.,-0.));
#9774 = ( GEOMETRIC_REPRESENTATION_CONTEXT(2)
PARAMETRIC_REPRESENTATION_CONTEXT() REPRESENTATION_CONTEXT('2D SPACE',''
  ) );
#9775 = PCURVE('',#9776,#9781);
#9776 = TOROIDAL_SURFACE('',#9777,6.5,0.5);
#9777 = AXIS2_PLACEMENT_3D('',#9778,#9779,#9780);
#9778 = CARTESIAN_POINT('',(89.,93.,0.5));
#9779 = DIRECTION('',(0.,0.,1.));
#9780 = DIRECTION('',(0.,1.,-0.));
#9781 = DEFINITIONAL_REPRESENTATION('',(#9782),#9786);
#9782 = LINE('',#9783,#9784);
#9783 = CARTESIAN_POINT('',(-0.,6.28318530718));
#9784 = VECTOR('',#9785,1.);
#9785 = DIRECTION('',(-1.,0.));
#9786 = ( GEOMETRIC_REPRESENTATION_CONTEXT(2)
PARAMETRIC_REPRESENTATION_CONTEXT() REPRESENTATION_CONTEXT('2D SPACE',''
  ) );
#9787 = ORIENTED_EDGE('',*,*,#9788,.T.);
#9788 = EDGE_CURVE('',#9760,#9789,#9791,.T.);
#9789 = VERTEX_POINT('',#9790);
#9790 = CARTESIAN_POINT('',(89.,100.,157.5));
#9791 = SURFACE_CURVE('',#9792,(#9796,#9803),.PCURVE_S1.);
#9792 = LINE('',#9793,#9794);
#9793 = CARTESIAN_POINT('',(89.,100.,0.));
#9794 = VECTOR('',#9795,1.);
#9795 = DIRECTION('',(0.,0.,1.));
#9796 = PCURVE('',#7114,#9797);
#9797 = DEFINITIONAL_REPRESENTATION('',(#9798),#9802);
#9798 = LINE('',#9799,#9800);
#9799 = CARTESIAN_POINT('',(1.570796326795,0.));
#9800 = VECTOR('',#9801,1.);
#9801 = DIRECTION('',(0.,1.));
#9802 = ( GEOMETRIC_REPRESENTATION_CONTEXT(2)
PARAMETRIC_REPRESENTATION_CONTEXT() REPRESENTATION_CONTEXT('2D SPACE',''
  ) );
#9803 = PCURVE('',#9804,#9809);
#9804 = PLANE('',#9805);
#9805 = AXIS2_PLACEMENT_3D('',#9806,#9807,#9808);
#9806 = CARTESIAN_POINT('',(0.,100.,0.));
#9807 = DIRECTION('',(-0.,1.,0.));
#9808 = DIRECTION('',(0.,0.,1.));
#9809 = DEFINITIONAL_REPRESENTATION('',(#9810),#9814);
#9810 = LINE('',#9811,#9812);
#9811 = CARTESIAN_POINT('',(0.,89.));
#9812 = VECTOR('',#9813,1.);
#9813 = DIRECTION('',(1.,0.));
#9814 = ( GEOMETRIC_REPRESENTATION_CONTEXT(2)
PARAMETRIC_REPRESENTATION_CONTEXT() REPRESENTATION_CONTEXT('2D SPACE',''
  ) );
#9815 = ORIENTED_EDGE('',*,*,#9816,.T.);
#9816 = EDGE_CURVE('',#9789,#9817,#9819,.T.);
#9817 = VERTEX_POINT('',#9818);
#9818 = CARTESIAN_POINT('',(96.,93.,157.5));
#9819 = SURFACE_CURVE('',#9820,(#9825,#9832),.PCURVE_S1.);
#9820 = CIRCLE('',#9821,7.);
#9821 = AXIS2_PLACEMENT_3D('',#9822,#9823,#9824);
#9822 = CARTESIAN_POINT('',(89.,93.,157.5));
#9823 = DIRECTION('',(0.,-0.,-1.));
#9824 = DIRECTION('',(0.,1.,-0.));
#9825 = PCURVE('',#7114,#9826);
#9826 = DEFINITIONAL_REPRESENTATION('',(#9827),#9831);
#9827 = LINE('',#9828,#9829);
#9828 = CARTESIAN_POINT('',(1.570796326795,157.5));
#9829 = VECTOR('',#9830,1.);
#9830 = DIRECTION('',(-1.,-0.));
#9831 = ( GEOMETRIC_REPRESENTATION_CONTEXT(2)
PARAMETRIC_REPRESENTATION_CONTEXT() REPRESENTATION_CONTEXT('2D SPACE',''
  ) );
#9832 = PCURVE('',#8611,#9833);
#9833 = DEFINITIONAL_REPRESENTATION('',(#9834),#9838);
#9834 = LINE('',#9835,#9836);
#9835 = CARTESIAN_POINT('',(0.,6.28318530718));
#9836 = VECTOR('',#9837,1.);
#9837 = DIRECTION('',(1.,0.));
#9838 = ( GEOMETRIC_REPRESENTATION_CONTEXT(2)
PARAMETRIC_REPRESENTATION_CONTEXT() REPRESENTATION_CONTEXT('2D SPACE',''
  ) );
#9839 = ORIENTED_EDGE('',*,*,#9840,.F.);
#9840 = EDGE_CURVE('',#9841,#9817,#9843,.T.);
#9841 = VERTEX_POINT('',#9842);
#9842 = CARTESIAN_POINT('',(96.,93.,136.));
#9843 = SURFACE_CURVE('',#9844,(#9848,#9855),.PCURVE_S1.);
#9844 = LINE('',#9845,#9846);
#9845 = CARTESIAN_POINT('',(96.,93.,0.));
#9846 = VECTOR('',#9847,1.);
#9847 = DIRECTION('',(0.,0.,1.));
#9848 = PCURVE('',#7114,#9849);
#9849 = DEFINITIONAL_REPRESENTATION('',(#9850),#9854);
#9850 = LINE('',#9851,#9852);
#9851 = CARTESIAN_POINT('',(0.,0.));
#9852 = VECTOR('',#9853,1.);
#9853 = DIRECTION('',(0.,1.));
#9854 = ( GEOMETRIC_REPRESENTATION_CONTEXT(2)
PARAMETRIC_REPRESENTATION_CONTEXT() REPRESENTATION_CONTEXT('2D SPACE',''
  ) );
#9855 = PCURVE('',#6926,#9856);
#9856 = DEFINITIONAL_REPRESENTATION('',(#9857),#9861);
#9857 = LINE('',#9858,#9859);
#9858 = CARTESIAN_POINT('',(0.,-93.));
#9859 = VECTOR('',#9860,1.);
#9860 = DIRECTION('',(1.,0.));
#9861 = ( GEOMETRIC_REPRESENTATION_CONTEXT(2)
PARAMETRIC_REPRESENTATION_CONTEXT() REPRESENTATION_CONTEXT('2D SPACE',''
  ) );
#9862 = ORIENTED_EDGE('',*,*,#9863,.T.);
#9863 = EDGE_CURVE('',#9841,#9864,#9866,.T.);
#9864 = VERTEX_POINT('',#9865);
#9865 = CARTESIAN_POINT('',(95.3,96.051229260478,136.));
#9866 = SURFACE_CURVE('',#9867,(#9872,#9879),.PCURVE_S1.);
#9867 = CIRCLE('',#9868,7.);
#9868 = AXIS2_PLACEMENT_3D('',#9869,#9870,#9871);
#9869 = CARTESIAN_POINT('',(89.,93.,136.));
#9870 = DIRECTION('',(0.,0.,1.));
#9871 = DIRECTION('',(1.,0.,-0.));
#9872 = PCURVE('',#7114,#9873);
#9873 = DEFINITIONAL_REPRESENTATION('',(#9874),#9878);
#9874 = LINE('',#9875,#9876);
#9875 = CARTESIAN_POINT('',(0.,136.));
#9876 = VECTOR('',#9877,1.);
#9877 = DIRECTION('',(1.,0.));
#9878 = ( GEOMETRIC_REPRESENTATION_CONTEXT(2)
PARAMETRIC_REPRESENTATION_CONTEXT() REPRESENTATION_CONTEXT('2D SPACE',''
  ) );
#9879 = PCURVE('',#9880,#9885);
#9880 = PLANE('',#9881);
#9881 = AXIS2_PLACEMENT_3D('',#9882,#9883,#9884);
#9882 = CARTESIAN_POINT('',(95.,84.,136.));
#9883 = DIRECTION('',(0.,0.,1.));
#9884 = DIRECTION('',(1.,0.,-0.));
#9885 = DEFINITIONAL_REPRESENTATION('',(#9886),#9890);
#9886 = CIRCLE('',#9887,7.);
#9887 = AXIS2_PLACEMENT_2D('',#9888,#9889);
#9888 = CARTESIAN_POINT('',(-6.,9.));
#9889 = DIRECTION('',(1.,0.));
#9890 = ( GEOMETRIC_REPRESENTATION_CONTEXT(2)
PARAMETRIC_REPRESENTATION_CONTEXT() REPRESENTATION_CONTEXT('2D SPACE',''
  ) );
#9891 = ORIENTED_EDGE('',*,*,#9892,.F.);
#9892 = EDGE_CURVE('',#9893,#9864,#9895,.T.);
#9893 = VERTEX_POINT('',#9894);
#9894 = CARTESIAN_POINT('',(95.,96.605551275464,135.7));
#9895 = SURFACE_CURVE('',#9896,(#9901,#9911),.PCURVE_S1.);
#9896 = ELLIPSE('',#9897,9.899494936612,7.);
#9897 = AXIS2_PLACEMENT_3D('',#9898,#9899,#9900);
#9898 = CARTESIAN_POINT('',(89.,93.,129.7));
#9899 = DIRECTION('',(0.707106781187,3.472568050348E-18,-0.707106781187)
  );
#9900 = DIRECTION('',(0.707106781187,3.472568050347E-18,0.707106781187)
  );
#9901 = PCURVE('',#7114,#9902);
#9902 = DEFINITIONAL_REPRESENTATION('',(#9903),#9910);
#9903 = B_SPLINE_CURVE_WITH_KNOTS('',5,(#9904,#9905,#9906,#9907,#9908,
    #9909),.UNSPECIFIED.,.F.,.F.,(6,6),(5.733822004618,5.84209264269),
  .PIECEWISE_BEZIER_KNOTS.);
#9904 = CARTESIAN_POINT('',(0.549363302561,135.67));
#9905 = CARTESIAN_POINT('',(0.527709174947,135.7491460586));
#9906 = CARTESIAN_POINT('',(0.506055047333,135.82479294197));
#9907 = CARTESIAN_POINT('',(0.484400919718,135.89686333214));
#9908 = CARTESIAN_POINT('',(0.462746792104,135.96528675646));
#9909 = CARTESIAN_POINT('',(0.44109266449,136.03));
#9910 = ( GEOMETRIC_REPRESENTATION_CONTEXT(2)
PARAMETRIC_REPRESENTATION_CONTEXT() REPRESENTATION_CONTEXT('2D SPACE',''
  ) );
#9911 = PCURVE('',#9912,#9917);
#9912 = PLANE('',#9913);
#9913 = AXIS2_PLACEMENT_3D('',#9914,#9915,#9916);
#9914 = CARTESIAN_POINT('',(95.15,84.,135.85));
#9915 = DIRECTION('',(0.707106781187,3.472568050348E-18,-0.707106781187)
  );
#9916 = DIRECTION('',(-2.455476416533E-18,1.,2.455476416532E-18));
#9917 = DEFINITIONAL_REPRESENTATION('',(#9918),#9922);
#9918 = ELLIPSE('',#9919,9.899494936612,7.);
#9919 = AXIS2_PLACEMENT_2D('',#9920,#9921);
#9920 = CARTESIAN_POINT('',(9.,-8.697413408595));
#9921 = DIRECTION('',(3.472568050347E-18,1.));
#9922 = ( GEOMETRIC_REPRESENTATION_CONTEXT(2)
PARAMETRIC_REPRESENTATION_CONTEXT() REPRESENTATION_CONTEXT('2D SPACE',''
  ) );
#9923 = ORIENTED_EDGE('',*,*,#9924,.F.);
#9924 = EDGE_CURVE('',#9925,#9893,#9927,.T.);
#9925 = VERTEX_POINT('',#9926);
#9926 = CARTESIAN_POINT('',(95.,96.605551275464,132.3));
#9927 = SURFACE_CURVE('',#9928,(#9932,#9938),.PCURVE_S1.);
#9928 = LINE('',#9929,#9930);
#9929 = CARTESIAN_POINT('',(95.,96.605551275464,0.));
#9930 = VECTOR('',#9931,1.);
#9931 = DIRECTION('',(0.,0.,1.));
#9932 = PCURVE('',#7114,#9933);
#9933 = DEFINITIONAL_REPRESENTATION('',(#9934),#9937);
#9934 = B_SPLINE_CURVE_WITH_KNOTS('',1,(#9935,#9936),.UNSPECIFIED.,.F.,
  .F.,(2,2),(131.96,136.04),.PIECEWISE_BEZIER_KNOTS.);
#9935 = CARTESIAN_POINT('',(0.541099525957,131.96));
#9936 = CARTESIAN_POINT('',(0.541099525957,136.04));
#9937 = ( GEOMETRIC_REPRESENTATION_CONTEXT(2)
PARAMETRIC_REPRESENTATION_CONTEXT() REPRESENTATION_CONTEXT('2D SPACE',''
  ) );
#9938 = PCURVE('',#9939,#9944);
#9939 = PLANE('',#9940);
#9940 = AXIS2_PLACEMENT_3D('',#9941,#9942,#9943);
#9941 = CARTESIAN_POINT('',(95.,84.,132.));
#9942 = DIRECTION('',(1.,0.,-0.));
#9943 = DIRECTION('',(0.,0.,1.));
#9944 = DEFINITIONAL_REPRESENTATION('',(#9945),#9948);
#9945 = B_SPLINE_CURVE_WITH_KNOTS('',1,(#9946,#9947),.UNSPECIFIED.,.F.,
  .F.,(2,2),(131.96,136.04),.PIECEWISE_BEZIER_KNOTS.);
#9946 = CARTESIAN_POINT('',(-3.999999999999E-02,-12.60555127546));
#9947 = CARTESIAN_POINT('',(4.04,-12.60555127546));
#9948 = ( GEOMETRIC_REPRESENTATION_CONTEXT(2)
PARAMETRIC_REPRESENTATION_CONTEXT() REPRESENTATION_CONTEXT('2D SPACE',''
  ) );
#9949 = ORIENTED_EDGE('',*,*,#9950,.T.);
#9950 = EDGE_CURVE('',#9925,#9951,#9953,.T.);
#9951 = VERTEX_POINT('',#9952);
#9952 = CARTESIAN_POINT('',(95.3,96.051229260478,132.));
#9953 = SURFACE_CURVE('',#9954,(#9959,#9969),.PCURVE_S1.);
#9954 = ELLIPSE('',#9955,9.899494936612,7.);
#9955 = AXIS2_PLACEMENT_3D('',#9956,#9957,#9958);
#9956 = CARTESIAN_POINT('',(89.,93.,138.3));
#9957 = DIRECTION('',(-0.707106781187,-3.472568050348E-18,
    -0.707106781187));
#9958 = DIRECTION('',(-0.707106781187,-3.472568050347E-18,0.707106781187
    ));
#9959 = PCURVE('',#7114,#9960);
#9960 = DEFINITIONAL_REPRESENTATION('',(#9961),#9968);
#9961 = B_SPLINE_CURVE_WITH_KNOTS('',5,(#9962,#9963,#9964,#9965,#9966,
    #9967),.UNSPECIFIED.,.F.,.F.,(6,6),(2.592229351028,2.7004999891),
  .PIECEWISE_BEZIER_KNOTS.);
#9962 = CARTESIAN_POINT('',(0.549363302561,132.33));
#9963 = CARTESIAN_POINT('',(0.527709174947,132.2508539414));
#9964 = CARTESIAN_POINT('',(0.506055047333,132.17520705802));
#9965 = CARTESIAN_POINT('',(0.484400919718,132.10313666785));
#9966 = CARTESIAN_POINT('',(0.462746792104,132.03471324353));
#9967 = CARTESIAN_POINT('',(0.44109266449,131.97));
#9968 = ( GEOMETRIC_REPRESENTATION_CONTEXT(2)
PARAMETRIC_REPRESENTATION_CONTEXT() REPRESENTATION_CONTEXT('2D SPACE',''
  ) );
#9969 = PCURVE('',#9970,#9975);
#9970 = PLANE('',#9971);
#9971 = AXIS2_PLACEMENT_3D('',#9972,#9973,#9974);
#9972 = CARTESIAN_POINT('',(95.15,84.,132.15));
#9973 = DIRECTION('',(-0.707106781187,-3.472568050348E-18,
    -0.707106781187));
#9974 = DIRECTION('',(-2.455476416533E-18,1.,-2.455476416532E-18));
#9975 = DEFINITIONAL_REPRESENTATION('',(#9976),#9980);
#9976 = ELLIPSE('',#9977,9.899494936612,7.);
#9977 = AXIS2_PLACEMENT_2D('',#9978,#9979);
#9978 = CARTESIAN_POINT('',(9.,-8.697413408595));
#9979 = DIRECTION('',(-3.472568050347E-18,-1.));
#9980 = ( GEOMETRIC_REPRESENTATION_CONTEXT(2)
PARAMETRIC_REPRESENTATION_CONTEXT() REPRESENTATION_CONTEXT('2D SPACE',''
  ) );
#9981 = ORIENTED_EDGE('',*,*,#9982,.F.);
#9982 = EDGE_CURVE('',#9983,#9951,#9985,.T.);
#9983 = VERTEX_POINT('',#9984);
#9984 = CARTESIAN_POINT('',(96.,93.,132.));
#9985 = SURFACE_CURVE('',#9986,(#9991,#9998),.PCURVE_S1.);
#9986 = CIRCLE('',#9987,7.);
#9987 = AXIS2_PLACEMENT_3D('',#9988,#9989,#9990);
#9988 = CARTESIAN_POINT('',(89.,93.,132.));
#9989 = DIRECTION('',(0.,0.,1.));
#9990 = DIRECTION('',(1.,0.,-0.));
#9991 = PCURVE('',#7114,#9992);
#9992 = DEFINITIONAL_REPRESENTATION('',(#9993),#9997);
#9993 = LINE('',#9994,#9995);
#9994 = CARTESIAN_POINT('',(0.,132.));
#9995 = VECTOR('',#9996,1.);
#9996 = DIRECTION('',(1.,0.));
#9997 = ( GEOMETRIC_REPRESENTATION_CONTEXT(2)
PARAMETRIC_REPRESENTATION_CONTEXT() REPRESENTATION_CONTEXT('2D SPACE',''
  ) );
#9998 = PCURVE('',#9999,#10004);
#9999 = PLANE('',#10000);
#10000 = AXIS2_PLACEMENT_3D('',#10001,#10002,#10003);
#10001 = CARTESIAN_POINT('',(95.,84.,132.));
#10002 = DIRECTION('',(0.,0.,1.));
#10003 = DIRECTION('',(1.,0.,-0.));
#10004 = DEFINITIONAL_REPRESENTATION('',(#10005),#10009);
#10005 = CIRCLE('',#10006,7.);
#10006 = AXIS2_PLACEMENT_2D('',#10007,#10008);
#10007 = CARTESIAN_POINT('',(-6.,9.));
#10008 = DIRECTION('',(1.,0.));
#10009 = ( GEOMETRIC_REPRESENTATION_CONTEXT(2)
PARAMETRIC_REPRESENTATION_CONTEXT() REPRESENTATION_CONTEXT('2D SPACE',''
  ) );
#10010 = ORIENTED_EDGE('',*,*,#10011,.F.);
#10011 = EDGE_CURVE('',#6987,#9983,#10012,.T.);
#10012 = SURFACE_CURVE('',#10013,(#10017,#10024),.PCURVE_S1.);
#10013 = LINE('',#10014,#10015);
#10014 = CARTESIAN_POINT('',(96.,93.,0.));
#10015 = VECTOR('',#10016,1.);
#10016 = DIRECTION('',(0.,0.,1.));
#10017 = PCURVE('',#7114,#10018);
#10018 = DEFINITIONAL_REPRESENTATION('',(#10019),#10023);
#10019 = LINE('',#10020,#10021);
#10020 = CARTESIAN_POINT('',(0.,0.));
#10021 = VECTOR('',#10022,1.);
#10022 = DIRECTION('',(0.,1.));
#10023 = ( GEOMETRIC_REPRESENTATION_CONTEXT(2)
PARAMETRIC_REPRESENTATION_CONTEXT() REPRESENTATION_CONTEXT('2D SPACE',''
  ) );
#10024 = PCURVE('',#6926,#10025);
#10025 = DEFINITIONAL_REPRESENTATION('',(#10026),#10030);
#10026 = LINE('',#10027,#10028);
#10027 = CARTESIAN_POINT('',(0.,-93.));
#10028 = VECTOR('',#10029,1.);
#10029 = DIRECTION('',(1.,0.));
#10030 = ( GEOMETRIC_REPRESENTATION_CONTEXT(2)
PARAMETRIC_REPRESENTATION_CONTEXT() REPRESENTATION_CONTEXT('2D SPACE',''
  ) );
#10031 = ORIENTED_EDGE('',*,*,#7010,.F.);
#10032 = ORIENTED_EDGE('',*,*,#9660,.T.);
#10033 = ORIENTED_EDGE('',*,*,#10034,.T.);
#10034 = EDGE_CURVE('',#9661,#10035,#10037,.T.);
#10035 = VERTEX_POINT('',#10036);
#10036 = CARTESIAN_POINT('',(95.538348415311,95.5,86.));
#10037 = SURFACE_CURVE('',#10038,(#10043,#10050),.PCURVE_S1.);
#10038 = CIRCLE('',#10039,7.);
#10039 = AXIS2_PLACEMENT_3D('',#10040,#10041,#10042);
#10040 = CARTESIAN_POINT('',(89.,93.,86.));
#10041 = DIRECTION('',(0.,0.,1.));
#10042 = DIRECTION('',(1.,0.,-0.));
#10043 = PCURVE('',#7114,#10044);
#10044 = DEFINITIONAL_REPRESENTATION('',(#10045),#10049);
#10045 = LINE('',#10046,#10047);
#10046 = CARTESIAN_POINT('',(0.,86.));
#10047 = VECTOR('',#10048,1.);
#10048 = DIRECTION('',(1.,0.));
#10049 = ( GEOMETRIC_REPRESENTATION_CONTEXT(2)
PARAMETRIC_REPRESENTATION_CONTEXT() REPRESENTATION_CONTEXT('2D SPACE',''
  ) );
#10050 = PCURVE('',#9696,#10051);
#10051 = DEFINITIONAL_REPRESENTATION('',(#10052),#10056);
#10052 = CIRCLE('',#10053,7.);
#10053 = AXIS2_PLACEMENT_2D('',#10054,#10055);
#10054 = CARTESIAN_POINT('',(-5.,7.5));
#10055 = DIRECTION('',(1.,0.));
#10056 = ( GEOMETRIC_REPRESENTATION_CONTEXT(2)
PARAMETRIC_REPRESENTATION_CONTEXT() REPRESENTATION_CONTEXT('2D SPACE',''
  ) );
#10057 = ORIENTED_EDGE('',*,*,#10058,.F.);
#10058 = EDGE_CURVE('',#10059,#10035,#10061,.T.);
#10059 = VERTEX_POINT('',#10060);
#10060 = CARTESIAN_POINT('',(95.538348415311,95.5,74.));
#10061 = SURFACE_CURVE('',#10062,(#10066,#10072),.PCURVE_S1.);
#10062 = LINE('',#10063,#10064);
#10063 = CARTESIAN_POINT('',(95.538348415311,95.5,0.));
#10064 = VECTOR('',#10065,1.);
#10065 = DIRECTION('',(0.,0.,1.));
#10066 = PCURVE('',#7114,#10067);
#10067 = DEFINITIONAL_REPRESENTATION('',(#10068),#10071);
#10068 = B_SPLINE_CURVE_WITH_KNOTS('',1,(#10069,#10070),.UNSPECIFIED.,
  .F.,.F.,(2,2),(72.8,87.2),.PIECEWISE_BEZIER_KNOTS.);
#10069 = CARTESIAN_POINT('',(0.36520722129,72.8));
#10070 = CARTESIAN_POINT('',(0.36520722129,87.2));
#10071 = ( GEOMETRIC_REPRESENTATION_CONTEXT(2)
PARAMETRIC_REPRESENTATION_CONTEXT() REPRESENTATION_CONTEXT('2D SPACE',''
  ) );
#10072 = PCURVE('',#10073,#10078);
#10073 = PLANE('',#10074);
#10074 = AXIS2_PLACEMENT_3D('',#10075,#10076,#10077);
#10075 = CARTESIAN_POINT('',(94.,95.5,74.));
#10076 = DIRECTION('',(-0.,1.,0.));
#10077 = DIRECTION('',(0.,0.,1.));
#10078 = DEFINITIONAL_REPRESENTATION('',(#10079),#10082);
#10079 = B_SPLINE_CURVE_WITH_KNOTS('',1,(#10080,#10081),.UNSPECIFIED.,
  .F.,.F.,(2,2),(72.8,87.2),.PIECEWISE_BEZIER_KNOTS.);
#10080 = CARTESIAN_POINT('',(-1.2,1.538348415311));
#10081 = CARTESIAN_POINT('',(13.2,1.538348415311));
#10082 = ( GEOMETRIC_REPRESENTATION_CONTEXT(2)
PARAMETRIC_REPRESENTATION_CONTEXT() REPRESENTATION_CONTEXT('2D SPACE',''
  ) );
#10083 = ORIENTED_EDGE('',*,*,#10084,.F.);
#10084 = EDGE_CURVE('',#9737,#10059,#10085,.T.);
#10085 = SURFACE_CURVE('',#10086,(#10091,#10098),.PCURVE_S1.);
#10086 = CIRCLE('',#10087,7.);
#10087 = AXIS2_PLACEMENT_3D('',#10088,#10089,#10090);
#10088 = CARTESIAN_POINT('',(89.,93.,74.));
#10089 = DIRECTION('',(0.,0.,1.));
#10090 = DIRECTION('',(1.,0.,-0.));
#10091 = PCURVE('',#7114,#10092);
#10092 = DEFINITIONAL_REPRESENTATION('',(#10093),#10097);
#10093 = LINE('',#10094,#10095);
#10094 = CARTESIAN_POINT('',(0.,74.));
#10095 = VECTOR('',#10096,1.);
#10096 = DIRECTION('',(1.,0.));
#10097 = ( GEOMETRIC_REPRESENTATION_CONTEXT(2)
PARAMETRIC_REPRESENTATION_CONTEXT() REPRESENTATION_CONTEXT('2D SPACE',''
  ) );
#10098 = PCURVE('',#10099,#10104);
#10099 = PLANE('',#10100);
#10100 = AXIS2_PLACEMENT_3D('',#10101,#10102,#10103);
#10101 = CARTESIAN_POINT('',(94.,85.5,74.));
#10102 = DIRECTION('',(0.,0.,1.));
#10103 = DIRECTION('',(1.,0.,-0.));
#10104 = DEFINITIONAL_REPRESENTATION('',(#10105),#10109);
#10105 = CIRCLE('',#10106,7.);
#10106 = AXIS2_PLACEMENT_2D('',#10107,#10108);
#10107 = CARTESIAN_POINT('',(-5.,7.5));
#10108 = DIRECTION('',(1.,0.));
#10109 = ( GEOMETRIC_REPRESENTATION_CONTEXT(2)
PARAMETRIC_REPRESENTATION_CONTEXT() REPRESENTATION_CONTEXT('2D SPACE',''
  ) );
#10110 = ADVANCED_FACE('',(#10111),#6926,.T.);
#10111 = FACE_BOUND('',#10112,.T.);
#10112 = EDGE_LOOP('',(#10113,#10114,#10142,#10168,#10194,#10220,#10246,
    #10247,#10268,#10294,#10313,#10314,#10315,#10316,#10317,#10338,
    #10364,#10390,#10416,#10435,#10436));
#10113 = ORIENTED_EDGE('',*,*,#9103,.F.);
#10114 = ORIENTED_EDGE('',*,*,#10115,.F.);
#10115 = EDGE_CURVE('',#10116,#9104,#10118,.T.);
#10116 = VERTEX_POINT('',#10117);
#10117 = CARTESIAN_POINT('',(96.,8.,0.5));
#10118 = SURFACE_CURVE('',#10119,(#10123,#10130),.PCURVE_S1.);
#10119 = LINE('',#10120,#10121);
#10120 = CARTESIAN_POINT('',(96.,93.,0.5));
#10121 = VECTOR('',#10122,1.);
#10122 = DIRECTION('',(0.,-1.,-0.));
#10123 = PCURVE('',#6926,#10124);
#10124 = DEFINITIONAL_REPRESENTATION('',(#10125),#10129);
#10125 = LINE('',#10126,#10127);
#10126 = CARTESIAN_POINT('',(0.5,-93.));
#10127 = VECTOR('',#10128,1.);
#10128 = DIRECTION('',(0.,1.));
#10129 = ( GEOMETRIC_REPRESENTATION_CONTEXT(2)
PARAMETRIC_REPRESENTATION_CONTEXT() REPRESENTATION_CONTEXT('2D SPACE',''
  ) );
#10130 = PCURVE('',#10131,#10136);
#10131 = CYLINDRICAL_SURFACE('',#10132,0.5);
#10132 = AXIS2_PLACEMENT_3D('',#10133,#10134,#10135);
#10133 = CARTESIAN_POINT('',(95.5,93.,0.5));
#10134 = DIRECTION('',(0.,-1.,-0.));
#10135 = DIRECTION('',(-0.,0.,-1.));
#10136 = DEFINITIONAL_REPRESENTATION('',(#10137),#10141);
#10137 = LINE('',#10138,#10139);
#10138 = CARTESIAN_POINT('',(1.570796326795,0.));
#10139 = VECTOR('',#10140,1.);
#10140 = DIRECTION('',(0.,1.));
#10141 = ( GEOMETRIC_REPRESENTATION_CONTEXT(2)
PARAMETRIC_REPRESENTATION_CONTEXT() REPRESENTATION_CONTEXT('2D SPACE',''
  ) );
#10142 = ORIENTED_EDGE('',*,*,#10143,.T.);
#10143 = EDGE_CURVE('',#10116,#10144,#10146,.T.);
#10144 = VERTEX_POINT('',#10145);
#10145 = CARTESIAN_POINT('',(96.,8.,56.));
#10146 = SURFACE_CURVE('',#10147,(#10151,#10157),.PCURVE_S1.);
#10147 = LINE('',#10148,#10149);
#10148 = CARTESIAN_POINT('',(96.,8.,0.));
#10149 = VECTOR('',#10150,1.);
#10150 = DIRECTION('',(0.,0.,1.));
#10151 = PCURVE('',#6926,#10152);
#10152 = DEFINITIONAL_REPRESENTATION('',(#10153),#10156);
#10153 = B_SPLINE_CURVE_WITH_KNOTS('',1,(#10154,#10155),.UNSPECIFIED.,
  .F.,.F.,(2,2),(0.5,56.),.PIECEWISE_BEZIER_KNOTS.);
#10154 = CARTESIAN_POINT('',(0.5,-8.));
#10155 = CARTESIAN_POINT('',(56.,-8.));
#10156 = ( GEOMETRIC_REPRESENTATION_CONTEXT(2)
PARAMETRIC_REPRESENTATION_CONTEXT() REPRESENTATION_CONTEXT('2D SPACE',''
  ) );
#10157 = PCURVE('',#10158,#10163);
#10158 = PLANE('',#10159);
#10159 = AXIS2_PLACEMENT_3D('',#10160,#10161,#10162);
#10160 = CARTESIAN_POINT('',(94.,8.,0.));
#10161 = DIRECTION('',(-0.,1.,0.));
#10162 = DIRECTION('',(0.,0.,1.));
#10163 = DEFINITIONAL_REPRESENTATION('',(#10164),#10167);
#10164 = B_SPLINE_CURVE_WITH_KNOTS('',1,(#10165,#10166),.UNSPECIFIED.,
  .F.,.F.,(2,2),(0.5,56.),.PIECEWISE_BEZIER_KNOTS.);
#10165 = CARTESIAN_POINT('',(0.5,2.));
#10166 = CARTESIAN_POINT('',(56.,2.));
#10167 = ( GEOMETRIC_REPRESENTATION_CONTEXT(2)
PARAMETRIC_REPRESENTATION_CONTEXT() REPRESENTATION_CONTEXT('2D SPACE',''
  ) );
#10168 = ORIENTED_EDGE('',*,*,#10169,.F.);
#10169 = EDGE_CURVE('',#10170,#10144,#10172,.T.);
#10170 = VERTEX_POINT('',#10171);
#10171 = CARTESIAN_POINT('',(96.,92.,56.));
#10172 = SURFACE_CURVE('',#10173,(#10177,#10183),.PCURVE_S1.);
#10173 = LINE('',#10174,#10175);
#10174 = CARTESIAN_POINT('',(96.,4.,56.));
#10175 = VECTOR('',#10176,1.);
#10176 = DIRECTION('',(0.,-1.,0.));
#10177 = PCURVE('',#6926,#10178);
#10178 = DEFINITIONAL_REPRESENTATION('',(#10179),#10182);
#10179 = B_SPLINE_CURVE_WITH_KNOTS('',1,(#10180,#10181),.UNSPECIFIED.,
  .F.,.F.,(2,2),(-88.,-4.),.PIECEWISE_BEZIER_KNOTS.);
#10180 = CARTESIAN_POINT('',(56.,-92.));
#10181 = CARTESIAN_POINT('',(56.,-8.));
#10182 = ( GEOMETRIC_REPRESENTATION_CONTEXT(2)
PARAMETRIC_REPRESENTATION_CONTEXT() REPRESENTATION_CONTEXT('2D SPACE',''
  ) );
#10183 = PCURVE('',#10184,#10189);
#10184 = PLANE('',#10185);
#10185 = AXIS2_PLACEMENT_3D('',#10186,#10187,#10188);
#10186 = CARTESIAN_POINT('',(94.,8.,56.));
#10187 = DIRECTION('',(0.,0.,1.));
#10188 = DIRECTION('',(1.,0.,-0.));
#10189 = DEFINITIONAL_REPRESENTATION('',(#10190),#10193);
#10190 = B_SPLINE_CURVE_WITH_KNOTS('',1,(#10191,#10192),.UNSPECIFIED.,
  .F.,.F.,(2,2),(-88.,-4.),.PIECEWISE_BEZIER_KNOTS.);
#10191 = CARTESIAN_POINT('',(2.,84.));
#10192 = CARTESIAN_POINT('',(2.,0.));
#10193 = ( GEOMETRIC_REPRESENTATION_CONTEXT(2)
PARAMETRIC_REPRESENTATION_CONTEXT() REPRESENTATION_CONTEXT('2D SPACE',''
  ) );
#10194 = ORIENTED_EDGE('',*,*,#10195,.F.);
#10195 = EDGE_CURVE('',#10196,#10170,#10198,.T.);
#10196 = VERTEX_POINT('',#10197);
#10197 = CARTESIAN_POINT('',(96.,92.,0.5));
#10198 = SURFACE_CURVE('',#10199,(#10203,#10209),.PCURVE_S1.);
#10199 = LINE('',#10200,#10201);
#10200 = CARTESIAN_POINT('',(96.,92.,0.));
#10201 = VECTOR('',#10202,1.);
#10202 = DIRECTION('',(0.,0.,1.));
#10203 = PCURVE('',#6926,#10204);
#10204 = DEFINITIONAL_REPRESENTATION('',(#10205),#10208);
#10205 = B_SPLINE_CURVE_WITH_KNOTS('',1,(#10206,#10207),.UNSPECIFIED.,
  .F.,.F.,(2,2),(0.5,56.),.PIECEWISE_BEZIER_KNOTS.);
#10206 = CARTESIAN_POINT('',(0.5,-92.));
#10207 = CARTESIAN_POINT('',(56.,-92.));
#10208 = ( GEOMETRIC_REPRESENTATION_CONTEXT(2)
PARAMETRIC_REPRESENTATION_CONTEXT() REPRESENTATION_CONTEXT('2D SPACE',''
  ) );
#10209 = PCURVE('',#10210,#10215);
#10210 = PLANE('',#10211);
#10211 = AXIS2_PLACEMENT_3D('',#10212,#10213,#10214);
#10212 = CARTESIAN_POINT('',(94.,92.,0.));
#10213 = DIRECTION('',(-0.,1.,0.));
#10214 = DIRECTION('',(0.,0.,1.));
#10215 = DEFINITIONAL_REPRESENTATION('',(#10216),#10219);
#10216 = B_SPLINE_CURVE_WITH_KNOTS('',1,(#10217,#10218),.UNSPECIFIED.,
  .F.,.F.,(2,2),(0.5,56.),.PIECEWISE_BEZIER_KNOTS.);
#10217 = CARTESIAN_POINT('',(0.5,2.));
#10218 = CARTESIAN_POINT('',(56.,2.));
#10219 = ( GEOMETRIC_REPRESENTATION_CONTEXT(2)
PARAMETRIC_REPRESENTATION_CONTEXT() REPRESENTATION_CONTEXT('2D SPACE',''
  ) );
#10220 = ORIENTED_EDGE('',*,*,#10221,.F.);
#10221 = EDGE_CURVE('',#9735,#10196,#10222,.T.);
#10222 = SURFACE_CURVE('',#10223,(#10227,#10234),.PCURVE_S1.);
#10223 = LINE('',#10224,#10225);
#10224 = CARTESIAN_POINT('',(96.,93.,0.5));
#10225 = VECTOR('',#10226,1.);
#10226 = DIRECTION('',(0.,-1.,-0.));
#10227 = PCURVE('',#6926,#10228);
#10228 = DEFINITIONAL_REPRESENTATION('',(#10229),#10233);
#10229 = LINE('',#10230,#10231);
#10230 = CARTESIAN_POINT('',(0.5,-93.));
#10231 = VECTOR('',#10232,1.);
#10232 = DIRECTION('',(0.,1.));
#10233 = ( GEOMETRIC_REPRESENTATION_CONTEXT(2)
PARAMETRIC_REPRESENTATION_CONTEXT() REPRESENTATION_CONTEXT('2D SPACE',''
  ) );
#10234 = PCURVE('',#10235,#10240);
#10235 = CYLINDRICAL_SURFACE('',#10236,0.5);
#10236 = AXIS2_PLACEMENT_3D('',#10237,#10238,#10239);
#10237 = CARTESIAN_POINT('',(95.5,93.,0.5));
#10238 = DIRECTION('',(0.,-1.,-0.));
#10239 = DIRECTION('',(-0.,0.,-1.));
#10240 = DEFINITIONAL_REPRESENTATION('',(#10241),#10245);
#10241 = LINE('',#10242,#10243);
#10242 = CARTESIAN_POINT('',(1.570796326795,0.));
#10243 = VECTOR('',#10244,1.);
#10244 = DIRECTION('',(0.,1.));
#10245 = ( GEOMETRIC_REPRESENTATION_CONTEXT(2)
PARAMETRIC_REPRESENTATION_CONTEXT() REPRESENTATION_CONTEXT('2D SPACE',''
  ) );
#10246 = ORIENTED_EDGE('',*,*,#9734,.T.);
#10247 = ORIENTED_EDGE('',*,*,#10248,.T.);
#10248 = EDGE_CURVE('',#9737,#10249,#10251,.T.);
#10249 = VERTEX_POINT('',#10250);
#10250 = CARTESIAN_POINT('',(96.,85.5,74.));
#10251 = SURFACE_CURVE('',#10252,(#10256,#10262),.PCURVE_S1.);
#10252 = LINE('',#10253,#10254);
#10253 = CARTESIAN_POINT('',(96.,42.75,74.));
#10254 = VECTOR('',#10255,1.);
#10255 = DIRECTION('',(0.,-1.,0.));
#10256 = PCURVE('',#6926,#10257);
#10257 = DEFINITIONAL_REPRESENTATION('',(#10258),#10261);
#10258 = B_SPLINE_CURVE_WITH_KNOTS('',1,(#10259,#10260),.UNSPECIFIED.,
  .F.,.F.,(2,2),(-50.25,-42.75),.PIECEWISE_BEZIER_KNOTS.);
#10259 = CARTESIAN_POINT('',(74.,-93.));
#10260 = CARTESIAN_POINT('',(74.,-85.5));
#10261 = ( GEOMETRIC_REPRESENTATION_CONTEXT(2)
PARAMETRIC_REPRESENTATION_CONTEXT() REPRESENTATION_CONTEXT('2D SPACE',''
  ) );
#10262 = PCURVE('',#10099,#10263);
#10263 = DEFINITIONAL_REPRESENTATION('',(#10264),#10267);
#10264 = B_SPLINE_CURVE_WITH_KNOTS('',1,(#10265,#10266),.UNSPECIFIED.,
  .F.,.F.,(2,2),(-50.25,-42.75),.PIECEWISE_BEZIER_KNOTS.);
#10265 = CARTESIAN_POINT('',(2.,7.5));
#10266 = CARTESIAN_POINT('',(2.,0.));
#10267 = ( GEOMETRIC_REPRESENTATION_CONTEXT(2)
PARAMETRIC_REPRESENTATION_CONTEXT() REPRESENTATION_CONTEXT('2D SPACE',''
  ) );
#10268 = ORIENTED_EDGE('',*,*,#10269,.T.);
#10269 = EDGE_CURVE('',#10249,#10270,#10272,.T.);
#10270 = VERTEX_POINT('',#10271);
#10271 = CARTESIAN_POINT('',(96.,85.5,86.));
#10272 = SURFACE_CURVE('',#10273,(#10277,#10283),.PCURVE_S1.);
#10273 = LINE('',#10274,#10275);
#10274 = CARTESIAN_POINT('',(96.,85.5,37.));
#10275 = VECTOR('',#10276,1.);
#10276 = DIRECTION('',(0.,0.,1.));
#10277 = PCURVE('',#6926,#10278);
#10278 = DEFINITIONAL_REPRESENTATION('',(#10279),#10282);
#10279 = B_SPLINE_CURVE_WITH_KNOTS('',1,(#10280,#10281),.UNSPECIFIED.,
  .F.,.F.,(2,2),(37.,49.),.PIECEWISE_BEZIER_KNOTS.);
#10280 = CARTESIAN_POINT('',(74.,-85.5));
#10281 = CARTESIAN_POINT('',(86.,-85.5));
#10282 = ( GEOMETRIC_REPRESENTATION_CONTEXT(2)
PARAMETRIC_REPRESENTATION_CONTEXT() REPRESENTATION_CONTEXT('2D SPACE',''
  ) );
#10283 = PCURVE('',#10284,#10289);
#10284 = PLANE('',#10285);
#10285 = AXIS2_PLACEMENT_3D('',#10286,#10287,#10288);
#10286 = CARTESIAN_POINT('',(94.,85.5,74.));
#10287 = DIRECTION('',(-0.,1.,0.));
#10288 = DIRECTION('',(0.,0.,1.));
#10289 = DEFINITIONAL_REPRESENTATION('',(#10290),#10293);
#10290 = B_SPLINE_CURVE_WITH_KNOTS('',1,(#10291,#10292),.UNSPECIFIED.,
  .F.,.F.,(2,2),(37.,49.),.PIECEWISE_BEZIER_KNOTS.);
#10291 = CARTESIAN_POINT('',(0.,2.));
#10292 = CARTESIAN_POINT('',(12.,2.));
#10293 = ( GEOMETRIC_REPRESENTATION_CONTEXT(2)
PARAMETRIC_REPRESENTATION_CONTEXT() REPRESENTATION_CONTEXT('2D SPACE',''
  ) );
#10294 = ORIENTED_EDGE('',*,*,#10295,.F.);
#10295 = EDGE_CURVE('',#9424,#10270,#10296,.T.);
#10296 = SURFACE_CURVE('',#10297,(#10301,#10307),.PCURVE_S1.);
#10297 = LINE('',#10298,#10299);
#10298 = CARTESIAN_POINT('',(96.,42.75,86.));
#10299 = VECTOR('',#10300,1.);
#10300 = DIRECTION('',(0.,-1.,0.));
#10301 = PCURVE('',#6926,#10302);
#10302 = DEFINITIONAL_REPRESENTATION('',(#10303),#10306);
#10303 = B_SPLINE_CURVE_WITH_KNOTS('',1,(#10304,#10305),.UNSPECIFIED.,
  .F.,.F.,(2,2),(-44.75,-42.75),.PIECEWISE_BEZIER_KNOTS.);
#10304 = CARTESIAN_POINT('',(86.,-87.5));
#10305 = CARTESIAN_POINT('',(86.,-85.5));
#10306 = ( GEOMETRIC_REPRESENTATION_CONTEXT(2)
PARAMETRIC_REPRESENTATION_CONTEXT() REPRESENTATION_CONTEXT('2D SPACE',''
  ) );
#10307 = PCURVE('',#9459,#10308);
#10308 = DEFINITIONAL_REPRESENTATION('',(#10309),#10312);
#10309 = B_SPLINE_CURVE_WITH_KNOTS('',1,(#10310,#10311),.UNSPECIFIED.,
  .F.,.F.,(2,2),(-44.75,-42.75),.PIECEWISE_BEZIER_KNOTS.);
#10310 = CARTESIAN_POINT('',(2.,2.));
#10311 = CARTESIAN_POINT('',(2.,0.));
#10312 = ( GEOMETRIC_REPRESENTATION_CONTEXT(2)
PARAMETRIC_REPRESENTATION_CONTEXT() REPRESENTATION_CONTEXT('2D SPACE',''
  ) );
#10313 = ORIENTED_EDGE('',*,*,#9423,.F.);
#10314 = ORIENTED_EDGE('',*,*,#6909,.F.);
#10315 = ORIENTED_EDGE('',*,*,#6986,.F.);
#10316 = ORIENTED_EDGE('',*,*,#10011,.T.);
#10317 = ORIENTED_EDGE('',*,*,#10318,.T.);
#10318 = EDGE_CURVE('',#9983,#10319,#10321,.T.);
#10319 = VERTEX_POINT('',#10320);
#10320 = CARTESIAN_POINT('',(96.,84.3,132.));
#10321 = SURFACE_CURVE('',#10322,(#10326,#10332),.PCURVE_S1.);
#10322 = LINE('',#10323,#10324);
#10323 = CARTESIAN_POINT('',(96.,42.,132.));
#10324 = VECTOR('',#10325,1.);
#10325 = DIRECTION('',(0.,-1.,0.));
#10326 = PCURVE('',#6926,#10327);
#10327 = DEFINITIONAL_REPRESENTATION('',(#10328),#10331);
#10328 = B_SPLINE_CURVE_WITH_KNOTS('',1,(#10329,#10330),.UNSPECIFIED.,
  .F.,.F.,(2,2),(-51.,-42.3),.PIECEWISE_BEZIER_KNOTS.);
#10329 = CARTESIAN_POINT('',(132.,-93.));
#10330 = CARTESIAN_POINT('',(132.,-84.3));
#10331 = ( GEOMETRIC_REPRESENTATION_CONTEXT(2)
PARAMETRIC_REPRESENTATION_CONTEXT() REPRESENTATION_CONTEXT('2D SPACE',''
  ) );
#10332 = PCURVE('',#9999,#10333);
#10333 = DEFINITIONAL_REPRESENTATION('',(#10334),#10337);
#10334 = B_SPLINE_CURVE_WITH_KNOTS('',1,(#10335,#10336),.UNSPECIFIED.,
  .F.,.F.,(2,2),(-51.,-42.3),.PIECEWISE_BEZIER_KNOTS.);
#10335 = CARTESIAN_POINT('',(1.,9.));
#10336 = CARTESIAN_POINT('',(1.,0.3));
#10337 = ( GEOMETRIC_REPRESENTATION_CONTEXT(2)
PARAMETRIC_REPRESENTATION_CONTEXT() REPRESENTATION_CONTEXT('2D SPACE',''
  ) );
#10338 = ORIENTED_EDGE('',*,*,#10339,.T.);
#10339 = EDGE_CURVE('',#10319,#10340,#10342,.T.);
#10340 = VERTEX_POINT('',#10341);
#10341 = CARTESIAN_POINT('',(96.,84.,132.3));
#10342 = SURFACE_CURVE('',#10343,(#10347,#10353),.PCURVE_S1.);
#10343 = LINE('',#10344,#10345);
#10344 = CARTESIAN_POINT('',(96.,96.150000000001,120.14999999999));
#10345 = VECTOR('',#10346,1.);
#10346 = DIRECTION('',(0.,-0.707106781187,0.707106781187));
#10347 = PCURVE('',#6926,#10348);
#10348 = DEFINITIONAL_REPRESENTATION('',(#10349),#10352);
#10349 = B_SPLINE_CURVE_WITH_KNOTS('',1,(#10350,#10351),.UNSPECIFIED.,
  .F.,.F.,(2,2),(16.758430714123,17.182694782835),
  .PIECEWISE_BEZIER_KNOTS.);
#10350 = CARTESIAN_POINT('',(132.,-84.3));
#10351 = CARTESIAN_POINT('',(132.3,-84.));
#10352 = ( GEOMETRIC_REPRESENTATION_CONTEXT(2)
PARAMETRIC_REPRESENTATION_CONTEXT() REPRESENTATION_CONTEXT('2D SPACE',''
  ) );
#10353 = PCURVE('',#10354,#10359);
#10354 = PLANE('',#10355);
#10355 = AXIS2_PLACEMENT_3D('',#10356,#10357,#10358);
#10356 = CARTESIAN_POINT('',(95.,84.15,132.15));
#10357 = DIRECTION('',(3.472568050348E-18,-0.707106781187,
    -0.707106781187));
#10358 = DIRECTION('',(-1.,-2.455476416533E-18,-2.455476416532E-18));
#10359 = DEFINITIONAL_REPRESENTATION('',(#10360),#10363);
#10360 = B_SPLINE_CURVE_WITH_KNOTS('',1,(#10361,#10362),.UNSPECIFIED.,
  .F.,.F.,(2,2),(16.758430714123,17.182694782835),
  .PIECEWISE_BEZIER_KNOTS.);
#10361 = CARTESIAN_POINT('',(-1.,0.212132034356));
#10362 = CARTESIAN_POINT('',(-1.,-0.212132034356));
#10363 = ( GEOMETRIC_REPRESENTATION_CONTEXT(2)
PARAMETRIC_REPRESENTATION_CONTEXT() REPRESENTATION_CONTEXT('2D SPACE',''
  ) );
#10364 = ORIENTED_EDGE('',*,*,#10365,.T.);
#10365 = EDGE_CURVE('',#10340,#10366,#10368,.T.);
#10366 = VERTEX_POINT('',#10367);
#10367 = CARTESIAN_POINT('',(96.,84.,135.7));
#10368 = SURFACE_CURVE('',#10369,(#10373,#10379),.PCURVE_S1.);
#10369 = LINE('',#10370,#10371);
#10370 = CARTESIAN_POINT('',(96.,84.,66.));
#10371 = VECTOR('',#10372,1.);
#10372 = DIRECTION('',(0.,0.,1.));
#10373 = PCURVE('',#6926,#10374);
#10374 = DEFINITIONAL_REPRESENTATION('',(#10375),#10378);
#10375 = B_SPLINE_CURVE_WITH_KNOTS('',1,(#10376,#10377),.UNSPECIFIED.,
  .F.,.F.,(2,2),(66.3,69.7),.PIECEWISE_BEZIER_KNOTS.);
#10376 = CARTESIAN_POINT('',(132.3,-84.));
#10377 = CARTESIAN_POINT('',(135.7,-84.));
#10378 = ( GEOMETRIC_REPRESENTATION_CONTEXT(2)
PARAMETRIC_REPRESENTATION_CONTEXT() REPRESENTATION_CONTEXT('2D SPACE',''
  ) );
#10379 = PCURVE('',#10380,#10385);
#10380 = PLANE('',#10381);
#10381 = AXIS2_PLACEMENT_3D('',#10382,#10383,#10384);
#10382 = CARTESIAN_POINT('',(95.,84.,132.));
#10383 = DIRECTION('',(-0.,1.,0.));
#10384 = DIRECTION('',(0.,0.,1.));
#10385 = DEFINITIONAL_REPRESENTATION('',(#10386),#10389);
#10386 = B_SPLINE_CURVE_WITH_KNOTS('',1,(#10387,#10388),.UNSPECIFIED.,
  .F.,.F.,(2,2),(66.3,69.7),.PIECEWISE_BEZIER_KNOTS.);
#10387 = CARTESIAN_POINT('',(0.3,1.));
#10388 = CARTESIAN_POINT('',(3.7,1.));
#10389 = ( GEOMETRIC_REPRESENTATION_CONTEXT(2)
PARAMETRIC_REPRESENTATION_CONTEXT() REPRESENTATION_CONTEXT('2D SPACE',''
  ) );
#10390 = ORIENTED_EDGE('',*,*,#10391,.F.);
#10391 = EDGE_CURVE('',#10392,#10366,#10394,.T.);
#10392 = VERTEX_POINT('',#10393);
#10393 = CARTESIAN_POINT('',(96.,84.3,136.));
#10394 = SURFACE_CURVE('',#10395,(#10399,#10405),.PCURVE_S1.);
#10395 = LINE('',#10396,#10397);
#10396 = CARTESIAN_POINT('',(96.,29.150000000001,80.849999999998));
#10397 = VECTOR('',#10398,1.);
#10398 = DIRECTION('',(0.,-0.707106781187,-0.707106781187));
#10399 = PCURVE('',#6926,#10400);
#10400 = DEFINITIONAL_REPRESENTATION('',(#10401),#10404);
#10401 = B_SPLINE_CURVE_WITH_KNOTS('',1,(#10402,#10403),.UNSPECIFIED.,
  .F.,.F.,(2,2),(-77.99387796487,-77.56961389616),
  .PIECEWISE_BEZIER_KNOTS.);
#10402 = CARTESIAN_POINT('',(136.,-84.3));
#10403 = CARTESIAN_POINT('',(135.7,-84.));
#10404 = ( GEOMETRIC_REPRESENTATION_CONTEXT(2)
PARAMETRIC_REPRESENTATION_CONTEXT() REPRESENTATION_CONTEXT('2D SPACE',''
  ) );
#10405 = PCURVE('',#10406,#10411);
#10406 = PLANE('',#10407);
#10407 = AXIS2_PLACEMENT_3D('',#10408,#10409,#10410);
#10408 = CARTESIAN_POINT('',(95.,84.15,135.85));
#10409 = DIRECTION('',(-3.472568050348E-18,0.707106781187,
    -0.707106781187));
#10410 = DIRECTION('',(-1.,-2.455476416533E-18,2.455476416532E-18));
#10411 = DEFINITIONAL_REPRESENTATION('',(#10412),#10415);
#10412 = B_SPLINE_CURVE_WITH_KNOTS('',1,(#10413,#10414),.UNSPECIFIED.,
  .F.,.F.,(2,2),(-77.99387796487,-77.56961389616),
  .PIECEWISE_BEZIER_KNOTS.);
#10413 = CARTESIAN_POINT('',(-1.,0.212132034356));
#10414 = CARTESIAN_POINT('',(-1.,-0.212132034356));
#10415 = ( GEOMETRIC_REPRESENTATION_CONTEXT(2)
PARAMETRIC_REPRESENTATION_CONTEXT() REPRESENTATION_CONTEXT('2D SPACE',''
  ) );
#10416 = ORIENTED_EDGE('',*,*,#10417,.F.);
#10417 = EDGE_CURVE('',#9841,#10392,#10418,.T.);
#10418 = SURFACE_CURVE('',#10419,(#10423,#10429),.PCURVE_S1.);
#10419 = LINE('',#10420,#10421);
#10420 = CARTESIAN_POINT('',(96.,42.,136.));
#10421 = VECTOR('',#10422,1.);
#10422 = DIRECTION('',(0.,-1.,0.));
#10423 = PCURVE('',#6926,#10424);
#10424 = DEFINITIONAL_REPRESENTATION('',(#10425),#10428);
#10425 = B_SPLINE_CURVE_WITH_KNOTS('',1,(#10426,#10427),.UNSPECIFIED.,
  .F.,.F.,(2,2),(-51.,-42.3),.PIECEWISE_BEZIER_KNOTS.);
#10426 = CARTESIAN_POINT('',(136.,-93.));
#10427 = CARTESIAN_POINT('',(136.,-84.3));
#10428 = ( GEOMETRIC_REPRESENTATION_CONTEXT(2)
PARAMETRIC_REPRESENTATION_CONTEXT() REPRESENTATION_CONTEXT('2D SPACE',''
  ) );
#10429 = PCURVE('',#9880,#10430);
#10430 = DEFINITIONAL_REPRESENTATION('',(#10431),#10434);
#10431 = B_SPLINE_CURVE_WITH_KNOTS('',1,(#10432,#10433),.UNSPECIFIED.,
  .F.,.F.,(2,2),(-51.,-42.3),.PIECEWISE_BEZIER_KNOTS.);
#10432 = CARTESIAN_POINT('',(1.,9.));
#10433 = CARTESIAN_POINT('',(1.,0.3));
#10434 = ( GEOMETRIC_REPRESENTATION_CONTEXT(2)
PARAMETRIC_REPRESENTATION_CONTEXT() REPRESENTATION_CONTEXT('2D SPACE',''
  ) );
#10435 = ORIENTED_EDGE('',*,*,#9840,.T.);
#10436 = ORIENTED_EDGE('',*,*,#10437,.T.);
#10437 = EDGE_CURVE('',#9817,#9080,#10438,.T.);
#10438 = SURFACE_CURVE('',#10439,(#10443,#10450),.PCURVE_S1.);
#10439 = LINE('',#10440,#10441);
#10440 = CARTESIAN_POINT('',(96.,93.,157.5));
#10441 = VECTOR('',#10442,1.);
#10442 = DIRECTION('',(0.,-1.,-0.));
#10443 = PCURVE('',#6926,#10444);
#10444 = DEFINITIONAL_REPRESENTATION('',(#10445),#10449);
#10445 = LINE('',#10446,#10447);
#10446 = CARTESIAN_POINT('',(157.5,-93.));
#10447 = VECTOR('',#10448,1.);
#10448 = DIRECTION('',(0.,1.));
#10449 = ( GEOMETRIC_REPRESENTATION_CONTEXT(2)
PARAMETRIC_REPRESENTATION_CONTEXT() REPRESENTATION_CONTEXT('2D SPACE',''
  ) );
#10450 = PCURVE('',#8578,#10451);
#10451 = DEFINITIONAL_REPRESENTATION('',(#10452),#10456);
#10452 = LINE('',#10453,#10454);
#10453 = CARTESIAN_POINT('',(-1.570796326795,0.));
#10454 = VECTOR('',#10455,1.);
#10455 = DIRECTION('',(-0.,1.));
#10456 = ( GEOMETRIC_REPRESENTATION_CONTEXT(2)
PARAMETRIC_REPRESENTATION_CONTEXT() REPRESENTATION_CONTEXT('2D SPACE',''
  ) );
#10457 = ADVANCED_FACE('',(#10458),#7504,.T.);
#10458 = FACE_BOUND('',#10459,.T.);
#10459 = EDGE_LOOP('',(#10460,#10461,#10462,#10463));
#10460 = ORIENTED_EDGE('',*,*,#8716,.F.);
#10461 = ORIENTED_EDGE('',*,*,#7599,.T.);
#10462 = ORIENTED_EDGE('',*,*,#7486,.T.);
#10463 = ORIENTED_EDGE('',*,*,#7844,.F.);
#10464 = ADVANCED_FACE('',(#10465,#10468),#8139,.T.);
#10465 = FACE_BOUND('',#10466,.T.);
#10466 = EDGE_LOOP('',(#10467));
#10467 = ORIENTED_EDGE('',*,*,#8124,.T.);
#10468 = FACE_BOUND('',#10469,.T.);
#10469 = EDGE_LOOP('',(#10470));
#10470 = ORIENTED_EDGE('',*,*,#10471,.F.);
#10471 = EDGE_CURVE('',#10472,#10472,#10474,.T.);
#10472 = VERTEX_POINT('',#10473);
#10473 = CARTESIAN_POINT('',(19.4,45.,9.));
#10474 = SURFACE_CURVE('',#10475,(#10480,#10487),.PCURVE_S1.);
#10475 = CIRCLE('',#10476,1.4);
#10476 = AXIS2_PLACEMENT_3D('',#10477,#10478,#10479);
#10477 = CARTESIAN_POINT('',(18.,45.,9.));
#10478 = DIRECTION('',(0.,0.,1.));
#10479 = DIRECTION('',(1.,0.,-0.));
#10480 = PCURVE('',#8139,#10481);
#10481 = DEFINITIONAL_REPRESENTATION('',(#10482),#10486);
#10482 = CIRCLE('',#10483,1.4);
#10483 = AXIS2_PLACEMENT_2D('',#10484,#10485);
#10484 = CARTESIAN_POINT('',(0.,0.));
#10485 = DIRECTION('',(1.,0.));
#10486 = ( GEOMETRIC_REPRESENTATION_CONTEXT(2)
PARAMETRIC_REPRESENTATION_CONTEXT() REPRESENTATION_CONTEXT('2D SPACE',''
  ) );
#10487 = PCURVE('',#10488,#10493);
#10488 = CYLINDRICAL_SURFACE('',#10489,1.4);
#10489 = AXIS2_PLACEMENT_3D('',#10490,#10491,#10492);
#10490 = CARTESIAN_POINT('',(18.,45.,4.));
#10491 = DIRECTION('',(0.,0.,1.));
#10492 = DIRECTION('',(1.,0.,-0.));
#10493 = DEFINITIONAL_REPRESENTATION('',(#10494),#10498);
#10494 = LINE('',#10495,#10496);
#10495 = CARTESIAN_POINT('',(0.,5.));
#10496 = VECTOR('',#10497,1.);
#10497 = DIRECTION('',(1.,0.));
#10498 = ( GEOMETRIC_REPRESENTATION_CONTEXT(2)
PARAMETRIC_REPRESENTATION_CONTEXT() REPRESENTATION_CONTEXT('2D SPACE',''
  ) );
#10499 = ADVANCED_FACE('',(#10500),#8174,.F.);
#10500 = FACE_BOUND('',#10501,.F.);
#10501 = EDGE_LOOP('',(#10502,#10503,#10526,#10553));
#10502 = ORIENTED_EDGE('',*,*,#8157,.F.);
#10503 = ORIENTED_EDGE('',*,*,#10504,.F.);
#10504 = EDGE_CURVE('',#10505,#8158,#10507,.T.);
#10505 = VERTEX_POINT('',#10506);
#10506 = CARTESIAN_POINT('',(79.4,45.,4.));
#10507 = SEAM_CURVE('',#10508,(#10512,#10519),.PCURVE_S1.);
#10508 = LINE('',#10509,#10510);
#10509 = CARTESIAN_POINT('',(79.4,45.,4.));
#10510 = VECTOR('',#10511,1.);
#10511 = DIRECTION('',(0.,0.,1.));
#10512 = PCURVE('',#8174,#10513);
#10513 = DEFINITIONAL_REPRESENTATION('',(#10514),#10518);
#10514 = LINE('',#10515,#10516);
#10515 = CARTESIAN_POINT('',(6.28318530718,-0.));
#10516 = VECTOR('',#10517,1.);
#10517 = DIRECTION('',(0.,1.));
#10518 = ( GEOMETRIC_REPRESENTATION_CONTEXT(2)
PARAMETRIC_REPRESENTATION_CONTEXT() REPRESENTATION_CONTEXT('2D SPACE',''
  ) );
#10519 = PCURVE('',#8174,#10520);
#10520 = DEFINITIONAL_REPRESENTATION('',(#10521),#10525);
#10521 = LINE('',#10522,#10523);
#10522 = CARTESIAN_POINT('',(0.,-0.));
#10523 = VECTOR('',#10524,1.);
#10524 = DIRECTION('',(0.,1.));
#10525 = ( GEOMETRIC_REPRESENTATION_CONTEXT(2)
PARAMETRIC_REPRESENTATION_CONTEXT() REPRESENTATION_CONTEXT('2D SPACE',''
  ) );
#10526 = ORIENTED_EDGE('',*,*,#10527,.T.);
#10527 = EDGE_CURVE('',#10505,#10505,#10528,.T.);
#10528 = SURFACE_CURVE('',#10529,(#10534,#10541),.PCURVE_S1.);
#10529 = CIRCLE('',#10530,1.4);
#10530 = AXIS2_PLACEMENT_3D('',#10531,#10532,#10533);
#10531 = CARTESIAN_POINT('',(78.,45.,4.));
#10532 = DIRECTION('',(0.,0.,1.));
#10533 = DIRECTION('',(1.,0.,-0.));
#10534 = PCURVE('',#8174,#10535);
#10535 = DEFINITIONAL_REPRESENTATION('',(#10536),#10540);
#10536 = LINE('',#10537,#10538);
#10537 = CARTESIAN_POINT('',(0.,0.));
#10538 = VECTOR('',#10539,1.);
#10539 = DIRECTION('',(1.,0.));
#10540 = ( GEOMETRIC_REPRESENTATION_CONTEXT(2)
PARAMETRIC_REPRESENTATION_CONTEXT() REPRESENTATION_CONTEXT('2D SPACE',''
  ) );
#10541 = PCURVE('',#10542,#10547);
#10542 = PLANE('',#10543);
#10543 = AXIS2_PLACEMENT_3D('',#10544,#10545,#10546);
#10544 = CARTESIAN_POINT('',(78.,45.,4.));
#10545 = DIRECTION('',(0.,0.,1.));
#10546 = DIRECTION('',(1.,0.,-0.));
#10547 = DEFINITIONAL_REPRESENTATION('',(#10548),#10552);
#10548 = CIRCLE('',#10549,1.4);
#10549 = AXIS2_PLACEMENT_2D('',#10550,#10551);
#10550 = CARTESIAN_POINT('',(0.,0.));
#10551 = DIRECTION('',(1.,0.));
#10552 = ( GEOMETRIC_REPRESENTATION_CONTEXT(2)
PARAMETRIC_REPRESENTATION_CONTEXT() REPRESENTATION_CONTEXT('2D SPACE',''
  ) );
#10553 = ORIENTED_EDGE('',*,*,#10504,.T.);
#10554 = ADVANCED_FACE('',(#10555),#8228,.F.);
#10555 = FACE_BOUND('',#10556,.F.);
#10556 = EDGE_LOOP('',(#10557,#10580,#10581,#10604));
#10557 = ORIENTED_EDGE('',*,*,#10558,.F.);
#10558 = EDGE_CURVE('',#8190,#10559,#10561,.T.);
#10559 = VERTEX_POINT('',#10560);
#10560 = CARTESIAN_POINT('',(1.212918654403E-14,77.3,98.2));
#10561 = SURFACE_CURVE('',#10562,(#10566,#10573),.PCURVE_S1.);
#10562 = LINE('',#10563,#10564);
#10563 = CARTESIAN_POINT('',(0.2,77.1,98.4));
#10564 = VECTOR('',#10565,1.);
#10565 = DIRECTION('',(-0.57735026919,0.57735026919,-0.57735026919));
#10566 = PCURVE('',#8228,#10567);
#10567 = DEFINITIONAL_REPRESENTATION('',(#10568),#10572);
#10568 = LINE('',#10569,#10570);
#10569 = CARTESIAN_POINT('',(-9.999999999999E-02,-7.071067811865E-02));
#10570 = VECTOR('',#10571,1.);
#10571 = DIRECTION('',(-0.57735026919,0.816496580928));
#10572 = ( GEOMETRIC_REPRESENTATION_CONTEXT(2)
PARAMETRIC_REPRESENTATION_CONTEXT() REPRESENTATION_CONTEXT('2D SPACE',''
  ) );
#10573 = PCURVE('',#8282,#10574);
#10574 = DEFINITIONAL_REPRESENTATION('',(#10575),#10579);
#10575 = LINE('',#10576,#10577);
#10576 = CARTESIAN_POINT('',(-0.1,-7.071067811866E-02));
#10577 = VECTOR('',#10578,1.);
#10578 = DIRECTION('',(-0.57735026919,0.816496580928));
#10579 = ( GEOMETRIC_REPRESENTATION_CONTEXT(2)
PARAMETRIC_REPRESENTATION_CONTEXT() REPRESENTATION_CONTEXT('2D SPACE',''
  ) );
#10580 = ORIENTED_EDGE('',*,*,#8212,.T.);
#10581 = ORIENTED_EDGE('',*,*,#10582,.T.);
#10582 = EDGE_CURVE('',#8213,#10583,#10585,.T.);
#10583 = VERTEX_POINT('',#10584);
#10584 = CARTESIAN_POINT('',(1.204591981718E-14,48.7,98.2));
#10585 = SURFACE_CURVE('',#10586,(#10590,#10597),.PCURVE_S1.);
#10586 = LINE('',#10587,#10588);
#10587 = CARTESIAN_POINT('',(4.866666666667,53.566666666667,
    103.06666666666));
#10588 = VECTOR('',#10589,1.);
#10589 = DIRECTION('',(-0.57735026919,-0.57735026919,-0.57735026919));
#10590 = PCURVE('',#8228,#10591);
#10591 = DEFINITIONAL_REPRESENTATION('',(#10592),#10596);
#10592 = LINE('',#10593,#10594);
#10593 = CARTESIAN_POINT('',(23.433333333333,-6.670373969193));
#10594 = VECTOR('',#10595,1.);
#10595 = DIRECTION('',(0.57735026919,0.816496580928));
#10596 = ( GEOMETRIC_REPRESENTATION_CONTEXT(2)
PARAMETRIC_REPRESENTATION_CONTEXT() REPRESENTATION_CONTEXT('2D SPACE',''
  ) );
#10597 = PCURVE('',#8336,#10598);
#10598 = DEFINITIONAL_REPRESENTATION('',(#10599),#10603);
#10599 = LINE('',#10600,#10601);
#10600 = CARTESIAN_POINT('',(4.566666666667,-6.670373969193));
#10601 = VECTOR('',#10602,1.);
#10602 = DIRECTION('',(-0.57735026919,0.816496580928));
#10603 = ( GEOMETRIC_REPRESENTATION_CONTEXT(2)
PARAMETRIC_REPRESENTATION_CONTEXT() REPRESENTATION_CONTEXT('2D SPACE',''
  ) );
#10604 = ORIENTED_EDGE('',*,*,#10605,.F.);
#10605 = EDGE_CURVE('',#10559,#10583,#10606,.T.);
#10606 = SURFACE_CURVE('',#10607,(#10611,#10618),.PCURVE_S1.);
#10607 = LINE('',#10608,#10609);
#10608 = CARTESIAN_POINT('',(0.,77.,98.2));
#10609 = VECTOR('',#10610,1.);
#10610 = DIRECTION('',(0.,-1.,0.));
#10611 = PCURVE('',#8228,#10612);
#10612 = DEFINITIONAL_REPRESENTATION('',(#10613),#10617);
#10613 = LINE('',#10614,#10615);
#10614 = CARTESIAN_POINT('',(0.,0.212132034356));
#10615 = VECTOR('',#10616,1.);
#10616 = DIRECTION('',(1.,0.));
#10617 = ( GEOMETRIC_REPRESENTATION_CONTEXT(2)
PARAMETRIC_REPRESENTATION_CONTEXT() REPRESENTATION_CONTEXT('2D SPACE',''
  ) );
#10618 = PCURVE('',#9279,#10619);
#10619 = DEFINITIONAL_REPRESENTATION('',(#10620),#10624);
#10620 = LINE('',#10621,#10622);
#10621 = CARTESIAN_POINT('',(98.2,-77.));
#10622 = VECTOR('',#10623,1.);
#10623 = DIRECTION('',(0.,1.));
#10624 = ( GEOMETRIC_REPRESENTATION_CONTEXT(2)
PARAMETRIC_REPRESENTATION_CONTEXT() REPRESENTATION_CONTEXT('2D SPACE',''
  ) );
#10625 = ADVANCED_FACE('',(#10626),#8282,.T.);
#10626 = FACE_BOUND('',#10627,.T.);
#10627 = EDGE_LOOP('',(#10628,#10629,#10630,#10653));
#10628 = ORIENTED_EDGE('',*,*,#10558,.F.);
#10629 = ORIENTED_EDGE('',*,*,#8266,.T.);
#10630 = ORIENTED_EDGE('',*,*,#10631,.T.);
#10631 = EDGE_CURVE('',#8267,#10632,#10634,.T.);
#10632 = VERTEX_POINT('',#10633);
#10633 = CARTESIAN_POINT('',(2.164934898019E-15,77.3,118.8));
#10634 = SURFACE_CURVE('',#10635,(#10639,#10646),.PCURVE_S1.);
#10635 = LINE('',#10636,#10637);
#10636 = CARTESIAN_POINT('',(3.533333333333,73.766666666667,
    115.26666666666));
#10637 = VECTOR('',#10638,1.);
#10638 = DIRECTION('',(-0.57735026919,0.57735026919,0.57735026919));
#10639 = PCURVE('',#8282,#10640);
#10640 = DEFINITIONAL_REPRESENTATION('',(#10641),#10645);
#10641 = LINE('',#10642,#10643);
#10642 = CARTESIAN_POINT('',(16.766666666667,-4.784755886029));
#10643 = VECTOR('',#10644,1.);
#10644 = DIRECTION('',(0.57735026919,0.816496580928));
#10645 = ( GEOMETRIC_REPRESENTATION_CONTEXT(2)
PARAMETRIC_REPRESENTATION_CONTEXT() REPRESENTATION_CONTEXT('2D SPACE',''
  ) );
#10646 = PCURVE('',#8388,#10647);
#10647 = DEFINITIONAL_REPRESENTATION('',(#10648),#10652);
#10648 = LINE('',#10649,#10650);
#10649 = CARTESIAN_POINT('',(3.233333333333,-4.784755886029));
#10650 = VECTOR('',#10651,1.);
#10651 = DIRECTION('',(-0.57735026919,0.816496580928));
#10652 = ( GEOMETRIC_REPRESENTATION_CONTEXT(2)
PARAMETRIC_REPRESENTATION_CONTEXT() REPRESENTATION_CONTEXT('2D SPACE',''
  ) );
#10653 = ORIENTED_EDGE('',*,*,#10654,.F.);
#10654 = EDGE_CURVE('',#10559,#10632,#10655,.T.);
#10655 = SURFACE_CURVE('',#10656,(#10660,#10667),.PCURVE_S1.);
#10656 = LINE('',#10657,#10658);
#10657 = CARTESIAN_POINT('',(0.,77.3,98.5));
#10658 = VECTOR('',#10659,1.);
#10659 = DIRECTION('',(0.,0.,1.));
#10660 = PCURVE('',#8282,#10661);
#10661 = DEFINITIONAL_REPRESENTATION('',(#10662),#10666);
#10662 = LINE('',#10663,#10664);
#10663 = CARTESIAN_POINT('',(0.,0.212132034356));
#10664 = VECTOR('',#10665,1.);
#10665 = DIRECTION('',(1.,0.));
#10666 = ( GEOMETRIC_REPRESENTATION_CONTEXT(2)
PARAMETRIC_REPRESENTATION_CONTEXT() REPRESENTATION_CONTEXT('2D SPACE',''
  ) );
#10667 = PCURVE('',#9279,#10668);
#10668 = DEFINITIONAL_REPRESENTATION('',(#10669),#10673);
#10669 = LINE('',#10670,#10671);
#10670 = CARTESIAN_POINT('',(98.5,-77.3));
#10671 = VECTOR('',#10672,1.);
#10672 = DIRECTION('',(1.,0.));
#10673 = ( GEOMETRIC_REPRESENTATION_CONTEXT(2)
PARAMETRIC_REPRESENTATION_CONTEXT() REPRESENTATION_CONTEXT('2D SPACE',''
  ) );
#10674 = ADVANCED_FACE('',(#10675),#8336,.F.);
#10675 = FACE_BOUND('',#10676,.F.);
#10676 = EDGE_LOOP('',(#10677,#10678,#10679,#10702));
#10677 = ORIENTED_EDGE('',*,*,#10582,.F.);
#10678 = ORIENTED_EDGE('',*,*,#8320,.T.);
#10679 = ORIENTED_EDGE('',*,*,#10680,.T.);
#10680 = EDGE_CURVE('',#8321,#10681,#10683,.T.);
#10681 = VERTEX_POINT('',#10682);
#10682 = CARTESIAN_POINT('',(1.998401444325E-15,48.7,118.8));
#10683 = SURFACE_CURVE('',#10684,(#10688,#10695),.PCURVE_S1.);
#10684 = LINE('',#10685,#10686);
#10685 = CARTESIAN_POINT('',(8.2,56.9,110.6));
#10686 = VECTOR('',#10687,1.);
#10687 = DIRECTION('',(-0.57735026919,-0.57735026919,0.57735026919));
#10688 = PCURVE('',#8336,#10689);
#10689 = DEFINITIONAL_REPRESENTATION('',(#10690),#10694);
#10690 = LINE('',#10691,#10692);
#10691 = CARTESIAN_POINT('',(12.1,-11.3844191771));
#10692 = VECTOR('',#10693,1.);
#10693 = DIRECTION('',(0.57735026919,0.816496580928));
#10694 = ( GEOMETRIC_REPRESENTATION_CONTEXT(2)
PARAMETRIC_REPRESENTATION_CONTEXT() REPRESENTATION_CONTEXT('2D SPACE',''
  ) );
#10695 = PCURVE('',#8388,#10696);
#10696 = DEFINITIONAL_REPRESENTATION('',(#10697),#10701);
#10697 = LINE('',#10698,#10699);
#10698 = CARTESIAN_POINT('',(20.1,-11.3844191771));
#10699 = VECTOR('',#10700,1.);
#10700 = DIRECTION('',(0.57735026919,0.816496580928));
#10701 = ( GEOMETRIC_REPRESENTATION_CONTEXT(2)
PARAMETRIC_REPRESENTATION_CONTEXT() REPRESENTATION_CONTEXT('2D SPACE',''
  ) );
#10702 = ORIENTED_EDGE('',*,*,#10703,.F.);
#10703 = EDGE_CURVE('',#10583,#10681,#10704,.T.);
#10704 = SURFACE_CURVE('',#10705,(#10709,#10716),.PCURVE_S1.);
#10705 = LINE('',#10706,#10707);
#10706 = CARTESIAN_POINT('',(0.,48.7,98.5));
#10707 = VECTOR('',#10708,1.);
#10708 = DIRECTION('',(0.,0.,1.));
#10709 = PCURVE('',#8336,#10710);
#10710 = DEFINITIONAL_REPRESENTATION('',(#10711),#10715);
#10711 = LINE('',#10712,#10713);
#10712 = CARTESIAN_POINT('',(0.,0.212132034356));
#10713 = VECTOR('',#10714,1.);
#10714 = DIRECTION('',(1.,0.));
#10715 = ( GEOMETRIC_REPRESENTATION_CONTEXT(2)
PARAMETRIC_REPRESENTATION_CONTEXT() REPRESENTATION_CONTEXT('2D SPACE',''
  ) );
#10716 = PCURVE('',#9279,#10717);
#10717 = DEFINITIONAL_REPRESENTATION('',(#10718),#10722);
#10718 = LINE('',#10719,#10720);
#10719 = CARTESIAN_POINT('',(98.5,-48.7));
#10720 = VECTOR('',#10721,1.);
#10721 = DIRECTION('',(1.,0.));
#10722 = ( GEOMETRIC_REPRESENTATION_CONTEXT(2)
PARAMETRIC_REPRESENTATION_CONTEXT() REPRESENTATION_CONTEXT('2D SPACE',''
  ) );
#10723 = ADVANCED_FACE('',(#10724),#8388,.T.);
#10724 = FACE_BOUND('',#10725,.T.);
#10725 = EDGE_LOOP('',(#10726,#10727,#10728,#10729));
#10726 = ORIENTED_EDGE('',*,*,#10631,.F.);
#10727 = ORIENTED_EDGE('',*,*,#8374,.T.);
#10728 = ORIENTED_EDGE('',*,*,#10680,.T.);
#10729 = ORIENTED_EDGE('',*,*,#10730,.F.);
#10730 = EDGE_CURVE('',#10632,#10681,#10731,.T.);
#10731 = SURFACE_CURVE('',#10732,(#10736,#10743),.PCURVE_S1.);
#10732 = LINE('',#10733,#10734);
#10733 = CARTESIAN_POINT('',(0.,77.,118.8));
#10734 = VECTOR('',#10735,1.);
#10735 = DIRECTION('',(0.,-1.,0.));
#10736 = PCURVE('',#8388,#10737);
#10737 = DEFINITIONAL_REPRESENTATION('',(#10738),#10742);
#10738 = LINE('',#10739,#10740);
#10739 = CARTESIAN_POINT('',(0.,0.212132034356));
#10740 = VECTOR('',#10741,1.);
#10741 = DIRECTION('',(1.,0.));
#10742 = ( GEOMETRIC_REPRESENTATION_CONTEXT(2)
PARAMETRIC_REPRESENTATION_CONTEXT() REPRESENTATION_CONTEXT('2D SPACE',''
  ) );
#10743 = PCURVE('',#9279,#10744);
#10744 = DEFINITIONAL_REPRESENTATION('',(#10745),#10749);
#10745 = LINE('',#10746,#10747);
#10746 = CARTESIAN_POINT('',(118.8,-77.));
#10747 = VECTOR('',#10748,1.);
#10748 = DIRECTION('',(0.,1.));
#10749 = ( GEOMETRIC_REPRESENTATION_CONTEXT(2)
PARAMETRIC_REPRESENTATION_CONTEXT() REPRESENTATION_CONTEXT('2D SPACE',''
  ) );
#10750 = ADVANCED_FACE('',(#10751),#8428,.T.);
#10751 = FACE_BOUND('',#10752,.T.);
#10752 = EDGE_LOOP('',(#10753,#10775,#10776,#10798));
#10753 = ORIENTED_EDGE('',*,*,#10754,.F.);
#10754 = EDGE_CURVE('',#8406,#10755,#10757,.T.);
#10755 = VERTEX_POINT('',#10756);
#10756 = CARTESIAN_POINT('',(-8.881784197001E-16,93.,157.5));
#10757 = SURFACE_CURVE('',#10758,(#10763,#10769),.PCURVE_S1.);
#10758 = CIRCLE('',#10759,0.5);
#10759 = AXIS2_PLACEMENT_3D('',#10760,#10761,#10762);
#10760 = CARTESIAN_POINT('',(0.5,93.,157.5));
#10761 = DIRECTION('',(0.,-1.,0.));
#10762 = DIRECTION('',(-1.,0.,0.));
#10763 = PCURVE('',#8428,#10764);
#10764 = DEFINITIONAL_REPRESENTATION('',(#10765),#10768);
#10765 = B_SPLINE_CURVE_WITH_KNOTS('',1,(#10766,#10767),.UNSPECIFIED.,
  .F.,.F.,(2,2),(4.712388980385,6.28318530718),
  .PIECEWISE_BEZIER_KNOTS.);
#10766 = CARTESIAN_POINT('',(0.,4.712388980385));
#10767 = CARTESIAN_POINT('',(0.,6.28318530718));
#10768 = ( GEOMETRIC_REPRESENTATION_CONTEXT(2)
PARAMETRIC_REPRESENTATION_CONTEXT() REPRESENTATION_CONTEXT('2D SPACE',''
  ) );
#10769 = PCURVE('',#8456,#10770);
#10770 = DEFINITIONAL_REPRESENTATION('',(#10771),#10774);
#10771 = B_SPLINE_CURVE_WITH_KNOTS('',1,(#10772,#10773),.UNSPECIFIED.,
  .F.,.F.,(2,2),(4.712388980385,6.28318530718),
  .PIECEWISE_BEZIER_KNOTS.);
#10772 = CARTESIAN_POINT('',(0.,86.));
#10773 = CARTESIAN_POINT('',(-1.570796326795,86.));
#10774 = ( GEOMETRIC_REPRESENTATION_CONTEXT(2)
PARAMETRIC_REPRESENTATION_CONTEXT() REPRESENTATION_CONTEXT('2D SPACE',''
  ) );
#10775 = ORIENTED_EDGE('',*,*,#8405,.T.);
#10776 = ORIENTED_EDGE('',*,*,#10777,.T.);
#10777 = EDGE_CURVE('',#8408,#10778,#10780,.T.);
#10778 = VERTEX_POINT('',#10779);
#10779 = CARTESIAN_POINT('',(7.,100.,157.5));
#10780 = SURFACE_CURVE('',#10781,(#10786,#10792),.PCURVE_S1.);
#10781 = CIRCLE('',#10782,0.5);
#10782 = AXIS2_PLACEMENT_3D('',#10783,#10784,#10785);
#10783 = CARTESIAN_POINT('',(7.,99.5,157.5));
#10784 = DIRECTION('',(-1.,-6.123233995737E-17,0.));
#10785 = DIRECTION('',(-6.123233995737E-17,1.,0.));
#10786 = PCURVE('',#8428,#10787);
#10787 = DEFINITIONAL_REPRESENTATION('',(#10788),#10791);
#10788 = B_SPLINE_CURVE_WITH_KNOTS('',1,(#10789,#10790),.UNSPECIFIED.,
  .F.,.F.,(2,2),(4.712388980385,6.28318530718),
  .PIECEWISE_BEZIER_KNOTS.);
#10789 = CARTESIAN_POINT('',(1.570796326795,4.712388980385));
#10790 = CARTESIAN_POINT('',(1.570796326795,6.28318530718));
#10791 = ( GEOMETRIC_REPRESENTATION_CONTEXT(2)
PARAMETRIC_REPRESENTATION_CONTEXT() REPRESENTATION_CONTEXT('2D SPACE',''
  ) );
#10792 = PCURVE('',#8637,#10793);
#10793 = DEFINITIONAL_REPRESENTATION('',(#10794),#10797);
#10794 = B_SPLINE_CURVE_WITH_KNOTS('',1,(#10795,#10796),.UNSPECIFIED.,
  .F.,.F.,(2,2),(4.712388980385,6.28318530718),
  .PIECEWISE_BEZIER_KNOTS.);
#10795 = CARTESIAN_POINT('',(0.,0.));
#10796 = CARTESIAN_POINT('',(-1.570796326795,0.));
#10797 = ( GEOMETRIC_REPRESENTATION_CONTEXT(2)
PARAMETRIC_REPRESENTATION_CONTEXT() REPRESENTATION_CONTEXT('2D SPACE',''
  ) );
#10798 = ORIENTED_EDGE('',*,*,#10799,.F.);
#10799 = EDGE_CURVE('',#10755,#10778,#10800,.T.);
#10800 = SURFACE_CURVE('',#10801,(#10806,#10813),.PCURVE_S1.);
#10801 = CIRCLE('',#10802,7.);
#10802 = AXIS2_PLACEMENT_3D('',#10803,#10804,#10805);
#10803 = CARTESIAN_POINT('',(7.,93.,157.5));
#10804 = DIRECTION('',(-0.,0.,-1.));
#10805 = DIRECTION('',(-1.,0.,0.));
#10806 = PCURVE('',#8428,#10807);
#10807 = DEFINITIONAL_REPRESENTATION('',(#10808),#10812);
#10808 = LINE('',#10809,#10810);
#10809 = CARTESIAN_POINT('',(0.,6.28318530718));
#10810 = VECTOR('',#10811,1.);
#10811 = DIRECTION('',(1.,0.));
#10812 = ( GEOMETRIC_REPRESENTATION_CONTEXT(2)
PARAMETRIC_REPRESENTATION_CONTEXT() REPRESENTATION_CONTEXT('2D SPACE',''
  ) );
#10813 = PCURVE('',#10814,#10819);
#10814 = CYLINDRICAL_SURFACE('',#10815,7.);
#10815 = AXIS2_PLACEMENT_3D('',#10816,#10817,#10818);
#10816 = CARTESIAN_POINT('',(7.,93.,0.));
#10817 = DIRECTION('',(0.,0.,1.));
#10818 = DIRECTION('',(-1.,-0.,0.));
#10819 = DEFINITIONAL_REPRESENTATION('',(#10820),#10824);
#10820 = LINE('',#10821,#10822);
#10821 = CARTESIAN_POINT('',(-0.,157.5));
#10822 = VECTOR('',#10823,1.);
#10823 = DIRECTION('',(-1.,0.));
#10824 = ( GEOMETRIC_REPRESENTATION_CONTEXT(2)
PARAMETRIC_REPRESENTATION_CONTEXT() REPRESENTATION_CONTEXT('2D SPACE',''
  ) );
#10825 = ADVANCED_FACE('',(#10826),#8456,.T.);
#10826 = FACE_BOUND('',#10827,.F.);
#10827 = EDGE_LOOP('',(#10828,#10848,#10869,#10870));
#10828 = ORIENTED_EDGE('',*,*,#10829,.T.);
#10829 = EDGE_CURVE('',#8441,#9240,#10830,.T.);
#10830 = SURFACE_CURVE('',#10831,(#10836,#10842),.PCURVE_S1.);
#10831 = CIRCLE('',#10832,0.5);
#10832 = AXIS2_PLACEMENT_3D('',#10833,#10834,#10835);
#10833 = CARTESIAN_POINT('',(0.5,7.,157.5));
#10834 = DIRECTION('',(2.951168211093E-17,-1.,0.));
#10835 = DIRECTION('',(-1.,-2.951168211093E-17,0.));
#10836 = PCURVE('',#8456,#10837);
#10837 = DEFINITIONAL_REPRESENTATION('',(#10838),#10841);
#10838 = B_SPLINE_CURVE_WITH_KNOTS('',1,(#10839,#10840),.UNSPECIFIED.,
  .F.,.F.,(2,2),(4.712388980385,6.28318530718),
  .PIECEWISE_BEZIER_KNOTS.);
#10839 = CARTESIAN_POINT('',(0.,0.));
#10840 = CARTESIAN_POINT('',(-1.570796326795,0.));
#10841 = ( GEOMETRIC_REPRESENTATION_CONTEXT(2)
PARAMETRIC_REPRESENTATION_CONTEXT() REPRESENTATION_CONTEXT('2D SPACE',''
  ) );
#10842 = PCURVE('',#8489,#10843);
#10843 = DEFINITIONAL_REPRESENTATION('',(#10844),#10847);
#10844 = B_SPLINE_CURVE_WITH_KNOTS('',1,(#10845,#10846),.UNSPECIFIED.,
  .F.,.F.,(2,2),(4.712388980385,6.28318530718),
  .PIECEWISE_BEZIER_KNOTS.);
#10845 = CARTESIAN_POINT('',(1.570796326795,4.712388980385));
#10846 = CARTESIAN_POINT('',(1.570796326795,6.28318530718));
#10847 = ( GEOMETRIC_REPRESENTATION_CONTEXT(2)
PARAMETRIC_REPRESENTATION_CONTEXT() REPRESENTATION_CONTEXT('2D SPACE',''
  ) );
#10848 = ORIENTED_EDGE('',*,*,#10849,.T.);
#10849 = EDGE_CURVE('',#9240,#10755,#10850,.T.);
#10850 = SURFACE_CURVE('',#10851,(#10855,#10862),.PCURVE_S1.);
#10851 = LINE('',#10852,#10853);
#10852 = CARTESIAN_POINT('',(-1.110223024625E-16,7.,157.5));
#10853 = VECTOR('',#10854,1.);
#10854 = DIRECTION('',(-0.,1.,0.));
#10855 = PCURVE('',#8456,#10856);
#10856 = DEFINITIONAL_REPRESENTATION('',(#10857),#10861);
#10857 = LINE('',#10858,#10859);
#10858 = CARTESIAN_POINT('',(-1.570796326795,0.));
#10859 = VECTOR('',#10860,1.);
#10860 = DIRECTION('',(-0.,1.));
#10861 = ( GEOMETRIC_REPRESENTATION_CONTEXT(2)
PARAMETRIC_REPRESENTATION_CONTEXT() REPRESENTATION_CONTEXT('2D SPACE',''
  ) );
#10862 = PCURVE('',#9279,#10863);
#10863 = DEFINITIONAL_REPRESENTATION('',(#10864),#10868);
#10864 = LINE('',#10865,#10866);
#10865 = CARTESIAN_POINT('',(157.5,-7.));
#10866 = VECTOR('',#10867,1.);
#10867 = DIRECTION('',(0.,-1.));
#10868 = ( GEOMETRIC_REPRESENTATION_CONTEXT(2)
PARAMETRIC_REPRESENTATION_CONTEXT() REPRESENTATION_CONTEXT('2D SPACE',''
  ) );
#10869 = ORIENTED_EDGE('',*,*,#10754,.F.);
#10870 = ORIENTED_EDGE('',*,*,#8440,.F.);
#10871 = ADVANCED_FACE('',(#10872),#8637,.T.);
#10872 = FACE_BOUND('',#10873,.F.);
#10873 = EDGE_LOOP('',(#10874,#10875,#10896,#10916));
#10874 = ORIENTED_EDGE('',*,*,#10777,.T.);
#10875 = ORIENTED_EDGE('',*,*,#10876,.T.);
#10876 = EDGE_CURVE('',#10778,#9789,#10877,.T.);
#10877 = SURFACE_CURVE('',#10878,(#10882,#10889),.PCURVE_S1.);
#10878 = LINE('',#10879,#10880);
#10879 = CARTESIAN_POINT('',(7.,100.,157.5));
#10880 = VECTOR('',#10881,1.);
#10881 = DIRECTION('',(1.,0.,-0.));
#10882 = PCURVE('',#8637,#10883);
#10883 = DEFINITIONAL_REPRESENTATION('',(#10884),#10888);
#10884 = LINE('',#10885,#10886);
#10885 = CARTESIAN_POINT('',(-1.570796326795,0.));
#10886 = VECTOR('',#10887,1.);
#10887 = DIRECTION('',(-0.,1.));
#10888 = ( GEOMETRIC_REPRESENTATION_CONTEXT(2)
PARAMETRIC_REPRESENTATION_CONTEXT() REPRESENTATION_CONTEXT('2D SPACE',''
  ) );
#10889 = PCURVE('',#9804,#10890);
#10890 = DEFINITIONAL_REPRESENTATION('',(#10891),#10895);
#10891 = LINE('',#10892,#10893);
#10892 = CARTESIAN_POINT('',(157.5,7.));
#10893 = VECTOR('',#10894,1.);
#10894 = DIRECTION('',(0.,1.));
#10895 = ( GEOMETRIC_REPRESENTATION_CONTEXT(2)
PARAMETRIC_REPRESENTATION_CONTEXT() REPRESENTATION_CONTEXT('2D SPACE',''
  ) );
#10896 = ORIENTED_EDGE('',*,*,#10897,.F.);
#10897 = EDGE_CURVE('',#8591,#9789,#10898,.T.);
#10898 = SURFACE_CURVE('',#10899,(#10904,#10910),.PCURVE_S1.);
#10899 = CIRCLE('',#10900,0.5);
#10900 = AXIS2_PLACEMENT_3D('',#10901,#10902,#10903);
#10901 = CARTESIAN_POINT('',(89.,99.5,157.5));
#10902 = DIRECTION('',(-1.,-0.,0.));
#10903 = DIRECTION('',(0.,0.,1.));
#10904 = PCURVE('',#8637,#10905);
#10905 = DEFINITIONAL_REPRESENTATION('',(#10906),#10909);
#10906 = B_SPLINE_CURVE_WITH_KNOTS('',1,(#10907,#10908),.UNSPECIFIED.,
  .F.,.F.,(2,2),(0.,1.570796326795),.PIECEWISE_BEZIER_KNOTS.);
#10907 = CARTESIAN_POINT('',(0.,82.));
#10908 = CARTESIAN_POINT('',(-1.570796326795,82.));
#10909 = ( GEOMETRIC_REPRESENTATION_CONTEXT(2)
PARAMETRIC_REPRESENTATION_CONTEXT() REPRESENTATION_CONTEXT('2D SPACE',''
  ) );
#10910 = PCURVE('',#8611,#10911);
#10911 = DEFINITIONAL_REPRESENTATION('',(#10912),#10915);
#10912 = B_SPLINE_CURVE_WITH_KNOTS('',1,(#10913,#10914),.UNSPECIFIED.,
  .F.,.F.,(2,2),(0.,1.570796326795),.PIECEWISE_BEZIER_KNOTS.);
#10913 = CARTESIAN_POINT('',(0.,4.712388980385));
#10914 = CARTESIAN_POINT('',(0.,6.28318530718));
#10915 = ( GEOMETRIC_REPRESENTATION_CONTEXT(2)
PARAMETRIC_REPRESENTATION_CONTEXT() REPRESENTATION_CONTEXT('2D SPACE',''
  ) );
#10916 = ORIENTED_EDGE('',*,*,#8623,.F.);
#10917 = ADVANCED_FACE('',(#10918),#8489,.T.);
#10918 = FACE_BOUND('',#10919,.T.);
#10919 = EDGE_LOOP('',(#10920,#10940,#10941,#10942));
#10920 = ORIENTED_EDGE('',*,*,#10921,.F.);
#10921 = EDGE_CURVE('',#8469,#9217,#10922,.T.);
#10922 = SURFACE_CURVE('',#10923,(#10928,#10934),.PCURVE_S1.);
#10923 = CIRCLE('',#10924,0.5);
#10924 = AXIS2_PLACEMENT_3D('',#10925,#10926,#10927);
#10925 = CARTESIAN_POINT('',(7.,0.5,157.5));
#10926 = DIRECTION('',(1.,0.,-0.));
#10927 = DIRECTION('',(0.,0.,1.));
#10928 = PCURVE('',#8489,#10929);
#10929 = DEFINITIONAL_REPRESENTATION('',(#10930),#10933);
#10930 = B_SPLINE_CURVE_WITH_KNOTS('',1,(#10931,#10932),.UNSPECIFIED.,
  .F.,.F.,(2,2),(0.,1.570796326795),.PIECEWISE_BEZIER_KNOTS.);
#10931 = CARTESIAN_POINT('',(-2.22044604925E-16,4.712388980385));
#10932 = CARTESIAN_POINT('',(-2.22044604925E-16,6.28318530718));
#10933 = ( GEOMETRIC_REPRESENTATION_CONTEXT(2)
PARAMETRIC_REPRESENTATION_CONTEXT() REPRESENTATION_CONTEXT('2D SPACE',''
  ) );
#10934 = PCURVE('',#8517,#10935);
#10935 = DEFINITIONAL_REPRESENTATION('',(#10936),#10939);
#10936 = B_SPLINE_CURVE_WITH_KNOTS('',1,(#10937,#10938),.UNSPECIFIED.,
  .F.,.F.,(2,2),(0.,1.570796326795),.PIECEWISE_BEZIER_KNOTS.);
#10937 = CARTESIAN_POINT('',(0.,82.));
#10938 = CARTESIAN_POINT('',(-1.570796326795,82.));
#10939 = ( GEOMETRIC_REPRESENTATION_CONTEXT(2)
PARAMETRIC_REPRESENTATION_CONTEXT() REPRESENTATION_CONTEXT('2D SPACE',''
  ) );
#10940 = ORIENTED_EDGE('',*,*,#8468,.T.);
#10941 = ORIENTED_EDGE('',*,*,#10829,.T.);
#10942 = ORIENTED_EDGE('',*,*,#9239,.F.);
#10943 = ADVANCED_FACE('',(#10944),#8611,.T.);
#10944 = FACE_BOUND('',#10945,.T.);
#10945 = EDGE_LOOP('',(#10946,#10947,#10948,#10968));
#10946 = ORIENTED_EDGE('',*,*,#10897,.F.);
#10947 = ORIENTED_EDGE('',*,*,#8590,.T.);
#10948 = ORIENTED_EDGE('',*,*,#10949,.T.);
#10949 = EDGE_CURVE('',#8563,#9817,#10950,.T.);
#10950 = SURFACE_CURVE('',#10951,(#10956,#10962),.PCURVE_S1.);
#10951 = CIRCLE('',#10952,0.5);
#10952 = AXIS2_PLACEMENT_3D('',#10953,#10954,#10955);
#10953 = CARTESIAN_POINT('',(95.5,93.,157.5));
#10954 = DIRECTION('',(-6.123233995737E-17,1.,0.));
#10955 = DIRECTION('',(1.,6.123233995737E-17,0.));
#10956 = PCURVE('',#8611,#10957);
#10957 = DEFINITIONAL_REPRESENTATION('',(#10958),#10961);
#10958 = B_SPLINE_CURVE_WITH_KNOTS('',1,(#10959,#10960),.UNSPECIFIED.,
  .F.,.F.,(2,2),(4.712388980385,6.28318530718),
  .PIECEWISE_BEZIER_KNOTS.);
#10959 = CARTESIAN_POINT('',(1.570796326795,4.712388980385));
#10960 = CARTESIAN_POINT('',(1.570796326795,6.28318530718));
#10961 = ( GEOMETRIC_REPRESENTATION_CONTEXT(2)
PARAMETRIC_REPRESENTATION_CONTEXT() REPRESENTATION_CONTEXT('2D SPACE',''
  ) );
#10962 = PCURVE('',#8578,#10963);
#10963 = DEFINITIONAL_REPRESENTATION('',(#10964),#10967);
#10964 = B_SPLINE_CURVE_WITH_KNOTS('',1,(#10965,#10966),.UNSPECIFIED.,
  .F.,.F.,(2,2),(4.712388980385,6.28318530718),
  .PIECEWISE_BEZIER_KNOTS.);
#10965 = CARTESIAN_POINT('',(0.,0.));
#10966 = CARTESIAN_POINT('',(-1.570796326795,0.));
#10967 = ( GEOMETRIC_REPRESENTATION_CONTEXT(2)
PARAMETRIC_REPRESENTATION_CONTEXT() REPRESENTATION_CONTEXT('2D SPACE',''
  ) );
#10968 = ORIENTED_EDGE('',*,*,#9816,.F.);
#10969 = ADVANCED_FACE('',(#10970),#8517,.T.);
#10970 = FACE_BOUND('',#10971,.F.);
#10971 = EDGE_LOOP('',(#10972,#10992,#10993,#10994));
#10972 = ORIENTED_EDGE('',*,*,#10973,.T.);
#10973 = EDGE_CURVE('',#8502,#9057,#10974,.T.);
#10974 = SURFACE_CURVE('',#10975,(#10980,#10986),.PCURVE_S1.);
#10975 = CIRCLE('',#10976,0.5);
#10976 = AXIS2_PLACEMENT_3D('',#10977,#10978,#10979);
#10977 = CARTESIAN_POINT('',(89.,0.5,157.5));
#10978 = DIRECTION('',(1.,6.123233995737E-17,0.));
#10979 = DIRECTION('',(6.123233995737E-17,-1.,0.));
#10980 = PCURVE('',#8517,#10981);
#10981 = DEFINITIONAL_REPRESENTATION('',(#10982),#10985);
#10982 = B_SPLINE_CURVE_WITH_KNOTS('',1,(#10983,#10984),.UNSPECIFIED.,
  .F.,.F.,(2,2),(4.712388980385,6.28318530718),
  .PIECEWISE_BEZIER_KNOTS.);
#10983 = CARTESIAN_POINT('',(0.,0.));
#10984 = CARTESIAN_POINT('',(-1.570796326795,0.));
#10985 = ( GEOMETRIC_REPRESENTATION_CONTEXT(2)
PARAMETRIC_REPRESENTATION_CONTEXT() REPRESENTATION_CONTEXT('2D SPACE',''
  ) );
#10986 = PCURVE('',#8550,#10987);
#10987 = DEFINITIONAL_REPRESENTATION('',(#10988),#10991);
#10988 = B_SPLINE_CURVE_WITH_KNOTS('',1,(#10989,#10990),.UNSPECIFIED.,
  .F.,.F.,(2,2),(4.712388980385,6.28318530718),
  .PIECEWISE_BEZIER_KNOTS.);
#10989 = CARTESIAN_POINT('',(1.570796326795,4.712388980385));
#10990 = CARTESIAN_POINT('',(1.570796326795,6.28318530718));
#10991 = ( GEOMETRIC_REPRESENTATION_CONTEXT(2)
PARAMETRIC_REPRESENTATION_CONTEXT() REPRESENTATION_CONTEXT('2D SPACE',''
  ) );
#10992 = ORIENTED_EDGE('',*,*,#9324,.T.);
#10993 = ORIENTED_EDGE('',*,*,#10921,.F.);
#10994 = ORIENTED_EDGE('',*,*,#8501,.F.);
#10995 = ADVANCED_FACE('',(#10996),#8578,.T.);
#10996 = FACE_BOUND('',#10997,.F.);
#10997 = EDGE_LOOP('',(#10998,#10999,#11000,#11020));
#10998 = ORIENTED_EDGE('',*,*,#10949,.T.);
#10999 = ORIENTED_EDGE('',*,*,#10437,.T.);
#11000 = ORIENTED_EDGE('',*,*,#11001,.F.);
#11001 = EDGE_CURVE('',#8530,#9080,#11002,.T.);
#11002 = SURFACE_CURVE('',#11003,(#11008,#11014),.PCURVE_S1.);
#11003 = CIRCLE('',#11004,0.5);
#11004 = AXIS2_PLACEMENT_3D('',#11005,#11006,#11007);
#11005 = CARTESIAN_POINT('',(95.5,7.,157.5));
#11006 = DIRECTION('',(-0.,1.,0.));
#11007 = DIRECTION('',(0.,0.,1.));
#11008 = PCURVE('',#8578,#11009);
#11009 = DEFINITIONAL_REPRESENTATION('',(#11010),#11013);
#11010 = B_SPLINE_CURVE_WITH_KNOTS('',1,(#11011,#11012),.UNSPECIFIED.,
  .F.,.F.,(2,2),(0.,1.570796326795),.PIECEWISE_BEZIER_KNOTS.);
#11011 = CARTESIAN_POINT('',(0.,86.));
#11012 = CARTESIAN_POINT('',(-1.570796326795,86.));
#11013 = ( GEOMETRIC_REPRESENTATION_CONTEXT(2)
PARAMETRIC_REPRESENTATION_CONTEXT() REPRESENTATION_CONTEXT('2D SPACE',''
  ) );
#11014 = PCURVE('',#8550,#11015);
#11015 = DEFINITIONAL_REPRESENTATION('',(#11016),#11019);
#11016 = B_SPLINE_CURVE_WITH_KNOTS('',1,(#11017,#11018),.UNSPECIFIED.,
  .F.,.F.,(2,2),(0.,1.570796326795),.PIECEWISE_BEZIER_KNOTS.);
#11017 = CARTESIAN_POINT('',(0.,4.712388980385));
#11018 = CARTESIAN_POINT('',(0.,6.28318530718));
#11019 = ( GEOMETRIC_REPRESENTATION_CONTEXT(2)
PARAMETRIC_REPRESENTATION_CONTEXT() REPRESENTATION_CONTEXT('2D SPACE',''
  ) );
#11020 = ORIENTED_EDGE('',*,*,#8562,.F.);
#11021 = ADVANCED_FACE('',(#11022),#8550,.T.);
#11022 = FACE_BOUND('',#11023,.T.);
#11023 = EDGE_LOOP('',(#11024,#11025,#11026,#11027));
#11024 = ORIENTED_EDGE('',*,*,#11001,.F.);
#11025 = ORIENTED_EDGE('',*,*,#8529,.T.);
#11026 = ORIENTED_EDGE('',*,*,#10973,.T.);
#11027 = ORIENTED_EDGE('',*,*,#9079,.F.);
#11028 = ADVANCED_FACE('',(#11029),#8668,.F.);
#11029 = FACE_BOUND('',#11030,.F.);
#11030 = EDGE_LOOP('',(#11031,#11032,#11055,#11082));
#11031 = ORIENTED_EDGE('',*,*,#8651,.F.);
#11032 = ORIENTED_EDGE('',*,*,#11033,.F.);
#11033 = EDGE_CURVE('',#11034,#8652,#11036,.T.);
#11034 = VERTEX_POINT('',#11035);
#11035 = CARTESIAN_POINT('',(4.9,15.,151.));
#11036 = SEAM_CURVE('',#11037,(#11041,#11048),.PCURVE_S1.);
#11037 = LINE('',#11038,#11039);
#11038 = CARTESIAN_POINT('',(4.9,15.,151.));
#11039 = VECTOR('',#11040,1.);
#11040 = DIRECTION('',(0.,0.,1.));
#11041 = PCURVE('',#8668,#11042);
#11042 = DEFINITIONAL_REPRESENTATION('',(#11043),#11047);
#11043 = LINE('',#11044,#11045);
#11044 = CARTESIAN_POINT('',(6.28318530718,-0.));
#11045 = VECTOR('',#11046,1.);
#11046 = DIRECTION('',(0.,1.));
#11047 = ( GEOMETRIC_REPRESENTATION_CONTEXT(2)
PARAMETRIC_REPRESENTATION_CONTEXT() REPRESENTATION_CONTEXT('2D SPACE',''
  ) );
#11048 = PCURVE('',#8668,#11049);
#11049 = DEFINITIONAL_REPRESENTATION('',(#11050),#11054);
#11050 = LINE('',#11051,#11052);
#11051 = CARTESIAN_POINT('',(0.,-0.));
#11052 = VECTOR('',#11053,1.);
#11053 = DIRECTION('',(0.,1.));
#11054 = ( GEOMETRIC_REPRESENTATION_CONTEXT(2)
PARAMETRIC_REPRESENTATION_CONTEXT() REPRESENTATION_CONTEXT('2D SPACE',''
  ) );
#11055 = ORIENTED_EDGE('',*,*,#11056,.T.);
#11056 = EDGE_CURVE('',#11034,#11034,#11057,.T.);
#11057 = SURFACE_CURVE('',#11058,(#11063,#11070),.PCURVE_S1.);
#11058 = CIRCLE('',#11059,1.4);
#11059 = AXIS2_PLACEMENT_3D('',#11060,#11061,#11062);
#11060 = CARTESIAN_POINT('',(3.5,15.,151.));
#11061 = DIRECTION('',(0.,0.,1.));
#11062 = DIRECTION('',(1.,0.,-0.));
#11063 = PCURVE('',#8668,#11064);
#11064 = DEFINITIONAL_REPRESENTATION('',(#11065),#11069);
#11065 = LINE('',#11066,#11067);
#11066 = CARTESIAN_POINT('',(0.,0.));
#11067 = VECTOR('',#11068,1.);
#11068 = DIRECTION('',(1.,0.));
#11069 = ( GEOMETRIC_REPRESENTATION_CONTEXT(2)
PARAMETRIC_REPRESENTATION_CONTEXT() REPRESENTATION_CONTEXT('2D SPACE',''
  ) );
#11070 = PCURVE('',#11071,#11076);
#11071 = PLANE('',#11072);
#11072 = AXIS2_PLACEMENT_3D('',#11073,#11074,#11075);
#11073 = CARTESIAN_POINT('',(3.5,15.,151.));
#11074 = DIRECTION('',(0.,0.,1.));
#11075 = DIRECTION('',(1.,0.,-0.));
#11076 = DEFINITIONAL_REPRESENTATION('',(#11077),#11081);
#11077 = CIRCLE('',#11078,1.4);
#11078 = AXIS2_PLACEMENT_2D('',#11079,#11080);
#11079 = CARTESIAN_POINT('',(0.,0.));
#11080 = DIRECTION('',(1.,0.));
#11081 = ( GEOMETRIC_REPRESENTATION_CONTEXT(2)
PARAMETRIC_REPRESENTATION_CONTEXT() REPRESENTATION_CONTEXT('2D SPACE',''
  ) );
#11082 = ORIENTED_EDGE('',*,*,#11033,.T.);
#11083 = ADVANCED_FACE('',(#11084),#8699,.F.);
#11084 = FACE_BOUND('',#11085,.F.);
#11085 = EDGE_LOOP('',(#11086,#11087,#11110,#11137));
#11086 = ORIENTED_EDGE('',*,*,#8682,.F.);
#11087 = ORIENTED_EDGE('',*,*,#11088,.F.);
#11088 = EDGE_CURVE('',#11089,#8683,#11091,.T.);
#11089 = VERTEX_POINT('',#11090);
#11090 = CARTESIAN_POINT('',(93.9,15.,151.));
#11091 = SEAM_CURVE('',#11092,(#11096,#11103),.PCURVE_S1.);
#11092 = LINE('',#11093,#11094);
#11093 = CARTESIAN_POINT('',(93.9,15.,151.));
#11094 = VECTOR('',#11095,1.);
#11095 = DIRECTION('',(0.,0.,1.));
#11096 = PCURVE('',#8699,#11097);
#11097 = DEFINITIONAL_REPRESENTATION('',(#11098),#11102);
#11098 = LINE('',#11099,#11100);
#11099 = CARTESIAN_POINT('',(6.28318530718,-0.));
#11100 = VECTOR('',#11101,1.);
#11101 = DIRECTION('',(0.,1.));
#11102 = ( GEOMETRIC_REPRESENTATION_CONTEXT(2)
PARAMETRIC_REPRESENTATION_CONTEXT() REPRESENTATION_CONTEXT('2D SPACE',''
  ) );
#11103 = PCURVE('',#8699,#11104);
#11104 = DEFINITIONAL_REPRESENTATION('',(#11105),#11109);
#11105 = LINE('',#11106,#11107);
#11106 = CARTESIAN_POINT('',(0.,-0.));
#11107 = VECTOR('',#11108,1.);
#11108 = DIRECTION('',(0.,1.));
#11109 = ( GEOMETRIC_REPRESENTATION_CONTEXT(2)
PARAMETRIC_REPRESENTATION_CONTEXT() REPRESENTATION_CONTEXT('2D SPACE',''
  ) );
#11110 = ORIENTED_EDGE('',*,*,#11111,.T.);
#11111 = EDGE_CURVE('',#11089,#11089,#11112,.T.);
#11112 = SURFACE_CURVE('',#11113,(#11118,#11125),.PCURVE_S1.);
#11113 = CIRCLE('',#11114,1.4);
#11114 = AXIS2_PLACEMENT_3D('',#11115,#11116,#11117);
#11115 = CARTESIAN_POINT('',(92.5,15.,151.));
#11116 = DIRECTION('',(0.,0.,1.));
#11117 = DIRECTION('',(1.,0.,-0.));
#11118 = PCURVE('',#8699,#11119);
#11119 = DEFINITIONAL_REPRESENTATION('',(#11120),#11124);
#11120 = LINE('',#11121,#11122);
#11121 = CARTESIAN_POINT('',(0.,0.));
#11122 = VECTOR('',#11123,1.);
#11123 = DIRECTION('',(1.,0.));
#11124 = ( GEOMETRIC_REPRESENTATION_CONTEXT(2)
PARAMETRIC_REPRESENTATION_CONTEXT() REPRESENTATION_CONTEXT('2D SPACE',''
  ) );
#11125 = PCURVE('',#11126,#11131);
#11126 = PLANE('',#11127);
#11127 = AXIS2_PLACEMENT_3D('',#11128,#11129,#11130);
#11128 = CARTESIAN_POINT('',(92.5,15.,151.));
#11129 = DIRECTION('',(0.,0.,1.));
#11130 = DIRECTION('',(1.,0.,-0.));
#11131 = DEFINITIONAL_REPRESENTATION('',(#11132),#11136);
#11132 = CIRCLE('',#11133,1.4);
#11133 = AXIS2_PLACEMENT_2D('',#11134,#11135);
#11134 = CARTESIAN_POINT('',(0.,0.));
#11135 = DIRECTION('',(1.,0.));
#11136 = ( GEOMETRIC_REPRESENTATION_CONTEXT(2)
PARAMETRIC_REPRESENTATION_CONTEXT() REPRESENTATION_CONTEXT('2D SPACE',''
  ) );
#11137 = ORIENTED_EDGE('',*,*,#11088,.T.);
#11138 = ADVANCED_FACE('',(#11139),#8762,.F.);
#11139 = FACE_BOUND('',#11140,.F.);
#11140 = EDGE_LOOP('',(#11141,#11142,#11165,#11192));
#11141 = ORIENTED_EDGE('',*,*,#8745,.F.);
#11142 = ORIENTED_EDGE('',*,*,#11143,.F.);
#11143 = EDGE_CURVE('',#11144,#8746,#11146,.T.);
#11144 = VERTEX_POINT('',#11145);
#11145 = CARTESIAN_POINT('',(4.9,85.,151.));
#11146 = SEAM_CURVE('',#11147,(#11151,#11158),.PCURVE_S1.);
#11147 = LINE('',#11148,#11149);
#11148 = CARTESIAN_POINT('',(4.9,85.,151.));
#11149 = VECTOR('',#11150,1.);
#11150 = DIRECTION('',(0.,0.,1.));
#11151 = PCURVE('',#8762,#11152);
#11152 = DEFINITIONAL_REPRESENTATION('',(#11153),#11157);
#11153 = LINE('',#11154,#11155);
#11154 = CARTESIAN_POINT('',(6.28318530718,-0.));
#11155 = VECTOR('',#11156,1.);
#11156 = DIRECTION('',(0.,1.));
#11157 = ( GEOMETRIC_REPRESENTATION_CONTEXT(2)
PARAMETRIC_REPRESENTATION_CONTEXT() REPRESENTATION_CONTEXT('2D SPACE',''
  ) );
#11158 = PCURVE('',#8762,#11159);
#11159 = DEFINITIONAL_REPRESENTATION('',(#11160),#11164);
#11160 = LINE('',#11161,#11162);
#11161 = CARTESIAN_POINT('',(0.,-0.));
#11162 = VECTOR('',#11163,1.);
#11163 = DIRECTION('',(0.,1.));
#11164 = ( GEOMETRIC_REPRESENTATION_CONTEXT(2)
PARAMETRIC_REPRESENTATION_CONTEXT() REPRESENTATION_CONTEXT('2D SPACE',''
  ) );
#11165 = ORIENTED_EDGE('',*,*,#11166,.T.);
#11166 = EDGE_CURVE('',#11144,#11144,#11167,.T.);
#11167 = SURFACE_CURVE('',#11168,(#11173,#11180),.PCURVE_S1.);
#11168 = CIRCLE('',#11169,1.4);
#11169 = AXIS2_PLACEMENT_3D('',#11170,#11171,#11172);
#11170 = CARTESIAN_POINT('',(3.5,85.,151.));
#11171 = DIRECTION('',(0.,0.,1.));
#11172 = DIRECTION('',(1.,0.,-0.));
#11173 = PCURVE('',#8762,#11174);
#11174 = DEFINITIONAL_REPRESENTATION('',(#11175),#11179);
#11175 = LINE('',#11176,#11177);
#11176 = CARTESIAN_POINT('',(0.,0.));
#11177 = VECTOR('',#11178,1.);
#11178 = DIRECTION('',(1.,0.));
#11179 = ( GEOMETRIC_REPRESENTATION_CONTEXT(2)
PARAMETRIC_REPRESENTATION_CONTEXT() REPRESENTATION_CONTEXT('2D SPACE',''
  ) );
#11180 = PCURVE('',#11181,#11186);
#11181 = PLANE('',#11182);
#11182 = AXIS2_PLACEMENT_3D('',#11183,#11184,#11185);
#11183 = CARTESIAN_POINT('',(3.5,85.,151.));
#11184 = DIRECTION('',(0.,0.,1.));
#11185 = DIRECTION('',(1.,0.,-0.));
#11186 = DEFINITIONAL_REPRESENTATION('',(#11187),#11191);
#11187 = CIRCLE('',#11188,1.4);
#11188 = AXIS2_PLACEMENT_2D('',#11189,#11190);
#11189 = CARTESIAN_POINT('',(0.,0.));
#11190 = DIRECTION('',(1.,0.));
#11191 = ( GEOMETRIC_REPRESENTATION_CONTEXT(2)
PARAMETRIC_REPRESENTATION_CONTEXT() REPRESENTATION_CONTEXT('2D SPACE',''
  ) );
#11192 = ORIENTED_EDGE('',*,*,#11143,.T.);
#11193 = ADVANCED_FACE('',(#11194),#8793,.F.);
#11194 = FACE_BOUND('',#11195,.F.);
#11195 = EDGE_LOOP('',(#11196,#11197,#11220,#11247));
#11196 = ORIENTED_EDGE('',*,*,#8776,.F.);
#11197 = ORIENTED_EDGE('',*,*,#11198,.F.);
#11198 = EDGE_CURVE('',#11199,#8777,#11201,.T.);
#11199 = VERTEX_POINT('',#11200);
#11200 = CARTESIAN_POINT('',(93.9,85.,151.));
#11201 = SEAM_CURVE('',#11202,(#11206,#11213),.PCURVE_S1.);
#11202 = LINE('',#11203,#11204);
#11203 = CARTESIAN_POINT('',(93.9,85.,151.));
#11204 = VECTOR('',#11205,1.);
#11205 = DIRECTION('',(0.,0.,1.));
#11206 = PCURVE('',#8793,#11207);
#11207 = DEFINITIONAL_REPRESENTATION('',(#11208),#11212);
#11208 = LINE('',#11209,#11210);
#11209 = CARTESIAN_POINT('',(6.28318530718,-0.));
#11210 = VECTOR('',#11211,1.);
#11211 = DIRECTION('',(0.,1.));
#11212 = ( GEOMETRIC_REPRESENTATION_CONTEXT(2)
PARAMETRIC_REPRESENTATION_CONTEXT() REPRESENTATION_CONTEXT('2D SPACE',''
  ) );
#11213 = PCURVE('',#8793,#11214);
#11214 = DEFINITIONAL_REPRESENTATION('',(#11215),#11219);
#11215 = LINE('',#11216,#11217);
#11216 = CARTESIAN_POINT('',(0.,-0.));
#11217 = VECTOR('',#11218,1.);
#11218 = DIRECTION('',(0.,1.));
#11219 = ( GEOMETRIC_REPRESENTATION_CONTEXT(2)
PARAMETRIC_REPRESENTATION_CONTEXT() REPRESENTATION_CONTEXT('2D SPACE',''
  ) );
#11220 = ORIENTED_EDGE('',*,*,#11221,.T.);
#11221 = EDGE_CURVE('',#11199,#11199,#11222,.T.);
#11222 = SURFACE_CURVE('',#11223,(#11228,#11235),.PCURVE_S1.);
#11223 = CIRCLE('',#11224,1.4);
#11224 = AXIS2_PLACEMENT_3D('',#11225,#11226,#11227);
#11225 = CARTESIAN_POINT('',(92.5,85.,151.));
#11226 = DIRECTION('',(0.,0.,1.));
#11227 = DIRECTION('',(1.,0.,-0.));
#11228 = PCURVE('',#8793,#11229);
#11229 = DEFINITIONAL_REPRESENTATION('',(#11230),#11234);
#11230 = LINE('',#11231,#11232);
#11231 = CARTESIAN_POINT('',(0.,0.));
#11232 = VECTOR('',#11233,1.);
#11233 = DIRECTION('',(1.,0.));
#11234 = ( GEOMETRIC_REPRESENTATION_CONTEXT(2)
PARAMETRIC_REPRESENTATION_CONTEXT() REPRESENTATION_CONTEXT('2D SPACE',''
  ) );
#11235 = PCURVE('',#11236,#11241);
#11236 = PLANE('',#11237);
#11237 = AXIS2_PLACEMENT_3D('',#11238,#11239,#11240);
#11238 = CARTESIAN_POINT('',(92.5,85.,151.));
#11239 = DIRECTION('',(0.,0.,1.));
#11240 = DIRECTION('',(1.,0.,-0.));
#11241 = DEFINITIONAL_REPRESENTATION('',(#11242),#11246);
#11242 = CIRCLE('',#11243,1.4);
#11243 = AXIS2_PLACEMENT_2D('',#11244,#11245);
#11244 = CARTESIAN_POINT('',(0.,0.));
#11245 = DIRECTION('',(1.,0.));
#11246 = ( GEOMETRIC_REPRESENTATION_CONTEXT(2)
PARAMETRIC_REPRESENTATION_CONTEXT() REPRESENTATION_CONTEXT('2D SPACE',''
  ) );
#11247 = ORIENTED_EDGE('',*,*,#11198,.T.);
#11248 = ADVANCED_FACE('',(#11249),#8846,.T.);
#11249 = FACE_BOUND('',#11250,.F.);
#11250 = EDGE_LOOP('',(#11251,#11272,#11273,#11274));
#11251 = ORIENTED_EDGE('',*,*,#11252,.F.);
#11252 = EDGE_CURVE('',#8809,#11253,#11255,.T.);
#11253 = VERTEX_POINT('',#11254);
#11254 = CARTESIAN_POINT('',(76.5,76.,142.2));
#11255 = SEAM_CURVE('',#11256,(#11260,#11266),.PCURVE_S1.);
#11256 = LINE('',#11257,#11258);
#11257 = CARTESIAN_POINT('',(76.5,76.3,142.5));
#11258 = VECTOR('',#11259,1.);
#11259 = DIRECTION('',(-0.,-0.707106781187,-0.707106781187));
#11260 = PCURVE('',#8846,#11261);
#11261 = DEFINITIONAL_REPRESENTATION('',(#11262),#11265);
#11262 = B_SPLINE_CURVE_WITH_KNOTS('',1,(#11263,#11264),.UNSPECIFIED.,
  .F.,.F.,(2,2),(0.,0.424264068712),.PIECEWISE_BEZIER_KNOTS.);
#11263 = CARTESIAN_POINT('',(0.,0.));
#11264 = CARTESIAN_POINT('',(0.,-0.3));
#11265 = ( GEOMETRIC_REPRESENTATION_CONTEXT(2)
PARAMETRIC_REPRESENTATION_CONTEXT() REPRESENTATION_CONTEXT('2D SPACE',''
  ) );
#11266 = PCURVE('',#8846,#11267);
#11267 = DEFINITIONAL_REPRESENTATION('',(#11268),#11271);
#11268 = B_SPLINE_CURVE_WITH_KNOTS('',1,(#11269,#11270),.UNSPECIFIED.,
  .F.,.F.,(2,2),(0.,0.424264068712),.PIECEWISE_BEZIER_KNOTS.);
#11269 = CARTESIAN_POINT('',(6.28318530718,0.));
#11270 = CARTESIAN_POINT('',(6.28318530718,-0.3));
#11271 = ( GEOMETRIC_REPRESENTATION_CONTEXT(2)
PARAMETRIC_REPRESENTATION_CONTEXT() REPRESENTATION_CONTEXT('2D SPACE',''
  ) );
#11272 = ORIENTED_EDGE('',*,*,#8831,.T.);
#11273 = ORIENTED_EDGE('',*,*,#11252,.T.);
#11274 = ORIENTED_EDGE('',*,*,#11275,.F.);
#11275 = EDGE_CURVE('',#11253,#11253,#11276,.T.);
#11276 = SURFACE_CURVE('',#11277,(#11282,#11289),.PCURVE_S1.);
#11277 = CIRCLE('',#11278,3.7);
#11278 = AXIS2_PLACEMENT_3D('',#11279,#11280,#11281);
#11279 = CARTESIAN_POINT('',(76.5,76.,138.5));
#11280 = DIRECTION('',(0.,1.,0.));
#11281 = DIRECTION('',(0.,-0.,1.));
#11282 = PCURVE('',#8846,#11283);
#11283 = DEFINITIONAL_REPRESENTATION('',(#11284),#11288);
#11284 = LINE('',#11285,#11286);
#11285 = CARTESIAN_POINT('',(0.,-0.3));
#11286 = VECTOR('',#11287,1.);
#11287 = DIRECTION('',(1.,-0.));
#11288 = ( GEOMETRIC_REPRESENTATION_CONTEXT(2)
PARAMETRIC_REPRESENTATION_CONTEXT() REPRESENTATION_CONTEXT('2D SPACE',''
  ) );
#11289 = PCURVE('',#11290,#11295);
#11290 = PLANE('',#11291);
#11291 = AXIS2_PLACEMENT_3D('',#11292,#11293,#11294);
#11292 = CARTESIAN_POINT('',(76.5,76.,138.5));
#11293 = DIRECTION('',(0.,1.,0.));
#11294 = DIRECTION('',(0.,-0.,1.));
#11295 = DEFINITIONAL_REPRESENTATION('',(#11296),#11300);
#11296 = CIRCLE('',#11297,3.7);
#11297 = AXIS2_PLACEMENT_2D('',#11298,#11299);
#11298 = CARTESIAN_POINT('',(0.,0.));
#11299 = DIRECTION('',(1.,0.));
#11300 = ( GEOMETRIC_REPRESENTATION_CONTEXT(2)
PARAMETRIC_REPRESENTATION_CONTEXT() REPRESENTATION_CONTEXT('2D SPACE',''
  ) );
#11301 = ADVANCED_FACE('',(#11302),#8901,.T.);
#11302 = FACE_BOUND('',#11303,.F.);
#11303 = EDGE_LOOP('',(#11304,#11325,#11326,#11327));
#11304 = ORIENTED_EDGE('',*,*,#11305,.F.);
#11305 = EDGE_CURVE('',#8864,#11306,#11308,.T.);
#11306 = VERTEX_POINT('',#11307);
#11307 = CARTESIAN_POINT('',(19.5,76.,82.2));
#11308 = SEAM_CURVE('',#11309,(#11313,#11319),.PCURVE_S1.);
#11309 = LINE('',#11310,#11311);
#11310 = CARTESIAN_POINT('',(19.5,76.3,82.5));
#11311 = VECTOR('',#11312,1.);
#11312 = DIRECTION('',(-0.,-0.707106781187,-0.707106781187));
#11313 = PCURVE('',#8901,#11314);
#11314 = DEFINITIONAL_REPRESENTATION('',(#11315),#11318);
#11315 = B_SPLINE_CURVE_WITH_KNOTS('',1,(#11316,#11317),.UNSPECIFIED.,
  .F.,.F.,(2,2),(0.,0.424264068712),.PIECEWISE_BEZIER_KNOTS.);
#11316 = CARTESIAN_POINT('',(0.,0.));
#11317 = CARTESIAN_POINT('',(0.,-0.3));
#11318 = ( GEOMETRIC_REPRESENTATION_CONTEXT(2)
PARAMETRIC_REPRESENTATION_CONTEXT() REPRESENTATION_CONTEXT('2D SPACE',''
  ) );
#11319 = PCURVE('',#8901,#11320);
#11320 = DEFINITIONAL_REPRESENTATION('',(#11321),#11324);
#11321 = B_SPLINE_CURVE_WITH_KNOTS('',1,(#11322,#11323),.UNSPECIFIED.,
  .F.,.F.,(2,2),(0.,0.424264068712),.PIECEWISE_BEZIER_KNOTS.);
#11322 = CARTESIAN_POINT('',(6.28318530718,0.));
#11323 = CARTESIAN_POINT('',(6.28318530718,-0.3));
#11324 = ( GEOMETRIC_REPRESENTATION_CONTEXT(2)
PARAMETRIC_REPRESENTATION_CONTEXT() REPRESENTATION_CONTEXT('2D SPACE',''
  ) );
#11325 = ORIENTED_EDGE('',*,*,#8886,.T.);
#11326 = ORIENTED_EDGE('',*,*,#11305,.T.);
#11327 = ORIENTED_EDGE('',*,*,#11328,.F.);
#11328 = EDGE_CURVE('',#11306,#11306,#11329,.T.);
#11329 = SURFACE_CURVE('',#11330,(#11335,#11342),.PCURVE_S1.);
#11330 = CIRCLE('',#11331,3.7);
#11331 = AXIS2_PLACEMENT_3D('',#11332,#11333,#11334);
#11332 = CARTESIAN_POINT('',(19.5,76.,78.5));
#11333 = DIRECTION('',(0.,1.,0.));
#11334 = DIRECTION('',(0.,-0.,1.));
#11335 = PCURVE('',#8901,#11336);
#11336 = DEFINITIONAL_REPRESENTATION('',(#11337),#11341);
#11337 = LINE('',#11338,#11339);
#11338 = CARTESIAN_POINT('',(0.,-0.3));
#11339 = VECTOR('',#11340,1.);
#11340 = DIRECTION('',(1.,-0.));
#11341 = ( GEOMETRIC_REPRESENTATION_CONTEXT(2)
PARAMETRIC_REPRESENTATION_CONTEXT() REPRESENTATION_CONTEXT('2D SPACE',''
  ) );
#11342 = PCURVE('',#11343,#11348);
#11343 = PLANE('',#11344);
#11344 = AXIS2_PLACEMENT_3D('',#11345,#11346,#11347);
#11345 = CARTESIAN_POINT('',(19.5,76.,78.5));
#11346 = DIRECTION('',(0.,1.,0.));
#11347 = DIRECTION('',(0.,-0.,1.));
#11348 = DEFINITIONAL_REPRESENTATION('',(#11349),#11353);
#11349 = CIRCLE('',#11350,3.7);
#11350 = AXIS2_PLACEMENT_2D('',#11351,#11352);
#11351 = CARTESIAN_POINT('',(0.,0.));
#11352 = DIRECTION('',(1.,0.));
#11353 = ( GEOMETRIC_REPRESENTATION_CONTEXT(2)
PARAMETRIC_REPRESENTATION_CONTEXT() REPRESENTATION_CONTEXT('2D SPACE',''
  ) );
#11354 = ADVANCED_FACE('',(#11355),#8956,.T.);
#11355 = FACE_BOUND('',#11356,.F.);
#11356 = EDGE_LOOP('',(#11357,#11378,#11379,#11380));
#11357 = ORIENTED_EDGE('',*,*,#11358,.F.);
#11358 = EDGE_CURVE('',#8919,#11359,#11361,.T.);
#11359 = VERTEX_POINT('',#11360);
#11360 = CARTESIAN_POINT('',(19.5,76.,142.2));
#11361 = SEAM_CURVE('',#11362,(#11366,#11372),.PCURVE_S1.);
#11362 = LINE('',#11363,#11364);
#11363 = CARTESIAN_POINT('',(19.5,76.3,142.5));
#11364 = VECTOR('',#11365,1.);
#11365 = DIRECTION('',(-0.,-0.707106781187,-0.707106781187));
#11366 = PCURVE('',#8956,#11367);
#11367 = DEFINITIONAL_REPRESENTATION('',(#11368),#11371);
#11368 = B_SPLINE_CURVE_WITH_KNOTS('',1,(#11369,#11370),.UNSPECIFIED.,
  .F.,.F.,(2,2),(0.,0.424264068712),.PIECEWISE_BEZIER_KNOTS.);
#11369 = CARTESIAN_POINT('',(0.,0.));
#11370 = CARTESIAN_POINT('',(0.,-0.3));
#11371 = ( GEOMETRIC_REPRESENTATION_CONTEXT(2)
PARAMETRIC_REPRESENTATION_CONTEXT() REPRESENTATION_CONTEXT('2D SPACE',''
  ) );
#11372 = PCURVE('',#8956,#11373);
#11373 = DEFINITIONAL_REPRESENTATION('',(#11374),#11377);
#11374 = B_SPLINE_CURVE_WITH_KNOTS('',1,(#11375,#11376),.UNSPECIFIED.,
  .F.,.F.,(2,2),(0.,0.424264068712),.PIECEWISE_BEZIER_KNOTS.);
#11375 = CARTESIAN_POINT('',(6.28318530718,0.));
#11376 = CARTESIAN_POINT('',(6.28318530718,-0.3));
#11377 = ( GEOMETRIC_REPRESENTATION_CONTEXT(2)
PARAMETRIC_REPRESENTATION_CONTEXT() REPRESENTATION_CONTEXT('2D SPACE',''
  ) );
#11378 = ORIENTED_EDGE('',*,*,#8941,.T.);
#11379 = ORIENTED_EDGE('',*,*,#11358,.T.);
#11380 = ORIENTED_EDGE('',*,*,#11381,.F.);
#11381 = EDGE_CURVE('',#11359,#11359,#11382,.T.);
#11382 = SURFACE_CURVE('',#11383,(#11388,#11395),.PCURVE_S1.);
#11383 = CIRCLE('',#11384,3.7);
#11384 = AXIS2_PLACEMENT_3D('',#11385,#11386,#11387);
#11385 = CARTESIAN_POINT('',(19.5,76.,138.5));
#11386 = DIRECTION('',(0.,1.,0.));
#11387 = DIRECTION('',(0.,-0.,1.));
#11388 = PCURVE('',#8956,#11389);
#11389 = DEFINITIONAL_REPRESENTATION('',(#11390),#11394);
#11390 = LINE('',#11391,#11392);
#11391 = CARTESIAN_POINT('',(0.,-0.3));
#11392 = VECTOR('',#11393,1.);
#11393 = DIRECTION('',(1.,-0.));
#11394 = ( GEOMETRIC_REPRESENTATION_CONTEXT(2)
PARAMETRIC_REPRESENTATION_CONTEXT() REPRESENTATION_CONTEXT('2D SPACE',''
  ) );
#11395 = PCURVE('',#11396,#11401);
#11396 = PLANE('',#11397);
#11397 = AXIS2_PLACEMENT_3D('',#11398,#11399,#11400);
#11398 = CARTESIAN_POINT('',(19.5,76.,138.5));
#11399 = DIRECTION('',(0.,1.,0.));
#11400 = DIRECTION('',(0.,-0.,1.));
#11401 = DEFINITIONAL_REPRESENTATION('',(#11402),#11406);
#11402 = CIRCLE('',#11403,3.7);
#11403 = AXIS2_PLACEMENT_2D('',#11404,#11405);
#11404 = CARTESIAN_POINT('',(0.,0.));
#11405 = DIRECTION('',(1.,0.));
#11406 = ( GEOMETRIC_REPRESENTATION_CONTEXT(2)
PARAMETRIC_REPRESENTATION_CONTEXT() REPRESENTATION_CONTEXT('2D SPACE',''
  ) );
#11407 = ADVANCED_FACE('',(#11408),#9011,.T.);
#11408 = FACE_BOUND('',#11409,.F.);
#11409 = EDGE_LOOP('',(#11410,#11431,#11432,#11433));
#11410 = ORIENTED_EDGE('',*,*,#11411,.F.);
#11411 = EDGE_CURVE('',#8974,#11412,#11414,.T.);
#11412 = VERTEX_POINT('',#11413);
#11413 = CARTESIAN_POINT('',(76.5,76.,82.2));
#11414 = SEAM_CURVE('',#11415,(#11419,#11425),.PCURVE_S1.);
#11415 = LINE('',#11416,#11417);
#11416 = CARTESIAN_POINT('',(76.5,76.3,82.5));
#11417 = VECTOR('',#11418,1.);
#11418 = DIRECTION('',(-0.,-0.707106781187,-0.707106781187));
#11419 = PCURVE('',#9011,#11420);
#11420 = DEFINITIONAL_REPRESENTATION('',(#11421),#11424);
#11421 = B_SPLINE_CURVE_WITH_KNOTS('',1,(#11422,#11423),.UNSPECIFIED.,
  .F.,.F.,(2,2),(0.,0.424264068712),.PIECEWISE_BEZIER_KNOTS.);
#11422 = CARTESIAN_POINT('',(0.,0.));
#11423 = CARTESIAN_POINT('',(0.,-0.3));
#11424 = ( GEOMETRIC_REPRESENTATION_CONTEXT(2)
PARAMETRIC_REPRESENTATION_CONTEXT() REPRESENTATION_CONTEXT('2D SPACE',''
  ) );
#11425 = PCURVE('',#9011,#11426);
#11426 = DEFINITIONAL_REPRESENTATION('',(#11427),#11430);
#11427 = B_SPLINE_CURVE_WITH_KNOTS('',1,(#11428,#11429),.UNSPECIFIED.,
  .F.,.F.,(2,2),(0.,0.424264068712),.PIECEWISE_BEZIER_KNOTS.);
#11428 = CARTESIAN_POINT('',(6.28318530718,0.));
#11429 = CARTESIAN_POINT('',(6.28318530718,-0.3));
#11430 = ( GEOMETRIC_REPRESENTATION_CONTEXT(2)
PARAMETRIC_REPRESENTATION_CONTEXT() REPRESENTATION_CONTEXT('2D SPACE',''
  ) );
#11431 = ORIENTED_EDGE('',*,*,#8996,.T.);
#11432 = ORIENTED_EDGE('',*,*,#11411,.T.);
#11433 = ORIENTED_EDGE('',*,*,#11434,.F.);
#11434 = EDGE_CURVE('',#11412,#11412,#11435,.T.);
#11435 = SURFACE_CURVE('',#11436,(#11441,#11448),.PCURVE_S1.);
#11436 = CIRCLE('',#11437,3.7);
#11437 = AXIS2_PLACEMENT_3D('',#11438,#11439,#11440);
#11438 = CARTESIAN_POINT('',(76.5,76.,78.5));
#11439 = DIRECTION('',(0.,1.,0.));
#11440 = DIRECTION('',(0.,-0.,1.));
#11441 = PCURVE('',#9011,#11442);
#11442 = DEFINITIONAL_REPRESENTATION('',(#11443),#11447);
#11443 = LINE('',#11444,#11445);
#11444 = CARTESIAN_POINT('',(0.,-0.3));
#11445 = VECTOR('',#11446,1.);
#11446 = DIRECTION('',(1.,-0.));
#11447 = ( GEOMETRIC_REPRESENTATION_CONTEXT(2)
PARAMETRIC_REPRESENTATION_CONTEXT() REPRESENTATION_CONTEXT('2D SPACE',''
  ) );
#11448 = PCURVE('',#11449,#11454);
#11449 = PLANE('',#11450);
#11450 = AXIS2_PLACEMENT_3D('',#11451,#11452,#11453);
#11451 = CARTESIAN_POINT('',(76.5,76.,78.5));
#11452 = DIRECTION('',(0.,1.,0.));
#11453 = DIRECTION('',(0.,-0.,1.));
#11454 = DEFINITIONAL_REPRESENTATION('',(#11455),#11459);
#11455 = CIRCLE('',#11456,3.7);
#11456 = AXIS2_PLACEMENT_2D('',#11457,#11458);
#11457 = CARTESIAN_POINT('',(0.,0.));
#11458 = DIRECTION('',(1.,0.));
#11459 = ( GEOMETRIC_REPRESENTATION_CONTEXT(2)
PARAMETRIC_REPRESENTATION_CONTEXT() REPRESENTATION_CONTEXT('2D SPACE',''
  ) );
#11460 = ADVANCED_FACE('',(#11461),#9141,.T.);
#11461 = FACE_BOUND('',#11462,.F.);
#11462 = EDGE_LOOP('',(#11463,#11485,#11518,#11538));
#11463 = ORIENTED_EDGE('',*,*,#11464,.F.);
#11464 = EDGE_CURVE('',#11465,#9104,#11467,.T.);
#11465 = VERTEX_POINT('',#11466);
#11466 = CARTESIAN_POINT('',(95.5,7.,-1.110223024625E-16));
#11467 = SURFACE_CURVE('',#11468,(#11473,#11479),.PCURVE_S1.);
#11468 = CIRCLE('',#11469,0.5);
#11469 = AXIS2_PLACEMENT_3D('',#11470,#11471,#11472);
#11470 = CARTESIAN_POINT('',(95.5,7.,0.5));
#11471 = DIRECTION('',(0.,-1.,-0.));
#11472 = DIRECTION('',(-0.,0.,-1.));
#11473 = PCURVE('',#9141,#11474);
#11474 = DEFINITIONAL_REPRESENTATION('',(#11475),#11478);
#11475 = B_SPLINE_CURVE_WITH_KNOTS('',1,(#11476,#11477),.UNSPECIFIED.,
  .F.,.F.,(2,2),(0.,1.570796326795),.PIECEWISE_BEZIER_KNOTS.);
#11476 = CARTESIAN_POINT('',(0.,4.712388980385));
#11477 = CARTESIAN_POINT('',(0.,6.28318530718));
#11478 = ( GEOMETRIC_REPRESENTATION_CONTEXT(2)
PARAMETRIC_REPRESENTATION_CONTEXT() REPRESENTATION_CONTEXT('2D SPACE',''
  ) );
#11479 = PCURVE('',#10131,#11480);
#11480 = DEFINITIONAL_REPRESENTATION('',(#11481),#11484);
#11481 = B_SPLINE_CURVE_WITH_KNOTS('',1,(#11482,#11483),.UNSPECIFIED.,
  .F.,.F.,(2,2),(0.,1.570796326795),.PIECEWISE_BEZIER_KNOTS.);
#11482 = CARTESIAN_POINT('',(0.,86.));
#11483 = CARTESIAN_POINT('',(1.570796326795,86.));
#11484 = ( GEOMETRIC_REPRESENTATION_CONTEXT(2)
PARAMETRIC_REPRESENTATION_CONTEXT() REPRESENTATION_CONTEXT('2D SPACE',''
  ) );
#11485 = ORIENTED_EDGE('',*,*,#11486,.T.);
#11486 = EDGE_CURVE('',#11465,#11487,#11489,.T.);
#11487 = VERTEX_POINT('',#11488);
#11488 = CARTESIAN_POINT('',(89.,0.5,0.));
#11489 = SURFACE_CURVE('',#11490,(#11495,#11502),.PCURVE_S1.);
#11490 = CIRCLE('',#11491,6.5);
#11491 = AXIS2_PLACEMENT_3D('',#11492,#11493,#11494);
#11492 = CARTESIAN_POINT('',(89.,7.,0.));
#11493 = DIRECTION('',(0.,-0.,-1.));
#11494 = DIRECTION('',(1.,0.,-0.));
#11495 = PCURVE('',#9141,#11496);
#11496 = DEFINITIONAL_REPRESENTATION('',(#11497),#11501);
#11497 = LINE('',#11498,#11499);
#11498 = CARTESIAN_POINT('',(-0.,4.712388980385));
#11499 = VECTOR('',#11500,1.);
#11500 = DIRECTION('',(-1.,0.));
#11501 = ( GEOMETRIC_REPRESENTATION_CONTEXT(2)
PARAMETRIC_REPRESENTATION_CONTEXT() REPRESENTATION_CONTEXT('2D SPACE',''
  ) );
#11502 = PCURVE('',#11503,#11508);
#11503 = PLANE('',#11504);
#11504 = AXIS2_PLACEMENT_3D('',#11505,#11506,#11507);
#11505 = CARTESIAN_POINT('',(0.,0.,0.));
#11506 = DIRECTION('',(0.,0.,1.));
#11507 = DIRECTION('',(1.,0.,-0.));
#11508 = DEFINITIONAL_REPRESENTATION('',(#11509),#11517);
#11509 = ( BOUNDED_CURVE() B_SPLINE_CURVE(2,(#11510,#11511,#11512,#11513
    ,#11514,#11515,#11516),.UNSPECIFIED.,.T.,.F.)
B_SPLINE_CURVE_WITH_KNOTS((1,2,2,2,2,1),(-2.094395102393,0.,
    2.094395102393,4.188790204786,6.28318530718,8.377580409573),
.UNSPECIFIED.) CURVE() GEOMETRIC_REPRESENTATION_ITEM()
RATIONAL_B_SPLINE_CURVE((1.,0.5,1.,0.5,1.,0.5,1.)) REPRESENTATION_ITEM(
  '') );
#11510 = CARTESIAN_POINT('',(95.5,7.));
#11511 = CARTESIAN_POINT('',(95.5,-4.258330249198));
#11512 = CARTESIAN_POINT('',(85.75,1.370834875401));
#11513 = CARTESIAN_POINT('',(76.,7.));
#11514 = CARTESIAN_POINT('',(85.75,12.629165124599));
#11515 = CARTESIAN_POINT('',(95.5,18.258330249198));
#11516 = CARTESIAN_POINT('',(95.5,7.));
#11517 = ( GEOMETRIC_REPRESENTATION_CONTEXT(2)
PARAMETRIC_REPRESENTATION_CONTEXT() REPRESENTATION_CONTEXT('2D SPACE',''
  ) );
#11518 = ORIENTED_EDGE('',*,*,#11519,.T.);
#11519 = EDGE_CURVE('',#11487,#9029,#11520,.T.);
#11520 = SURFACE_CURVE('',#11521,(#11526,#11532),.PCURVE_S1.);
#11521 = CIRCLE('',#11522,0.5);
#11522 = AXIS2_PLACEMENT_3D('',#11523,#11524,#11525);
#11523 = CARTESIAN_POINT('',(89.,0.5,0.5));
#11524 = DIRECTION('',(-1.,-6.123233995737E-17,0.));
#11525 = DIRECTION('',(6.123233995737E-17,-1.,-0.));
#11526 = PCURVE('',#9141,#11527);
#11527 = DEFINITIONAL_REPRESENTATION('',(#11528),#11531);
#11528 = B_SPLINE_CURVE_WITH_KNOTS('',1,(#11529,#11530),.UNSPECIFIED.,
  .F.,.F.,(2,2),(4.712388980385,6.28318530718),
  .PIECEWISE_BEZIER_KNOTS.);
#11529 = CARTESIAN_POINT('',(-1.570796326795,4.712388980385));
#11530 = CARTESIAN_POINT('',(-1.570796326795,6.28318530718));
#11531 = ( GEOMETRIC_REPRESENTATION_CONTEXT(2)
PARAMETRIC_REPRESENTATION_CONTEXT() REPRESENTATION_CONTEXT('2D SPACE',''
  ) );
#11532 = PCURVE('',#9173,#11533);
#11533 = DEFINITIONAL_REPRESENTATION('',(#11534),#11537);
#11534 = B_SPLINE_CURVE_WITH_KNOTS('',1,(#11535,#11536),.UNSPECIFIED.,
  .F.,.F.,(2,2),(4.712388980385,6.28318530718),
  .PIECEWISE_BEZIER_KNOTS.);
#11535 = CARTESIAN_POINT('',(0.,0.));
#11536 = CARTESIAN_POINT('',(1.570796326795,0.));
#11537 = ( GEOMETRIC_REPRESENTATION_CONTEXT(2)
PARAMETRIC_REPRESENTATION_CONTEXT() REPRESENTATION_CONTEXT('2D SPACE',''
  ) );
#11538 = ORIENTED_EDGE('',*,*,#9126,.F.);
#11539 = ADVANCED_FACE('',(#11540),#9173,.T.);
#11540 = FACE_BOUND('',#11541,.T.);
#11541 = EDGE_LOOP('',(#11542,#11543,#11544,#11566));
#11542 = ORIENTED_EDGE('',*,*,#11519,.T.);
#11543 = ORIENTED_EDGE('',*,*,#9157,.T.);
#11544 = ORIENTED_EDGE('',*,*,#11545,.F.);
#11545 = EDGE_CURVE('',#11546,#9158,#11548,.T.);
#11546 = VERTEX_POINT('',#11547);
#11547 = CARTESIAN_POINT('',(7.,0.5,-1.110223024625E-16));
#11548 = SURFACE_CURVE('',#11549,(#11554,#11560),.PCURVE_S1.);
#11549 = CIRCLE('',#11550,0.5);
#11550 = AXIS2_PLACEMENT_3D('',#11551,#11552,#11553);
#11551 = CARTESIAN_POINT('',(7.,0.5,0.5));
#11552 = DIRECTION('',(-1.,-0.,0.));
#11553 = DIRECTION('',(-0.,0.,-1.));
#11554 = PCURVE('',#9173,#11555);
#11555 = DEFINITIONAL_REPRESENTATION('',(#11556),#11559);
#11556 = B_SPLINE_CURVE_WITH_KNOTS('',1,(#11557,#11558),.UNSPECIFIED.,
  .F.,.F.,(2,2),(0.,1.570796326795),.PIECEWISE_BEZIER_KNOTS.);
#11557 = CARTESIAN_POINT('',(0.,82.));
#11558 = CARTESIAN_POINT('',(1.570796326795,82.));
#11559 = ( GEOMETRIC_REPRESENTATION_CONTEXT(2)
PARAMETRIC_REPRESENTATION_CONTEXT() REPRESENTATION_CONTEXT('2D SPACE',''
  ) );
#11560 = PCURVE('',#9306,#11561);
#11561 = DEFINITIONAL_REPRESENTATION('',(#11562),#11565);
#11562 = B_SPLINE_CURVE_WITH_KNOTS('',1,(#11563,#11564),.UNSPECIFIED.,
  .F.,.F.,(2,2),(0.,1.570796326795),.PIECEWISE_BEZIER_KNOTS.);
#11563 = CARTESIAN_POINT('',(2.22044604925E-16,4.712388980385));
#11564 = CARTESIAN_POINT('',(2.22044604925E-16,6.28318530718));
#11565 = ( GEOMETRIC_REPRESENTATION_CONTEXT(2)
PARAMETRIC_REPRESENTATION_CONTEXT() REPRESENTATION_CONTEXT('2D SPACE',''
  ) );
#11566 = ORIENTED_EDGE('',*,*,#11567,.F.);
#11567 = EDGE_CURVE('',#11487,#11546,#11568,.T.);
#11568 = SURFACE_CURVE('',#11569,(#11573,#11580),.PCURVE_S1.);
#11569 = LINE('',#11570,#11571);
#11570 = CARTESIAN_POINT('',(89.,0.5,-1.110223024625E-16));
#11571 = VECTOR('',#11572,1.);
#11572 = DIRECTION('',(-1.,-0.,0.));
#11573 = PCURVE('',#9173,#11574);
#11574 = DEFINITIONAL_REPRESENTATION('',(#11575),#11579);
#11575 = LINE('',#11576,#11577);
#11576 = CARTESIAN_POINT('',(0.,0.));
#11577 = VECTOR('',#11578,1.);
#11578 = DIRECTION('',(0.,1.));
#11579 = ( GEOMETRIC_REPRESENTATION_CONTEXT(2)
PARAMETRIC_REPRESENTATION_CONTEXT() REPRESENTATION_CONTEXT('2D SPACE',''
  ) );
#11580 = PCURVE('',#11503,#11581);
#11581 = DEFINITIONAL_REPRESENTATION('',(#11582),#11586);
#11582 = LINE('',#11583,#11584);
#11583 = CARTESIAN_POINT('',(89.,0.5));
#11584 = VECTOR('',#11585,1.);
#11585 = DIRECTION('',(-1.,0.));
#11586 = ( GEOMETRIC_REPRESENTATION_CONTEXT(2)
PARAMETRIC_REPRESENTATION_CONTEXT() REPRESENTATION_CONTEXT('2D SPACE',''
  ) );
#11587 = ADVANCED_FACE('',(#11588),#9306,.T.);
#11588 = FACE_BOUND('',#11589,.F.);
#11589 = EDGE_LOOP('',(#11590,#11591,#11619,#11644));
#11590 = ORIENTED_EDGE('',*,*,#11545,.F.);
#11591 = ORIENTED_EDGE('',*,*,#11592,.T.);
#11592 = EDGE_CURVE('',#11546,#11593,#11595,.T.);
#11593 = VERTEX_POINT('',#11594);
#11594 = CARTESIAN_POINT('',(0.5,7.,0.));
#11595 = SURFACE_CURVE('',#11596,(#11601,#11608),.PCURVE_S1.);
#11596 = CIRCLE('',#11597,6.5);
#11597 = AXIS2_PLACEMENT_3D('',#11598,#11599,#11600);
#11598 = CARTESIAN_POINT('',(7.,7.,0.));
#11599 = DIRECTION('',(-0.,0.,-1.));
#11600 = DIRECTION('',(-2.537652627715E-16,-1.,0.));
#11601 = PCURVE('',#9306,#11602);
#11602 = DEFINITIONAL_REPRESENTATION('',(#11603),#11607);
#11603 = LINE('',#11604,#11605);
#11604 = CARTESIAN_POINT('',(-0.,4.712388980385));
#11605 = VECTOR('',#11606,1.);
#11606 = DIRECTION('',(-1.,0.));
#11607 = ( GEOMETRIC_REPRESENTATION_CONTEXT(2)
PARAMETRIC_REPRESENTATION_CONTEXT() REPRESENTATION_CONTEXT('2D SPACE',''
  ) );
#11608 = PCURVE('',#11503,#11609);
#11609 = DEFINITIONAL_REPRESENTATION('',(#11610),#11618);
#11610 = ( BOUNDED_CURVE() B_SPLINE_CURVE(2,(#11611,#11612,#11613,#11614
    ,#11615,#11616,#11617),.UNSPECIFIED.,.T.,.F.)
B_SPLINE_CURVE_WITH_KNOTS((1,2,2,2,2,1),(-2.094395102393,0.,
    2.094395102393,4.188790204786,6.28318530718,8.377580409573),
.UNSPECIFIED.) CURVE() GEOMETRIC_REPRESENTATION_ITEM()
RATIONAL_B_SPLINE_CURVE((1.,0.5,1.,0.5,1.,0.5,1.)) REPRESENTATION_ITEM(
  '') );
#11611 = CARTESIAN_POINT('',(7.,0.5));
#11612 = CARTESIAN_POINT('',(-4.258330249198,0.5));
#11613 = CARTESIAN_POINT('',(1.370834875401,10.25));
#11614 = CARTESIAN_POINT('',(7.,20.));
#11615 = CARTESIAN_POINT('',(12.629165124599,10.25));
#11616 = CARTESIAN_POINT('',(18.258330249198,0.5));
#11617 = CARTESIAN_POINT('',(7.,0.5));
#11618 = ( GEOMETRIC_REPRESENTATION_CONTEXT(2)
PARAMETRIC_REPRESENTATION_CONTEXT() REPRESENTATION_CONTEXT('2D SPACE',''
  ) );
#11619 = ORIENTED_EDGE('',*,*,#11620,.T.);
#11620 = EDGE_CURVE('',#11593,#9264,#11621,.T.);
#11621 = SURFACE_CURVE('',#11622,(#11627,#11633),.PCURVE_S1.);
#11622 = CIRCLE('',#11623,0.5);
#11623 = AXIS2_PLACEMENT_3D('',#11624,#11625,#11626);
#11624 = CARTESIAN_POINT('',(0.5,7.,0.5));
#11625 = DIRECTION('',(-2.951168211093E-17,1.,0.));
#11626 = DIRECTION('',(-1.,-2.951168211093E-17,0.));
#11627 = PCURVE('',#9306,#11628);
#11628 = DEFINITIONAL_REPRESENTATION('',(#11629),#11632);
#11629 = B_SPLINE_CURVE_WITH_KNOTS('',1,(#11630,#11631),.UNSPECIFIED.,
  .F.,.F.,(2,2),(4.712388980385,6.28318530718),
  .PIECEWISE_BEZIER_KNOTS.);
#11630 = CARTESIAN_POINT('',(-1.570796326795,4.712388980385));
#11631 = CARTESIAN_POINT('',(-1.570796326795,6.28318530718));
#11632 = ( GEOMETRIC_REPRESENTATION_CONTEXT(2)
PARAMETRIC_REPRESENTATION_CONTEXT() REPRESENTATION_CONTEXT('2D SPACE',''
  ) );
#11633 = PCURVE('',#11634,#11639);
#11634 = CYLINDRICAL_SURFACE('',#11635,0.5);
#11635 = AXIS2_PLACEMENT_3D('',#11636,#11637,#11638);
#11636 = CARTESIAN_POINT('',(0.5,7.,0.5));
#11637 = DIRECTION('',(-0.,1.,0.));
#11638 = DIRECTION('',(-0.,0.,-1.));
#11639 = DEFINITIONAL_REPRESENTATION('',(#11640),#11643);
#11640 = B_SPLINE_CURVE_WITH_KNOTS('',1,(#11641,#11642),.UNSPECIFIED.,
  .F.,.F.,(2,2),(4.712388980385,6.28318530718),
  .PIECEWISE_BEZIER_KNOTS.);
#11641 = CARTESIAN_POINT('',(0.,0.));
#11642 = CARTESIAN_POINT('',(1.570796326795,0.));
#11643 = ( GEOMETRIC_REPRESENTATION_CONTEXT(2)
PARAMETRIC_REPRESENTATION_CONTEXT() REPRESENTATION_CONTEXT('2D SPACE',''
  ) );
#11644 = ORIENTED_EDGE('',*,*,#9291,.F.);
#11645 = ADVANCED_FACE('',(#11646,#11652),#9279,.F.);
#11646 = FACE_BOUND('',#11647,.F.);
#11647 = EDGE_LOOP('',(#11648,#11649,#11650,#11651));
#11648 = ORIENTED_EDGE('',*,*,#10605,.T.);
#11649 = ORIENTED_EDGE('',*,*,#10703,.T.);
#11650 = ORIENTED_EDGE('',*,*,#10730,.F.);
#11651 = ORIENTED_EDGE('',*,*,#10654,.F.);
#11652 = FACE_BOUND('',#11653,.F.);
#11653 = EDGE_LOOP('',(#11654,#11655,#11678,#11699));
#11654 = ORIENTED_EDGE('',*,*,#9263,.F.);
#11655 = ORIENTED_EDGE('',*,*,#11656,.T.);
#11656 = EDGE_CURVE('',#9264,#11657,#11659,.T.);
#11657 = VERTEX_POINT('',#11658);
#11658 = CARTESIAN_POINT('',(-1.110223024625E-16,93.,0.5));
#11659 = SURFACE_CURVE('',#11660,(#11664,#11671),.PCURVE_S1.);
#11660 = LINE('',#11661,#11662);
#11661 = CARTESIAN_POINT('',(-1.110223024625E-16,7.,0.5));
#11662 = VECTOR('',#11663,1.);
#11663 = DIRECTION('',(-0.,1.,0.));
#11664 = PCURVE('',#9279,#11665);
#11665 = DEFINITIONAL_REPRESENTATION('',(#11666),#11670);
#11666 = LINE('',#11667,#11668);
#11667 = CARTESIAN_POINT('',(0.5,-7.));
#11668 = VECTOR('',#11669,1.);
#11669 = DIRECTION('',(0.,-1.));
#11670 = ( GEOMETRIC_REPRESENTATION_CONTEXT(2)
PARAMETRIC_REPRESENTATION_CONTEXT() REPRESENTATION_CONTEXT('2D SPACE',''
  ) );
#11671 = PCURVE('',#11634,#11672);
#11672 = DEFINITIONAL_REPRESENTATION('',(#11673),#11677);
#11673 = LINE('',#11674,#11675);
#11674 = CARTESIAN_POINT('',(1.570796326795,0.));
#11675 = VECTOR('',#11676,1.);
#11676 = DIRECTION('',(0.,1.));
#11677 = ( GEOMETRIC_REPRESENTATION_CONTEXT(2)
PARAMETRIC_REPRESENTATION_CONTEXT() REPRESENTATION_CONTEXT('2D SPACE',''
  ) );
#11678 = ORIENTED_EDGE('',*,*,#11679,.T.);
#11679 = EDGE_CURVE('',#11657,#10755,#11680,.T.);
#11680 = SURFACE_CURVE('',#11681,(#11685,#11692),.PCURVE_S1.);
#11681 = LINE('',#11682,#11683);
#11682 = CARTESIAN_POINT('',(-8.881784197001E-16,93.,0.));
#11683 = VECTOR('',#11684,1.);
#11684 = DIRECTION('',(0.,0.,1.));
#11685 = PCURVE('',#9279,#11686);
#11686 = DEFINITIONAL_REPRESENTATION('',(#11687),#11691);
#11687 = LINE('',#11688,#11689);
#11688 = CARTESIAN_POINT('',(0.,-93.));
#11689 = VECTOR('',#11690,1.);
#11690 = DIRECTION('',(1.,0.));
#11691 = ( GEOMETRIC_REPRESENTATION_CONTEXT(2)
PARAMETRIC_REPRESENTATION_CONTEXT() REPRESENTATION_CONTEXT('2D SPACE',''
  ) );
#11692 = PCURVE('',#10814,#11693);
#11693 = DEFINITIONAL_REPRESENTATION('',(#11694),#11698);
#11694 = LINE('',#11695,#11696);
#11695 = CARTESIAN_POINT('',(-0.,0.));
#11696 = VECTOR('',#11697,1.);
#11697 = DIRECTION('',(-0.,1.));
#11698 = ( GEOMETRIC_REPRESENTATION_CONTEXT(2)
PARAMETRIC_REPRESENTATION_CONTEXT() REPRESENTATION_CONTEXT('2D SPACE',''
  ) );
#11699 = ORIENTED_EDGE('',*,*,#10849,.F.);
#11700 = ADVANCED_FACE('',(#11701),#9389,.T.);
#11701 = FACE_BOUND('',#11702,.T.);
#11702 = EDGE_LOOP('',(#11703,#11704,#11705,#11706,#11707,#11708));
#11703 = ORIENTED_EDGE('',*,*,#9615,.F.);
#11704 = ORIENTED_EDGE('',*,*,#9590,.F.);
#11705 = ORIENTED_EDGE('',*,*,#9545,.T.);
#11706 = ORIENTED_EDGE('',*,*,#9497,.T.);
#11707 = ORIENTED_EDGE('',*,*,#9371,.T.);
#11708 = ORIENTED_EDGE('',*,*,#11709,.F.);
#11709 = EDGE_CURVE('',#9616,#9374,#11710,.T.);
#11710 = SURFACE_CURVE('',#11711,(#11716,#11723),.PCURVE_S1.);
#11711 = CIRCLE('',#11712,4.);
#11712 = AXIS2_PLACEMENT_3D('',#11713,#11714,#11715);
#11713 = CARTESIAN_POINT('',(184.,90.5,77.));
#11714 = DIRECTION('',(0.,0.,1.));
#11715 = DIRECTION('',(1.,0.,-0.));
#11716 = PCURVE('',#9389,#11717);
#11717 = DEFINITIONAL_REPRESENTATION('',(#11718),#11722);
#11718 = CIRCLE('',#11719,4.);
#11719 = AXIS2_PLACEMENT_2D('',#11720,#11721);
#11720 = CARTESIAN_POINT('',(91.,3.));
#11721 = DIRECTION('',(1.,0.));
#11722 = ( GEOMETRIC_REPRESENTATION_CONTEXT(2)
PARAMETRIC_REPRESENTATION_CONTEXT() REPRESENTATION_CONTEXT('2D SPACE',''
  ) );
#11723 = PCURVE('',#9483,#11724);
#11724 = DEFINITIONAL_REPRESENTATION('',(#11725),#11729);
#11725 = LINE('',#11726,#11727);
#11726 = CARTESIAN_POINT('',(0.,4.));
#11727 = VECTOR('',#11728,1.);
#11728 = DIRECTION('',(1.,0.));
#11729 = ( GEOMETRIC_REPRESENTATION_CONTEXT(2)
PARAMETRIC_REPRESENTATION_CONTEXT() REPRESENTATION_CONTEXT('2D SPACE',''
  ) );
#11730 = ADVANCED_FACE('',(#11731),#9483,.F.);
#11731 = FACE_BOUND('',#11732,.F.);
#11732 = EDGE_LOOP('',(#11733,#11764,#11787,#11809,#11810,#11834,#11860,
    #11882,#11883,#11884,#11885,#11909));
#11733 = ORIENTED_EDGE('',*,*,#11734,.F.);
#11734 = EDGE_CURVE('',#11735,#11737,#11739,.T.);
#11735 = VERTEX_POINT('',#11736);
#11736 = CARTESIAN_POINT('',(188.,90.5,77.));
#11737 = VERTEX_POINT('',#11738);
#11738 = CARTESIAN_POINT('',(186.64575131106,93.5,77.));
#11739 = SURFACE_CURVE('',#11740,(#11745,#11752),.PCURVE_S1.);
#11740 = CIRCLE('',#11741,4.);
#11741 = AXIS2_PLACEMENT_3D('',#11742,#11743,#11744);
#11742 = CARTESIAN_POINT('',(184.,90.5,77.));
#11743 = DIRECTION('',(0.,0.,1.));
#11744 = DIRECTION('',(1.,0.,-0.));
#11745 = PCURVE('',#9483,#11746);
#11746 = DEFINITIONAL_REPRESENTATION('',(#11747),#11751);
#11747 = LINE('',#11748,#11749);
#11748 = CARTESIAN_POINT('',(0.,4.));
#11749 = VECTOR('',#11750,1.);
#11750 = DIRECTION('',(1.,0.));
#11751 = ( GEOMETRIC_REPRESENTATION_CONTEXT(2)
PARAMETRIC_REPRESENTATION_CONTEXT() REPRESENTATION_CONTEXT('2D SPACE',''
  ) );
#11752 = PCURVE('',#11753,#11758);
#11753 = PLANE('',#11754);
#11754 = AXIS2_PLACEMENT_3D('',#11755,#11756,#11757);
#11755 = CARTESIAN_POINT('',(93.,87.5,77.));
#11756 = DIRECTION('',(0.,0.,1.));
#11757 = DIRECTION('',(1.,0.,-0.));
#11758 = DEFINITIONAL_REPRESENTATION('',(#11759),#11763);
#11759 = CIRCLE('',#11760,4.);
#11760 = AXIS2_PLACEMENT_2D('',#11761,#11762);
#11761 = CARTESIAN_POINT('',(91.,3.));
#11762 = DIRECTION('',(1.,0.));
#11763 = ( GEOMETRIC_REPRESENTATION_CONTEXT(2)
PARAMETRIC_REPRESENTATION_CONTEXT() REPRESENTATION_CONTEXT('2D SPACE',''
  ) );
#11764 = ORIENTED_EDGE('',*,*,#11765,.F.);
#11765 = EDGE_CURVE('',#11766,#11735,#11768,.T.);
#11766 = VERTEX_POINT('',#11767);
#11767 = CARTESIAN_POINT('',(188.,90.5,74.));
#11768 = SEAM_CURVE('',#11769,(#11773,#11780),.PCURVE_S1.);
#11769 = LINE('',#11770,#11771);
#11770 = CARTESIAN_POINT('',(188.,90.5,73.));
#11771 = VECTOR('',#11772,1.);
#11772 = DIRECTION('',(0.,0.,1.));
#11773 = PCURVE('',#9483,#11774);
#11774 = DEFINITIONAL_REPRESENTATION('',(#11775),#11779);
#11775 = LINE('',#11776,#11777);
#11776 = CARTESIAN_POINT('',(6.28318530718,-0.));
#11777 = VECTOR('',#11778,1.);
#11778 = DIRECTION('',(0.,1.));
#11779 = ( GEOMETRIC_REPRESENTATION_CONTEXT(2)
PARAMETRIC_REPRESENTATION_CONTEXT() REPRESENTATION_CONTEXT('2D SPACE',''
  ) );
#11780 = PCURVE('',#9483,#11781);
#11781 = DEFINITIONAL_REPRESENTATION('',(#11782),#11786);
#11782 = LINE('',#11783,#11784);
#11783 = CARTESIAN_POINT('',(0.,-0.));
#11784 = VECTOR('',#11785,1.);
#11785 = DIRECTION('',(0.,1.));
#11786 = ( GEOMETRIC_REPRESENTATION_CONTEXT(2)
PARAMETRIC_REPRESENTATION_CONTEXT() REPRESENTATION_CONTEXT('2D SPACE',''
  ) );
#11787 = ORIENTED_EDGE('',*,*,#11788,.T.);
#11788 = EDGE_CURVE('',#11766,#11766,#11789,.T.);
#11789 = SURFACE_CURVE('',#11790,(#11795,#11802),.PCURVE_S1.);
#11790 = CIRCLE('',#11791,4.);
#11791 = AXIS2_PLACEMENT_3D('',#11792,#11793,#11794);
#11792 = CARTESIAN_POINT('',(184.,90.5,74.));
#11793 = DIRECTION('',(0.,0.,1.));
#11794 = DIRECTION('',(1.,0.,-0.));
#11795 = PCURVE('',#9483,#11796);
#11796 = DEFINITIONAL_REPRESENTATION('',(#11797),#11801);
#11797 = LINE('',#11798,#11799);
#11798 = CARTESIAN_POINT('',(0.,1.));
#11799 = VECTOR('',#11800,1.);
#11800 = DIRECTION('',(1.,0.));
#11801 = ( GEOMETRIC_REPRESENTATION_CONTEXT(2)
PARAMETRIC_REPRESENTATION_CONTEXT() REPRESENTATION_CONTEXT('2D SPACE',''
  ) );
#11802 = PCURVE('',#10099,#11803);
#11803 = DEFINITIONAL_REPRESENTATION('',(#11804),#11808);
#11804 = CIRCLE('',#11805,4.);
#11805 = AXIS2_PLACEMENT_2D('',#11806,#11807);
#11806 = CARTESIAN_POINT('',(90.,5.));
#11807 = DIRECTION('',(1.,0.));
#11808 = ( GEOMETRIC_REPRESENTATION_CONTEXT(2)
PARAMETRIC_REPRESENTATION_CONTEXT() REPRESENTATION_CONTEXT('2D SPACE',''
  ) );
#11809 = ORIENTED_EDGE('',*,*,#11765,.T.);
#11810 = ORIENTED_EDGE('',*,*,#11811,.F.);
#11811 = EDGE_CURVE('',#11812,#11735,#11814,.T.);
#11812 = VERTEX_POINT('',#11813);
#11813 = CARTESIAN_POINT('',(186.64575131106,87.5,77.));
#11814 = SURFACE_CURVE('',#11815,(#11820,#11827),.PCURVE_S1.);
#11815 = CIRCLE('',#11816,4.);
#11816 = AXIS2_PLACEMENT_3D('',#11817,#11818,#11819);
#11817 = CARTESIAN_POINT('',(184.,90.5,77.));
#11818 = DIRECTION('',(0.,0.,1.));
#11819 = DIRECTION('',(1.,0.,-0.));
#11820 = PCURVE('',#9483,#11821);
#11821 = DEFINITIONAL_REPRESENTATION('',(#11822),#11826);
#11822 = LINE('',#11823,#11824);
#11823 = CARTESIAN_POINT('',(0.,4.));
#11824 = VECTOR('',#11825,1.);
#11825 = DIRECTION('',(1.,0.));
#11826 = ( GEOMETRIC_REPRESENTATION_CONTEXT(2)
PARAMETRIC_REPRESENTATION_CONTEXT() REPRESENTATION_CONTEXT('2D SPACE',''
  ) );
#11827 = PCURVE('',#11753,#11828);
#11828 = DEFINITIONAL_REPRESENTATION('',(#11829),#11833);
#11829 = CIRCLE('',#11830,4.);
#11830 = AXIS2_PLACEMENT_2D('',#11831,#11832);
#11831 = CARTESIAN_POINT('',(91.,3.));
#11832 = DIRECTION('',(1.,0.));
#11833 = ( GEOMETRIC_REPRESENTATION_CONTEXT(2)
PARAMETRIC_REPRESENTATION_CONTEXT() REPRESENTATION_CONTEXT('2D SPACE',''
  ) );
#11834 = ORIENTED_EDGE('',*,*,#11835,.T.);
#11835 = EDGE_CURVE('',#11812,#11836,#11838,.T.);
#11836 = VERTEX_POINT('',#11837);
#11837 = CARTESIAN_POINT('',(186.64575131106,87.5,86.));
#11838 = SURFACE_CURVE('',#11839,(#11843,#11849),.PCURVE_S1.);
#11839 = LINE('',#11840,#11841);
#11840 = CARTESIAN_POINT('',(186.64575131106,87.5,73.));
#11841 = VECTOR('',#11842,1.);
#11842 = DIRECTION('',(0.,0.,1.));
#11843 = PCURVE('',#9483,#11844);
#11844 = DEFINITIONAL_REPRESENTATION('',(#11845),#11848);
#11845 = B_SPLINE_CURVE_WITH_KNOTS('',1,(#11846,#11847),.UNSPECIFIED.,
  .F.,.F.,(2,2),(3.1,13.9),.PIECEWISE_BEZIER_KNOTS.);
#11846 = CARTESIAN_POINT('',(5.435123228198,3.1));
#11847 = CARTESIAN_POINT('',(5.435123228198,13.9));
#11848 = ( GEOMETRIC_REPRESENTATION_CONTEXT(2)
PARAMETRIC_REPRESENTATION_CONTEXT() REPRESENTATION_CONTEXT('2D SPACE',''
  ) );
#11849 = PCURVE('',#11850,#11855);
#11850 = PLANE('',#11851);
#11851 = AXIS2_PLACEMENT_3D('',#11852,#11853,#11854);
#11852 = CARTESIAN_POINT('',(93.,87.5,77.));
#11853 = DIRECTION('',(-0.,1.,0.));
#11854 = DIRECTION('',(0.,0.,1.));
#11855 = DEFINITIONAL_REPRESENTATION('',(#11856),#11859);
#11856 = B_SPLINE_CURVE_WITH_KNOTS('',1,(#11857,#11858),.UNSPECIFIED.,
  .F.,.F.,(2,2),(3.1,13.9),.PIECEWISE_BEZIER_KNOTS.);
#11857 = CARTESIAN_POINT('',(-0.9,93.645751311065));
#11858 = CARTESIAN_POINT('',(9.9,93.645751311065));
#11859 = ( GEOMETRIC_REPRESENTATION_CONTEXT(2)
PARAMETRIC_REPRESENTATION_CONTEXT() REPRESENTATION_CONTEXT('2D SPACE',''
  ) );
#11860 = ORIENTED_EDGE('',*,*,#11861,.F.);
#11861 = EDGE_CURVE('',#9445,#11836,#11862,.T.);
#11862 = SURFACE_CURVE('',#11863,(#11868,#11875),.PCURVE_S1.);
#11863 = CIRCLE('',#11864,4.);
#11864 = AXIS2_PLACEMENT_3D('',#11865,#11866,#11867);
#11865 = CARTESIAN_POINT('',(184.,90.5,86.));
#11866 = DIRECTION('',(0.,0.,1.));
#11867 = DIRECTION('',(1.,0.,-0.));
#11868 = PCURVE('',#9483,#11869);
#11869 = DEFINITIONAL_REPRESENTATION('',(#11870),#11874);
#11870 = LINE('',#11871,#11872);
#11871 = CARTESIAN_POINT('',(0.,13.));
#11872 = VECTOR('',#11873,1.);
#11873 = DIRECTION('',(1.,0.));
#11874 = ( GEOMETRIC_REPRESENTATION_CONTEXT(2)
PARAMETRIC_REPRESENTATION_CONTEXT() REPRESENTATION_CONTEXT('2D SPACE',''
  ) );
#11875 = PCURVE('',#9459,#11876);
#11876 = DEFINITIONAL_REPRESENTATION('',(#11877),#11881);
#11877 = CIRCLE('',#11878,4.);
#11878 = AXIS2_PLACEMENT_2D('',#11879,#11880);
#11879 = CARTESIAN_POINT('',(90.,5.));
#11880 = DIRECTION('',(1.,0.));
#11881 = ( GEOMETRIC_REPRESENTATION_CONTEXT(2)
PARAMETRIC_REPRESENTATION_CONTEXT() REPRESENTATION_CONTEXT('2D SPACE',''
  ) );
#11882 = ORIENTED_EDGE('',*,*,#9470,.F.);
#11883 = ORIENTED_EDGE('',*,*,#11709,.F.);
#11884 = ORIENTED_EDGE('',*,*,#9707,.T.);
#11885 = ORIENTED_EDGE('',*,*,#11886,.F.);
#11886 = EDGE_CURVE('',#11887,#9682,#11889,.T.);
#11887 = VERTEX_POINT('',#11888);
#11888 = CARTESIAN_POINT('',(186.64575131106,93.5,86.));
#11889 = SURFACE_CURVE('',#11890,(#11895,#11902),.PCURVE_S1.);
#11890 = CIRCLE('',#11891,4.);
#11891 = AXIS2_PLACEMENT_3D('',#11892,#11893,#11894);
#11892 = CARTESIAN_POINT('',(184.,90.5,86.));
#11893 = DIRECTION('',(0.,0.,1.));
#11894 = DIRECTION('',(1.,0.,-0.));
#11895 = PCURVE('',#9483,#11896);
#11896 = DEFINITIONAL_REPRESENTATION('',(#11897),#11901);
#11897 = LINE('',#11898,#11899);
#11898 = CARTESIAN_POINT('',(0.,13.));
#11899 = VECTOR('',#11900,1.);
#11900 = DIRECTION('',(1.,0.));
#11901 = ( GEOMETRIC_REPRESENTATION_CONTEXT(2)
PARAMETRIC_REPRESENTATION_CONTEXT() REPRESENTATION_CONTEXT('2D SPACE',''
  ) );
#11902 = PCURVE('',#9696,#11903);
#11903 = DEFINITIONAL_REPRESENTATION('',(#11904),#11908);
#11904 = CIRCLE('',#11905,4.);
#11905 = AXIS2_PLACEMENT_2D('',#11906,#11907);
#11906 = CARTESIAN_POINT('',(90.,5.));
#11907 = DIRECTION('',(1.,0.));
#11908 = ( GEOMETRIC_REPRESENTATION_CONTEXT(2)
PARAMETRIC_REPRESENTATION_CONTEXT() REPRESENTATION_CONTEXT('2D SPACE',''
  ) );
#11909 = ORIENTED_EDGE('',*,*,#11910,.F.);
#11910 = EDGE_CURVE('',#11737,#11887,#11911,.T.);
#11911 = SURFACE_CURVE('',#11912,(#11916,#11922),.PCURVE_S1.);
#11912 = LINE('',#11913,#11914);
#11913 = CARTESIAN_POINT('',(186.64575131106,93.5,73.));
#11914 = VECTOR('',#11915,1.);
#11915 = DIRECTION('',(0.,0.,1.));
#11916 = PCURVE('',#9483,#11917);
#11917 = DEFINITIONAL_REPRESENTATION('',(#11918),#11921);
#11918 = B_SPLINE_CURVE_WITH_KNOTS('',1,(#11919,#11920),.UNSPECIFIED.,
  .F.,.F.,(2,2),(3.1,13.9),.PIECEWISE_BEZIER_KNOTS.);
#11919 = CARTESIAN_POINT('',(0.848062078981,3.1));
#11920 = CARTESIAN_POINT('',(0.848062078981,13.9));
#11921 = ( GEOMETRIC_REPRESENTATION_CONTEXT(2)
PARAMETRIC_REPRESENTATION_CONTEXT() REPRESENTATION_CONTEXT('2D SPACE',''
  ) );
#11922 = PCURVE('',#11923,#11928);
#11923 = PLANE('',#11924);
#11924 = AXIS2_PLACEMENT_3D('',#11925,#11926,#11927);
#11925 = CARTESIAN_POINT('',(93.,93.5,77.));
#11926 = DIRECTION('',(-0.,1.,0.));
#11927 = DIRECTION('',(0.,0.,1.));
#11928 = DEFINITIONAL_REPRESENTATION('',(#11929),#11932);
#11929 = B_SPLINE_CURVE_WITH_KNOTS('',1,(#11930,#11931),.UNSPECIFIED.,
  .F.,.F.,(2,2),(3.1,13.9),.PIECEWISE_BEZIER_KNOTS.);
#11930 = CARTESIAN_POINT('',(-0.9,93.645751311065));
#11931 = CARTESIAN_POINT('',(9.9,93.645751311065));
#11932 = ( GEOMETRIC_REPRESENTATION_CONTEXT(2)
PARAMETRIC_REPRESENTATION_CONTEXT() REPRESENTATION_CONTEXT('2D SPACE',''
  ) );
#11933 = ADVANCED_FACE('',(#11934),#9459,.T.);
#11934 = FACE_BOUND('',#11935,.T.);
#11935 = EDGE_LOOP('',(#11936,#11937,#11960,#11988,#12007,#12008));
#11936 = ORIENTED_EDGE('',*,*,#10295,.T.);
#11937 = ORIENTED_EDGE('',*,*,#11938,.T.);
#11938 = EDGE_CURVE('',#10270,#11939,#11941,.T.);
#11939 = VERTEX_POINT('',#11940);
#11940 = CARTESIAN_POINT('',(192.,85.5,86.));
#11941 = SURFACE_CURVE('',#11942,(#11946,#11953),.PCURVE_S1.);
#11942 = LINE('',#11943,#11944);
#11943 = CARTESIAN_POINT('',(94.,85.5,86.));
#11944 = VECTOR('',#11945,1.);
#11945 = DIRECTION('',(1.,0.,-0.));
#11946 = PCURVE('',#9459,#11947);
#11947 = DEFINITIONAL_REPRESENTATION('',(#11948),#11952);
#11948 = LINE('',#11949,#11950);
#11949 = CARTESIAN_POINT('',(0.,0.));
#11950 = VECTOR('',#11951,1.);
#11951 = DIRECTION('',(1.,0.));
#11952 = ( GEOMETRIC_REPRESENTATION_CONTEXT(2)
PARAMETRIC_REPRESENTATION_CONTEXT() REPRESENTATION_CONTEXT('2D SPACE',''
  ) );
#11953 = PCURVE('',#10284,#11954);
#11954 = DEFINITIONAL_REPRESENTATION('',(#11955),#11959);
#11955 = LINE('',#11956,#11957);
#11956 = CARTESIAN_POINT('',(12.,0.));
#11957 = VECTOR('',#11958,1.);
#11958 = DIRECTION('',(0.,1.));
#11959 = ( GEOMETRIC_REPRESENTATION_CONTEXT(2)
PARAMETRIC_REPRESENTATION_CONTEXT() REPRESENTATION_CONTEXT('2D SPACE',''
  ) );
#11960 = ORIENTED_EDGE('',*,*,#11961,.T.);
#11961 = EDGE_CURVE('',#11939,#11962,#11964,.T.);
#11962 = VERTEX_POINT('',#11963);
#11963 = CARTESIAN_POINT('',(192.,87.5,86.));
#11964 = SURFACE_CURVE('',#11965,(#11969,#11976),.PCURVE_S1.);
#11965 = LINE('',#11966,#11967);
#11966 = CARTESIAN_POINT('',(192.,85.5,86.));
#11967 = VECTOR('',#11968,1.);
#11968 = DIRECTION('',(-0.,1.,0.));
#11969 = PCURVE('',#9459,#11970);
#11970 = DEFINITIONAL_REPRESENTATION('',(#11971),#11975);
#11971 = LINE('',#11972,#11973);
#11972 = CARTESIAN_POINT('',(98.,0.));
#11973 = VECTOR('',#11974,1.);
#11974 = DIRECTION('',(0.,1.));
#11975 = ( GEOMETRIC_REPRESENTATION_CONTEXT(2)
PARAMETRIC_REPRESENTATION_CONTEXT() REPRESENTATION_CONTEXT('2D SPACE',''
  ) );
#11976 = PCURVE('',#11977,#11982);
#11977 = PLANE('',#11978);
#11978 = AXIS2_PLACEMENT_3D('',#11979,#11980,#11981);
#11979 = CARTESIAN_POINT('',(192.,85.5,74.));
#11980 = DIRECTION('',(1.,0.,-0.));
#11981 = DIRECTION('',(0.,0.,1.));
#11982 = DEFINITIONAL_REPRESENTATION('',(#11983),#11987);
#11983 = LINE('',#11984,#11985);
#11984 = CARTESIAN_POINT('',(12.,0.));
#11985 = VECTOR('',#11986,1.);
#11986 = DIRECTION('',(0.,-1.));
#11987 = ( GEOMETRIC_REPRESENTATION_CONTEXT(2)
PARAMETRIC_REPRESENTATION_CONTEXT() REPRESENTATION_CONTEXT('2D SPACE',''
  ) );
#11988 = ORIENTED_EDGE('',*,*,#11989,.T.);
#11989 = EDGE_CURVE('',#11962,#11836,#11990,.T.);
#11990 = SURFACE_CURVE('',#11991,(#11995,#12001),.PCURVE_S1.);
#11991 = LINE('',#11992,#11993);
#11992 = CARTESIAN_POINT('',(93.5,87.5,86.));
#11993 = VECTOR('',#11994,1.);
#11994 = DIRECTION('',(-1.,-0.,0.));
#11995 = PCURVE('',#9459,#11996);
#11996 = DEFINITIONAL_REPRESENTATION('',(#11997),#12000);
#11997 = B_SPLINE_CURVE_WITH_KNOTS('',1,(#11998,#11999),.UNSPECIFIED.,
  .F.,.F.,(2,2),(-98.5,-0.5),.PIECEWISE_BEZIER_KNOTS.);
#11998 = CARTESIAN_POINT('',(98.,2.));
#11999 = CARTESIAN_POINT('',(0.,2.));
#12000 = ( GEOMETRIC_REPRESENTATION_CONTEXT(2)
PARAMETRIC_REPRESENTATION_CONTEXT() REPRESENTATION_CONTEXT('2D SPACE',''
  ) );
#12001 = PCURVE('',#11850,#12002);
#12002 = DEFINITIONAL_REPRESENTATION('',(#12003),#12006);
#12003 = B_SPLINE_CURVE_WITH_KNOTS('',1,(#12004,#12005),.UNSPECIFIED.,
  .F.,.F.,(2,2),(-98.5,-0.5),.PIECEWISE_BEZIER_KNOTS.);
#12004 = CARTESIAN_POINT('',(9.,99.));
#12005 = CARTESIAN_POINT('',(9.,1.));
#12006 = ( GEOMETRIC_REPRESENTATION_CONTEXT(2)
PARAMETRIC_REPRESENTATION_CONTEXT() REPRESENTATION_CONTEXT('2D SPACE',''
  ) );
#12007 = ORIENTED_EDGE('',*,*,#11861,.F.);
#12008 = ORIENTED_EDGE('',*,*,#9444,.T.);
#12009 = ADVANCED_FACE('',(#12010),#9696,.T.);
#12010 = FACE_BOUND('',#12011,.T.);
#12011 = EDGE_LOOP('',(#12012,#12013,#12014,#12015,#12036,#12059));
#12012 = ORIENTED_EDGE('',*,*,#10034,.F.);
#12013 = ORIENTED_EDGE('',*,*,#9681,.F.);
#12014 = ORIENTED_EDGE('',*,*,#11886,.F.);
#12015 = ORIENTED_EDGE('',*,*,#12016,.F.);
#12016 = EDGE_CURVE('',#12017,#11887,#12019,.T.);
#12017 = VERTEX_POINT('',#12018);
#12018 = CARTESIAN_POINT('',(192.,93.5,86.));
#12019 = SURFACE_CURVE('',#12020,(#12024,#12030),.PCURVE_S1.);
#12020 = LINE('',#12021,#12022);
#12021 = CARTESIAN_POINT('',(93.5,93.5,86.));
#12022 = VECTOR('',#12023,1.);
#12023 = DIRECTION('',(-1.,-0.,0.));
#12024 = PCURVE('',#9696,#12025);
#12025 = DEFINITIONAL_REPRESENTATION('',(#12026),#12029);
#12026 = B_SPLINE_CURVE_WITH_KNOTS('',1,(#12027,#12028),.UNSPECIFIED.,
  .F.,.F.,(2,2),(-98.5,-0.5),.PIECEWISE_BEZIER_KNOTS.);
#12027 = CARTESIAN_POINT('',(98.,8.));
#12028 = CARTESIAN_POINT('',(0.,8.));
#12029 = ( GEOMETRIC_REPRESENTATION_CONTEXT(2)
PARAMETRIC_REPRESENTATION_CONTEXT() REPRESENTATION_CONTEXT('2D SPACE',''
  ) );
#12030 = PCURVE('',#11923,#12031);
#12031 = DEFINITIONAL_REPRESENTATION('',(#12032),#12035);
#12032 = B_SPLINE_CURVE_WITH_KNOTS('',1,(#12033,#12034),.UNSPECIFIED.,
  .F.,.F.,(2,2),(-98.5,-0.5),.PIECEWISE_BEZIER_KNOTS.);
#12033 = CARTESIAN_POINT('',(9.,99.));
#12034 = CARTESIAN_POINT('',(9.,1.));
#12035 = ( GEOMETRIC_REPRESENTATION_CONTEXT(2)
PARAMETRIC_REPRESENTATION_CONTEXT() REPRESENTATION_CONTEXT('2D SPACE',''
  ) );
#12036 = ORIENTED_EDGE('',*,*,#12037,.T.);
#12037 = EDGE_CURVE('',#12017,#12038,#12040,.T.);
#12038 = VERTEX_POINT('',#12039);
#12039 = CARTESIAN_POINT('',(192.,95.5,86.));
#12040 = SURFACE_CURVE('',#12041,(#12045,#12052),.PCURVE_S1.);
#12041 = LINE('',#12042,#12043);
#12042 = CARTESIAN_POINT('',(192.,85.5,86.));
#12043 = VECTOR('',#12044,1.);
#12044 = DIRECTION('',(-0.,1.,0.));
#12045 = PCURVE('',#9696,#12046);
#12046 = DEFINITIONAL_REPRESENTATION('',(#12047),#12051);
#12047 = LINE('',#12048,#12049);
#12048 = CARTESIAN_POINT('',(98.,0.));
#12049 = VECTOR('',#12050,1.);
#12050 = DIRECTION('',(0.,1.));
#12051 = ( GEOMETRIC_REPRESENTATION_CONTEXT(2)
PARAMETRIC_REPRESENTATION_CONTEXT() REPRESENTATION_CONTEXT('2D SPACE',''
  ) );
#12052 = PCURVE('',#11977,#12053);
#12053 = DEFINITIONAL_REPRESENTATION('',(#12054),#12058);
#12054 = LINE('',#12055,#12056);
#12055 = CARTESIAN_POINT('',(12.,0.));
#12056 = VECTOR('',#12057,1.);
#12057 = DIRECTION('',(0.,-1.));
#12058 = ( GEOMETRIC_REPRESENTATION_CONTEXT(2)
PARAMETRIC_REPRESENTATION_CONTEXT() REPRESENTATION_CONTEXT('2D SPACE',''
  ) );
#12059 = ORIENTED_EDGE('',*,*,#12060,.F.);
#12060 = EDGE_CURVE('',#10035,#12038,#12061,.T.);
#12061 = SURFACE_CURVE('',#12062,(#12066,#12073),.PCURVE_S1.);
#12062 = LINE('',#12063,#12064);
#12063 = CARTESIAN_POINT('',(94.,95.5,86.));
#12064 = VECTOR('',#12065,1.);
#12065 = DIRECTION('',(1.,0.,-0.));
#12066 = PCURVE('',#9696,#12067);
#12067 = DEFINITIONAL_REPRESENTATION('',(#12068),#12072);
#12068 = LINE('',#12069,#12070);
#12069 = CARTESIAN_POINT('',(0.,10.));
#12070 = VECTOR('',#12071,1.);
#12071 = DIRECTION('',(1.,0.));
#12072 = ( GEOMETRIC_REPRESENTATION_CONTEXT(2)
PARAMETRIC_REPRESENTATION_CONTEXT() REPRESENTATION_CONTEXT('2D SPACE',''
  ) );
#12073 = PCURVE('',#10073,#12074);
#12074 = DEFINITIONAL_REPRESENTATION('',(#12075),#12079);
#12075 = LINE('',#12076,#12077);
#12076 = CARTESIAN_POINT('',(12.,0.));
#12077 = VECTOR('',#12078,1.);
#12078 = DIRECTION('',(0.,1.));
#12079 = ( GEOMETRIC_REPRESENTATION_CONTEXT(2)
PARAMETRIC_REPRESENTATION_CONTEXT() REPRESENTATION_CONTEXT('2D SPACE',''
  ) );
#12080 = ADVANCED_FACE('',(#12081,#12152),#10099,.F.);
#12081 = FACE_BOUND('',#12082,.F.);
#12082 = EDGE_LOOP('',(#12083,#12106,#12107,#12108,#12131));
#12083 = ORIENTED_EDGE('',*,*,#12084,.F.);
#12084 = EDGE_CURVE('',#10059,#12085,#12087,.T.);
#12085 = VERTEX_POINT('',#12086);
#12086 = CARTESIAN_POINT('',(192.,95.5,74.));
#12087 = SURFACE_CURVE('',#12088,(#12092,#12099),.PCURVE_S1.);
#12088 = LINE('',#12089,#12090);
#12089 = CARTESIAN_POINT('',(94.,95.5,74.));
#12090 = VECTOR('',#12091,1.);
#12091 = DIRECTION('',(1.,0.,-0.));
#12092 = PCURVE('',#10099,#12093);
#12093 = DEFINITIONAL_REPRESENTATION('',(#12094),#12098);
#12094 = LINE('',#12095,#12096);
#12095 = CARTESIAN_POINT('',(0.,10.));
#12096 = VECTOR('',#12097,1.);
#12097 = DIRECTION('',(1.,0.));
#12098 = ( GEOMETRIC_REPRESENTATION_CONTEXT(2)
PARAMETRIC_REPRESENTATION_CONTEXT() REPRESENTATION_CONTEXT('2D SPACE',''
  ) );
#12099 = PCURVE('',#10073,#12100);
#12100 = DEFINITIONAL_REPRESENTATION('',(#12101),#12105);
#12101 = LINE('',#12102,#12103);
#12102 = CARTESIAN_POINT('',(0.,0.));
#12103 = VECTOR('',#12104,1.);
#12104 = DIRECTION('',(0.,1.));
#12105 = ( GEOMETRIC_REPRESENTATION_CONTEXT(2)
PARAMETRIC_REPRESENTATION_CONTEXT() REPRESENTATION_CONTEXT('2D SPACE',''
  ) );
#12106 = ORIENTED_EDGE('',*,*,#10084,.F.);
#12107 = ORIENTED_EDGE('',*,*,#10248,.T.);
#12108 = ORIENTED_EDGE('',*,*,#12109,.T.);
#12109 = EDGE_CURVE('',#10249,#12110,#12112,.T.);
#12110 = VERTEX_POINT('',#12111);
#12111 = CARTESIAN_POINT('',(192.,85.5,74.));
#12112 = SURFACE_CURVE('',#12113,(#12117,#12124),.PCURVE_S1.);
#12113 = LINE('',#12114,#12115);
#12114 = CARTESIAN_POINT('',(94.,85.5,74.));
#12115 = VECTOR('',#12116,1.);
#12116 = DIRECTION('',(1.,0.,-0.));
#12117 = PCURVE('',#10099,#12118);
#12118 = DEFINITIONAL_REPRESENTATION('',(#12119),#12123);
#12119 = LINE('',#12120,#12121);
#12120 = CARTESIAN_POINT('',(0.,0.));
#12121 = VECTOR('',#12122,1.);
#12122 = DIRECTION('',(1.,0.));
#12123 = ( GEOMETRIC_REPRESENTATION_CONTEXT(2)
PARAMETRIC_REPRESENTATION_CONTEXT() REPRESENTATION_CONTEXT('2D SPACE',''
  ) );
#12124 = PCURVE('',#10284,#12125);
#12125 = DEFINITIONAL_REPRESENTATION('',(#12126),#12130);
#12126 = LINE('',#12127,#12128);
#12127 = CARTESIAN_POINT('',(0.,0.));
#12128 = VECTOR('',#12129,1.);
#12129 = DIRECTION('',(0.,1.));
#12130 = ( GEOMETRIC_REPRESENTATION_CONTEXT(2)
PARAMETRIC_REPRESENTATION_CONTEXT() REPRESENTATION_CONTEXT('2D SPACE',''
  ) );
#12131 = ORIENTED_EDGE('',*,*,#12132,.T.);
#12132 = EDGE_CURVE('',#12110,#12085,#12133,.T.);
#12133 = SURFACE_CURVE('',#12134,(#12138,#12145),.PCURVE_S1.);
#12134 = LINE('',#12135,#12136);
#12135 = CARTESIAN_POINT('',(192.,85.5,74.));
#12136 = VECTOR('',#12137,1.);
#12137 = DIRECTION('',(-0.,1.,0.));
#12138 = PCURVE('',#10099,#12139);
#12139 = DEFINITIONAL_REPRESENTATION('',(#12140),#12144);
#12140 = LINE('',#12141,#12142);
#12141 = CARTESIAN_POINT('',(98.,0.));
#12142 = VECTOR('',#12143,1.);
#12143 = DIRECTION('',(0.,1.));
#12144 = ( GEOMETRIC_REPRESENTATION_CONTEXT(2)
PARAMETRIC_REPRESENTATION_CONTEXT() REPRESENTATION_CONTEXT('2D SPACE',''
  ) );
#12145 = PCURVE('',#11977,#12146);
#12146 = DEFINITIONAL_REPRESENTATION('',(#12147),#12151);
#12147 = LINE('',#12148,#12149);
#12148 = CARTESIAN_POINT('',(0.,0.));
#12149 = VECTOR('',#12150,1.);
#12150 = DIRECTION('',(0.,-1.));
#12151 = ( GEOMETRIC_REPRESENTATION_CONTEXT(2)
PARAMETRIC_REPRESENTATION_CONTEXT() REPRESENTATION_CONTEXT('2D SPACE',''
  ) );
#12152 = FACE_BOUND('',#12153,.F.);
#12153 = EDGE_LOOP('',(#12154));
#12154 = ORIENTED_EDGE('',*,*,#11788,.F.);
#12155 = ADVANCED_FACE('',(#12156),#10073,.T.);
#12156 = FACE_BOUND('',#12157,.T.);
#12157 = EDGE_LOOP('',(#12158,#12159,#12160,#12161));
#12158 = ORIENTED_EDGE('',*,*,#12084,.F.);
#12159 = ORIENTED_EDGE('',*,*,#10058,.T.);
#12160 = ORIENTED_EDGE('',*,*,#12060,.T.);
#12161 = ORIENTED_EDGE('',*,*,#12162,.F.);
#12162 = EDGE_CURVE('',#12085,#12038,#12163,.T.);
#12163 = SURFACE_CURVE('',#12164,(#12168,#12175),.PCURVE_S1.);
#12164 = LINE('',#12165,#12166);
#12165 = CARTESIAN_POINT('',(192.,95.5,74.));
#12166 = VECTOR('',#12167,1.);
#12167 = DIRECTION('',(0.,0.,1.));
#12168 = PCURVE('',#10073,#12169);
#12169 = DEFINITIONAL_REPRESENTATION('',(#12170),#12174);
#12170 = LINE('',#12171,#12172);
#12171 = CARTESIAN_POINT('',(0.,98.));
#12172 = VECTOR('',#12173,1.);
#12173 = DIRECTION('',(1.,0.));
#12174 = ( GEOMETRIC_REPRESENTATION_CONTEXT(2)
PARAMETRIC_REPRESENTATION_CONTEXT() REPRESENTATION_CONTEXT('2D SPACE',''
  ) );
#12175 = PCURVE('',#11977,#12176);
#12176 = DEFINITIONAL_REPRESENTATION('',(#12177),#12181);
#12177 = LINE('',#12178,#12179);
#12178 = CARTESIAN_POINT('',(0.,-10.));
#12179 = VECTOR('',#12180,1.);
#12180 = DIRECTION('',(1.,0.));
#12181 = ( GEOMETRIC_REPRESENTATION_CONTEXT(2)
PARAMETRIC_REPRESENTATION_CONTEXT() REPRESENTATION_CONTEXT('2D SPACE',''
  ) );
#12182 = ADVANCED_FACE('',(#12183),#9999,.F.);
#12183 = FACE_BOUND('',#12184,.F.);
#12184 = EDGE_LOOP('',(#12185,#12208,#12209,#12210,#12233,#12261));
#12185 = ORIENTED_EDGE('',*,*,#12186,.F.);
#12186 = EDGE_CURVE('',#9951,#12187,#12189,.T.);
#12187 = VERTEX_POINT('',#12188);
#12188 = CARTESIAN_POINT('',(95.3,97.7,132.));
#12189 = SURFACE_CURVE('',#12190,(#12194,#12201),.PCURVE_S1.);
#12190 = LINE('',#12191,#12192);
#12191 = CARTESIAN_POINT('',(95.3,84.,132.));
#12192 = VECTOR('',#12193,1.);
#12193 = DIRECTION('',(-0.,1.,0.));
#12194 = PCURVE('',#9999,#12195);
#12195 = DEFINITIONAL_REPRESENTATION('',(#12196),#12200);
#12196 = LINE('',#12197,#12198);
#12197 = CARTESIAN_POINT('',(0.3,0.));
#12198 = VECTOR('',#12199,1.);
#12199 = DIRECTION('',(0.,1.));
#12200 = ( GEOMETRIC_REPRESENTATION_CONTEXT(2)
PARAMETRIC_REPRESENTATION_CONTEXT() REPRESENTATION_CONTEXT('2D SPACE',''
  ) );
#12201 = PCURVE('',#9970,#12202);
#12202 = DEFINITIONAL_REPRESENTATION('',(#12203),#12207);
#12203 = LINE('',#12204,#12205);
#12204 = CARTESIAN_POINT('',(0.,0.212132034356));
#12205 = VECTOR('',#12206,1.);
#12206 = DIRECTION('',(1.,0.));
#12207 = ( GEOMETRIC_REPRESENTATION_CONTEXT(2)
PARAMETRIC_REPRESENTATION_CONTEXT() REPRESENTATION_CONTEXT('2D SPACE',''
  ) );
#12208 = ORIENTED_EDGE('',*,*,#9982,.F.);
#12209 = ORIENTED_EDGE('',*,*,#10318,.T.);
#12210 = ORIENTED_EDGE('',*,*,#12211,.T.);
#12211 = EDGE_CURVE('',#10319,#12212,#12214,.T.);
#12212 = VERTEX_POINT('',#12213);
#12213 = CARTESIAN_POINT('',(103.7,84.3,132.));
#12214 = SURFACE_CURVE('',#12215,(#12219,#12226),.PCURVE_S1.);
#12215 = LINE('',#12216,#12217);
#12216 = CARTESIAN_POINT('',(95.,84.3,132.));
#12217 = VECTOR('',#12218,1.);
#12218 = DIRECTION('',(1.,0.,-0.));
#12219 = PCURVE('',#9999,#12220);
#12220 = DEFINITIONAL_REPRESENTATION('',(#12221),#12225);
#12221 = LINE('',#12222,#12223);
#12222 = CARTESIAN_POINT('',(0.,0.3));
#12223 = VECTOR('',#12224,1.);
#12224 = DIRECTION('',(1.,0.));
#12225 = ( GEOMETRIC_REPRESENTATION_CONTEXT(2)
PARAMETRIC_REPRESENTATION_CONTEXT() REPRESENTATION_CONTEXT('2D SPACE',''
  ) );
#12226 = PCURVE('',#10354,#12227);
#12227 = DEFINITIONAL_REPRESENTATION('',(#12228),#12232);
#12228 = LINE('',#12229,#12230);
#12229 = CARTESIAN_POINT('',(-0.,0.212132034356));
#12230 = VECTOR('',#12231,1.);
#12231 = DIRECTION('',(-1.,0.));
#12232 = ( GEOMETRIC_REPRESENTATION_CONTEXT(2)
PARAMETRIC_REPRESENTATION_CONTEXT() REPRESENTATION_CONTEXT('2D SPACE',''
  ) );
#12233 = ORIENTED_EDGE('',*,*,#12234,.T.);
#12234 = EDGE_CURVE('',#12212,#12235,#12237,.T.);
#12235 = VERTEX_POINT('',#12236);
#12236 = CARTESIAN_POINT('',(103.7,97.7,132.));
#12237 = SURFACE_CURVE('',#12238,(#12242,#12249),.PCURVE_S1.);
#12238 = LINE('',#12239,#12240);
#12239 = CARTESIAN_POINT('',(103.7,84.,132.));
#12240 = VECTOR('',#12241,1.);
#12241 = DIRECTION('',(-0.,1.,0.));
#12242 = PCURVE('',#9999,#12243);
#12243 = DEFINITIONAL_REPRESENTATION('',(#12244),#12248);
#12244 = LINE('',#12245,#12246);
#12245 = CARTESIAN_POINT('',(8.7,0.));
#12246 = VECTOR('',#12247,1.);
#12247 = DIRECTION('',(0.,1.));
#12248 = ( GEOMETRIC_REPRESENTATION_CONTEXT(2)
PARAMETRIC_REPRESENTATION_CONTEXT() REPRESENTATION_CONTEXT('2D SPACE',''
  ) );
#12249 = PCURVE('',#12250,#12255);
#12250 = PLANE('',#12251);
#12251 = AXIS2_PLACEMENT_3D('',#12252,#12253,#12254);
#12252 = CARTESIAN_POINT('',(103.85,84.,132.15));
#12253 = DIRECTION('',(-0.707106781187,3.472568050348E-18,0.707106781187
    ));
#12254 = DIRECTION('',(2.455476416533E-18,1.,-2.455476416532E-18));
#12255 = DEFINITIONAL_REPRESENTATION('',(#12256),#12260);
#12256 = LINE('',#12257,#12258);
#12257 = CARTESIAN_POINT('',(0.,0.212132034356));
#12258 = VECTOR('',#12259,1.);
#12259 = DIRECTION('',(1.,0.));
#12260 = ( GEOMETRIC_REPRESENTATION_CONTEXT(2)
PARAMETRIC_REPRESENTATION_CONTEXT() REPRESENTATION_CONTEXT('2D SPACE',''
  ) );
#12261 = ORIENTED_EDGE('',*,*,#12262,.F.);
#12262 = EDGE_CURVE('',#12187,#12235,#12263,.T.);
#12263 = SURFACE_CURVE('',#12264,(#12268,#12275),.PCURVE_S1.);
#12264 = LINE('',#12265,#12266);
#12265 = CARTESIAN_POINT('',(95.,97.7,132.));
#12266 = VECTOR('',#12267,1.);
#12267 = DIRECTION('',(1.,0.,-0.));
#12268 = PCURVE('',#9999,#12269);
#12269 = DEFINITIONAL_REPRESENTATION('',(#12270),#12274);
#12270 = LINE('',#12271,#12272);
#12271 = CARTESIAN_POINT('',(0.,13.7));
#12272 = VECTOR('',#12273,1.);
#12273 = DIRECTION('',(1.,0.));
#12274 = ( GEOMETRIC_REPRESENTATION_CONTEXT(2)
PARAMETRIC_REPRESENTATION_CONTEXT() REPRESENTATION_CONTEXT('2D SPACE',''
  ) );
#12275 = PCURVE('',#12276,#12281);
#12276 = PLANE('',#12277);
#12277 = AXIS2_PLACEMENT_3D('',#12278,#12279,#12280);
#12278 = CARTESIAN_POINT('',(95.,97.85,132.15));
#12279 = DIRECTION('',(-3.472568050348E-18,-0.707106781187,
    0.707106781187));
#12280 = DIRECTION('',(-1.,2.455476416533E-18,-2.455476416532E-18));
#12281 = DEFINITIONAL_REPRESENTATION('',(#12282),#12286);
#12282 = LINE('',#12283,#12284);
#12283 = CARTESIAN_POINT('',(-0.,0.212132034356));
#12284 = VECTOR('',#12285,1.);
#12285 = DIRECTION('',(-1.,0.));
#12286 = ( GEOMETRIC_REPRESENTATION_CONTEXT(2)
PARAMETRIC_REPRESENTATION_CONTEXT() REPRESENTATION_CONTEXT('2D SPACE',''
  ) );
#12287 = ADVANCED_FACE('',(#12288),#9970,.T.);
#12288 = FACE_BOUND('',#12289,.T.);
#12289 = EDGE_LOOP('',(#12290,#12291,#12292,#12315));
#12290 = ORIENTED_EDGE('',*,*,#12186,.F.);
#12291 = ORIENTED_EDGE('',*,*,#9950,.F.);
#12292 = ORIENTED_EDGE('',*,*,#12293,.T.);
#12293 = EDGE_CURVE('',#9925,#12294,#12296,.T.);
#12294 = VERTEX_POINT('',#12295);
#12295 = CARTESIAN_POINT('',(95.,97.7,132.3));
#12296 = SURFACE_CURVE('',#12297,(#12301,#12308),.PCURVE_S1.);
#12297 = LINE('',#12298,#12299);
#12298 = CARTESIAN_POINT('',(95.,84.,132.3));
#12299 = VECTOR('',#12300,1.);
#12300 = DIRECTION('',(-0.,1.,0.));
#12301 = PCURVE('',#9970,#12302);
#12302 = DEFINITIONAL_REPRESENTATION('',(#12303),#12307);
#12303 = LINE('',#12304,#12305);
#12304 = CARTESIAN_POINT('',(0.,-0.212132034356));
#12305 = VECTOR('',#12306,1.);
#12306 = DIRECTION('',(1.,0.));
#12307 = ( GEOMETRIC_REPRESENTATION_CONTEXT(2)
PARAMETRIC_REPRESENTATION_CONTEXT() REPRESENTATION_CONTEXT('2D SPACE',''
  ) );
#12308 = PCURVE('',#9939,#12309);
#12309 = DEFINITIONAL_REPRESENTATION('',(#12310),#12314);
#12310 = LINE('',#12311,#12312);
#12311 = CARTESIAN_POINT('',(0.3,0.));
#12312 = VECTOR('',#12313,1.);
#12313 = DIRECTION('',(0.,-1.));
#12314 = ( GEOMETRIC_REPRESENTATION_CONTEXT(2)
PARAMETRIC_REPRESENTATION_CONTEXT() REPRESENTATION_CONTEXT('2D SPACE',''
  ) );
#12315 = ORIENTED_EDGE('',*,*,#12316,.F.);
#12316 = EDGE_CURVE('',#12187,#12294,#12317,.T.);
#12317 = SURFACE_CURVE('',#12318,(#12322,#12329),.PCURVE_S1.);
#12318 = LINE('',#12319,#12320);
#12319 = CARTESIAN_POINT('',(95.225,97.7,132.075));
#12320 = VECTOR('',#12321,1.);
#12321 = DIRECTION('',(-0.707106781187,-6.711139775479E-14,
    0.707106781187));
#12322 = PCURVE('',#9970,#12323);
#12323 = DEFINITIONAL_REPRESENTATION('',(#12324),#12328);
#12324 = LINE('',#12325,#12326);
#12325 = CARTESIAN_POINT('',(13.7,0.106066017178));
#12326 = VECTOR('',#12327,1.);
#12327 = DIRECTION('',(-6.711139775479E-14,-1.));
#12328 = ( GEOMETRIC_REPRESENTATION_CONTEXT(2)
PARAMETRIC_REPRESENTATION_CONTEXT() REPRESENTATION_CONTEXT('2D SPACE',''
  ) );
#12329 = PCURVE('',#12330,#12335);
#12330 = PLANE('',#12331);
#12331 = AXIS2_PLACEMENT_3D('',#12332,#12333,#12334);
#12332 = CARTESIAN_POINT('',(95.3,97.7,132.));
#12333 = DIRECTION('',(0.57735026919,-0.57735026919,0.57735026919));
#12334 = DIRECTION('',(0.707106781186,0.707106781187,6.702971511174E-14)
  );
#12335 = DEFINITIONAL_REPRESENTATION('',(#12336),#12340);
#12336 = LINE('',#12337,#12338);
#12337 = CARTESIAN_POINT('',(-5.303300858923E-02,9.185586535477E-02));
#12338 = VECTOR('',#12339,1.);
#12339 = DIRECTION('',(-0.5,0.866025403784));
#12340 = ( GEOMETRIC_REPRESENTATION_CONTEXT(2)
PARAMETRIC_REPRESENTATION_CONTEXT() REPRESENTATION_CONTEXT('2D SPACE',''
  ) );
#12341 = ADVANCED_FACE('',(#12342),#9939,.F.);
#12342 = FACE_BOUND('',#12343,.F.);
#12343 = EDGE_LOOP('',(#12344,#12345,#12346,#12374));
#12344 = ORIENTED_EDGE('',*,*,#9924,.F.);
#12345 = ORIENTED_EDGE('',*,*,#12293,.T.);
#12346 = ORIENTED_EDGE('',*,*,#12347,.T.);
#12347 = EDGE_CURVE('',#12294,#12348,#12350,.T.);
#12348 = VERTEX_POINT('',#12349);
#12349 = CARTESIAN_POINT('',(95.,97.7,135.7));
#12350 = SURFACE_CURVE('',#12351,(#12355,#12362),.PCURVE_S1.);
#12351 = LINE('',#12352,#12353);
#12352 = CARTESIAN_POINT('',(95.,97.7,132.));
#12353 = VECTOR('',#12354,1.);
#12354 = DIRECTION('',(0.,0.,1.));
#12355 = PCURVE('',#9939,#12356);
#12356 = DEFINITIONAL_REPRESENTATION('',(#12357),#12361);
#12357 = LINE('',#12358,#12359);
#12358 = CARTESIAN_POINT('',(0.,-13.7));
#12359 = VECTOR('',#12360,1.);
#12360 = DIRECTION('',(1.,0.));
#12361 = ( GEOMETRIC_REPRESENTATION_CONTEXT(2)
PARAMETRIC_REPRESENTATION_CONTEXT() REPRESENTATION_CONTEXT('2D SPACE',''
  ) );
#12362 = PCURVE('',#12363,#12368);
#12363 = PLANE('',#12364);
#12364 = AXIS2_PLACEMENT_3D('',#12365,#12366,#12367);
#12365 = CARTESIAN_POINT('',(95.15,97.85,132.));
#12366 = DIRECTION('',(0.707106781187,-0.707106781187,0.));
#12367 = DIRECTION('',(-0.,-0.,-1.));
#12368 = DEFINITIONAL_REPRESENTATION('',(#12369),#12373);
#12369 = LINE('',#12370,#12371);
#12370 = CARTESIAN_POINT('',(-0.,-0.212132034356));
#12371 = VECTOR('',#12372,1.);
#12372 = DIRECTION('',(-1.,0.));
#12373 = ( GEOMETRIC_REPRESENTATION_CONTEXT(2)
PARAMETRIC_REPRESENTATION_CONTEXT() REPRESENTATION_CONTEXT('2D SPACE',''
  ) );
#12374 = ORIENTED_EDGE('',*,*,#12375,.F.);
#12375 = EDGE_CURVE('',#9893,#12348,#12376,.T.);
#12376 = SURFACE_CURVE('',#12377,(#12381,#12388),.PCURVE_S1.);
#12377 = LINE('',#12378,#12379);
#12378 = CARTESIAN_POINT('',(95.,84.,135.7));
#12379 = VECTOR('',#12380,1.);
#12380 = DIRECTION('',(-0.,1.,0.));
#12381 = PCURVE('',#9939,#12382);
#12382 = DEFINITIONAL_REPRESENTATION('',(#12383),#12387);
#12383 = LINE('',#12384,#12385);
#12384 = CARTESIAN_POINT('',(3.7,0.));
#12385 = VECTOR('',#12386,1.);
#12386 = DIRECTION('',(0.,-1.));
#12387 = ( GEOMETRIC_REPRESENTATION_CONTEXT(2)
PARAMETRIC_REPRESENTATION_CONTEXT() REPRESENTATION_CONTEXT('2D SPACE',''
  ) );
#12388 = PCURVE('',#9912,#12389);
#12389 = DEFINITIONAL_REPRESENTATION('',(#12390),#12394);
#12390 = LINE('',#12391,#12392);
#12391 = CARTESIAN_POINT('',(0.,-0.212132034356));
#12392 = VECTOR('',#12393,1.);
#12393 = DIRECTION('',(1.,0.));
#12394 = ( GEOMETRIC_REPRESENTATION_CONTEXT(2)
PARAMETRIC_REPRESENTATION_CONTEXT() REPRESENTATION_CONTEXT('2D SPACE',''
  ) );
#12395 = ADVANCED_FACE('',(#12396),#9912,.F.);
#12396 = FACE_BOUND('',#12397,.F.);
#12397 = EDGE_LOOP('',(#12398,#12421,#12422,#12423));
#12398 = ORIENTED_EDGE('',*,*,#12399,.F.);
#12399 = EDGE_CURVE('',#9864,#12400,#12402,.T.);
#12400 = VERTEX_POINT('',#12401);
#12401 = CARTESIAN_POINT('',(95.3,97.7,136.));
#12402 = SURFACE_CURVE('',#12403,(#12407,#12414),.PCURVE_S1.);
#12403 = LINE('',#12404,#12405);
#12404 = CARTESIAN_POINT('',(95.3,84.,136.));
#12405 = VECTOR('',#12406,1.);
#12406 = DIRECTION('',(-0.,1.,0.));
#12407 = PCURVE('',#9912,#12408);
#12408 = DEFINITIONAL_REPRESENTATION('',(#12409),#12413);
#12409 = LINE('',#12410,#12411);
#12410 = CARTESIAN_POINT('',(0.,0.212132034356));
#12411 = VECTOR('',#12412,1.);
#12412 = DIRECTION('',(1.,0.));
#12413 = ( GEOMETRIC_REPRESENTATION_CONTEXT(2)
PARAMETRIC_REPRESENTATION_CONTEXT() REPRESENTATION_CONTEXT('2D SPACE',''
  ) );
#12414 = PCURVE('',#9880,#12415);
#12415 = DEFINITIONAL_REPRESENTATION('',(#12416),#12420);
#12416 = LINE('',#12417,#12418);
#12417 = CARTESIAN_POINT('',(0.3,0.));
#12418 = VECTOR('',#12419,1.);
#12419 = DIRECTION('',(0.,1.));
#12420 = ( GEOMETRIC_REPRESENTATION_CONTEXT(2)
PARAMETRIC_REPRESENTATION_CONTEXT() REPRESENTATION_CONTEXT('2D SPACE',''
  ) );
#12421 = ORIENTED_EDGE('',*,*,#9892,.F.);
#12422 = ORIENTED_EDGE('',*,*,#12375,.T.);
#12423 = ORIENTED_EDGE('',*,*,#12424,.T.);
#12424 = EDGE_CURVE('',#12348,#12400,#12425,.T.);
#12425 = SURFACE_CURVE('',#12426,(#12430,#12437),.PCURVE_S1.);
#12426 = LINE('',#12427,#12428);
#12427 = CARTESIAN_POINT('',(95.149999999999,97.7,135.84999999999));
#12428 = VECTOR('',#12429,1.);
#12429 = DIRECTION('',(0.707106781187,1.338382029723E-13,0.707106781187)
  );
#12430 = PCURVE('',#9912,#12431);
#12431 = DEFINITIONAL_REPRESENTATION('',(#12432),#12436);
#12432 = LINE('',#12433,#12434);
#12433 = CARTESIAN_POINT('',(13.7,-9.144218479374E-13));
#12434 = VECTOR('',#12435,1.);
#12435 = DIRECTION('',(1.338382029723E-13,1.));
#12436 = ( GEOMETRIC_REPRESENTATION_CONTEXT(2)
PARAMETRIC_REPRESENTATION_CONTEXT() REPRESENTATION_CONTEXT('2D SPACE',''
  ) );
#12437 = PCURVE('',#12438,#12443);
#12438 = PLANE('',#12439);
#12439 = AXIS2_PLACEMENT_3D('',#12440,#12441,#12442);
#12440 = CARTESIAN_POINT('',(95.3,98.,135.7));
#12441 = DIRECTION('',(0.57735026919,-0.57735026919,-0.57735026919));
#12442 = DIRECTION('',(0.707106781187,1.00447428153E-13,0.707106781187)
  );
#12443 = DEFINITIONAL_REPRESENTATION('',(#12444),#12448);
#12444 = LINE('',#12445,#12446);
#12445 = CARTESIAN_POINT('',(-9.144074386569E-13,0.367423461417));
#12446 = VECTOR('',#12447,1.);
#12447 = DIRECTION('',(1.,-4.096722960867E-14));
#12448 = ( GEOMETRIC_REPRESENTATION_CONTEXT(2)
PARAMETRIC_REPRESENTATION_CONTEXT() REPRESENTATION_CONTEXT('2D SPACE',''
  ) );
#12449 = ADVANCED_FACE('',(#12450,#12532),#9880,.T.);
#12450 = FACE_BOUND('',#12451,.T.);
#12451 = EDGE_LOOP('',(#12452,#12453,#12454,#12455,#12478,#12506));
#12452 = ORIENTED_EDGE('',*,*,#12399,.F.);
#12453 = ORIENTED_EDGE('',*,*,#9863,.F.);
#12454 = ORIENTED_EDGE('',*,*,#10417,.T.);
#12455 = ORIENTED_EDGE('',*,*,#12456,.T.);
#12456 = EDGE_CURVE('',#10392,#12457,#12459,.T.);
#12457 = VERTEX_POINT('',#12458);
#12458 = CARTESIAN_POINT('',(103.7,84.3,136.));
#12459 = SURFACE_CURVE('',#12460,(#12464,#12471),.PCURVE_S1.);
#12460 = LINE('',#12461,#12462);
#12461 = CARTESIAN_POINT('',(95.,84.3,136.));
#12462 = VECTOR('',#12463,1.);
#12463 = DIRECTION('',(1.,0.,-0.));
#12464 = PCURVE('',#9880,#12465);
#12465 = DEFINITIONAL_REPRESENTATION('',(#12466),#12470);
#12466 = LINE('',#12467,#12468);
#12467 = CARTESIAN_POINT('',(0.,0.3));
#12468 = VECTOR('',#12469,1.);
#12469 = DIRECTION('',(1.,0.));
#12470 = ( GEOMETRIC_REPRESENTATION_CONTEXT(2)
PARAMETRIC_REPRESENTATION_CONTEXT() REPRESENTATION_CONTEXT('2D SPACE',''
  ) );
#12471 = PCURVE('',#10406,#12472);
#12472 = DEFINITIONAL_REPRESENTATION('',(#12473),#12477);
#12473 = LINE('',#12474,#12475);
#12474 = CARTESIAN_POINT('',(-0.,0.212132034356));
#12475 = VECTOR('',#12476,1.);
#12476 = DIRECTION('',(-1.,0.));
#12477 = ( GEOMETRIC_REPRESENTATION_CONTEXT(2)
PARAMETRIC_REPRESENTATION_CONTEXT() REPRESENTATION_CONTEXT('2D SPACE',''
  ) );
#12478 = ORIENTED_EDGE('',*,*,#12479,.T.);
#12479 = EDGE_CURVE('',#12457,#12480,#12482,.T.);
#12480 = VERTEX_POINT('',#12481);
#12481 = CARTESIAN_POINT('',(103.7,97.7,136.));
#12482 = SURFACE_CURVE('',#12483,(#12487,#12494),.PCURVE_S1.);
#12483 = LINE('',#12484,#12485);
#12484 = CARTESIAN_POINT('',(103.7,84.,136.));
#12485 = VECTOR('',#12486,1.);
#12486 = DIRECTION('',(-0.,1.,0.));
#12487 = PCURVE('',#9880,#12488);
#12488 = DEFINITIONAL_REPRESENTATION('',(#12489),#12493);
#12489 = LINE('',#12490,#12491);
#12490 = CARTESIAN_POINT('',(8.7,0.));
#12491 = VECTOR('',#12492,1.);
#12492 = DIRECTION('',(0.,1.));
#12493 = ( GEOMETRIC_REPRESENTATION_CONTEXT(2)
PARAMETRIC_REPRESENTATION_CONTEXT() REPRESENTATION_CONTEXT('2D SPACE',''
  ) );
#12494 = PCURVE('',#12495,#12500);
#12495 = PLANE('',#12496);
#12496 = AXIS2_PLACEMENT_3D('',#12497,#12498,#12499);
#12497 = CARTESIAN_POINT('',(103.85,84.,135.85));
#12498 = DIRECTION('',(0.707106781187,-3.472568050348E-18,0.707106781187
    ));
#12499 = DIRECTION('',(2.455476416533E-18,1.,2.455476416532E-18));
#12500 = DEFINITIONAL_REPRESENTATION('',(#12501),#12505);
#12501 = LINE('',#12502,#12503);
#12502 = CARTESIAN_POINT('',(0.,0.212132034356));
#12503 = VECTOR('',#12504,1.);
#12504 = DIRECTION('',(1.,0.));
#12505 = ( GEOMETRIC_REPRESENTATION_CONTEXT(2)
PARAMETRIC_REPRESENTATION_CONTEXT() REPRESENTATION_CONTEXT('2D SPACE',''
  ) );
#12506 = ORIENTED_EDGE('',*,*,#12507,.F.);
#12507 = EDGE_CURVE('',#12400,#12480,#12508,.T.);
#12508 = SURFACE_CURVE('',#12509,(#12513,#12520),.PCURVE_S1.);
#12509 = LINE('',#12510,#12511);
#12510 = CARTESIAN_POINT('',(95.,97.7,136.));
#12511 = VECTOR('',#12512,1.);
#12512 = DIRECTION('',(1.,0.,-0.));
#12513 = PCURVE('',#9880,#12514);
#12514 = DEFINITIONAL_REPRESENTATION('',(#12515),#12519);
#12515 = LINE('',#12516,#12517);
#12516 = CARTESIAN_POINT('',(0.,13.7));
#12517 = VECTOR('',#12518,1.);
#12518 = DIRECTION('',(1.,0.));
#12519 = ( GEOMETRIC_REPRESENTATION_CONTEXT(2)
PARAMETRIC_REPRESENTATION_CONTEXT() REPRESENTATION_CONTEXT('2D SPACE',''
  ) );
#12520 = PCURVE('',#12521,#12526);
#12521 = PLANE('',#12522);
#12522 = AXIS2_PLACEMENT_3D('',#12523,#12524,#12525);
#12523 = CARTESIAN_POINT('',(95.,97.85,135.85));
#12524 = DIRECTION('',(3.472568050348E-18,0.707106781187,0.707106781187)
  );
#12525 = DIRECTION('',(-1.,2.455476416533E-18,2.455476416532E-18));
#12526 = DEFINITIONAL_REPRESENTATION('',(#12527),#12531);
#12527 = LINE('',#12528,#12529);
#12528 = CARTESIAN_POINT('',(-0.,0.212132034356));
#12529 = VECTOR('',#12530,1.);
#12530 = DIRECTION('',(-1.,0.));
#12531 = ( GEOMETRIC_REPRESENTATION_CONTEXT(2)
PARAMETRIC_REPRESENTATION_CONTEXT() REPRESENTATION_CONTEXT('2D SPACE',''
  ) );
#12532 = FACE_BOUND('',#12533,.T.);
#12533 = EDGE_LOOP('',(#12534));
#12534 = ORIENTED_EDGE('',*,*,#12535,.F.);
#12535 = EDGE_CURVE('',#12536,#12536,#12538,.T.);
#12536 = VERTEX_POINT('',#12537);
#12537 = CARTESIAN_POINT('',(101.4,91.,136.));
#12538 = SURFACE_CURVE('',#12539,(#12544,#12551),.PCURVE_S1.);
#12539 = CIRCLE('',#12540,1.4);
#12540 = AXIS2_PLACEMENT_3D('',#12541,#12542,#12543);
#12541 = CARTESIAN_POINT('',(100.,91.,136.));
#12542 = DIRECTION('',(0.,0.,1.));
#12543 = DIRECTION('',(1.,0.,-0.));
#12544 = PCURVE('',#9880,#12545);
#12545 = DEFINITIONAL_REPRESENTATION('',(#12546),#12550);
#12546 = CIRCLE('',#12547,1.4);
#12547 = AXIS2_PLACEMENT_2D('',#12548,#12549);
#12548 = CARTESIAN_POINT('',(5.,7.));
#12549 = DIRECTION('',(1.,0.));
#12550 = ( GEOMETRIC_REPRESENTATION_CONTEXT(2)
PARAMETRIC_REPRESENTATION_CONTEXT() REPRESENTATION_CONTEXT('2D SPACE',''
  ) );
#12551 = PCURVE('',#12552,#12557);
#12552 = CYLINDRICAL_SURFACE('',#12553,1.4);
#12553 = AXIS2_PLACEMENT_3D('',#12554,#12555,#12556);
#12554 = CARTESIAN_POINT('',(100.,91.,133.));
#12555 = DIRECTION('',(0.,0.,1.));
#12556 = DIRECTION('',(1.,0.,-0.));
#12557 = DEFINITIONAL_REPRESENTATION('',(#12558),#12562);
#12558 = LINE('',#12559,#12560);
#12559 = CARTESIAN_POINT('',(0.,3.));
#12560 = VECTOR('',#12561,1.);
#12561 = DIRECTION('',(1.,0.));
#12562 = ( GEOMETRIC_REPRESENTATION_CONTEXT(2)
PARAMETRIC_REPRESENTATION_CONTEXT() REPRESENTATION_CONTEXT('2D SPACE',''
  ) );
#12563 = ADVANCED_FACE('',(#12564),#9804,.T.);
#12564 = FACE_BOUND('',#12565,.T.);
#12565 = EDGE_LOOP('',(#12566,#12589,#12590,#12591));
#12566 = ORIENTED_EDGE('',*,*,#12567,.T.);
#12567 = EDGE_CURVE('',#12568,#10778,#12570,.T.);
#12568 = VERTEX_POINT('',#12569);
#12569 = CARTESIAN_POINT('',(7.,100.,0.5));
#12570 = SURFACE_CURVE('',#12571,(#12575,#12582),.PCURVE_S1.);
#12571 = LINE('',#12572,#12573);
#12572 = CARTESIAN_POINT('',(7.,100.,0.));
#12573 = VECTOR('',#12574,1.);
#12574 = DIRECTION('',(0.,0.,1.));
#12575 = PCURVE('',#9804,#12576);
#12576 = DEFINITIONAL_REPRESENTATION('',(#12577),#12581);
#12577 = LINE('',#12578,#12579);
#12578 = CARTESIAN_POINT('',(0.,7.));
#12579 = VECTOR('',#12580,1.);
#12580 = DIRECTION('',(1.,0.));
#12581 = ( GEOMETRIC_REPRESENTATION_CONTEXT(2)
PARAMETRIC_REPRESENTATION_CONTEXT() REPRESENTATION_CONTEXT('2D SPACE',''
  ) );
#12582 = PCURVE('',#10814,#12583);
#12583 = DEFINITIONAL_REPRESENTATION('',(#12584),#12588);
#12584 = LINE('',#12585,#12586);
#12585 = CARTESIAN_POINT('',(-1.570796326795,0.));
#12586 = VECTOR('',#12587,1.);
#12587 = DIRECTION('',(-0.,1.));
#12588 = ( GEOMETRIC_REPRESENTATION_CONTEXT(2)
PARAMETRIC_REPRESENTATION_CONTEXT() REPRESENTATION_CONTEXT('2D SPACE',''
  ) );
#12589 = ORIENTED_EDGE('',*,*,#10876,.T.);
#12590 = ORIENTED_EDGE('',*,*,#9788,.F.);
#12591 = ORIENTED_EDGE('',*,*,#12592,.F.);
#12592 = EDGE_CURVE('',#12568,#9760,#12593,.T.);
#12593 = SURFACE_CURVE('',#12594,(#12598,#12605),.PCURVE_S1.);
#12594 = LINE('',#12595,#12596);
#12595 = CARTESIAN_POINT('',(7.,100.,0.5));
#12596 = VECTOR('',#12597,1.);
#12597 = DIRECTION('',(1.,0.,-0.));
#12598 = PCURVE('',#9804,#12599);
#12599 = DEFINITIONAL_REPRESENTATION('',(#12600),#12604);
#12600 = LINE('',#12601,#12602);
#12601 = CARTESIAN_POINT('',(0.5,7.));
#12602 = VECTOR('',#12603,1.);
#12603 = DIRECTION('',(0.,1.));
#12604 = ( GEOMETRIC_REPRESENTATION_CONTEXT(2)
PARAMETRIC_REPRESENTATION_CONTEXT() REPRESENTATION_CONTEXT('2D SPACE',''
  ) );
#12605 = PCURVE('',#12606,#12611);
#12606 = CYLINDRICAL_SURFACE('',#12607,0.5);
#12607 = AXIS2_PLACEMENT_3D('',#12608,#12609,#12610);
#12608 = CARTESIAN_POINT('',(7.,99.5,0.5));
#12609 = DIRECTION('',(1.,0.,-0.));
#12610 = DIRECTION('',(0.,-0.,-1.));
#12611 = DEFINITIONAL_REPRESENTATION('',(#12612),#12616);
#12612 = LINE('',#12613,#12614);
#12613 = CARTESIAN_POINT('',(1.570796326795,0.));
#12614 = VECTOR('',#12615,1.);
#12615 = DIRECTION('',(0.,1.));
#12616 = ( GEOMETRIC_REPRESENTATION_CONTEXT(2)
PARAMETRIC_REPRESENTATION_CONTEXT() REPRESENTATION_CONTEXT('2D SPACE',''
  ) );
#12617 = ADVANCED_FACE('',(#12618),#9776,.T.);
#12618 = FACE_BOUND('',#12619,.F.);
#12619 = EDGE_LOOP('',(#12620,#12642,#12670,#12690));
#12620 = ORIENTED_EDGE('',*,*,#12621,.F.);
#12621 = EDGE_CURVE('',#12622,#9760,#12624,.T.);
#12622 = VERTEX_POINT('',#12623);
#12623 = CARTESIAN_POINT('',(89.,99.5,-1.110223024625E-16));
#12624 = SURFACE_CURVE('',#12625,(#12630,#12636),.PCURVE_S1.);
#12625 = CIRCLE('',#12626,0.5);
#12626 = AXIS2_PLACEMENT_3D('',#12627,#12628,#12629);
#12627 = CARTESIAN_POINT('',(89.,99.5,0.5));
#12628 = DIRECTION('',(1.,0.,0.));
#12629 = DIRECTION('',(0.,-0.,-1.));
#12630 = PCURVE('',#9776,#12631);
#12631 = DEFINITIONAL_REPRESENTATION('',(#12632),#12635);
#12632 = B_SPLINE_CURVE_WITH_KNOTS('',1,(#12633,#12634),.UNSPECIFIED.,
  .F.,.F.,(2,2),(0.,1.570796326795),.PIECEWISE_BEZIER_KNOTS.);
#12633 = CARTESIAN_POINT('',(0.,4.712388980385));
#12634 = CARTESIAN_POINT('',(0.,6.28318530718));
#12635 = ( GEOMETRIC_REPRESENTATION_CONTEXT(2)
PARAMETRIC_REPRESENTATION_CONTEXT() REPRESENTATION_CONTEXT('2D SPACE',''
  ) );
#12636 = PCURVE('',#12606,#12637);
#12637 = DEFINITIONAL_REPRESENTATION('',(#12638),#12641);
#12638 = B_SPLINE_CURVE_WITH_KNOTS('',1,(#12639,#12640),.UNSPECIFIED.,
  .F.,.F.,(2,2),(0.,1.570796326795),.PIECEWISE_BEZIER_KNOTS.);
#12639 = CARTESIAN_POINT('',(0.,82.));
#12640 = CARTESIAN_POINT('',(1.570796326795,82.));
#12641 = ( GEOMETRIC_REPRESENTATION_CONTEXT(2)
PARAMETRIC_REPRESENTATION_CONTEXT() REPRESENTATION_CONTEXT('2D SPACE',''
  ) );
#12642 = ORIENTED_EDGE('',*,*,#12643,.T.);
#12643 = EDGE_CURVE('',#12622,#12644,#12646,.T.);
#12644 = VERTEX_POINT('',#12645);
#12645 = CARTESIAN_POINT('',(95.5,93.,0.));
#12646 = SURFACE_CURVE('',#12647,(#12652,#12659),.PCURVE_S1.);
#12647 = CIRCLE('',#12648,6.5);
#12648 = AXIS2_PLACEMENT_3D('',#12649,#12650,#12651);
#12649 = CARTESIAN_POINT('',(89.,93.,0.));
#12650 = DIRECTION('',(0.,-0.,-1.));
#12651 = DIRECTION('',(0.,1.,-0.));
#12652 = PCURVE('',#9776,#12653);
#12653 = DEFINITIONAL_REPRESENTATION('',(#12654),#12658);
#12654 = LINE('',#12655,#12656);
#12655 = CARTESIAN_POINT('',(-0.,4.712388980385));
#12656 = VECTOR('',#12657,1.);
#12657 = DIRECTION('',(-1.,0.));
#12658 = ( GEOMETRIC_REPRESENTATION_CONTEXT(2)
PARAMETRIC_REPRESENTATION_CONTEXT() REPRESENTATION_CONTEXT('2D SPACE',''
  ) );
#12659 = PCURVE('',#11503,#12660);
#12660 = DEFINITIONAL_REPRESENTATION('',(#12661),#12669);
#12661 = ( BOUNDED_CURVE() B_SPLINE_CURVE(2,(#12662,#12663,#12664,#12665
    ,#12666,#12667,#12668),.UNSPECIFIED.,.T.,.F.)
B_SPLINE_CURVE_WITH_KNOTS((1,2,2,2,2,1),(-2.094395102393,0.,
    2.094395102393,4.188790204786,6.28318530718,8.377580409573),
.UNSPECIFIED.) CURVE() GEOMETRIC_REPRESENTATION_ITEM()
RATIONAL_B_SPLINE_CURVE((1.,0.5,1.,0.5,1.,0.5,1.)) REPRESENTATION_ITEM(
  '') );
#12662 = CARTESIAN_POINT('',(89.,99.5));
#12663 = CARTESIAN_POINT('',(100.25833024919,99.5));
#12664 = CARTESIAN_POINT('',(94.629165124599,89.75));
#12665 = CARTESIAN_POINT('',(89.,80.));
#12666 = CARTESIAN_POINT('',(83.370834875401,89.75));
#12667 = CARTESIAN_POINT('',(77.741669750802,99.5));
#12668 = CARTESIAN_POINT('',(89.,99.5));
#12669 = ( GEOMETRIC_REPRESENTATION_CONTEXT(2)
PARAMETRIC_REPRESENTATION_CONTEXT() REPRESENTATION_CONTEXT('2D SPACE',''
  ) );
#12670 = ORIENTED_EDGE('',*,*,#12671,.T.);
#12671 = EDGE_CURVE('',#12644,#9735,#12672,.T.);
#12672 = SURFACE_CURVE('',#12673,(#12678,#12684),.PCURVE_S1.);
#12673 = CIRCLE('',#12674,0.5);
#12674 = AXIS2_PLACEMENT_3D('',#12675,#12676,#12677);
#12675 = CARTESIAN_POINT('',(95.5,93.,0.5));
#12676 = DIRECTION('',(6.123233995737E-17,-1.,0.));
#12677 = DIRECTION('',(1.,6.123233995737E-17,0.));
#12678 = PCURVE('',#9776,#12679);
#12679 = DEFINITIONAL_REPRESENTATION('',(#12680),#12683);
#12680 = B_SPLINE_CURVE_WITH_KNOTS('',1,(#12681,#12682),.UNSPECIFIED.,
  .F.,.F.,(2,2),(4.712388980385,6.28318530718),
  .PIECEWISE_BEZIER_KNOTS.);
#12681 = CARTESIAN_POINT('',(-1.570796326795,4.712388980385));
#12682 = CARTESIAN_POINT('',(-1.570796326795,6.28318530718));
#12683 = ( GEOMETRIC_REPRESENTATION_CONTEXT(2)
PARAMETRIC_REPRESENTATION_CONTEXT() REPRESENTATION_CONTEXT('2D SPACE',''
  ) );
#12684 = PCURVE('',#10235,#12685);
#12685 = DEFINITIONAL_REPRESENTATION('',(#12686),#12689);
#12686 = B_SPLINE_CURVE_WITH_KNOTS('',1,(#12687,#12688),.UNSPECIFIED.,
  .F.,.F.,(2,2),(4.712388980385,6.28318530718),
  .PIECEWISE_BEZIER_KNOTS.);
#12687 = CARTESIAN_POINT('',(0.,0.));
#12688 = CARTESIAN_POINT('',(1.570796326795,0.));
#12689 = ( GEOMETRIC_REPRESENTATION_CONTEXT(2)
PARAMETRIC_REPRESENTATION_CONTEXT() REPRESENTATION_CONTEXT('2D SPACE',''
  ) );
#12690 = ORIENTED_EDGE('',*,*,#9759,.F.);
#12691 = ADVANCED_FACE('',(#12692),#10406,.F.);
#12692 = FACE_BOUND('',#12693,.T.);
#12693 = EDGE_LOOP('',(#12694,#12695,#12696,#12719));
#12694 = ORIENTED_EDGE('',*,*,#12456,.F.);
#12695 = ORIENTED_EDGE('',*,*,#10391,.T.);
#12696 = ORIENTED_EDGE('',*,*,#12697,.T.);
#12697 = EDGE_CURVE('',#10366,#12698,#12700,.T.);
#12698 = VERTEX_POINT('',#12699);
#12699 = CARTESIAN_POINT('',(103.7,84.,135.7));
#12700 = SURFACE_CURVE('',#12701,(#12705,#12712),.PCURVE_S1.);
#12701 = LINE('',#12702,#12703);
#12702 = CARTESIAN_POINT('',(95.,84.,135.7));
#12703 = VECTOR('',#12704,1.);
#12704 = DIRECTION('',(1.,0.,-0.));
#12705 = PCURVE('',#10406,#12706);
#12706 = DEFINITIONAL_REPRESENTATION('',(#12707),#12711);
#12707 = LINE('',#12708,#12709);
#12708 = CARTESIAN_POINT('',(-0.,-0.212132034356));
#12709 = VECTOR('',#12710,1.);
#12710 = DIRECTION('',(-1.,0.));
#12711 = ( GEOMETRIC_REPRESENTATION_CONTEXT(2)
PARAMETRIC_REPRESENTATION_CONTEXT() REPRESENTATION_CONTEXT('2D SPACE',''
  ) );
#12712 = PCURVE('',#10380,#12713);
#12713 = DEFINITIONAL_REPRESENTATION('',(#12714),#12718);
#12714 = LINE('',#12715,#12716);
#12715 = CARTESIAN_POINT('',(3.7,0.));
#12716 = VECTOR('',#12717,1.);
#12717 = DIRECTION('',(0.,1.));
#12718 = ( GEOMETRIC_REPRESENTATION_CONTEXT(2)
PARAMETRIC_REPRESENTATION_CONTEXT() REPRESENTATION_CONTEXT('2D SPACE',''
  ) );
#12719 = ORIENTED_EDGE('',*,*,#12720,.F.);
#12720 = EDGE_CURVE('',#12457,#12698,#12721,.T.);
#12721 = SURFACE_CURVE('',#12722,(#12726,#12733),.PCURVE_S1.);
#12722 = LINE('',#12723,#12724);
#12723 = CARTESIAN_POINT('',(103.7,84.225,135.925));
#12724 = VECTOR('',#12725,1.);
#12725 = DIRECTION('',(-6.691910148614E-14,-0.707106781187,
    -0.707106781187));
#12726 = PCURVE('',#10406,#12727);
#12727 = DEFINITIONAL_REPRESENTATION('',(#12728),#12732);
#12728 = LINE('',#12729,#12730);
#12729 = CARTESIAN_POINT('',(-8.7,0.106066017178));
#12730 = VECTOR('',#12731,1.);
#12731 = DIRECTION('',(6.691910148614E-14,-1.));
#12732 = ( GEOMETRIC_REPRESENTATION_CONTEXT(2)
PARAMETRIC_REPRESENTATION_CONTEXT() REPRESENTATION_CONTEXT('2D SPACE',''
  ) );
#12733 = PCURVE('',#12734,#12739);
#12734 = PLANE('',#12735);
#12735 = AXIS2_PLACEMENT_3D('',#12736,#12737,#12738);
#12736 = CARTESIAN_POINT('',(103.7,84.3,136.));
#12737 = DIRECTION('',(0.57735026919,-0.57735026919,0.57735026919));
#12738 = DIRECTION('',(-0.707106781187,-0.707106781187,
    -6.697420396051E-14));
#12739 = DEFINITIONAL_REPRESENTATION('',(#12740),#12744);
#12740 = LINE('',#12741,#12742);
#12741 = CARTESIAN_POINT('',(5.303300858915E-02,9.185586535462E-02));
#12742 = VECTOR('',#12743,1.);
#12743 = DIRECTION('',(0.5,0.866025403784));
#12744 = ( GEOMETRIC_REPRESENTATION_CONTEXT(2)
PARAMETRIC_REPRESENTATION_CONTEXT() REPRESENTATION_CONTEXT('2D SPACE',''
  ) );
#12745 = ADVANCED_FACE('',(#12746),#10380,.F.);
#12746 = FACE_BOUND('',#12747,.F.);
#12747 = EDGE_LOOP('',(#12748,#12771,#12772,#12773));
#12748 = ORIENTED_EDGE('',*,*,#12749,.F.);
#12749 = EDGE_CURVE('',#10340,#12750,#12752,.T.);
#12750 = VERTEX_POINT('',#12751);
#12751 = CARTESIAN_POINT('',(103.7,84.,132.3));
#12752 = SURFACE_CURVE('',#12753,(#12757,#12764),.PCURVE_S1.);
#12753 = LINE('',#12754,#12755);
#12754 = CARTESIAN_POINT('',(95.,84.,132.3));
#12755 = VECTOR('',#12756,1.);
#12756 = DIRECTION('',(1.,0.,-0.));
#12757 = PCURVE('',#10380,#12758);
#12758 = DEFINITIONAL_REPRESENTATION('',(#12759),#12763);
#12759 = LINE('',#12760,#12761);
#12760 = CARTESIAN_POINT('',(0.3,0.));
#12761 = VECTOR('',#12762,1.);
#12762 = DIRECTION('',(0.,1.));
#12763 = ( GEOMETRIC_REPRESENTATION_CONTEXT(2)
PARAMETRIC_REPRESENTATION_CONTEXT() REPRESENTATION_CONTEXT('2D SPACE',''
  ) );
#12764 = PCURVE('',#10354,#12765);
#12765 = DEFINITIONAL_REPRESENTATION('',(#12766),#12770);
#12766 = LINE('',#12767,#12768);
#12767 = CARTESIAN_POINT('',(-0.,-0.212132034356));
#12768 = VECTOR('',#12769,1.);
#12769 = DIRECTION('',(-1.,0.));
#12770 = ( GEOMETRIC_REPRESENTATION_CONTEXT(2)
PARAMETRIC_REPRESENTATION_CONTEXT() REPRESENTATION_CONTEXT('2D SPACE',''
  ) );
#12771 = ORIENTED_EDGE('',*,*,#10365,.T.);
#12772 = ORIENTED_EDGE('',*,*,#12697,.T.);
#12773 = ORIENTED_EDGE('',*,*,#12774,.F.);
#12774 = EDGE_CURVE('',#12750,#12698,#12775,.T.);
#12775 = SURFACE_CURVE('',#12776,(#12780,#12787),.PCURVE_S1.);
#12776 = LINE('',#12777,#12778);
#12777 = CARTESIAN_POINT('',(103.7,84.,132.));
#12778 = VECTOR('',#12779,1.);
#12779 = DIRECTION('',(0.,0.,1.));
#12780 = PCURVE('',#10380,#12781);
#12781 = DEFINITIONAL_REPRESENTATION('',(#12782),#12786);
#12782 = LINE('',#12783,#12784);
#12783 = CARTESIAN_POINT('',(0.,8.7));
#12784 = VECTOR('',#12785,1.);
#12785 = DIRECTION('',(1.,0.));
#12786 = ( GEOMETRIC_REPRESENTATION_CONTEXT(2)
PARAMETRIC_REPRESENTATION_CONTEXT() REPRESENTATION_CONTEXT('2D SPACE',''
  ) );
#12787 = PCURVE('',#12788,#12793);
#12788 = PLANE('',#12789);
#12789 = AXIS2_PLACEMENT_3D('',#12790,#12791,#12792);
#12790 = CARTESIAN_POINT('',(103.85,84.15,132.));
#12791 = DIRECTION('',(-0.707106781187,0.707106781187,0.));
#12792 = DIRECTION('',(-0.,-0.,-1.));
#12793 = DEFINITIONAL_REPRESENTATION('',(#12794),#12798);
#12794 = LINE('',#12795,#12796);
#12795 = CARTESIAN_POINT('',(-0.,0.212132034356));
#12796 = VECTOR('',#12797,1.);
#12797 = DIRECTION('',(-1.,0.));
#12798 = ( GEOMETRIC_REPRESENTATION_CONTEXT(2)
PARAMETRIC_REPRESENTATION_CONTEXT() REPRESENTATION_CONTEXT('2D SPACE',''
  ) );
#12799 = ADVANCED_FACE('',(#12800),#10354,.T.);
#12800 = FACE_BOUND('',#12801,.F.);
#12801 = EDGE_LOOP('',(#12802,#12803,#12804,#12805));
#12802 = ORIENTED_EDGE('',*,*,#12211,.F.);
#12803 = ORIENTED_EDGE('',*,*,#10339,.T.);
#12804 = ORIENTED_EDGE('',*,*,#12749,.T.);
#12805 = ORIENTED_EDGE('',*,*,#12806,.F.);
#12806 = EDGE_CURVE('',#12212,#12750,#12807,.T.);
#12807 = SURFACE_CURVE('',#12808,(#12812,#12819),.PCURVE_S1.);
#12808 = LINE('',#12809,#12810);
#12809 = CARTESIAN_POINT('',(103.7,84.225,132.075));
#12810 = VECTOR('',#12811,1.);
#12811 = DIRECTION('',(6.711139775479E-14,-0.707106781187,0.707106781187
    ));
#12812 = PCURVE('',#10354,#12813);
#12813 = DEFINITIONAL_REPRESENTATION('',(#12814),#12818);
#12814 = LINE('',#12815,#12816);
#12815 = CARTESIAN_POINT('',(-8.7,0.106066017178));
#12816 = VECTOR('',#12817,1.);
#12817 = DIRECTION('',(-6.711139775479E-14,-1.));
#12818 = ( GEOMETRIC_REPRESENTATION_CONTEXT(2)
PARAMETRIC_REPRESENTATION_CONTEXT() REPRESENTATION_CONTEXT('2D SPACE',''
  ) );
#12819 = PCURVE('',#12820,#12825);
#12820 = PLANE('',#12821);
#12821 = AXIS2_PLACEMENT_3D('',#12822,#12823,#12824);
#12822 = CARTESIAN_POINT('',(103.7,84.3,132.));
#12823 = DIRECTION('',(-0.57735026919,0.57735026919,0.57735026919));
#12824 = DIRECTION('',(-0.707106781187,-0.707106781187,0.));
#12825 = DEFINITIONAL_REPRESENTATION('',(#12826),#12830);
#12826 = LINE('',#12827,#12828);
#12827 = CARTESIAN_POINT('',(5.303300858883E-02,9.185586535412E-02));
#12828 = VECTOR('',#12829,1.);
#12829 = DIRECTION('',(0.5,0.866025403784));
#12830 = ( GEOMETRIC_REPRESENTATION_CONTEXT(2)
PARAMETRIC_REPRESENTATION_CONTEXT() REPRESENTATION_CONTEXT('2D SPACE',''
  ) );
#12831 = ADVANCED_FACE('',(#12832),#10284,.F.);
#12832 = FACE_BOUND('',#12833,.F.);
#12833 = EDGE_LOOP('',(#12834,#12835,#12836,#12837));
#12834 = ORIENTED_EDGE('',*,*,#12109,.F.);
#12835 = ORIENTED_EDGE('',*,*,#10269,.T.);
#12836 = ORIENTED_EDGE('',*,*,#11938,.T.);
#12837 = ORIENTED_EDGE('',*,*,#12838,.F.);
#12838 = EDGE_CURVE('',#12110,#11939,#12839,.T.);
#12839 = SURFACE_CURVE('',#12840,(#12844,#12851),.PCURVE_S1.);
#12840 = LINE('',#12841,#12842);
#12841 = CARTESIAN_POINT('',(192.,85.5,74.));
#12842 = VECTOR('',#12843,1.);
#12843 = DIRECTION('',(0.,0.,1.));
#12844 = PCURVE('',#10284,#12845);
#12845 = DEFINITIONAL_REPRESENTATION('',(#12846),#12850);
#12846 = LINE('',#12847,#12848);
#12847 = CARTESIAN_POINT('',(0.,98.));
#12848 = VECTOR('',#12849,1.);
#12849 = DIRECTION('',(1.,0.));
#12850 = ( GEOMETRIC_REPRESENTATION_CONTEXT(2)
PARAMETRIC_REPRESENTATION_CONTEXT() REPRESENTATION_CONTEXT('2D SPACE',''
  ) );
#12851 = PCURVE('',#11977,#12852);
#12852 = DEFINITIONAL_REPRESENTATION('',(#12853),#12857);
#12853 = LINE('',#12854,#12855);
#12854 = CARTESIAN_POINT('',(0.,0.));
#12855 = VECTOR('',#12856,1.);
#12856 = DIRECTION('',(1.,0.));
#12857 = ( GEOMETRIC_REPRESENTATION_CONTEXT(2)
PARAMETRIC_REPRESENTATION_CONTEXT() REPRESENTATION_CONTEXT('2D SPACE',''
  ) );
#12858 = ADVANCED_FACE('',(#12859),#10235,.T.);
#12859 = FACE_BOUND('',#12860,.T.);
#12860 = EDGE_LOOP('',(#12861,#12884,#12885,#12886));
#12861 = ORIENTED_EDGE('',*,*,#12862,.F.);
#12862 = EDGE_CURVE('',#12644,#12863,#12865,.T.);
#12863 = VERTEX_POINT('',#12864);
#12864 = CARTESIAN_POINT('',(95.5,92.,-5.551115123126E-17));
#12865 = SURFACE_CURVE('',#12866,(#12870,#12877),.PCURVE_S1.);
#12866 = LINE('',#12867,#12868);
#12867 = CARTESIAN_POINT('',(95.5,93.,-1.110223024625E-16));
#12868 = VECTOR('',#12869,1.);
#12869 = DIRECTION('',(0.,-1.,-0.));
#12870 = PCURVE('',#10235,#12871);
#12871 = DEFINITIONAL_REPRESENTATION('',(#12872),#12876);
#12872 = LINE('',#12873,#12874);
#12873 = CARTESIAN_POINT('',(0.,0.));
#12874 = VECTOR('',#12875,1.);
#12875 = DIRECTION('',(0.,1.));
#12876 = ( GEOMETRIC_REPRESENTATION_CONTEXT(2)
PARAMETRIC_REPRESENTATION_CONTEXT() REPRESENTATION_CONTEXT('2D SPACE',''
  ) );
#12877 = PCURVE('',#11503,#12878);
#12878 = DEFINITIONAL_REPRESENTATION('',(#12879),#12883);
#12879 = LINE('',#12880,#12881);
#12880 = CARTESIAN_POINT('',(95.5,93.));
#12881 = VECTOR('',#12882,1.);
#12882 = DIRECTION('',(0.,-1.));
#12883 = ( GEOMETRIC_REPRESENTATION_CONTEXT(2)
PARAMETRIC_REPRESENTATION_CONTEXT() REPRESENTATION_CONTEXT('2D SPACE',''
  ) );
#12884 = ORIENTED_EDGE('',*,*,#12671,.T.);
#12885 = ORIENTED_EDGE('',*,*,#10221,.T.);
#12886 = ORIENTED_EDGE('',*,*,#12887,.F.);
#12887 = EDGE_CURVE('',#12863,#10196,#12888,.T.);
#12888 = SURFACE_CURVE('',#12889,(#12894,#12901),.PCURVE_S1.);
#12889 = CIRCLE('',#12890,0.5);
#12890 = AXIS2_PLACEMENT_3D('',#12891,#12892,#12893);
#12891 = CARTESIAN_POINT('',(95.5,92.,0.5));
#12892 = DIRECTION('',(0.,-1.,-0.));
#12893 = DIRECTION('',(-0.,0.,-1.));
#12894 = PCURVE('',#10235,#12895);
#12895 = DEFINITIONAL_REPRESENTATION('',(#12896),#12900);
#12896 = LINE('',#12897,#12898);
#12897 = CARTESIAN_POINT('',(0.,1.));
#12898 = VECTOR('',#12899,1.);
#12899 = DIRECTION('',(1.,0.));
#12900 = ( GEOMETRIC_REPRESENTATION_CONTEXT(2)
PARAMETRIC_REPRESENTATION_CONTEXT() REPRESENTATION_CONTEXT('2D SPACE',''
  ) );
#12901 = PCURVE('',#10210,#12902);
#12902 = DEFINITIONAL_REPRESENTATION('',(#12903),#12911);
#12903 = ( BOUNDED_CURVE() B_SPLINE_CURVE(2,(#12904,#12905,#12906,#12907
    ,#12908,#12909,#12910),.UNSPECIFIED.,.T.,.F.)
B_SPLINE_CURVE_WITH_KNOTS((1,2,2,2,2,1),(-2.094395102393,0.,
    2.094395102393,4.188790204786,6.28318530718,8.377580409573),
.UNSPECIFIED.) CURVE() GEOMETRIC_REPRESENTATION_ITEM()
RATIONAL_B_SPLINE_CURVE((1.,0.5,1.,0.5,1.,0.5,1.)) REPRESENTATION_ITEM(
  '') );
#12904 = CARTESIAN_POINT('',(-1.110223024625E-16,1.5));
#12905 = CARTESIAN_POINT('',(-1.110223024625E-16,2.366025403784));
#12906 = CARTESIAN_POINT('',(0.75,1.933012701892));
#12907 = CARTESIAN_POINT('',(1.5,1.5));
#12908 = CARTESIAN_POINT('',(0.75,1.066987298108));
#12909 = CARTESIAN_POINT('',(6.661338147751E-16,0.633974596216));
#12910 = CARTESIAN_POINT('',(-1.110223024625E-16,1.5));
#12911 = ( GEOMETRIC_REPRESENTATION_CONTEXT(2)
PARAMETRIC_REPRESENTATION_CONTEXT() REPRESENTATION_CONTEXT('2D SPACE',''
  ) );
#12912 = ADVANCED_FACE('',(#12913),#10210,.T.);
#12913 = FACE_BOUND('',#12914,.T.);
#12914 = EDGE_LOOP('',(#12915,#12938,#12939,#12940,#12963));
#12915 = ORIENTED_EDGE('',*,*,#12916,.F.);
#12916 = EDGE_CURVE('',#12863,#12917,#12919,.T.);
#12917 = VERTEX_POINT('',#12918);
#12918 = CARTESIAN_POINT('',(101.,92.,0.));
#12919 = SURFACE_CURVE('',#12920,(#12924,#12931),.PCURVE_S1.);
#12920 = LINE('',#12921,#12922);
#12921 = CARTESIAN_POINT('',(94.,92.,0.));
#12922 = VECTOR('',#12923,1.);
#12923 = DIRECTION('',(1.,0.,-0.));
#12924 = PCURVE('',#10210,#12925);
#12925 = DEFINITIONAL_REPRESENTATION('',(#12926),#12930);
#12926 = LINE('',#12927,#12928);
#12927 = CARTESIAN_POINT('',(0.,0.));
#12928 = VECTOR('',#12929,1.);
#12929 = DIRECTION('',(0.,1.));
#12930 = ( GEOMETRIC_REPRESENTATION_CONTEXT(2)
PARAMETRIC_REPRESENTATION_CONTEXT() REPRESENTATION_CONTEXT('2D SPACE',''
  ) );
#12931 = PCURVE('',#11503,#12932);
#12932 = DEFINITIONAL_REPRESENTATION('',(#12933),#12937);
#12933 = LINE('',#12934,#12935);
#12934 = CARTESIAN_POINT('',(94.,92.));
#12935 = VECTOR('',#12936,1.);
#12936 = DIRECTION('',(1.,0.));
#12937 = ( GEOMETRIC_REPRESENTATION_CONTEXT(2)
PARAMETRIC_REPRESENTATION_CONTEXT() REPRESENTATION_CONTEXT('2D SPACE',''
  ) );
#12938 = ORIENTED_EDGE('',*,*,#12887,.T.);
#12939 = ORIENTED_EDGE('',*,*,#10195,.T.);
#12940 = ORIENTED_EDGE('',*,*,#12941,.T.);
#12941 = EDGE_CURVE('',#10170,#12942,#12944,.T.);
#12942 = VERTEX_POINT('',#12943);
#12943 = CARTESIAN_POINT('',(101.,92.,56.));
#12944 = SURFACE_CURVE('',#12945,(#12949,#12956),.PCURVE_S1.);
#12945 = LINE('',#12946,#12947);
#12946 = CARTESIAN_POINT('',(94.,92.,56.));
#12947 = VECTOR('',#12948,1.);
#12948 = DIRECTION('',(1.,0.,-0.));
#12949 = PCURVE('',#10210,#12950);
#12950 = DEFINITIONAL_REPRESENTATION('',(#12951),#12955);
#12951 = LINE('',#12952,#12953);
#12952 = CARTESIAN_POINT('',(56.,0.));
#12953 = VECTOR('',#12954,1.);
#12954 = DIRECTION('',(0.,1.));
#12955 = ( GEOMETRIC_REPRESENTATION_CONTEXT(2)
PARAMETRIC_REPRESENTATION_CONTEXT() REPRESENTATION_CONTEXT('2D SPACE',''
  ) );
#12956 = PCURVE('',#10184,#12957);
#12957 = DEFINITIONAL_REPRESENTATION('',(#12958),#12962);
#12958 = LINE('',#12959,#12960);
#12959 = CARTESIAN_POINT('',(0.,84.));
#12960 = VECTOR('',#12961,1.);
#12961 = DIRECTION('',(1.,0.));
#12962 = ( GEOMETRIC_REPRESENTATION_CONTEXT(2)
PARAMETRIC_REPRESENTATION_CONTEXT() REPRESENTATION_CONTEXT('2D SPACE',''
  ) );
#12963 = ORIENTED_EDGE('',*,*,#12964,.F.);
#12964 = EDGE_CURVE('',#12917,#12942,#12965,.T.);
#12965 = SURFACE_CURVE('',#12966,(#12970,#12976),.PCURVE_S1.);
#12966 = LINE('',#12967,#12968);
#12967 = CARTESIAN_POINT('',(101.,92.,0.));
#12968 = VECTOR('',#12969,1.);
#12969 = DIRECTION('',(0.,0.,1.));
#12970 = PCURVE('',#10210,#12971);
#12971 = DEFINITIONAL_REPRESENTATION('',(#12972),#12975);
#12972 = B_SPLINE_CURVE_WITH_KNOTS('',1,(#12973,#12974),.UNSPECIFIED.,
  .F.,.F.,(2,2),(0.,56.),.PIECEWISE_BEZIER_KNOTS.);
#12973 = CARTESIAN_POINT('',(0.,7.));
#12974 = CARTESIAN_POINT('',(56.,7.));
#12975 = ( GEOMETRIC_REPRESENTATION_CONTEXT(2)
PARAMETRIC_REPRESENTATION_CONTEXT() REPRESENTATION_CONTEXT('2D SPACE',''
  ) );
#12976 = PCURVE('',#12977,#12982);
#12977 = PLANE('',#12978);
#12978 = AXIS2_PLACEMENT_3D('',#12979,#12980,#12981);
#12979 = CARTESIAN_POINT('',(101.,0.,0.));
#12980 = DIRECTION('',(1.,0.,-0.));
#12981 = DIRECTION('',(0.,0.,1.));
#12982 = DEFINITIONAL_REPRESENTATION('',(#12983),#12986);
#12983 = B_SPLINE_CURVE_WITH_KNOTS('',1,(#12984,#12985),.UNSPECIFIED.,
  .F.,.F.,(2,2),(0.,56.),.PIECEWISE_BEZIER_KNOTS.);
#12984 = CARTESIAN_POINT('',(0.,-92.));
#12985 = CARTESIAN_POINT('',(56.,-92.));
#12986 = ( GEOMETRIC_REPRESENTATION_CONTEXT(2)
PARAMETRIC_REPRESENTATION_CONTEXT() REPRESENTATION_CONTEXT('2D SPACE',''
  ) );
#12987 = ADVANCED_FACE('',(#12988),#10184,.T.);
#12988 = FACE_BOUND('',#12989,.T.);
#12989 = EDGE_LOOP('',(#12990,#12991,#12992,#13015));
#12990 = ORIENTED_EDGE('',*,*,#12941,.F.);
#12991 = ORIENTED_EDGE('',*,*,#10169,.T.);
#12992 = ORIENTED_EDGE('',*,*,#12993,.T.);
#12993 = EDGE_CURVE('',#10144,#12994,#12996,.T.);
#12994 = VERTEX_POINT('',#12995);
#12995 = CARTESIAN_POINT('',(101.,8.,56.));
#12996 = SURFACE_CURVE('',#12997,(#13001,#13008),.PCURVE_S1.);
#12997 = LINE('',#12998,#12999);
#12998 = CARTESIAN_POINT('',(94.,8.,56.));
#12999 = VECTOR('',#13000,1.);
#13000 = DIRECTION('',(1.,0.,-0.));
#13001 = PCURVE('',#10184,#13002);
#13002 = DEFINITIONAL_REPRESENTATION('',(#13003),#13007);
#13003 = LINE('',#13004,#13005);
#13004 = CARTESIAN_POINT('',(0.,0.));
#13005 = VECTOR('',#13006,1.);
#13006 = DIRECTION('',(1.,0.));
#13007 = ( GEOMETRIC_REPRESENTATION_CONTEXT(2)
PARAMETRIC_REPRESENTATION_CONTEXT() REPRESENTATION_CONTEXT('2D SPACE',''
  ) );
#13008 = PCURVE('',#10158,#13009);
#13009 = DEFINITIONAL_REPRESENTATION('',(#13010),#13014);
#13010 = LINE('',#13011,#13012);
#13011 = CARTESIAN_POINT('',(56.,0.));
#13012 = VECTOR('',#13013,1.);
#13013 = DIRECTION('',(0.,1.));
#13014 = ( GEOMETRIC_REPRESENTATION_CONTEXT(2)
PARAMETRIC_REPRESENTATION_CONTEXT() REPRESENTATION_CONTEXT('2D SPACE',''
  ) );
#13015 = ORIENTED_EDGE('',*,*,#13016,.F.);
#13016 = EDGE_CURVE('',#12942,#12994,#13017,.T.);
#13017 = SURFACE_CURVE('',#13018,(#13022,#13028),.PCURVE_S1.);
#13018 = LINE('',#13019,#13020);
#13019 = CARTESIAN_POINT('',(101.,4.,56.));
#13020 = VECTOR('',#13021,1.);
#13021 = DIRECTION('',(0.,-1.,0.));
#13022 = PCURVE('',#10184,#13023);
#13023 = DEFINITIONAL_REPRESENTATION('',(#13024),#13027);
#13024 = B_SPLINE_CURVE_WITH_KNOTS('',1,(#13025,#13026),.UNSPECIFIED.,
  .F.,.F.,(2,2),(-88.,-4.),.PIECEWISE_BEZIER_KNOTS.);
#13025 = CARTESIAN_POINT('',(7.,84.));
#13026 = CARTESIAN_POINT('',(7.,0.));
#13027 = ( GEOMETRIC_REPRESENTATION_CONTEXT(2)
PARAMETRIC_REPRESENTATION_CONTEXT() REPRESENTATION_CONTEXT('2D SPACE',''
  ) );
#13028 = PCURVE('',#12977,#13029);
#13029 = DEFINITIONAL_REPRESENTATION('',(#13030),#13033);
#13030 = B_SPLINE_CURVE_WITH_KNOTS('',1,(#13031,#13032),.UNSPECIFIED.,
  .F.,.F.,(2,2),(-88.,-4.),.PIECEWISE_BEZIER_KNOTS.);
#13031 = CARTESIAN_POINT('',(56.,-92.));
#13032 = CARTESIAN_POINT('',(56.,-8.));
#13033 = ( GEOMETRIC_REPRESENTATION_CONTEXT(2)
PARAMETRIC_REPRESENTATION_CONTEXT() REPRESENTATION_CONTEXT('2D SPACE',''
  ) );
#13034 = ADVANCED_FACE('',(#13035),#10158,.F.);
#13035 = FACE_BOUND('',#13036,.F.);
#13036 = EDGE_LOOP('',(#13037,#13062,#13088,#13089,#13090));
#13037 = ORIENTED_EDGE('',*,*,#13038,.F.);
#13038 = EDGE_CURVE('',#13039,#13041,#13043,.T.);
#13039 = VERTEX_POINT('',#13040);
#13040 = CARTESIAN_POINT('',(95.5,8.,-5.551115123126E-17));
#13041 = VERTEX_POINT('',#13042);
#13042 = CARTESIAN_POINT('',(101.,8.,0.));
#13043 = SURFACE_CURVE('',#13044,(#13048,#13055),.PCURVE_S1.);
#13044 = LINE('',#13045,#13046);
#13045 = CARTESIAN_POINT('',(94.,8.,0.));
#13046 = VECTOR('',#13047,1.);
#13047 = DIRECTION('',(1.,0.,-0.));
#13048 = PCURVE('',#10158,#13049);
#13049 = DEFINITIONAL_REPRESENTATION('',(#13050),#13054);
#13050 = LINE('',#13051,#13052);
#13051 = CARTESIAN_POINT('',(0.,0.));
#13052 = VECTOR('',#13053,1.);
#13053 = DIRECTION('',(0.,1.));
#13054 = ( GEOMETRIC_REPRESENTATION_CONTEXT(2)
PARAMETRIC_REPRESENTATION_CONTEXT() REPRESENTATION_CONTEXT('2D SPACE',''
  ) );
#13055 = PCURVE('',#11503,#13056);
#13056 = DEFINITIONAL_REPRESENTATION('',(#13057),#13061);
#13057 = LINE('',#13058,#13059);
#13058 = CARTESIAN_POINT('',(94.,8.));
#13059 = VECTOR('',#13060,1.);
#13060 = DIRECTION('',(1.,0.));
#13061 = ( GEOMETRIC_REPRESENTATION_CONTEXT(2)
PARAMETRIC_REPRESENTATION_CONTEXT() REPRESENTATION_CONTEXT('2D SPACE',''
  ) );
#13062 = ORIENTED_EDGE('',*,*,#13063,.T.);
#13063 = EDGE_CURVE('',#13039,#10116,#13064,.T.);
#13064 = SURFACE_CURVE('',#13065,(#13070,#13081),.PCURVE_S1.);
#13065 = CIRCLE('',#13066,0.5);
#13066 = AXIS2_PLACEMENT_3D('',#13067,#13068,#13069);
#13067 = CARTESIAN_POINT('',(95.5,8.,0.5));
#13068 = DIRECTION('',(0.,-1.,-0.));
#13069 = DIRECTION('',(-0.,0.,-1.));
#13070 = PCURVE('',#10158,#13071);
#13071 = DEFINITIONAL_REPRESENTATION('',(#13072),#13080);
#13072 = ( BOUNDED_CURVE() B_SPLINE_CURVE(2,(#13073,#13074,#13075,#13076
    ,#13077,#13078,#13079),.UNSPECIFIED.,.T.,.F.)
B_SPLINE_CURVE_WITH_KNOTS((1,2,2,2,2,1),(-2.094395102393,0.,
    2.094395102393,4.188790204786,6.28318530718,8.377580409573),
.UNSPECIFIED.) CURVE() GEOMETRIC_REPRESENTATION_ITEM()
RATIONAL_B_SPLINE_CURVE((1.,0.5,1.,0.5,1.,0.5,1.)) REPRESENTATION_ITEM(
  '') );
#13073 = CARTESIAN_POINT('',(-1.110223024625E-16,1.5));
#13074 = CARTESIAN_POINT('',(-1.110223024625E-16,2.366025403784));
#13075 = CARTESIAN_POINT('',(0.75,1.933012701892));
#13076 = CARTESIAN_POINT('',(1.5,1.5));
#13077 = CARTESIAN_POINT('',(0.75,1.066987298108));
#13078 = CARTESIAN_POINT('',(6.661338147751E-16,0.633974596216));
#13079 = CARTESIAN_POINT('',(-1.110223024625E-16,1.5));
#13080 = ( GEOMETRIC_REPRESENTATION_CONTEXT(2)
PARAMETRIC_REPRESENTATION_CONTEXT() REPRESENTATION_CONTEXT('2D SPACE',''
  ) );
#13081 = PCURVE('',#10131,#13082);
#13082 = DEFINITIONAL_REPRESENTATION('',(#13083),#13087);
#13083 = LINE('',#13084,#13085);
#13084 = CARTESIAN_POINT('',(0.,85.));
#13085 = VECTOR('',#13086,1.);
#13086 = DIRECTION('',(1.,0.));
#13087 = ( GEOMETRIC_REPRESENTATION_CONTEXT(2)
PARAMETRIC_REPRESENTATION_CONTEXT() REPRESENTATION_CONTEXT('2D SPACE',''
  ) );
#13088 = ORIENTED_EDGE('',*,*,#10143,.T.);
#13089 = ORIENTED_EDGE('',*,*,#12993,.T.);
#13090 = ORIENTED_EDGE('',*,*,#13091,.F.);
#13091 = EDGE_CURVE('',#13041,#12994,#13092,.T.);
#13092 = SURFACE_CURVE('',#13093,(#13097,#13103),.PCURVE_S1.);
#13093 = LINE('',#13094,#13095);
#13094 = CARTESIAN_POINT('',(101.,8.,0.));
#13095 = VECTOR('',#13096,1.);
#13096 = DIRECTION('',(0.,0.,1.));
#13097 = PCURVE('',#10158,#13098);
#13098 = DEFINITIONAL_REPRESENTATION('',(#13099),#13102);
#13099 = B_SPLINE_CURVE_WITH_KNOTS('',1,(#13100,#13101),.UNSPECIFIED.,
  .F.,.F.,(2,2),(0.,56.),.PIECEWISE_BEZIER_KNOTS.);
#13100 = CARTESIAN_POINT('',(0.,7.));
#13101 = CARTESIAN_POINT('',(56.,7.));
#13102 = ( GEOMETRIC_REPRESENTATION_CONTEXT(2)
PARAMETRIC_REPRESENTATION_CONTEXT() REPRESENTATION_CONTEXT('2D SPACE',''
  ) );
#13103 = PCURVE('',#12977,#13104);
#13104 = DEFINITIONAL_REPRESENTATION('',(#13105),#13108);
#13105 = B_SPLINE_CURVE_WITH_KNOTS('',1,(#13106,#13107),.UNSPECIFIED.,
  .F.,.F.,(2,2),(0.,56.),.PIECEWISE_BEZIER_KNOTS.);
#13106 = CARTESIAN_POINT('',(0.,-8.));
#13107 = CARTESIAN_POINT('',(56.,-8.));
#13108 = ( GEOMETRIC_REPRESENTATION_CONTEXT(2)
PARAMETRIC_REPRESENTATION_CONTEXT() REPRESENTATION_CONTEXT('2D SPACE',''
  ) );
#13109 = ADVANCED_FACE('',(#13110),#10131,.T.);
#13110 = FACE_BOUND('',#13111,.T.);
#13111 = EDGE_LOOP('',(#13112,#13133,#13134,#13135));
#13112 = ORIENTED_EDGE('',*,*,#13113,.F.);
#13113 = EDGE_CURVE('',#13039,#11465,#13114,.T.);
#13114 = SURFACE_CURVE('',#13115,(#13119,#13126),.PCURVE_S1.);
#13115 = LINE('',#13116,#13117);
#13116 = CARTESIAN_POINT('',(95.5,93.,-1.110223024625E-16));
#13117 = VECTOR('',#13118,1.);
#13118 = DIRECTION('',(0.,-1.,-0.));
#13119 = PCURVE('',#10131,#13120);
#13120 = DEFINITIONAL_REPRESENTATION('',(#13121),#13125);
#13121 = LINE('',#13122,#13123);
#13122 = CARTESIAN_POINT('',(0.,0.));
#13123 = VECTOR('',#13124,1.);
#13124 = DIRECTION('',(0.,1.));
#13125 = ( GEOMETRIC_REPRESENTATION_CONTEXT(2)
PARAMETRIC_REPRESENTATION_CONTEXT() REPRESENTATION_CONTEXT('2D SPACE',''
  ) );
#13126 = PCURVE('',#11503,#13127);
#13127 = DEFINITIONAL_REPRESENTATION('',(#13128),#13132);
#13128 = LINE('',#13129,#13130);
#13129 = CARTESIAN_POINT('',(95.5,93.));
#13130 = VECTOR('',#13131,1.);
#13131 = DIRECTION('',(0.,-1.));
#13132 = ( GEOMETRIC_REPRESENTATION_CONTEXT(2)
PARAMETRIC_REPRESENTATION_CONTEXT() REPRESENTATION_CONTEXT('2D SPACE',''
  ) );
#13133 = ORIENTED_EDGE('',*,*,#13063,.T.);
#13134 = ORIENTED_EDGE('',*,*,#10115,.T.);
#13135 = ORIENTED_EDGE('',*,*,#11464,.F.);
#13136 = ADVANCED_FACE('',(#13137),#10488,.F.);
#13137 = FACE_BOUND('',#13138,.F.);
#13138 = EDGE_LOOP('',(#13139,#13140,#13163,#13190));
#13139 = ORIENTED_EDGE('',*,*,#10471,.F.);
#13140 = ORIENTED_EDGE('',*,*,#13141,.F.);
#13141 = EDGE_CURVE('',#13142,#10472,#13144,.T.);
#13142 = VERTEX_POINT('',#13143);
#13143 = CARTESIAN_POINT('',(19.4,45.,4.));
#13144 = SEAM_CURVE('',#13145,(#13149,#13156),.PCURVE_S1.);
#13145 = LINE('',#13146,#13147);
#13146 = CARTESIAN_POINT('',(19.4,45.,4.));
#13147 = VECTOR('',#13148,1.);
#13148 = DIRECTION('',(0.,0.,1.));
#13149 = PCURVE('',#10488,#13150);
#13150 = DEFINITIONAL_REPRESENTATION('',(#13151),#13155);
#13151 = LINE('',#13152,#13153);
#13152 = CARTESIAN_POINT('',(6.28318530718,-0.));
#13153 = VECTOR('',#13154,1.);
#13154 = DIRECTION('',(0.,1.));
#13155 = ( GEOMETRIC_REPRESENTATION_CONTEXT(2)
PARAMETRIC_REPRESENTATION_CONTEXT() REPRESENTATION_CONTEXT('2D SPACE',''
  ) );
#13156 = PCURVE('',#10488,#13157);
#13157 = DEFINITIONAL_REPRESENTATION('',(#13158),#13162);
#13158 = LINE('',#13159,#13160);
#13159 = CARTESIAN_POINT('',(0.,-0.));
#13160 = VECTOR('',#13161,1.);
#13161 = DIRECTION('',(0.,1.));
#13162 = ( GEOMETRIC_REPRESENTATION_CONTEXT(2)
PARAMETRIC_REPRESENTATION_CONTEXT() REPRESENTATION_CONTEXT('2D SPACE',''
  ) );
#13163 = ORIENTED_EDGE('',*,*,#13164,.T.);
#13164 = EDGE_CURVE('',#13142,#13142,#13165,.T.);
#13165 = SURFACE_CURVE('',#13166,(#13171,#13178),.PCURVE_S1.);
#13166 = CIRCLE('',#13167,1.4);
#13167 = AXIS2_PLACEMENT_3D('',#13168,#13169,#13170);
#13168 = CARTESIAN_POINT('',(18.,45.,4.));
#13169 = DIRECTION('',(0.,0.,1.));
#13170 = DIRECTION('',(1.,0.,-0.));
#13171 = PCURVE('',#10488,#13172);
#13172 = DEFINITIONAL_REPRESENTATION('',(#13173),#13177);
#13173 = LINE('',#13174,#13175);
#13174 = CARTESIAN_POINT('',(0.,0.));
#13175 = VECTOR('',#13176,1.);
#13176 = DIRECTION('',(1.,0.));
#13177 = ( GEOMETRIC_REPRESENTATION_CONTEXT(2)
PARAMETRIC_REPRESENTATION_CONTEXT() REPRESENTATION_CONTEXT('2D SPACE',''
  ) );
#13178 = PCURVE('',#13179,#13184);
#13179 = PLANE('',#13180);
#13180 = AXIS2_PLACEMENT_3D('',#13181,#13182,#13183);
#13181 = CARTESIAN_POINT('',(18.,45.,4.));
#13182 = DIRECTION('',(0.,0.,1.));
#13183 = DIRECTION('',(1.,0.,-0.));
#13184 = DEFINITIONAL_REPRESENTATION('',(#13185),#13189);
#13185 = CIRCLE('',#13186,1.4);
#13186 = AXIS2_PLACEMENT_2D('',#13187,#13188);
#13187 = CARTESIAN_POINT('',(0.,0.));
#13188 = DIRECTION('',(1.,0.));
#13189 = ( GEOMETRIC_REPRESENTATION_CONTEXT(2)
PARAMETRIC_REPRESENTATION_CONTEXT() REPRESENTATION_CONTEXT('2D SPACE',''
  ) );
#13190 = ORIENTED_EDGE('',*,*,#13141,.T.);
#13191 = ADVANCED_FACE('',(#13192),#10542,.T.);
#13192 = FACE_BOUND('',#13193,.F.);
#13193 = EDGE_LOOP('',(#13194));
#13194 = ORIENTED_EDGE('',*,*,#10527,.F.);
#13195 = ADVANCED_FACE('',(#13196),#10814,.T.);
#13196 = FACE_BOUND('',#13197,.F.);
#13197 = EDGE_LOOP('',(#13198,#13199,#13226,#13227));
#13198 = ORIENTED_EDGE('',*,*,#11679,.F.);
#13199 = ORIENTED_EDGE('',*,*,#13200,.T.);
#13200 = EDGE_CURVE('',#11657,#12568,#13201,.T.);
#13201 = SURFACE_CURVE('',#13202,(#13207,#13214),.PCURVE_S1.);
#13202 = CIRCLE('',#13203,7.);
#13203 = AXIS2_PLACEMENT_3D('',#13204,#13205,#13206);
#13204 = CARTESIAN_POINT('',(7.,93.,0.5));
#13205 = DIRECTION('',(-0.,0.,-1.));
#13206 = DIRECTION('',(-1.,0.,0.));
#13207 = PCURVE('',#10814,#13208);
#13208 = DEFINITIONAL_REPRESENTATION('',(#13209),#13213);
#13209 = LINE('',#13210,#13211);
#13210 = CARTESIAN_POINT('',(-0.,0.5));
#13211 = VECTOR('',#13212,1.);
#13212 = DIRECTION('',(-1.,0.));
#13213 = ( GEOMETRIC_REPRESENTATION_CONTEXT(2)
PARAMETRIC_REPRESENTATION_CONTEXT() REPRESENTATION_CONTEXT('2D SPACE',''
  ) );
#13214 = PCURVE('',#13215,#13220);
#13215 = TOROIDAL_SURFACE('',#13216,6.5,0.5);
#13216 = AXIS2_PLACEMENT_3D('',#13217,#13218,#13219);
#13217 = CARTESIAN_POINT('',(7.,93.,0.5));
#13218 = DIRECTION('',(0.,0.,1.));
#13219 = DIRECTION('',(-1.,0.,0.));
#13220 = DEFINITIONAL_REPRESENTATION('',(#13221),#13225);
#13221 = LINE('',#13222,#13223);
#13222 = CARTESIAN_POINT('',(-0.,6.28318530718));
#13223 = VECTOR('',#13224,1.);
#13224 = DIRECTION('',(-1.,0.));
#13225 = ( GEOMETRIC_REPRESENTATION_CONTEXT(2)
PARAMETRIC_REPRESENTATION_CONTEXT() REPRESENTATION_CONTEXT('2D SPACE',''
  ) );
#13226 = ORIENTED_EDGE('',*,*,#12567,.T.);
#13227 = ORIENTED_EDGE('',*,*,#10799,.F.);
#13228 = ADVANCED_FACE('',(#13229),#11071,.T.);
#13229 = FACE_BOUND('',#13230,.F.);
#13230 = EDGE_LOOP('',(#13231));
#13231 = ORIENTED_EDGE('',*,*,#11056,.F.);
#13232 = ADVANCED_FACE('',(#13233),#11126,.T.);
#13233 = FACE_BOUND('',#13234,.F.);
#13234 = EDGE_LOOP('',(#13235));
#13235 = ORIENTED_EDGE('',*,*,#11111,.F.);
#13236 = ADVANCED_FACE('',(#13237),#11181,.T.);
#13237 = FACE_BOUND('',#13238,.F.);
#13238 = EDGE_LOOP('',(#13239));
#13239 = ORIENTED_EDGE('',*,*,#11166,.F.);
#13240 = ADVANCED_FACE('',(#13241),#11236,.T.);
#13241 = FACE_BOUND('',#13242,.F.);
#13242 = EDGE_LOOP('',(#13243));
#13243 = ORIENTED_EDGE('',*,*,#11221,.F.);
#13244 = ADVANCED_FACE('',(#13245,#13248),#11290,.F.);
#13245 = FACE_BOUND('',#13246,.F.);
#13246 = EDGE_LOOP('',(#13247));
#13247 = ORIENTED_EDGE('',*,*,#11275,.T.);
#13248 = FACE_BOUND('',#13249,.F.);
#13249 = EDGE_LOOP('',(#13250));
#13250 = ORIENTED_EDGE('',*,*,#13251,.F.);
#13251 = EDGE_CURVE('',#13252,#13252,#13254,.T.);
#13252 = VERTEX_POINT('',#13253);
#13253 = CARTESIAN_POINT('',(76.5,76.,139.9));
#13254 = SURFACE_CURVE('',#13255,(#13260,#13267),.PCURVE_S1.);
#13255 = CIRCLE('',#13256,1.4);
#13256 = AXIS2_PLACEMENT_3D('',#13257,#13258,#13259);
#13257 = CARTESIAN_POINT('',(76.5,76.,138.5));
#13258 = DIRECTION('',(0.,1.,0.));
#13259 = DIRECTION('',(0.,-0.,1.));
#13260 = PCURVE('',#11290,#13261);
#13261 = DEFINITIONAL_REPRESENTATION('',(#13262),#13266);
#13262 = CIRCLE('',#13263,1.4);
#13263 = AXIS2_PLACEMENT_2D('',#13264,#13265);
#13264 = CARTESIAN_POINT('',(0.,0.));
#13265 = DIRECTION('',(1.,0.));
#13266 = ( GEOMETRIC_REPRESENTATION_CONTEXT(2)
PARAMETRIC_REPRESENTATION_CONTEXT() REPRESENTATION_CONTEXT('2D SPACE',''
  ) );
#13267 = PCURVE('',#13268,#13273);
#13268 = CYLINDRICAL_SURFACE('',#13269,1.4);
#13269 = AXIS2_PLACEMENT_3D('',#13270,#13271,#13272);
#13270 = CARTESIAN_POINT('',(76.5,75.,138.5));
#13271 = DIRECTION('',(0.,1.,0.));
#13272 = DIRECTION('',(0.,-0.,1.));
#13273 = DEFINITIONAL_REPRESENTATION('',(#13274),#13278);
#13274 = LINE('',#13275,#13276);
#13275 = CARTESIAN_POINT('',(0.,1.));
#13276 = VECTOR('',#13277,1.);
#13277 = DIRECTION('',(1.,0.));
#13278 = ( GEOMETRIC_REPRESENTATION_CONTEXT(2)
PARAMETRIC_REPRESENTATION_CONTEXT() REPRESENTATION_CONTEXT('2D SPACE',''
  ) );
#13279 = ADVANCED_FACE('',(#13280,#13283),#11343,.F.);
#13280 = FACE_BOUND('',#13281,.F.);
#13281 = EDGE_LOOP('',(#13282));
#13282 = ORIENTED_EDGE('',*,*,#11328,.T.);
#13283 = FACE_BOUND('',#13284,.F.);
#13284 = EDGE_LOOP('',(#13285));
#13285 = ORIENTED_EDGE('',*,*,#13286,.F.);
#13286 = EDGE_CURVE('',#13287,#13287,#13289,.T.);
#13287 = VERTEX_POINT('',#13288);
#13288 = CARTESIAN_POINT('',(19.5,76.,79.9));
#13289 = SURFACE_CURVE('',#13290,(#13295,#13302),.PCURVE_S1.);
#13290 = CIRCLE('',#13291,1.4);
#13291 = AXIS2_PLACEMENT_3D('',#13292,#13293,#13294);
#13292 = CARTESIAN_POINT('',(19.5,76.,78.5));
#13293 = DIRECTION('',(0.,1.,0.));
#13294 = DIRECTION('',(0.,-0.,1.));
#13295 = PCURVE('',#11343,#13296);
#13296 = DEFINITIONAL_REPRESENTATION('',(#13297),#13301);
#13297 = CIRCLE('',#13298,1.4);
#13298 = AXIS2_PLACEMENT_2D('',#13299,#13300);
#13299 = CARTESIAN_POINT('',(0.,0.));
#13300 = DIRECTION('',(1.,0.));
#13301 = ( GEOMETRIC_REPRESENTATION_CONTEXT(2)
PARAMETRIC_REPRESENTATION_CONTEXT() REPRESENTATION_CONTEXT('2D SPACE',''
  ) );
#13302 = PCURVE('',#13303,#13308);
#13303 = CYLINDRICAL_SURFACE('',#13304,1.4);
#13304 = AXIS2_PLACEMENT_3D('',#13305,#13306,#13307);
#13305 = CARTESIAN_POINT('',(19.5,75.,78.5));
#13306 = DIRECTION('',(0.,1.,0.));
#13307 = DIRECTION('',(0.,-0.,1.));
#13308 = DEFINITIONAL_REPRESENTATION('',(#13309),#13313);
#13309 = LINE('',#13310,#13311);
#13310 = CARTESIAN_POINT('',(0.,1.));
#13311 = VECTOR('',#13312,1.);
#13312 = DIRECTION('',(1.,0.));
#13313 = ( GEOMETRIC_REPRESENTATION_CONTEXT(2)
PARAMETRIC_REPRESENTATION_CONTEXT() REPRESENTATION_CONTEXT('2D SPACE',''
  ) );
#13314 = ADVANCED_FACE('',(#13315,#13318),#11396,.F.);
#13315 = FACE_BOUND('',#13316,.F.);
#13316 = EDGE_LOOP('',(#13317));
#13317 = ORIENTED_EDGE('',*,*,#11381,.T.);
#13318 = FACE_BOUND('',#13319,.F.);
#13319 = EDGE_LOOP('',(#13320));
#13320 = ORIENTED_EDGE('',*,*,#13321,.F.);
#13321 = EDGE_CURVE('',#13322,#13322,#13324,.T.);
#13322 = VERTEX_POINT('',#13323);
#13323 = CARTESIAN_POINT('',(19.5,76.,139.9));
#13324 = SURFACE_CURVE('',#13325,(#13330,#13337),.PCURVE_S1.);
#13325 = CIRCLE('',#13326,1.4);
#13326 = AXIS2_PLACEMENT_3D('',#13327,#13328,#13329);
#13327 = CARTESIAN_POINT('',(19.5,76.,138.5));
#13328 = DIRECTION('',(0.,1.,0.));
#13329 = DIRECTION('',(0.,-0.,1.));
#13330 = PCURVE('',#11396,#13331);
#13331 = DEFINITIONAL_REPRESENTATION('',(#13332),#13336);
#13332 = CIRCLE('',#13333,1.4);
#13333 = AXIS2_PLACEMENT_2D('',#13334,#13335);
#13334 = CARTESIAN_POINT('',(0.,0.));
#13335 = DIRECTION('',(1.,0.));
#13336 = ( GEOMETRIC_REPRESENTATION_CONTEXT(2)
PARAMETRIC_REPRESENTATION_CONTEXT() REPRESENTATION_CONTEXT('2D SPACE',''
  ) );
#13337 = PCURVE('',#13338,#13343);
#13338 = CYLINDRICAL_SURFACE('',#13339,1.4);
#13339 = AXIS2_PLACEMENT_3D('',#13340,#13341,#13342);
#13340 = CARTESIAN_POINT('',(19.5,75.,138.5));
#13341 = DIRECTION('',(0.,1.,0.));
#13342 = DIRECTION('',(0.,-0.,1.));
#13343 = DEFINITIONAL_REPRESENTATION('',(#13344),#13348);
#13344 = LINE('',#13345,#13346);
#13345 = CARTESIAN_POINT('',(0.,1.));
#13346 = VECTOR('',#13347,1.);
#13347 = DIRECTION('',(1.,0.));
#13348 = ( GEOMETRIC_REPRESENTATION_CONTEXT(2)
PARAMETRIC_REPRESENTATION_CONTEXT() REPRESENTATION_CONTEXT('2D SPACE',''
  ) );
#13349 = ADVANCED_FACE('',(#13350,#13353),#11449,.F.);
#13350 = FACE_BOUND('',#13351,.F.);
#13351 = EDGE_LOOP('',(#13352));
#13352 = ORIENTED_EDGE('',*,*,#11434,.T.);
#13353 = FACE_BOUND('',#13354,.F.);
#13354 = EDGE_LOOP('',(#13355));
#13355 = ORIENTED_EDGE('',*,*,#13356,.F.);
#13356 = EDGE_CURVE('',#13357,#13357,#13359,.T.);
#13357 = VERTEX_POINT('',#13358);
#13358 = CARTESIAN_POINT('',(76.5,76.,79.9));
#13359 = SURFACE_CURVE('',#13360,(#13365,#13372),.PCURVE_S1.);
#13360 = CIRCLE('',#13361,1.4);
#13361 = AXIS2_PLACEMENT_3D('',#13362,#13363,#13364);
#13362 = CARTESIAN_POINT('',(76.5,76.,78.5));
#13363 = DIRECTION('',(0.,1.,0.));
#13364 = DIRECTION('',(0.,-0.,1.));
#13365 = PCURVE('',#11449,#13366);
#13366 = DEFINITIONAL_REPRESENTATION('',(#13367),#13371);
#13367 = CIRCLE('',#13368,1.4);
#13368 = AXIS2_PLACEMENT_2D('',#13369,#13370);
#13369 = CARTESIAN_POINT('',(0.,0.));
#13370 = DIRECTION('',(1.,0.));
#13371 = ( GEOMETRIC_REPRESENTATION_CONTEXT(2)
PARAMETRIC_REPRESENTATION_CONTEXT() REPRESENTATION_CONTEXT('2D SPACE',''
  ) );
#13372 = PCURVE('',#13373,#13378);
#13373 = CYLINDRICAL_SURFACE('',#13374,1.4);
#13374 = AXIS2_PLACEMENT_3D('',#13375,#13376,#13377);
#13375 = CARTESIAN_POINT('',(76.5,75.,78.5));
#13376 = DIRECTION('',(0.,1.,0.));
#13377 = DIRECTION('',(0.,-0.,1.));
#13378 = DEFINITIONAL_REPRESENTATION('',(#13379),#13383);
#13379 = LINE('',#13380,#13381);
#13380 = CARTESIAN_POINT('',(0.,1.));
#13381 = VECTOR('',#13382,1.);
#13382 = DIRECTION('',(1.,0.));
#13383 = ( GEOMETRIC_REPRESENTATION_CONTEXT(2)
PARAMETRIC_REPRESENTATION_CONTEXT() REPRESENTATION_CONTEXT('2D SPACE',''
  ) );
#13384 = ADVANCED_FACE('',(#13385),#11503,.F.);
#13385 = FACE_BOUND('',#13386,.F.);
#13386 = EDGE_LOOP('',(#13387,#13410,#13438,#13459,#13460,#13461,#13462,
    #13463,#13464,#13487,#13516,#13544,#13577,#13605,#13634,#13662,
    #13695,#13716,#13717,#13718));
#13387 = ORIENTED_EDGE('',*,*,#13388,.F.);
#13388 = EDGE_CURVE('',#13389,#12622,#13391,.T.);
#13389 = VERTEX_POINT('',#13390);
#13390 = CARTESIAN_POINT('',(7.,99.5,-1.110223024625E-16));
#13391 = SURFACE_CURVE('',#13392,(#13396,#13403),.PCURVE_S1.);
#13392 = LINE('',#13393,#13394);
#13393 = CARTESIAN_POINT('',(7.,99.5,-1.110223024625E-16));
#13394 = VECTOR('',#13395,1.);
#13395 = DIRECTION('',(1.,0.,-0.));
#13396 = PCURVE('',#11503,#13397);
#13397 = DEFINITIONAL_REPRESENTATION('',(#13398),#13402);
#13398 = LINE('',#13399,#13400);
#13399 = CARTESIAN_POINT('',(7.,99.5));
#13400 = VECTOR('',#13401,1.);
#13401 = DIRECTION('',(1.,0.));
#13402 = ( GEOMETRIC_REPRESENTATION_CONTEXT(2)
PARAMETRIC_REPRESENTATION_CONTEXT() REPRESENTATION_CONTEXT('2D SPACE',''
  ) );
#13403 = PCURVE('',#12606,#13404);
#13404 = DEFINITIONAL_REPRESENTATION('',(#13405),#13409);
#13405 = LINE('',#13406,#13407);
#13406 = CARTESIAN_POINT('',(0.,0.));
#13407 = VECTOR('',#13408,1.);
#13408 = DIRECTION('',(0.,1.));
#13409 = ( GEOMETRIC_REPRESENTATION_CONTEXT(2)
PARAMETRIC_REPRESENTATION_CONTEXT() REPRESENTATION_CONTEXT('2D SPACE',''
  ) );
#13410 = ORIENTED_EDGE('',*,*,#13411,.F.);
#13411 = EDGE_CURVE('',#13412,#13389,#13414,.T.);
#13412 = VERTEX_POINT('',#13413);
#13413 = CARTESIAN_POINT('',(0.5,93.,-1.110223024625E-16));
#13414 = SURFACE_CURVE('',#13415,(#13420,#13431),.PCURVE_S1.);
#13415 = CIRCLE('',#13416,6.5);
#13416 = AXIS2_PLACEMENT_3D('',#13417,#13418,#13419);
#13417 = CARTESIAN_POINT('',(7.,93.,0.));
#13418 = DIRECTION('',(-0.,0.,-1.));
#13419 = DIRECTION('',(-1.,0.,0.));
#13420 = PCURVE('',#11503,#13421);
#13421 = DEFINITIONAL_REPRESENTATION('',(#13422),#13430);
#13422 = ( BOUNDED_CURVE() B_SPLINE_CURVE(2,(#13423,#13424,#13425,#13426
    ,#13427,#13428,#13429),.UNSPECIFIED.,.T.,.F.)
B_SPLINE_CURVE_WITH_KNOTS((1,2,2,2,2,1),(-2.094395102393,0.,
    2.094395102393,4.188790204786,6.28318530718,8.377580409573),
.UNSPECIFIED.) CURVE() GEOMETRIC_REPRESENTATION_ITEM()
RATIONAL_B_SPLINE_CURVE((1.,0.5,1.,0.5,1.,0.5,1.)) REPRESENTATION_ITEM(
  '') );
#13423 = CARTESIAN_POINT('',(0.5,93.));
#13424 = CARTESIAN_POINT('',(0.5,104.25833024919));
#13425 = CARTESIAN_POINT('',(10.25,98.629165124599));
#13426 = CARTESIAN_POINT('',(20.,93.));
#13427 = CARTESIAN_POINT('',(10.25,87.370834875401));
#13428 = CARTESIAN_POINT('',(0.5,81.741669750802));
#13429 = CARTESIAN_POINT('',(0.5,93.));
#13430 = ( GEOMETRIC_REPRESENTATION_CONTEXT(2)
PARAMETRIC_REPRESENTATION_CONTEXT() REPRESENTATION_CONTEXT('2D SPACE',''
  ) );
#13431 = PCURVE('',#13215,#13432);
#13432 = DEFINITIONAL_REPRESENTATION('',(#13433),#13437);
#13433 = LINE('',#13434,#13435);
#13434 = CARTESIAN_POINT('',(-0.,4.712388980385));
#13435 = VECTOR('',#13436,1.);
#13436 = DIRECTION('',(-1.,0.));
#13437 = ( GEOMETRIC_REPRESENTATION_CONTEXT(2)
PARAMETRIC_REPRESENTATION_CONTEXT() REPRESENTATION_CONTEXT('2D SPACE',''
  ) );
#13438 = ORIENTED_EDGE('',*,*,#13439,.F.);
#13439 = EDGE_CURVE('',#11593,#13412,#13440,.T.);
#13440 = SURFACE_CURVE('',#13441,(#13445,#13452),.PCURVE_S1.);
#13441 = LINE('',#13442,#13443);
#13442 = CARTESIAN_POINT('',(0.5,7.,-1.110223024625E-16));
#13443 = VECTOR('',#13444,1.);
#13444 = DIRECTION('',(-0.,1.,0.));
#13445 = PCURVE('',#11503,#13446);
#13446 = DEFINITIONAL_REPRESENTATION('',(#13447),#13451);
#13447 = LINE('',#13448,#13449);
#13448 = CARTESIAN_POINT('',(0.5,7.));
#13449 = VECTOR('',#13450,1.);
#13450 = DIRECTION('',(0.,1.));
#13451 = ( GEOMETRIC_REPRESENTATION_CONTEXT(2)
PARAMETRIC_REPRESENTATION_CONTEXT() REPRESENTATION_CONTEXT('2D SPACE',''
  ) );
#13452 = PCURVE('',#11634,#13453);
#13453 = DEFINITIONAL_REPRESENTATION('',(#13454),#13458);
#13454 = LINE('',#13455,#13456);
#13455 = CARTESIAN_POINT('',(0.,0.));
#13456 = VECTOR('',#13457,1.);
#13457 = DIRECTION('',(0.,1.));
#13458 = ( GEOMETRIC_REPRESENTATION_CONTEXT(2)
PARAMETRIC_REPRESENTATION_CONTEXT() REPRESENTATION_CONTEXT('2D SPACE',''
  ) );
#13459 = ORIENTED_EDGE('',*,*,#11592,.F.);
#13460 = ORIENTED_EDGE('',*,*,#11567,.F.);
#13461 = ORIENTED_EDGE('',*,*,#11486,.F.);
#13462 = ORIENTED_EDGE('',*,*,#13113,.F.);
#13463 = ORIENTED_EDGE('',*,*,#13038,.T.);
#13464 = ORIENTED_EDGE('',*,*,#13465,.F.);
#13465 = EDGE_CURVE('',#13466,#13041,#13468,.T.);
#13466 = VERTEX_POINT('',#13467);
#13467 = CARTESIAN_POINT('',(101.,7.,0.));
#13468 = SURFACE_CURVE('',#13469,(#13473,#13480),.PCURVE_S1.);
#13469 = LINE('',#13470,#13471);
#13470 = CARTESIAN_POINT('',(101.,0.,0.));
#13471 = VECTOR('',#13472,1.);
#13472 = DIRECTION('',(-0.,1.,0.));
#13473 = PCURVE('',#11503,#13474);
#13474 = DEFINITIONAL_REPRESENTATION('',(#13475),#13479);
#13475 = LINE('',#13476,#13477);
#13476 = CARTESIAN_POINT('',(101.,0.));
#13477 = VECTOR('',#13478,1.);
#13478 = DIRECTION('',(0.,1.));
#13479 = ( GEOMETRIC_REPRESENTATION_CONTEXT(2)
PARAMETRIC_REPRESENTATION_CONTEXT() REPRESENTATION_CONTEXT('2D SPACE',''
  ) );
#13480 = PCURVE('',#12977,#13481);
#13481 = DEFINITIONAL_REPRESENTATION('',(#13482),#13486);
#13482 = LINE('',#13483,#13484);
#13483 = CARTESIAN_POINT('',(0.,0.));
#13484 = VECTOR('',#13485,1.);
#13485 = DIRECTION('',(0.,-1.));
#13486 = ( GEOMETRIC_REPRESENTATION_CONTEXT(2)
PARAMETRIC_REPRESENTATION_CONTEXT() REPRESENTATION_CONTEXT('2D SPACE',''
  ) );
#13487 = ORIENTED_EDGE('',*,*,#13488,.T.);
#13488 = EDGE_CURVE('',#13466,#13489,#13491,.T.);
#13489 = VERTEX_POINT('',#13490);
#13490 = CARTESIAN_POINT('',(108.,-8.881784197001E-16,0.));
#13491 = SURFACE_CURVE('',#13492,(#13497,#13504),.PCURVE_S1.);
#13492 = CIRCLE('',#13493,7.);
#13493 = AXIS2_PLACEMENT_3D('',#13494,#13495,#13496);
#13494 = CARTESIAN_POINT('',(108.,7.,0.));
#13495 = DIRECTION('',(0.,0.,1.));
#13496 = DIRECTION('',(0.,-1.,0.));
#13497 = PCURVE('',#11503,#13498);
#13498 = DEFINITIONAL_REPRESENTATION('',(#13499),#13503);
#13499 = CIRCLE('',#13500,7.);
#13500 = AXIS2_PLACEMENT_2D('',#13501,#13502);
#13501 = CARTESIAN_POINT('',(108.,7.));
#13502 = DIRECTION('',(0.,-1.));
#13503 = ( GEOMETRIC_REPRESENTATION_CONTEXT(2)
PARAMETRIC_REPRESENTATION_CONTEXT() REPRESENTATION_CONTEXT('2D SPACE',''
  ) );
#13504 = PCURVE('',#13505,#13510);
#13505 = CYLINDRICAL_SURFACE('',#13506,7.);
#13506 = AXIS2_PLACEMENT_3D('',#13507,#13508,#13509);
#13507 = CARTESIAN_POINT('',(108.,7.,0.));
#13508 = DIRECTION('',(0.,0.,1.));
#13509 = DIRECTION('',(-1.,-0.,0.));
#13510 = DEFINITIONAL_REPRESENTATION('',(#13511),#13515);
#13511 = LINE('',#13512,#13513);
#13512 = CARTESIAN_POINT('',(-4.712388980385,0.));
#13513 = VECTOR('',#13514,1.);
#13514 = DIRECTION('',(1.,0.));
#13515 = ( GEOMETRIC_REPRESENTATION_CONTEXT(2)
PARAMETRIC_REPRESENTATION_CONTEXT() REPRESENTATION_CONTEXT('2D SPACE',''
  ) );
#13516 = ORIENTED_EDGE('',*,*,#13517,.T.);
#13517 = EDGE_CURVE('',#13489,#13518,#13520,.T.);
#13518 = VERTEX_POINT('',#13519);
#13519 = CARTESIAN_POINT('',(200.,-8.881784197001E-16,0.));
#13520 = SURFACE_CURVE('',#13521,(#13525,#13532),.PCURVE_S1.);
#13521 = LINE('',#13522,#13523);
#13522 = CARTESIAN_POINT('',(101.,0.,0.));
#13523 = VECTOR('',#13524,1.);
#13524 = DIRECTION('',(1.,0.,-0.));
#13525 = PCURVE('',#11503,#13526);
#13526 = DEFINITIONAL_REPRESENTATION('',(#13527),#13531);
#13527 = LINE('',#13528,#13529);
#13528 = CARTESIAN_POINT('',(101.,0.));
#13529 = VECTOR('',#13530,1.);
#13530 = DIRECTION('',(1.,0.));
#13531 = ( GEOMETRIC_REPRESENTATION_CONTEXT(2)
PARAMETRIC_REPRESENTATION_CONTEXT() REPRESENTATION_CONTEXT('2D SPACE',''
  ) );
#13532 = PCURVE('',#13533,#13538);
#13533 = PLANE('',#13534);
#13534 = AXIS2_PLACEMENT_3D('',#13535,#13536,#13537);
#13535 = CARTESIAN_POINT('',(101.,0.,0.));
#13536 = DIRECTION('',(-0.,1.,0.));
#13537 = DIRECTION('',(0.,0.,1.));
#13538 = DEFINITIONAL_REPRESENTATION('',(#13539),#13543);
#13539 = LINE('',#13540,#13541);
#13540 = CARTESIAN_POINT('',(0.,0.));
#13541 = VECTOR('',#13542,1.);
#13542 = DIRECTION('',(0.,1.));
#13543 = ( GEOMETRIC_REPRESENTATION_CONTEXT(2)
PARAMETRIC_REPRESENTATION_CONTEXT() REPRESENTATION_CONTEXT('2D SPACE',''
  ) );
#13544 = ORIENTED_EDGE('',*,*,#13545,.F.);
#13545 = EDGE_CURVE('',#13546,#13518,#13548,.T.);
#13546 = VERTEX_POINT('',#13547);
#13547 = CARTESIAN_POINT('',(207.,7.,0.));
#13548 = SURFACE_CURVE('',#13549,(#13554,#13565),.PCURVE_S1.);
#13549 = CIRCLE('',#13550,7.);
#13550 = AXIS2_PLACEMENT_3D('',#13551,#13552,#13553);
#13551 = CARTESIAN_POINT('',(200.,7.,0.));
#13552 = DIRECTION('',(-0.,-0.,-1.));
#13553 = DIRECTION('',(0.,-1.,0.));
#13554 = PCURVE('',#11503,#13555);
#13555 = DEFINITIONAL_REPRESENTATION('',(#13556),#13564);
#13556 = ( BOUNDED_CURVE() B_SPLINE_CURVE(2,(#13557,#13558,#13559,#13560
    ,#13561,#13562,#13563),.UNSPECIFIED.,.T.,.F.)
B_SPLINE_CURVE_WITH_KNOTS((1,2,2,2,2,1),(-2.094395102393,0.,
    2.094395102393,4.188790204786,6.28318530718,8.377580409573),
.UNSPECIFIED.) CURVE() GEOMETRIC_REPRESENTATION_ITEM()
RATIONAL_B_SPLINE_CURVE((1.,0.5,1.,0.5,1.,0.5,1.)) REPRESENTATION_ITEM(
  '') );
#13557 = CARTESIAN_POINT('',(200.,-8.881784197001E-16));
#13558 = CARTESIAN_POINT('',(187.87564434701,-8.881784197001E-16));
#13559 = CARTESIAN_POINT('',(193.9378221735,10.5));
#13560 = CARTESIAN_POINT('',(200.,21.));
#13561 = CARTESIAN_POINT('',(206.06217782649,10.5));
#13562 = CARTESIAN_POINT('',(212.12435565298,9.769962616701E-15));
#13563 = CARTESIAN_POINT('',(200.,-8.881784197001E-16));
#13564 = ( GEOMETRIC_REPRESENTATION_CONTEXT(2)
PARAMETRIC_REPRESENTATION_CONTEXT() REPRESENTATION_CONTEXT('2D SPACE',''
  ) );
#13565 = PCURVE('',#13566,#13571);
#13566 = CYLINDRICAL_SURFACE('',#13567,7.);
#13567 = AXIS2_PLACEMENT_3D('',#13568,#13569,#13570);
#13568 = CARTESIAN_POINT('',(200.,7.,0.));
#13569 = DIRECTION('',(0.,0.,1.));
#13570 = DIRECTION('',(1.,0.,-0.));
#13571 = DEFINITIONAL_REPRESENTATION('',(#13572),#13576);
#13572 = LINE('',#13573,#13574);
#13573 = CARTESIAN_POINT('',(4.712388980385,-0.));
#13574 = VECTOR('',#13575,1.);
#13575 = DIRECTION('',(-1.,0.));
#13576 = ( GEOMETRIC_REPRESENTATION_CONTEXT(2)
PARAMETRIC_REPRESENTATION_CONTEXT() REPRESENTATION_CONTEXT('2D SPACE',''
  ) );
#13577 = ORIENTED_EDGE('',*,*,#13578,.T.);
#13578 = EDGE_CURVE('',#13546,#13579,#13581,.T.);
#13579 = VERTEX_POINT('',#13580);
#13580 = CARTESIAN_POINT('',(207.,93.,0.));
#13581 = SURFACE_CURVE('',#13582,(#13586,#13593),.PCURVE_S1.);
#13582 = LINE('',#13583,#13584);
#13583 = CARTESIAN_POINT('',(207.,0.,0.));
#13584 = VECTOR('',#13585,1.);
#13585 = DIRECTION('',(-0.,1.,0.));
#13586 = PCURVE('',#11503,#13587);
#13587 = DEFINITIONAL_REPRESENTATION('',(#13588),#13592);
#13588 = LINE('',#13589,#13590);
#13589 = CARTESIAN_POINT('',(207.,0.));
#13590 = VECTOR('',#13591,1.);
#13591 = DIRECTION('',(0.,1.));
#13592 = ( GEOMETRIC_REPRESENTATION_CONTEXT(2)
PARAMETRIC_REPRESENTATION_CONTEXT() REPRESENTATION_CONTEXT('2D SPACE',''
  ) );
#13593 = PCURVE('',#13594,#13599);
#13594 = PLANE('',#13595);
#13595 = AXIS2_PLACEMENT_3D('',#13596,#13597,#13598);
#13596 = CARTESIAN_POINT('',(207.,0.,0.));
#13597 = DIRECTION('',(1.,0.,-0.));
#13598 = DIRECTION('',(0.,0.,1.));
#13599 = DEFINITIONAL_REPRESENTATION('',(#13600),#13604);
#13600 = LINE('',#13601,#13602);
#13601 = CARTESIAN_POINT('',(0.,0.));
#13602 = VECTOR('',#13603,1.);
#13603 = DIRECTION('',(0.,-1.));
#13604 = ( GEOMETRIC_REPRESENTATION_CONTEXT(2)
PARAMETRIC_REPRESENTATION_CONTEXT() REPRESENTATION_CONTEXT('2D SPACE',''
  ) );
#13605 = ORIENTED_EDGE('',*,*,#13606,.T.);
#13606 = EDGE_CURVE('',#13579,#13607,#13609,.T.);
#13607 = VERTEX_POINT('',#13608);
#13608 = CARTESIAN_POINT('',(200.,100.,0.));
#13609 = SURFACE_CURVE('',#13610,(#13615,#13622),.PCURVE_S1.);
#13610 = CIRCLE('',#13611,7.);
#13611 = AXIS2_PLACEMENT_3D('',#13612,#13613,#13614);
#13612 = CARTESIAN_POINT('',(200.,93.,0.));
#13613 = DIRECTION('',(0.,0.,1.));
#13614 = DIRECTION('',(0.,-1.,0.));
#13615 = PCURVE('',#11503,#13616);
#13616 = DEFINITIONAL_REPRESENTATION('',(#13617),#13621);
#13617 = CIRCLE('',#13618,7.);
#13618 = AXIS2_PLACEMENT_2D('',#13619,#13620);
#13619 = CARTESIAN_POINT('',(200.,93.));
#13620 = DIRECTION('',(0.,-1.));
#13621 = ( GEOMETRIC_REPRESENTATION_CONTEXT(2)
PARAMETRIC_REPRESENTATION_CONTEXT() REPRESENTATION_CONTEXT('2D SPACE',''
  ) );
#13622 = PCURVE('',#13623,#13628);
#13623 = CYLINDRICAL_SURFACE('',#13624,7.);
#13624 = AXIS2_PLACEMENT_3D('',#13625,#13626,#13627);
#13625 = CARTESIAN_POINT('',(200.,93.,0.));
#13626 = DIRECTION('',(0.,0.,1.));
#13627 = DIRECTION('',(1.,0.,-0.));
#13628 = DEFINITIONAL_REPRESENTATION('',(#13629),#13633);
#13629 = LINE('',#13630,#13631);
#13630 = CARTESIAN_POINT('',(-1.570796326795,0.));
#13631 = VECTOR('',#13632,1.);
#13632 = DIRECTION('',(1.,0.));
#13633 = ( GEOMETRIC_REPRESENTATION_CONTEXT(2)
PARAMETRIC_REPRESENTATION_CONTEXT() REPRESENTATION_CONTEXT('2D SPACE',''
  ) );
#13634 = ORIENTED_EDGE('',*,*,#13635,.F.);
#13635 = EDGE_CURVE('',#13636,#13607,#13638,.T.);
#13636 = VERTEX_POINT('',#13637);
#13637 = CARTESIAN_POINT('',(108.,100.,0.));
#13638 = SURFACE_CURVE('',#13639,(#13643,#13650),.PCURVE_S1.);
#13639 = LINE('',#13640,#13641);
#13640 = CARTESIAN_POINT('',(101.,100.,0.));
#13641 = VECTOR('',#13642,1.);
#13642 = DIRECTION('',(1.,0.,-0.));
#13643 = PCURVE('',#11503,#13644);
#13644 = DEFINITIONAL_REPRESENTATION('',(#13645),#13649);
#13645 = LINE('',#13646,#13647);
#13646 = CARTESIAN_POINT('',(101.,100.));
#13647 = VECTOR('',#13648,1.);
#13648 = DIRECTION('',(1.,0.));
#13649 = ( GEOMETRIC_REPRESENTATION_CONTEXT(2)
PARAMETRIC_REPRESENTATION_CONTEXT() REPRESENTATION_CONTEXT('2D SPACE',''
  ) );
#13650 = PCURVE('',#13651,#13656);
#13651 = PLANE('',#13652);
#13652 = AXIS2_PLACEMENT_3D('',#13653,#13654,#13655);
#13653 = CARTESIAN_POINT('',(101.,100.,0.));
#13654 = DIRECTION('',(-0.,1.,0.));
#13655 = DIRECTION('',(0.,0.,1.));
#13656 = DEFINITIONAL_REPRESENTATION('',(#13657),#13661);
#13657 = LINE('',#13658,#13659);
#13658 = CARTESIAN_POINT('',(0.,0.));
#13659 = VECTOR('',#13660,1.);
#13660 = DIRECTION('',(0.,1.));
#13661 = ( GEOMETRIC_REPRESENTATION_CONTEXT(2)
PARAMETRIC_REPRESENTATION_CONTEXT() REPRESENTATION_CONTEXT('2D SPACE',''
  ) );
#13662 = ORIENTED_EDGE('',*,*,#13663,.F.);
#13663 = EDGE_CURVE('',#13664,#13636,#13666,.T.);
#13664 = VERTEX_POINT('',#13665);
#13665 = CARTESIAN_POINT('',(101.,93.,0.));
#13666 = SURFACE_CURVE('',#13667,(#13672,#13683),.PCURVE_S1.);
#13667 = CIRCLE('',#13668,7.);
#13668 = AXIS2_PLACEMENT_3D('',#13669,#13670,#13671);
#13669 = CARTESIAN_POINT('',(108.,93.,0.));
#13670 = DIRECTION('',(-0.,-0.,-1.));
#13671 = DIRECTION('',(0.,-1.,0.));
#13672 = PCURVE('',#11503,#13673);
#13673 = DEFINITIONAL_REPRESENTATION('',(#13674),#13682);
#13674 = ( BOUNDED_CURVE() B_SPLINE_CURVE(2,(#13675,#13676,#13677,#13678
    ,#13679,#13680,#13681),.UNSPECIFIED.,.T.,.F.)
B_SPLINE_CURVE_WITH_KNOTS((1,2,2,2,2,1),(-2.094395102393,0.,
    2.094395102393,4.188790204786,6.28318530718,8.377580409573),
.UNSPECIFIED.) CURVE() GEOMETRIC_REPRESENTATION_ITEM()
RATIONAL_B_SPLINE_CURVE((1.,0.5,1.,0.5,1.,0.5,1.)) REPRESENTATION_ITEM(
  '') );
#13675 = CARTESIAN_POINT('',(108.,86.));
#13676 = CARTESIAN_POINT('',(95.875644347018,86.));
#13677 = CARTESIAN_POINT('',(101.9378221735,96.5));
#13678 = CARTESIAN_POINT('',(108.,107.));
#13679 = CARTESIAN_POINT('',(114.06217782649,96.5));
#13680 = CARTESIAN_POINT('',(120.12435565298,86.));
#13681 = CARTESIAN_POINT('',(108.,86.));
#13682 = ( GEOMETRIC_REPRESENTATION_CONTEXT(2)
PARAMETRIC_REPRESENTATION_CONTEXT() REPRESENTATION_CONTEXT('2D SPACE',''
  ) );
#13683 = PCURVE('',#13684,#13689);
#13684 = CYLINDRICAL_SURFACE('',#13685,7.);
#13685 = AXIS2_PLACEMENT_3D('',#13686,#13687,#13688);
#13686 = CARTESIAN_POINT('',(108.,93.,0.));
#13687 = DIRECTION('',(0.,0.,1.));
#13688 = DIRECTION('',(-1.,-0.,0.));
#13689 = DEFINITIONAL_REPRESENTATION('',(#13690),#13694);
#13690 = LINE('',#13691,#13692);
#13691 = CARTESIAN_POINT('',(1.570796326795,-0.));
#13692 = VECTOR('',#13693,1.);
#13693 = DIRECTION('',(-1.,0.));
#13694 = ( GEOMETRIC_REPRESENTATION_CONTEXT(2)
PARAMETRIC_REPRESENTATION_CONTEXT() REPRESENTATION_CONTEXT('2D SPACE',''
  ) );
#13695 = ORIENTED_EDGE('',*,*,#13696,.F.);
#13696 = EDGE_CURVE('',#12917,#13664,#13697,.T.);
#13697 = SURFACE_CURVE('',#13698,(#13702,#13709),.PCURVE_S1.);
#13698 = LINE('',#13699,#13700);
#13699 = CARTESIAN_POINT('',(101.,0.,0.));
#13700 = VECTOR('',#13701,1.);
#13701 = DIRECTION('',(-0.,1.,0.));
#13702 = PCURVE('',#11503,#13703);
#13703 = DEFINITIONAL_REPRESENTATION('',(#13704),#13708);
#13704 = LINE('',#13705,#13706);
#13705 = CARTESIAN_POINT('',(101.,0.));
#13706 = VECTOR('',#13707,1.);
#13707 = DIRECTION('',(0.,1.));
#13708 = ( GEOMETRIC_REPRESENTATION_CONTEXT(2)
PARAMETRIC_REPRESENTATION_CONTEXT() REPRESENTATION_CONTEXT('2D SPACE',''
  ) );
#13709 = PCURVE('',#12977,#13710);
#13710 = DEFINITIONAL_REPRESENTATION('',(#13711),#13715);
#13711 = LINE('',#13712,#13713);
#13712 = CARTESIAN_POINT('',(0.,0.));
#13713 = VECTOR('',#13714,1.);
#13714 = DIRECTION('',(0.,-1.));
#13715 = ( GEOMETRIC_REPRESENTATION_CONTEXT(2)
PARAMETRIC_REPRESENTATION_CONTEXT() REPRESENTATION_CONTEXT('2D SPACE',''
  ) );
#13716 = ORIENTED_EDGE('',*,*,#12916,.F.);
#13717 = ORIENTED_EDGE('',*,*,#12862,.F.);
#13718 = ORIENTED_EDGE('',*,*,#12643,.F.);
#13719 = ADVANCED_FACE('',(#13720),#11634,.T.);
#13720 = FACE_BOUND('',#13721,.T.);
#13721 = EDGE_LOOP('',(#13722,#13723,#13724,#13744));
#13722 = ORIENTED_EDGE('',*,*,#11620,.T.);
#13723 = ORIENTED_EDGE('',*,*,#11656,.T.);
#13724 = ORIENTED_EDGE('',*,*,#13725,.F.);
#13725 = EDGE_CURVE('',#13412,#11657,#13726,.T.);
#13726 = SURFACE_CURVE('',#13727,(#13732,#13738),.PCURVE_S1.);
#13727 = CIRCLE('',#13728,0.5);
#13728 = AXIS2_PLACEMENT_3D('',#13729,#13730,#13731);
#13729 = CARTESIAN_POINT('',(0.5,93.,0.5));
#13730 = DIRECTION('',(0.,1.,0.));
#13731 = DIRECTION('',(0.,0.,-1.));
#13732 = PCURVE('',#11634,#13733);
#13733 = DEFINITIONAL_REPRESENTATION('',(#13734),#13737);
#13734 = B_SPLINE_CURVE_WITH_KNOTS('',1,(#13735,#13736),.UNSPECIFIED.,
  .F.,.F.,(2,2),(0.,1.570796326795),.PIECEWISE_BEZIER_KNOTS.);
#13735 = CARTESIAN_POINT('',(0.,86.));
#13736 = CARTESIAN_POINT('',(1.570796326795,86.));
#13737 = ( GEOMETRIC_REPRESENTATION_CONTEXT(2)
PARAMETRIC_REPRESENTATION_CONTEXT() REPRESENTATION_CONTEXT('2D SPACE',''
  ) );
#13738 = PCURVE('',#13215,#13739);
#13739 = DEFINITIONAL_REPRESENTATION('',(#13740),#13743);
#13740 = B_SPLINE_CURVE_WITH_KNOTS('',1,(#13741,#13742),.UNSPECIFIED.,
  .F.,.F.,(2,2),(0.,1.570796326795),.PIECEWISE_BEZIER_KNOTS.);
#13741 = CARTESIAN_POINT('',(0.,4.712388980385));
#13742 = CARTESIAN_POINT('',(0.,6.28318530718));
#13743 = ( GEOMETRIC_REPRESENTATION_CONTEXT(2)
PARAMETRIC_REPRESENTATION_CONTEXT() REPRESENTATION_CONTEXT('2D SPACE',''
  ) );
#13744 = ORIENTED_EDGE('',*,*,#13439,.F.);
#13745 = ADVANCED_FACE('',(#13746),#11753,.T.);
#13746 = FACE_BOUND('',#13747,.T.);
#13747 = EDGE_LOOP('',(#13748,#13771,#13772,#13773,#13796));
#13748 = ORIENTED_EDGE('',*,*,#13749,.F.);
#13749 = EDGE_CURVE('',#11737,#13750,#13752,.T.);
#13750 = VERTEX_POINT('',#13751);
#13751 = CARTESIAN_POINT('',(192.,93.5,77.));
#13752 = SURFACE_CURVE('',#13753,(#13757,#13764),.PCURVE_S1.);
#13753 = LINE('',#13754,#13755);
#13754 = CARTESIAN_POINT('',(93.,93.5,77.));
#13755 = VECTOR('',#13756,1.);
#13756 = DIRECTION('',(1.,0.,-0.));
#13757 = PCURVE('',#11753,#13758);
#13758 = DEFINITIONAL_REPRESENTATION('',(#13759),#13763);
#13759 = LINE('',#13760,#13761);
#13760 = CARTESIAN_POINT('',(0.,6.));
#13761 = VECTOR('',#13762,1.);
#13762 = DIRECTION('',(1.,0.));
#13763 = ( GEOMETRIC_REPRESENTATION_CONTEXT(2)
PARAMETRIC_REPRESENTATION_CONTEXT() REPRESENTATION_CONTEXT('2D SPACE',''
  ) );
#13764 = PCURVE('',#11923,#13765);
#13765 = DEFINITIONAL_REPRESENTATION('',(#13766),#13770);
#13766 = LINE('',#13767,#13768);
#13767 = CARTESIAN_POINT('',(0.,0.));
#13768 = VECTOR('',#13769,1.);
#13769 = DIRECTION('',(0.,1.));
#13770 = ( GEOMETRIC_REPRESENTATION_CONTEXT(2)
PARAMETRIC_REPRESENTATION_CONTEXT() REPRESENTATION_CONTEXT('2D SPACE',''
  ) );
#13771 = ORIENTED_EDGE('',*,*,#11734,.F.);
#13772 = ORIENTED_EDGE('',*,*,#11811,.F.);
#13773 = ORIENTED_EDGE('',*,*,#13774,.T.);
#13774 = EDGE_CURVE('',#11812,#13775,#13777,.T.);
#13775 = VERTEX_POINT('',#13776);
#13776 = CARTESIAN_POINT('',(192.,87.5,77.));
#13777 = SURFACE_CURVE('',#13778,(#13782,#13789),.PCURVE_S1.);
#13778 = LINE('',#13779,#13780);
#13779 = CARTESIAN_POINT('',(93.,87.5,77.));
#13780 = VECTOR('',#13781,1.);
#13781 = DIRECTION('',(1.,0.,-0.));
#13782 = PCURVE('',#11753,#13783);
#13783 = DEFINITIONAL_REPRESENTATION('',(#13784),#13788);
#13784 = LINE('',#13785,#13786);
#13785 = CARTESIAN_POINT('',(0.,0.));
#13786 = VECTOR('',#13787,1.);
#13787 = DIRECTION('',(1.,0.));
#13788 = ( GEOMETRIC_REPRESENTATION_CONTEXT(2)
PARAMETRIC_REPRESENTATION_CONTEXT() REPRESENTATION_CONTEXT('2D SPACE',''
  ) );
#13789 = PCURVE('',#11850,#13790);
#13790 = DEFINITIONAL_REPRESENTATION('',(#13791),#13795);
#13791 = LINE('',#13792,#13793);
#13792 = CARTESIAN_POINT('',(0.,0.));
#13793 = VECTOR('',#13794,1.);
#13794 = DIRECTION('',(0.,1.));
#13795 = ( GEOMETRIC_REPRESENTATION_CONTEXT(2)
PARAMETRIC_REPRESENTATION_CONTEXT() REPRESENTATION_CONTEXT('2D SPACE',''
  ) );
#13796 = ORIENTED_EDGE('',*,*,#13797,.F.);
#13797 = EDGE_CURVE('',#13750,#13775,#13798,.T.);
#13798 = SURFACE_CURVE('',#13799,(#13803,#13809),.PCURVE_S1.);
#13799 = LINE('',#13800,#13801);
#13800 = CARTESIAN_POINT('',(192.,86.5,77.));
#13801 = VECTOR('',#13802,1.);
#13802 = DIRECTION('',(0.,-1.,0.));
#13803 = PCURVE('',#11753,#13804);
#13804 = DEFINITIONAL_REPRESENTATION('',(#13805),#13808);
#13805 = B_SPLINE_CURVE_WITH_KNOTS('',1,(#13806,#13807),.UNSPECIFIED.,
  .F.,.F.,(2,2),(-7.,-1.),.PIECEWISE_BEZIER_KNOTS.);
#13806 = CARTESIAN_POINT('',(99.,6.));
#13807 = CARTESIAN_POINT('',(99.,0.));
#13808 = ( GEOMETRIC_REPRESENTATION_CONTEXT(2)
PARAMETRIC_REPRESENTATION_CONTEXT() REPRESENTATION_CONTEXT('2D SPACE',''
  ) );
#13809 = PCURVE('',#11977,#13810);
#13810 = DEFINITIONAL_REPRESENTATION('',(#13811),#13814);
#13811 = B_SPLINE_CURVE_WITH_KNOTS('',1,(#13812,#13813),.UNSPECIFIED.,
  .F.,.F.,(2,2),(-7.,-1.),.PIECEWISE_BEZIER_KNOTS.);
#13812 = CARTESIAN_POINT('',(3.,-8.));
#13813 = CARTESIAN_POINT('',(3.,-2.));
#13814 = ( GEOMETRIC_REPRESENTATION_CONTEXT(2)
PARAMETRIC_REPRESENTATION_CONTEXT() REPRESENTATION_CONTEXT('2D SPACE',''
  ) );
#13815 = ADVANCED_FACE('',(#13816),#11923,.F.);
#13816 = FACE_BOUND('',#13817,.F.);
#13817 = EDGE_LOOP('',(#13818,#13819,#13820,#13821));
#13818 = ORIENTED_EDGE('',*,*,#13749,.F.);
#13819 = ORIENTED_EDGE('',*,*,#11910,.T.);
#13820 = ORIENTED_EDGE('',*,*,#12016,.F.);
#13821 = ORIENTED_EDGE('',*,*,#13822,.F.);
#13822 = EDGE_CURVE('',#13750,#12017,#13823,.T.);
#13823 = SURFACE_CURVE('',#13824,(#13828,#13834),.PCURVE_S1.);
#13824 = LINE('',#13825,#13826);
#13825 = CARTESIAN_POINT('',(192.,93.5,75.5));
#13826 = VECTOR('',#13827,1.);
#13827 = DIRECTION('',(0.,0.,1.));
#13828 = PCURVE('',#11923,#13829);
#13829 = DEFINITIONAL_REPRESENTATION('',(#13830),#13833);
#13830 = B_SPLINE_CURVE_WITH_KNOTS('',1,(#13831,#13832),.UNSPECIFIED.,
  .F.,.F.,(2,2),(1.5,10.5),.PIECEWISE_BEZIER_KNOTS.);
#13831 = CARTESIAN_POINT('',(0.,99.));
#13832 = CARTESIAN_POINT('',(9.,99.));
#13833 = ( GEOMETRIC_REPRESENTATION_CONTEXT(2)
PARAMETRIC_REPRESENTATION_CONTEXT() REPRESENTATION_CONTEXT('2D SPACE',''
  ) );
#13834 = PCURVE('',#11977,#13835);
#13835 = DEFINITIONAL_REPRESENTATION('',(#13836),#13839);
#13836 = B_SPLINE_CURVE_WITH_KNOTS('',1,(#13837,#13838),.UNSPECIFIED.,
  .F.,.F.,(2,2),(1.5,10.5),.PIECEWISE_BEZIER_KNOTS.);
#13837 = CARTESIAN_POINT('',(3.,-8.));
#13838 = CARTESIAN_POINT('',(12.,-8.));
#13839 = ( GEOMETRIC_REPRESENTATION_CONTEXT(2)
PARAMETRIC_REPRESENTATION_CONTEXT() REPRESENTATION_CONTEXT('2D SPACE',''
  ) );
#13840 = ADVANCED_FACE('',(#13841),#11850,.T.);
#13841 = FACE_BOUND('',#13842,.T.);
#13842 = EDGE_LOOP('',(#13843,#13844,#13845,#13846));
#13843 = ORIENTED_EDGE('',*,*,#13774,.F.);
#13844 = ORIENTED_EDGE('',*,*,#11835,.T.);
#13845 = ORIENTED_EDGE('',*,*,#11989,.F.);
#13846 = ORIENTED_EDGE('',*,*,#13847,.F.);
#13847 = EDGE_CURVE('',#13775,#11962,#13848,.T.);
#13848 = SURFACE_CURVE('',#13849,(#13853,#13859),.PCURVE_S1.);
#13849 = LINE('',#13850,#13851);
#13850 = CARTESIAN_POINT('',(192.,87.5,75.5));
#13851 = VECTOR('',#13852,1.);
#13852 = DIRECTION('',(0.,0.,1.));
#13853 = PCURVE('',#11850,#13854);
#13854 = DEFINITIONAL_REPRESENTATION('',(#13855),#13858);
#13855 = B_SPLINE_CURVE_WITH_KNOTS('',1,(#13856,#13857),.UNSPECIFIED.,
  .F.,.F.,(2,2),(1.5,10.5),.PIECEWISE_BEZIER_KNOTS.);
#13856 = CARTESIAN_POINT('',(0.,99.));
#13857 = CARTESIAN_POINT('',(9.,99.));
#13858 = ( GEOMETRIC_REPRESENTATION_CONTEXT(2)
PARAMETRIC_REPRESENTATION_CONTEXT() REPRESENTATION_CONTEXT('2D SPACE',''
  ) );
#13859 = PCURVE('',#11977,#13860);
#13860 = DEFINITIONAL_REPRESENTATION('',(#13861),#13864);
#13861 = B_SPLINE_CURVE_WITH_KNOTS('',1,(#13862,#13863),.UNSPECIFIED.,
  .F.,.F.,(2,2),(1.5,10.5),.PIECEWISE_BEZIER_KNOTS.);
#13862 = CARTESIAN_POINT('',(3.,-2.));
#13863 = CARTESIAN_POINT('',(12.,-2.));
#13864 = ( GEOMETRIC_REPRESENTATION_CONTEXT(2)
PARAMETRIC_REPRESENTATION_CONTEXT() REPRESENTATION_CONTEXT('2D SPACE',''
  ) );
#13865 = ADVANCED_FACE('',(#13866),#11977,.T.);
#13866 = FACE_BOUND('',#13867,.T.);
#13867 = EDGE_LOOP('',(#13868,#13869,#13870,#13871,#13872,#13873,#13874,
    #13875));
#13868 = ORIENTED_EDGE('',*,*,#11961,.F.);
#13869 = ORIENTED_EDGE('',*,*,#12838,.F.);
#13870 = ORIENTED_EDGE('',*,*,#12132,.T.);
#13871 = ORIENTED_EDGE('',*,*,#12162,.T.);
#13872 = ORIENTED_EDGE('',*,*,#12037,.F.);
#13873 = ORIENTED_EDGE('',*,*,#13822,.F.);
#13874 = ORIENTED_EDGE('',*,*,#13797,.T.);
#13875 = ORIENTED_EDGE('',*,*,#13847,.T.);
#13876 = ADVANCED_FACE('',(#13877),#12276,.F.);
#13877 = FACE_BOUND('',#13878,.T.);
#13878 = EDGE_LOOP('',(#13879,#13902,#13930,#13956));
#13879 = ORIENTED_EDGE('',*,*,#13880,.T.);
#13880 = EDGE_CURVE('',#12187,#13881,#13883,.T.);
#13881 = VERTEX_POINT('',#13882);
#13882 = CARTESIAN_POINT('',(95.3,98.,132.3));
#13883 = SURFACE_CURVE('',#13884,(#13888,#13895),.PCURVE_S1.);
#13884 = LINE('',#13885,#13886);
#13885 = CARTESIAN_POINT('',(95.3,97.775,132.075));
#13886 = VECTOR('',#13887,1.);
#13887 = DIRECTION('',(3.365184701171E-14,0.707106781187,0.707106781187)
  );
#13888 = PCURVE('',#12276,#13889);
#13889 = DEFINITIONAL_REPRESENTATION('',(#13890),#13894);
#13890 = LINE('',#13891,#13892);
#13891 = CARTESIAN_POINT('',(-0.3,0.106066017178));
#13892 = VECTOR('',#13893,1.);
#13893 = DIRECTION('',(-3.365184701171E-14,-1.));
#13894 = ( GEOMETRIC_REPRESENTATION_CONTEXT(2)
PARAMETRIC_REPRESENTATION_CONTEXT() REPRESENTATION_CONTEXT('2D SPACE',''
  ) );
#13895 = PCURVE('',#12330,#13896);
#13896 = DEFINITIONAL_REPRESENTATION('',(#13897),#13901);
#13897 = LINE('',#13898,#13899);
#13898 = CARTESIAN_POINT('',(5.303300858897E-02,9.185586535435E-02));
#13899 = VECTOR('',#13900,1.);
#13900 = DIRECTION('',(0.5,0.866025403784));
#13901 = ( GEOMETRIC_REPRESENTATION_CONTEXT(2)
PARAMETRIC_REPRESENTATION_CONTEXT() REPRESENTATION_CONTEXT('2D SPACE',''
  ) );
#13902 = ORIENTED_EDGE('',*,*,#13903,.T.);
#13903 = EDGE_CURVE('',#13881,#13904,#13906,.T.);
#13904 = VERTEX_POINT('',#13905);
#13905 = CARTESIAN_POINT('',(103.7,98.,132.3));
#13906 = SURFACE_CURVE('',#13907,(#13911,#13918),.PCURVE_S1.);
#13907 = LINE('',#13908,#13909);
#13908 = CARTESIAN_POINT('',(95.,98.,132.3));
#13909 = VECTOR('',#13910,1.);
#13910 = DIRECTION('',(1.,0.,-0.));
#13911 = PCURVE('',#12276,#13912);
#13912 = DEFINITIONAL_REPRESENTATION('',(#13913),#13917);
#13913 = LINE('',#13914,#13915);
#13914 = CARTESIAN_POINT('',(-0.,-0.212132034356));
#13915 = VECTOR('',#13916,1.);
#13916 = DIRECTION('',(-1.,0.));
#13917 = ( GEOMETRIC_REPRESENTATION_CONTEXT(2)
PARAMETRIC_REPRESENTATION_CONTEXT() REPRESENTATION_CONTEXT('2D SPACE',''
  ) );
#13918 = PCURVE('',#13919,#13924);
#13919 = PLANE('',#13920);
#13920 = AXIS2_PLACEMENT_3D('',#13921,#13922,#13923);
#13921 = CARTESIAN_POINT('',(95.,98.,132.));
#13922 = DIRECTION('',(-0.,1.,0.));
#13923 = DIRECTION('',(0.,0.,1.));
#13924 = DEFINITIONAL_REPRESENTATION('',(#13925),#13929);
#13925 = LINE('',#13926,#13927);
#13926 = CARTESIAN_POINT('',(0.3,0.));
#13927 = VECTOR('',#13928,1.);
#13928 = DIRECTION('',(0.,1.));
#13929 = ( GEOMETRIC_REPRESENTATION_CONTEXT(2)
PARAMETRIC_REPRESENTATION_CONTEXT() REPRESENTATION_CONTEXT('2D SPACE',''
  ) );
#13930 = ORIENTED_EDGE('',*,*,#13931,.F.);
#13931 = EDGE_CURVE('',#12235,#13904,#13932,.T.);
#13932 = SURFACE_CURVE('',#13933,(#13937,#13944),.PCURVE_S1.);
#13933 = LINE('',#13934,#13935);
#13934 = CARTESIAN_POINT('',(103.7,97.775,132.075));
#13935 = VECTOR('',#13936,1.);
#13936 = DIRECTION('',(-3.336340260875E-14,0.707106781187,0.707106781187
    ));
#13937 = PCURVE('',#12276,#13938);
#13938 = DEFINITIONAL_REPRESENTATION('',(#13939),#13943);
#13939 = LINE('',#13940,#13941);
#13940 = CARTESIAN_POINT('',(-8.7,0.106066017178));
#13941 = VECTOR('',#13942,1.);
#13942 = DIRECTION('',(3.336340260875E-14,-1.));
#13943 = ( GEOMETRIC_REPRESENTATION_CONTEXT(2)
PARAMETRIC_REPRESENTATION_CONTEXT() REPRESENTATION_CONTEXT('2D SPACE',''
  ) );
#13944 = PCURVE('',#13945,#13950);
#13945 = PLANE('',#13946);
#13946 = AXIS2_PLACEMENT_3D('',#13947,#13948,#13949);
#13947 = CARTESIAN_POINT('',(103.7,97.7,132.));
#13948 = DIRECTION('',(0.57735026919,0.57735026919,-0.57735026919));
#13949 = DIRECTION('',(-0.707106781187,0.707106781187,6.705747068736E-14
    ));
#13950 = DEFINITIONAL_REPRESENTATION('',(#13951),#13955);
#13951 = LINE('',#13952,#13953);
#13952 = CARTESIAN_POINT('',(5.303300858903E-02,9.185586535449E-02));
#13953 = VECTOR('',#13954,1.);
#13954 = DIRECTION('',(0.5,0.866025403784));
#13955 = ( GEOMETRIC_REPRESENTATION_CONTEXT(2)
PARAMETRIC_REPRESENTATION_CONTEXT() REPRESENTATION_CONTEXT('2D SPACE',''
  ) );
#13956 = ORIENTED_EDGE('',*,*,#12262,.F.);
#13957 = ADVANCED_FACE('',(#13958),#12250,.F.);
#13958 = FACE_BOUND('',#13959,.F.);
#13959 = EDGE_LOOP('',(#13960,#13983,#14011,#14032));
#13960 = ORIENTED_EDGE('',*,*,#13961,.T.);
#13961 = EDGE_CURVE('',#12212,#13962,#13964,.T.);
#13962 = VERTEX_POINT('',#13963);
#13963 = CARTESIAN_POINT('',(104.,84.3,132.3));
#13964 = SURFACE_CURVE('',#13965,(#13969,#13976),.PCURVE_S1.);
#13965 = LINE('',#13966,#13967);
#13966 = CARTESIAN_POINT('',(103.775,84.3,132.075));
#13967 = VECTOR('',#13968,1.);
#13968 = DIRECTION('',(0.707106781187,-3.355569887739E-14,0.707106781187
    ));
#13969 = PCURVE('',#12250,#13970);
#13970 = DEFINITIONAL_REPRESENTATION('',(#13971),#13975);
#13971 = LINE('',#13972,#13973);
#13972 = CARTESIAN_POINT('',(0.3,0.106066017178));
#13973 = VECTOR('',#13974,1.);
#13974 = DIRECTION('',(-3.355569887739E-14,-1.));
#13975 = ( GEOMETRIC_REPRESENTATION_CONTEXT(2)
PARAMETRIC_REPRESENTATION_CONTEXT() REPRESENTATION_CONTEXT('2D SPACE',''
  ) );
#13976 = PCURVE('',#12820,#13977);
#13977 = DEFINITIONAL_REPRESENTATION('',(#13978),#13982);
#13978 = LINE('',#13979,#13980);
#13979 = CARTESIAN_POINT('',(-5.303300858903E-02,9.185586535436E-02));
#13980 = VECTOR('',#13981,1.);
#13981 = DIRECTION('',(-0.5,0.866025403784));
#13982 = ( GEOMETRIC_REPRESENTATION_CONTEXT(2)
PARAMETRIC_REPRESENTATION_CONTEXT() REPRESENTATION_CONTEXT('2D SPACE',''
  ) );
#13983 = ORIENTED_EDGE('',*,*,#13984,.T.);
#13984 = EDGE_CURVE('',#13962,#13985,#13987,.T.);
#13985 = VERTEX_POINT('',#13986);
#13986 = CARTESIAN_POINT('',(104.,97.7,132.3));
#13987 = SURFACE_CURVE('',#13988,(#13992,#13999),.PCURVE_S1.);
#13988 = LINE('',#13989,#13990);
#13989 = CARTESIAN_POINT('',(104.,84.,132.3));
#13990 = VECTOR('',#13991,1.);
#13991 = DIRECTION('',(-0.,1.,0.));
#13992 = PCURVE('',#12250,#13993);
#13993 = DEFINITIONAL_REPRESENTATION('',(#13994),#13998);
#13994 = LINE('',#13995,#13996);
#13995 = CARTESIAN_POINT('',(0.,-0.212132034356));
#13996 = VECTOR('',#13997,1.);
#13997 = DIRECTION('',(1.,0.));
#13998 = ( GEOMETRIC_REPRESENTATION_CONTEXT(2)
PARAMETRIC_REPRESENTATION_CONTEXT() REPRESENTATION_CONTEXT('2D SPACE',''
  ) );
#13999 = PCURVE('',#14000,#14005);
#14000 = PLANE('',#14001);
#14001 = AXIS2_PLACEMENT_3D('',#14002,#14003,#14004);
#14002 = CARTESIAN_POINT('',(104.,84.,132.));
#14003 = DIRECTION('',(1.,0.,-0.));
#14004 = DIRECTION('',(0.,0.,1.));
#14005 = DEFINITIONAL_REPRESENTATION('',(#14006),#14010);
#14006 = LINE('',#14007,#14008);
#14007 = CARTESIAN_POINT('',(0.3,0.));
#14008 = VECTOR('',#14009,1.);
#14009 = DIRECTION('',(0.,-1.));
#14010 = ( GEOMETRIC_REPRESENTATION_CONTEXT(2)
PARAMETRIC_REPRESENTATION_CONTEXT() REPRESENTATION_CONTEXT('2D SPACE',''
  ) );
#14011 = ORIENTED_EDGE('',*,*,#14012,.F.);
#14012 = EDGE_CURVE('',#12235,#13985,#14013,.T.);
#14013 = SURFACE_CURVE('',#14014,(#14018,#14025),.PCURVE_S1.);
#14014 = LINE('',#14015,#14016);
#14015 = CARTESIAN_POINT('',(103.775,97.7,132.075));
#14016 = VECTOR('',#14017,1.);
#14017 = DIRECTION('',(0.707106781187,1.922962686383E-16,0.707106781187)
  );
#14018 = PCURVE('',#12250,#14019);
#14019 = DEFINITIONAL_REPRESENTATION('',(#14020),#14024);
#14020 = LINE('',#14021,#14022);
#14021 = CARTESIAN_POINT('',(13.7,0.106066017178));
#14022 = VECTOR('',#14023,1.);
#14023 = DIRECTION('',(1.922962686383E-16,-1.));
#14024 = ( GEOMETRIC_REPRESENTATION_CONTEXT(2)
PARAMETRIC_REPRESENTATION_CONTEXT() REPRESENTATION_CONTEXT('2D SPACE',''
  ) );
#14025 = PCURVE('',#13945,#14026);
#14026 = DEFINITIONAL_REPRESENTATION('',(#14027),#14031);
#14027 = LINE('',#14028,#14029);
#14028 = CARTESIAN_POINT('',(-5.303300858902E-02,9.185586535436E-02));
#14029 = VECTOR('',#14030,1.);
#14030 = DIRECTION('',(-0.5,0.866025403784));
#14031 = ( GEOMETRIC_REPRESENTATION_CONTEXT(2)
PARAMETRIC_REPRESENTATION_CONTEXT() REPRESENTATION_CONTEXT('2D SPACE',''
  ) );
#14032 = ORIENTED_EDGE('',*,*,#12234,.F.);
#14033 = ADVANCED_FACE('',(#14034),#12330,.F.);
#14034 = FACE_BOUND('',#14035,.F.);
#14035 = EDGE_LOOP('',(#14036,#14037,#14038));
#14036 = ORIENTED_EDGE('',*,*,#12316,.F.);
#14037 = ORIENTED_EDGE('',*,*,#13880,.T.);
#14038 = ORIENTED_EDGE('',*,*,#14039,.F.);
#14039 = EDGE_CURVE('',#12294,#13881,#14040,.T.);
#14040 = SURFACE_CURVE('',#14041,(#14045,#14052),.PCURVE_S1.);
#14041 = LINE('',#14042,#14043);
#14042 = CARTESIAN_POINT('',(95.15,97.85,132.3));
#14043 = VECTOR('',#14044,1.);
#14044 = DIRECTION('',(0.707106781187,0.707106781187,-3.345955074308E-14
    ));
#14045 = PCURVE('',#12330,#14046);
#14046 = DEFINITIONAL_REPRESENTATION('',(#14047),#14051);
#14047 = LINE('',#14048,#14049);
#14048 = CARTESIAN_POINT('',(2.513267371995E-14,0.367423461417));
#14049 = VECTOR('',#14050,1.);
#14050 = DIRECTION('',(1.,-1.230208335038E-13));
#14051 = ( GEOMETRIC_REPRESENTATION_CONTEXT(2)
PARAMETRIC_REPRESENTATION_CONTEXT() REPRESENTATION_CONTEXT('2D SPACE',''
  ) );
#14052 = PCURVE('',#12363,#14053);
#14053 = DEFINITIONAL_REPRESENTATION('',(#14054),#14058);
#14054 = LINE('',#14055,#14056);
#14055 = CARTESIAN_POINT('',(-0.3,1.004859173558E-14));
#14056 = VECTOR('',#14057,1.);
#14057 = DIRECTION('',(3.345955074308E-14,1.));
#14058 = ( GEOMETRIC_REPRESENTATION_CONTEXT(2)
PARAMETRIC_REPRESENTATION_CONTEXT() REPRESENTATION_CONTEXT('2D SPACE',''
  ) );
#14059 = ADVANCED_FACE('',(#14060),#12363,.F.);
#14060 = FACE_BOUND('',#14061,.T.);
#14061 = EDGE_LOOP('',(#14062,#14063,#14086,#14107));
#14062 = ORIENTED_EDGE('',*,*,#12347,.T.);
#14063 = ORIENTED_EDGE('',*,*,#14064,.F.);
#14064 = EDGE_CURVE('',#14065,#12348,#14067,.T.);
#14065 = VERTEX_POINT('',#14066);
#14066 = CARTESIAN_POINT('',(95.3,98.,135.7));
#14067 = SURFACE_CURVE('',#14068,(#14072,#14079),.PCURVE_S1.);
#14068 = LINE('',#14069,#14070);
#14069 = CARTESIAN_POINT('',(95.225,97.925,135.7));
#14070 = VECTOR('',#14071,1.);
#14071 = DIRECTION('',(-0.707106781187,-0.707106781187,
    -1.003786522292E-13));
#14072 = PCURVE('',#12363,#14073);
#14073 = DEFINITIONAL_REPRESENTATION('',(#14074),#14078);
#14074 = LINE('',#14075,#14076);
#14075 = CARTESIAN_POINT('',(-3.7,0.106066017178));
#14076 = VECTOR('',#14077,1.);
#14077 = DIRECTION('',(1.003786522292E-13,-1.));
#14078 = ( GEOMETRIC_REPRESENTATION_CONTEXT(2)
PARAMETRIC_REPRESENTATION_CONTEXT() REPRESENTATION_CONTEXT('2D SPACE',''
  ) );
#14079 = PCURVE('',#12438,#14080);
#14080 = DEFINITIONAL_REPRESENTATION('',(#14081),#14085);
#14081 = LINE('',#14082,#14083);
#14082 = CARTESIAN_POINT('',(-5.303300858908E-02,9.185586535451E-02));
#14083 = VECTOR('',#14084,1.);
#14084 = DIRECTION('',(-0.5,0.866025403784));
#14085 = ( GEOMETRIC_REPRESENTATION_CONTEXT(2)
PARAMETRIC_REPRESENTATION_CONTEXT() REPRESENTATION_CONTEXT('2D SPACE',''
  ) );
#14086 = ORIENTED_EDGE('',*,*,#14087,.F.);
#14087 = EDGE_CURVE('',#13881,#14065,#14088,.T.);
#14088 = SURFACE_CURVE('',#14089,(#14093,#14100),.PCURVE_S1.);
#14089 = LINE('',#14090,#14091);
#14090 = CARTESIAN_POINT('',(95.3,98.,132.));
#14091 = VECTOR('',#14092,1.);
#14092 = DIRECTION('',(0.,0.,1.));
#14093 = PCURVE('',#12363,#14094);
#14094 = DEFINITIONAL_REPRESENTATION('',(#14095),#14099);
#14095 = LINE('',#14096,#14097);
#14096 = CARTESIAN_POINT('',(-0.,0.212132034356));
#14097 = VECTOR('',#14098,1.);
#14098 = DIRECTION('',(-1.,0.));
#14099 = ( GEOMETRIC_REPRESENTATION_CONTEXT(2)
PARAMETRIC_REPRESENTATION_CONTEXT() REPRESENTATION_CONTEXT('2D SPACE',''
  ) );
#14100 = PCURVE('',#13919,#14101);
#14101 = DEFINITIONAL_REPRESENTATION('',(#14102),#14106);
#14102 = LINE('',#14103,#14104);
#14103 = CARTESIAN_POINT('',(0.,0.3));
#14104 = VECTOR('',#14105,1.);
#14105 = DIRECTION('',(1.,0.));
#14106 = ( GEOMETRIC_REPRESENTATION_CONTEXT(2)
PARAMETRIC_REPRESENTATION_CONTEXT() REPRESENTATION_CONTEXT('2D SPACE',''
  ) );
#14107 = ORIENTED_EDGE('',*,*,#14039,.F.);
#14108 = ADVANCED_FACE('',(#14109),#12438,.F.);
#14109 = FACE_BOUND('',#14110,.F.);
#14110 = EDGE_LOOP('',(#14111,#14112,#14133));
#14111 = ORIENTED_EDGE('',*,*,#14064,.F.);
#14112 = ORIENTED_EDGE('',*,*,#14113,.T.);
#14113 = EDGE_CURVE('',#14065,#12400,#14114,.T.);
#14114 = SURFACE_CURVE('',#14115,(#14119,#14126),.PCURVE_S1.);
#14115 = LINE('',#14116,#14117);
#14116 = CARTESIAN_POINT('',(95.3,97.925,135.775));
#14117 = VECTOR('',#14118,1.);
#14118 = DIRECTION('',(-3.355569887739E-14,-0.707106781187,
    0.707106781187));
#14119 = PCURVE('',#12438,#14120);
#14120 = DEFINITIONAL_REPRESENTATION('',(#14121),#14125);
#14121 = LINE('',#14122,#14123);
#14122 = CARTESIAN_POINT('',(5.303300858897E-02,9.185586535436E-02));
#14123 = VECTOR('',#14124,1.);
#14124 = DIRECTION('',(0.5,0.866025403784));
#14125 = ( GEOMETRIC_REPRESENTATION_CONTEXT(2)
PARAMETRIC_REPRESENTATION_CONTEXT() REPRESENTATION_CONTEXT('2D SPACE',''
  ) );
#14126 = PCURVE('',#12521,#14127);
#14127 = DEFINITIONAL_REPRESENTATION('',(#14128),#14132);
#14128 = LINE('',#14129,#14130);
#14129 = CARTESIAN_POINT('',(-0.3,-0.106066017178));
#14130 = VECTOR('',#14131,1.);
#14131 = DIRECTION('',(3.355569887739E-14,1.));
#14132 = ( GEOMETRIC_REPRESENTATION_CONTEXT(2)
PARAMETRIC_REPRESENTATION_CONTEXT() REPRESENTATION_CONTEXT('2D SPACE',''
  ) );
#14133 = ORIENTED_EDGE('',*,*,#12424,.F.);
#14134 = ADVANCED_FACE('',(#14135),#12521,.T.);
#14135 = FACE_BOUND('',#14136,.F.);
#14136 = EDGE_LOOP('',(#14137,#14138,#14161,#14187));
#14137 = ORIENTED_EDGE('',*,*,#14113,.F.);
#14138 = ORIENTED_EDGE('',*,*,#14139,.T.);
#14139 = EDGE_CURVE('',#14065,#14140,#14142,.T.);
#14140 = VERTEX_POINT('',#14141);
#14141 = CARTESIAN_POINT('',(103.7,98.,135.7));
#14142 = SURFACE_CURVE('',#14143,(#14147,#14154),.PCURVE_S1.);
#14143 = LINE('',#14144,#14145);
#14144 = CARTESIAN_POINT('',(95.,98.,135.7));
#14145 = VECTOR('',#14146,1.);
#14146 = DIRECTION('',(1.,0.,-0.));
#14147 = PCURVE('',#12521,#14148);
#14148 = DEFINITIONAL_REPRESENTATION('',(#14149),#14153);
#14149 = LINE('',#14150,#14151);
#14150 = CARTESIAN_POINT('',(-0.,-0.212132034356));
#14151 = VECTOR('',#14152,1.);
#14152 = DIRECTION('',(-1.,0.));
#14153 = ( GEOMETRIC_REPRESENTATION_CONTEXT(2)
PARAMETRIC_REPRESENTATION_CONTEXT() REPRESENTATION_CONTEXT('2D SPACE',''
  ) );
#14154 = PCURVE('',#13919,#14155);
#14155 = DEFINITIONAL_REPRESENTATION('',(#14156),#14160);
#14156 = LINE('',#14157,#14158);
#14157 = CARTESIAN_POINT('',(3.7,0.));
#14158 = VECTOR('',#14159,1.);
#14159 = DIRECTION('',(0.,1.));
#14160 = ( GEOMETRIC_REPRESENTATION_CONTEXT(2)
PARAMETRIC_REPRESENTATION_CONTEXT() REPRESENTATION_CONTEXT('2D SPACE',''
  ) );
#14161 = ORIENTED_EDGE('',*,*,#14162,.T.);
#14162 = EDGE_CURVE('',#14140,#12480,#14163,.T.);
#14163 = SURFACE_CURVE('',#14164,(#14168,#14175),.PCURVE_S1.);
#14164 = LINE('',#14165,#14166);
#14165 = CARTESIAN_POINT('',(103.7,97.925,135.775));
#14166 = VECTOR('',#14167,1.);
#14167 = DIRECTION('',(3.345955074307E-14,-0.707106781187,0.707106781187
    ));
#14168 = PCURVE('',#12521,#14169);
#14169 = DEFINITIONAL_REPRESENTATION('',(#14170),#14174);
#14170 = LINE('',#14171,#14172);
#14171 = CARTESIAN_POINT('',(-8.7,-0.106066017178));
#14172 = VECTOR('',#14173,1.);
#14173 = DIRECTION('',(-3.345955074307E-14,1.));
#14174 = ( GEOMETRIC_REPRESENTATION_CONTEXT(2)
PARAMETRIC_REPRESENTATION_CONTEXT() REPRESENTATION_CONTEXT('2D SPACE',''
  ) );
#14175 = PCURVE('',#14176,#14181);
#14176 = PLANE('',#14177);
#14177 = AXIS2_PLACEMENT_3D('',#14178,#14179,#14180);
#14178 = CARTESIAN_POINT('',(103.7,98.,135.7));
#14179 = DIRECTION('',(0.57735026919,0.57735026919,0.57735026919));
#14180 = DIRECTION('',(-0.707106781187,6.700195953613E-14,0.707106781187
    ));
#14181 = DEFINITIONAL_REPRESENTATION('',(#14182),#14186);
#14182 = LINE('',#14183,#14184);
#14183 = CARTESIAN_POINT('',(5.30330085889E-02,9.185586535428E-02));
#14184 = VECTOR('',#14185,1.);
#14185 = DIRECTION('',(0.5,0.866025403784));
#14186 = ( GEOMETRIC_REPRESENTATION_CONTEXT(2)
PARAMETRIC_REPRESENTATION_CONTEXT() REPRESENTATION_CONTEXT('2D SPACE',''
  ) );
#14187 = ORIENTED_EDGE('',*,*,#12507,.F.);
#14188 = ADVANCED_FACE('',(#14189),#12495,.T.);
#14189 = FACE_BOUND('',#14190,.T.);
#14190 = EDGE_LOOP('',(#14191,#14214,#14237,#14258));
#14191 = ORIENTED_EDGE('',*,*,#14192,.T.);
#14192 = EDGE_CURVE('',#12457,#14193,#14195,.T.);
#14193 = VERTEX_POINT('',#14194);
#14194 = CARTESIAN_POINT('',(104.,84.3,135.7));
#14195 = SURFACE_CURVE('',#14196,(#14200,#14207),.PCURVE_S1.);
#14196 = LINE('',#14197,#14198);
#14197 = CARTESIAN_POINT('',(103.775,84.3,135.925));
#14198 = VECTOR('',#14199,1.);
#14199 = DIRECTION('',(0.707106781187,6.691910148614E-14,-0.707106781187
    ));
#14200 = PCURVE('',#12495,#14201);
#14201 = DEFINITIONAL_REPRESENTATION('',(#14202),#14206);
#14202 = LINE('',#14203,#14204);
#14203 = CARTESIAN_POINT('',(0.3,0.106066017178));
#14204 = VECTOR('',#14205,1.);
#14205 = DIRECTION('',(6.691910148614E-14,-1.));
#14206 = ( GEOMETRIC_REPRESENTATION_CONTEXT(2)
PARAMETRIC_REPRESENTATION_CONTEXT() REPRESENTATION_CONTEXT('2D SPACE',''
  ) );
#14207 = PCURVE('',#12734,#14208);
#14208 = DEFINITIONAL_REPRESENTATION('',(#14209),#14213);
#14209 = LINE('',#14210,#14211);
#14210 = CARTESIAN_POINT('',(-5.303300858899E-02,9.185586535435E-02));
#14211 = VECTOR('',#14212,1.);
#14212 = DIRECTION('',(-0.5,0.866025403784));
#14213 = ( GEOMETRIC_REPRESENTATION_CONTEXT(2)
PARAMETRIC_REPRESENTATION_CONTEXT() REPRESENTATION_CONTEXT('2D SPACE',''
  ) );
#14214 = ORIENTED_EDGE('',*,*,#14215,.T.);
#14215 = EDGE_CURVE('',#14193,#14216,#14218,.T.);
#14216 = VERTEX_POINT('',#14217);
#14217 = CARTESIAN_POINT('',(104.,97.7,135.7));
#14218 = SURFACE_CURVE('',#14219,(#14223,#14230),.PCURVE_S1.);
#14219 = LINE('',#14220,#14221);
#14220 = CARTESIAN_POINT('',(104.,84.,135.7));
#14221 = VECTOR('',#14222,1.);
#14222 = DIRECTION('',(-0.,1.,0.));
#14223 = PCURVE('',#12495,#14224);
#14224 = DEFINITIONAL_REPRESENTATION('',(#14225),#14229);
#14225 = LINE('',#14226,#14227);
#14226 = CARTESIAN_POINT('',(0.,-0.212132034356));
#14227 = VECTOR('',#14228,1.);
#14228 = DIRECTION('',(1.,0.));
#14229 = ( GEOMETRIC_REPRESENTATION_CONTEXT(2)
PARAMETRIC_REPRESENTATION_CONTEXT() REPRESENTATION_CONTEXT('2D SPACE',''
  ) );
#14230 = PCURVE('',#14000,#14231);
#14231 = DEFINITIONAL_REPRESENTATION('',(#14232),#14236);
#14232 = LINE('',#14233,#14234);
#14233 = CARTESIAN_POINT('',(3.7,0.));
#14234 = VECTOR('',#14235,1.);
#14235 = DIRECTION('',(0.,-1.));
#14236 = ( GEOMETRIC_REPRESENTATION_CONTEXT(2)
PARAMETRIC_REPRESENTATION_CONTEXT() REPRESENTATION_CONTEXT('2D SPACE',''
  ) );
#14237 = ORIENTED_EDGE('',*,*,#14238,.T.);
#14238 = EDGE_CURVE('',#14216,#12480,#14239,.T.);
#14239 = SURFACE_CURVE('',#14240,(#14244,#14251),.PCURVE_S1.);
#14240 = LINE('',#14241,#14242);
#14241 = CARTESIAN_POINT('',(103.85,97.7,135.85));
#14242 = VECTOR('',#14243,1.);
#14243 = DIRECTION('',(-0.707106781187,6.691910148615E-14,0.707106781187
    ));
#14244 = PCURVE('',#12495,#14245);
#14245 = DEFINITIONAL_REPRESENTATION('',(#14246),#14250);
#14246 = LINE('',#14247,#14248);
#14247 = CARTESIAN_POINT('',(13.7,-4.521866281009E-13));
#14248 = VECTOR('',#14249,1.);
#14249 = DIRECTION('',(6.691910148615E-14,1.));
#14250 = ( GEOMETRIC_REPRESENTATION_CONTEXT(2)
PARAMETRIC_REPRESENTATION_CONTEXT() REPRESENTATION_CONTEXT('2D SPACE',''
  ) );
#14251 = PCURVE('',#14176,#14252);
#14252 = DEFINITIONAL_REPRESENTATION('',(#14253),#14257);
#14253 = LINE('',#14254,#14255);
#14254 = CARTESIAN_POINT('',(-4.572037193284E-13,0.367423461417));
#14255 = VECTOR('',#14256,1.);
#14256 = DIRECTION('',(1.,1.110223024625E-16));
#14257 = ( GEOMETRIC_REPRESENTATION_CONTEXT(2)
PARAMETRIC_REPRESENTATION_CONTEXT() REPRESENTATION_CONTEXT('2D SPACE',''
  ) );
#14258 = ORIENTED_EDGE('',*,*,#12479,.F.);
#14259 = ADVANCED_FACE('',(#14260),#12552,.F.);
#14260 = FACE_BOUND('',#14261,.F.);
#14261 = EDGE_LOOP('',(#14262,#14263,#14286,#14313));
#14262 = ORIENTED_EDGE('',*,*,#12535,.F.);
#14263 = ORIENTED_EDGE('',*,*,#14264,.F.);
#14264 = EDGE_CURVE('',#14265,#12536,#14267,.T.);
#14265 = VERTEX_POINT('',#14266);
#14266 = CARTESIAN_POINT('',(101.4,91.,133.));
#14267 = SEAM_CURVE('',#14268,(#14272,#14279),.PCURVE_S1.);
#14268 = LINE('',#14269,#14270);
#14269 = CARTESIAN_POINT('',(101.4,91.,133.));
#14270 = VECTOR('',#14271,1.);
#14271 = DIRECTION('',(0.,0.,1.));
#14272 = PCURVE('',#12552,#14273);
#14273 = DEFINITIONAL_REPRESENTATION('',(#14274),#14278);
#14274 = LINE('',#14275,#14276);
#14275 = CARTESIAN_POINT('',(6.28318530718,-0.));
#14276 = VECTOR('',#14277,1.);
#14277 = DIRECTION('',(0.,1.));
#14278 = ( GEOMETRIC_REPRESENTATION_CONTEXT(2)
PARAMETRIC_REPRESENTATION_CONTEXT() REPRESENTATION_CONTEXT('2D SPACE',''
  ) );
#14279 = PCURVE('',#12552,#14280);
#14280 = DEFINITIONAL_REPRESENTATION('',(#14281),#14285);
#14281 = LINE('',#14282,#14283);
#14282 = CARTESIAN_POINT('',(0.,-0.));
#14283 = VECTOR('',#14284,1.);
#14284 = DIRECTION('',(0.,1.));
#14285 = ( GEOMETRIC_REPRESENTATION_CONTEXT(2)
PARAMETRIC_REPRESENTATION_CONTEXT() REPRESENTATION_CONTEXT('2D SPACE',''
  ) );
#14286 = ORIENTED_EDGE('',*,*,#14287,.T.);
#14287 = EDGE_CURVE('',#14265,#14265,#14288,.T.);
#14288 = SURFACE_CURVE('',#14289,(#14294,#14301),.PCURVE_S1.);
#14289 = CIRCLE('',#14290,1.4);
#14290 = AXIS2_PLACEMENT_3D('',#14291,#14292,#14293);
#14291 = CARTESIAN_POINT('',(100.,91.,133.));
#14292 = DIRECTION('',(0.,0.,1.));
#14293 = DIRECTION('',(1.,0.,-0.));
#14294 = PCURVE('',#12552,#14295);
#14295 = DEFINITIONAL_REPRESENTATION('',(#14296),#14300);
#14296 = LINE('',#14297,#14298);
#14297 = CARTESIAN_POINT('',(0.,0.));
#14298 = VECTOR('',#14299,1.);
#14299 = DIRECTION('',(1.,0.));
#14300 = ( GEOMETRIC_REPRESENTATION_CONTEXT(2)
PARAMETRIC_REPRESENTATION_CONTEXT() REPRESENTATION_CONTEXT('2D SPACE',''
  ) );
#14301 = PCURVE('',#14302,#14307);
#14302 = PLANE('',#14303);
#14303 = AXIS2_PLACEMENT_3D('',#14304,#14305,#14306);
#14304 = CARTESIAN_POINT('',(100.,91.,133.));
#14305 = DIRECTION('',(0.,0.,1.));
#14306 = DIRECTION('',(1.,0.,-0.));
#14307 = DEFINITIONAL_REPRESENTATION('',(#14308),#14312);
#14308 = CIRCLE('',#14309,1.4);
#14309 = AXIS2_PLACEMENT_2D('',#14310,#14311);
#14310 = CARTESIAN_POINT('',(0.,0.));
#14311 = DIRECTION('',(1.,0.));
#14312 = ( GEOMETRIC_REPRESENTATION_CONTEXT(2)
PARAMETRIC_REPRESENTATION_CONTEXT() REPRESENTATION_CONTEXT('2D SPACE',''
  ) );
#14313 = ORIENTED_EDGE('',*,*,#14264,.T.);
#14314 = ADVANCED_FACE('',(#14315),#12606,.T.);
#14315 = FACE_BOUND('',#14316,.T.);
#14316 = EDGE_LOOP('',(#14317,#14337,#14338,#14339));
#14317 = ORIENTED_EDGE('',*,*,#14318,.T.);
#14318 = EDGE_CURVE('',#13389,#12568,#14319,.T.);
#14319 = SURFACE_CURVE('',#14320,(#14325,#14331),.PCURVE_S1.);
#14320 = CIRCLE('',#14321,0.5);
#14321 = AXIS2_PLACEMENT_3D('',#14322,#14323,#14324);
#14322 = CARTESIAN_POINT('',(7.,99.5,0.5));
#14323 = DIRECTION('',(1.,0.,0.));
#14324 = DIRECTION('',(0.,-0.,-1.));
#14325 = PCURVE('',#12606,#14326);
#14326 = DEFINITIONAL_REPRESENTATION('',(#14327),#14330);
#14327 = B_SPLINE_CURVE_WITH_KNOTS('',1,(#14328,#14329),.UNSPECIFIED.,
  .F.,.F.,(2,2),(0.,1.570796326795),.PIECEWISE_BEZIER_KNOTS.);
#14328 = CARTESIAN_POINT('',(0.,0.));
#14329 = CARTESIAN_POINT('',(1.570796326795,0.));
#14330 = ( GEOMETRIC_REPRESENTATION_CONTEXT(2)
PARAMETRIC_REPRESENTATION_CONTEXT() REPRESENTATION_CONTEXT('2D SPACE',''
  ) );
#14331 = PCURVE('',#13215,#14332);
#14332 = DEFINITIONAL_REPRESENTATION('',(#14333),#14336);
#14333 = B_SPLINE_CURVE_WITH_KNOTS('',1,(#14334,#14335),.UNSPECIFIED.,
  .F.,.F.,(2,2),(0.,1.570796326795),.PIECEWISE_BEZIER_KNOTS.);
#14334 = CARTESIAN_POINT('',(-1.570796326795,4.712388980385));
#14335 = CARTESIAN_POINT('',(-1.570796326795,6.28318530718));
#14336 = ( GEOMETRIC_REPRESENTATION_CONTEXT(2)
PARAMETRIC_REPRESENTATION_CONTEXT() REPRESENTATION_CONTEXT('2D SPACE',''
  ) );
#14337 = ORIENTED_EDGE('',*,*,#12592,.T.);
#14338 = ORIENTED_EDGE('',*,*,#12621,.F.);
#14339 = ORIENTED_EDGE('',*,*,#13388,.F.);
#14340 = ADVANCED_FACE('',(#14341),#12734,.T.);
#14341 = FACE_BOUND('',#14342,.T.);
#14342 = EDGE_LOOP('',(#14343,#14344,#14345));
#14343 = ORIENTED_EDGE('',*,*,#14192,.F.);
#14344 = ORIENTED_EDGE('',*,*,#12720,.T.);
#14345 = ORIENTED_EDGE('',*,*,#14346,.F.);
#14346 = EDGE_CURVE('',#14193,#12698,#14347,.T.);
#14347 = SURFACE_CURVE('',#14348,(#14352,#14359),.PCURVE_S1.);
#14348 = LINE('',#14349,#14350);
#14349 = CARTESIAN_POINT('',(103.85,84.15,135.7));
#14350 = VECTOR('',#14351,1.);
#14351 = DIRECTION('',(-0.707106781187,-0.707106781187,0.));
#14352 = PCURVE('',#12734,#14353);
#14353 = DEFINITIONAL_REPRESENTATION('',(#14354),#14358);
#14354 = LINE('',#14355,#14356);
#14355 = CARTESIAN_POINT('',(3.012590177321E-14,0.367423461418));
#14356 = VECTOR('',#14357,1.);
#14357 = DIRECTION('',(1.,-8.198997036857E-14));
#14358 = ( GEOMETRIC_REPRESENTATION_CONTEXT(2)
PARAMETRIC_REPRESENTATION_CONTEXT() REPRESENTATION_CONTEXT('2D SPACE',''
  ) );
#14359 = PCURVE('',#12788,#14360);
#14360 = DEFINITIONAL_REPRESENTATION('',(#14361),#14365);
#14361 = LINE('',#14362,#14363);
#14362 = CARTESIAN_POINT('',(-3.7,0.));
#14363 = VECTOR('',#14364,1.);
#14364 = DIRECTION('',(-0.,1.));
#14365 = ( GEOMETRIC_REPRESENTATION_CONTEXT(2)
PARAMETRIC_REPRESENTATION_CONTEXT() REPRESENTATION_CONTEXT('2D SPACE',''
  ) );
#14366 = ADVANCED_FACE('',(#14367),#12788,.F.);
#14367 = FACE_BOUND('',#14368,.T.);
#14368 = EDGE_LOOP('',(#14369,#14390,#14391,#14392));
#14369 = ORIENTED_EDGE('',*,*,#14370,.T.);
#14370 = EDGE_CURVE('',#13962,#14193,#14371,.T.);
#14371 = SURFACE_CURVE('',#14372,(#14376,#14383),.PCURVE_S1.);
#14372 = LINE('',#14373,#14374);
#14373 = CARTESIAN_POINT('',(104.,84.3,132.));
#14374 = VECTOR('',#14375,1.);
#14375 = DIRECTION('',(0.,0.,1.));
#14376 = PCURVE('',#12788,#14377);
#14377 = DEFINITIONAL_REPRESENTATION('',(#14378),#14382);
#14378 = LINE('',#14379,#14380);
#14379 = CARTESIAN_POINT('',(-0.,-0.212132034356));
#14380 = VECTOR('',#14381,1.);
#14381 = DIRECTION('',(-1.,0.));
#14382 = ( GEOMETRIC_REPRESENTATION_CONTEXT(2)
PARAMETRIC_REPRESENTATION_CONTEXT() REPRESENTATION_CONTEXT('2D SPACE',''
  ) );
#14383 = PCURVE('',#14000,#14384);
#14384 = DEFINITIONAL_REPRESENTATION('',(#14385),#14389);
#14385 = LINE('',#14386,#14387);
#14386 = CARTESIAN_POINT('',(0.,-0.3));
#14387 = VECTOR('',#14388,1.);
#14388 = DIRECTION('',(1.,0.));
#14389 = ( GEOMETRIC_REPRESENTATION_CONTEXT(2)
PARAMETRIC_REPRESENTATION_CONTEXT() REPRESENTATION_CONTEXT('2D SPACE',''
  ) );
#14390 = ORIENTED_EDGE('',*,*,#14346,.T.);
#14391 = ORIENTED_EDGE('',*,*,#12774,.F.);
#14392 = ORIENTED_EDGE('',*,*,#14393,.F.);
#14393 = EDGE_CURVE('',#13962,#12750,#14394,.T.);
#14394 = SURFACE_CURVE('',#14395,(#14399,#14406),.PCURVE_S1.);
#14395 = LINE('',#14396,#14397);
#14396 = CARTESIAN_POINT('',(103.85,84.15,132.3));
#14397 = VECTOR('',#14398,1.);
#14398 = DIRECTION('',(-0.707106781187,-0.707106781187,
    -3.355569887739E-14));
#14399 = PCURVE('',#12788,#14400);
#14400 = DEFINITIONAL_REPRESENTATION('',(#14401),#14405);
#14401 = LINE('',#14402,#14403);
#14402 = CARTESIAN_POINT('',(-0.3,2.009718347115E-14));
#14403 = VECTOR('',#14404,1.);
#14404 = DIRECTION('',(3.355569887739E-14,1.));
#14405 = ( GEOMETRIC_REPRESENTATION_CONTEXT(2)
PARAMETRIC_REPRESENTATION_CONTEXT() REPRESENTATION_CONTEXT('2D SPACE',''
  ) );
#14406 = PCURVE('',#12820,#14407);
#14407 = DEFINITIONAL_REPRESENTATION('',(#14408),#14412);
#14408 = LINE('',#14409,#14410);
#14409 = CARTESIAN_POINT('',(1.508515534709E-14,0.367423461417));
#14410 = VECTOR('',#14411,1.);
#14411 = DIRECTION('',(1.,-4.110936775815E-14));
#14412 = ( GEOMETRIC_REPRESENTATION_CONTEXT(2)
PARAMETRIC_REPRESENTATION_CONTEXT() REPRESENTATION_CONTEXT('2D SPACE',''
  ) );
#14413 = ADVANCED_FACE('',(#14414),#12820,.F.);
#14414 = FACE_BOUND('',#14415,.F.);
#14415 = EDGE_LOOP('',(#14416,#14417,#14418));
#14416 = ORIENTED_EDGE('',*,*,#13961,.F.);
#14417 = ORIENTED_EDGE('',*,*,#12806,.T.);
#14418 = ORIENTED_EDGE('',*,*,#14393,.F.);
#14419 = ADVANCED_FACE('',(#14420),#12977,.F.);
#14420 = FACE_BOUND('',#14421,.F.);
#14421 = EDGE_LOOP('',(#14422,#14452,#14473,#14474,#14475,#14476,#14477,
    #14478));
#14422 = ORIENTED_EDGE('',*,*,#14423,.F.);
#14423 = EDGE_CURVE('',#14424,#14426,#14428,.T.);
#14424 = VERTEX_POINT('',#14425);
#14425 = CARTESIAN_POINT('',(101.,7.,60.));
#14426 = VERTEX_POINT('',#14427);
#14427 = CARTESIAN_POINT('',(101.,93.,60.));
#14428 = SURFACE_CURVE('',#14429,(#14433,#14440),.PCURVE_S1.);
#14429 = LINE('',#14430,#14431);
#14430 = CARTESIAN_POINT('',(101.,0.,60.));
#14431 = VECTOR('',#14432,1.);
#14432 = DIRECTION('',(-0.,1.,0.));
#14433 = PCURVE('',#12977,#14434);
#14434 = DEFINITIONAL_REPRESENTATION('',(#14435),#14439);
#14435 = LINE('',#14436,#14437);
#14436 = CARTESIAN_POINT('',(60.,0.));
#14437 = VECTOR('',#14438,1.);
#14438 = DIRECTION('',(0.,-1.));
#14439 = ( GEOMETRIC_REPRESENTATION_CONTEXT(2)
PARAMETRIC_REPRESENTATION_CONTEXT() REPRESENTATION_CONTEXT('2D SPACE',''
  ) );
#14440 = PCURVE('',#14441,#14446);
#14441 = PLANE('',#14442);
#14442 = AXIS2_PLACEMENT_3D('',#14443,#14444,#14445);
#14443 = CARTESIAN_POINT('',(101.,0.,60.));
#14444 = DIRECTION('',(0.,0.,1.));
#14445 = DIRECTION('',(1.,0.,-0.));
#14446 = DEFINITIONAL_REPRESENTATION('',(#14447),#14451);
#14447 = LINE('',#14448,#14449);
#14448 = CARTESIAN_POINT('',(0.,0.));
#14449 = VECTOR('',#14450,1.);
#14450 = DIRECTION('',(0.,1.));
#14451 = ( GEOMETRIC_REPRESENTATION_CONTEXT(2)
PARAMETRIC_REPRESENTATION_CONTEXT() REPRESENTATION_CONTEXT('2D SPACE',''
  ) );
#14452 = ORIENTED_EDGE('',*,*,#14453,.F.);
#14453 = EDGE_CURVE('',#13466,#14424,#14454,.T.);
#14454 = SURFACE_CURVE('',#14455,(#14459,#14466),.PCURVE_S1.);
#14455 = LINE('',#14456,#14457);
#14456 = CARTESIAN_POINT('',(101.,7.,0.));
#14457 = VECTOR('',#14458,1.);
#14458 = DIRECTION('',(0.,0.,1.));
#14459 = PCURVE('',#12977,#14460);
#14460 = DEFINITIONAL_REPRESENTATION('',(#14461),#14465);
#14461 = LINE('',#14462,#14463);
#14462 = CARTESIAN_POINT('',(0.,-7.));
#14463 = VECTOR('',#14464,1.);
#14464 = DIRECTION('',(1.,0.));
#14465 = ( GEOMETRIC_REPRESENTATION_CONTEXT(2)
PARAMETRIC_REPRESENTATION_CONTEXT() REPRESENTATION_CONTEXT('2D SPACE',''
  ) );
#14466 = PCURVE('',#13505,#14467);
#14467 = DEFINITIONAL_REPRESENTATION('',(#14468),#14472);
#14468 = LINE('',#14469,#14470);
#14469 = CARTESIAN_POINT('',(0.,0.));
#14470 = VECTOR('',#14471,1.);
#14471 = DIRECTION('',(0.,1.));
#14472 = ( GEOMETRIC_REPRESENTATION_CONTEXT(2)
PARAMETRIC_REPRESENTATION_CONTEXT() REPRESENTATION_CONTEXT('2D SPACE',''
  ) );
#14473 = ORIENTED_EDGE('',*,*,#13465,.T.);
#14474 = ORIENTED_EDGE('',*,*,#13091,.T.);
#14475 = ORIENTED_EDGE('',*,*,#13016,.F.);
#14476 = ORIENTED_EDGE('',*,*,#12964,.F.);
#14477 = ORIENTED_EDGE('',*,*,#13696,.T.);
#14478 = ORIENTED_EDGE('',*,*,#14479,.T.);
#14479 = EDGE_CURVE('',#13664,#14426,#14480,.T.);
#14480 = SURFACE_CURVE('',#14481,(#14485,#14492),.PCURVE_S1.);
#14481 = LINE('',#14482,#14483);
#14482 = CARTESIAN_POINT('',(101.,93.,0.));
#14483 = VECTOR('',#14484,1.);
#14484 = DIRECTION('',(0.,0.,1.));
#14485 = PCURVE('',#12977,#14486);
#14486 = DEFINITIONAL_REPRESENTATION('',(#14487),#14491);
#14487 = LINE('',#14488,#14489);
#14488 = CARTESIAN_POINT('',(0.,-93.));
#14489 = VECTOR('',#14490,1.);
#14490 = DIRECTION('',(1.,0.));
#14491 = ( GEOMETRIC_REPRESENTATION_CONTEXT(2)
PARAMETRIC_REPRESENTATION_CONTEXT() REPRESENTATION_CONTEXT('2D SPACE',''
  ) );
#14492 = PCURVE('',#13684,#14493);
#14493 = DEFINITIONAL_REPRESENTATION('',(#14494),#14498);
#14494 = LINE('',#14495,#14496);
#14495 = CARTESIAN_POINT('',(-0.,0.));
#14496 = VECTOR('',#14497,1.);
#14497 = DIRECTION('',(-0.,1.));
#14498 = ( GEOMETRIC_REPRESENTATION_CONTEXT(2)
PARAMETRIC_REPRESENTATION_CONTEXT() REPRESENTATION_CONTEXT('2D SPACE',''
  ) );
#14499 = ADVANCED_FACE('',(#14500),#13179,.T.);
#14500 = FACE_BOUND('',#14501,.F.);
#14501 = EDGE_LOOP('',(#14502));
#14502 = ORIENTED_EDGE('',*,*,#13164,.F.);
#14503 = ADVANCED_FACE('',(#14504),#13215,.T.);
#14504 = FACE_BOUND('',#14505,.F.);
#14505 = EDGE_LOOP('',(#14506,#14507,#14508,#14509));
#14506 = ORIENTED_EDGE('',*,*,#13725,.F.);
#14507 = ORIENTED_EDGE('',*,*,#13411,.T.);
#14508 = ORIENTED_EDGE('',*,*,#14318,.T.);
#14509 = ORIENTED_EDGE('',*,*,#13200,.F.);
#14510 = ADVANCED_FACE('',(#14511),#13268,.F.);
#14511 = FACE_BOUND('',#14512,.F.);
#14512 = EDGE_LOOP('',(#14513,#14536,#14563,#14564));
#14513 = ORIENTED_EDGE('',*,*,#14514,.T.);
#14514 = EDGE_CURVE('',#13252,#14515,#14517,.T.);
#14515 = VERTEX_POINT('',#14516);
#14516 = CARTESIAN_POINT('',(76.5,87.,139.9));
#14517 = SEAM_CURVE('',#14518,(#14522,#14529),.PCURVE_S1.);
#14518 = LINE('',#14519,#14520);
#14519 = CARTESIAN_POINT('',(76.5,75.,139.9));
#14520 = VECTOR('',#14521,1.);
#14521 = DIRECTION('',(0.,1.,0.));
#14522 = PCURVE('',#13268,#14523);
#14523 = DEFINITIONAL_REPRESENTATION('',(#14524),#14528);
#14524 = LINE('',#14525,#14526);
#14525 = CARTESIAN_POINT('',(6.28318530718,-0.));
#14526 = VECTOR('',#14527,1.);
#14527 = DIRECTION('',(0.,1.));
#14528 = ( GEOMETRIC_REPRESENTATION_CONTEXT(2)
PARAMETRIC_REPRESENTATION_CONTEXT() REPRESENTATION_CONTEXT('2D SPACE',''
  ) );
#14529 = PCURVE('',#13268,#14530);
#14530 = DEFINITIONAL_REPRESENTATION('',(#14531),#14535);
#14531 = LINE('',#14532,#14533);
#14532 = CARTESIAN_POINT('',(0.,-0.));
#14533 = VECTOR('',#14534,1.);
#14534 = DIRECTION('',(0.,1.));
#14535 = ( GEOMETRIC_REPRESENTATION_CONTEXT(2)
PARAMETRIC_REPRESENTATION_CONTEXT() REPRESENTATION_CONTEXT('2D SPACE',''
  ) );
#14536 = ORIENTED_EDGE('',*,*,#14537,.F.);
#14537 = EDGE_CURVE('',#14515,#14515,#14538,.T.);
#14538 = SURFACE_CURVE('',#14539,(#14544,#14551),.PCURVE_S1.);
#14539 = CIRCLE('',#14540,1.4);
#14540 = AXIS2_PLACEMENT_3D('',#14541,#14542,#14543);
#14541 = CARTESIAN_POINT('',(76.5,87.,138.5));
#14542 = DIRECTION('',(0.,1.,0.));
#14543 = DIRECTION('',(0.,-0.,1.));
#14544 = PCURVE('',#13268,#14545);
#14545 = DEFINITIONAL_REPRESENTATION('',(#14546),#14550);
#14546 = LINE('',#14547,#14548);
#14547 = CARTESIAN_POINT('',(0.,12.));
#14548 = VECTOR('',#14549,1.);
#14549 = DIRECTION('',(1.,0.));
#14550 = ( GEOMETRIC_REPRESENTATION_CONTEXT(2)
PARAMETRIC_REPRESENTATION_CONTEXT() REPRESENTATION_CONTEXT('2D SPACE',''
  ) );
#14551 = PCURVE('',#14552,#14557);
#14552 = PLANE('',#14553);
#14553 = AXIS2_PLACEMENT_3D('',#14554,#14555,#14556);
#14554 = CARTESIAN_POINT('',(76.5,87.,138.5));
#14555 = DIRECTION('',(0.,1.,0.));
#14556 = DIRECTION('',(0.,-0.,1.));
#14557 = DEFINITIONAL_REPRESENTATION('',(#14558),#14562);
#14558 = CIRCLE('',#14559,1.4);
#14559 = AXIS2_PLACEMENT_2D('',#14560,#14561);
#14560 = CARTESIAN_POINT('',(0.,0.));
#14561 = DIRECTION('',(1.,0.));
#14562 = ( GEOMETRIC_REPRESENTATION_CONTEXT(2)
PARAMETRIC_REPRESENTATION_CONTEXT() REPRESENTATION_CONTEXT('2D SPACE',''
  ) );
#14563 = ORIENTED_EDGE('',*,*,#14514,.F.);
#14564 = ORIENTED_EDGE('',*,*,#13251,.T.);
#14565 = ADVANCED_FACE('',(#14566),#13303,.F.);
#14566 = FACE_BOUND('',#14567,.F.);
#14567 = EDGE_LOOP('',(#14568,#14591,#14618,#14619));
#14568 = ORIENTED_EDGE('',*,*,#14569,.T.);
#14569 = EDGE_CURVE('',#13287,#14570,#14572,.T.);
#14570 = VERTEX_POINT('',#14571);
#14571 = CARTESIAN_POINT('',(19.5,87.,79.9));
#14572 = SEAM_CURVE('',#14573,(#14577,#14584),.PCURVE_S1.);
#14573 = LINE('',#14574,#14575);
#14574 = CARTESIAN_POINT('',(19.5,75.,79.9));
#14575 = VECTOR('',#14576,1.);
#14576 = DIRECTION('',(0.,1.,0.));
#14577 = PCURVE('',#13303,#14578);
#14578 = DEFINITIONAL_REPRESENTATION('',(#14579),#14583);
#14579 = LINE('',#14580,#14581);
#14580 = CARTESIAN_POINT('',(6.28318530718,-0.));
#14581 = VECTOR('',#14582,1.);
#14582 = DIRECTION('',(0.,1.));
#14583 = ( GEOMETRIC_REPRESENTATION_CONTEXT(2)
PARAMETRIC_REPRESENTATION_CONTEXT() REPRESENTATION_CONTEXT('2D SPACE',''
  ) );
#14584 = PCURVE('',#13303,#14585);
#14585 = DEFINITIONAL_REPRESENTATION('',(#14586),#14590);
#14586 = LINE('',#14587,#14588);
#14587 = CARTESIAN_POINT('',(0.,-0.));
#14588 = VECTOR('',#14589,1.);
#14589 = DIRECTION('',(0.,1.));
#14590 = ( GEOMETRIC_REPRESENTATION_CONTEXT(2)
PARAMETRIC_REPRESENTATION_CONTEXT() REPRESENTATION_CONTEXT('2D SPACE',''
  ) );
#14591 = ORIENTED_EDGE('',*,*,#14592,.F.);
#14592 = EDGE_CURVE('',#14570,#14570,#14593,.T.);
#14593 = SURFACE_CURVE('',#14594,(#14599,#14606),.PCURVE_S1.);
#14594 = CIRCLE('',#14595,1.4);
#14595 = AXIS2_PLACEMENT_3D('',#14596,#14597,#14598);
#14596 = CARTESIAN_POINT('',(19.5,87.,78.5));
#14597 = DIRECTION('',(0.,1.,0.));
#14598 = DIRECTION('',(0.,-0.,1.));
#14599 = PCURVE('',#13303,#14600);
#14600 = DEFINITIONAL_REPRESENTATION('',(#14601),#14605);
#14601 = LINE('',#14602,#14603);
#14602 = CARTESIAN_POINT('',(0.,12.));
#14603 = VECTOR('',#14604,1.);
#14604 = DIRECTION('',(1.,0.));
#14605 = ( GEOMETRIC_REPRESENTATION_CONTEXT(2)
PARAMETRIC_REPRESENTATION_CONTEXT() REPRESENTATION_CONTEXT('2D SPACE',''
  ) );
#14606 = PCURVE('',#14607,#14612);
#14607 = PLANE('',#14608);
#14608 = AXIS2_PLACEMENT_3D('',#14609,#14610,#14611);
#14609 = CARTESIAN_POINT('',(19.5,87.,78.5));
#14610 = DIRECTION('',(0.,1.,0.));
#14611 = DIRECTION('',(0.,-0.,1.));
#14612 = DEFINITIONAL_REPRESENTATION('',(#14613),#14617);
#14613 = CIRCLE('',#14614,1.4);
#14614 = AXIS2_PLACEMENT_2D('',#14615,#14616);
#14615 = CARTESIAN_POINT('',(0.,0.));
#14616 = DIRECTION('',(1.,0.));
#14617 = ( GEOMETRIC_REPRESENTATION_CONTEXT(2)
PARAMETRIC_REPRESENTATION_CONTEXT() REPRESENTATION_CONTEXT('2D SPACE',''
  ) );
#14618 = ORIENTED_EDGE('',*,*,#14569,.F.);
#14619 = ORIENTED_EDGE('',*,*,#13286,.T.);
#14620 = ADVANCED_FACE('',(#14621),#13338,.F.);
#14621 = FACE_BOUND('',#14622,.F.);
#14622 = EDGE_LOOP('',(#14623,#14646,#14673,#14674));
#14623 = ORIENTED_EDGE('',*,*,#14624,.T.);
#14624 = EDGE_CURVE('',#13322,#14625,#14627,.T.);
#14625 = VERTEX_POINT('',#14626);
#14626 = CARTESIAN_POINT('',(19.5,87.,139.9));
#14627 = SEAM_CURVE('',#14628,(#14632,#14639),.PCURVE_S1.);
#14628 = LINE('',#14629,#14630);
#14629 = CARTESIAN_POINT('',(19.5,75.,139.9));
#14630 = VECTOR('',#14631,1.);
#14631 = DIRECTION('',(0.,1.,0.));
#14632 = PCURVE('',#13338,#14633);
#14633 = DEFINITIONAL_REPRESENTATION('',(#14634),#14638);
#14634 = LINE('',#14635,#14636);
#14635 = CARTESIAN_POINT('',(6.28318530718,-0.));
#14636 = VECTOR('',#14637,1.);
#14637 = DIRECTION('',(0.,1.));
#14638 = ( GEOMETRIC_REPRESENTATION_CONTEXT(2)
PARAMETRIC_REPRESENTATION_CONTEXT() REPRESENTATION_CONTEXT('2D SPACE',''
  ) );
#14639 = PCURVE('',#13338,#14640);
#14640 = DEFINITIONAL_REPRESENTATION('',(#14641),#14645);
#14641 = LINE('',#14642,#14643);
#14642 = CARTESIAN_POINT('',(0.,-0.));
#14643 = VECTOR('',#14644,1.);
#14644 = DIRECTION('',(0.,1.));
#14645 = ( GEOMETRIC_REPRESENTATION_CONTEXT(2)
PARAMETRIC_REPRESENTATION_CONTEXT() REPRESENTATION_CONTEXT('2D SPACE',''
  ) );
#14646 = ORIENTED_EDGE('',*,*,#14647,.F.);
#14647 = EDGE_CURVE('',#14625,#14625,#14648,.T.);
#14648 = SURFACE_CURVE('',#14649,(#14654,#14661),.PCURVE_S1.);
#14649 = CIRCLE('',#14650,1.4);
#14650 = AXIS2_PLACEMENT_3D('',#14651,#14652,#14653);
#14651 = CARTESIAN_POINT('',(19.5,87.,138.5));
#14652 = DIRECTION('',(0.,1.,0.));
#14653 = DIRECTION('',(0.,-0.,1.));
#14654 = PCURVE('',#13338,#14655);
#14655 = DEFINITIONAL_REPRESENTATION('',(#14656),#14660);
#14656 = LINE('',#14657,#14658);
#14657 = CARTESIAN_POINT('',(0.,12.));
#14658 = VECTOR('',#14659,1.);
#14659 = DIRECTION('',(1.,0.));
#14660 = ( GEOMETRIC_REPRESENTATION_CONTEXT(2)
PARAMETRIC_REPRESENTATION_CONTEXT() REPRESENTATION_CONTEXT('2D SPACE',''
  ) );
#14661 = PCURVE('',#14662,#14667);
#14662 = PLANE('',#14663);
#14663 = AXIS2_PLACEMENT_3D('',#14664,#14665,#14666);
#14664 = CARTESIAN_POINT('',(19.5,87.,138.5));
#14665 = DIRECTION('',(0.,1.,0.));
#14666 = DIRECTION('',(0.,-0.,1.));
#14667 = DEFINITIONAL_REPRESENTATION('',(#14668),#14672);
#14668 = CIRCLE('',#14669,1.4);
#14669 = AXIS2_PLACEMENT_2D('',#14670,#14671);
#14670 = CARTESIAN_POINT('',(0.,0.));
#14671 = DIRECTION('',(1.,0.));
#14672 = ( GEOMETRIC_REPRESENTATION_CONTEXT(2)
PARAMETRIC_REPRESENTATION_CONTEXT() REPRESENTATION_CONTEXT('2D SPACE',''
  ) );
#14673 = ORIENTED_EDGE('',*,*,#14624,.F.);
#14674 = ORIENTED_EDGE('',*,*,#13321,.T.);
#14675 = ADVANCED_FACE('',(#14676),#13373,.F.);
#14676 = FACE_BOUND('',#14677,.F.);
#14677 = EDGE_LOOP('',(#14678,#14701,#14728,#14729));
#14678 = ORIENTED_EDGE('',*,*,#14679,.T.);
#14679 = EDGE_CURVE('',#13357,#14680,#14682,.T.);
#14680 = VERTEX_POINT('',#14681);
#14681 = CARTESIAN_POINT('',(76.5,87.,79.9));
#14682 = SEAM_CURVE('',#14683,(#14687,#14694),.PCURVE_S1.);
#14683 = LINE('',#14684,#14685);
#14684 = CARTESIAN_POINT('',(76.5,75.,79.9));
#14685 = VECTOR('',#14686,1.);
#14686 = DIRECTION('',(0.,1.,0.));
#14687 = PCURVE('',#13373,#14688);
#14688 = DEFINITIONAL_REPRESENTATION('',(#14689),#14693);
#14689 = LINE('',#14690,#14691);
#14690 = CARTESIAN_POINT('',(6.28318530718,-0.));
#14691 = VECTOR('',#14692,1.);
#14692 = DIRECTION('',(0.,1.));
#14693 = ( GEOMETRIC_REPRESENTATION_CONTEXT(2)
PARAMETRIC_REPRESENTATION_CONTEXT() REPRESENTATION_CONTEXT('2D SPACE',''
  ) );
#14694 = PCURVE('',#13373,#14695);
#14695 = DEFINITIONAL_REPRESENTATION('',(#14696),#14700);
#14696 = LINE('',#14697,#14698);
#14697 = CARTESIAN_POINT('',(0.,-0.));
#14698 = VECTOR('',#14699,1.);
#14699 = DIRECTION('',(0.,1.));
#14700 = ( GEOMETRIC_REPRESENTATION_CONTEXT(2)
PARAMETRIC_REPRESENTATION_CONTEXT() REPRESENTATION_CONTEXT('2D SPACE',''
  ) );
#14701 = ORIENTED_EDGE('',*,*,#14702,.F.);
#14702 = EDGE_CURVE('',#14680,#14680,#14703,.T.);
#14703 = SURFACE_CURVE('',#14704,(#14709,#14716),.PCURVE_S1.);
#14704 = CIRCLE('',#14705,1.4);
#14705 = AXIS2_PLACEMENT_3D('',#14706,#14707,#14708);
#14706 = CARTESIAN_POINT('',(76.5,87.,78.5));
#14707 = DIRECTION('',(0.,1.,0.));
#14708 = DIRECTION('',(0.,-0.,1.));
#14709 = PCURVE('',#13373,#14710);
#14710 = DEFINITIONAL_REPRESENTATION('',(#14711),#14715);
#14711 = LINE('',#14712,#14713);
#14712 = CARTESIAN_POINT('',(0.,12.));
#14713 = VECTOR('',#14714,1.);
#14714 = DIRECTION('',(1.,0.));
#14715 = ( GEOMETRIC_REPRESENTATION_CONTEXT(2)
PARAMETRIC_REPRESENTATION_CONTEXT() REPRESENTATION_CONTEXT('2D SPACE',''
  ) );
#14716 = PCURVE('',#14717,#14722);
#14717 = PLANE('',#14718);
#14718 = AXIS2_PLACEMENT_3D('',#14719,#14720,#14721);
#14719 = CARTESIAN_POINT('',(76.5,87.,78.5));
#14720 = DIRECTION('',(0.,1.,0.));
#14721 = DIRECTION('',(0.,-0.,1.));
#14722 = DEFINITIONAL_REPRESENTATION('',(#14723),#14727);
#14723 = CIRCLE('',#14724,1.4);
#14724 = AXIS2_PLACEMENT_2D('',#14725,#14726);
#14725 = CARTESIAN_POINT('',(0.,0.));
#14726 = DIRECTION('',(1.,0.));
#14727 = ( GEOMETRIC_REPRESENTATION_CONTEXT(2)
PARAMETRIC_REPRESENTATION_CONTEXT() REPRESENTATION_CONTEXT('2D SPACE',''
  ) );
#14728 = ORIENTED_EDGE('',*,*,#14679,.F.);
#14729 = ORIENTED_EDGE('',*,*,#13356,.T.);
#14730 = ADVANCED_FACE('',(#14731),#13505,.T.);
#14731 = FACE_BOUND('',#14732,.T.);
#14732 = EDGE_LOOP('',(#14733,#14734,#14757,#14779));
#14733 = ORIENTED_EDGE('',*,*,#13488,.T.);
#14734 = ORIENTED_EDGE('',*,*,#14735,.T.);
#14735 = EDGE_CURVE('',#13489,#14736,#14738,.T.);
#14736 = VERTEX_POINT('',#14737);
#14737 = CARTESIAN_POINT('',(108.,-8.881784197001E-16,60.));
#14738 = SURFACE_CURVE('',#14739,(#14743,#14750),.PCURVE_S1.);
#14739 = LINE('',#14740,#14741);
#14740 = CARTESIAN_POINT('',(108.,-8.881784197001E-16,0.));
#14741 = VECTOR('',#14742,1.);
#14742 = DIRECTION('',(0.,0.,1.));
#14743 = PCURVE('',#13505,#14744);
#14744 = DEFINITIONAL_REPRESENTATION('',(#14745),#14749);
#14745 = LINE('',#14746,#14747);
#14746 = CARTESIAN_POINT('',(1.570796326795,0.));
#14747 = VECTOR('',#14748,1.);
#14748 = DIRECTION('',(0.,1.));
#14749 = ( GEOMETRIC_REPRESENTATION_CONTEXT(2)
PARAMETRIC_REPRESENTATION_CONTEXT() REPRESENTATION_CONTEXT('2D SPACE',''
  ) );
#14750 = PCURVE('',#13533,#14751);
#14751 = DEFINITIONAL_REPRESENTATION('',(#14752),#14756);
#14752 = LINE('',#14753,#14754);
#14753 = CARTESIAN_POINT('',(0.,7.));
#14754 = VECTOR('',#14755,1.);
#14755 = DIRECTION('',(1.,0.));
#14756 = ( GEOMETRIC_REPRESENTATION_CONTEXT(2)
PARAMETRIC_REPRESENTATION_CONTEXT() REPRESENTATION_CONTEXT('2D SPACE',''
  ) );
#14757 = ORIENTED_EDGE('',*,*,#14758,.F.);
#14758 = EDGE_CURVE('',#14424,#14736,#14759,.T.);
#14759 = SURFACE_CURVE('',#14760,(#14765,#14772),.PCURVE_S1.);
#14760 = CIRCLE('',#14761,7.);
#14761 = AXIS2_PLACEMENT_3D('',#14762,#14763,#14764);
#14762 = CARTESIAN_POINT('',(108.,7.,60.));
#14763 = DIRECTION('',(0.,0.,1.));
#14764 = DIRECTION('',(0.,-1.,0.));
#14765 = PCURVE('',#13505,#14766);
#14766 = DEFINITIONAL_REPRESENTATION('',(#14767),#14771);
#14767 = LINE('',#14768,#14769);
#14768 = CARTESIAN_POINT('',(-4.712388980385,60.));
#14769 = VECTOR('',#14770,1.);
#14770 = DIRECTION('',(1.,0.));
#14771 = ( GEOMETRIC_REPRESENTATION_CONTEXT(2)
PARAMETRIC_REPRESENTATION_CONTEXT() REPRESENTATION_CONTEXT('2D SPACE',''
  ) );
#14772 = PCURVE('',#14441,#14773);
#14773 = DEFINITIONAL_REPRESENTATION('',(#14774),#14778);
#14774 = CIRCLE('',#14775,7.);
#14775 = AXIS2_PLACEMENT_2D('',#14776,#14777);
#14776 = CARTESIAN_POINT('',(7.,7.));
#14777 = DIRECTION('',(0.,-1.));
#14778 = ( GEOMETRIC_REPRESENTATION_CONTEXT(2)
PARAMETRIC_REPRESENTATION_CONTEXT() REPRESENTATION_CONTEXT('2D SPACE',''
  ) );
#14779 = ORIENTED_EDGE('',*,*,#14453,.F.);
#14780 = ADVANCED_FACE('',(#14781),#13533,.F.);
#14781 = FACE_BOUND('',#14782,.F.);
#14782 = EDGE_LOOP('',(#14783,#14784,#14785,#14808));
#14783 = ORIENTED_EDGE('',*,*,#13517,.F.);
#14784 = ORIENTED_EDGE('',*,*,#14735,.T.);
#14785 = ORIENTED_EDGE('',*,*,#14786,.T.);
#14786 = EDGE_CURVE('',#14736,#14787,#14789,.T.);
#14787 = VERTEX_POINT('',#14788);
#14788 = CARTESIAN_POINT('',(200.,-8.881784197001E-16,60.));
#14789 = SURFACE_CURVE('',#14790,(#14794,#14801),.PCURVE_S1.);
#14790 = LINE('',#14791,#14792);
#14791 = CARTESIAN_POINT('',(101.,0.,60.));
#14792 = VECTOR('',#14793,1.);
#14793 = DIRECTION('',(1.,0.,-0.));
#14794 = PCURVE('',#13533,#14795);
#14795 = DEFINITIONAL_REPRESENTATION('',(#14796),#14800);
#14796 = LINE('',#14797,#14798);
#14797 = CARTESIAN_POINT('',(60.,0.));
#14798 = VECTOR('',#14799,1.);
#14799 = DIRECTION('',(0.,1.));
#14800 = ( GEOMETRIC_REPRESENTATION_CONTEXT(2)
PARAMETRIC_REPRESENTATION_CONTEXT() REPRESENTATION_CONTEXT('2D SPACE',''
  ) );
#14801 = PCURVE('',#14441,#14802);
#14802 = DEFINITIONAL_REPRESENTATION('',(#14803),#14807);
#14803 = LINE('',#14804,#14805);
#14804 = CARTESIAN_POINT('',(0.,0.));
#14805 = VECTOR('',#14806,1.);
#14806 = DIRECTION('',(1.,0.));
#14807 = ( GEOMETRIC_REPRESENTATION_CONTEXT(2)
PARAMETRIC_REPRESENTATION_CONTEXT() REPRESENTATION_CONTEXT('2D SPACE',''
  ) );
#14808 = ORIENTED_EDGE('',*,*,#14809,.F.);
#14809 = EDGE_CURVE('',#13518,#14787,#14810,.T.);
#14810 = SURFACE_CURVE('',#14811,(#14815,#14822),.PCURVE_S1.);
#14811 = LINE('',#14812,#14813);
#14812 = CARTESIAN_POINT('',(200.,-8.881784197001E-16,0.));
#14813 = VECTOR('',#14814,1.);
#14814 = DIRECTION('',(0.,0.,1.));
#14815 = PCURVE('',#13533,#14816);
#14816 = DEFINITIONAL_REPRESENTATION('',(#14817),#14821);
#14817 = LINE('',#14818,#14819);
#14818 = CARTESIAN_POINT('',(0.,99.));
#14819 = VECTOR('',#14820,1.);
#14820 = DIRECTION('',(1.,0.));
#14821 = ( GEOMETRIC_REPRESENTATION_CONTEXT(2)
PARAMETRIC_REPRESENTATION_CONTEXT() REPRESENTATION_CONTEXT('2D SPACE',''
  ) );
#14822 = PCURVE('',#13566,#14823);
#14823 = DEFINITIONAL_REPRESENTATION('',(#14824),#14828);
#14824 = LINE('',#14825,#14826);
#14825 = CARTESIAN_POINT('',(-1.570796326795,0.));
#14826 = VECTOR('',#14827,1.);
#14827 = DIRECTION('',(-0.,1.));
#14828 = ( GEOMETRIC_REPRESENTATION_CONTEXT(2)
PARAMETRIC_REPRESENTATION_CONTEXT() REPRESENTATION_CONTEXT('2D SPACE',''
  ) );
#14829 = ADVANCED_FACE('',(#14830),#13566,.T.);
#14830 = FACE_BOUND('',#14831,.F.);
#14831 = EDGE_LOOP('',(#14832,#14833,#14834,#14862));
#14832 = ORIENTED_EDGE('',*,*,#13545,.T.);
#14833 = ORIENTED_EDGE('',*,*,#14809,.T.);
#14834 = ORIENTED_EDGE('',*,*,#14835,.F.);
#14835 = EDGE_CURVE('',#14836,#14787,#14838,.T.);
#14836 = VERTEX_POINT('',#14837);
#14837 = CARTESIAN_POINT('',(207.,7.,60.));
#14838 = SURFACE_CURVE('',#14839,(#14844,#14851),.PCURVE_S1.);
#14839 = CIRCLE('',#14840,7.);
#14840 = AXIS2_PLACEMENT_3D('',#14841,#14842,#14843);
#14841 = CARTESIAN_POINT('',(200.,7.,60.));
#14842 = DIRECTION('',(-0.,-0.,-1.));
#14843 = DIRECTION('',(0.,-1.,0.));
#14844 = PCURVE('',#13566,#14845);
#14845 = DEFINITIONAL_REPRESENTATION('',(#14846),#14850);
#14846 = LINE('',#14847,#14848);
#14847 = CARTESIAN_POINT('',(4.712388980385,60.));
#14848 = VECTOR('',#14849,1.);
#14849 = DIRECTION('',(-1.,0.));
#14850 = ( GEOMETRIC_REPRESENTATION_CONTEXT(2)
PARAMETRIC_REPRESENTATION_CONTEXT() REPRESENTATION_CONTEXT('2D SPACE',''
  ) );
#14851 = PCURVE('',#14441,#14852);
#14852 = DEFINITIONAL_REPRESENTATION('',(#14853),#14861);
#14853 = ( BOUNDED_CURVE() B_SPLINE_CURVE(2,(#14854,#14855,#14856,#14857
    ,#14858,#14859,#14860),.UNSPECIFIED.,.T.,.F.)
B_SPLINE_CURVE_WITH_KNOTS((1,2,2,2,2,1),(-2.094395102393,0.,
    2.094395102393,4.188790204786,6.28318530718,8.377580409573),
.UNSPECIFIED.) CURVE() GEOMETRIC_REPRESENTATION_ITEM()
RATIONAL_B_SPLINE_CURVE((1.,0.5,1.,0.5,1.,0.5,1.)) REPRESENTATION_ITEM(
  '') );
#14854 = CARTESIAN_POINT('',(99.,-8.881784197001E-16));
#14855 = CARTESIAN_POINT('',(86.875644347018,-8.881784197001E-16));
#14856 = CARTESIAN_POINT('',(92.937822173509,10.5));
#14857 = CARTESIAN_POINT('',(99.,21.));
#14858 = CARTESIAN_POINT('',(105.06217782649,10.5));
#14859 = CARTESIAN_POINT('',(111.12435565298,9.769962616701E-15));
#14860 = CARTESIAN_POINT('',(99.,-8.881784197001E-16));
#14861 = ( GEOMETRIC_REPRESENTATION_CONTEXT(2)
PARAMETRIC_REPRESENTATION_CONTEXT() REPRESENTATION_CONTEXT('2D SPACE',''
  ) );
#14862 = ORIENTED_EDGE('',*,*,#14863,.F.);
#14863 = EDGE_CURVE('',#13546,#14836,#14864,.T.);
#14864 = SURFACE_CURVE('',#14865,(#14869,#14876),.PCURVE_S1.);
#14865 = LINE('',#14866,#14867);
#14866 = CARTESIAN_POINT('',(207.,7.,0.));
#14867 = VECTOR('',#14868,1.);
#14868 = DIRECTION('',(0.,0.,1.));
#14869 = PCURVE('',#13566,#14870);
#14870 = DEFINITIONAL_REPRESENTATION('',(#14871),#14875);
#14871 = LINE('',#14872,#14873);
#14872 = CARTESIAN_POINT('',(-0.,0.));
#14873 = VECTOR('',#14874,1.);
#14874 = DIRECTION('',(-0.,1.));
#14875 = ( GEOMETRIC_REPRESENTATION_CONTEXT(2)
PARAMETRIC_REPRESENTATION_CONTEXT() REPRESENTATION_CONTEXT('2D SPACE',''
  ) );
#14876 = PCURVE('',#13594,#14877);
#14877 = DEFINITIONAL_REPRESENTATION('',(#14878),#14882);
#14878 = LINE('',#14879,#14880);
#14879 = CARTESIAN_POINT('',(0.,-7.));
#14880 = VECTOR('',#14881,1.);
#14881 = DIRECTION('',(1.,0.));
#14882 = ( GEOMETRIC_REPRESENTATION_CONTEXT(2)
PARAMETRIC_REPRESENTATION_CONTEXT() REPRESENTATION_CONTEXT('2D SPACE',''
  ) );
#14883 = ADVANCED_FACE('',(#14884),#13594,.T.);
#14884 = FACE_BOUND('',#14885,.T.);
#14885 = EDGE_LOOP('',(#14886,#14909,#14910,#14911));
#14886 = ORIENTED_EDGE('',*,*,#14887,.F.);
#14887 = EDGE_CURVE('',#14836,#14888,#14890,.T.);
#14888 = VERTEX_POINT('',#14889);
#14889 = CARTESIAN_POINT('',(207.,93.,60.));
#14890 = SURFACE_CURVE('',#14891,(#14895,#14902),.PCURVE_S1.);
#14891 = LINE('',#14892,#14893);
#14892 = CARTESIAN_POINT('',(207.,0.,60.));
#14893 = VECTOR('',#14894,1.);
#14894 = DIRECTION('',(-0.,1.,0.));
#14895 = PCURVE('',#13594,#14896);
#14896 = DEFINITIONAL_REPRESENTATION('',(#14897),#14901);
#14897 = LINE('',#14898,#14899);
#14898 = CARTESIAN_POINT('',(60.,0.));
#14899 = VECTOR('',#14900,1.);
#14900 = DIRECTION('',(0.,-1.));
#14901 = ( GEOMETRIC_REPRESENTATION_CONTEXT(2)
PARAMETRIC_REPRESENTATION_CONTEXT() REPRESENTATION_CONTEXT('2D SPACE',''
  ) );
#14902 = PCURVE('',#14441,#14903);
#14903 = DEFINITIONAL_REPRESENTATION('',(#14904),#14908);
#14904 = LINE('',#14905,#14906);
#14905 = CARTESIAN_POINT('',(106.,0.));
#14906 = VECTOR('',#14907,1.);
#14907 = DIRECTION('',(0.,1.));
#14908 = ( GEOMETRIC_REPRESENTATION_CONTEXT(2)
PARAMETRIC_REPRESENTATION_CONTEXT() REPRESENTATION_CONTEXT('2D SPACE',''
  ) );
#14909 = ORIENTED_EDGE('',*,*,#14863,.F.);
#14910 = ORIENTED_EDGE('',*,*,#13578,.T.);
#14911 = ORIENTED_EDGE('',*,*,#14912,.T.);
#14912 = EDGE_CURVE('',#13579,#14888,#14913,.T.);
#14913 = SURFACE_CURVE('',#14914,(#14918,#14925),.PCURVE_S1.);
#14914 = LINE('',#14915,#14916);
#14915 = CARTESIAN_POINT('',(207.,93.,0.));
#14916 = VECTOR('',#14917,1.);
#14917 = DIRECTION('',(0.,0.,1.));
#14918 = PCURVE('',#13594,#14919);
#14919 = DEFINITIONAL_REPRESENTATION('',(#14920),#14924);
#14920 = LINE('',#14921,#14922);
#14921 = CARTESIAN_POINT('',(0.,-93.));
#14922 = VECTOR('',#14923,1.);
#14923 = DIRECTION('',(1.,0.));
#14924 = ( GEOMETRIC_REPRESENTATION_CONTEXT(2)
PARAMETRIC_REPRESENTATION_CONTEXT() REPRESENTATION_CONTEXT('2D SPACE',''
  ) );
#14925 = PCURVE('',#13623,#14926);
#14926 = DEFINITIONAL_REPRESENTATION('',(#14927),#14931);
#14927 = LINE('',#14928,#14929);
#14928 = CARTESIAN_POINT('',(0.,0.));
#14929 = VECTOR('',#14930,1.);
#14930 = DIRECTION('',(0.,1.));
#14931 = ( GEOMETRIC_REPRESENTATION_CONTEXT(2)
PARAMETRIC_REPRESENTATION_CONTEXT() REPRESENTATION_CONTEXT('2D SPACE',''
  ) );
#14932 = ADVANCED_FACE('',(#14933),#13623,.T.);
#14933 = FACE_BOUND('',#14934,.T.);
#14934 = EDGE_LOOP('',(#14935,#14936,#14959,#14981));
#14935 = ORIENTED_EDGE('',*,*,#13606,.T.);
#14936 = ORIENTED_EDGE('',*,*,#14937,.T.);
#14937 = EDGE_CURVE('',#13607,#14938,#14940,.T.);
#14938 = VERTEX_POINT('',#14939);
#14939 = CARTESIAN_POINT('',(200.,100.,60.));
#14940 = SURFACE_CURVE('',#14941,(#14945,#14952),.PCURVE_S1.);
#14941 = LINE('',#14942,#14943);
#14942 = CARTESIAN_POINT('',(200.,100.,0.));
#14943 = VECTOR('',#14944,1.);
#14944 = DIRECTION('',(0.,0.,1.));
#14945 = PCURVE('',#13623,#14946);
#14946 = DEFINITIONAL_REPRESENTATION('',(#14947),#14951);
#14947 = LINE('',#14948,#14949);
#14948 = CARTESIAN_POINT('',(1.570796326795,0.));
#14949 = VECTOR('',#14950,1.);
#14950 = DIRECTION('',(0.,1.));
#14951 = ( GEOMETRIC_REPRESENTATION_CONTEXT(2)
PARAMETRIC_REPRESENTATION_CONTEXT() REPRESENTATION_CONTEXT('2D SPACE',''
  ) );
#14952 = PCURVE('',#13651,#14953);
#14953 = DEFINITIONAL_REPRESENTATION('',(#14954),#14958);
#14954 = LINE('',#14955,#14956);
#14955 = CARTESIAN_POINT('',(0.,99.));
#14956 = VECTOR('',#14957,1.);
#14957 = DIRECTION('',(1.,0.));
#14958 = ( GEOMETRIC_REPRESENTATION_CONTEXT(2)
PARAMETRIC_REPRESENTATION_CONTEXT() REPRESENTATION_CONTEXT('2D SPACE',''
  ) );
#14959 = ORIENTED_EDGE('',*,*,#14960,.F.);
#14960 = EDGE_CURVE('',#14888,#14938,#14961,.T.);
#14961 = SURFACE_CURVE('',#14962,(#14967,#14974),.PCURVE_S1.);
#14962 = CIRCLE('',#14963,7.);
#14963 = AXIS2_PLACEMENT_3D('',#14964,#14965,#14966);
#14964 = CARTESIAN_POINT('',(200.,93.,60.));
#14965 = DIRECTION('',(0.,0.,1.));
#14966 = DIRECTION('',(0.,-1.,0.));
#14967 = PCURVE('',#13623,#14968);
#14968 = DEFINITIONAL_REPRESENTATION('',(#14969),#14973);
#14969 = LINE('',#14970,#14971);
#14970 = CARTESIAN_POINT('',(-1.570796326795,60.));
#14971 = VECTOR('',#14972,1.);
#14972 = DIRECTION('',(1.,0.));
#14973 = ( GEOMETRIC_REPRESENTATION_CONTEXT(2)
PARAMETRIC_REPRESENTATION_CONTEXT() REPRESENTATION_CONTEXT('2D SPACE',''
  ) );
#14974 = PCURVE('',#14441,#14975);
#14975 = DEFINITIONAL_REPRESENTATION('',(#14976),#14980);
#14976 = CIRCLE('',#14977,7.);
#14977 = AXIS2_PLACEMENT_2D('',#14978,#14979);
#14978 = CARTESIAN_POINT('',(99.,93.));
#14979 = DIRECTION('',(0.,-1.));
#14980 = ( GEOMETRIC_REPRESENTATION_CONTEXT(2)
PARAMETRIC_REPRESENTATION_CONTEXT() REPRESENTATION_CONTEXT('2D SPACE',''
  ) );
#14981 = ORIENTED_EDGE('',*,*,#14912,.F.);
#14982 = ADVANCED_FACE('',(#14983),#13651,.T.);
#14983 = FACE_BOUND('',#14984,.T.);
#14984 = EDGE_LOOP('',(#14985,#14986,#15009,#15030));
#14985 = ORIENTED_EDGE('',*,*,#13635,.F.);
#14986 = ORIENTED_EDGE('',*,*,#14987,.T.);
#14987 = EDGE_CURVE('',#13636,#14988,#14990,.T.);
#14988 = VERTEX_POINT('',#14989);
#14989 = CARTESIAN_POINT('',(108.,100.,60.));
#14990 = SURFACE_CURVE('',#14991,(#14995,#15002),.PCURVE_S1.);
#14991 = LINE('',#14992,#14993);
#14992 = CARTESIAN_POINT('',(108.,100.,0.));
#14993 = VECTOR('',#14994,1.);
#14994 = DIRECTION('',(0.,0.,1.));
#14995 = PCURVE('',#13651,#14996);
#14996 = DEFINITIONAL_REPRESENTATION('',(#14997),#15001);
#14997 = LINE('',#14998,#14999);
#14998 = CARTESIAN_POINT('',(0.,7.));
#14999 = VECTOR('',#15000,1.);
#15000 = DIRECTION('',(1.,0.));
#15001 = ( GEOMETRIC_REPRESENTATION_CONTEXT(2)
PARAMETRIC_REPRESENTATION_CONTEXT() REPRESENTATION_CONTEXT('2D SPACE',''
  ) );
#15002 = PCURVE('',#13684,#15003);
#15003 = DEFINITIONAL_REPRESENTATION('',(#15004),#15008);
#15004 = LINE('',#15005,#15006);
#15005 = CARTESIAN_POINT('',(-1.570796326795,0.));
#15006 = VECTOR('',#15007,1.);
#15007 = DIRECTION('',(-0.,1.));
#15008 = ( GEOMETRIC_REPRESENTATION_CONTEXT(2)
PARAMETRIC_REPRESENTATION_CONTEXT() REPRESENTATION_CONTEXT('2D SPACE',''
  ) );
#15009 = ORIENTED_EDGE('',*,*,#15010,.T.);
#15010 = EDGE_CURVE('',#14988,#14938,#15011,.T.);
#15011 = SURFACE_CURVE('',#15012,(#15016,#15023),.PCURVE_S1.);
#15012 = LINE('',#15013,#15014);
#15013 = CARTESIAN_POINT('',(101.,100.,60.));
#15014 = VECTOR('',#15015,1.);
#15015 = DIRECTION('',(1.,0.,-0.));
#15016 = PCURVE('',#13651,#15017);
#15017 = DEFINITIONAL_REPRESENTATION('',(#15018),#15022);
#15018 = LINE('',#15019,#15020);
#15019 = CARTESIAN_POINT('',(60.,0.));
#15020 = VECTOR('',#15021,1.);
#15021 = DIRECTION('',(0.,1.));
#15022 = ( GEOMETRIC_REPRESENTATION_CONTEXT(2)
PARAMETRIC_REPRESENTATION_CONTEXT() REPRESENTATION_CONTEXT('2D SPACE',''
  ) );
#15023 = PCURVE('',#14441,#15024);
#15024 = DEFINITIONAL_REPRESENTATION('',(#15025),#15029);
#15025 = LINE('',#15026,#15027);
#15026 = CARTESIAN_POINT('',(0.,100.));
#15027 = VECTOR('',#15028,1.);
#15028 = DIRECTION('',(1.,0.));
#15029 = ( GEOMETRIC_REPRESENTATION_CONTEXT(2)
PARAMETRIC_REPRESENTATION_CONTEXT() REPRESENTATION_CONTEXT('2D SPACE',''
  ) );
#15030 = ORIENTED_EDGE('',*,*,#14937,.F.);
#15031 = ADVANCED_FACE('',(#15032),#13684,.T.);
#15032 = FACE_BOUND('',#15033,.F.);
#15033 = EDGE_LOOP('',(#15034,#15035,#15036,#15062));
#15034 = ORIENTED_EDGE('',*,*,#13663,.T.);
#15035 = ORIENTED_EDGE('',*,*,#14987,.T.);
#15036 = ORIENTED_EDGE('',*,*,#15037,.F.);
#15037 = EDGE_CURVE('',#14426,#14988,#15038,.T.);
#15038 = SURFACE_CURVE('',#15039,(#15044,#15051),.PCURVE_S1.);
#15039 = CIRCLE('',#15040,7.);
#15040 = AXIS2_PLACEMENT_3D('',#15041,#15042,#15043);
#15041 = CARTESIAN_POINT('',(108.,93.,60.));
#15042 = DIRECTION('',(-0.,-0.,-1.));
#15043 = DIRECTION('',(0.,-1.,0.));
#15044 = PCURVE('',#13684,#15045);
#15045 = DEFINITIONAL_REPRESENTATION('',(#15046),#15050);
#15046 = LINE('',#15047,#15048);
#15047 = CARTESIAN_POINT('',(1.570796326795,60.));
#15048 = VECTOR('',#15049,1.);
#15049 = DIRECTION('',(-1.,0.));
#15050 = ( GEOMETRIC_REPRESENTATION_CONTEXT(2)
PARAMETRIC_REPRESENTATION_CONTEXT() REPRESENTATION_CONTEXT('2D SPACE',''
  ) );
#15051 = PCURVE('',#14441,#15052);
#15052 = DEFINITIONAL_REPRESENTATION('',(#15053),#15061);
#15053 = ( BOUNDED_CURVE() B_SPLINE_CURVE(2,(#15054,#15055,#15056,#15057
    ,#15058,#15059,#15060),.UNSPECIFIED.,.T.,.F.)
B_SPLINE_CURVE_WITH_KNOTS((1,2,2,2,2,1),(-2.094395102393,0.,
    2.094395102393,4.188790204786,6.28318530718,8.377580409573),
.UNSPECIFIED.) CURVE() GEOMETRIC_REPRESENTATION_ITEM()
RATIONAL_B_SPLINE_CURVE((1.,0.5,1.,0.5,1.,0.5,1.)) REPRESENTATION_ITEM(
  '') );
#15054 = CARTESIAN_POINT('',(7.,86.));
#15055 = CARTESIAN_POINT('',(-5.124355652982,86.));
#15056 = CARTESIAN_POINT('',(0.937822173509,96.5));
#15057 = CARTESIAN_POINT('',(7.,107.));
#15058 = CARTESIAN_POINT('',(13.062177826491,96.5));
#15059 = CARTESIAN_POINT('',(19.124355652982,86.));
#15060 = CARTESIAN_POINT('',(7.,86.));
#15061 = ( GEOMETRIC_REPRESENTATION_CONTEXT(2)
PARAMETRIC_REPRESENTATION_CONTEXT() REPRESENTATION_CONTEXT('2D SPACE',''
  ) );
#15062 = ORIENTED_EDGE('',*,*,#14479,.F.);
#15063 = ADVANCED_FACE('',(#15064),#13919,.T.);
#15064 = FACE_BOUND('',#15065,.T.);
#15065 = EDGE_LOOP('',(#15066,#15067,#15068,#15094));
#15066 = ORIENTED_EDGE('',*,*,#14087,.T.);
#15067 = ORIENTED_EDGE('',*,*,#14139,.T.);
#15068 = ORIENTED_EDGE('',*,*,#15069,.F.);
#15069 = EDGE_CURVE('',#13904,#14140,#15070,.T.);
#15070 = SURFACE_CURVE('',#15071,(#15075,#15082),.PCURVE_S1.);
#15071 = LINE('',#15072,#15073);
#15072 = CARTESIAN_POINT('',(103.7,98.,132.));
#15073 = VECTOR('',#15074,1.);
#15074 = DIRECTION('',(0.,0.,1.));
#15075 = PCURVE('',#13919,#15076);
#15076 = DEFINITIONAL_REPRESENTATION('',(#15077),#15081);
#15077 = LINE('',#15078,#15079);
#15078 = CARTESIAN_POINT('',(0.,8.7));
#15079 = VECTOR('',#15080,1.);
#15080 = DIRECTION('',(1.,0.));
#15081 = ( GEOMETRIC_REPRESENTATION_CONTEXT(2)
PARAMETRIC_REPRESENTATION_CONTEXT() REPRESENTATION_CONTEXT('2D SPACE',''
  ) );
#15082 = PCURVE('',#15083,#15088);
#15083 = PLANE('',#15084);
#15084 = AXIS2_PLACEMENT_3D('',#15085,#15086,#15087);
#15085 = CARTESIAN_POINT('',(103.85,97.85,132.));
#15086 = DIRECTION('',(0.707106781187,0.707106781187,0.));
#15087 = DIRECTION('',(-0.,0.,-1.));
#15088 = DEFINITIONAL_REPRESENTATION('',(#15089),#15093);
#15089 = LINE('',#15090,#15091);
#15090 = CARTESIAN_POINT('',(-0.,0.212132034356));
#15091 = VECTOR('',#15092,1.);
#15092 = DIRECTION('',(-1.,0.));
#15093 = ( GEOMETRIC_REPRESENTATION_CONTEXT(2)
PARAMETRIC_REPRESENTATION_CONTEXT() REPRESENTATION_CONTEXT('2D SPACE',''
  ) );
#15094 = ORIENTED_EDGE('',*,*,#13903,.F.);
#15095 = ADVANCED_FACE('',(#15096),#13945,.T.);
#15096 = FACE_BOUND('',#15097,.T.);
#15097 = EDGE_LOOP('',(#15098,#15099,#15100));
#15098 = ORIENTED_EDGE('',*,*,#14012,.F.);
#15099 = ORIENTED_EDGE('',*,*,#13931,.T.);
#15100 = ORIENTED_EDGE('',*,*,#15101,.F.);
#15101 = EDGE_CURVE('',#13985,#13904,#15102,.T.);
#15102 = SURFACE_CURVE('',#15103,(#15107,#15114),.PCURVE_S1.);
#15103 = LINE('',#15104,#15105);
#15104 = CARTESIAN_POINT('',(103.85,97.85,132.3));
#15105 = VECTOR('',#15106,1.);
#15106 = DIRECTION('',(-0.707106781187,0.707106781187,3.355569887739E-14
    ));
#15107 = PCURVE('',#13945,#15108);
#15108 = DEFINITIONAL_REPRESENTATION('',(#15109),#15113);
#15109 = LINE('',#15110,#15111);
#15110 = CARTESIAN_POINT('',(-5.015432513743E-15,0.367423461417));
#15111 = VECTOR('',#15112,1.);
#15112 = DIRECTION('',(1.,-4.099162491288E-14));
#15113 = ( GEOMETRIC_REPRESENTATION_CONTEXT(2)
PARAMETRIC_REPRESENTATION_CONTEXT() REPRESENTATION_CONTEXT('2D SPACE',''
  ) );
#15114 = PCURVE('',#15083,#15115);
#15115 = DEFINITIONAL_REPRESENTATION('',(#15116),#15120);
#15116 = LINE('',#15117,#15118);
#15117 = CARTESIAN_POINT('',(-0.3,0.));
#15118 = VECTOR('',#15119,1.);
#15119 = DIRECTION('',(-3.355569887739E-14,1.));
#15120 = ( GEOMETRIC_REPRESENTATION_CONTEXT(2)
PARAMETRIC_REPRESENTATION_CONTEXT() REPRESENTATION_CONTEXT('2D SPACE',''
  ) );
#15121 = ADVANCED_FACE('',(#15122),#14000,.T.);
#15122 = FACE_BOUND('',#15123,.T.);
#15123 = EDGE_LOOP('',(#15124,#15125,#15126,#15147));
#15124 = ORIENTED_EDGE('',*,*,#14370,.F.);
#15125 = ORIENTED_EDGE('',*,*,#13984,.T.);
#15126 = ORIENTED_EDGE('',*,*,#15127,.T.);
#15127 = EDGE_CURVE('',#13985,#14216,#15128,.T.);
#15128 = SURFACE_CURVE('',#15129,(#15133,#15140),.PCURVE_S1.);
#15129 = LINE('',#15130,#15131);
#15130 = CARTESIAN_POINT('',(104.,97.7,132.));
#15131 = VECTOR('',#15132,1.);
#15132 = DIRECTION('',(0.,0.,1.));
#15133 = PCURVE('',#14000,#15134);
#15134 = DEFINITIONAL_REPRESENTATION('',(#15135),#15139);
#15135 = LINE('',#15136,#15137);
#15136 = CARTESIAN_POINT('',(0.,-13.7));
#15137 = VECTOR('',#15138,1.);
#15138 = DIRECTION('',(1.,0.));
#15139 = ( GEOMETRIC_REPRESENTATION_CONTEXT(2)
PARAMETRIC_REPRESENTATION_CONTEXT() REPRESENTATION_CONTEXT('2D SPACE',''
  ) );
#15140 = PCURVE('',#15083,#15141);
#15141 = DEFINITIONAL_REPRESENTATION('',(#15142),#15146);
#15142 = LINE('',#15143,#15144);
#15143 = CARTESIAN_POINT('',(-0.,-0.212132034356));
#15144 = VECTOR('',#15145,1.);
#15145 = DIRECTION('',(-1.,0.));
#15146 = ( GEOMETRIC_REPRESENTATION_CONTEXT(2)
PARAMETRIC_REPRESENTATION_CONTEXT() REPRESENTATION_CONTEXT('2D SPACE',''
  ) );
#15147 = ORIENTED_EDGE('',*,*,#14215,.F.);
#15148 = ADVANCED_FACE('',(#15149),#14176,.T.);
#15149 = FACE_BOUND('',#15150,.T.);
#15150 = EDGE_LOOP('',(#15151,#15172,#15173));
#15151 = ORIENTED_EDGE('',*,*,#15152,.F.);
#15152 = EDGE_CURVE('',#14140,#14216,#15153,.T.);
#15153 = SURFACE_CURVE('',#15154,(#15158,#15165),.PCURVE_S1.);
#15154 = LINE('',#15155,#15156);
#15155 = CARTESIAN_POINT('',(103.775,97.925,135.7));
#15156 = VECTOR('',#15157,1.);
#15157 = DIRECTION('',(0.707106781187,-0.707106781187,
    -3.345955074308E-14));
#15158 = PCURVE('',#14176,#15159);
#15159 = DEFINITIONAL_REPRESENTATION('',(#15160),#15164);
#15160 = LINE('',#15161,#15162);
#15161 = CARTESIAN_POINT('',(-5.303300858902E-02,9.185586535442E-02));
#15162 = VECTOR('',#15163,1.);
#15163 = DIRECTION('',(-0.5,0.866025403784));
#15164 = ( GEOMETRIC_REPRESENTATION_CONTEXT(2)
PARAMETRIC_REPRESENTATION_CONTEXT() REPRESENTATION_CONTEXT('2D SPACE',''
  ) );
#15165 = PCURVE('',#15083,#15166);
#15166 = DEFINITIONAL_REPRESENTATION('',(#15167),#15171);
#15167 = LINE('',#15168,#15169);
#15168 = CARTESIAN_POINT('',(-3.7,0.106066017178));
#15169 = VECTOR('',#15170,1.);
#15170 = DIRECTION('',(3.345955074308E-14,-1.));
#15171 = ( GEOMETRIC_REPRESENTATION_CONTEXT(2)
PARAMETRIC_REPRESENTATION_CONTEXT() REPRESENTATION_CONTEXT('2D SPACE',''
  ) );
#15172 = ORIENTED_EDGE('',*,*,#14162,.T.);
#15173 = ORIENTED_EDGE('',*,*,#14238,.F.);
#15174 = ADVANCED_FACE('',(#15175),#14302,.T.);
#15175 = FACE_BOUND('',#15176,.F.);
#15176 = EDGE_LOOP('',(#15177));
#15177 = ORIENTED_EDGE('',*,*,#14287,.F.);
#15178 = ADVANCED_FACE('',(#15179,#15189),#14441,.T.);
#15179 = FACE_BOUND('',#15180,.T.);
#15180 = EDGE_LOOP('',(#15181,#15182,#15183,#15184,#15185,#15186,#15187,
    #15188));
#15181 = ORIENTED_EDGE('',*,*,#14423,.F.);
#15182 = ORIENTED_EDGE('',*,*,#14758,.T.);
#15183 = ORIENTED_EDGE('',*,*,#14786,.T.);
#15184 = ORIENTED_EDGE('',*,*,#14835,.F.);
#15185 = ORIENTED_EDGE('',*,*,#14887,.T.);
#15186 = ORIENTED_EDGE('',*,*,#14960,.T.);
#15187 = ORIENTED_EDGE('',*,*,#15010,.F.);
#15188 = ORIENTED_EDGE('',*,*,#15037,.F.);
#15189 = FACE_BOUND('',#15190,.T.);
#15190 = EDGE_LOOP('',(#15191,#15222,#15248,#15277,#15303,#15332,#15358,
    #15387));
#15191 = ORIENTED_EDGE('',*,*,#15192,.F.);
#15192 = EDGE_CURVE('',#15193,#15195,#15197,.T.);
#15193 = VERTEX_POINT('',#15194);
#15194 = CARTESIAN_POINT('',(107.,9.,60.));
#15195 = VERTEX_POINT('',#15196);
#15196 = CARTESIAN_POINT('',(110.,6.,60.));
#15197 = SURFACE_CURVE('',#15198,(#15203,#15210),.PCURVE_S1.);
#15198 = CIRCLE('',#15199,3.);
#15199 = AXIS2_PLACEMENT_3D('',#15200,#15201,#15202);
#15200 = CARTESIAN_POINT('',(110.,9.,60.));
#15201 = DIRECTION('',(0.,0.,1.));
#15202 = DIRECTION('',(-1.,-0.,0.));
#15203 = PCURVE('',#14441,#15204);
#15204 = DEFINITIONAL_REPRESENTATION('',(#15205),#15209);
#15205 = CIRCLE('',#15206,3.);
#15206 = AXIS2_PLACEMENT_2D('',#15207,#15208);
#15207 = CARTESIAN_POINT('',(9.,9.));
#15208 = DIRECTION('',(-1.,0.));
#15209 = ( GEOMETRIC_REPRESENTATION_CONTEXT(2)
PARAMETRIC_REPRESENTATION_CONTEXT() REPRESENTATION_CONTEXT('2D SPACE',''
  ) );
#15210 = PCURVE('',#15211,#15216);
#15211 = CYLINDRICAL_SURFACE('',#15212,3.);
#15212 = AXIS2_PLACEMENT_3D('',#15213,#15214,#15215);
#15213 = CARTESIAN_POINT('',(110.,9.,4.));
#15214 = DIRECTION('',(0.,0.,1.));
#15215 = DIRECTION('',(-1.,-0.,0.));
#15216 = DEFINITIONAL_REPRESENTATION('',(#15217),#15221);
#15217 = LINE('',#15218,#15219);
#15218 = CARTESIAN_POINT('',(0.,56.));
#15219 = VECTOR('',#15220,1.);
#15220 = DIRECTION('',(1.,0.));
#15221 = ( GEOMETRIC_REPRESENTATION_CONTEXT(2)
PARAMETRIC_REPRESENTATION_CONTEXT() REPRESENTATION_CONTEXT('2D SPACE',''
  ) );
#15222 = ORIENTED_EDGE('',*,*,#15223,.T.);
#15223 = EDGE_CURVE('',#15193,#15224,#15226,.T.);
#15224 = VERTEX_POINT('',#15225);
#15225 = CARTESIAN_POINT('',(107.,91.,60.));
#15226 = SURFACE_CURVE('',#15227,(#15231,#15237),.PCURVE_S1.);
#15227 = LINE('',#15228,#15229);
#15228 = CARTESIAN_POINT('',(107.,3.,60.));
#15229 = VECTOR('',#15230,1.);
#15230 = DIRECTION('',(-0.,1.,0.));
#15231 = PCURVE('',#14441,#15232);
#15232 = DEFINITIONAL_REPRESENTATION('',(#15233),#15236);
#15233 = B_SPLINE_CURVE_WITH_KNOTS('',1,(#15234,#15235),.UNSPECIFIED.,
  .F.,.F.,(2,2),(6.,88.),.PIECEWISE_BEZIER_KNOTS.);
#15234 = CARTESIAN_POINT('',(6.,9.));
#15235 = CARTESIAN_POINT('',(6.,91.));
#15236 = ( GEOMETRIC_REPRESENTATION_CONTEXT(2)
PARAMETRIC_REPRESENTATION_CONTEXT() REPRESENTATION_CONTEXT('2D SPACE',''
  ) );
#15237 = PCURVE('',#15238,#15243);
#15238 = PLANE('',#15239);
#15239 = AXIS2_PLACEMENT_3D('',#15240,#15241,#15242);
#15240 = CARTESIAN_POINT('',(107.,6.,4.));
#15241 = DIRECTION('',(1.,0.,-0.));
#15242 = DIRECTION('',(0.,0.,1.));
#15243 = DEFINITIONAL_REPRESENTATION('',(#15244),#15247);
#15244 = B_SPLINE_CURVE_WITH_KNOTS('',1,(#15245,#15246),.UNSPECIFIED.,
  .F.,.F.,(2,2),(6.,88.),.PIECEWISE_BEZIER_KNOTS.);
#15245 = CARTESIAN_POINT('',(56.,-3.));
#15246 = CARTESIAN_POINT('',(56.,-85.));
#15247 = ( GEOMETRIC_REPRESENTATION_CONTEXT(2)
PARAMETRIC_REPRESENTATION_CONTEXT() REPRESENTATION_CONTEXT('2D SPACE',''
  ) );
#15248 = ORIENTED_EDGE('',*,*,#15249,.F.);
#15249 = EDGE_CURVE('',#15250,#15224,#15252,.T.);
#15250 = VERTEX_POINT('',#15251);
#15251 = CARTESIAN_POINT('',(110.,94.,60.));
#15252 = SURFACE_CURVE('',#15253,(#15258,#15265),.PCURVE_S1.);
#15253 = CIRCLE('',#15254,3.);
#15254 = AXIS2_PLACEMENT_3D('',#15255,#15256,#15257);
#15255 = CARTESIAN_POINT('',(110.,91.,60.));
#15256 = DIRECTION('',(0.,0.,1.));
#15257 = DIRECTION('',(-1.,-0.,0.));
#15258 = PCURVE('',#14441,#15259);
#15259 = DEFINITIONAL_REPRESENTATION('',(#15260),#15264);
#15260 = CIRCLE('',#15261,3.);
#15261 = AXIS2_PLACEMENT_2D('',#15262,#15263);
#15262 = CARTESIAN_POINT('',(9.,91.));
#15263 = DIRECTION('',(-1.,0.));
#15264 = ( GEOMETRIC_REPRESENTATION_CONTEXT(2)
PARAMETRIC_REPRESENTATION_CONTEXT() REPRESENTATION_CONTEXT('2D SPACE',''
  ) );
#15265 = PCURVE('',#15266,#15271);
#15266 = CYLINDRICAL_SURFACE('',#15267,3.);
#15267 = AXIS2_PLACEMENT_3D('',#15268,#15269,#15270);
#15268 = CARTESIAN_POINT('',(110.,91.,4.));
#15269 = DIRECTION('',(0.,0.,1.));
#15270 = DIRECTION('',(-1.,-0.,0.));
#15271 = DEFINITIONAL_REPRESENTATION('',(#15272),#15276);
#15272 = LINE('',#15273,#15274);
#15273 = CARTESIAN_POINT('',(-6.28318530718,56.));
#15274 = VECTOR('',#15275,1.);
#15275 = DIRECTION('',(1.,-0.));
#15276 = ( GEOMETRIC_REPRESENTATION_CONTEXT(2)
PARAMETRIC_REPRESENTATION_CONTEXT() REPRESENTATION_CONTEXT('2D SPACE',''
  ) );
#15277 = ORIENTED_EDGE('',*,*,#15278,.F.);
#15278 = EDGE_CURVE('',#15279,#15250,#15281,.T.);
#15279 = VERTEX_POINT('',#15280);
#15280 = CARTESIAN_POINT('',(198.,94.,60.));
#15281 = SURFACE_CURVE('',#15282,(#15286,#15292),.PCURVE_S1.);
#15282 = LINE('',#15283,#15284);
#15283 = CARTESIAN_POINT('',(104.,94.,60.));
#15284 = VECTOR('',#15285,1.);
#15285 = DIRECTION('',(-1.,-0.,0.));
#15286 = PCURVE('',#14441,#15287);
#15287 = DEFINITIONAL_REPRESENTATION('',(#15288),#15291);
#15288 = B_SPLINE_CURVE_WITH_KNOTS('',1,(#15289,#15290),.UNSPECIFIED.,
  .F.,.F.,(2,2),(-94.,-6.),.PIECEWISE_BEZIER_KNOTS.);
#15289 = CARTESIAN_POINT('',(97.,94.));
#15290 = CARTESIAN_POINT('',(9.,94.));
#15291 = ( GEOMETRIC_REPRESENTATION_CONTEXT(2)
PARAMETRIC_REPRESENTATION_CONTEXT() REPRESENTATION_CONTEXT('2D SPACE',''
  ) );
#15292 = PCURVE('',#15293,#15298);
#15293 = PLANE('',#15294);
#15294 = AXIS2_PLACEMENT_3D('',#15295,#15296,#15297);
#15295 = CARTESIAN_POINT('',(107.,94.,4.));
#15296 = DIRECTION('',(-0.,1.,0.));
#15297 = DIRECTION('',(0.,0.,1.));
#15298 = DEFINITIONAL_REPRESENTATION('',(#15299),#15302);
#15299 = B_SPLINE_CURVE_WITH_KNOTS('',1,(#15300,#15301),.UNSPECIFIED.,
  .F.,.F.,(2,2),(-94.,-6.),.PIECEWISE_BEZIER_KNOTS.);
#15300 = CARTESIAN_POINT('',(56.,91.));
#15301 = CARTESIAN_POINT('',(56.,3.));
#15302 = ( GEOMETRIC_REPRESENTATION_CONTEXT(2)
PARAMETRIC_REPRESENTATION_CONTEXT() REPRESENTATION_CONTEXT('2D SPACE',''
  ) );
#15303 = ORIENTED_EDGE('',*,*,#15304,.F.);
#15304 = EDGE_CURVE('',#15305,#15279,#15307,.T.);
#15305 = VERTEX_POINT('',#15306);
#15306 = CARTESIAN_POINT('',(201.,91.,60.));
#15307 = SURFACE_CURVE('',#15308,(#15313,#15320),.PCURVE_S1.);
#15308 = CIRCLE('',#15309,3.);
#15309 = AXIS2_PLACEMENT_3D('',#15310,#15311,#15312);
#15310 = CARTESIAN_POINT('',(198.,91.,60.));
#15311 = DIRECTION('',(0.,0.,1.));
#15312 = DIRECTION('',(1.,0.,-0.));
#15313 = PCURVE('',#14441,#15314);
#15314 = DEFINITIONAL_REPRESENTATION('',(#15315),#15319);
#15315 = CIRCLE('',#15316,3.);
#15316 = AXIS2_PLACEMENT_2D('',#15317,#15318);
#15317 = CARTESIAN_POINT('',(97.,91.));
#15318 = DIRECTION('',(1.,0.));
#15319 = ( GEOMETRIC_REPRESENTATION_CONTEXT(2)
PARAMETRIC_REPRESENTATION_CONTEXT() REPRESENTATION_CONTEXT('2D SPACE',''
  ) );
#15320 = PCURVE('',#15321,#15326);
#15321 = CYLINDRICAL_SURFACE('',#15322,3.);
#15322 = AXIS2_PLACEMENT_3D('',#15323,#15324,#15325);
#15323 = CARTESIAN_POINT('',(198.,91.,4.));
#15324 = DIRECTION('',(0.,0.,1.));
#15325 = DIRECTION('',(1.,0.,-0.));
#15326 = DEFINITIONAL_REPRESENTATION('',(#15327),#15331);
#15327 = LINE('',#15328,#15329);
#15328 = CARTESIAN_POINT('',(0.,56.));
#15329 = VECTOR('',#15330,1.);
#15330 = DIRECTION('',(1.,0.));
#15331 = ( GEOMETRIC_REPRESENTATION_CONTEXT(2)
PARAMETRIC_REPRESENTATION_CONTEXT() REPRESENTATION_CONTEXT('2D SPACE',''
  ) );
#15332 = ORIENTED_EDGE('',*,*,#15333,.F.);
#15333 = EDGE_CURVE('',#15334,#15305,#15336,.T.);
#15334 = VERTEX_POINT('',#15335);
#15335 = CARTESIAN_POINT('',(201.,9.,60.));
#15336 = SURFACE_CURVE('',#15337,(#15341,#15347),.PCURVE_S1.);
#15337 = LINE('',#15338,#15339);
#15338 = CARTESIAN_POINT('',(201.,3.,60.));
#15339 = VECTOR('',#15340,1.);
#15340 = DIRECTION('',(-0.,1.,0.));
#15341 = PCURVE('',#14441,#15342);
#15342 = DEFINITIONAL_REPRESENTATION('',(#15343),#15346);
#15343 = B_SPLINE_CURVE_WITH_KNOTS('',1,(#15344,#15345),.UNSPECIFIED.,
  .F.,.F.,(2,2),(6.,88.),.PIECEWISE_BEZIER_KNOTS.);
#15344 = CARTESIAN_POINT('',(100.,9.));
#15345 = CARTESIAN_POINT('',(100.,91.));
#15346 = ( GEOMETRIC_REPRESENTATION_CONTEXT(2)
PARAMETRIC_REPRESENTATION_CONTEXT() REPRESENTATION_CONTEXT('2D SPACE',''
  ) );
#15347 = PCURVE('',#15348,#15353);
#15348 = PLANE('',#15349);
#15349 = AXIS2_PLACEMENT_3D('',#15350,#15351,#15352);
#15350 = CARTESIAN_POINT('',(201.,6.,4.));
#15351 = DIRECTION('',(1.,0.,-0.));
#15352 = DIRECTION('',(0.,0.,1.));
#15353 = DEFINITIONAL_REPRESENTATION('',(#15354),#15357);
#15354 = B_SPLINE_CURVE_WITH_KNOTS('',1,(#15355,#15356),.UNSPECIFIED.,
  .F.,.F.,(2,2),(6.,88.),.PIECEWISE_BEZIER_KNOTS.);
#15355 = CARTESIAN_POINT('',(56.,-3.));
#15356 = CARTESIAN_POINT('',(56.,-85.));
#15357 = ( GEOMETRIC_REPRESENTATION_CONTEXT(2)
PARAMETRIC_REPRESENTATION_CONTEXT() REPRESENTATION_CONTEXT('2D SPACE',''
  ) );
#15358 = ORIENTED_EDGE('',*,*,#15359,.F.);
#15359 = EDGE_CURVE('',#15360,#15334,#15362,.T.);
#15360 = VERTEX_POINT('',#15361);
#15361 = CARTESIAN_POINT('',(198.,6.,60.));
#15362 = SURFACE_CURVE('',#15363,(#15368,#15375),.PCURVE_S1.);
#15363 = CIRCLE('',#15364,3.);
#15364 = AXIS2_PLACEMENT_3D('',#15365,#15366,#15367);
#15365 = CARTESIAN_POINT('',(198.,9.,60.));
#15366 = DIRECTION('',(0.,0.,1.));
#15367 = DIRECTION('',(1.,0.,-0.));
#15368 = PCURVE('',#14441,#15369);
#15369 = DEFINITIONAL_REPRESENTATION('',(#15370),#15374);
#15370 = CIRCLE('',#15371,3.);
#15371 = AXIS2_PLACEMENT_2D('',#15372,#15373);
#15372 = CARTESIAN_POINT('',(97.,9.));
#15373 = DIRECTION('',(1.,0.));
#15374 = ( GEOMETRIC_REPRESENTATION_CONTEXT(2)
PARAMETRIC_REPRESENTATION_CONTEXT() REPRESENTATION_CONTEXT('2D SPACE',''
  ) );
#15375 = PCURVE('',#15376,#15381);
#15376 = CYLINDRICAL_SURFACE('',#15377,3.);
#15377 = AXIS2_PLACEMENT_3D('',#15378,#15379,#15380);
#15378 = CARTESIAN_POINT('',(198.,9.,4.));
#15379 = DIRECTION('',(0.,0.,1.));
#15380 = DIRECTION('',(1.,0.,-0.));
#15381 = DEFINITIONAL_REPRESENTATION('',(#15382),#15386);
#15382 = LINE('',#15383,#15384);
#15383 = CARTESIAN_POINT('',(-6.28318530718,56.));
#15384 = VECTOR('',#15385,1.);
#15385 = DIRECTION('',(1.,-0.));
#15386 = ( GEOMETRIC_REPRESENTATION_CONTEXT(2)
PARAMETRIC_REPRESENTATION_CONTEXT() REPRESENTATION_CONTEXT('2D SPACE',''
  ) );
#15387 = ORIENTED_EDGE('',*,*,#15388,.T.);
#15388 = EDGE_CURVE('',#15360,#15195,#15389,.T.);
#15389 = SURFACE_CURVE('',#15390,(#15394,#15400),.PCURVE_S1.);
#15390 = LINE('',#15391,#15392);
#15391 = CARTESIAN_POINT('',(104.,6.,60.));
#15392 = VECTOR('',#15393,1.);
#15393 = DIRECTION('',(-1.,-0.,0.));
#15394 = PCURVE('',#14441,#15395);
#15395 = DEFINITIONAL_REPRESENTATION('',(#15396),#15399);
#15396 = B_SPLINE_CURVE_WITH_KNOTS('',1,(#15397,#15398),.UNSPECIFIED.,
  .F.,.F.,(2,2),(-94.,-6.),.PIECEWISE_BEZIER_KNOTS.);
#15397 = CARTESIAN_POINT('',(97.,6.));
#15398 = CARTESIAN_POINT('',(9.,6.));
#15399 = ( GEOMETRIC_REPRESENTATION_CONTEXT(2)
PARAMETRIC_REPRESENTATION_CONTEXT() REPRESENTATION_CONTEXT('2D SPACE',''
  ) );
#15400 = PCURVE('',#15401,#15406);
#15401 = PLANE('',#15402);
#15402 = AXIS2_PLACEMENT_3D('',#15403,#15404,#15405);
#15403 = CARTESIAN_POINT('',(107.,6.,4.));
#15404 = DIRECTION('',(-0.,1.,0.));
#15405 = DIRECTION('',(0.,0.,1.));
#15406 = DEFINITIONAL_REPRESENTATION('',(#15407),#15410);
#15407 = B_SPLINE_CURVE_WITH_KNOTS('',1,(#15408,#15409),.UNSPECIFIED.,
  .F.,.F.,(2,2),(-94.,-6.),.PIECEWISE_BEZIER_KNOTS.);
#15408 = CARTESIAN_POINT('',(56.,91.));
#15409 = CARTESIAN_POINT('',(56.,3.));
#15410 = ( GEOMETRIC_REPRESENTATION_CONTEXT(2)
PARAMETRIC_REPRESENTATION_CONTEXT() REPRESENTATION_CONTEXT('2D SPACE',''
  ) );
#15411 = ADVANCED_FACE('',(#15412),#14552,.F.);
#15412 = FACE_BOUND('',#15413,.F.);
#15413 = EDGE_LOOP('',(#15414));
#15414 = ORIENTED_EDGE('',*,*,#14537,.T.);
#15415 = ADVANCED_FACE('',(#15416),#14607,.F.);
#15416 = FACE_BOUND('',#15417,.F.);
#15417 = EDGE_LOOP('',(#15418));
#15418 = ORIENTED_EDGE('',*,*,#14592,.T.);
#15419 = ADVANCED_FACE('',(#15420),#14662,.F.);
#15420 = FACE_BOUND('',#15421,.F.);
#15421 = EDGE_LOOP('',(#15422));
#15422 = ORIENTED_EDGE('',*,*,#14647,.T.);
#15423 = ADVANCED_FACE('',(#15424),#14717,.F.);
#15424 = FACE_BOUND('',#15425,.F.);
#15425 = EDGE_LOOP('',(#15426));
#15426 = ORIENTED_EDGE('',*,*,#14702,.T.);
#15427 = ADVANCED_FACE('',(#15428),#15083,.T.);
#15428 = FACE_BOUND('',#15429,.F.);
#15429 = EDGE_LOOP('',(#15430,#15431,#15432,#15433));
#15430 = ORIENTED_EDGE('',*,*,#15127,.T.);
#15431 = ORIENTED_EDGE('',*,*,#15152,.F.);
#15432 = ORIENTED_EDGE('',*,*,#15069,.F.);
#15433 = ORIENTED_EDGE('',*,*,#15101,.F.);
#15434 = ADVANCED_FACE('',(#15435),#15211,.F.);
#15435 = FACE_BOUND('',#15436,.F.);
#15436 = EDGE_LOOP('',(#15437,#15460,#15489,#15510));
#15437 = ORIENTED_EDGE('',*,*,#15438,.F.);
#15438 = EDGE_CURVE('',#15439,#15193,#15441,.T.);
#15439 = VERTEX_POINT('',#15440);
#15440 = CARTESIAN_POINT('',(107.,9.,4.));
#15441 = SURFACE_CURVE('',#15442,(#15446,#15453),.PCURVE_S1.);
#15442 = LINE('',#15443,#15444);
#15443 = CARTESIAN_POINT('',(107.,9.,4.));
#15444 = VECTOR('',#15445,1.);
#15445 = DIRECTION('',(0.,0.,1.));
#15446 = PCURVE('',#15211,#15447);
#15447 = DEFINITIONAL_REPRESENTATION('',(#15448),#15452);
#15448 = LINE('',#15449,#15450);
#15449 = CARTESIAN_POINT('',(0.,0.));
#15450 = VECTOR('',#15451,1.);
#15451 = DIRECTION('',(0.,1.));
#15452 = ( GEOMETRIC_REPRESENTATION_CONTEXT(2)
PARAMETRIC_REPRESENTATION_CONTEXT() REPRESENTATION_CONTEXT('2D SPACE',''
  ) );
#15453 = PCURVE('',#15238,#15454);
#15454 = DEFINITIONAL_REPRESENTATION('',(#15455),#15459);
#15455 = LINE('',#15456,#15457);
#15456 = CARTESIAN_POINT('',(0.,-3.));
#15457 = VECTOR('',#15458,1.);
#15458 = DIRECTION('',(1.,0.));
#15459 = ( GEOMETRIC_REPRESENTATION_CONTEXT(2)
PARAMETRIC_REPRESENTATION_CONTEXT() REPRESENTATION_CONTEXT('2D SPACE',''
  ) );
#15460 = ORIENTED_EDGE('',*,*,#15461,.T.);
#15461 = EDGE_CURVE('',#15439,#15462,#15464,.T.);
#15462 = VERTEX_POINT('',#15463);
#15463 = CARTESIAN_POINT('',(110.,6.,4.));
#15464 = SURFACE_CURVE('',#15465,(#15470,#15477),.PCURVE_S1.);
#15465 = CIRCLE('',#15466,3.);
#15466 = AXIS2_PLACEMENT_3D('',#15467,#15468,#15469);
#15467 = CARTESIAN_POINT('',(110.,9.,4.));
#15468 = DIRECTION('',(0.,0.,1.));
#15469 = DIRECTION('',(0.,-1.,0.));
#15470 = PCURVE('',#15211,#15471);
#15471 = DEFINITIONAL_REPRESENTATION('',(#15472),#15476);
#15472 = LINE('',#15473,#15474);
#15473 = CARTESIAN_POINT('',(-4.712388980385,0.));
#15474 = VECTOR('',#15475,1.);
#15475 = DIRECTION('',(1.,0.));
#15476 = ( GEOMETRIC_REPRESENTATION_CONTEXT(2)
PARAMETRIC_REPRESENTATION_CONTEXT() REPRESENTATION_CONTEXT('2D SPACE',''
  ) );
#15477 = PCURVE('',#15478,#15483);
#15478 = PLANE('',#15479);
#15479 = AXIS2_PLACEMENT_3D('',#15480,#15481,#15482);
#15480 = CARTESIAN_POINT('',(107.,6.,4.));
#15481 = DIRECTION('',(0.,0.,1.));
#15482 = DIRECTION('',(1.,0.,-0.));
#15483 = DEFINITIONAL_REPRESENTATION('',(#15484),#15488);
#15484 = CIRCLE('',#15485,3.);
#15485 = AXIS2_PLACEMENT_2D('',#15486,#15487);
#15486 = CARTESIAN_POINT('',(3.,3.));
#15487 = DIRECTION('',(0.,-1.));
#15488 = ( GEOMETRIC_REPRESENTATION_CONTEXT(2)
PARAMETRIC_REPRESENTATION_CONTEXT() REPRESENTATION_CONTEXT('2D SPACE',''
  ) );
#15489 = ORIENTED_EDGE('',*,*,#15490,.T.);
#15490 = EDGE_CURVE('',#15462,#15195,#15491,.T.);
#15491 = SURFACE_CURVE('',#15492,(#15496,#15503),.PCURVE_S1.);
#15492 = LINE('',#15493,#15494);
#15493 = CARTESIAN_POINT('',(110.,6.,4.));
#15494 = VECTOR('',#15495,1.);
#15495 = DIRECTION('',(0.,0.,1.));
#15496 = PCURVE('',#15211,#15497);
#15497 = DEFINITIONAL_REPRESENTATION('',(#15498),#15502);
#15498 = LINE('',#15499,#15500);
#15499 = CARTESIAN_POINT('',(1.570796326795,0.));
#15500 = VECTOR('',#15501,1.);
#15501 = DIRECTION('',(0.,1.));
#15502 = ( GEOMETRIC_REPRESENTATION_CONTEXT(2)
PARAMETRIC_REPRESENTATION_CONTEXT() REPRESENTATION_CONTEXT('2D SPACE',''
  ) );
#15503 = PCURVE('',#15401,#15504);
#15504 = DEFINITIONAL_REPRESENTATION('',(#15505),#15509);
#15505 = LINE('',#15506,#15507);
#15506 = CARTESIAN_POINT('',(0.,3.));
#15507 = VECTOR('',#15508,1.);
#15508 = DIRECTION('',(1.,0.));
#15509 = ( GEOMETRIC_REPRESENTATION_CONTEXT(2)
PARAMETRIC_REPRESENTATION_CONTEXT() REPRESENTATION_CONTEXT('2D SPACE',''
  ) );
#15510 = ORIENTED_EDGE('',*,*,#15192,.F.);
#15511 = ADVANCED_FACE('',(#15512),#15401,.T.);
#15512 = FACE_BOUND('',#15513,.T.);
#15513 = EDGE_LOOP('',(#15514,#15537,#15538,#15539));
#15514 = ORIENTED_EDGE('',*,*,#15515,.F.);
#15515 = EDGE_CURVE('',#15462,#15516,#15518,.T.);
#15516 = VERTEX_POINT('',#15517);
#15517 = CARTESIAN_POINT('',(198.,6.,4.));
#15518 = SURFACE_CURVE('',#15519,(#15523,#15530),.PCURVE_S1.);
#15519 = LINE('',#15520,#15521);
#15520 = CARTESIAN_POINT('',(107.,6.,4.));
#15521 = VECTOR('',#15522,1.);
#15522 = DIRECTION('',(1.,0.,-0.));
#15523 = PCURVE('',#15401,#15524);
#15524 = DEFINITIONAL_REPRESENTATION('',(#15525),#15529);
#15525 = LINE('',#15526,#15527);
#15526 = CARTESIAN_POINT('',(0.,0.));
#15527 = VECTOR('',#15528,1.);
#15528 = DIRECTION('',(0.,1.));
#15529 = ( GEOMETRIC_REPRESENTATION_CONTEXT(2)
PARAMETRIC_REPRESENTATION_CONTEXT() REPRESENTATION_CONTEXT('2D SPACE',''
  ) );
#15530 = PCURVE('',#15478,#15531);
#15531 = DEFINITIONAL_REPRESENTATION('',(#15532),#15536);
#15532 = LINE('',#15533,#15534);
#15533 = CARTESIAN_POINT('',(0.,0.));
#15534 = VECTOR('',#15535,1.);
#15535 = DIRECTION('',(1.,0.));
#15536 = ( GEOMETRIC_REPRESENTATION_CONTEXT(2)
PARAMETRIC_REPRESENTATION_CONTEXT() REPRESENTATION_CONTEXT('2D SPACE',''
  ) );
#15537 = ORIENTED_EDGE('',*,*,#15490,.T.);
#15538 = ORIENTED_EDGE('',*,*,#15388,.F.);
#15539 = ORIENTED_EDGE('',*,*,#15540,.F.);
#15540 = EDGE_CURVE('',#15516,#15360,#15541,.T.);
#15541 = SURFACE_CURVE('',#15542,(#15546,#15553),.PCURVE_S1.);
#15542 = LINE('',#15543,#15544);
#15543 = CARTESIAN_POINT('',(198.,6.,4.));
#15544 = VECTOR('',#15545,1.);
#15545 = DIRECTION('',(0.,0.,1.));
#15546 = PCURVE('',#15401,#15547);
#15547 = DEFINITIONAL_REPRESENTATION('',(#15548),#15552);
#15548 = LINE('',#15549,#15550);
#15549 = CARTESIAN_POINT('',(0.,91.));
#15550 = VECTOR('',#15551,1.);
#15551 = DIRECTION('',(1.,0.));
#15552 = ( GEOMETRIC_REPRESENTATION_CONTEXT(2)
PARAMETRIC_REPRESENTATION_CONTEXT() REPRESENTATION_CONTEXT('2D SPACE',''
  ) );
#15553 = PCURVE('',#15376,#15554);
#15554 = DEFINITIONAL_REPRESENTATION('',(#15555),#15559);
#15555 = LINE('',#15556,#15557);
#15556 = CARTESIAN_POINT('',(-1.570796326795,0.));
#15557 = VECTOR('',#15558,1.);
#15558 = DIRECTION('',(-0.,1.));
#15559 = ( GEOMETRIC_REPRESENTATION_CONTEXT(2)
PARAMETRIC_REPRESENTATION_CONTEXT() REPRESENTATION_CONTEXT('2D SPACE',''
  ) );
#15560 = ADVANCED_FACE('',(#15561),#15376,.F.);
#15561 = FACE_BOUND('',#15562,.T.);
#15562 = EDGE_LOOP('',(#15563,#15586,#15612,#15613));
#15563 = ORIENTED_EDGE('',*,*,#15564,.F.);
#15564 = EDGE_CURVE('',#15565,#15334,#15567,.T.);
#15565 = VERTEX_POINT('',#15566);
#15566 = CARTESIAN_POINT('',(201.,9.,4.));
#15567 = SURFACE_CURVE('',#15568,(#15572,#15579),.PCURVE_S1.);
#15568 = LINE('',#15569,#15570);
#15569 = CARTESIAN_POINT('',(201.,9.,4.));
#15570 = VECTOR('',#15571,1.);
#15571 = DIRECTION('',(0.,0.,1.));
#15572 = PCURVE('',#15376,#15573);
#15573 = DEFINITIONAL_REPRESENTATION('',(#15574),#15578);
#15574 = LINE('',#15575,#15576);
#15575 = CARTESIAN_POINT('',(-0.,0.));
#15576 = VECTOR('',#15577,1.);
#15577 = DIRECTION('',(-0.,1.));
#15578 = ( GEOMETRIC_REPRESENTATION_CONTEXT(2)
PARAMETRIC_REPRESENTATION_CONTEXT() REPRESENTATION_CONTEXT('2D SPACE',''
  ) );
#15579 = PCURVE('',#15348,#15580);
#15580 = DEFINITIONAL_REPRESENTATION('',(#15581),#15585);
#15581 = LINE('',#15582,#15583);
#15582 = CARTESIAN_POINT('',(0.,-3.));
#15583 = VECTOR('',#15584,1.);
#15584 = DIRECTION('',(1.,0.));
#15585 = ( GEOMETRIC_REPRESENTATION_CONTEXT(2)
PARAMETRIC_REPRESENTATION_CONTEXT() REPRESENTATION_CONTEXT('2D SPACE',''
  ) );
#15586 = ORIENTED_EDGE('',*,*,#15587,.T.);
#15587 = EDGE_CURVE('',#15565,#15516,#15588,.T.);
#15588 = SURFACE_CURVE('',#15589,(#15594,#15601),.PCURVE_S1.);
#15589 = CIRCLE('',#15590,3.);
#15590 = AXIS2_PLACEMENT_3D('',#15591,#15592,#15593);
#15591 = CARTESIAN_POINT('',(198.,9.,4.));
#15592 = DIRECTION('',(-0.,-0.,-1.));
#15593 = DIRECTION('',(0.,-1.,0.));
#15594 = PCURVE('',#15376,#15595);
#15595 = DEFINITIONAL_REPRESENTATION('',(#15596),#15600);
#15596 = LINE('',#15597,#15598);
#15597 = CARTESIAN_POINT('',(4.712388980385,-0.));
#15598 = VECTOR('',#15599,1.);
#15599 = DIRECTION('',(-1.,0.));
#15600 = ( GEOMETRIC_REPRESENTATION_CONTEXT(2)
PARAMETRIC_REPRESENTATION_CONTEXT() REPRESENTATION_CONTEXT('2D SPACE',''
  ) );
#15601 = PCURVE('',#15478,#15602);
#15602 = DEFINITIONAL_REPRESENTATION('',(#15603),#15611);
#15603 = ( BOUNDED_CURVE() B_SPLINE_CURVE(2,(#15604,#15605,#15606,#15607
    ,#15608,#15609,#15610),.UNSPECIFIED.,.T.,.F.)
B_SPLINE_CURVE_WITH_KNOTS((1,2,2,2,2,1),(-2.094395102393,0.,
    2.094395102393,4.188790204786,6.28318530718,8.377580409573),
.UNSPECIFIED.) CURVE() GEOMETRIC_REPRESENTATION_ITEM()
RATIONAL_B_SPLINE_CURVE((1.,0.5,1.,0.5,1.,0.5,1.)) REPRESENTATION_ITEM(
  '') );
#15604 = CARTESIAN_POINT('',(91.,0.));
#15605 = CARTESIAN_POINT('',(85.803847577293,0.));
#15606 = CARTESIAN_POINT('',(88.401923788647,4.5));
#15607 = CARTESIAN_POINT('',(91.,9.));
#15608 = CARTESIAN_POINT('',(93.598076211353,4.5));
#15609 = CARTESIAN_POINT('',(96.196152422707,4.440892098501E-15));
#15610 = CARTESIAN_POINT('',(91.,0.));
#15611 = ( GEOMETRIC_REPRESENTATION_CONTEXT(2)
PARAMETRIC_REPRESENTATION_CONTEXT() REPRESENTATION_CONTEXT('2D SPACE',''
  ) );
#15612 = ORIENTED_EDGE('',*,*,#15540,.T.);
#15613 = ORIENTED_EDGE('',*,*,#15359,.T.);
#15614 = ADVANCED_FACE('',(#15615),#15348,.F.);
#15615 = FACE_BOUND('',#15616,.F.);
#15616 = EDGE_LOOP('',(#15617,#15618,#15619,#15642));
#15617 = ORIENTED_EDGE('',*,*,#15333,.F.);
#15618 = ORIENTED_EDGE('',*,*,#15564,.F.);
#15619 = ORIENTED_EDGE('',*,*,#15620,.T.);
#15620 = EDGE_CURVE('',#15565,#15621,#15623,.T.);
#15621 = VERTEX_POINT('',#15622);
#15622 = CARTESIAN_POINT('',(201.,91.,4.));
#15623 = SURFACE_CURVE('',#15624,(#15628,#15635),.PCURVE_S1.);
#15624 = LINE('',#15625,#15626);
#15625 = CARTESIAN_POINT('',(201.,6.,4.));
#15626 = VECTOR('',#15627,1.);
#15627 = DIRECTION('',(-0.,1.,0.));
#15628 = PCURVE('',#15348,#15629);
#15629 = DEFINITIONAL_REPRESENTATION('',(#15630),#15634);
#15630 = LINE('',#15631,#15632);
#15631 = CARTESIAN_POINT('',(0.,0.));
#15632 = VECTOR('',#15633,1.);
#15633 = DIRECTION('',(0.,-1.));
#15634 = ( GEOMETRIC_REPRESENTATION_CONTEXT(2)
PARAMETRIC_REPRESENTATION_CONTEXT() REPRESENTATION_CONTEXT('2D SPACE',''
  ) );
#15635 = PCURVE('',#15478,#15636);
#15636 = DEFINITIONAL_REPRESENTATION('',(#15637),#15641);
#15637 = LINE('',#15638,#15639);
#15638 = CARTESIAN_POINT('',(94.,0.));
#15639 = VECTOR('',#15640,1.);
#15640 = DIRECTION('',(0.,1.));
#15641 = ( GEOMETRIC_REPRESENTATION_CONTEXT(2)
PARAMETRIC_REPRESENTATION_CONTEXT() REPRESENTATION_CONTEXT('2D SPACE',''
  ) );
#15642 = ORIENTED_EDGE('',*,*,#15643,.T.);
#15643 = EDGE_CURVE('',#15621,#15305,#15644,.T.);
#15644 = SURFACE_CURVE('',#15645,(#15649,#15656),.PCURVE_S1.);
#15645 = LINE('',#15646,#15647);
#15646 = CARTESIAN_POINT('',(201.,91.,4.));
#15647 = VECTOR('',#15648,1.);
#15648 = DIRECTION('',(0.,0.,1.));
#15649 = PCURVE('',#15348,#15650);
#15650 = DEFINITIONAL_REPRESENTATION('',(#15651),#15655);
#15651 = LINE('',#15652,#15653);
#15652 = CARTESIAN_POINT('',(0.,-85.));
#15653 = VECTOR('',#15654,1.);
#15654 = DIRECTION('',(1.,0.));
#15655 = ( GEOMETRIC_REPRESENTATION_CONTEXT(2)
PARAMETRIC_REPRESENTATION_CONTEXT() REPRESENTATION_CONTEXT('2D SPACE',''
  ) );
#15656 = PCURVE('',#15321,#15657);
#15657 = DEFINITIONAL_REPRESENTATION('',(#15658),#15662);
#15658 = LINE('',#15659,#15660);
#15659 = CARTESIAN_POINT('',(0.,0.));
#15660 = VECTOR('',#15661,1.);
#15661 = DIRECTION('',(0.,1.));
#15662 = ( GEOMETRIC_REPRESENTATION_CONTEXT(2)
PARAMETRIC_REPRESENTATION_CONTEXT() REPRESENTATION_CONTEXT('2D SPACE',''
  ) );
#15663 = ADVANCED_FACE('',(#15664),#15321,.F.);
#15664 = FACE_BOUND('',#15665,.F.);
#15665 = EDGE_LOOP('',(#15666,#15667,#15691,#15712));
#15666 = ORIENTED_EDGE('',*,*,#15643,.F.);
#15667 = ORIENTED_EDGE('',*,*,#15668,.T.);
#15668 = EDGE_CURVE('',#15621,#15669,#15671,.T.);
#15669 = VERTEX_POINT('',#15670);
#15670 = CARTESIAN_POINT('',(198.,94.,4.));
#15671 = SURFACE_CURVE('',#15672,(#15677,#15684),.PCURVE_S1.);
#15672 = CIRCLE('',#15673,3.);
#15673 = AXIS2_PLACEMENT_3D('',#15674,#15675,#15676);
#15674 = CARTESIAN_POINT('',(198.,91.,4.));
#15675 = DIRECTION('',(0.,0.,1.));
#15676 = DIRECTION('',(0.,-1.,0.));
#15677 = PCURVE('',#15321,#15678);
#15678 = DEFINITIONAL_REPRESENTATION('',(#15679),#15683);
#15679 = LINE('',#15680,#15681);
#15680 = CARTESIAN_POINT('',(-1.570796326795,0.));
#15681 = VECTOR('',#15682,1.);
#15682 = DIRECTION('',(1.,0.));
#15683 = ( GEOMETRIC_REPRESENTATION_CONTEXT(2)
PARAMETRIC_REPRESENTATION_CONTEXT() REPRESENTATION_CONTEXT('2D SPACE',''
  ) );
#15684 = PCURVE('',#15478,#15685);
#15685 = DEFINITIONAL_REPRESENTATION('',(#15686),#15690);
#15686 = CIRCLE('',#15687,3.);
#15687 = AXIS2_PLACEMENT_2D('',#15688,#15689);
#15688 = CARTESIAN_POINT('',(91.,85.));
#15689 = DIRECTION('',(0.,-1.));
#15690 = ( GEOMETRIC_REPRESENTATION_CONTEXT(2)
PARAMETRIC_REPRESENTATION_CONTEXT() REPRESENTATION_CONTEXT('2D SPACE',''
  ) );
#15691 = ORIENTED_EDGE('',*,*,#15692,.T.);
#15692 = EDGE_CURVE('',#15669,#15279,#15693,.T.);
#15693 = SURFACE_CURVE('',#15694,(#15698,#15705),.PCURVE_S1.);
#15694 = LINE('',#15695,#15696);
#15695 = CARTESIAN_POINT('',(198.,94.,4.));
#15696 = VECTOR('',#15697,1.);
#15697 = DIRECTION('',(0.,0.,1.));
#15698 = PCURVE('',#15321,#15699);
#15699 = DEFINITIONAL_REPRESENTATION('',(#15700),#15704);
#15700 = LINE('',#15701,#15702);
#15701 = CARTESIAN_POINT('',(1.570796326795,0.));
#15702 = VECTOR('',#15703,1.);
#15703 = DIRECTION('',(0.,1.));
#15704 = ( GEOMETRIC_REPRESENTATION_CONTEXT(2)
PARAMETRIC_REPRESENTATION_CONTEXT() REPRESENTATION_CONTEXT('2D SPACE',''
  ) );
#15705 = PCURVE('',#15293,#15706);
#15706 = DEFINITIONAL_REPRESENTATION('',(#15707),#15711);
#15707 = LINE('',#15708,#15709);
#15708 = CARTESIAN_POINT('',(0.,91.));
#15709 = VECTOR('',#15710,1.);
#15710 = DIRECTION('',(1.,0.));
#15711 = ( GEOMETRIC_REPRESENTATION_CONTEXT(2)
PARAMETRIC_REPRESENTATION_CONTEXT() REPRESENTATION_CONTEXT('2D SPACE',''
  ) );
#15712 = ORIENTED_EDGE('',*,*,#15304,.F.);
#15713 = ADVANCED_FACE('',(#15714),#15293,.F.);
#15714 = FACE_BOUND('',#15715,.F.);
#15715 = EDGE_LOOP('',(#15716,#15739,#15760,#15761));
#15716 = ORIENTED_EDGE('',*,*,#15717,.F.);
#15717 = EDGE_CURVE('',#15718,#15669,#15720,.T.);
#15718 = VERTEX_POINT('',#15719);
#15719 = CARTESIAN_POINT('',(110.,94.,4.));
#15720 = SURFACE_CURVE('',#15721,(#15725,#15732),.PCURVE_S1.);
#15721 = LINE('',#15722,#15723);
#15722 = CARTESIAN_POINT('',(107.,94.,4.));
#15723 = VECTOR('',#15724,1.);
#15724 = DIRECTION('',(1.,0.,-0.));
#15725 = PCURVE('',#15293,#15726);
#15726 = DEFINITIONAL_REPRESENTATION('',(#15727),#15731);
#15727 = LINE('',#15728,#15729);
#15728 = CARTESIAN_POINT('',(0.,0.));
#15729 = VECTOR('',#15730,1.);
#15730 = DIRECTION('',(0.,1.));
#15731 = ( GEOMETRIC_REPRESENTATION_CONTEXT(2)
PARAMETRIC_REPRESENTATION_CONTEXT() REPRESENTATION_CONTEXT('2D SPACE',''
  ) );
#15732 = PCURVE('',#15478,#15733);
#15733 = DEFINITIONAL_REPRESENTATION('',(#15734),#15738);
#15734 = LINE('',#15735,#15736);
#15735 = CARTESIAN_POINT('',(0.,88.));
#15736 = VECTOR('',#15737,1.);
#15737 = DIRECTION('',(1.,0.));
#15738 = ( GEOMETRIC_REPRESENTATION_CONTEXT(2)
PARAMETRIC_REPRESENTATION_CONTEXT() REPRESENTATION_CONTEXT('2D SPACE',''
  ) );
#15739 = ORIENTED_EDGE('',*,*,#15740,.T.);
#15740 = EDGE_CURVE('',#15718,#15250,#15741,.T.);
#15741 = SURFACE_CURVE('',#15742,(#15746,#15753),.PCURVE_S1.);
#15742 = LINE('',#15743,#15744);
#15743 = CARTESIAN_POINT('',(110.,94.,4.));
#15744 = VECTOR('',#15745,1.);
#15745 = DIRECTION('',(0.,0.,1.));
#15746 = PCURVE('',#15293,#15747);
#15747 = DEFINITIONAL_REPRESENTATION('',(#15748),#15752);
#15748 = LINE('',#15749,#15750);
#15749 = CARTESIAN_POINT('',(0.,3.));
#15750 = VECTOR('',#15751,1.);
#15751 = DIRECTION('',(1.,0.));
#15752 = ( GEOMETRIC_REPRESENTATION_CONTEXT(2)
PARAMETRIC_REPRESENTATION_CONTEXT() REPRESENTATION_CONTEXT('2D SPACE',''
  ) );
#15753 = PCURVE('',#15266,#15754);
#15754 = DEFINITIONAL_REPRESENTATION('',(#15755),#15759);
#15755 = LINE('',#15756,#15757);
#15756 = CARTESIAN_POINT('',(-1.570796326795,0.));
#15757 = VECTOR('',#15758,1.);
#15758 = DIRECTION('',(-0.,1.));
#15759 = ( GEOMETRIC_REPRESENTATION_CONTEXT(2)
PARAMETRIC_REPRESENTATION_CONTEXT() REPRESENTATION_CONTEXT('2D SPACE',''
  ) );
#15760 = ORIENTED_EDGE('',*,*,#15278,.F.);
#15761 = ORIENTED_EDGE('',*,*,#15692,.F.);
#15762 = ADVANCED_FACE('',(#15763),#15266,.F.);
#15763 = FACE_BOUND('',#15764,.T.);
#15764 = EDGE_LOOP('',(#15765,#15788,#15814,#15815));
#15765 = ORIENTED_EDGE('',*,*,#15766,.T.);
#15766 = EDGE_CURVE('',#15224,#15767,#15769,.T.);
#15767 = VERTEX_POINT('',#15768);
#15768 = CARTESIAN_POINT('',(107.,91.,4.));
#15769 = SURFACE_CURVE('',#15770,(#15774,#15781),.PCURVE_S1.);
#15770 = LINE('',#15771,#15772);
#15771 = CARTESIAN_POINT('',(107.,91.,60.));
#15772 = VECTOR('',#15773,1.);
#15773 = DIRECTION('',(0.,0.,-1.));
#15774 = PCURVE('',#15266,#15775);
#15775 = DEFINITIONAL_REPRESENTATION('',(#15776),#15780);
#15776 = LINE('',#15777,#15778);
#15777 = CARTESIAN_POINT('',(-0.,56.));
#15778 = VECTOR('',#15779,1.);
#15779 = DIRECTION('',(-0.,-1.));
#15780 = ( GEOMETRIC_REPRESENTATION_CONTEXT(2)
PARAMETRIC_REPRESENTATION_CONTEXT() REPRESENTATION_CONTEXT('2D SPACE',''
  ) );
#15781 = PCURVE('',#15238,#15782);
#15782 = DEFINITIONAL_REPRESENTATION('',(#15783),#15787);
#15783 = LINE('',#15784,#15785);
#15784 = CARTESIAN_POINT('',(56.,-85.));
#15785 = VECTOR('',#15786,1.);
#15786 = DIRECTION('',(-1.,0.));
#15787 = ( GEOMETRIC_REPRESENTATION_CONTEXT(2)
PARAMETRIC_REPRESENTATION_CONTEXT() REPRESENTATION_CONTEXT('2D SPACE',''
  ) );
#15788 = ORIENTED_EDGE('',*,*,#15789,.T.);
#15789 = EDGE_CURVE('',#15767,#15718,#15790,.T.);
#15790 = SURFACE_CURVE('',#15791,(#15796,#15803),.PCURVE_S1.);
#15791 = CIRCLE('',#15792,3.);
#15792 = AXIS2_PLACEMENT_3D('',#15793,#15794,#15795);
#15793 = CARTESIAN_POINT('',(110.,91.,4.));
#15794 = DIRECTION('',(-0.,-0.,-1.));
#15795 = DIRECTION('',(0.,-1.,0.));
#15796 = PCURVE('',#15266,#15797);
#15797 = DEFINITIONAL_REPRESENTATION('',(#15798),#15802);
#15798 = LINE('',#15799,#15800);
#15799 = CARTESIAN_POINT('',(1.570796326795,-0.));
#15800 = VECTOR('',#15801,1.);
#15801 = DIRECTION('',(-1.,0.));
#15802 = ( GEOMETRIC_REPRESENTATION_CONTEXT(2)
PARAMETRIC_REPRESENTATION_CONTEXT() REPRESENTATION_CONTEXT('2D SPACE',''
  ) );
#15803 = PCURVE('',#15478,#15804);
#15804 = DEFINITIONAL_REPRESENTATION('',(#15805),#15813);
#15805 = ( BOUNDED_CURVE() B_SPLINE_CURVE(2,(#15806,#15807,#15808,#15809
    ,#15810,#15811,#15812),.UNSPECIFIED.,.T.,.F.)
B_SPLINE_CURVE_WITH_KNOTS((1,2,2,2,2,1),(-2.094395102393,0.,
    2.094395102393,4.188790204786,6.28318530718,8.377580409573),
.UNSPECIFIED.) CURVE() GEOMETRIC_REPRESENTATION_ITEM()
RATIONAL_B_SPLINE_CURVE((1.,0.5,1.,0.5,1.,0.5,1.)) REPRESENTATION_ITEM(
  '') );
#15806 = CARTESIAN_POINT('',(3.,82.));
#15807 = CARTESIAN_POINT('',(-2.196152422707,82.));
#15808 = CARTESIAN_POINT('',(0.401923788647,86.5));
#15809 = CARTESIAN_POINT('',(3.,91.));
#15810 = CARTESIAN_POINT('',(5.598076211353,86.5));
#15811 = CARTESIAN_POINT('',(8.196152422707,82.));
#15812 = CARTESIAN_POINT('',(3.,82.));
#15813 = ( GEOMETRIC_REPRESENTATION_CONTEXT(2)
PARAMETRIC_REPRESENTATION_CONTEXT() REPRESENTATION_CONTEXT('2D SPACE',''
  ) );
#15814 = ORIENTED_EDGE('',*,*,#15740,.T.);
#15815 = ORIENTED_EDGE('',*,*,#15249,.T.);
#15816 = ADVANCED_FACE('',(#15817),#15238,.T.);
#15817 = FACE_BOUND('',#15818,.T.);
#15818 = EDGE_LOOP('',(#15819,#15820,#15821,#15842));
#15819 = ORIENTED_EDGE('',*,*,#15223,.F.);
#15820 = ORIENTED_EDGE('',*,*,#15438,.F.);
#15821 = ORIENTED_EDGE('',*,*,#15822,.T.);
#15822 = EDGE_CURVE('',#15439,#15767,#15823,.T.);
#15823 = SURFACE_CURVE('',#15824,(#15828,#15835),.PCURVE_S1.);
#15824 = LINE('',#15825,#15826);
#15825 = CARTESIAN_POINT('',(107.,6.,4.));
#15826 = VECTOR('',#15827,1.);
#15827 = DIRECTION('',(-0.,1.,0.));
#15828 = PCURVE('',#15238,#15829);
#15829 = DEFINITIONAL_REPRESENTATION('',(#15830),#15834);
#15830 = LINE('',#15831,#15832);
#15831 = CARTESIAN_POINT('',(0.,0.));
#15832 = VECTOR('',#15833,1.);
#15833 = DIRECTION('',(0.,-1.));
#15834 = ( GEOMETRIC_REPRESENTATION_CONTEXT(2)
PARAMETRIC_REPRESENTATION_CONTEXT() REPRESENTATION_CONTEXT('2D SPACE',''
  ) );
#15835 = PCURVE('',#15478,#15836);
#15836 = DEFINITIONAL_REPRESENTATION('',(#15837),#15841);
#15837 = LINE('',#15838,#15839);
#15838 = CARTESIAN_POINT('',(0.,0.));
#15839 = VECTOR('',#15840,1.);
#15840 = DIRECTION('',(0.,1.));
#15841 = ( GEOMETRIC_REPRESENTATION_CONTEXT(2)
PARAMETRIC_REPRESENTATION_CONTEXT() REPRESENTATION_CONTEXT('2D SPACE',''
  ) );
#15842 = ORIENTED_EDGE('',*,*,#15766,.F.);
#15843 = ADVANCED_FACE('',(#15844),#15478,.T.);
#15844 = FACE_BOUND('',#15845,.T.);
#15845 = EDGE_LOOP('',(#15846,#15847,#15848,#15849,#15850,#15851,#15852,
    #15853));
#15846 = ORIENTED_EDGE('',*,*,#15822,.F.);
#15847 = ORIENTED_EDGE('',*,*,#15461,.T.);
#15848 = ORIENTED_EDGE('',*,*,#15515,.T.);
#15849 = ORIENTED_EDGE('',*,*,#15587,.F.);
#15850 = ORIENTED_EDGE('',*,*,#15620,.T.);
#15851 = ORIENTED_EDGE('',*,*,#15668,.T.);
#15852 = ORIENTED_EDGE('',*,*,#15717,.F.);
#15853 = ORIENTED_EDGE('',*,*,#15789,.F.);
#15854 = ( GEOMETRIC_REPRESENTATION_CONTEXT(3)
GLOBAL_UNCERTAINTY_ASSIGNED_CONTEXT((#15858))
GLOBAL_UNIT_ASSIGNED_CONTEXT((#15855,#15856,#15857))
REPRESENTATION_CONTEXT('Context #1',
  '3D Context with UNIT and UNCERTAINTY') );
#15855 = ( LENGTH_UNIT() NAMED_UNIT(*) SI_UNIT(.MILLI.,.METRE.) );
#15856 = ( NAMED_UNIT(*) PLANE_ANGLE_UNIT() SI_UNIT($,.RADIAN.) );
#15857 = ( NAMED_UNIT(*) SI_UNIT($,.STERADIAN.) SOLID_ANGLE_UNIT() );
#15858 = UNCERTAINTY_MEASURE_WITH_UNIT(LENGTH_MEASURE(1.E-05),#15855,
  'distance_accuracy_value','confusion accuracy');
#15859 = PRODUCT_RELATED_PRODUCT_CATEGORY('part',$,(#7));
ENDSEC;
END-ISO-10303-21;
