ISO-10303-21;
HEADER;
FILE_DESCRIPTION(('Open CASCADE Model'),'2;1');
FILE_NAME('Open CASCADE Shape Model','2026-09-13T14:28:45',('Author'),(
    'Open CASCADE'),'Open CASCADE STEP processor 7.9','Open CASCADE 7.9'
  ,'Unknown');
FILE_SCHEMA(('AUTOMOTIVE_DESIGN { 1 0 10303 214 1 1 1 1 }'));
ENDSEC;
DATA;
#1 = APPLICATION_PROTOCOL_DEFINITION('international standard',
  'automotive_design',2000,#2);
#2 = APPLICATION_CONTEXT(
  'core data for automotive mechanical design processes');
#3 = SHAPE_DEFINITION_REPRESENTATION(#4,#10);
#4 = PRODUCT_DEFINITION_SHAPE('','',#5);
#5 = PRODUCT_DEFINITION('design','',#6,#9);
#6 = PRODUCT_DEFINITION_FORMATION('','',#7);
#7 = PRODUCT('Open CASCADE STEP translator 7.9 23',
  'Open CASCADE STEP translator 7.9 23','',(#8));
#8 = PRODUCT_CONTEXT('',#2,'mechanical');
#9 = PRODUCT_DEFINITION_CONTEXT('part definition',#2,'design');
#10 = ADVANCED_BREP_SHAPE_REPRESENTATION('',(#11,#15),#2673);
#11 = AXIS2_PLACEMENT_3D('',#12,#13,#14);
#12 = CARTESIAN_POINT('',(0.,0.,0.));
#13 = DIRECTION('',(0.,0.,1.));
#14 = DIRECTION('',(1.,0.,-0.));
#15 = MANIFOLD_SOLID_BREP('',#16);
#16 = CLOSED_SHELL('',(#17,#342,#508,#613,#662,#712,#817,#866,#1070,
    #1152,#1442,#1469,#1523,#1599,#1674,#1732,#1893,#1947,#2003,#2058,
    #2303,#2350,#2400,#2510,#2517,#2545,#2572,#2579,#2607,#2614,#2669));
#17 = ADVANCED_FACE('',(#18,#311),#32,.F.);
#18 = FACE_BOUND('',#19,.F.);
#19 = EDGE_LOOP('',(#20,#55,#83,#112,#140,#168,#196,#224,#257,#285));
#20 = ORIENTED_EDGE('',*,*,#21,.F.);
#21 = EDGE_CURVE('',#22,#24,#26,.T.);
#22 = VERTEX_POINT('',#23);
#23 = CARTESIAN_POINT('',(3.,4.,0.));
#24 = VERTEX_POINT('',#25);
#25 = CARTESIAN_POINT('',(6.,4.,0.));
#26 = SURFACE_CURVE('',#27,(#31,#43),.PCURVE_S1.);
#27 = LINE('',#28,#29);
#28 = CARTESIAN_POINT('',(1.5,4.,0.));
#29 = VECTOR('',#30,1.);
#30 = DIRECTION('',(1.,0.,-0.));
#31 = PCURVE('',#32,#37);
#32 = PLANE('',#33);
#33 = AXIS2_PLACEMENT_3D('',#34,#35,#36);
#34 = CARTESIAN_POINT('',(3.,4.,-129.));
#35 = DIRECTION('',(-0.,1.,0.));
#36 = DIRECTION('',(0.,0.,1.));
#37 = DEFINITIONAL_REPRESENTATION('',(#38),#42);
#38 = LINE('',#39,#40);
#39 = CARTESIAN_POINT('',(129.,-1.5));
#40 = VECTOR('',#41,1.);
#41 = DIRECTION('',(0.,1.));
#42 = ( GEOMETRIC_REPRESENTATION_CONTEXT(2)
PARAMETRIC_REPRESENTATION_CONTEXT() REPRESENTATION_CONTEXT('2D SPACE',''
  ) );
#43 = PCURVE('',#44,#49);
#44 = PLANE('',#45);
#45 = AXIS2_PLACEMENT_3D('',#46,#47,#48);
#46 = CARTESIAN_POINT('',(0.,0.,0.));
#47 = DIRECTION('',(0.,0.,1.));
#48 = DIRECTION('',(1.,0.,-0.));
#49 = DEFINITIONAL_REPRESENTATION('',(#50),#54);
#50 = LINE('',#51,#52);
#51 = CARTESIAN_POINT('',(1.5,4.));
#52 = VECTOR('',#53,1.);
#53 = DIRECTION('',(1.,0.));
#54 = ( GEOMETRIC_REPRESENTATION_CONTEXT(2)
PARAMETRIC_REPRESENTATION_CONTEXT() REPRESENTATION_CONTEXT('2D SPACE',''
  ) );
#55 = ORIENTED_EDGE('',*,*,#56,.T.);
#56 = EDGE_CURVE('',#22,#57,#59,.T.);
#57 = VERTEX_POINT('',#58);
#58 = CARTESIAN_POINT('',(3.,4.,20.));
#59 = SURFACE_CURVE('',#60,(#64,#71),.PCURVE_S1.);
#60 = LINE('',#61,#62);
#61 = CARTESIAN_POINT('',(3.,4.,-129.));
#62 = VECTOR('',#63,1.);
#63 = DIRECTION('',(0.,0.,1.));
#64 = PCURVE('',#32,#65);
#65 = DEFINITIONAL_REPRESENTATION('',(#66),#70);
#66 = LINE('',#67,#68);
#67 = CARTESIAN_POINT('',(0.,0.));
#68 = VECTOR('',#69,1.);
#69 = DIRECTION('',(1.,0.));
#70 = ( GEOMETRIC_REPRESENTATION_CONTEXT(2)
PARAMETRIC_REPRESENTATION_CONTEXT() REPRESENTATION_CONTEXT('2D SPACE',''
  ) );
#71 = PCURVE('',#72,#77);
#72 = PLANE('',#73);
#73 = AXIS2_PLACEMENT_3D('',#74,#75,#76);
#74 = CARTESIAN_POINT('',(3.,-1.,-129.));
#75 = DIRECTION('',(1.,0.,-0.));
#76 = DIRECTION('',(0.,0.,1.));
#77 = DEFINITIONAL_REPRESENTATION('',(#78),#82);
#78 = LINE('',#79,#80);
#79 = CARTESIAN_POINT('',(0.,-5.));
#80 = VECTOR('',#81,1.);
#81 = DIRECTION('',(1.,0.));
#82 = ( GEOMETRIC_REPRESENTATION_CONTEXT(2)
PARAMETRIC_REPRESENTATION_CONTEXT() REPRESENTATION_CONTEXT('2D SPACE',''
  ) );
#83 = ORIENTED_EDGE('',*,*,#84,.T.);
#84 = EDGE_CURVE('',#57,#85,#87,.T.);
#85 = VERTEX_POINT('',#86);
#86 = CARTESIAN_POINT('',(6.,4.,23.));
#87 = SURFACE_CURVE('',#88,(#93,#100),.PCURVE_S1.);
#88 = CIRCLE('',#89,3.);
#89 = AXIS2_PLACEMENT_3D('',#90,#91,#92);
#90 = CARTESIAN_POINT('',(6.,4.,20.));
#91 = DIRECTION('',(0.,1.,0.));
#92 = DIRECTION('',(-1.,0.,0.));
#93 = PCURVE('',#32,#94);
#94 = DEFINITIONAL_REPRESENTATION('',(#95),#99);
#95 = CIRCLE('',#96,3.);
#96 = AXIS2_PLACEMENT_2D('',#97,#98);
#97 = CARTESIAN_POINT('',(149.,3.));
#98 = DIRECTION('',(0.,-1.));
#99 = ( GEOMETRIC_REPRESENTATION_CONTEXT(2)
PARAMETRIC_REPRESENTATION_CONTEXT() REPRESENTATION_CONTEXT('2D SPACE',''
  ) );
#100 = PCURVE('',#101,#106);
#101 = CYLINDRICAL_SURFACE('',#102,3.);
#102 = AXIS2_PLACEMENT_3D('',#103,#104,#105);
#103 = CARTESIAN_POINT('',(6.,-1.,20.));
#104 = DIRECTION('',(-0.,1.,0.));
#105 = DIRECTION('',(-1.,-0.,0.));
#106 = DEFINITIONAL_REPRESENTATION('',(#107),#111);
#107 = LINE('',#108,#109);
#108 = CARTESIAN_POINT('',(0.,5.));
#109 = VECTOR('',#110,1.);
#110 = DIRECTION('',(1.,0.));
#111 = ( GEOMETRIC_REPRESENTATION_CONTEXT(2)
PARAMETRIC_REPRESENTATION_CONTEXT() REPRESENTATION_CONTEXT('2D SPACE',''
  ) );
#112 = ORIENTED_EDGE('',*,*,#113,.T.);
#113 = EDGE_CURVE('',#85,#114,#116,.T.);
#114 = VERTEX_POINT('',#115);
#115 = CARTESIAN_POINT('',(17.,4.,23.));
#116 = SURFACE_CURVE('',#117,(#121,#128),.PCURVE_S1.);
#117 = LINE('',#118,#119);
#118 = CARTESIAN_POINT('',(6.,4.,23.));
#119 = VECTOR('',#120,1.);
#120 = DIRECTION('',(1.,0.,0.));
#121 = PCURVE('',#32,#122);
#122 = DEFINITIONAL_REPRESENTATION('',(#123),#127);
#123 = LINE('',#124,#125);
#124 = CARTESIAN_POINT('',(152.,3.));
#125 = VECTOR('',#126,1.);
#126 = DIRECTION('',(0.,1.));
#127 = ( GEOMETRIC_REPRESENTATION_CONTEXT(2)
PARAMETRIC_REPRESENTATION_CONTEXT() REPRESENTATION_CONTEXT('2D SPACE',''
  ) );
#128 = PCURVE('',#129,#134);
#129 = PLANE('',#130);
#130 = AXIS2_PLACEMENT_3D('',#131,#132,#133);
#131 = CARTESIAN_POINT('',(3.,-1.,23.));
#132 = DIRECTION('',(0.,0.,1.));
#133 = DIRECTION('',(1.,0.,-0.));
#134 = DEFINITIONAL_REPRESENTATION('',(#135),#139);
#135 = LINE('',#136,#137);
#136 = CARTESIAN_POINT('',(3.,5.));
#137 = VECTOR('',#138,1.);
#138 = DIRECTION('',(1.,0.));
#139 = ( GEOMETRIC_REPRESENTATION_CONTEXT(2)
PARAMETRIC_REPRESENTATION_CONTEXT() REPRESENTATION_CONTEXT('2D SPACE',''
  ) );
#140 = ORIENTED_EDGE('',*,*,#141,.T.);
#141 = EDGE_CURVE('',#114,#142,#144,.T.);
#142 = VERTEX_POINT('',#143);
#143 = CARTESIAN_POINT('',(17.,4.,22.));
#144 = SURFACE_CURVE('',#145,(#149,#156),.PCURVE_S1.);
#145 = LINE('',#146,#147);
#146 = CARTESIAN_POINT('',(17.,4.,-64.5));
#147 = VECTOR('',#148,1.);
#148 = DIRECTION('',(-0.,0.,-1.));
#149 = PCURVE('',#32,#150);
#150 = DEFINITIONAL_REPRESENTATION('',(#151),#155);
#151 = LINE('',#152,#153);
#152 = CARTESIAN_POINT('',(64.5,14.));
#153 = VECTOR('',#154,1.);
#154 = DIRECTION('',(-1.,0.));
#155 = ( GEOMETRIC_REPRESENTATION_CONTEXT(2)
PARAMETRIC_REPRESENTATION_CONTEXT() REPRESENTATION_CONTEXT('2D SPACE',''
  ) );
#156 = PCURVE('',#157,#162);
#157 = PLANE('',#158);
#158 = AXIS2_PLACEMENT_3D('',#159,#160,#161);
#159 = CARTESIAN_POINT('',(17.,0.,0.));
#160 = DIRECTION('',(1.,0.,-0.));
#161 = DIRECTION('',(0.,0.,1.));
#162 = DEFINITIONAL_REPRESENTATION('',(#163),#167);
#163 = LINE('',#164,#165);
#164 = CARTESIAN_POINT('',(-64.5,-4.));
#165 = VECTOR('',#166,1.);
#166 = DIRECTION('',(-1.,-0.));
#167 = ( GEOMETRIC_REPRESENTATION_CONTEXT(2)
PARAMETRIC_REPRESENTATION_CONTEXT() REPRESENTATION_CONTEXT('2D SPACE',''
  ) );
#168 = ORIENTED_EDGE('',*,*,#169,.T.);
#169 = EDGE_CURVE('',#142,#170,#172,.T.);
#170 = VERTEX_POINT('',#171);
#171 = CARTESIAN_POINT('',(14.,4.,22.));
#172 = SURFACE_CURVE('',#173,(#177,#184),.PCURVE_S1.);
#173 = LINE('',#174,#175);
#174 = CARTESIAN_POINT('',(4.5,4.,22.));
#175 = VECTOR('',#176,1.);
#176 = DIRECTION('',(-1.,-0.,0.));
#177 = PCURVE('',#32,#178);
#178 = DEFINITIONAL_REPRESENTATION('',(#179),#183);
#179 = LINE('',#180,#181);
#180 = CARTESIAN_POINT('',(151.,1.5));
#181 = VECTOR('',#182,1.);
#182 = DIRECTION('',(0.,-1.));
#183 = ( GEOMETRIC_REPRESENTATION_CONTEXT(2)
PARAMETRIC_REPRESENTATION_CONTEXT() REPRESENTATION_CONTEXT('2D SPACE',''
  ) );
#184 = PCURVE('',#185,#190);
#185 = PLANE('',#186);
#186 = AXIS2_PLACEMENT_3D('',#187,#188,#189);
#187 = CARTESIAN_POINT('',(6.,-1.,22.));
#188 = DIRECTION('',(0.,0.,1.));
#189 = DIRECTION('',(1.,0.,-0.));
#190 = DEFINITIONAL_REPRESENTATION('',(#191),#195);
#191 = LINE('',#192,#193);
#192 = CARTESIAN_POINT('',(-1.5,5.));
#193 = VECTOR('',#194,1.);
#194 = DIRECTION('',(-1.,0.));
#195 = ( GEOMETRIC_REPRESENTATION_CONTEXT(2)
PARAMETRIC_REPRESENTATION_CONTEXT() REPRESENTATION_CONTEXT('2D SPACE',''
  ) );
#196 = ORIENTED_EDGE('',*,*,#197,.F.);
#197 = EDGE_CURVE('',#198,#170,#200,.T.);
#198 = VERTEX_POINT('',#199);
#199 = CARTESIAN_POINT('',(14.,4.,11.248528137424));
#200 = SURFACE_CURVE('',#201,(#205,#212),.PCURVE_S1.);
#201 = LINE('',#202,#203);
#202 = CARTESIAN_POINT('',(14.,4.,11.248528137424));
#203 = VECTOR('',#204,1.);
#204 = DIRECTION('',(-1.652198752046E-16,0.,1.));
#205 = PCURVE('',#32,#206);
#206 = DEFINITIONAL_REPRESENTATION('',(#207),#211);
#207 = LINE('',#208,#209);
#208 = CARTESIAN_POINT('',(140.24852813742,11.));
#209 = VECTOR('',#210,1.);
#210 = DIRECTION('',(1.,-1.652198752046E-16));
#211 = ( GEOMETRIC_REPRESENTATION_CONTEXT(2)
PARAMETRIC_REPRESENTATION_CONTEXT() REPRESENTATION_CONTEXT('2D SPACE',''
  ) );
#212 = PCURVE('',#213,#218);
#213 = PLANE('',#214);
#214 = AXIS2_PLACEMENT_3D('',#215,#216,#217);
#215 = CARTESIAN_POINT('',(14.,13.,11.));
#216 = DIRECTION('',(-1.,0.,0.));
#217 = DIRECTION('',(0.,0.,1.));
#218 = DEFINITIONAL_REPRESENTATION('',(#219),#223);
#219 = LINE('',#220,#221);
#220 = CARTESIAN_POINT('',(0.248528137424,-9.));
#221 = VECTOR('',#222,1.);
#222 = DIRECTION('',(1.,0.));
#223 = ( GEOMETRIC_REPRESENTATION_CONTEXT(2)
PARAMETRIC_REPRESENTATION_CONTEXT() REPRESENTATION_CONTEXT('2D SPACE',''
  ) );
#224 = ORIENTED_EDGE('',*,*,#225,.F.);
#225 = EDGE_CURVE('',#226,#198,#228,.T.);
#226 = VERTEX_POINT('',#227);
#227 = CARTESIAN_POINT('',(13.824264068712,4.,10.824264068712));
#228 = SURFACE_CURVE('',#229,(#234,#245),.PCURVE_S1.);
#229 = CIRCLE('',#230,0.6);
#230 = AXIS2_PLACEMENT_3D('',#231,#232,#233);
#231 = CARTESIAN_POINT('',(13.4,4.,11.248528137424));
#232 = DIRECTION('',(0.,-1.,0.));
#233 = DIRECTION('',(0.,-0.,-1.));
#234 = PCURVE('',#32,#235);
#235 = DEFINITIONAL_REPRESENTATION('',(#236),#244);
#236 = ( BOUNDED_CURVE() B_SPLINE_CURVE(2,(#237,#238,#239,#240,#241,#242
,#243),.UNSPECIFIED.,.T.,.F.) B_SPLINE_CURVE_WITH_KNOTS((1,2,2,2,2,1),(
    -2.094395102393,0.,2.094395102393,4.188790204786,6.28318530718,
8.377580409573),.UNSPECIFIED.) CURVE() GEOMETRIC_REPRESENTATION_ITEM()
RATIONAL_B_SPLINE_CURVE((1.,0.5,1.,0.5,1.,0.5,1.)) REPRESENTATION_ITEM(
  '') );
#237 = CARTESIAN_POINT('',(139.64852813742,10.4));
#238 = CARTESIAN_POINT('',(139.64852813742,11.439230484541));
#239 = CARTESIAN_POINT('',(140.54852813742,10.919615242271));
#240 = CARTESIAN_POINT('',(141.44852813742,10.4));
#241 = CARTESIAN_POINT('',(140.54852813742,9.880384757729));
#242 = CARTESIAN_POINT('',(139.64852813742,9.360769515459));
#243 = CARTESIAN_POINT('',(139.64852813742,10.4));
#244 = ( GEOMETRIC_REPRESENTATION_CONTEXT(2)
PARAMETRIC_REPRESENTATION_CONTEXT() REPRESENTATION_CONTEXT('2D SPACE',''
  ) );
#245 = PCURVE('',#246,#251);
#246 = CYLINDRICAL_SURFACE('',#247,0.6);
#247 = AXIS2_PLACEMENT_3D('',#248,#249,#250);
#248 = CARTESIAN_POINT('',(13.4,13.,11.248528137424));
#249 = DIRECTION('',(0.,-1.,0.));
#250 = DIRECTION('',(0.707106781187,0.,-0.707106781187));
#251 = DEFINITIONAL_REPRESENTATION('',(#252),#256);
#252 = LINE('',#253,#254);
#253 = CARTESIAN_POINT('',(-0.785398163397,9.));
#254 = VECTOR('',#255,1.);
#255 = DIRECTION('',(1.,0.));
#256 = ( GEOMETRIC_REPRESENTATION_CONTEXT(2)
PARAMETRIC_REPRESENTATION_CONTEXT() REPRESENTATION_CONTEXT('2D SPACE',''
  ) );
#257 = ORIENTED_EDGE('',*,*,#258,.F.);
#258 = EDGE_CURVE('',#259,#226,#261,.T.);
#259 = VERTEX_POINT('',#260);
#260 = CARTESIAN_POINT('',(6.,4.,3.));
#261 = SURFACE_CURVE('',#262,(#266,#273),.PCURVE_S1.);
#262 = LINE('',#263,#264);
#263 = CARTESIAN_POINT('',(4.,4.,1.));
#264 = VECTOR('',#265,1.);
#265 = DIRECTION('',(0.707106781187,0.,0.707106781187));
#266 = PCURVE('',#32,#267);
#267 = DEFINITIONAL_REPRESENTATION('',(#268),#272);
#268 = LINE('',#269,#270);
#269 = CARTESIAN_POINT('',(130.,1.));
#270 = VECTOR('',#271,1.);
#271 = DIRECTION('',(0.707106781187,0.707106781187));
#272 = ( GEOMETRIC_REPRESENTATION_CONTEXT(2)
PARAMETRIC_REPRESENTATION_CONTEXT() REPRESENTATION_CONTEXT('2D SPACE',''
  ) );
#273 = PCURVE('',#274,#279);
#274 = PLANE('',#275);
#275 = AXIS2_PLACEMENT_3D('',#276,#277,#278);
#276 = CARTESIAN_POINT('',(4.,13.,1.));
#277 = DIRECTION('',(-0.707106781187,0.,0.707106781187));
#278 = DIRECTION('',(0.707106781187,0.,0.707106781187));
#279 = DEFINITIONAL_REPRESENTATION('',(#280),#284);
#280 = LINE('',#281,#282);
#281 = CARTESIAN_POINT('',(0.,-9.));
#282 = VECTOR('',#283,1.);
#283 = DIRECTION('',(1.,0.));
#284 = ( GEOMETRIC_REPRESENTATION_CONTEXT(2)
PARAMETRIC_REPRESENTATION_CONTEXT() REPRESENTATION_CONTEXT('2D SPACE',''
  ) );
#285 = ORIENTED_EDGE('',*,*,#286,.F.);
#286 = EDGE_CURVE('',#24,#259,#287,.T.);
#287 = SURFACE_CURVE('',#288,(#292,#299),.PCURVE_S1.);
#288 = LINE('',#289,#290);
#289 = CARTESIAN_POINT('',(6.,4.,-127.5));
#290 = VECTOR('',#291,1.);
#291 = DIRECTION('',(0.,0.,1.));
#292 = PCURVE('',#32,#293);
#293 = DEFINITIONAL_REPRESENTATION('',(#294),#298);
#294 = LINE('',#295,#296);
#295 = CARTESIAN_POINT('',(1.5,3.));
#296 = VECTOR('',#297,1.);
#297 = DIRECTION('',(1.,0.));
#298 = ( GEOMETRIC_REPRESENTATION_CONTEXT(2)
PARAMETRIC_REPRESENTATION_CONTEXT() REPRESENTATION_CONTEXT('2D SPACE',''
  ) );
#299 = PCURVE('',#300,#305);
#300 = PLANE('',#301);
#301 = AXIS2_PLACEMENT_3D('',#302,#303,#304);
#302 = CARTESIAN_POINT('',(6.,8.,-126.));
#303 = DIRECTION('',(1.,0.,-0.));
#304 = DIRECTION('',(0.,0.,1.));
#305 = DEFINITIONAL_REPRESENTATION('',(#306),#310);
#306 = LINE('',#307,#308);
#307 = CARTESIAN_POINT('',(-1.5,4.));
#308 = VECTOR('',#309,1.);
#309 = DIRECTION('',(1.,0.));
#310 = ( GEOMETRIC_REPRESENTATION_CONTEXT(2)
PARAMETRIC_REPRESENTATION_CONTEXT() REPRESENTATION_CONTEXT('2D SPACE',''
  ) );
#311 = FACE_BOUND('',#312,.F.);
#312 = EDGE_LOOP('',(#313));
#313 = ORIENTED_EDGE('',*,*,#314,.F.);
#314 = EDGE_CURVE('',#315,#315,#317,.T.);
#315 = VERTEX_POINT('',#316);
#316 = CARTESIAN_POINT('',(9.,4.,17.4));
#317 = SURFACE_CURVE('',#318,(#323,#330),.PCURVE_S1.);
#318 = CIRCLE('',#319,1.4);
#319 = AXIS2_PLACEMENT_3D('',#320,#321,#322);
#320 = CARTESIAN_POINT('',(9.,4.,16.));
#321 = DIRECTION('',(0.,1.,0.));
#322 = DIRECTION('',(0.,-0.,1.));
#323 = PCURVE('',#32,#324);
#324 = DEFINITIONAL_REPRESENTATION('',(#325),#329);
#325 = CIRCLE('',#326,1.4);
#326 = AXIS2_PLACEMENT_2D('',#327,#328);
#327 = CARTESIAN_POINT('',(145.,6.));
#328 = DIRECTION('',(1.,0.));
#329 = ( GEOMETRIC_REPRESENTATION_CONTEXT(2)
PARAMETRIC_REPRESENTATION_CONTEXT() REPRESENTATION_CONTEXT('2D SPACE',''
  ) );
#330 = PCURVE('',#331,#336);
#331 = CYLINDRICAL_SURFACE('',#332,1.4);
#332 = AXIS2_PLACEMENT_3D('',#333,#334,#335);
#333 = CARTESIAN_POINT('',(9.,3.,16.));
#334 = DIRECTION('',(0.,1.,0.));
#335 = DIRECTION('',(0.,-0.,1.));
#336 = DEFINITIONAL_REPRESENTATION('',(#337),#341);
#337 = LINE('',#338,#339);
#338 = CARTESIAN_POINT('',(0.,1.));
#339 = VECTOR('',#340,1.);
#340 = DIRECTION('',(1.,0.));
#341 = ( GEOMETRIC_REPRESENTATION_CONTEXT(2)
PARAMETRIC_REPRESENTATION_CONTEXT() REPRESENTATION_CONTEXT('2D SPACE',''
  ) );
#342 = ADVANCED_FACE('',(#343),#44,.F.);
#343 = FACE_BOUND('',#344,.F.);
#344 = EDGE_LOOP('',(#345,#375,#404,#437,#458,#459,#482));
#345 = ORIENTED_EDGE('',*,*,#346,.F.);
#346 = EDGE_CURVE('',#347,#349,#351,.T.);
#347 = VERTEX_POINT('',#348);
#348 = CARTESIAN_POINT('',(-4.440892098501E-16,7.,0.));
#349 = VERTEX_POINT('',#350);
#350 = CARTESIAN_POINT('',(0.,18.,0.));
#351 = SURFACE_CURVE('',#352,(#356,#363),.PCURVE_S1.);
#352 = LINE('',#353,#354);
#353 = CARTESIAN_POINT('',(0.,0.,0.));
#354 = VECTOR('',#355,1.);
#355 = DIRECTION('',(-0.,1.,0.));
#356 = PCURVE('',#44,#357);
#357 = DEFINITIONAL_REPRESENTATION('',(#358),#362);
#358 = LINE('',#359,#360);
#359 = CARTESIAN_POINT('',(0.,0.));
#360 = VECTOR('',#361,1.);
#361 = DIRECTION('',(0.,1.));
#362 = ( GEOMETRIC_REPRESENTATION_CONTEXT(2)
PARAMETRIC_REPRESENTATION_CONTEXT() REPRESENTATION_CONTEXT('2D SPACE',''
  ) );
#363 = PCURVE('',#364,#369);
#364 = PLANE('',#365);
#365 = AXIS2_PLACEMENT_3D('',#366,#367,#368);
#366 = CARTESIAN_POINT('',(0.,0.,-132.));
#367 = DIRECTION('',(1.,0.,-0.));
#368 = DIRECTION('',(0.,0.,1.));
#369 = DEFINITIONAL_REPRESENTATION('',(#370),#374);
#370 = LINE('',#371,#372);
#371 = CARTESIAN_POINT('',(132.,0.));
#372 = VECTOR('',#373,1.);
#373 = DIRECTION('',(0.,-1.));
#374 = ( GEOMETRIC_REPRESENTATION_CONTEXT(2)
PARAMETRIC_REPRESENTATION_CONTEXT() REPRESENTATION_CONTEXT('2D SPACE',''
  ) );
#375 = ORIENTED_EDGE('',*,*,#376,.T.);
#376 = EDGE_CURVE('',#347,#377,#379,.T.);
#377 = VERTEX_POINT('',#378);
#378 = CARTESIAN_POINT('',(2.507462686567,1.631843101453,0.));
#379 = SURFACE_CURVE('',#380,(#385,#392),.PCURVE_S1.);
#380 = CIRCLE('',#381,7.);
#381 = AXIS2_PLACEMENT_3D('',#382,#383,#384);
#382 = CARTESIAN_POINT('',(7.,7.,0.));
#383 = DIRECTION('',(0.,0.,1.));
#384 = DIRECTION('',(-1.,-0.,0.));
#385 = PCURVE('',#44,#386);
#386 = DEFINITIONAL_REPRESENTATION('',(#387),#391);
#387 = CIRCLE('',#388,7.);
#388 = AXIS2_PLACEMENT_2D('',#389,#390);
#389 = CARTESIAN_POINT('',(7.,7.));
#390 = DIRECTION('',(-1.,0.));
#391 = ( GEOMETRIC_REPRESENTATION_CONTEXT(2)
PARAMETRIC_REPRESENTATION_CONTEXT() REPRESENTATION_CONTEXT('2D SPACE',''
  ) );
#392 = PCURVE('',#393,#398);
#393 = CYLINDRICAL_SURFACE('',#394,7.);
#394 = AXIS2_PLACEMENT_3D('',#395,#396,#397);
#395 = CARTESIAN_POINT('',(7.,7.,-132.));
#396 = DIRECTION('',(0.,0.,1.));
#397 = DIRECTION('',(-1.,-0.,0.));
#398 = DEFINITIONAL_REPRESENTATION('',(#399),#403);
#399 = LINE('',#400,#401);
#400 = CARTESIAN_POINT('',(0.,132.));
#401 = VECTOR('',#402,1.);
#402 = DIRECTION('',(1.,0.));
#403 = ( GEOMETRIC_REPRESENTATION_CONTEXT(2)
PARAMETRIC_REPRESENTATION_CONTEXT() REPRESENTATION_CONTEXT('2D SPACE',''
  ) );
#404 = ORIENTED_EDGE('',*,*,#405,.F.);
#405 = EDGE_CURVE('',#406,#377,#408,.T.);
#406 = VERTEX_POINT('',#407);
#407 = CARTESIAN_POINT('',(3.,1.861906968534,0.));
#408 = SURFACE_CURVE('',#409,(#414,#425),.PCURVE_S1.);
#409 = CIRCLE('',#410,0.3);
#410 = AXIS2_PLACEMENT_3D('',#411,#412,#413);
#411 = CARTESIAN_POINT('',(2.7,1.861906968534,0.));
#412 = DIRECTION('',(-0.,0.,-1.));
#413 = DIRECTION('',(-0.641791044776,-0.766879556935,0.));
#414 = PCURVE('',#44,#415);
#415 = DEFINITIONAL_REPRESENTATION('',(#416),#424);
#416 = ( BOUNDED_CURVE() B_SPLINE_CURVE(2,(#417,#418,#419,#420,#421,#422
,#423),.UNSPECIFIED.,.T.,.F.) B_SPLINE_CURVE_WITH_KNOTS((1,2,2,2,2,1),(
    -2.094395102393,0.,2.094395102393,4.188790204786,6.28318530718,
8.377580409573),.UNSPECIFIED.) CURVE() GEOMETRIC_REPRESENTATION_ITEM()
RATIONAL_B_SPLINE_CURVE((1.,0.5,1.,0.5,1.,0.5,1.)) REPRESENTATION_ITEM(
  '') );
#417 = CARTESIAN_POINT('',(2.507462686567,1.631843101453));
#418 = CARTESIAN_POINT('',(2.108980379798,1.965327510672));
#419 = CARTESIAN_POINT('',(2.597027503332,2.143681106683));
#420 = CARTESIAN_POINT('',(3.085074626866,2.322034702695));
#421 = CARTESIAN_POINT('',(2.995509810101,1.810196697465));
#422 = CARTESIAN_POINT('',(2.905944993336,1.298358692235));
#423 = CARTESIAN_POINT('',(2.507462686567,1.631843101453));
#424 = ( GEOMETRIC_REPRESENTATION_CONTEXT(2)
PARAMETRIC_REPRESENTATION_CONTEXT() REPRESENTATION_CONTEXT('2D SPACE',''
  ) );
#425 = PCURVE('',#426,#431);
#426 = CYLINDRICAL_SURFACE('',#427,0.3);
#427 = AXIS2_PLACEMENT_3D('',#428,#429,#430);
#428 = CARTESIAN_POINT('',(2.7,1.861906968534,20.));
#429 = DIRECTION('',(-0.,-0.,-1.));
#430 = DIRECTION('',(-0.641791044776,-0.766879556935,0.));
#431 = DEFINITIONAL_REPRESENTATION('',(#432),#436);
#432 = LINE('',#433,#434);
#433 = CARTESIAN_POINT('',(-6.28318530718,20.));
#434 = VECTOR('',#435,1.);
#435 = DIRECTION('',(1.,-0.));
#436 = ( GEOMETRIC_REPRESENTATION_CONTEXT(2)
PARAMETRIC_REPRESENTATION_CONTEXT() REPRESENTATION_CONTEXT('2D SPACE',''
  ) );
#437 = ORIENTED_EDGE('',*,*,#438,.F.);
#438 = EDGE_CURVE('',#22,#406,#439,.T.);
#439 = SURFACE_CURVE('',#440,(#444,#451),.PCURVE_S1.);
#440 = LINE('',#441,#442);
#441 = CARTESIAN_POINT('',(3.,-0.5,0.));
#442 = VECTOR('',#443,1.);
#443 = DIRECTION('',(0.,-1.,0.));
#444 = PCURVE('',#44,#445);
#445 = DEFINITIONAL_REPRESENTATION('',(#446),#450);
#446 = LINE('',#447,#448);
#447 = CARTESIAN_POINT('',(3.,-0.5));
#448 = VECTOR('',#449,1.);
#449 = DIRECTION('',(0.,-1.));
#450 = ( GEOMETRIC_REPRESENTATION_CONTEXT(2)
PARAMETRIC_REPRESENTATION_CONTEXT() REPRESENTATION_CONTEXT('2D SPACE',''
  ) );
#451 = PCURVE('',#72,#452);
#452 = DEFINITIONAL_REPRESENTATION('',(#453),#457);
#453 = LINE('',#454,#455);
#454 = CARTESIAN_POINT('',(129.,-0.5));
#455 = VECTOR('',#456,1.);
#456 = DIRECTION('',(0.,1.));
#457 = ( GEOMETRIC_REPRESENTATION_CONTEXT(2)
PARAMETRIC_REPRESENTATION_CONTEXT() REPRESENTATION_CONTEXT('2D SPACE',''
  ) );
#458 = ORIENTED_EDGE('',*,*,#21,.T.);
#459 = ORIENTED_EDGE('',*,*,#460,.F.);
#460 = EDGE_CURVE('',#461,#24,#463,.T.);
#461 = VERTEX_POINT('',#462);
#462 = CARTESIAN_POINT('',(6.,18.,0.));
#463 = SURFACE_CURVE('',#464,(#468,#475),.PCURVE_S1.);
#464 = LINE('',#465,#466);
#465 = CARTESIAN_POINT('',(6.,4.,0.));
#466 = VECTOR('',#467,1.);
#467 = DIRECTION('',(0.,-1.,0.));
#468 = PCURVE('',#44,#469);
#469 = DEFINITIONAL_REPRESENTATION('',(#470),#474);
#470 = LINE('',#471,#472);
#471 = CARTESIAN_POINT('',(6.,4.));
#472 = VECTOR('',#473,1.);
#473 = DIRECTION('',(0.,-1.));
#474 = ( GEOMETRIC_REPRESENTATION_CONTEXT(2)
PARAMETRIC_REPRESENTATION_CONTEXT() REPRESENTATION_CONTEXT('2D SPACE',''
  ) );
#475 = PCURVE('',#300,#476);
#476 = DEFINITIONAL_REPRESENTATION('',(#477),#481);
#477 = LINE('',#478,#479);
#478 = CARTESIAN_POINT('',(126.,4.));
#479 = VECTOR('',#480,1.);
#480 = DIRECTION('',(0.,1.));
#481 = ( GEOMETRIC_REPRESENTATION_CONTEXT(2)
PARAMETRIC_REPRESENTATION_CONTEXT() REPRESENTATION_CONTEXT('2D SPACE',''
  ) );
#482 = ORIENTED_EDGE('',*,*,#483,.F.);
#483 = EDGE_CURVE('',#349,#461,#484,.T.);
#484 = SURFACE_CURVE('',#485,(#489,#496),.PCURVE_S1.);
#485 = LINE('',#486,#487);
#486 = CARTESIAN_POINT('',(0.,18.,0.));
#487 = VECTOR('',#488,1.);
#488 = DIRECTION('',(1.,0.,-0.));
#489 = PCURVE('',#44,#490);
#490 = DEFINITIONAL_REPRESENTATION('',(#491),#495);
#491 = LINE('',#492,#493);
#492 = CARTESIAN_POINT('',(0.,18.));
#493 = VECTOR('',#494,1.);
#494 = DIRECTION('',(1.,0.));
#495 = ( GEOMETRIC_REPRESENTATION_CONTEXT(2)
PARAMETRIC_REPRESENTATION_CONTEXT() REPRESENTATION_CONTEXT('2D SPACE',''
  ) );
#496 = PCURVE('',#497,#502);
#497 = PLANE('',#498);
#498 = AXIS2_PLACEMENT_3D('',#499,#500,#501);
#499 = CARTESIAN_POINT('',(0.,18.,0.));
#500 = DIRECTION('',(-0.,1.,0.));
#501 = DIRECTION('',(0.,0.,1.));
#502 = DEFINITIONAL_REPRESENTATION('',(#503),#507);
#503 = LINE('',#504,#505);
#504 = CARTESIAN_POINT('',(0.,0.));
#505 = VECTOR('',#506,1.);
#506 = DIRECTION('',(0.,1.));
#507 = ( GEOMETRIC_REPRESENTATION_CONTEXT(2)
PARAMETRIC_REPRESENTATION_CONTEXT() REPRESENTATION_CONTEXT('2D SPACE',''
  ) );
#508 = ADVANCED_FACE('',(#509),#300,.T.);
#509 = FACE_BOUND('',#510,.T.);
#510 = EDGE_LOOP('',(#511,#541,#569,#590,#591,#592));
#511 = ORIENTED_EDGE('',*,*,#512,.F.);
#512 = EDGE_CURVE('',#513,#515,#517,.T.);
#513 = VERTEX_POINT('',#514);
#514 = CARTESIAN_POINT('',(6.,13.,25.5));
#515 = VERTEX_POINT('',#516);
#516 = CARTESIAN_POINT('',(6.,18.,25.5));
#517 = SURFACE_CURVE('',#518,(#522,#529),.PCURVE_S1.);
#518 = LINE('',#519,#520);
#519 = CARTESIAN_POINT('',(6.,10.,25.5));
#520 = VECTOR('',#521,1.);
#521 = DIRECTION('',(-0.,1.,0.));
#522 = PCURVE('',#300,#523);
#523 = DEFINITIONAL_REPRESENTATION('',(#524),#528);
#524 = LINE('',#525,#526);
#525 = CARTESIAN_POINT('',(151.5,-2.));
#526 = VECTOR('',#527,1.);
#527 = DIRECTION('',(0.,-1.));
#528 = ( GEOMETRIC_REPRESENTATION_CONTEXT(2)
PARAMETRIC_REPRESENTATION_CONTEXT() REPRESENTATION_CONTEXT('2D SPACE',''
  ) );
#529 = PCURVE('',#530,#535);
#530 = CYLINDRICAL_SURFACE('',#531,0.5);
#531 = AXIS2_PLACEMENT_3D('',#532,#533,#534);
#532 = CARTESIAN_POINT('',(5.5,10.,25.5));
#533 = DIRECTION('',(-0.,1.,0.));
#534 = DIRECTION('',(0.,0.,1.));
#535 = DEFINITIONAL_REPRESENTATION('',(#536),#540);
#536 = LINE('',#537,#538);
#537 = CARTESIAN_POINT('',(1.570796326795,0.));
#538 = VECTOR('',#539,1.);
#539 = DIRECTION('',(0.,1.));
#540 = ( GEOMETRIC_REPRESENTATION_CONTEXT(2)
PARAMETRIC_REPRESENTATION_CONTEXT() REPRESENTATION_CONTEXT('2D SPACE',''
  ) );
#541 = ORIENTED_EDGE('',*,*,#542,.F.);
#542 = EDGE_CURVE('',#543,#513,#545,.T.);
#543 = VERTEX_POINT('',#544);
#544 = CARTESIAN_POINT('',(6.,13.,3.));
#545 = SURFACE_CURVE('',#546,(#550,#557),.PCURVE_S1.);
#546 = LINE('',#547,#548);
#547 = CARTESIAN_POINT('',(6.,13.,3.));
#548 = VECTOR('',#549,1.);
#549 = DIRECTION('',(0.,0.,1.));
#550 = PCURVE('',#300,#551);
#551 = DEFINITIONAL_REPRESENTATION('',(#552),#556);
#552 = LINE('',#553,#554);
#553 = CARTESIAN_POINT('',(129.,-5.));
#554 = VECTOR('',#555,1.);
#555 = DIRECTION('',(1.,0.));
#556 = ( GEOMETRIC_REPRESENTATION_CONTEXT(2)
PARAMETRIC_REPRESENTATION_CONTEXT() REPRESENTATION_CONTEXT('2D SPACE',''
  ) );
#557 = PCURVE('',#558,#563);
#558 = PLANE('',#559);
#559 = AXIS2_PLACEMENT_3D('',#560,#561,#562);
#560 = CARTESIAN_POINT('',(8.220481209212,13.,14.964466094067));
#561 = DIRECTION('',(-0.,-1.,-0.));
#562 = DIRECTION('',(0.,0.,-1.));
#563 = DEFINITIONAL_REPRESENTATION('',(#564),#568);
#564 = LINE('',#565,#566);
#565 = CARTESIAN_POINT('',(11.964466094067,-2.220481209212));
#566 = VECTOR('',#567,1.);
#567 = DIRECTION('',(-1.,0.));
#568 = ( GEOMETRIC_REPRESENTATION_CONTEXT(2)
PARAMETRIC_REPRESENTATION_CONTEXT() REPRESENTATION_CONTEXT('2D SPACE',''
  ) );
#569 = ORIENTED_EDGE('',*,*,#570,.T.);
#570 = EDGE_CURVE('',#543,#259,#571,.T.);
#571 = SURFACE_CURVE('',#572,(#576,#583),.PCURVE_S1.);
#572 = LINE('',#573,#574);
#573 = CARTESIAN_POINT('',(6.,10.5,3.));
#574 = VECTOR('',#575,1.);
#575 = DIRECTION('',(0.,-1.,0.));
#576 = PCURVE('',#300,#577);
#577 = DEFINITIONAL_REPRESENTATION('',(#578),#582);
#578 = LINE('',#579,#580);
#579 = CARTESIAN_POINT('',(129.,-2.5));
#580 = VECTOR('',#581,1.);
#581 = DIRECTION('',(0.,1.));
#582 = ( GEOMETRIC_REPRESENTATION_CONTEXT(2)
PARAMETRIC_REPRESENTATION_CONTEXT() REPRESENTATION_CONTEXT('2D SPACE',''
  ) );
#583 = PCURVE('',#274,#584);
#584 = DEFINITIONAL_REPRESENTATION('',(#585),#589);
#585 = LINE('',#586,#587);
#586 = CARTESIAN_POINT('',(2.828427124746,-2.5));
#587 = VECTOR('',#588,1.);
#588 = DIRECTION('',(0.,-1.));
#589 = ( GEOMETRIC_REPRESENTATION_CONTEXT(2)
PARAMETRIC_REPRESENTATION_CONTEXT() REPRESENTATION_CONTEXT('2D SPACE',''
  ) );
#590 = ORIENTED_EDGE('',*,*,#286,.F.);
#591 = ORIENTED_EDGE('',*,*,#460,.F.);
#592 = ORIENTED_EDGE('',*,*,#593,.T.);
#593 = EDGE_CURVE('',#461,#515,#594,.T.);
#594 = SURFACE_CURVE('',#595,(#599,#606),.PCURVE_S1.);
#595 = LINE('',#596,#597);
#596 = CARTESIAN_POINT('',(6.,18.,-63.));
#597 = VECTOR('',#598,1.);
#598 = DIRECTION('',(0.,0.,1.));
#599 = PCURVE('',#300,#600);
#600 = DEFINITIONAL_REPRESENTATION('',(#601),#605);
#601 = LINE('',#602,#603);
#602 = CARTESIAN_POINT('',(63.,-10.));
#603 = VECTOR('',#604,1.);
#604 = DIRECTION('',(1.,0.));
#605 = ( GEOMETRIC_REPRESENTATION_CONTEXT(2)
PARAMETRIC_REPRESENTATION_CONTEXT() REPRESENTATION_CONTEXT('2D SPACE',''
  ) );
#606 = PCURVE('',#497,#607);
#607 = DEFINITIONAL_REPRESENTATION('',(#608),#612);
#608 = LINE('',#609,#610);
#609 = CARTESIAN_POINT('',(-63.,6.));
#610 = VECTOR('',#611,1.);
#611 = DIRECTION('',(1.,0.));
#612 = ( GEOMETRIC_REPRESENTATION_CONTEXT(2)
PARAMETRIC_REPRESENTATION_CONTEXT() REPRESENTATION_CONTEXT('2D SPACE',''
  ) );
#613 = ADVANCED_FACE('',(#614),#274,.F.);
#614 = FACE_BOUND('',#615,.F.);
#615 = EDGE_LOOP('',(#616,#639,#640,#641));
#616 = ORIENTED_EDGE('',*,*,#617,.F.);
#617 = EDGE_CURVE('',#543,#618,#620,.T.);
#618 = VERTEX_POINT('',#619);
#619 = CARTESIAN_POINT('',(13.824264068712,13.,10.824264068712));
#620 = SURFACE_CURVE('',#621,(#625,#632),.PCURVE_S1.);
#621 = LINE('',#622,#623);
#622 = CARTESIAN_POINT('',(4.,13.,1.));
#623 = VECTOR('',#624,1.);
#624 = DIRECTION('',(0.707106781187,0.,0.707106781187));
#625 = PCURVE('',#274,#626);
#626 = DEFINITIONAL_REPRESENTATION('',(#627),#631);
#627 = LINE('',#628,#629);
#628 = CARTESIAN_POINT('',(0.,0.));
#629 = VECTOR('',#630,1.);
#630 = DIRECTION('',(1.,0.));
#631 = ( GEOMETRIC_REPRESENTATION_CONTEXT(2)
PARAMETRIC_REPRESENTATION_CONTEXT() REPRESENTATION_CONTEXT('2D SPACE',''
  ) );
#632 = PCURVE('',#558,#633);
#633 = DEFINITIONAL_REPRESENTATION('',(#634),#638);
#634 = LINE('',#635,#636);
#635 = CARTESIAN_POINT('',(13.964466094067,-4.220481209212));
#636 = VECTOR('',#637,1.);
#637 = DIRECTION('',(-0.707106781187,0.707106781187));
#638 = ( GEOMETRIC_REPRESENTATION_CONTEXT(2)
PARAMETRIC_REPRESENTATION_CONTEXT() REPRESENTATION_CONTEXT('2D SPACE',''
  ) );
#639 = ORIENTED_EDGE('',*,*,#570,.T.);
#640 = ORIENTED_EDGE('',*,*,#258,.T.);
#641 = ORIENTED_EDGE('',*,*,#642,.F.);
#642 = EDGE_CURVE('',#618,#226,#643,.T.);
#643 = SURFACE_CURVE('',#644,(#648,#655),.PCURVE_S1.);
#644 = LINE('',#645,#646);
#645 = CARTESIAN_POINT('',(13.824264068712,13.,10.824264068712));
#646 = VECTOR('',#647,1.);
#647 = DIRECTION('',(0.,-1.,0.));
#648 = PCURVE('',#274,#649);
#649 = DEFINITIONAL_REPRESENTATION('',(#650),#654);
#650 = LINE('',#651,#652);
#651 = CARTESIAN_POINT('',(13.893607486307,0.));
#652 = VECTOR('',#653,1.);
#653 = DIRECTION('',(0.,-1.));
#654 = ( GEOMETRIC_REPRESENTATION_CONTEXT(2)
PARAMETRIC_REPRESENTATION_CONTEXT() REPRESENTATION_CONTEXT('2D SPACE',''
  ) );
#655 = PCURVE('',#246,#656);
#656 = DEFINITIONAL_REPRESENTATION('',(#657),#661);
#657 = LINE('',#658,#659);
#658 = CARTESIAN_POINT('',(0.,0.));
#659 = VECTOR('',#660,1.);
#660 = DIRECTION('',(0.,1.));
#661 = ( GEOMETRIC_REPRESENTATION_CONTEXT(2)
PARAMETRIC_REPRESENTATION_CONTEXT() REPRESENTATION_CONTEXT('2D SPACE',''
  ) );
#662 = ADVANCED_FACE('',(#663),#246,.T.);
#663 = FACE_BOUND('',#664,.T.);
#664 = EDGE_LOOP('',(#665,#689,#710,#711));
#665 = ORIENTED_EDGE('',*,*,#666,.T.);
#666 = EDGE_CURVE('',#618,#667,#669,.T.);
#667 = VERTEX_POINT('',#668);
#668 = CARTESIAN_POINT('',(14.,13.,11.248528137424));
#669 = SURFACE_CURVE('',#670,(#675,#682),.PCURVE_S1.);
#670 = CIRCLE('',#671,0.6);
#671 = AXIS2_PLACEMENT_3D('',#672,#673,#674);
#672 = CARTESIAN_POINT('',(13.4,13.,11.248528137424));
#673 = DIRECTION('',(0.,-1.,0.));
#674 = DIRECTION('',(0.,-0.,-1.));
#675 = PCURVE('',#246,#676);
#676 = DEFINITIONAL_REPRESENTATION('',(#677),#681);
#677 = LINE('',#678,#679);
#678 = CARTESIAN_POINT('',(-0.785398163397,0.));
#679 = VECTOR('',#680,1.);
#680 = DIRECTION('',(1.,0.));
#681 = ( GEOMETRIC_REPRESENTATION_CONTEXT(2)
PARAMETRIC_REPRESENTATION_CONTEXT() REPRESENTATION_CONTEXT('2D SPACE',''
  ) );
#682 = PCURVE('',#558,#683);
#683 = DEFINITIONAL_REPRESENTATION('',(#684),#688);
#684 = CIRCLE('',#685,0.6);
#685 = AXIS2_PLACEMENT_2D('',#686,#687);
#686 = CARTESIAN_POINT('',(3.715937956643,5.179518790788));
#687 = DIRECTION('',(1.,0.));
#688 = ( GEOMETRIC_REPRESENTATION_CONTEXT(2)
PARAMETRIC_REPRESENTATION_CONTEXT() REPRESENTATION_CONTEXT('2D SPACE',''
  ) );
#689 = ORIENTED_EDGE('',*,*,#690,.T.);
#690 = EDGE_CURVE('',#667,#198,#691,.T.);
#691 = SURFACE_CURVE('',#692,(#696,#703),.PCURVE_S1.);
#692 = LINE('',#693,#694);
#693 = CARTESIAN_POINT('',(14.,13.,11.248528137424));
#694 = VECTOR('',#695,1.);
#695 = DIRECTION('',(0.,-1.,0.));
#696 = PCURVE('',#246,#697);
#697 = DEFINITIONAL_REPRESENTATION('',(#698),#702);
#698 = LINE('',#699,#700);
#699 = CARTESIAN_POINT('',(0.785398163397,0.));
#700 = VECTOR('',#701,1.);
#701 = DIRECTION('',(0.,1.));
#702 = ( GEOMETRIC_REPRESENTATION_CONTEXT(2)
PARAMETRIC_REPRESENTATION_CONTEXT() REPRESENTATION_CONTEXT('2D SPACE',''
  ) );
#703 = PCURVE('',#213,#704);
#704 = DEFINITIONAL_REPRESENTATION('',(#705),#709);
#705 = LINE('',#706,#707);
#706 = CARTESIAN_POINT('',(0.248528137424,0.));
#707 = VECTOR('',#708,1.);
#708 = DIRECTION('',(0.,-1.));
#709 = ( GEOMETRIC_REPRESENTATION_CONTEXT(2)
PARAMETRIC_REPRESENTATION_CONTEXT() REPRESENTATION_CONTEXT('2D SPACE',''
  ) );
#710 = ORIENTED_EDGE('',*,*,#225,.F.);
#711 = ORIENTED_EDGE('',*,*,#642,.F.);
#712 = ADVANCED_FACE('',(#713),#213,.F.);
#713 = FACE_BOUND('',#714,.F.);
#714 = EDGE_LOOP('',(#715,#716,#717,#740,#768,#796));
#715 = ORIENTED_EDGE('',*,*,#690,.T.);
#716 = ORIENTED_EDGE('',*,*,#197,.T.);
#717 = ORIENTED_EDGE('',*,*,#718,.F.);
#718 = EDGE_CURVE('',#719,#170,#721,.T.);
#719 = VERTEX_POINT('',#720);
#720 = CARTESIAN_POINT('',(14.,8.,22.));
#721 = SURFACE_CURVE('',#722,(#726,#733),.PCURVE_S1.);
#722 = LINE('',#723,#724);
#723 = CARTESIAN_POINT('',(14.,6.,22.));
#724 = VECTOR('',#725,1.);
#725 = DIRECTION('',(0.,-1.,0.));
#726 = PCURVE('',#213,#727);
#727 = DEFINITIONAL_REPRESENTATION('',(#728),#732);
#728 = LINE('',#729,#730);
#729 = CARTESIAN_POINT('',(11.,-7.));
#730 = VECTOR('',#731,1.);
#731 = DIRECTION('',(0.,-1.));
#732 = ( GEOMETRIC_REPRESENTATION_CONTEXT(2)
PARAMETRIC_REPRESENTATION_CONTEXT() REPRESENTATION_CONTEXT('2D SPACE',''
  ) );
#733 = PCURVE('',#185,#734);
#734 = DEFINITIONAL_REPRESENTATION('',(#735),#739);
#735 = LINE('',#736,#737);
#736 = CARTESIAN_POINT('',(8.,7.));
#737 = VECTOR('',#738,1.);
#738 = DIRECTION('',(0.,-1.));
#739 = ( GEOMETRIC_REPRESENTATION_CONTEXT(2)
PARAMETRIC_REPRESENTATION_CONTEXT() REPRESENTATION_CONTEXT('2D SPACE',''
  ) );
#740 = ORIENTED_EDGE('',*,*,#741,.T.);
#741 = EDGE_CURVE('',#719,#742,#744,.T.);
#742 = VERTEX_POINT('',#743);
#743 = CARTESIAN_POINT('',(14.,8.,25.4));
#744 = SURFACE_CURVE('',#745,(#749,#756),.PCURVE_S1.);
#745 = LINE('',#746,#747);
#746 = CARTESIAN_POINT('',(14.,8.,-57.5));
#747 = VECTOR('',#748,1.);
#748 = DIRECTION('',(0.,0.,1.));
#749 = PCURVE('',#213,#750);
#750 = DEFINITIONAL_REPRESENTATION('',(#751),#755);
#751 = LINE('',#752,#753);
#752 = CARTESIAN_POINT('',(-68.5,-5.));
#753 = VECTOR('',#754,1.);
#754 = DIRECTION('',(1.,0.));
#755 = ( GEOMETRIC_REPRESENTATION_CONTEXT(2)
PARAMETRIC_REPRESENTATION_CONTEXT() REPRESENTATION_CONTEXT('2D SPACE',''
  ) );
#756 = PCURVE('',#757,#762);
#757 = PLANE('',#758);
#758 = AXIS2_PLACEMENT_3D('',#759,#760,#761);
#759 = CARTESIAN_POINT('',(6.,8.,-126.));
#760 = DIRECTION('',(-0.,1.,0.));
#761 = DIRECTION('',(0.,0.,1.));
#762 = DEFINITIONAL_REPRESENTATION('',(#763),#767);
#763 = LINE('',#764,#765);
#764 = CARTESIAN_POINT('',(68.5,8.));
#765 = VECTOR('',#766,1.);
#766 = DIRECTION('',(1.,0.));
#767 = ( GEOMETRIC_REPRESENTATION_CONTEXT(2)
PARAMETRIC_REPRESENTATION_CONTEXT() REPRESENTATION_CONTEXT('2D SPACE',''
  ) );
#768 = ORIENTED_EDGE('',*,*,#769,.F.);
#769 = EDGE_CURVE('',#770,#742,#772,.T.);
#770 = VERTEX_POINT('',#771);
#771 = CARTESIAN_POINT('',(14.,13.,25.4));
#772 = SURFACE_CURVE('',#773,(#777,#784),.PCURVE_S1.);
#773 = LINE('',#774,#775);
#774 = CARTESIAN_POINT('',(14.,13.,25.4));
#775 = VECTOR('',#776,1.);
#776 = DIRECTION('',(0.,-1.,0.));
#777 = PCURVE('',#213,#778);
#778 = DEFINITIONAL_REPRESENTATION('',(#779),#783);
#779 = LINE('',#780,#781);
#780 = CARTESIAN_POINT('',(14.4,0.));
#781 = VECTOR('',#782,1.);
#782 = DIRECTION('',(0.,-1.));
#783 = ( GEOMETRIC_REPRESENTATION_CONTEXT(2)
PARAMETRIC_REPRESENTATION_CONTEXT() REPRESENTATION_CONTEXT('2D SPACE',''
  ) );
#784 = PCURVE('',#785,#790);
#785 = CYLINDRICAL_SURFACE('',#786,0.6);
#786 = AXIS2_PLACEMENT_3D('',#787,#788,#789);
#787 = CARTESIAN_POINT('',(13.4,13.,25.4));
#788 = DIRECTION('',(0.,-1.,0.));
#789 = DIRECTION('',(1.,0.,-0.));
#790 = DEFINITIONAL_REPRESENTATION('',(#791),#795);
#791 = LINE('',#792,#793);
#792 = CARTESIAN_POINT('',(0.,0.));
#793 = VECTOR('',#794,1.);
#794 = DIRECTION('',(0.,1.));
#795 = ( GEOMETRIC_REPRESENTATION_CONTEXT(2)
PARAMETRIC_REPRESENTATION_CONTEXT() REPRESENTATION_CONTEXT('2D SPACE',''
  ) );
#796 = ORIENTED_EDGE('',*,*,#797,.T.);
#797 = EDGE_CURVE('',#770,#667,#798,.T.);
#798 = SURFACE_CURVE('',#799,(#803,#810),.PCURVE_S1.);
#799 = LINE('',#800,#801);
#800 = CARTESIAN_POINT('',(14.,13.,25.4));
#801 = VECTOR('',#802,1.);
#802 = DIRECTION('',(1.25524528943E-16,0.,-1.));
#803 = PCURVE('',#213,#804);
#804 = DEFINITIONAL_REPRESENTATION('',(#805),#809);
#805 = LINE('',#806,#807);
#806 = CARTESIAN_POINT('',(14.4,0.));
#807 = VECTOR('',#808,1.);
#808 = DIRECTION('',(-1.,0.));
#809 = ( GEOMETRIC_REPRESENTATION_CONTEXT(2)
PARAMETRIC_REPRESENTATION_CONTEXT() REPRESENTATION_CONTEXT('2D SPACE',''
  ) );
#810 = PCURVE('',#558,#811);
#811 = DEFINITIONAL_REPRESENTATION('',(#812),#816);
#812 = LINE('',#813,#814);
#813 = CARTESIAN_POINT('',(-10.43553390593,5.779518790788));
#814 = VECTOR('',#815,1.);
#815 = DIRECTION('',(1.,1.25524528943E-16));
#816 = ( GEOMETRIC_REPRESENTATION_CONTEXT(2)
PARAMETRIC_REPRESENTATION_CONTEXT() REPRESENTATION_CONTEXT('2D SPACE',''
  ) );
#817 = ADVANCED_FACE('',(#818),#185,.F.);
#818 = FACE_BOUND('',#819,.F.);
#819 = EDGE_LOOP('',(#820,#843,#844,#845));
#820 = ORIENTED_EDGE('',*,*,#821,.F.);
#821 = EDGE_CURVE('',#719,#822,#824,.T.);
#822 = VERTEX_POINT('',#823);
#823 = CARTESIAN_POINT('',(17.,8.,22.));
#824 = SURFACE_CURVE('',#825,(#829,#836),.PCURVE_S1.);
#825 = LINE('',#826,#827);
#826 = CARTESIAN_POINT('',(6.,8.,22.));
#827 = VECTOR('',#828,1.);
#828 = DIRECTION('',(1.,0.,-0.));
#829 = PCURVE('',#185,#830);
#830 = DEFINITIONAL_REPRESENTATION('',(#831),#835);
#831 = LINE('',#832,#833);
#832 = CARTESIAN_POINT('',(0.,9.));
#833 = VECTOR('',#834,1.);
#834 = DIRECTION('',(1.,0.));
#835 = ( GEOMETRIC_REPRESENTATION_CONTEXT(2)
PARAMETRIC_REPRESENTATION_CONTEXT() REPRESENTATION_CONTEXT('2D SPACE',''
  ) );
#836 = PCURVE('',#757,#837);
#837 = DEFINITIONAL_REPRESENTATION('',(#838),#842);
#838 = LINE('',#839,#840);
#839 = CARTESIAN_POINT('',(148.,0.));
#840 = VECTOR('',#841,1.);
#841 = DIRECTION('',(0.,1.));
#842 = ( GEOMETRIC_REPRESENTATION_CONTEXT(2)
PARAMETRIC_REPRESENTATION_CONTEXT() REPRESENTATION_CONTEXT('2D SPACE',''
  ) );
#843 = ORIENTED_EDGE('',*,*,#718,.T.);
#844 = ORIENTED_EDGE('',*,*,#169,.F.);
#845 = ORIENTED_EDGE('',*,*,#846,.T.);
#846 = EDGE_CURVE('',#142,#822,#847,.T.);
#847 = SURFACE_CURVE('',#848,(#852,#859),.PCURVE_S1.);
#848 = LINE('',#849,#850);
#849 = CARTESIAN_POINT('',(17.,-0.5,22.));
#850 = VECTOR('',#851,1.);
#851 = DIRECTION('',(-0.,1.,0.));
#852 = PCURVE('',#185,#853);
#853 = DEFINITIONAL_REPRESENTATION('',(#854),#858);
#854 = LINE('',#855,#856);
#855 = CARTESIAN_POINT('',(11.,0.5));
#856 = VECTOR('',#857,1.);
#857 = DIRECTION('',(0.,1.));
#858 = ( GEOMETRIC_REPRESENTATION_CONTEXT(2)
PARAMETRIC_REPRESENTATION_CONTEXT() REPRESENTATION_CONTEXT('2D SPACE',''
  ) );
#859 = PCURVE('',#157,#860);
#860 = DEFINITIONAL_REPRESENTATION('',(#861),#865);
#861 = LINE('',#862,#863);
#862 = CARTESIAN_POINT('',(22.,0.5));
#863 = VECTOR('',#864,1.);
#864 = DIRECTION('',(0.,-1.));
#865 = ( GEOMETRIC_REPRESENTATION_CONTEXT(2)
PARAMETRIC_REPRESENTATION_CONTEXT() REPRESENTATION_CONTEXT('2D SPACE',''
  ) );
#866 = ADVANCED_FACE('',(#867),#157,.T.);
#867 = FACE_BOUND('',#868,.T.);
#868 = EDGE_LOOP('',(#869,#899,#932,#953,#954,#955,#978,#1011,#1039));
#869 = ORIENTED_EDGE('',*,*,#870,.F.);
#870 = EDGE_CURVE('',#871,#873,#875,.T.);
#871 = VERTEX_POINT('',#872);
#872 = CARTESIAN_POINT('',(17.,-2.775557561563E-17,23.3));
#873 = VERTEX_POINT('',#874);
#874 = CARTESIAN_POINT('',(17.,-5.551115123126E-17,25.5));
#875 = SURFACE_CURVE('',#876,(#880,#887),.PCURVE_S1.);
#876 = LINE('',#877,#878);
#877 = CARTESIAN_POINT('',(17.,0.,0.));
#878 = VECTOR('',#879,1.);
#879 = DIRECTION('',(0.,0.,1.));
#880 = PCURVE('',#157,#881);
#881 = DEFINITIONAL_REPRESENTATION('',(#882),#886);
#882 = LINE('',#883,#884);
#883 = CARTESIAN_POINT('',(0.,0.));
#884 = VECTOR('',#885,1.);
#885 = DIRECTION('',(1.,0.));
#886 = ( GEOMETRIC_REPRESENTATION_CONTEXT(2)
PARAMETRIC_REPRESENTATION_CONTEXT() REPRESENTATION_CONTEXT('2D SPACE',''
  ) );
#887 = PCURVE('',#888,#893);
#888 = PLANE('',#889);
#889 = AXIS2_PLACEMENT_3D('',#890,#891,#892);
#890 = CARTESIAN_POINT('',(0.,0.,-132.));
#891 = DIRECTION('',(-0.,1.,0.));
#892 = DIRECTION('',(0.,0.,1.));
#893 = DEFINITIONAL_REPRESENTATION('',(#894),#898);
#894 = LINE('',#895,#896);
#895 = CARTESIAN_POINT('',(132.,17.));
#896 = VECTOR('',#897,1.);
#897 = DIRECTION('',(1.,0.));
#898 = ( GEOMETRIC_REPRESENTATION_CONTEXT(2)
PARAMETRIC_REPRESENTATION_CONTEXT() REPRESENTATION_CONTEXT('2D SPACE',''
  ) );
#899 = ORIENTED_EDGE('',*,*,#900,.F.);
#900 = EDGE_CURVE('',#901,#871,#903,.T.);
#901 = VERTEX_POINT('',#902);
#902 = CARTESIAN_POINT('',(17.,0.3,23.));
#903 = SURFACE_CURVE('',#904,(#909,#920),.PCURVE_S1.);
#904 = CIRCLE('',#905,0.3);
#905 = AXIS2_PLACEMENT_3D('',#906,#907,#908);
#906 = CARTESIAN_POINT('',(17.,0.3,23.3));
#907 = DIRECTION('',(-1.,-0.,0.));
#908 = DIRECTION('',(0.,-1.,-0.));
#909 = PCURVE('',#157,#910);
#910 = DEFINITIONAL_REPRESENTATION('',(#911),#919);
#911 = ( BOUNDED_CURVE() B_SPLINE_CURVE(2,(#912,#913,#914,#915,#916,#917
,#918),.UNSPECIFIED.,.T.,.F.) B_SPLINE_CURVE_WITH_KNOTS((1,2,2,2,2,1),(
    -2.094395102393,0.,2.094395102393,4.188790204786,6.28318530718,
8.377580409573),.UNSPECIFIED.) CURVE() GEOMETRIC_REPRESENTATION_ITEM()
RATIONAL_B_SPLINE_CURVE((1.,0.5,1.,0.5,1.,0.5,1.)) REPRESENTATION_ITEM(
  '') );
#912 = CARTESIAN_POINT('',(23.3,5.551115123126E-17));
#913 = CARTESIAN_POINT('',(23.819615242271,5.551115123126E-17));
#914 = CARTESIAN_POINT('',(23.559807621135,-0.45));
#915 = CARTESIAN_POINT('',(23.3,-0.9));
#916 = CARTESIAN_POINT('',(23.040192378865,-0.45));
#917 = CARTESIAN_POINT('',(22.780384757729,-3.885780586188E-16));
#918 = CARTESIAN_POINT('',(23.3,5.551115123126E-17));
#919 = ( GEOMETRIC_REPRESENTATION_CONTEXT(2)
PARAMETRIC_REPRESENTATION_CONTEXT() REPRESENTATION_CONTEXT('2D SPACE',''
  ) );
#920 = PCURVE('',#921,#926);
#921 = CYLINDRICAL_SURFACE('',#922,0.3);
#922 = AXIS2_PLACEMENT_3D('',#923,#924,#925);
#923 = CARTESIAN_POINT('',(89.,0.3,23.3));
#924 = DIRECTION('',(-1.,-0.,0.));
#925 = DIRECTION('',(0.,-1.,-0.));
#926 = DEFINITIONAL_REPRESENTATION('',(#927),#931);
#927 = LINE('',#928,#929);
#928 = CARTESIAN_POINT('',(-6.28318530718,72.));
#929 = VECTOR('',#930,1.);
#930 = DIRECTION('',(1.,-0.));
#931 = ( GEOMETRIC_REPRESENTATION_CONTEXT(2)
PARAMETRIC_REPRESENTATION_CONTEXT() REPRESENTATION_CONTEXT('2D SPACE',''
  ) );
#932 = ORIENTED_EDGE('',*,*,#933,.T.);
#933 = EDGE_CURVE('',#901,#114,#934,.T.);
#934 = SURFACE_CURVE('',#935,(#939,#946),.PCURVE_S1.);
#935 = LINE('',#936,#937);
#936 = CARTESIAN_POINT('',(17.,-0.5,23.));
#937 = VECTOR('',#938,1.);
#938 = DIRECTION('',(-0.,1.,0.));
#939 = PCURVE('',#157,#940);
#940 = DEFINITIONAL_REPRESENTATION('',(#941),#945);
#941 = LINE('',#942,#943);
#942 = CARTESIAN_POINT('',(23.,0.5));
#943 = VECTOR('',#944,1.);
#944 = DIRECTION('',(0.,-1.));
#945 = ( GEOMETRIC_REPRESENTATION_CONTEXT(2)
PARAMETRIC_REPRESENTATION_CONTEXT() REPRESENTATION_CONTEXT('2D SPACE',''
  ) );
#946 = PCURVE('',#129,#947);
#947 = DEFINITIONAL_REPRESENTATION('',(#948),#952);
#948 = LINE('',#949,#950);
#949 = CARTESIAN_POINT('',(14.,0.5));
#950 = VECTOR('',#951,1.);
#951 = DIRECTION('',(0.,1.));
#952 = ( GEOMETRIC_REPRESENTATION_CONTEXT(2)
PARAMETRIC_REPRESENTATION_CONTEXT() REPRESENTATION_CONTEXT('2D SPACE',''
  ) );
#953 = ORIENTED_EDGE('',*,*,#141,.T.);
#954 = ORIENTED_EDGE('',*,*,#846,.T.);
#955 = ORIENTED_EDGE('',*,*,#956,.F.);
#956 = EDGE_CURVE('',#957,#822,#959,.T.);
#957 = VERTEX_POINT('',#958);
#958 = CARTESIAN_POINT('',(17.,8.,25.5));
#959 = SURFACE_CURVE('',#960,(#964,#971),.PCURVE_S1.);
#960 = LINE('',#961,#962);
#961 = CARTESIAN_POINT('',(17.,8.,-63.));
#962 = VECTOR('',#963,1.);
#963 = DIRECTION('',(-0.,0.,-1.));
#964 = PCURVE('',#157,#965);
#965 = DEFINITIONAL_REPRESENTATION('',(#966),#970);
#966 = LINE('',#967,#968);
#967 = CARTESIAN_POINT('',(-63.,-8.));
#968 = VECTOR('',#969,1.);
#969 = DIRECTION('',(-1.,-0.));
#970 = ( GEOMETRIC_REPRESENTATION_CONTEXT(2)
PARAMETRIC_REPRESENTATION_CONTEXT() REPRESENTATION_CONTEXT('2D SPACE',''
  ) );
#971 = PCURVE('',#757,#972);
#972 = DEFINITIONAL_REPRESENTATION('',(#973),#977);
#973 = LINE('',#974,#975);
#974 = CARTESIAN_POINT('',(63.,11.));
#975 = VECTOR('',#976,1.);
#976 = DIRECTION('',(-1.,0.));
#977 = ( GEOMETRIC_REPRESENTATION_CONTEXT(2)
PARAMETRIC_REPRESENTATION_CONTEXT() REPRESENTATION_CONTEXT('2D SPACE',''
  ) );
#978 = ORIENTED_EDGE('',*,*,#979,.F.);
#979 = EDGE_CURVE('',#980,#957,#982,.T.);
#980 = VERTEX_POINT('',#981);
#981 = CARTESIAN_POINT('',(17.,7.5,26.));
#982 = SURFACE_CURVE('',#983,(#988,#999),.PCURVE_S1.);
#983 = CIRCLE('',#984,0.5);
#984 = AXIS2_PLACEMENT_3D('',#985,#986,#987);
#985 = CARTESIAN_POINT('',(17.,7.5,25.5));
#986 = DIRECTION('',(-1.,-0.,0.));
#987 = DIRECTION('',(0.,0.,1.));
#988 = PCURVE('',#157,#989);
#989 = DEFINITIONAL_REPRESENTATION('',(#990),#998);
#990 = ( BOUNDED_CURVE() B_SPLINE_CURVE(2,(#991,#992,#993,#994,#995,#996
,#997),.UNSPECIFIED.,.T.,.F.) B_SPLINE_CURVE_WITH_KNOTS((1,2,2,2,2,1),(
    -2.094395102393,0.,2.094395102393,4.188790204786,6.28318530718,
8.377580409573),.UNSPECIFIED.) CURVE() GEOMETRIC_REPRESENTATION_ITEM()
RATIONAL_B_SPLINE_CURVE((1.,0.5,1.,0.5,1.,0.5,1.)) REPRESENTATION_ITEM(
  '') );
#991 = CARTESIAN_POINT('',(26.,-7.5));
#992 = CARTESIAN_POINT('',(26.,-8.366025403784));
#993 = CARTESIAN_POINT('',(25.25,-7.933012701892));
#994 = CARTESIAN_POINT('',(24.5,-7.5));
#995 = CARTESIAN_POINT('',(25.25,-7.066987298108));
#996 = CARTESIAN_POINT('',(26.,-6.633974596216));
#997 = CARTESIAN_POINT('',(26.,-7.5));
#998 = ( GEOMETRIC_REPRESENTATION_CONTEXT(2)
PARAMETRIC_REPRESENTATION_CONTEXT() REPRESENTATION_CONTEXT('2D SPACE',''
  ) );
#999 = PCURVE('',#1000,#1005);
#1000 = CYLINDRICAL_SURFACE('',#1001,0.5);
#1001 = AXIS2_PLACEMENT_3D('',#1002,#1003,#1004);
#1002 = CARTESIAN_POINT('',(88.,7.5,25.5));
#1003 = DIRECTION('',(-1.,-0.,0.));
#1004 = DIRECTION('',(0.,0.,1.));
#1005 = DEFINITIONAL_REPRESENTATION('',(#1006),#1010);
#1006 = LINE('',#1007,#1008);
#1007 = CARTESIAN_POINT('',(0.,71.));
#1008 = VECTOR('',#1009,1.);
#1009 = DIRECTION('',(1.,0.));
#1010 = ( GEOMETRIC_REPRESENTATION_CONTEXT(2)
PARAMETRIC_REPRESENTATION_CONTEXT() REPRESENTATION_CONTEXT('2D SPACE',''
  ) );
#1011 = ORIENTED_EDGE('',*,*,#1012,.F.);
#1012 = EDGE_CURVE('',#1013,#980,#1015,.T.);
#1013 = VERTEX_POINT('',#1014);
#1014 = CARTESIAN_POINT('',(17.,0.5,26.));
#1015 = SURFACE_CURVE('',#1016,(#1020,#1027),.PCURVE_S1.);
#1016 = LINE('',#1017,#1018);
#1017 = CARTESIAN_POINT('',(17.,0.,26.));
#1018 = VECTOR('',#1019,1.);
#1019 = DIRECTION('',(-0.,1.,0.));
#1020 = PCURVE('',#157,#1021);
#1021 = DEFINITIONAL_REPRESENTATION('',(#1022),#1026);
#1022 = LINE('',#1023,#1024);
#1023 = CARTESIAN_POINT('',(26.,0.));
#1024 = VECTOR('',#1025,1.);
#1025 = DIRECTION('',(0.,-1.));
#1026 = ( GEOMETRIC_REPRESENTATION_CONTEXT(2)
PARAMETRIC_REPRESENTATION_CONTEXT() REPRESENTATION_CONTEXT('2D SPACE',''
  ) );
#1027 = PCURVE('',#1028,#1033);
#1028 = PLANE('',#1029);
#1029 = AXIS2_PLACEMENT_3D('',#1030,#1031,#1032);
#1030 = CARTESIAN_POINT('',(0.,0.,26.));
#1031 = DIRECTION('',(0.,0.,1.));
#1032 = DIRECTION('',(1.,0.,-0.));
#1033 = DEFINITIONAL_REPRESENTATION('',(#1034),#1038);
#1034 = LINE('',#1035,#1036);
#1035 = CARTESIAN_POINT('',(17.,0.));
#1036 = VECTOR('',#1037,1.);
#1037 = DIRECTION('',(0.,1.));
#1038 = ( GEOMETRIC_REPRESENTATION_CONTEXT(2)
PARAMETRIC_REPRESENTATION_CONTEXT() REPRESENTATION_CONTEXT('2D SPACE',''
  ) );
#1039 = ORIENTED_EDGE('',*,*,#1040,.F.);
#1040 = EDGE_CURVE('',#873,#1013,#1041,.T.);
#1041 = SURFACE_CURVE('',#1042,(#1047,#1058),.PCURVE_S1.);
#1042 = CIRCLE('',#1043,0.5);
#1043 = AXIS2_PLACEMENT_3D('',#1044,#1045,#1046);
#1044 = CARTESIAN_POINT('',(17.,0.5,25.5));
#1045 = DIRECTION('',(-1.,-0.,0.));
#1046 = DIRECTION('',(0.,0.,1.));
#1047 = PCURVE('',#157,#1048);
#1048 = DEFINITIONAL_REPRESENTATION('',(#1049),#1057);
#1049 = ( BOUNDED_CURVE() B_SPLINE_CURVE(2,(#1050,#1051,#1052,#1053,
#1054,#1055,#1056),.UNSPECIFIED.,.T.,.F.) B_SPLINE_CURVE_WITH_KNOTS((1,2
    ,2,2,2,1),(-2.094395102393,0.,2.094395102393,4.188790204786,
6.28318530718,8.377580409573),.UNSPECIFIED.) CURVE()
GEOMETRIC_REPRESENTATION_ITEM() RATIONAL_B_SPLINE_CURVE((1.,0.5,1.,0.5,
1.,0.5,1.)) REPRESENTATION_ITEM('') );
#1050 = CARTESIAN_POINT('',(26.,-0.5));
#1051 = CARTESIAN_POINT('',(26.,-1.366025403784));
#1052 = CARTESIAN_POINT('',(25.25,-0.933012701892));
#1053 = CARTESIAN_POINT('',(24.5,-0.5));
#1054 = CARTESIAN_POINT('',(25.25,-6.698729810778E-02));
#1055 = CARTESIAN_POINT('',(26.,0.366025403784));
#1056 = CARTESIAN_POINT('',(26.,-0.5));
#1057 = ( GEOMETRIC_REPRESENTATION_CONTEXT(2)
PARAMETRIC_REPRESENTATION_CONTEXT() REPRESENTATION_CONTEXT('2D SPACE',''
  ) );
#1058 = PCURVE('',#1059,#1064);
#1059 = CYLINDRICAL_SURFACE('',#1060,0.5);
#1060 = AXIS2_PLACEMENT_3D('',#1061,#1062,#1063);
#1061 = CARTESIAN_POINT('',(89.,0.5,25.5));
#1062 = DIRECTION('',(-1.,-0.,0.));
#1063 = DIRECTION('',(0.,0.,1.));
#1064 = DEFINITIONAL_REPRESENTATION('',(#1065),#1069);
#1065 = LINE('',#1066,#1067);
#1066 = CARTESIAN_POINT('',(-6.28318530718,72.));
#1067 = VECTOR('',#1068,1.);
#1068 = DIRECTION('',(1.,-0.));
#1069 = ( GEOMETRIC_REPRESENTATION_CONTEXT(2)
PARAMETRIC_REPRESENTATION_CONTEXT() REPRESENTATION_CONTEXT('2D SPACE',''
  ) );
#1070 = ADVANCED_FACE('',(#1071),#129,.F.);
#1071 = FACE_BOUND('',#1072,.F.);
#1072 = EDGE_LOOP('',(#1073,#1074,#1075,#1098,#1131));
#1073 = ORIENTED_EDGE('',*,*,#933,.T.);
#1074 = ORIENTED_EDGE('',*,*,#113,.F.);
#1075 = ORIENTED_EDGE('',*,*,#1076,.F.);
#1076 = EDGE_CURVE('',#1077,#85,#1079,.T.);
#1077 = VERTEX_POINT('',#1078);
#1078 = CARTESIAN_POINT('',(6.,0.375047169979,23.));
#1079 = SURFACE_CURVE('',#1080,(#1084,#1091),.PCURVE_S1.);
#1080 = LINE('',#1081,#1082);
#1081 = CARTESIAN_POINT('',(6.,-1.,23.));
#1082 = VECTOR('',#1083,1.);
#1083 = DIRECTION('',(-0.,1.,0.));
#1084 = PCURVE('',#129,#1085);
#1085 = DEFINITIONAL_REPRESENTATION('',(#1086),#1090);
#1086 = LINE('',#1087,#1088);
#1087 = CARTESIAN_POINT('',(3.,0.));
#1088 = VECTOR('',#1089,1.);
#1089 = DIRECTION('',(0.,1.));
#1090 = ( GEOMETRIC_REPRESENTATION_CONTEXT(2)
PARAMETRIC_REPRESENTATION_CONTEXT() REPRESENTATION_CONTEXT('2D SPACE',''
  ) );
#1091 = PCURVE('',#101,#1092);
#1092 = DEFINITIONAL_REPRESENTATION('',(#1093),#1097);
#1093 = LINE('',#1094,#1095);
#1094 = CARTESIAN_POINT('',(1.570796326795,0.));
#1095 = VECTOR('',#1096,1.);
#1096 = DIRECTION('',(0.,1.));
#1097 = ( GEOMETRIC_REPRESENTATION_CONTEXT(2)
PARAMETRIC_REPRESENTATION_CONTEXT() REPRESENTATION_CONTEXT('2D SPACE',''
  ) );
#1098 = ORIENTED_EDGE('',*,*,#1099,.F.);
#1099 = EDGE_CURVE('',#1100,#1077,#1102,.T.);
#1100 = VERTEX_POINT('',#1101);
#1101 = CARTESIAN_POINT('',(7.,0.3,23.));
#1102 = SURFACE_CURVE('',#1103,(#1108,#1119),.PCURVE_S1.);
#1103 = CIRCLE('',#1104,6.7);
#1104 = AXIS2_PLACEMENT_3D('',#1105,#1106,#1107);
#1105 = CARTESIAN_POINT('',(7.,7.,23.));
#1106 = DIRECTION('',(-0.,-0.,-1.));
#1107 = DIRECTION('',(0.,-1.,0.));
#1108 = PCURVE('',#129,#1109);
#1109 = DEFINITIONAL_REPRESENTATION('',(#1110),#1118);
#1110 = ( BOUNDED_CURVE() B_SPLINE_CURVE(2,(#1111,#1112,#1113,#1114,
#1115,#1116,#1117),.UNSPECIFIED.,.T.,.F.) B_SPLINE_CURVE_WITH_KNOTS((1,2
    ,2,2,2,1),(-2.094395102393,0.,2.094395102393,4.188790204786,
6.28318530718,8.377580409573),.UNSPECIFIED.) CURVE()
GEOMETRIC_REPRESENTATION_ITEM() RATIONAL_B_SPLINE_CURVE((1.,0.5,1.,0.5,
1.,0.5,1.)) REPRESENTATION_ITEM('') );
#1111 = CARTESIAN_POINT('',(4.,1.3));
#1112 = CARTESIAN_POINT('',(-7.604740410711,1.3));
#1113 = CARTESIAN_POINT('',(-1.802370205356,11.35));
#1114 = CARTESIAN_POINT('',(4.,21.4));
#1115 = CARTESIAN_POINT('',(9.802370205356,11.35));
#1116 = CARTESIAN_POINT('',(15.604740410711,1.3));
#1117 = CARTESIAN_POINT('',(4.,1.3));
#1118 = ( GEOMETRIC_REPRESENTATION_CONTEXT(2)
PARAMETRIC_REPRESENTATION_CONTEXT() REPRESENTATION_CONTEXT('2D SPACE',''
  ) );
#1119 = PCURVE('',#1120,#1125);
#1120 = TOROIDAL_SURFACE('',#1121,6.7,0.3);
#1121 = AXIS2_PLACEMENT_3D('',#1122,#1123,#1124);
#1122 = CARTESIAN_POINT('',(7.,7.,23.3));
#1123 = DIRECTION('',(-0.,-0.,-1.));
#1124 = DIRECTION('',(0.,-1.,0.));
#1125 = DEFINITIONAL_REPRESENTATION('',(#1126),#1130);
#1126 = LINE('',#1127,#1128);
#1127 = CARTESIAN_POINT('',(0.,1.570796326795));
#1128 = VECTOR('',#1129,1.);
#1129 = DIRECTION('',(1.,0.));
#1130 = ( GEOMETRIC_REPRESENTATION_CONTEXT(2)
PARAMETRIC_REPRESENTATION_CONTEXT() REPRESENTATION_CONTEXT('2D SPACE',''
  ) );
#1131 = ORIENTED_EDGE('',*,*,#1132,.F.);
#1132 = EDGE_CURVE('',#901,#1100,#1133,.T.);
#1133 = SURFACE_CURVE('',#1134,(#1138,#1145),.PCURVE_S1.);
#1134 = LINE('',#1135,#1136);
#1135 = CARTESIAN_POINT('',(89.,0.3,23.));
#1136 = VECTOR('',#1137,1.);
#1137 = DIRECTION('',(-1.,-0.,0.));
#1138 = PCURVE('',#129,#1139);
#1139 = DEFINITIONAL_REPRESENTATION('',(#1140),#1144);
#1140 = LINE('',#1141,#1142);
#1141 = CARTESIAN_POINT('',(86.,1.3));
#1142 = VECTOR('',#1143,1.);
#1143 = DIRECTION('',(-1.,0.));
#1144 = ( GEOMETRIC_REPRESENTATION_CONTEXT(2)
PARAMETRIC_REPRESENTATION_CONTEXT() REPRESENTATION_CONTEXT('2D SPACE',''
  ) );
#1145 = PCURVE('',#921,#1146);
#1146 = DEFINITIONAL_REPRESENTATION('',(#1147),#1151);
#1147 = LINE('',#1148,#1149);
#1148 = CARTESIAN_POINT('',(-1.570796326795,0.));
#1149 = VECTOR('',#1150,1.);
#1150 = DIRECTION('',(-0.,1.));
#1151 = ( GEOMETRIC_REPRESENTATION_CONTEXT(2)
PARAMETRIC_REPRESENTATION_CONTEXT() REPRESENTATION_CONTEXT('2D SPACE',''
  ) );
#1152 = ADVANCED_FACE('',(#1153),#101,.F.);
#1153 = FACE_BOUND('',#1154,.F.);
#1154 = EDGE_LOOP('',(#1155,#1178,#1440,#1441));
#1155 = ORIENTED_EDGE('',*,*,#1156,.F.);
#1156 = EDGE_CURVE('',#1157,#57,#1159,.T.);
#1157 = VERTEX_POINT('',#1158);
#1158 = CARTESIAN_POINT('',(3.,1.861906968534,20.));
#1159 = SURFACE_CURVE('',#1160,(#1164,#1171),.PCURVE_S1.);
#1160 = LINE('',#1161,#1162);
#1161 = CARTESIAN_POINT('',(3.,-1.,20.));
#1162 = VECTOR('',#1163,1.);
#1163 = DIRECTION('',(-0.,1.,0.));
#1164 = PCURVE('',#101,#1165);
#1165 = DEFINITIONAL_REPRESENTATION('',(#1166),#1170);
#1166 = LINE('',#1167,#1168);
#1167 = CARTESIAN_POINT('',(0.,0.));
#1168 = VECTOR('',#1169,1.);
#1169 = DIRECTION('',(0.,1.));
#1170 = ( GEOMETRIC_REPRESENTATION_CONTEXT(2)
PARAMETRIC_REPRESENTATION_CONTEXT() REPRESENTATION_CONTEXT('2D SPACE',''
  ) );
#1171 = PCURVE('',#72,#1172);
#1172 = DEFINITIONAL_REPRESENTATION('',(#1173),#1177);
#1173 = LINE('',#1174,#1175);
#1174 = CARTESIAN_POINT('',(149.,0.));
#1175 = VECTOR('',#1176,1.);
#1176 = DIRECTION('',(0.,-1.));
#1177 = ( GEOMETRIC_REPRESENTATION_CONTEXT(2)
PARAMETRIC_REPRESENTATION_CONTEXT() REPRESENTATION_CONTEXT('2D SPACE',''
  ) );
#1178 = ORIENTED_EDGE('',*,*,#1179,.F.);
#1179 = EDGE_CURVE('',#1077,#1157,#1180,.T.);
#1180 = SURFACE_CURVE('',#1181,(#1208,#1250),.PCURVE_S1.);
#1181 = ( BOUNDED_CURVE() B_SPLINE_CURVE(9,(#1182,#1183,#1184,#1185,
    #1186,#1187,#1188,#1189,#1190,#1191,#1192,#1193,#1194,#1195,#1196,
    #1197,#1198,#1199,#1200,#1201,#1202,#1203,#1204,#1205,#1206,#1207),
.UNSPECIFIED.,.F.,.F.) B_SPLINE_CURVE_WITH_KNOTS((10,8,8,10),(
    322.81125924575,323.7710589414,324.9540691246,327.64384457586),
.UNSPECIFIED.) CURVE() GEOMETRIC_REPRESENTATION_ITEM()
RATIONAL_B_SPLINE_CURVE((1.031393471788,1.031637401908,1.031953421855,
    1.03233930761,1.03279224004,1.033308804894,1.033884992808,
    1.034516199299,1.035197224772,1.036815941421,1.037777277759,
    1.038802052938,1.039883181913,1.041013454243,1.04218694196,
    1.043399086231,1.044645462829,1.048815345153,1.051855844639,
    1.054957862223,1.058099720761,1.061026850812,1.063769620343,
1.065723463357,1.066705203297,1.066705203297)) REPRESENTATION_ITEM('')
  );
#1182 = CARTESIAN_POINT('',(6.,0.375047169979,23.));
#1183 = CARTESIAN_POINT('',(5.879509713242,0.395053246828,23.));
#1184 = CARTESIAN_POINT('',(5.760286418036,0.417908674868,
    22.994555140604));
#1185 = CARTESIAN_POINT('',(5.642666775164,0.443472991022,
    22.983863081368));
#1186 = CARTESIAN_POINT('',(5.52696808087,0.471578227976,22.968147304681
    ));
#1187 = CARTESIAN_POINT('',(5.413487802839,0.502029221187,
    22.947656749588));
#1188 = CARTESIAN_POINT('',(5.302503171525,0.534603952361,
    22.922665392821));
#1189 = CARTESIAN_POINT('',(5.194270830876,0.569053921794,
    22.893471785669));
#1190 = CARTESIAN_POINT('',(5.089026551497,0.605104540937,
    22.860398556291));
#1191 = CARTESIAN_POINT('',(4.861409100519,0.68842098166,22.77874243595)
  );
#1192 = CARTESIAN_POINT('',(4.740639976053,0.736374767463,
    22.728342149643));
#1193 = CARTESIAN_POINT('',(4.624263436299,0.786112342355,
    22.672872475347));
#1194 = CARTESIAN_POINT('',(4.512311392586,0.837263763177,
    22.612751145706));
#1195 = CARTESIAN_POINT('',(4.404878129067,0.889450840174,
    22.548366100485));
#1196 = CARTESIAN_POINT('',(4.30191840901,0.942369317641,22.479987527057
    ));
#1197 = CARTESIAN_POINT('',(4.203225210014,0.995796964689,22.40775713247
    ));
#1198 = CARTESIAN_POINT('',(4.108584775798,1.049528607613,
    22.331753484315));
#1199 = CARTESIAN_POINT('',(3.813207117973,1.224873936249,
    22.071818898168));
#1200 = CARTESIAN_POINT('',(3.629428761295,1.346495762968,
    21.872801378678));
#1201 = CARTESIAN_POINT('',(3.466276812998,1.464783416939,
    21.656894137156));
#1202 = CARTESIAN_POINT('',(3.32237270703,1.578034102459,21.421025879769
    ));
#1203 = CARTESIAN_POINT('',(3.201330541862,1.679470803658,
    21.169270187145));
#1204 = CARTESIAN_POINT('',(3.10190451001,1.768455940209,20.895158212506
    ));
#1205 = CARTESIAN_POINT('',(3.033866568825,1.830832137923,
    20.601577758966));
#1206 = CARTESIAN_POINT('',(3.,1.861906968534,20.300448084062));
#1207 = CARTESIAN_POINT('',(3.,1.861906968534,20.));
#1208 = PCURVE('',#101,#1209);
#1209 = DEFINITIONAL_REPRESENTATION('',(#1210),#1249);
#1210 = B_SPLINE_CURVE_WITH_KNOTS('',10,(#1211,#1212,#1213,#1214,#1215,
    #1216,#1217,#1218,#1219,#1220,#1221,#1222,#1223,#1224,#1225,#1226,
    #1227,#1228,#1229,#1230,#1231,#1232,#1233,#1234,#1235,#1236,#1237,
    #1238,#1239,#1240,#1241,#1242,#1243,#1244,#1245,#1246,#1247,#1248),
  .UNSPECIFIED.,.F.,.F.,(11,9,9,9,11),(322.81125924575,323.41533241201,
    324.01940557828,325.2275519108,327.64384457586),.UNSPECIFIED.);
#1211 = CARTESIAN_POINT('',(1.570796326795,1.375047169979));
#1212 = CARTESIAN_POINT('',(1.548040902912,1.386382027863));
#1213 = CARTESIAN_POINT('',(1.525418477046,1.398621400144));
#1214 = CARTESIAN_POINT('',(1.502932611781,1.411740112686));
#1215 = CARTESIAN_POINT('',(1.480587081319,1.425710507535));
#1216 = CARTESIAN_POINT('',(1.458385871486,1.440502442916));
#1217 = CARTESIAN_POINT('',(1.436333179725,1.45608329324));
#1218 = CARTESIAN_POINT('',(1.414433415102,1.472417949095));
#1219 = CARTESIAN_POINT('',(1.392691198304,1.489468817254));
#1220 = CARTESIAN_POINT('',(1.371111361639,1.507195820669));
#1221 = CARTESIAN_POINT('',(1.32828653643,1.543916976283));
#1222 = CARTESIAN_POINT('',(1.307043237901,1.562909073386));
#1223 = CARTESIAN_POINT('',(1.285960007207,1.582508055344));
#1224 = CARTESIAN_POINT('',(1.265097528834,1.602598832735));
#1225 = CARTESIAN_POINT('',(1.244346383314,1.623279438674));
#1226 = CARTESIAN_POINT('',(1.223824423867,1.644359051223));
#1227 = CARTESIAN_POINT('',(1.203577128186,1.665733503516));
#1228 = CARTESIAN_POINT('',(1.183398335351,1.68761517515));
#1229 = CARTESIAN_POINT('',(1.163413888369,1.709806142168));
#1230 = CARTESIAN_POINT('',(1.103880057335,1.777388456353));
#1231 = CARTESIAN_POINT('',(1.064774215078,1.823758555777));
#1232 = CARTESIAN_POINT('',(1.026206993877,1.871180236358));
#1233 = CARTESIAN_POINT('',(0.9880820714,1.919451089027));
#1234 = CARTESIAN_POINT('',(0.950469024802,1.968226898614));
#1235 = CARTESIAN_POINT('',(0.913190946926,2.017406936035));
#1236 = CARTESIAN_POINT('',(0.876086116235,2.066916829443));
#1237 = CARTESIAN_POINT('',(0.839296575142,2.116340920542));
#1238 = CARTESIAN_POINT('',(0.802615775006,2.165631669473));
#1239 = CARTESIAN_POINT('',(0.692835804162,2.312365879302));
#1240 = CARTESIAN_POINT('',(0.619978492965,2.40866820761));
#1241 = CARTESIAN_POINT('',(0.546847552879,2.502055974845));
#1242 = CARTESIAN_POINT('',(0.472983184175,2.590329821407));
#1243 = CARTESIAN_POINT('',(0.397927462272,2.671689117588));
#1244 = CARTESIAN_POINT('',(0.321164890187,2.743490537923));
#1245 = CARTESIAN_POINT('',(0.242391682665,2.801657691145));
#1246 = CARTESIAN_POINT('',(0.161963037083,2.841894026379));
#1247 = CARTESIAN_POINT('',(8.097001198482E-02,2.861906968534));
#1248 = CARTESIAN_POINT('',(0.,2.861906968534));
#1249 = ( GEOMETRIC_REPRESENTATION_CONTEXT(2)
PARAMETRIC_REPRESENTATION_CONTEXT() REPRESENTATION_CONTEXT('2D SPACE',''
  ) );
#1250 = PCURVE('',#1251,#1434);
#1251 = ( BOUNDED_SURFACE() B_SPLINE_SURFACE(6,9,(
    (#1252,#1253,#1254,#1255,#1256,#1257,#1258,#1259,#1260,#1261,#1262
      ,#1263,#1264,#1265,#1266,#1267,#1268,#1269,#1270,#1271,#1272,#1273
      ,#1274,#1275,#1276,#1277)
    ,(#1278,#1279,#1280,#1281,#1282,#1283,#1284,#1285,#1286,#1287,#1288
      ,#1289,#1290,#1291,#1292,#1293,#1294,#1295,#1296,#1297,#1298,#1299
      ,#1300,#1301,#1302,#1303)
    ,(#1304,#1305,#1306,#1307,#1308,#1309,#1310,#1311,#1312,#1313,#1314
      ,#1315,#1316,#1317,#1318,#1319,#1320,#1321,#1322,#1323,#1324,#1325
      ,#1326,#1327,#1328,#1329)
    ,(#1330,#1331,#1332,#1333,#1334,#1335,#1336,#1337,#1338,#1339,#1340
      ,#1341,#1342,#1343,#1344,#1345,#1346,#1347,#1348,#1349,#1350,#1351
      ,#1352,#1353,#1354,#1355)
    ,(#1356,#1357,#1358,#1359,#1360,#1361,#1362,#1363,#1364,#1365,#1366
      ,#1367,#1368,#1369,#1370,#1371,#1372,#1373,#1374,#1375,#1376,#1377
      ,#1378,#1379,#1380,#1381)
    ,(#1382,#1383,#1384,#1385,#1386,#1387,#1388,#1389,#1390,#1391,#1392
      ,#1393,#1394,#1395,#1396,#1397,#1398,#1399,#1400,#1401,#1402,#1403
      ,#1404,#1405,#1406,#1407)
    ,(#1408,#1409,#1410,#1411,#1412,#1413,#1414,#1415,#1416,#1417,#1418
      ,#1419,#1420,#1421,#1422,#1423,#1424,#1425,#1426,#1427,#1428,#1429
      ,#1430,#1431,#1432,#1433
)),.UNSPECIFIED.,.F.,.F.,.F.) B_SPLINE_SURFACE_WITH_KNOTS((7,7),(10,8,8,
    10),(0.,4.83258533011),(322.81125924575,323.7710589414,
    324.9540691246,327.64384457586),.UNSPECIFIED.)
GEOMETRIC_REPRESENTATION_ITEM() RATIONAL_B_SPLINE_SURFACE((
    (1.031393471788,1.031637401908,1.031953421855,1.03233930761
      ,1.03279224004,1.033308804894,1.033884992808,1.034516199299
      ,1.035197224772,1.036815941421,1.037777277759,1.038802052938
      ,1.039883181913,1.041013454243,1.04218694196,1.043399086231
      ,1.044645462829,1.048815345153,1.051855844639,1.054957862223
      ,1.058099720761,1.061026850812,1.063769620343,1.065723463357
      ,1.066705203297,1.066705203297)
    ,(1.010025407661,1.010099887881,1.0101963324,1.010313980566
      ,1.010451885127,1.010608912231,1.010783741427,1.010974865662
      ,1.011180591283,1.011668286647,1.011957121817,1.012264051726
      ,1.012586742459,1.012922839953,1.013270396024,1.013627898463
      ,1.01399390522,1.015212946296,1.016093327052,1.016982204816
      ,1.017871081123,1.018690787384,1.019446193783,1.019980963694
      ,1.020249745885,1.020249745885)
    ,(0.997924642725,0.997908783644,0.997888243285,0.997863175194
      ,0.997833772709,0.997800268965,0.997762936885,0.99772208919
      ,0.997678078392,0.997573635701,0.997511711892,0.997445829377
      ,0.99737647583,0.997304146648,0.99722925377,0.997152119256
      ,0.997073053629,0.996809409702,0.996618538163,0.996425373032
      ,0.99623186793,0.996053139115,0.995888453837,0.995771889991
      ,0.995713300237,0.995713300237)
    ,(0.993958444137,0.993913151615,0.993854493447,0.993782918109
      ,0.993698985856,0.993603368725,0.993496850535,0.993380326888
      ,0.993254805164,0.992956980318,0.992780431296,0.992592619605
      ,0.992394922588,0.992188730631,0.991975187534,0.991755173415
      ,0.991529530141,0.990776583154,0.99023061206,0.98967683134
      ,0.989119577356,0.988603133816,0.988122640941,0.987781240461
      ,0.987609681784,0.987609681784)
    ,(0.997924642725,0.997908783644,0.997888243285,0.997863175194
      ,0.997833772709,0.997800268965,0.997762936885,0.99772208919
      ,0.997678078392,0.997573635701,0.997511711892,0.997445829377
      ,0.99737647583,0.997304146648,0.99722925377,0.997152119256
      ,0.997073053629,0.996809409702,0.996618538163,0.996425373032
      ,0.99623186793,0.996053139115,0.995888453837,0.995771889991
      ,0.995713300237,0.995713300237)
    ,(1.010025407661,1.010099887881,1.0101963324,1.010313980566
      ,1.010451885127,1.010608912231,1.010783741427,1.010974865662
      ,1.011180591283,1.011668286647,1.011957121817,1.012264051726
      ,1.012586742459,1.012922839953,1.013270396024,1.013627898463
      ,1.01399390522,1.015212946296,1.016093327052,1.016982204816
      ,1.017871081123,1.018690787384,1.019446193783,1.019980963694
      ,1.020249745885,1.020249745885)
    ,(1.031393471788,1.031637401908,1.031953421855,1.03233930761
      ,1.03279224004,1.033308804894,1.033884992808,1.034516199299
      ,1.035197224772,1.036815941421,1.037777277759,1.038802052938
      ,1.039883181913,1.041013454243,1.04218694196,1.043399086231
      ,1.044645462829,1.048815345153,1.051855844639,1.054957862223
      ,1.058099720761,1.061026850812,1.063769620343,1.065723463357
,1.066705203297,1.066705203297))) REPRESENTATION_ITEM('') SURFACE() );
#1252 = CARTESIAN_POINT('',(5.955223880597,7.840749102309E-02,23.3));
#1253 = CARTESIAN_POINT('',(5.816366120319,9.93673021856E-02,23.3));
#1254 = CARTESIAN_POINT('',(5.678956090216,0.123319433884,
    23.293980037463));
#1255 = CARTESIAN_POINT('',(5.543383336516,0.150118550902,
    23.282153704604));
#1256 = CARTESIAN_POINT('',(5.410017646317,0.179588761847,
    23.264765691752));
#1257 = CARTESIAN_POINT('',(5.279208505065,0.211523944254,
    23.242091379175));
#1258 = CARTESIAN_POINT('',(5.151284615643,0.245688109602,
    23.214436367955));
#1259 = CARTESIAN_POINT('',(5.026553484196,0.281815800016,
    23.182135959781));
#1260 = CARTESIAN_POINT('',(4.905301076726,0.319612507294,
    23.145554596681));
#1261 = CARTESIAN_POINT('',(4.643180197166,0.406925358106,
    23.055282301193));
#1262 = CARTESIAN_POINT('',(4.504053961785,0.457197534944,
    22.999541868014));
#1263 = CARTESIAN_POINT('',(4.370079778946,0.509307198158,
    22.938232838355));
#1264 = CARTESIAN_POINT('',(4.241278765646,0.562868291496,
    22.871815815213));
#1265 = CARTESIAN_POINT('',(4.117709814339,0.617496987062,
    22.800707675792));
#1266 = CARTESIAN_POINT('',(3.99930543089,0.672875920143,22.725209635042
    ));
#1267 = CARTESIAN_POINT('',(3.885857602594,0.728759615682,
    22.645497991198));
#1268 = CARTESIAN_POINT('',(3.777151457875,0.784922046079,22.56167643911
    ));
#1269 = CARTESIAN_POINT('',(3.43793366301,0.968150383383,22.275081658467
    ));
#1270 = CARTESIAN_POINT('',(3.227111216237,1.095111522125,
    22.055831885818));
#1271 = CARTESIAN_POINT('',(3.040343724884,1.218352920922,
    21.818500108749));
#1272 = CARTESIAN_POINT('',(2.875148138702,1.336631228777,
    21.558307181447));
#1273 = CARTESIAN_POINT('',(2.737591207569,1.441731479012,21.28321420537
    ));
#1274 = CARTESIAN_POINT('',(2.623480084367,1.534709654185,
    20.981181328724));
#1275 = CARTESIAN_POINT('',(2.54619173529,1.599441488635,20.659893892916
    ));
#1276 = CARTESIAN_POINT('',(2.507462686567,1.631843101453,
    20.329624764369));
#1277 = CARTESIAN_POINT('',(2.507462686567,1.631843101453,20.));
#1278 = CARTESIAN_POINT('',(5.955223880597,7.840749102309E-02,
    23.219798965054));
#1279 = CARTESIAN_POINT('',(5.819737099113,9.885847157497E-02,
    23.219479803989));
#1280 = CARTESIAN_POINT('',(5.685645630056,0.122155111403,
    23.213208657214));
#1281 = CARTESIAN_POINT('',(5.553341804193,0.148154101313,
    23.201199796721));
#1282 = CARTESIAN_POINT('',(5.423195928669,0.176683519032,
    23.183698494345));
#1283 = CARTESIAN_POINT('',(5.295556120447,0.207542929368,
    23.160980890064));
#1284 = CARTESIAN_POINT('',(5.170748159863,0.240503495949,
    23.133353841358));
#1285 = CARTESIAN_POINT('',(5.049075365699,0.275308102089,
    23.101154756714));
#1286 = CARTESIAN_POINT('',(4.930818492881,0.311671477957,
    23.064751416714));
#1287 = CARTESIAN_POINT('',(4.675073575313,0.395613131352,
    22.975004918812));
#1288 = CARTESIAN_POINT('',(4.53930659629,0.44389950354,22.919640586059)
  );
#1289 = CARTESIAN_POINT('',(4.408595835621,0.493887921622,
    22.858816994287));
#1290 = CARTESIAN_POINT('',(4.28297114047,0.545201440949,22.793006456402
    ));
#1291 = CARTESIAN_POINT('',(4.162503052285,0.597463631196,
    22.722641708589));
#1292 = CARTESIAN_POINT('',(4.047130930933,0.650364670629,
    22.648039069035));
#1293 = CARTESIAN_POINT('',(3.936646553859,0.70366784591,22.569388171709
    ));
#1294 = CARTESIAN_POINT('',(3.830832496868,0.757156742214,
    22.486807924707));
#1295 = CARTESIAN_POINT('',(3.500212771195,0.931715993625,
    22.204396095402));
#1296 = CARTESIAN_POINT('',(3.294888453737,1.052366366162,
    21.988774186865));
#1297 = CARTESIAN_POINT('',(3.113326723646,1.169045971948,
    21.756068439045));
#1298 = CARTESIAN_POINT('',(2.95330211414,1.28034790986,21.50242360344)
  );
#1299 = CARTESIAN_POINT('',(2.820118013788,1.378982139616,
    21.234764930156));
#1300 = CARTESIAN_POINT('',(2.71028924658,1.465405372531,20.943310688336
    ));
#1301 = CARTESIAN_POINT('',(2.635740462499,1.525611050024,
    20.634254857284));
#1302 = CARTESIAN_POINT('',(2.598367984516,1.555765697097,
    20.316993461934));
#1303 = CARTESIAN_POINT('',(2.598367984515,1.555765697097,20.));
#1304 = CARTESIAN_POINT('',(5.959030045551,0.103623154305,
    23.141687428225));
#1305 = CARTESIAN_POINT('',(5.827326341935,0.123706497203,
    23.141074190513));
#1306 = CARTESIAN_POINT('',(5.696981430613,0.146540141707,23.13457724803
    ));
#1307 = CARTESIAN_POINT('',(5.568389068233,0.171981444582,
    23.122411009621));
#1308 = CARTESIAN_POINT('',(5.441919047004,0.199860483312,
    23.104820742228));
#1309 = CARTESIAN_POINT('',(5.317917229939,0.229980035222,
    23.082082598746));
#1310 = CARTESIAN_POINT('',(5.196705581773,0.262115554172,
    23.054503650023));
#1311 = CARTESIAN_POINT('',(5.07858219524,0.296015145292,23.02242192034)
  );
#1312 = CARTESIAN_POINT('',(4.963821312526,0.331399538359,
    22.986206425675));
#1313 = CARTESIAN_POINT('',(4.715662517052,0.413032260708,
    22.897012280294));
#1314 = CARTESIAN_POINT('',(4.583978671956,0.4599504026,22.842048078487)
  );
#1315 = CARTESIAN_POINT('',(4.457273647796,0.508476458432,
    22.781728120967));
#1316 = CARTESIAN_POINT('',(4.335584360207,0.558238234262,
    22.716533260091));
#1317 = CARTESIAN_POINT('',(4.218991725435,0.608862162418,22.64690883308
    ));
#1318 = CARTESIAN_POINT('',(4.107440849827,0.660042424768,
    22.573182714148));
#1319 = CARTESIAN_POINT('',(4.000722630451,0.711548353683,22.4955543333)
  );
#1320 = CARTESIAN_POINT('',(3.898616918826,0.763170048538,
    22.414154739995));
#1321 = CARTESIAN_POINT('',(3.579638917016,0.931572705069,
    22.135917141918));
#1322 = CARTESIAN_POINT('',(3.382065905221,1.047671273198,
    21.923961856951));
#1323 = CARTESIAN_POINT('',(3.207955422105,1.159581127749,
    21.695852308774));
#1324 = CARTESIAN_POINT('',(3.055352449541,1.265730685804,
    21.448593792456));
#1325 = CARTESIAN_POINT('',(2.928602106448,1.359607429687,
    21.188082789787));
#1326 = CARTESIAN_POINT('',(2.825008486503,1.44109686229,20.906722677566
    ));
#1327 = CARTESIAN_POINT('',(2.754632681947,1.497889467716,
    20.609259858442));
#1328 = CARTESIAN_POINT('',(2.719386023246,1.526314919407,
    20.304568808277));
#1329 = CARTESIAN_POINT('',(2.719386023246,1.526314919407,20.));
#1330 = CARTESIAN_POINT('',(5.966331962095,0.151998006982,
    23.074424146039));
#1331 = CARTESIAN_POINT('',(5.838408030575,0.171884742394,
    23.073642399335));
#1332 = CARTESIAN_POINT('',(5.711817678725,0.194486425446,
    23.067057804556));
#1333 = CARTESIAN_POINT('',(5.586952333017,0.21966038571,23.054883802315
    ));
#1334 = CARTESIAN_POINT('',(5.464178241414,0.247237394618,
    23.037364243381));
#1335 = CARTESIAN_POINT('',(5.343836570229,0.277021606348,
    23.014773468097));
#1336 = CARTESIAN_POINT('',(5.226243488468,0.308790491984,
    22.987416397283));
#1337 = CARTESIAN_POINT('',(5.111690238933,0.342294768309,
    22.955628632852));
#1338 = CARTESIAN_POINT('',(5.000443195532,0.377258322835,
    22.919776566107));
#1339 = CARTESIAN_POINT('',(4.759958314671,0.457911308109,
    22.831533272812));
#1340 = CARTESIAN_POINT('',(4.632429323822,0.504251870541,
    22.777197332187));
#1341 = CARTESIAN_POINT('',(4.509796364572,0.552170346623,
    22.717603034895));
#1342 = CARTESIAN_POINT('',(4.392100718833,0.601296150784,
    22.653232587348));
#1343 = CARTESIAN_POINT('',(4.279431388015,0.651255297346,
    22.584536016771));
#1344 = CARTESIAN_POINT('',(4.171737768607,0.701743382277,
    22.511844855679));
#1345 = CARTESIAN_POINT('',(4.068809558949,0.752533683824,
    22.435360705736));
#1346 = CARTESIAN_POINT('',(3.97042433487,0.803420200095,22.355218909746
    ));
#1347 = CARTESIAN_POINT('',(3.66331935741,0.969401761417,22.081424063457
    ));
#1348 = CARTESIAN_POINT('',(3.473636084141,1.083737130065,
    21.873152663557));
#1349 = CARTESIAN_POINT('',(3.307013802494,1.19384380646,21.649339616836
    ));
#1350 = CARTESIAN_POINT('',(3.161750833917,1.298011979204,
    21.407609721341));
#1351 = CARTESIAN_POINT('',(3.041301001024,1.390187520372,
    21.152929262831));
#1352 = CARTESIAN_POINT('',(2.943726707997,1.46978757431,20.879410434435
    ));
#1353 = CARTESIAN_POINT('',(2.877404420686,1.52533359133,20.59058315372)
  );
#1354 = CARTESIAN_POINT('',(2.844241804173,1.55310371484,20.295245158311
    ));
#1355 = CARTESIAN_POINT('',(2.844241804173,1.55310371484,20.));
#1356 = CARTESIAN_POINT('',(5.976371257944,0.218507868426,23.02550130519
    ));
#1357 = CARTESIAN_POINT('',(5.851802968396,0.238355132512,
    23.024753173125));
#1358 = CARTESIAN_POINT('',(5.728548246794,0.260935974253,
    23.018303903785));
#1359 = CARTESIAN_POINT('',(5.606989442177,0.286107722058,
    23.006364256784));
#1360 = CARTESIAN_POINT('',(5.487483762363,0.313701303779,
    22.989174425997));
#1361 = CARTESIAN_POINT('',(5.370363307211,0.34352122607,22.967004066623
    ));
#1362 = CARTESIAN_POINT('',(5.255935097571,0.375345551366,
    22.940152326231));
#1363 = CARTESIAN_POINT('',(5.144481099657,0.408925872974,
    22.908947879122));
#1364 = CARTESIAN_POINT('',(5.036258244663,0.443987288823,
    22.873748963361));
#1365 = CARTESIAN_POINT('',(4.802362242052,0.52490234386,22.787108272487
    ));
#1366 = CARTESIAN_POINT('',(4.678382332411,0.571409227161,
    22.733766303388));
#1367 = CARTESIAN_POINT('',(4.559182305,0.619529383963,22.675254009718)
  );
#1368 = CARTESIAN_POINT('',(4.444803779258,0.668892366973,
    22.612044271655));
#1369 = CARTESIAN_POINT('',(4.335340309424,0.719122371233,22.54457983415
    ));
#1370 = CARTESIAN_POINT('',(4.230743588644,0.769915235744,
    22.473184218446));
#1371 = CARTESIAN_POINT('',(4.130802099029,0.821046942041,
    22.398050124458));
#1372 = CARTESIAN_POINT('',(4.035292360837,0.872313544392,
    22.319305404198));
#1373 = CARTESIAN_POINT('',(3.737368233427,1.039592550668,
    22.050328208139));
#1374 = CARTESIAN_POINT('',(3.553527266008,1.154991665329,
    21.845685048181));
#1375 = CARTESIAN_POINT('',(3.392135145203,1.266350273912,
    21.625617456347));
#1376 = CARTESIAN_POINT('',(3.251676104778,1.371888296314,
    21.387958806395));
#1377 = CARTESIAN_POINT('',(3.135081614218,1.465603790668,
    21.136984714633));
#1378 = CARTESIAN_POINT('',(3.040960312525,1.546664015167,
    20.867623586568));
#1379 = CARTESIAN_POINT('',(2.976893694363,1.603352066745,
    20.582586091962));
#1380 = CARTESIAN_POINT('',(2.944916905833,1.631660251788,
    20.291208922069));
#1381 = CARTESIAN_POINT('',(2.944916905833,1.631660251788,20.));
#1382 = CARTESIAN_POINT('',(5.988029696277,0.295744472452,23.));
#1383 = CARTESIAN_POINT('',(5.866026409398,0.315656447799,
    22.999519153311));
#1384 = CARTESIAN_POINT('',(5.74531571213,0.338355592848,22.993459601992
    ));
#1385 = CARTESIAN_POINT('',(5.626262024379,0.363699809228,
    22.982027035758));
#1386 = CARTESIAN_POINT('',(5.509206416461,0.39152025276,22.965455022828
    ));
#1387 = CARTESIAN_POINT('',(5.394466460164,0.421621430781,
    22.944004886312));
#1388 = CARTESIAN_POINT('',(5.282336099217,0.453781310428,22.91796556329
    ));
#1389 = CARTESIAN_POINT('',(5.173085540359,0.487751435544,
    22.887653449423));
#1390 = CARTESIAN_POINT('',(5.066961165814,0.523257049485,
    22.853412232302));
#1391 = CARTESIAN_POINT('',(4.83756937727,0.605259835812,22.769045027187
    ));
#1392 = CARTESIAN_POINT('',(4.715960471337,0.652426592263,
    22.717062835215));
#1393 = CARTESIAN_POINT('',(4.598963884568,0.701286351661,
    22.659978562723));
#1394 = CARTESIAN_POINT('',(4.486617647311,0.75146849456,22.59824346857)
  );
#1395 = CARTESIAN_POINT('',(4.379016591933,0.802595349165,
    22.532279377986));
#1396 = CARTESIAN_POINT('',(4.276113590819,0.854362537848,
    22.462388987772));
#1397 = CARTESIAN_POINT('',(4.177697444981,0.906547505559,
    22.388744466902));
#1398 = CARTESIAN_POINT('',(4.083546717222,0.958946539724,
    22.311453987215));
#1399 = CARTESIAN_POINT('',(3.789855809887,1.12999734416,22.047331338724
    ));
#1400 = CARTESIAN_POINT('',(3.608177413448,1.248336194113,21.84593017296
    ));
#1401 = CARTESIAN_POINT('',(3.448104701248,1.362978533678,
    21.628639135244));
#1402 = CARTESIAN_POINT('',(3.308229637879,1.472144546198,
    21.393047268023));
#1403 = CARTESIAN_POINT('',(3.191518850362,1.569546567573,
    21.143092706743));
#1404 = CARTESIAN_POINT('',(3.096831522095,1.654326797664,
    20.873501684425));
#1405 = CARTESIAN_POINT('',(3.032208997277,1.713731818039,
    20.586736295073));
#1406 = CARTESIAN_POINT('',(3.,1.743367757094,20.293201784436));
#1407 = CARTESIAN_POINT('',(3.,1.743367757094,20.));
#1408 = CARTESIAN_POINT('',(6.,0.375047169979,23.));
#1409 = CARTESIAN_POINT('',(5.879509713242,0.395053246828,23.));
#1410 = CARTESIAN_POINT('',(5.760286418036,0.417908674868,
    22.994555140604));
#1411 = CARTESIAN_POINT('',(5.642666775164,0.443472991022,
    22.983863081368));
#1412 = CARTESIAN_POINT('',(5.52696808087,0.471578227976,22.968147304681
    ));
#1413 = CARTESIAN_POINT('',(5.413487802839,0.502029221187,
    22.947656749588));
#1414 = CARTESIAN_POINT('',(5.302503171525,0.534603952361,
    22.922665392821));
#1415 = CARTESIAN_POINT('',(5.194270830876,0.569053921794,
    22.893471785669));
#1416 = CARTESIAN_POINT('',(5.089026551497,0.605104540937,
    22.860398556291));
#1417 = CARTESIAN_POINT('',(4.861409100519,0.68842098166,22.77874243595)
  );
#1418 = CARTESIAN_POINT('',(4.740639976053,0.736374767463,
    22.728342149643));
#1419 = CARTESIAN_POINT('',(4.624263436299,0.786112342355,
    22.672872475347));
#1420 = CARTESIAN_POINT('',(4.512311392586,0.837263763177,
    22.612751145706));
#1421 = CARTESIAN_POINT('',(4.404878129067,0.889450840174,
    22.548366100485));
#1422 = CARTESIAN_POINT('',(4.30191840901,0.942369317641,22.479987527057
    ));
#1423 = CARTESIAN_POINT('',(4.203225210014,0.995796964689,22.40775713247
    ));
#1424 = CARTESIAN_POINT('',(4.108584775798,1.049528607613,
    22.331753484315));
#1425 = CARTESIAN_POINT('',(3.813207117973,1.224873936249,
    22.071818898168));
#1426 = CARTESIAN_POINT('',(3.629428761295,1.346495762968,
    21.872801378678));
#1427 = CARTESIAN_POINT('',(3.466276812998,1.464783416939,
    21.656894137156));
#1428 = CARTESIAN_POINT('',(3.32237270703,1.578034102459,21.421025879769
    ));
#1429 = CARTESIAN_POINT('',(3.201330541862,1.679470803658,
    21.169270187145));
#1430 = CARTESIAN_POINT('',(3.10190451001,1.768455940209,20.895158212506
    ));
#1431 = CARTESIAN_POINT('',(3.033866568825,1.830832137923,
    20.601577758966));
#1432 = CARTESIAN_POINT('',(3.,1.861906968534,20.300448084062));
#1433 = CARTESIAN_POINT('',(3.,1.861906968534,20.));
#1434 = DEFINITIONAL_REPRESENTATION('',(#1435),#1439);
#1435 = LINE('',#1436,#1437);
#1436 = CARTESIAN_POINT('',(4.83258533011,0.));
#1437 = VECTOR('',#1438,1.);
#1438 = DIRECTION('',(0.,1.));
#1439 = ( GEOMETRIC_REPRESENTATION_CONTEXT(2)
PARAMETRIC_REPRESENTATION_CONTEXT() REPRESENTATION_CONTEXT('2D SPACE',''
  ) );
#1440 = ORIENTED_EDGE('',*,*,#1076,.T.);
#1441 = ORIENTED_EDGE('',*,*,#84,.F.);
#1442 = ADVANCED_FACE('',(#1443),#72,.T.);
#1443 = FACE_BOUND('',#1444,.T.);
#1444 = EDGE_LOOP('',(#1445,#1446,#1467,#1468));
#1445 = ORIENTED_EDGE('',*,*,#1156,.F.);
#1446 = ORIENTED_EDGE('',*,*,#1447,.T.);
#1447 = EDGE_CURVE('',#1157,#406,#1448,.T.);
#1448 = SURFACE_CURVE('',#1449,(#1453,#1460),.PCURVE_S1.);
#1449 = LINE('',#1450,#1451);
#1450 = CARTESIAN_POINT('',(3.,1.861906968534,20.));
#1451 = VECTOR('',#1452,1.);
#1452 = DIRECTION('',(-0.,-0.,-1.));
#1453 = PCURVE('',#72,#1454);
#1454 = DEFINITIONAL_REPRESENTATION('',(#1455),#1459);
#1455 = LINE('',#1456,#1457);
#1456 = CARTESIAN_POINT('',(149.,-2.861906968534));
#1457 = VECTOR('',#1458,1.);
#1458 = DIRECTION('',(-1.,0.));
#1459 = ( GEOMETRIC_REPRESENTATION_CONTEXT(2)
PARAMETRIC_REPRESENTATION_CONTEXT() REPRESENTATION_CONTEXT('2D SPACE',''
  ) );
#1460 = PCURVE('',#426,#1461);
#1461 = DEFINITIONAL_REPRESENTATION('',(#1462),#1466);
#1462 = LINE('',#1463,#1464);
#1463 = CARTESIAN_POINT('',(-2.267627813401,0.));
#1464 = VECTOR('',#1465,1.);
#1465 = DIRECTION('',(-0.,1.));
#1466 = ( GEOMETRIC_REPRESENTATION_CONTEXT(2)
PARAMETRIC_REPRESENTATION_CONTEXT() REPRESENTATION_CONTEXT('2D SPACE',''
  ) );
#1467 = ORIENTED_EDGE('',*,*,#438,.F.);
#1468 = ORIENTED_EDGE('',*,*,#56,.T.);
#1469 = ADVANCED_FACE('',(#1470),#331,.F.);
#1470 = FACE_BOUND('',#1471,.F.);
#1471 = EDGE_LOOP('',(#1472,#1500,#1521,#1522));
#1472 = ORIENTED_EDGE('',*,*,#1473,.F.);
#1473 = EDGE_CURVE('',#1474,#1474,#1476,.T.);
#1474 = VERTEX_POINT('',#1475);
#1475 = CARTESIAN_POINT('',(9.,13.,17.4));
#1476 = SURFACE_CURVE('',#1477,(#1482,#1489),.PCURVE_S1.);
#1477 = CIRCLE('',#1478,1.4);
#1478 = AXIS2_PLACEMENT_3D('',#1479,#1480,#1481);
#1479 = CARTESIAN_POINT('',(9.,13.,16.));
#1480 = DIRECTION('',(0.,1.,0.));
#1481 = DIRECTION('',(0.,-0.,1.));
#1482 = PCURVE('',#331,#1483);
#1483 = DEFINITIONAL_REPRESENTATION('',(#1484),#1488);
#1484 = LINE('',#1485,#1486);
#1485 = CARTESIAN_POINT('',(0.,10.));
#1486 = VECTOR('',#1487,1.);
#1487 = DIRECTION('',(1.,0.));
#1488 = ( GEOMETRIC_REPRESENTATION_CONTEXT(2)
PARAMETRIC_REPRESENTATION_CONTEXT() REPRESENTATION_CONTEXT('2D SPACE',''
  ) );
#1489 = PCURVE('',#558,#1490);
#1490 = DEFINITIONAL_REPRESENTATION('',(#1491),#1499);
#1491 = ( BOUNDED_CURVE() B_SPLINE_CURVE(2,(#1492,#1493,#1494,#1495,
#1496,#1497,#1498),.UNSPECIFIED.,.T.,.F.) B_SPLINE_CURVE_WITH_KNOTS((1,2
    ,2,2,2,1),(-2.094395102393,0.,2.094395102393,4.188790204786,
6.28318530718,8.377580409573),.UNSPECIFIED.) CURVE()
GEOMETRIC_REPRESENTATION_ITEM() RATIONAL_B_SPLINE_CURVE((1.,0.5,1.,0.5,
1.,0.5,1.)) REPRESENTATION_ITEM('') );
#1492 = CARTESIAN_POINT('',(-2.435533905933,0.779518790788));
#1493 = CARTESIAN_POINT('',(-2.435533905933,3.204389921385));
#1494 = CARTESIAN_POINT('',(-0.335533905933,1.991954356087));
#1495 = CARTESIAN_POINT('',(1.764466094067,0.779518790788));
#1496 = CARTESIAN_POINT('',(-0.335533905933,-0.43291677451));
#1497 = CARTESIAN_POINT('',(-2.435533905933,-1.645352339808));
#1498 = CARTESIAN_POINT('',(-2.435533905933,0.779518790788));
#1499 = ( GEOMETRIC_REPRESENTATION_CONTEXT(2)
PARAMETRIC_REPRESENTATION_CONTEXT() REPRESENTATION_CONTEXT('2D SPACE',''
  ) );
#1500 = ORIENTED_EDGE('',*,*,#1501,.F.);
#1501 = EDGE_CURVE('',#315,#1474,#1502,.T.);
#1502 = SEAM_CURVE('',#1503,(#1507,#1514),.PCURVE_S1.);
#1503 = LINE('',#1504,#1505);
#1504 = CARTESIAN_POINT('',(9.,3.,17.4));
#1505 = VECTOR('',#1506,1.);
#1506 = DIRECTION('',(0.,1.,0.));
#1507 = PCURVE('',#331,#1508);
#1508 = DEFINITIONAL_REPRESENTATION('',(#1509),#1513);
#1509 = LINE('',#1510,#1511);
#1510 = CARTESIAN_POINT('',(6.28318530718,-0.));
#1511 = VECTOR('',#1512,1.);
#1512 = DIRECTION('',(0.,1.));
#1513 = ( GEOMETRIC_REPRESENTATION_CONTEXT(2)
PARAMETRIC_REPRESENTATION_CONTEXT() REPRESENTATION_CONTEXT('2D SPACE',''
  ) );
#1514 = PCURVE('',#331,#1515);
#1515 = DEFINITIONAL_REPRESENTATION('',(#1516),#1520);
#1516 = LINE('',#1517,#1518);
#1517 = CARTESIAN_POINT('',(0.,-0.));
#1518 = VECTOR('',#1519,1.);
#1519 = DIRECTION('',(0.,1.));
#1520 = ( GEOMETRIC_REPRESENTATION_CONTEXT(2)
PARAMETRIC_REPRESENTATION_CONTEXT() REPRESENTATION_CONTEXT('2D SPACE',''
  ) );
#1521 = ORIENTED_EDGE('',*,*,#314,.T.);
#1522 = ORIENTED_EDGE('',*,*,#1501,.T.);
#1523 = ADVANCED_FACE('',(#1524),#364,.F.);
#1524 = FACE_BOUND('',#1525,.F.);
#1525 = EDGE_LOOP('',(#1526,#1549,#1550,#1573));
#1526 = ORIENTED_EDGE('',*,*,#1527,.F.);
#1527 = EDGE_CURVE('',#347,#1528,#1530,.T.);
#1528 = VERTEX_POINT('',#1529);
#1529 = CARTESIAN_POINT('',(-8.881784197001E-16,7.,25.5));
#1530 = SURFACE_CURVE('',#1531,(#1535,#1542),.PCURVE_S1.);
#1531 = LINE('',#1532,#1533);
#1532 = CARTESIAN_POINT('',(-8.881784197001E-16,7.,-132.));
#1533 = VECTOR('',#1534,1.);
#1534 = DIRECTION('',(0.,0.,1.));
#1535 = PCURVE('',#364,#1536);
#1536 = DEFINITIONAL_REPRESENTATION('',(#1537),#1541);
#1537 = LINE('',#1538,#1539);
#1538 = CARTESIAN_POINT('',(0.,-7.));
#1539 = VECTOR('',#1540,1.);
#1540 = DIRECTION('',(1.,0.));
#1541 = ( GEOMETRIC_REPRESENTATION_CONTEXT(2)
PARAMETRIC_REPRESENTATION_CONTEXT() REPRESENTATION_CONTEXT('2D SPACE',''
  ) );
#1542 = PCURVE('',#393,#1543);
#1543 = DEFINITIONAL_REPRESENTATION('',(#1544),#1548);
#1544 = LINE('',#1545,#1546);
#1545 = CARTESIAN_POINT('',(0.,0.));
#1546 = VECTOR('',#1547,1.);
#1547 = DIRECTION('',(0.,1.));
#1548 = ( GEOMETRIC_REPRESENTATION_CONTEXT(2)
PARAMETRIC_REPRESENTATION_CONTEXT() REPRESENTATION_CONTEXT('2D SPACE',''
  ) );
#1549 = ORIENTED_EDGE('',*,*,#346,.T.);
#1550 = ORIENTED_EDGE('',*,*,#1551,.T.);
#1551 = EDGE_CURVE('',#349,#1552,#1554,.T.);
#1552 = VERTEX_POINT('',#1553);
#1553 = CARTESIAN_POINT('',(-5.551115123126E-17,18.,25.5));
#1554 = SURFACE_CURVE('',#1555,(#1559,#1566),.PCURVE_S1.);
#1555 = LINE('',#1556,#1557);
#1556 = CARTESIAN_POINT('',(0.,18.,0.));
#1557 = VECTOR('',#1558,1.);
#1558 = DIRECTION('',(0.,0.,1.));
#1559 = PCURVE('',#364,#1560);
#1560 = DEFINITIONAL_REPRESENTATION('',(#1561),#1565);
#1561 = LINE('',#1562,#1563);
#1562 = CARTESIAN_POINT('',(132.,-18.));
#1563 = VECTOR('',#1564,1.);
#1564 = DIRECTION('',(1.,0.));
#1565 = ( GEOMETRIC_REPRESENTATION_CONTEXT(2)
PARAMETRIC_REPRESENTATION_CONTEXT() REPRESENTATION_CONTEXT('2D SPACE',''
  ) );
#1566 = PCURVE('',#497,#1567);
#1567 = DEFINITIONAL_REPRESENTATION('',(#1568),#1572);
#1568 = LINE('',#1569,#1570);
#1569 = CARTESIAN_POINT('',(0.,0.));
#1570 = VECTOR('',#1571,1.);
#1571 = DIRECTION('',(1.,0.));
#1572 = ( GEOMETRIC_REPRESENTATION_CONTEXT(2)
PARAMETRIC_REPRESENTATION_CONTEXT() REPRESENTATION_CONTEXT('2D SPACE',''
  ) );
#1573 = ORIENTED_EDGE('',*,*,#1574,.F.);
#1574 = EDGE_CURVE('',#1528,#1552,#1575,.T.);
#1575 = SURFACE_CURVE('',#1576,(#1580,#1587),.PCURVE_S1.);
#1576 = LINE('',#1577,#1578);
#1577 = CARTESIAN_POINT('',(-1.110223024625E-16,7.,25.5));
#1578 = VECTOR('',#1579,1.);
#1579 = DIRECTION('',(-0.,1.,0.));
#1580 = PCURVE('',#364,#1581);
#1581 = DEFINITIONAL_REPRESENTATION('',(#1582),#1586);
#1582 = LINE('',#1583,#1584);
#1583 = CARTESIAN_POINT('',(157.5,-7.));
#1584 = VECTOR('',#1585,1.);
#1585 = DIRECTION('',(0.,-1.));
#1586 = ( GEOMETRIC_REPRESENTATION_CONTEXT(2)
PARAMETRIC_REPRESENTATION_CONTEXT() REPRESENTATION_CONTEXT('2D SPACE',''
  ) );
#1587 = PCURVE('',#1588,#1593);
#1588 = CYLINDRICAL_SURFACE('',#1589,0.5);
#1589 = AXIS2_PLACEMENT_3D('',#1590,#1591,#1592);
#1590 = CARTESIAN_POINT('',(0.5,7.,25.5));
#1591 = DIRECTION('',(-0.,1.,0.));
#1592 = DIRECTION('',(0.,0.,1.));
#1593 = DEFINITIONAL_REPRESENTATION('',(#1594),#1598);
#1594 = LINE('',#1595,#1596);
#1595 = CARTESIAN_POINT('',(-1.570796326795,0.));
#1596 = VECTOR('',#1597,1.);
#1597 = DIRECTION('',(-0.,1.));
#1598 = ( GEOMETRIC_REPRESENTATION_CONTEXT(2)
PARAMETRIC_REPRESENTATION_CONTEXT() REPRESENTATION_CONTEXT('2D SPACE',''
  ) );
#1599 = ADVANCED_FACE('',(#1600),#497,.T.);
#1600 = FACE_BOUND('',#1601,.T.);
#1601 = EDGE_LOOP('',(#1602,#1603,#1604,#1628,#1651,#1673));
#1602 = ORIENTED_EDGE('',*,*,#483,.F.);
#1603 = ORIENTED_EDGE('',*,*,#1551,.T.);
#1604 = ORIENTED_EDGE('',*,*,#1605,.T.);
#1605 = EDGE_CURVE('',#1552,#1606,#1608,.T.);
#1606 = VERTEX_POINT('',#1607);
#1607 = CARTESIAN_POINT('',(0.5,18.,26.));
#1608 = SURFACE_CURVE('',#1609,(#1614,#1621),.PCURVE_S1.);
#1609 = CIRCLE('',#1610,0.5);
#1610 = AXIS2_PLACEMENT_3D('',#1611,#1612,#1613);
#1611 = CARTESIAN_POINT('',(0.5,18.,25.5));
#1612 = DIRECTION('',(-0.,1.,0.));
#1613 = DIRECTION('',(0.,0.,1.));
#1614 = PCURVE('',#497,#1615);
#1615 = DEFINITIONAL_REPRESENTATION('',(#1616),#1620);
#1616 = CIRCLE('',#1617,0.5);
#1617 = AXIS2_PLACEMENT_2D('',#1618,#1619);
#1618 = CARTESIAN_POINT('',(25.5,0.5));
#1619 = DIRECTION('',(1.,0.));
#1620 = ( GEOMETRIC_REPRESENTATION_CONTEXT(2)
PARAMETRIC_REPRESENTATION_CONTEXT() REPRESENTATION_CONTEXT('2D SPACE',''
  ) );
#1621 = PCURVE('',#1588,#1622);
#1622 = DEFINITIONAL_REPRESENTATION('',(#1623),#1627);
#1623 = LINE('',#1624,#1625);
#1624 = CARTESIAN_POINT('',(-6.28318530718,11.));
#1625 = VECTOR('',#1626,1.);
#1626 = DIRECTION('',(1.,-0.));
#1627 = ( GEOMETRIC_REPRESENTATION_CONTEXT(2)
PARAMETRIC_REPRESENTATION_CONTEXT() REPRESENTATION_CONTEXT('2D SPACE',''
  ) );
#1628 = ORIENTED_EDGE('',*,*,#1629,.T.);
#1629 = EDGE_CURVE('',#1606,#1630,#1632,.T.);
#1630 = VERTEX_POINT('',#1631);
#1631 = CARTESIAN_POINT('',(5.5,18.,26.));
#1632 = SURFACE_CURVE('',#1633,(#1637,#1644),.PCURVE_S1.);
#1633 = LINE('',#1634,#1635);
#1634 = CARTESIAN_POINT('',(0.,18.,26.));
#1635 = VECTOR('',#1636,1.);
#1636 = DIRECTION('',(1.,0.,-0.));
#1637 = PCURVE('',#497,#1638);
#1638 = DEFINITIONAL_REPRESENTATION('',(#1639),#1643);
#1639 = LINE('',#1640,#1641);
#1640 = CARTESIAN_POINT('',(26.,0.));
#1641 = VECTOR('',#1642,1.);
#1642 = DIRECTION('',(0.,1.));
#1643 = ( GEOMETRIC_REPRESENTATION_CONTEXT(2)
PARAMETRIC_REPRESENTATION_CONTEXT() REPRESENTATION_CONTEXT('2D SPACE',''
  ) );
#1644 = PCURVE('',#1028,#1645);
#1645 = DEFINITIONAL_REPRESENTATION('',(#1646),#1650);
#1646 = LINE('',#1647,#1648);
#1647 = CARTESIAN_POINT('',(0.,18.));
#1648 = VECTOR('',#1649,1.);
#1649 = DIRECTION('',(1.,0.));
#1650 = ( GEOMETRIC_REPRESENTATION_CONTEXT(2)
PARAMETRIC_REPRESENTATION_CONTEXT() REPRESENTATION_CONTEXT('2D SPACE',''
  ) );
#1651 = ORIENTED_EDGE('',*,*,#1652,.T.);
#1652 = EDGE_CURVE('',#1630,#515,#1653,.T.);
#1653 = SURFACE_CURVE('',#1654,(#1659,#1666),.PCURVE_S1.);
#1654 = CIRCLE('',#1655,0.5);
#1655 = AXIS2_PLACEMENT_3D('',#1656,#1657,#1658);
#1656 = CARTESIAN_POINT('',(5.5,18.,25.5));
#1657 = DIRECTION('',(-0.,1.,0.));
#1658 = DIRECTION('',(0.,0.,1.));
#1659 = PCURVE('',#497,#1660);
#1660 = DEFINITIONAL_REPRESENTATION('',(#1661),#1665);
#1661 = CIRCLE('',#1662,0.5);
#1662 = AXIS2_PLACEMENT_2D('',#1663,#1664);
#1663 = CARTESIAN_POINT('',(25.5,5.5));
#1664 = DIRECTION('',(1.,0.));
#1665 = ( GEOMETRIC_REPRESENTATION_CONTEXT(2)
PARAMETRIC_REPRESENTATION_CONTEXT() REPRESENTATION_CONTEXT('2D SPACE',''
  ) );
#1666 = PCURVE('',#530,#1667);
#1667 = DEFINITIONAL_REPRESENTATION('',(#1668),#1672);
#1668 = LINE('',#1669,#1670);
#1669 = CARTESIAN_POINT('',(0.,8.));
#1670 = VECTOR('',#1671,1.);
#1671 = DIRECTION('',(1.,0.));
#1672 = ( GEOMETRIC_REPRESENTATION_CONTEXT(2)
PARAMETRIC_REPRESENTATION_CONTEXT() REPRESENTATION_CONTEXT('2D SPACE',''
  ) );
#1673 = ORIENTED_EDGE('',*,*,#593,.F.);
#1674 = ADVANCED_FACE('',(#1675),#426,.T.);
#1675 = FACE_BOUND('',#1676,.F.);
#1676 = EDGE_LOOP('',(#1677,#1700,#1730,#1731));
#1677 = ORIENTED_EDGE('',*,*,#1678,.F.);
#1678 = EDGE_CURVE('',#1679,#377,#1681,.T.);
#1679 = VERTEX_POINT('',#1680);
#1680 = CARTESIAN_POINT('',(2.507462686567,1.631843101453,20.));
#1681 = SURFACE_CURVE('',#1682,(#1686,#1693),.PCURVE_S1.);
#1682 = LINE('',#1683,#1684);
#1683 = CARTESIAN_POINT('',(2.507462686567,1.631843101453,20.));
#1684 = VECTOR('',#1685,1.);
#1685 = DIRECTION('',(-0.,-0.,-1.));
#1686 = PCURVE('',#426,#1687);
#1687 = DEFINITIONAL_REPRESENTATION('',(#1688),#1692);
#1688 = LINE('',#1689,#1690);
#1689 = CARTESIAN_POINT('',(-0.,0.));
#1690 = VECTOR('',#1691,1.);
#1691 = DIRECTION('',(-0.,1.));
#1692 = ( GEOMETRIC_REPRESENTATION_CONTEXT(2)
PARAMETRIC_REPRESENTATION_CONTEXT() REPRESENTATION_CONTEXT('2D SPACE',''
  ) );
#1693 = PCURVE('',#393,#1694);
#1694 = DEFINITIONAL_REPRESENTATION('',(#1695),#1699);
#1695 = LINE('',#1696,#1697);
#1696 = CARTESIAN_POINT('',(0.873964840189,152.));
#1697 = VECTOR('',#1698,1.);
#1698 = DIRECTION('',(-0.,-1.));
#1699 = ( GEOMETRIC_REPRESENTATION_CONTEXT(2)
PARAMETRIC_REPRESENTATION_CONTEXT() REPRESENTATION_CONTEXT('2D SPACE',''
  ) );
#1700 = ORIENTED_EDGE('',*,*,#1701,.T.);
#1701 = EDGE_CURVE('',#1679,#1157,#1702,.T.);
#1702 = SURFACE_CURVE('',#1703,(#1711,#1723),.PCURVE_S1.);
#1703 = ( BOUNDED_CURVE() B_SPLINE_CURVE(6,(#1704,#1705,#1706,#1707,
#1708,#1709,#1710),.UNSPECIFIED.,.F.,.F.) B_SPLINE_CURVE_WITH_KNOTS((7,7
),(0.,4.83258533011),.PIECEWISE_BEZIER_KNOTS.) CURVE()
GEOMETRIC_REPRESENTATION_ITEM() RATIONAL_B_SPLINE_CURVE((1.066705203297,
    1.020249745885,0.995713300237,0.987609681784,0.995713300237,
1.020249745885,1.066705203297)) REPRESENTATION_ITEM('') );
#1704 = CARTESIAN_POINT('',(2.507462686567,1.631843101453,20.));
#1705 = CARTESIAN_POINT('',(2.598367984515,1.555765697097,20.));
#1706 = CARTESIAN_POINT('',(2.719386023246,1.526314919407,20.));
#1707 = CARTESIAN_POINT('',(2.844241804173,1.55310371484,20.));
#1708 = CARTESIAN_POINT('',(2.944916905833,1.631660251788,20.));
#1709 = CARTESIAN_POINT('',(3.,1.743367757094,20.));
#1710 = CARTESIAN_POINT('',(3.,1.861906968534,20.));
#1711 = PCURVE('',#426,#1712);
#1712 = DEFINITIONAL_REPRESENTATION('',(#1713),#1722);
#1713 = B_SPLINE_CURVE_WITH_KNOTS('',7,(#1714,#1715,#1716,#1717,#1718,
    #1719,#1720,#1721),.UNSPECIFIED.,.F.,.F.,(8,8),(0.,4.83258533011),
  .PIECEWISE_BEZIER_KNOTS.);
#1714 = CARTESIAN_POINT('',(-2.22044604925E-16,0.));
#1715 = CARTESIAN_POINT('',(-0.323933654973,0.));
#1716 = CARTESIAN_POINT('',(-0.647914920687,0.));
#1717 = CARTESIAN_POINT('',(-0.971815950378,0.));
#1718 = CARTESIAN_POINT('',(-1.295811863022,0.));
#1719 = CARTESIAN_POINT('',(-1.619712892714,0.));
#1720 = CARTESIAN_POINT('',(-1.943694158428,0.));
#1721 = CARTESIAN_POINT('',(-2.267627813401,0.));
#1722 = ( GEOMETRIC_REPRESENTATION_CONTEXT(2)
PARAMETRIC_REPRESENTATION_CONTEXT() REPRESENTATION_CONTEXT('2D SPACE',''
  ) );
#1723 = PCURVE('',#1251,#1724);
#1724 = DEFINITIONAL_REPRESENTATION('',(#1725),#1729);
#1725 = LINE('',#1726,#1727);
#1726 = CARTESIAN_POINT('',(0.,327.64384457586));
#1727 = VECTOR('',#1728,1.);
#1728 = DIRECTION('',(1.,0.));
#1729 = ( GEOMETRIC_REPRESENTATION_CONTEXT(2)
PARAMETRIC_REPRESENTATION_CONTEXT() REPRESENTATION_CONTEXT('2D SPACE',''
  ) );
#1730 = ORIENTED_EDGE('',*,*,#1447,.T.);
#1731 = ORIENTED_EDGE('',*,*,#405,.T.);
#1732 = ADVANCED_FACE('',(#1733),#393,.T.);
#1733 = FACE_BOUND('',#1734,.T.);
#1734 = EDGE_LOOP('',(#1735,#1736,#1737,#1738,#1819,#1843,#1866));
#1735 = ORIENTED_EDGE('',*,*,#1527,.F.);
#1736 = ORIENTED_EDGE('',*,*,#376,.T.);
#1737 = ORIENTED_EDGE('',*,*,#1678,.F.);
#1738 = ORIENTED_EDGE('',*,*,#1739,.F.);
#1739 = EDGE_CURVE('',#1740,#1679,#1742,.T.);
#1740 = VERTEX_POINT('',#1741);
#1741 = CARTESIAN_POINT('',(5.955223880597,7.840749102309E-02,23.3));
#1742 = SURFACE_CURVE('',#1743,(#1770,#1812),.PCURVE_S1.);
#1743 = ( BOUNDED_CURVE() B_SPLINE_CURVE(9,(#1744,#1745,#1746,#1747,
    #1748,#1749,#1750,#1751,#1752,#1753,#1754,#1755,#1756,#1757,#1758,
    #1759,#1760,#1761,#1762,#1763,#1764,#1765,#1766,#1767,#1768,#1769),
.UNSPECIFIED.,.F.,.F.) B_SPLINE_CURVE_WITH_KNOTS((10,8,8,10),(
    322.81125924575,323.7710589414,324.9540691246,327.64384457586),
.UNSPECIFIED.) CURVE() GEOMETRIC_REPRESENTATION_ITEM()
RATIONAL_B_SPLINE_CURVE((1.031393471788,1.031637401908,1.031953421855,
    1.03233930761,1.03279224004,1.033308804894,1.033884992808,
    1.034516199299,1.035197224772,1.036815941421,1.037777277759,
    1.038802052938,1.039883181913,1.041013454243,1.04218694196,
    1.043399086231,1.044645462829,1.048815345153,1.051855844639,
    1.054957862223,1.058099720761,1.061026850812,1.063769620343,
1.065723463357,1.066705203297,1.066705203297)) REPRESENTATION_ITEM('')
  );
#1744 = CARTESIAN_POINT('',(5.955223880597,7.840749102309E-02,23.3));
#1745 = CARTESIAN_POINT('',(5.816366120319,9.93673021856E-02,23.3));
#1746 = CARTESIAN_POINT('',(5.678956090216,0.123319433884,
    23.293980037463));
#1747 = CARTESIAN_POINT('',(5.543383336516,0.150118550902,
    23.282153704604));
#1748 = CARTESIAN_POINT('',(5.410017646317,0.179588761847,
    23.264765691752));
#1749 = CARTESIAN_POINT('',(5.279208505065,0.211523944254,
    23.242091379175));
#1750 = CARTESIAN_POINT('',(5.151284615643,0.245688109602,
    23.214436367955));
#1751 = CARTESIAN_POINT('',(5.026553484196,0.281815800016,
    23.182135959781));
#1752 = CARTESIAN_POINT('',(4.905301076726,0.319612507294,
    23.145554596681));
#1753 = CARTESIAN_POINT('',(4.643180197166,0.406925358106,
    23.055282301193));
#1754 = CARTESIAN_POINT('',(4.504053961785,0.457197534944,
    22.999541868014));
#1755 = CARTESIAN_POINT('',(4.370079778946,0.509307198158,
    22.938232838355));
#1756 = CARTESIAN_POINT('',(4.241278765646,0.562868291496,
    22.871815815213));
#1757 = CARTESIAN_POINT('',(4.117709814339,0.617496987062,
    22.800707675792));
#1758 = CARTESIAN_POINT('',(3.99930543089,0.672875920143,22.725209635042
    ));
#1759 = CARTESIAN_POINT('',(3.885857602594,0.728759615682,
    22.645497991198));
#1760 = CARTESIAN_POINT('',(3.777151457875,0.784922046079,22.56167643911
    ));
#1761 = CARTESIAN_POINT('',(3.43793366301,0.968150383383,22.275081658467
    ));
#1762 = CARTESIAN_POINT('',(3.227111216237,1.095111522125,
    22.055831885818));
#1763 = CARTESIAN_POINT('',(3.040343724884,1.218352920922,
    21.818500108749));
#1764 = CARTESIAN_POINT('',(2.875148138702,1.336631228777,
    21.558307181447));
#1765 = CARTESIAN_POINT('',(2.737591207569,1.441731479012,21.28321420537
    ));
#1766 = CARTESIAN_POINT('',(2.623480084367,1.534709654185,
    20.981181328724));
#1767 = CARTESIAN_POINT('',(2.54619173529,1.599441488635,20.659893892916
    ));
#1768 = CARTESIAN_POINT('',(2.507462686567,1.631843101453,
    20.329624764369));
#1769 = CARTESIAN_POINT('',(2.507462686567,1.631843101453,20.));
#1770 = PCURVE('',#393,#1771);
#1771 = DEFINITIONAL_REPRESENTATION('',(#1772),#1811);
#1772 = B_SPLINE_CURVE_WITH_KNOTS('',10,(#1773,#1774,#1775,#1776,#1777,
    #1778,#1779,#1780,#1781,#1782,#1783,#1784,#1785,#1786,#1787,#1788,
    #1789,#1790,#1791,#1792,#1793,#1794,#1795,#1796,#1797,#1798,#1799,
    #1800,#1801,#1802,#1803,#1804,#1805,#1806,#1807,#1808,#1809,#1810),
  .UNSPECIFIED.,.F.,.F.,(11,9,9,9,11),(322.81125924575,323.41533241201,
    324.01940557828,325.2275519108,327.64384457586),.UNSPECIFIED.);
#1773 = CARTESIAN_POINT('',(1.420982819439,155.3));
#1774 = CARTESIAN_POINT('',(1.409616541415,155.3));
#1775 = CARTESIAN_POINT('',(1.398294394508,155.29809063062));
#1776 = CARTESIAN_POINT('',(1.387024677525,155.29430958418));
#1777 = CARTESIAN_POINT('',(1.375815582843,155.28869743269));
#1778 = CARTESIAN_POINT('',(1.364675196402,155.28129762792));
#1779 = CARTESIAN_POINT('',(1.353611497717,155.27215650143));
#1780 = CARTESIAN_POINT('',(1.342632359864,155.26132326438));
#1781 = CARTESIAN_POINT('',(1.331745549491,155.24885000783));
#1782 = CARTESIAN_POINT('',(1.320958726811,155.23479170245));
#1783 = CARTESIAN_POINT('',(1.299600164402,155.20362069498));
#1784 = CARTESIAN_POINT('',(1.2890325648,155.18651730854));
#1785 = CARTESIAN_POINT('',(1.278550482322,155.16787843458));
#1786 = CARTESIAN_POINT('',(1.268290339021,155.14804631232));
#1787 = CARTESIAN_POINT('',(1.257964770475,155.12646223251));
#1788 = CARTESIAN_POINT('',(1.248009641748,155.10404790843));
#1789 = CARTESIAN_POINT('',(1.238056275424,155.08020504674));
#1790 = CARTESIAN_POINT('',(1.228274415007,155.05520496019));
#1791 = CARTESIAN_POINT('',(1.218616178336,155.02905448837));
#1792 = CARTESIAN_POINT('',(1.190030651115,154.94725245494));
#1793 = CARTESIAN_POINT('',(1.171493142081,154.88825784561));
#1794 = CARTESIAN_POINT('',(1.153464620116,154.82511180769));
#1795 = CARTESIAN_POINT('',(1.135967126501,154.75810822338));
#1796 = CARTESIAN_POINT('',(1.118994106784,154.68748493352));
#1797 = CARTESIAN_POINT('',(1.102524186531,154.61338933659));
#1798 = CARTESIAN_POINT('',(1.086547609332,154.53590344792));
#1799 = CARTESIAN_POINT('',(1.071072741092,154.45511342038));
#1800 = CARTESIAN_POINT('',(1.056109721243,154.37114110483));
#1801 = CARTESIAN_POINT('',(1.012754611815,154.10968119));
#1802 = CARTESIAN_POINT('',(0.985902530858,153.92265501918));
#1803 = CARTESIAN_POINT('',(0.961149918678,153.72303132351));
#1804 = CARTESIAN_POINT('',(0.938625544424,153.51049607259));
#1805 = CARTESIAN_POINT('',(0.91866944911,153.28562226192));
#1806 = CARTESIAN_POINT('',(0.901553926812,153.04708231353));
#1807 = CARTESIAN_POINT('',(0.887890302999,152.79482215022));
#1808 = CARTESIAN_POINT('',(0.87861770202,152.53302457128));
#1809 = CARTESIAN_POINT('',(0.873964840189,152.26649916444));
#1810 = CARTESIAN_POINT('',(0.873964840189,152.));
#1811 = ( GEOMETRIC_REPRESENTATION_CONTEXT(2)
PARAMETRIC_REPRESENTATION_CONTEXT() REPRESENTATION_CONTEXT('2D SPACE',''
  ) );
#1812 = PCURVE('',#1251,#1813);
#1813 = DEFINITIONAL_REPRESENTATION('',(#1814),#1818);
#1814 = LINE('',#1815,#1816);
#1815 = CARTESIAN_POINT('',(0.,0.));
#1816 = VECTOR('',#1817,1.);
#1817 = DIRECTION('',(0.,1.));
#1818 = ( GEOMETRIC_REPRESENTATION_CONTEXT(2)
PARAMETRIC_REPRESENTATION_CONTEXT() REPRESENTATION_CONTEXT('2D SPACE',''
  ) );
#1819 = ORIENTED_EDGE('',*,*,#1820,.F.);
#1820 = EDGE_CURVE('',#1821,#1740,#1823,.T.);
#1821 = VERTEX_POINT('',#1822);
#1822 = CARTESIAN_POINT('',(7.,-5.551115123126E-17,23.3));
#1823 = SURFACE_CURVE('',#1824,(#1829,#1836),.PCURVE_S1.);
#1824 = CIRCLE('',#1825,7.);
#1825 = AXIS2_PLACEMENT_3D('',#1826,#1827,#1828);
#1826 = CARTESIAN_POINT('',(7.,7.,23.3));
#1827 = DIRECTION('',(-0.,-0.,-1.));
#1828 = DIRECTION('',(0.,-1.,0.));
#1829 = PCURVE('',#393,#1830);
#1830 = DEFINITIONAL_REPRESENTATION('',(#1831),#1835);
#1831 = LINE('',#1832,#1833);
#1832 = CARTESIAN_POINT('',(1.570796326795,155.3));
#1833 = VECTOR('',#1834,1.);
#1834 = DIRECTION('',(-1.,-0.));
#1835 = ( GEOMETRIC_REPRESENTATION_CONTEXT(2)
PARAMETRIC_REPRESENTATION_CONTEXT() REPRESENTATION_CONTEXT('2D SPACE',''
  ) );
#1836 = PCURVE('',#1120,#1837);
#1837 = DEFINITIONAL_REPRESENTATION('',(#1838),#1842);
#1838 = LINE('',#1839,#1840);
#1839 = CARTESIAN_POINT('',(0.,0.));
#1840 = VECTOR('',#1841,1.);
#1841 = DIRECTION('',(1.,0.));
#1842 = ( GEOMETRIC_REPRESENTATION_CONTEXT(2)
PARAMETRIC_REPRESENTATION_CONTEXT() REPRESENTATION_CONTEXT('2D SPACE',''
  ) );
#1843 = ORIENTED_EDGE('',*,*,#1844,.T.);
#1844 = EDGE_CURVE('',#1821,#1845,#1847,.T.);
#1845 = VERTEX_POINT('',#1846);
#1846 = CARTESIAN_POINT('',(7.,-1.110223024625E-16,25.5));
#1847 = SURFACE_CURVE('',#1848,(#1852,#1859),.PCURVE_S1.);
#1848 = LINE('',#1849,#1850);
#1849 = CARTESIAN_POINT('',(7.,-8.881784197001E-16,-132.));
#1850 = VECTOR('',#1851,1.);
#1851 = DIRECTION('',(0.,0.,1.));
#1852 = PCURVE('',#393,#1853);
#1853 = DEFINITIONAL_REPRESENTATION('',(#1854),#1858);
#1854 = LINE('',#1855,#1856);
#1855 = CARTESIAN_POINT('',(1.570796326795,0.));
#1856 = VECTOR('',#1857,1.);
#1857 = DIRECTION('',(0.,1.));
#1858 = ( GEOMETRIC_REPRESENTATION_CONTEXT(2)
PARAMETRIC_REPRESENTATION_CONTEXT() REPRESENTATION_CONTEXT('2D SPACE',''
  ) );
#1859 = PCURVE('',#888,#1860);
#1860 = DEFINITIONAL_REPRESENTATION('',(#1861),#1865);
#1861 = LINE('',#1862,#1863);
#1862 = CARTESIAN_POINT('',(0.,7.));
#1863 = VECTOR('',#1864,1.);
#1864 = DIRECTION('',(1.,0.));
#1865 = ( GEOMETRIC_REPRESENTATION_CONTEXT(2)
PARAMETRIC_REPRESENTATION_CONTEXT() REPRESENTATION_CONTEXT('2D SPACE',''
  ) );
#1866 = ORIENTED_EDGE('',*,*,#1867,.T.);
#1867 = EDGE_CURVE('',#1845,#1528,#1868,.T.);
#1868 = SURFACE_CURVE('',#1869,(#1874,#1881),.PCURVE_S1.);
#1869 = CIRCLE('',#1870,7.);
#1870 = AXIS2_PLACEMENT_3D('',#1871,#1872,#1873);
#1871 = CARTESIAN_POINT('',(7.,7.,25.5));
#1872 = DIRECTION('',(-0.,0.,-1.));
#1873 = DIRECTION('',(-2.537652627715E-16,-1.,0.));
#1874 = PCURVE('',#393,#1875);
#1875 = DEFINITIONAL_REPRESENTATION('',(#1876),#1880);
#1876 = LINE('',#1877,#1878);
#1877 = CARTESIAN_POINT('',(1.570796326795,157.5));
#1878 = VECTOR('',#1879,1.);
#1879 = DIRECTION('',(-1.,-0.));
#1880 = ( GEOMETRIC_REPRESENTATION_CONTEXT(2)
PARAMETRIC_REPRESENTATION_CONTEXT() REPRESENTATION_CONTEXT('2D SPACE',''
  ) );
#1881 = PCURVE('',#1882,#1887);
#1882 = TOROIDAL_SURFACE('',#1883,6.5,0.5);
#1883 = AXIS2_PLACEMENT_3D('',#1884,#1885,#1886);
#1884 = CARTESIAN_POINT('',(7.,7.,25.5));
#1885 = DIRECTION('',(-0.,-0.,-1.));
#1886 = DIRECTION('',(-2.537652627715E-16,-1.,0.));
#1887 = DEFINITIONAL_REPRESENTATION('',(#1888),#1892);
#1888 = LINE('',#1889,#1890);
#1889 = CARTESIAN_POINT('',(0.,6.28318530718));
#1890 = VECTOR('',#1891,1.);
#1891 = DIRECTION('',(1.,0.));
#1892 = ( GEOMETRIC_REPRESENTATION_CONTEXT(2)
PARAMETRIC_REPRESENTATION_CONTEXT() REPRESENTATION_CONTEXT('2D SPACE',''
  ) );
#1893 = ADVANCED_FACE('',(#1894),#530,.T.);
#1894 = FACE_BOUND('',#1895,.T.);
#1895 = EDGE_LOOP('',(#1896,#1919,#1945,#1946));
#1896 = ORIENTED_EDGE('',*,*,#1897,.F.);
#1897 = EDGE_CURVE('',#1898,#1630,#1900,.T.);
#1898 = VERTEX_POINT('',#1899);
#1899 = CARTESIAN_POINT('',(5.5,13.,26.));
#1900 = SURFACE_CURVE('',#1901,(#1905,#1912),.PCURVE_S1.);
#1901 = LINE('',#1902,#1903);
#1902 = CARTESIAN_POINT('',(5.5,10.,26.));
#1903 = VECTOR('',#1904,1.);
#1904 = DIRECTION('',(-0.,1.,0.));
#1905 = PCURVE('',#530,#1906);
#1906 = DEFINITIONAL_REPRESENTATION('',(#1907),#1911);
#1907 = LINE('',#1908,#1909);
#1908 = CARTESIAN_POINT('',(0.,0.));
#1909 = VECTOR('',#1910,1.);
#1910 = DIRECTION('',(0.,1.));
#1911 = ( GEOMETRIC_REPRESENTATION_CONTEXT(2)
PARAMETRIC_REPRESENTATION_CONTEXT() REPRESENTATION_CONTEXT('2D SPACE',''
  ) );
#1912 = PCURVE('',#1028,#1913);
#1913 = DEFINITIONAL_REPRESENTATION('',(#1914),#1918);
#1914 = LINE('',#1915,#1916);
#1915 = CARTESIAN_POINT('',(5.5,10.));
#1916 = VECTOR('',#1917,1.);
#1917 = DIRECTION('',(0.,1.));
#1918 = ( GEOMETRIC_REPRESENTATION_CONTEXT(2)
PARAMETRIC_REPRESENTATION_CONTEXT() REPRESENTATION_CONTEXT('2D SPACE',''
  ) );
#1919 = ORIENTED_EDGE('',*,*,#1920,.T.);
#1920 = EDGE_CURVE('',#1898,#513,#1921,.T.);
#1921 = SURFACE_CURVE('',#1922,(#1927,#1934),.PCURVE_S1.);
#1922 = CIRCLE('',#1923,0.5);
#1923 = AXIS2_PLACEMENT_3D('',#1924,#1925,#1926);
#1924 = CARTESIAN_POINT('',(5.5,13.,25.5));
#1925 = DIRECTION('',(-0.,1.,0.));
#1926 = DIRECTION('',(0.,0.,1.));
#1927 = PCURVE('',#530,#1928);
#1928 = DEFINITIONAL_REPRESENTATION('',(#1929),#1933);
#1929 = LINE('',#1930,#1931);
#1930 = CARTESIAN_POINT('',(0.,3.));
#1931 = VECTOR('',#1932,1.);
#1932 = DIRECTION('',(1.,0.));
#1933 = ( GEOMETRIC_REPRESENTATION_CONTEXT(2)
PARAMETRIC_REPRESENTATION_CONTEXT() REPRESENTATION_CONTEXT('2D SPACE',''
  ) );
#1934 = PCURVE('',#558,#1935);
#1935 = DEFINITIONAL_REPRESENTATION('',(#1936),#1944);
#1936 = ( BOUNDED_CURVE() B_SPLINE_CURVE(2,(#1937,#1938,#1939,#1940,
#1941,#1942,#1943),.UNSPECIFIED.,.T.,.F.) B_SPLINE_CURVE_WITH_KNOTS((1,2
    ,2,2,2,1),(-2.094395102393,0.,2.094395102393,4.188790204786,
6.28318530718,8.377580409573),.UNSPECIFIED.) CURVE()
GEOMETRIC_REPRESENTATION_ITEM() RATIONAL_B_SPLINE_CURVE((1.,0.5,1.,0.5,
1.,0.5,1.)) REPRESENTATION_ITEM('') );
#1937 = CARTESIAN_POINT('',(-11.03553390593,-2.720481209212));
#1938 = CARTESIAN_POINT('',(-11.03553390593,-1.854455805427));
#1939 = CARTESIAN_POINT('',(-10.28553390593,-2.287468507319));
#1940 = CARTESIAN_POINT('',(-9.535533905933,-2.720481209212));
#1941 = CARTESIAN_POINT('',(-10.28553390593,-3.153493911104));
#1942 = CARTESIAN_POINT('',(-11.03553390593,-3.586506612996));
#1943 = CARTESIAN_POINT('',(-11.03553390593,-2.720481209212));
#1944 = ( GEOMETRIC_REPRESENTATION_CONTEXT(2)
PARAMETRIC_REPRESENTATION_CONTEXT() REPRESENTATION_CONTEXT('2D SPACE',''
  ) );
#1945 = ORIENTED_EDGE('',*,*,#512,.T.);
#1946 = ORIENTED_EDGE('',*,*,#1652,.F.);
#1947 = ADVANCED_FACE('',(#1948,#2000),#558,.F.);
#1948 = FACE_BOUND('',#1949,.F.);
#1949 = EDGE_LOOP('',(#1950,#1951,#1952,#1953,#1954,#1955,#1979));
#1950 = ORIENTED_EDGE('',*,*,#1920,.T.);
#1951 = ORIENTED_EDGE('',*,*,#542,.F.);
#1952 = ORIENTED_EDGE('',*,*,#617,.T.);
#1953 = ORIENTED_EDGE('',*,*,#666,.T.);
#1954 = ORIENTED_EDGE('',*,*,#797,.F.);
#1955 = ORIENTED_EDGE('',*,*,#1956,.T.);
#1956 = EDGE_CURVE('',#770,#1957,#1959,.T.);
#1957 = VERTEX_POINT('',#1958);
#1958 = CARTESIAN_POINT('',(13.4,13.,26.));
#1959 = SURFACE_CURVE('',#1960,(#1965,#1972),.PCURVE_S1.);
#1960 = CIRCLE('',#1961,0.6);
#1961 = AXIS2_PLACEMENT_3D('',#1962,#1963,#1964);
#1962 = CARTESIAN_POINT('',(13.4,13.,25.4));
#1963 = DIRECTION('',(0.,-1.,0.));
#1964 = DIRECTION('',(0.,-0.,-1.));
#1965 = PCURVE('',#558,#1966);
#1966 = DEFINITIONAL_REPRESENTATION('',(#1967),#1971);
#1967 = CIRCLE('',#1968,0.6);
#1968 = AXIS2_PLACEMENT_2D('',#1969,#1970);
#1969 = CARTESIAN_POINT('',(-10.43553390593,5.179518790788));
#1970 = DIRECTION('',(1.,0.));
#1971 = ( GEOMETRIC_REPRESENTATION_CONTEXT(2)
PARAMETRIC_REPRESENTATION_CONTEXT() REPRESENTATION_CONTEXT('2D SPACE',''
  ) );
#1972 = PCURVE('',#785,#1973);
#1973 = DEFINITIONAL_REPRESENTATION('',(#1974),#1978);
#1974 = LINE('',#1975,#1976);
#1975 = CARTESIAN_POINT('',(-1.570796326795,0.));
#1976 = VECTOR('',#1977,1.);
#1977 = DIRECTION('',(1.,0.));
#1978 = ( GEOMETRIC_REPRESENTATION_CONTEXT(2)
PARAMETRIC_REPRESENTATION_CONTEXT() REPRESENTATION_CONTEXT('2D SPACE',''
  ) );
#1979 = ORIENTED_EDGE('',*,*,#1980,.T.);
#1980 = EDGE_CURVE('',#1957,#1898,#1981,.T.);
#1981 = SURFACE_CURVE('',#1982,(#1986,#1993),.PCURVE_S1.);
#1982 = LINE('',#1983,#1984);
#1983 = CARTESIAN_POINT('',(14.,13.,26.));
#1984 = VECTOR('',#1985,1.);
#1985 = DIRECTION('',(-1.,0.,0.));
#1986 = PCURVE('',#558,#1987);
#1987 = DEFINITIONAL_REPRESENTATION('',(#1988),#1992);
#1988 = LINE('',#1989,#1990);
#1989 = CARTESIAN_POINT('',(-11.03553390593,5.779518790788));
#1990 = VECTOR('',#1991,1.);
#1991 = DIRECTION('',(0.,-1.));
#1992 = ( GEOMETRIC_REPRESENTATION_CONTEXT(2)
PARAMETRIC_REPRESENTATION_CONTEXT() REPRESENTATION_CONTEXT('2D SPACE',''
  ) );
#1993 = PCURVE('',#1028,#1994);
#1994 = DEFINITIONAL_REPRESENTATION('',(#1995),#1999);
#1995 = LINE('',#1996,#1997);
#1996 = CARTESIAN_POINT('',(14.,13.));
#1997 = VECTOR('',#1998,1.);
#1998 = DIRECTION('',(-1.,0.));
#1999 = ( GEOMETRIC_REPRESENTATION_CONTEXT(2)
PARAMETRIC_REPRESENTATION_CONTEXT() REPRESENTATION_CONTEXT('2D SPACE',''
  ) );
#2000 = FACE_BOUND('',#2001,.F.);
#2001 = EDGE_LOOP('',(#2002));
#2002 = ORIENTED_EDGE('',*,*,#1473,.T.);
#2003 = ADVANCED_FACE('',(#2004),#757,.T.);
#2004 = FACE_BOUND('',#2005,.T.);
#2005 = EDGE_LOOP('',(#2006,#2029,#2030,#2031,#2032));
#2006 = ORIENTED_EDGE('',*,*,#2007,.F.);
#2007 = EDGE_CURVE('',#957,#2008,#2010,.T.);
#2008 = VERTEX_POINT('',#2009);
#2009 = CARTESIAN_POINT('',(13.991607978305,8.,25.5));
#2010 = SURFACE_CURVE('',#2011,(#2015,#2022),.PCURVE_S1.);
#2011 = LINE('',#2012,#2013);
#2012 = CARTESIAN_POINT('',(88.,8.,25.5));
#2013 = VECTOR('',#2014,1.);
#2014 = DIRECTION('',(-1.,-0.,0.));
#2015 = PCURVE('',#757,#2016);
#2016 = DEFINITIONAL_REPRESENTATION('',(#2017),#2021);
#2017 = LINE('',#2018,#2019);
#2018 = CARTESIAN_POINT('',(151.5,82.));
#2019 = VECTOR('',#2020,1.);
#2020 = DIRECTION('',(0.,-1.));
#2021 = ( GEOMETRIC_REPRESENTATION_CONTEXT(2)
PARAMETRIC_REPRESENTATION_CONTEXT() REPRESENTATION_CONTEXT('2D SPACE',''
  ) );
#2022 = PCURVE('',#1000,#2023);
#2023 = DEFINITIONAL_REPRESENTATION('',(#2024),#2028);
#2024 = LINE('',#2025,#2026);
#2025 = CARTESIAN_POINT('',(1.570796326795,0.));
#2026 = VECTOR('',#2027,1.);
#2027 = DIRECTION('',(0.,1.));
#2028 = ( GEOMETRIC_REPRESENTATION_CONTEXT(2)
PARAMETRIC_REPRESENTATION_CONTEXT() REPRESENTATION_CONTEXT('2D SPACE',''
  ) );
#2029 = ORIENTED_EDGE('',*,*,#956,.T.);
#2030 = ORIENTED_EDGE('',*,*,#821,.F.);
#2031 = ORIENTED_EDGE('',*,*,#741,.T.);
#2032 = ORIENTED_EDGE('',*,*,#2033,.T.);
#2033 = EDGE_CURVE('',#742,#2008,#2034,.T.);
#2034 = SURFACE_CURVE('',#2035,(#2040,#2051),.PCURVE_S1.);
#2035 = CIRCLE('',#2036,0.6);
#2036 = AXIS2_PLACEMENT_3D('',#2037,#2038,#2039);
#2037 = CARTESIAN_POINT('',(13.4,8.,25.4));
#2038 = DIRECTION('',(0.,-1.,0.));
#2039 = DIRECTION('',(1.,0.,0.));
#2040 = PCURVE('',#757,#2041);
#2041 = DEFINITIONAL_REPRESENTATION('',(#2042),#2050);
#2042 = ( BOUNDED_CURVE() B_SPLINE_CURVE(2,(#2043,#2044,#2045,#2046,
#2047,#2048,#2049),.UNSPECIFIED.,.T.,.F.) B_SPLINE_CURVE_WITH_KNOTS((1,2
    ,2,2,2,1),(-2.094395102393,0.,2.094395102393,4.188790204786,
6.28318530718,8.377580409573),.UNSPECIFIED.) CURVE()
GEOMETRIC_REPRESENTATION_ITEM() RATIONAL_B_SPLINE_CURVE((1.,0.5,1.,0.5,
1.,0.5,1.)) REPRESENTATION_ITEM('') );
#2043 = CARTESIAN_POINT('',(151.4,8.));
#2044 = CARTESIAN_POINT('',(152.43923048454,8.));
#2045 = CARTESIAN_POINT('',(151.91961524227,7.1));
#2046 = CARTESIAN_POINT('',(151.4,6.2));
#2047 = CARTESIAN_POINT('',(150.88038475772,7.1));
#2048 = CARTESIAN_POINT('',(150.36076951545,8.));
#2049 = CARTESIAN_POINT('',(151.4,8.));
#2050 = ( GEOMETRIC_REPRESENTATION_CONTEXT(2)
PARAMETRIC_REPRESENTATION_CONTEXT() REPRESENTATION_CONTEXT('2D SPACE',''
  ) );
#2051 = PCURVE('',#785,#2052);
#2052 = DEFINITIONAL_REPRESENTATION('',(#2053),#2057);
#2053 = LINE('',#2054,#2055);
#2054 = CARTESIAN_POINT('',(0.,5.));
#2055 = VECTOR('',#2056,1.);
#2056 = DIRECTION('',(1.,0.));
#2057 = ( GEOMETRIC_REPRESENTATION_CONTEXT(2)
PARAMETRIC_REPRESENTATION_CONTEXT() REPRESENTATION_CONTEXT('2D SPACE',''
  ) );
#2058 = ADVANCED_FACE('',(#2059),#785,.T.);
#2059 = FACE_BOUND('',#2060,.T.);
#2060 = EDGE_LOOP('',(#2061,#2062,#2063,#2086,#2302));
#2061 = ORIENTED_EDGE('',*,*,#769,.F.);
#2062 = ORIENTED_EDGE('',*,*,#1956,.T.);
#2063 = ORIENTED_EDGE('',*,*,#2064,.T.);
#2064 = EDGE_CURVE('',#1957,#2065,#2067,.T.);
#2065 = VERTEX_POINT('',#2066);
#2066 = CARTESIAN_POINT('',(13.4,7.5,26.));
#2067 = SURFACE_CURVE('',#2068,(#2072,#2079),.PCURVE_S1.);
#2068 = LINE('',#2069,#2070);
#2069 = CARTESIAN_POINT('',(13.4,13.,26.));
#2070 = VECTOR('',#2071,1.);
#2071 = DIRECTION('',(0.,-1.,0.));
#2072 = PCURVE('',#785,#2073);
#2073 = DEFINITIONAL_REPRESENTATION('',(#2074),#2078);
#2074 = LINE('',#2075,#2076);
#2075 = CARTESIAN_POINT('',(1.570796326795,0.));
#2076 = VECTOR('',#2077,1.);
#2077 = DIRECTION('',(0.,1.));
#2078 = ( GEOMETRIC_REPRESENTATION_CONTEXT(2)
PARAMETRIC_REPRESENTATION_CONTEXT() REPRESENTATION_CONTEXT('2D SPACE',''
  ) );
#2079 = PCURVE('',#1028,#2080);
#2080 = DEFINITIONAL_REPRESENTATION('',(#2081),#2085);
#2081 = LINE('',#2082,#2083);
#2082 = CARTESIAN_POINT('',(13.4,13.));
#2083 = VECTOR('',#2084,1.);
#2084 = DIRECTION('',(0.,-1.));
#2085 = ( GEOMETRIC_REPRESENTATION_CONTEXT(2)
PARAMETRIC_REPRESENTATION_CONTEXT() REPRESENTATION_CONTEXT('2D SPACE',''
  ) );
#2086 = ORIENTED_EDGE('',*,*,#2087,.T.);
#2087 = EDGE_CURVE('',#2065,#2008,#2088,.T.);
#2088 = SURFACE_CURVE('',#2089,(#2158,#2230),.PCURVE_S1.);
#2089 = B_SPLINE_CURVE_WITH_KNOTS('',7,(#2090,#2091,#2092,#2093,#2094,
    #2095,#2096,#2097,#2098,#2099,#2100,#2101,#2102,#2103,#2104,#2105,
    #2106,#2107,#2108,#2109,#2110,#2111,#2112,#2113,#2114,#2115,#2116,
    #2117,#2118,#2119,#2120,#2121,#2122,#2123,#2124,#2125,#2126,#2127,
    #2128,#2129,#2130,#2131,#2132,#2133,#2134,#2135,#2136,#2137,#2138,
    #2139,#2140,#2141,#2142,#2143,#2144,#2145,#2146,#2147,#2148,#2149,
    #2150,#2151,#2152,#2153,#2154,#2155,#2156,#2157),.UNSPECIFIED.,.F.,
  .F.,(8,6,6,6,6,6,6,6,6,6,6,8),(0.,6.164182224091E-04,
    1.232836303652E-03,1.849254116969E-03,2.465671526543E-03,
    3.060832653744E-03,3.634737437344E-03,4.229897225116E-03,
    4.846311809764E-03,5.420214094611E-03,0.606963901072,1.),
  .UNSPECIFIED.);
#2090 = CARTESIAN_POINT('',(13.4,7.5,26.));
#2091 = CARTESIAN_POINT('',(13.400069616275,7.50006355059,26.));
#2092 = CARTESIAN_POINT('',(13.400139232491,7.500127101231,
    25.999999990576));
#2093 = CARTESIAN_POINT('',(13.40020884869,7.500190651885,
    25.999999971729));
#2094 = CARTESIAN_POINT('',(13.400278464897,7.500254202528,
    25.999999943458));
#2095 = CARTESIAN_POINT('',(13.40034808112,7.50031775315,25.999999905764
    ));
#2096 = CARTESIAN_POINT('',(13.40041769735,7.500381303757,
    25.999999858646));
#2097 = CARTESIAN_POINT('',(13.400556929756,7.500508404968,
    25.999999745563));
#2098 = CARTESIAN_POINT('',(13.400626545946,7.50057195556,
    25.999999679598));
#2099 = CARTESIAN_POINT('',(13.400696162129,7.500635506145,
    25.999999604209));
#2100 = CARTESIAN_POINT('',(13.400765778305,7.500699056722,
    25.999999519397));
#2101 = CARTESIAN_POINT('',(13.400835394472,7.500762607288,
    25.999999425161));
#2102 = CARTESIAN_POINT('',(13.400905010629,7.500826157844,
    25.999999321501));
#2103 = CARTESIAN_POINT('',(13.40104424289,7.500953258903,
    25.999999095335));
#2104 = CARTESIAN_POINT('',(13.401113858995,7.501016809407,
    25.999998972829));
#2105 = CARTESIAN_POINT('',(13.401183475088,7.501080359897,
    25.999998840899));
#2106 = CARTESIAN_POINT('',(13.401253091167,7.501143910373,
    25.999998699545));
#2107 = CARTESIAN_POINT('',(13.401322707232,7.501207460833,
    25.999998548767));
#2108 = CARTESIAN_POINT('',(13.401392323282,7.501271011276,
    25.999998388566));
#2109 = CARTESIAN_POINT('',(13.401531555303,7.501398112084,
    25.999998049317));
#2110 = CARTESIAN_POINT('',(13.401601171274,7.501461662449,
    25.999997870269));
#2111 = CARTESIAN_POINT('',(13.401670787228,7.501525212794,
    25.999997681798));
#2112 = CARTESIAN_POINT('',(13.401740403162,7.501588763119,
    25.999997483903));
#2113 = CARTESIAN_POINT('',(13.401810019077,7.501652313422,
    25.999997276584));
#2114 = CARTESIAN_POINT('',(13.401879634972,7.501715863702,
    25.999997059842));
#2115 = CARTESIAN_POINT('',(13.402016466111,7.501840772773,
    25.999996615309));
#2116 = CARTESIAN_POINT('',(13.402083681358,7.501902131565,
    25.999996388157));
#2117 = CARTESIAN_POINT('',(13.402150896583,7.501963490334,
    25.999996152221));
#2118 = CARTESIAN_POINT('',(13.402218111786,7.502024849078,
    25.999995907499));
#2119 = CARTESIAN_POINT('',(13.402285326965,7.502086207795,
    25.999995653993));
#2120 = CARTESIAN_POINT('',(13.40235254212,7.502147566486,
    25.999995391702));
#2121 = CARTESIAN_POINT('',(13.402484571772,7.50226809237,
    25.999994859231));
#2122 = CARTESIAN_POINT('',(13.402549386271,7.502327259565,
    25.999994589668));
#2123 = CARTESIAN_POINT('',(13.402614200745,7.502386426733,
    25.999994311937));
#2124 = CARTESIAN_POINT('',(13.402679015194,7.502445593873,
    25.999994026037));
#2125 = CARTESIAN_POINT('',(13.402743829616,7.502504760984,
    25.999993731968));
#2126 = CARTESIAN_POINT('',(13.402808644011,7.502563928065,
    25.999993429731));
#2127 = CARTESIAN_POINT('',(13.402940673195,7.502684453462,
    25.999992797423));
#2128 = CARTESIAN_POINT('',(13.403007887982,7.502745811775,
    25.999992466736));
#2129 = CARTESIAN_POINT('',(13.403075102738,7.502807170054,
    25.999992127264));
#2130 = CARTESIAN_POINT('',(13.403142317461,7.502868528298,
    25.999991779008));
#2131 = CARTESIAN_POINT('',(13.403209532151,7.502929886505,
    25.999991421966));
#2132 = CARTESIAN_POINT('',(13.403276746807,7.502991244674,
    25.99999105614));
#2133 = CARTESIAN_POINT('',(13.403413576468,7.503116152202,
    25.99999029354));
#2134 = CARTESIAN_POINT('',(13.40348319147,7.503179701559,
    25.999989896127));
#2135 = CARTESIAN_POINT('',(13.403552806433,7.503243250873,
    25.999989489291));
#2136 = CARTESIAN_POINT('',(13.403622421357,7.503306800142,
    25.999989073031));
#2137 = CARTESIAN_POINT('',(13.403692036239,7.503370349367,
    25.999988647347));
#2138 = CARTESIAN_POINT('',(13.40376165108,7.503433898545,
    25.999988212241));
#2139 = CARTESIAN_POINT('',(13.403896079546,7.503556614009,
    25.999987353838));
#2140 = CARTESIAN_POINT('',(13.403960893178,7.503615780301,
    25.999986931797));
#2141 = CARTESIAN_POINT('',(13.404025706772,7.503674946551,
    25.999986501587));
#2142 = CARTESIAN_POINT('',(13.404090520326,7.503734112758,
    25.999986063209));
#2143 = CARTESIAN_POINT('',(13.40415533384,7.50379327892,25.999985616663
    ));
#2144 = CARTESIAN_POINT('',(13.404220147313,7.503852445037,
    25.999985161948));
#2145 = CARTESIAN_POINT('',(13.472220062882,7.565927353698,
    25.999499521282));
#2146 = CARTESIAN_POINT('',(13.54014734237,7.627927238425,25.9900396963)
  );
#2147 = CARTESIAN_POINT('',(13.607074978966,7.688810618887,
    25.971585900436));
#2148 = CARTESIAN_POINT('',(13.671887228611,7.747363617434,
    25.944058927736));
#2149 = CARTESIAN_POINT('',(13.733305871751,7.802184945688,
    25.907472611993));
#2150 = CARTESIAN_POINT('',(13.789874795508,7.85167025995,
    25.861968586454));
#2151 = CARTESIAN_POINT('',(13.872626481347,7.921444121088,
    25.772742392375));
#2152 = CARTESIAN_POINT('',(13.902664398225,7.946007775771,25.7337416169
    ));
#2153 = CARTESIAN_POINT('',(13.929272988626,7.966755950092,
    25.691363017082));
#2154 = CARTESIAN_POINT('',(13.951841525883,7.983012445529,
    25.646131271887));
#2155 = CARTESIAN_POINT('',(13.969915137403,7.994233466985,
    25.598678866344));
#2156 = CARTESIAN_POINT('',(13.983205033553,8.,25.549712491594));
#2157 = CARTESIAN_POINT('',(13.99160797831,8.,25.5));
#2158 = PCURVE('',#785,#2159);
#2159 = DEFINITIONAL_REPRESENTATION('',(#2160),#2229);
#2160 = B_SPLINE_CURVE_WITH_KNOTS('',7,(#2161,#2162,#2163,#2164,#2165,
    #2166,#2167,#2168,#2169,#2170,#2171,#2172,#2173,#2174,#2175,#2176,
    #2177,#2178,#2179,#2180,#2181,#2182,#2183,#2184,#2185,#2186,#2187,
    #2188,#2189,#2190,#2191,#2192,#2193,#2194,#2195,#2196,#2197,#2198,
    #2199,#2200,#2201,#2202,#2203,#2204,#2205,#2206,#2207,#2208,#2209,
    #2210,#2211,#2212,#2213,#2214,#2215,#2216,#2217,#2218,#2219,#2220,
    #2221,#2222,#2223,#2224,#2225,#2226,#2227,#2228),.UNSPECIFIED.,.F.,
  .F.,(8,6,6,6,6,6,6,6,6,6,6,8),(0.,6.164182224091E-04,
    1.232836303652E-03,1.849254116969E-03,2.465671526543E-03,
    3.060832653744E-03,3.634737437344E-03,4.229897225116E-03,
    4.846311809764E-03,5.420214094611E-03,0.606963901072,1.),
  .UNSPECIFIED.);
#2161 = CARTESIAN_POINT('',(1.570796326795,5.5));
#2162 = CARTESIAN_POINT('',(1.57068029967,5.49993644941));
#2163 = CARTESIAN_POINT('',(1.570564272644,5.499872898769));
#2164 = CARTESIAN_POINT('',(1.570448245643,5.499809348115));
#2165 = CARTESIAN_POINT('',(1.570332218623,5.499745797472));
#2166 = CARTESIAN_POINT('',(1.570216191569,5.49968224685));
#2167 = CARTESIAN_POINT('',(1.570100164493,5.499618696243));
#2168 = CARTESIAN_POINT('',(1.569868110407,5.499491595032));
#2169 = CARTESIAN_POINT('',(1.569752083373,5.49942804444));
#2170 = CARTESIAN_POINT('',(1.569636056334,5.499364493855));
#2171 = CARTESIAN_POINT('',(1.569520029291,5.499300943278));
#2172 = CARTESIAN_POINT('',(1.569404002242,5.499237392712));
#2173 = CARTESIAN_POINT('',(1.569287975186,5.499173842156));
#2174 = CARTESIAN_POINT('',(1.56905592111,5.499046741097));
#2175 = CARTESIAN_POINT('',(1.568939894091,5.498983190593));
#2176 = CARTESIAN_POINT('',(1.568823867063,5.498919640103));
#2177 = CARTESIAN_POINT('',(1.568707840027,5.498856089627));
#2178 = CARTESIAN_POINT('',(1.568591812981,5.498792539167));
#2179 = CARTESIAN_POINT('',(1.568475785925,5.498728988724));
#2180 = CARTESIAN_POINT('',(1.568243731868,5.498601887916));
#2181 = CARTESIAN_POINT('',(1.568127704867,5.498538337551));
#2182 = CARTESIAN_POINT('',(1.568011677854,5.498474787206));
#2183 = CARTESIAN_POINT('',(1.567895650829,5.498411236881));
#2184 = CARTESIAN_POINT('',(1.567779623791,5.498347686578));
#2185 = CARTESIAN_POINT('',(1.56766359674,5.498284136298));
#2186 = CARTESIAN_POINT('',(1.567435543637,5.498159227227));
#2187 = CARTESIAN_POINT('',(1.567323517587,5.498097868435));
#2188 = CARTESIAN_POINT('',(1.567211491523,5.498036509666));
#2189 = CARTESIAN_POINT('',(1.567099465444,5.497975150922));
#2190 = CARTESIAN_POINT('',(1.56698743935,5.497913792205));
#2191 = CARTESIAN_POINT('',(1.56687541324,5.497852433514));
#2192 = CARTESIAN_POINT('',(1.566655362031,5.49773190763));
#2193 = CARTESIAN_POINT('',(1.566547336933,5.497672740435));
#2194 = CARTESIAN_POINT('',(1.566439311819,5.497613573267));
#2195 = CARTESIAN_POINT('',(1.566331286688,5.497554406127));
#2196 = CARTESIAN_POINT('',(1.56622326154,5.497495239016));
#2197 = CARTESIAN_POINT('',(1.566115236375,5.497436071935));
#2198 = CARTESIAN_POINT('',(1.565895185211,5.497315546538));
#2199 = CARTESIAN_POINT('',(1.565783159212,5.497254188225));
#2200 = CARTESIAN_POINT('',(1.565671133192,5.497192829946));
#2201 = CARTESIAN_POINT('',(1.565559107151,5.497131471702));
#2202 = CARTESIAN_POINT('',(1.565447081089,5.497070113495));
#2203 = CARTESIAN_POINT('',(1.565335055004,5.497008755326));
#2204 = CARTESIAN_POINT('',(1.565107002028,5.496883847798));
#2205 = CARTESIAN_POINT('',(1.564990975134,5.496820298441));
#2206 = CARTESIAN_POINT('',(1.564874948216,5.496756749127));
#2207 = CARTESIAN_POINT('',(1.564758921271,5.496693199858));
#2208 = CARTESIAN_POINT('',(1.564642894299,5.496629650633));
#2209 = CARTESIAN_POINT('',(1.5645268673,5.496566101455));
#2210 = CARTESIAN_POINT('',(1.564302815288,5.496443385991));
#2211 = CARTESIAN_POINT('',(1.564194790279,5.496384219699));
#2212 = CARTESIAN_POINT('',(1.564086765245,5.496325053449));
#2213 = CARTESIAN_POINT('',(1.563978740185,5.496265887242));
#2214 = CARTESIAN_POINT('',(1.563870715099,5.49620672108));
#2215 = CARTESIAN_POINT('',(1.563762689986,5.496147554963));
#2216 = CARTESIAN_POINT('',(1.450426607125,5.434072646302));
#2217 = CARTESIAN_POINT('',(1.337104427593,5.372072761575));
#2218 = CARTESIAN_POINT('',(1.222972341951,5.311189381113));
#2219 = CARTESIAN_POINT('',(1.107491101728,5.252636382566));
#2220 = CARTESIAN_POINT('',(0.990157655896,5.197815054312));
#2221 = CARTESIAN_POINT('',(0.870439470718,5.14832974005));
#2222 = CARTESIAN_POINT('',(0.66761801654,5.078555878912));
#2223 = CARTESIAN_POINT('',(0.585915871451,5.053992224229));
#2224 = CARTESIAN_POINT('',(0.503129363563,5.033244049908));
#2225 = CARTESIAN_POINT('',(0.419610120436,5.016987554471));
#2226 = CARTESIAN_POINT('',(0.335637946977,5.005766533015));
#2227 = CARTESIAN_POINT('',(0.251477526788,5.));
#2228 = CARTESIAN_POINT('',(0.16744807922,5.));
#2229 = ( GEOMETRIC_REPRESENTATION_CONTEXT(2)
PARAMETRIC_REPRESENTATION_CONTEXT() REPRESENTATION_CONTEXT('2D SPACE',''
  ) );
#2230 = PCURVE('',#1000,#2231);
#2231 = DEFINITIONAL_REPRESENTATION('',(#2232),#2301);
#2232 = B_SPLINE_CURVE_WITH_KNOTS('',7,(#2233,#2234,#2235,#2236,#2237,
    #2238,#2239,#2240,#2241,#2242,#2243,#2244,#2245,#2246,#2247,#2248,
    #2249,#2250,#2251,#2252,#2253,#2254,#2255,#2256,#2257,#2258,#2259,
    #2260,#2261,#2262,#2263,#2264,#2265,#2266,#2267,#2268,#2269,#2270,
    #2271,#2272,#2273,#2274,#2275,#2276,#2277,#2278,#2279,#2280,#2281,
    #2282,#2283,#2284,#2285,#2286,#2287,#2288,#2289,#2290,#2291,#2292,
    #2293,#2294,#2295,#2296,#2297,#2298,#2299,#2300),.UNSPECIFIED.,.F.,
  .F.,(8,6,6,6,6,6,6,6,6,6,6,8),(0.,6.164182224091E-04,
    1.232836303652E-03,1.849254116969E-03,2.465671526543E-03,
    3.060832653744E-03,3.634737437344E-03,4.229897225116E-03,
    4.846311809764E-03,5.420214094611E-03,0.606963901072,1.),
  .UNSPECIFIED.);
#2233 = CARTESIAN_POINT('',(0.,74.6));
#2234 = CARTESIAN_POINT('',(1.271011800745E-04,74.599930383725));
#2235 = CARTESIAN_POINT('',(2.542024626255E-04,74.599860767509));
#2236 = CARTESIAN_POINT('',(3.813037735984E-04,74.59979115131));
#2237 = CARTESIAN_POINT('',(5.084050685488E-04,74.599721535103));
#2238 = CARTESIAN_POINT('',(6.355063326425E-04,74.59965191888));
#2239 = CARTESIAN_POINT('',(7.626075806554E-04,74.59958230265));
#2240 = CARTESIAN_POINT('',(1.016810104184E-03,74.599443070244));
#2241 = CARTESIAN_POINT('',(1.143911355742E-03,74.599373454054));
#2242 = CARTESIAN_POINT('',(1.271012612689E-03,74.599303837871));
#2243 = CARTESIAN_POINT('',(1.398113876031E-03,74.599234221695));
#2244 = CARTESIAN_POINT('',(1.525215146739E-03,74.599164605528));
#2245 = CARTESIAN_POINT('',(1.652316425745E-03,74.599094989371));
#2246 = CARTESIAN_POINT('',(1.906518946903E-03,74.59895575711));
#2247 = CARTESIAN_POINT('',(2.033620189079E-03,74.598886141005));
#2248 = CARTESIAN_POINT('',(2.16072144141E-03,74.598816524912));
#2249 = CARTESIAN_POINT('',(2.287822704829E-03,74.598746908833));
#2250 = CARTESIAN_POINT('',(2.414923980267E-03,74.598677292768));
#2251 = CARTESIAN_POINT('',(2.542025268655E-03,74.598607676718));
#2252 = CARTESIAN_POINT('',(2.796227789939E-03,74.598468444697));
#2253 = CARTESIAN_POINT('',(2.923329022831E-03,74.598398828726));
#2254 = CARTESIAN_POINT('',(3.050430270527E-03,74.598329212772));
#2255 = CARTESIAN_POINT('',(3.177531533957E-03,74.598259596838));
#2256 = CARTESIAN_POINT('',(3.304632814046E-03,74.598189980923));
#2257 = CARTESIAN_POINT('',(3.431734111718E-03,74.598120365028));
#2258 = CARTESIAN_POINT('',(3.68155383499E-03,74.597983533889));
#2259 = CARTESIAN_POINT('',(3.804272259333E-03,74.597916318642));
#2260 = CARTESIAN_POINT('',(3.926990701768E-03,74.597849103417));
#2261 = CARTESIAN_POINT('',(4.04970916313E-03,74.597781888214));
#2262 = CARTESIAN_POINT('',(4.172427644255E-03,74.597714673035));
#2263 = CARTESIAN_POINT('',(4.295146145974E-03,74.59764745788));
#2264 = CARTESIAN_POINT('',(4.53620026639E-03,74.597515428228));
#2265 = CARTESIAN_POINT('',(4.654535883588E-03,74.597450613729));
#2266 = CARTESIAN_POINT('',(4.772871521456E-03,74.597385799255));
#2267 = CARTESIAN_POINT('',(4.891207180742E-03,74.597320984806));
#2268 = CARTESIAN_POINT('',(5.009542862193E-03,74.597256170384));
#2269 = CARTESIAN_POINT('',(5.127878566554E-03,74.597191355989));
#2270 = CARTESIAN_POINT('',(5.368932677106E-03,74.597059326805));
#2271 = CARTESIAN_POINT('',(5.491651085084E-03,74.596992112018));
#2272 = CARTESIAN_POINT('',(5.614369519338E-03,74.596924897262));
#2273 = CARTESIAN_POINT('',(5.737087980702E-03,74.596857682539));
#2274 = CARTESIAN_POINT('',(5.859806470009E-03,74.596790467849));
#2275 = CARTESIAN_POINT('',(5.982524988092E-03,74.596723253193));
#2276 = CARTESIAN_POINT('',(6.232344701152E-03,74.596586423532));
#2277 = CARTESIAN_POINT('',(6.359445898284E-03,74.59651680853));
#2278 = CARTESIAN_POINT('',(6.486547128102E-03,74.596447193567));
#2279 = CARTESIAN_POINT('',(6.613648391533E-03,74.596377578643));
#2280 = CARTESIAN_POINT('',(6.740749689501E-03,74.596307963761));
#2281 = CARTESIAN_POINT('',(6.867851022933E-03,74.59623834892));
#2282 = CARTESIAN_POINT('',(7.113287955169E-03,74.596103920454));
#2283 = CARTESIAN_POINT('',(7.231623549125E-03,74.596039106822));
#2284 = CARTESIAN_POINT('',(7.349959175373E-03,74.595974293228));
#2285 = CARTESIAN_POINT('',(7.468294834658E-03,74.595909479674));
#2286 = CARTESIAN_POINT('',(7.586630527729E-03,74.59584466616));
#2287 = CARTESIAN_POINT('',(7.704966255333E-03,74.595779852687));
#2288 = CARTESIAN_POINT('',(0.131858582911,74.527779937118));
#2289 = CARTESIAN_POINT('',(0.256002676043,74.45985265763));
#2290 = CARTESIAN_POINT('',(0.381170590221,74.392925021034));
#2291 = CARTESIAN_POINT('',(0.508081197422,74.328112771389));
#2292 = CARTESIAN_POINT('',(0.637463156958,74.266694128249));
#2293 = CARTESIAN_POINT('',(0.770120582931,74.210125204492));
#2294 = CARTESIAN_POINT('',(0.996657161946,74.127373518653));
#2295 = CARTESIAN_POINT('',(1.088364913451,74.097335601775));
#2296 = CARTESIAN_POINT('',(1.181865614859,74.070727011374));
#2297 = CARTESIAN_POINT('',(1.276928687848,74.048158474117));
#2298 = CARTESIAN_POINT('',(1.373438502887,74.030084862597));
#2299 = CARTESIAN_POINT('',(1.471371343606,74.016794966447));
#2300 = CARTESIAN_POINT('',(1.570796326795,74.00839202169));
#2301 = ( GEOMETRIC_REPRESENTATION_CONTEXT(2)
PARAMETRIC_REPRESENTATION_CONTEXT() REPRESENTATION_CONTEXT('2D SPACE',''
  ) );
#2302 = ORIENTED_EDGE('',*,*,#2033,.F.);
#2303 = ADVANCED_FACE('',(#2304),#888,.F.);
#2304 = FACE_BOUND('',#2305,.F.);
#2305 = EDGE_LOOP('',(#2306,#2307,#2328,#2329));
#2306 = ORIENTED_EDGE('',*,*,#870,.F.);
#2307 = ORIENTED_EDGE('',*,*,#2308,.T.);
#2308 = EDGE_CURVE('',#871,#1821,#2309,.T.);
#2309 = SURFACE_CURVE('',#2310,(#2314,#2321),.PCURVE_S1.);
#2310 = LINE('',#2311,#2312);
#2311 = CARTESIAN_POINT('',(89.,-5.551115123126E-17,23.3));
#2312 = VECTOR('',#2313,1.);
#2313 = DIRECTION('',(-1.,-0.,0.));
#2314 = PCURVE('',#888,#2315);
#2315 = DEFINITIONAL_REPRESENTATION('',(#2316),#2320);
#2316 = LINE('',#2317,#2318);
#2317 = CARTESIAN_POINT('',(155.3,89.));
#2318 = VECTOR('',#2319,1.);
#2319 = DIRECTION('',(0.,-1.));
#2320 = ( GEOMETRIC_REPRESENTATION_CONTEXT(2)
PARAMETRIC_REPRESENTATION_CONTEXT() REPRESENTATION_CONTEXT('2D SPACE',''
  ) );
#2321 = PCURVE('',#921,#2322);
#2322 = DEFINITIONAL_REPRESENTATION('',(#2323),#2327);
#2323 = LINE('',#2324,#2325);
#2324 = CARTESIAN_POINT('',(-0.,0.));
#2325 = VECTOR('',#2326,1.);
#2326 = DIRECTION('',(-0.,1.));
#2327 = ( GEOMETRIC_REPRESENTATION_CONTEXT(2)
PARAMETRIC_REPRESENTATION_CONTEXT() REPRESENTATION_CONTEXT('2D SPACE',''
  ) );
#2328 = ORIENTED_EDGE('',*,*,#1844,.T.);
#2329 = ORIENTED_EDGE('',*,*,#2330,.F.);
#2330 = EDGE_CURVE('',#873,#1845,#2331,.T.);
#2331 = SURFACE_CURVE('',#2332,(#2336,#2343),.PCURVE_S1.);
#2332 = LINE('',#2333,#2334);
#2333 = CARTESIAN_POINT('',(89.,-1.110223024625E-16,25.5));
#2334 = VECTOR('',#2335,1.);
#2335 = DIRECTION('',(-1.,-0.,0.));
#2336 = PCURVE('',#888,#2337);
#2337 = DEFINITIONAL_REPRESENTATION('',(#2338),#2342);
#2338 = LINE('',#2339,#2340);
#2339 = CARTESIAN_POINT('',(157.5,89.));
#2340 = VECTOR('',#2341,1.);
#2341 = DIRECTION('',(0.,-1.));
#2342 = ( GEOMETRIC_REPRESENTATION_CONTEXT(2)
PARAMETRIC_REPRESENTATION_CONTEXT() REPRESENTATION_CONTEXT('2D SPACE',''
  ) );
#2343 = PCURVE('',#1059,#2344);
#2344 = DEFINITIONAL_REPRESENTATION('',(#2345),#2349);
#2345 = LINE('',#2346,#2347);
#2346 = CARTESIAN_POINT('',(-1.570796326795,0.));
#2347 = VECTOR('',#2348,1.);
#2348 = DIRECTION('',(-0.,1.));
#2349 = ( GEOMETRIC_REPRESENTATION_CONTEXT(2)
PARAMETRIC_REPRESENTATION_CONTEXT() REPRESENTATION_CONTEXT('2D SPACE',''
  ) );
#2350 = ADVANCED_FACE('',(#2351),#1059,.T.);
#2351 = FACE_BOUND('',#2352,.F.);
#2352 = EDGE_LOOP('',(#2353,#2376,#2377,#2378));
#2353 = ORIENTED_EDGE('',*,*,#2354,.F.);
#2354 = EDGE_CURVE('',#1013,#2355,#2357,.T.);
#2355 = VERTEX_POINT('',#2356);
#2356 = CARTESIAN_POINT('',(7.,0.5,26.));
#2357 = SURFACE_CURVE('',#2358,(#2362,#2369),.PCURVE_S1.);
#2358 = LINE('',#2359,#2360);
#2359 = CARTESIAN_POINT('',(89.,0.5,26.));
#2360 = VECTOR('',#2361,1.);
#2361 = DIRECTION('',(-1.,-0.,0.));
#2362 = PCURVE('',#1059,#2363);
#2363 = DEFINITIONAL_REPRESENTATION('',(#2364),#2368);
#2364 = LINE('',#2365,#2366);
#2365 = CARTESIAN_POINT('',(-0.,0.));
#2366 = VECTOR('',#2367,1.);
#2367 = DIRECTION('',(-0.,1.));
#2368 = ( GEOMETRIC_REPRESENTATION_CONTEXT(2)
PARAMETRIC_REPRESENTATION_CONTEXT() REPRESENTATION_CONTEXT('2D SPACE',''
  ) );
#2369 = PCURVE('',#1028,#2370);
#2370 = DEFINITIONAL_REPRESENTATION('',(#2371),#2375);
#2371 = LINE('',#2372,#2373);
#2372 = CARTESIAN_POINT('',(89.,0.5));
#2373 = VECTOR('',#2374,1.);
#2374 = DIRECTION('',(-1.,0.));
#2375 = ( GEOMETRIC_REPRESENTATION_CONTEXT(2)
PARAMETRIC_REPRESENTATION_CONTEXT() REPRESENTATION_CONTEXT('2D SPACE',''
  ) );
#2376 = ORIENTED_EDGE('',*,*,#1040,.F.);
#2377 = ORIENTED_EDGE('',*,*,#2330,.T.);
#2378 = ORIENTED_EDGE('',*,*,#2379,.F.);
#2379 = EDGE_CURVE('',#2355,#1845,#2380,.T.);
#2380 = SURFACE_CURVE('',#2381,(#2386,#2393),.PCURVE_S1.);
#2381 = CIRCLE('',#2382,0.5);
#2382 = AXIS2_PLACEMENT_3D('',#2383,#2384,#2385);
#2383 = CARTESIAN_POINT('',(7.,0.5,25.5));
#2384 = DIRECTION('',(1.,0.,-0.));
#2385 = DIRECTION('',(0.,0.,1.));
#2386 = PCURVE('',#1059,#2387);
#2387 = DEFINITIONAL_REPRESENTATION('',(#2388),#2392);
#2388 = LINE('',#2389,#2390);
#2389 = CARTESIAN_POINT('',(-0.,82.));
#2390 = VECTOR('',#2391,1.);
#2391 = DIRECTION('',(-1.,0.));
#2392 = ( GEOMETRIC_REPRESENTATION_CONTEXT(2)
PARAMETRIC_REPRESENTATION_CONTEXT() REPRESENTATION_CONTEXT('2D SPACE',''
  ) );
#2393 = PCURVE('',#1882,#2394);
#2394 = DEFINITIONAL_REPRESENTATION('',(#2395),#2399);
#2395 = LINE('',#2396,#2397);
#2396 = CARTESIAN_POINT('',(-2.22044604925E-16,4.712388980385));
#2397 = VECTOR('',#2398,1.);
#2398 = DIRECTION('',(0.,1.));
#2399 = ( GEOMETRIC_REPRESENTATION_CONTEXT(2)
PARAMETRIC_REPRESENTATION_CONTEXT() REPRESENTATION_CONTEXT('2D SPACE',''
  ) );
#2400 = ADVANCED_FACE('',(#2401,#2479),#1028,.T.);
#2401 = FACE_BOUND('',#2402,.T.);
#2402 = EDGE_LOOP('',(#2403,#2404,#2427,#2453,#2454,#2455,#2476,#2477,
    #2478));
#2403 = ORIENTED_EDGE('',*,*,#1629,.F.);
#2404 = ORIENTED_EDGE('',*,*,#2405,.F.);
#2405 = EDGE_CURVE('',#2406,#1606,#2408,.T.);
#2406 = VERTEX_POINT('',#2407);
#2407 = CARTESIAN_POINT('',(0.5,7.,26.));
#2408 = SURFACE_CURVE('',#2409,(#2413,#2420),.PCURVE_S1.);
#2409 = LINE('',#2410,#2411);
#2410 = CARTESIAN_POINT('',(0.5,7.,26.));
#2411 = VECTOR('',#2412,1.);
#2412 = DIRECTION('',(-0.,1.,0.));
#2413 = PCURVE('',#1028,#2414);
#2414 = DEFINITIONAL_REPRESENTATION('',(#2415),#2419);
#2415 = LINE('',#2416,#2417);
#2416 = CARTESIAN_POINT('',(0.5,7.));
#2417 = VECTOR('',#2418,1.);
#2418 = DIRECTION('',(0.,1.));
#2419 = ( GEOMETRIC_REPRESENTATION_CONTEXT(2)
PARAMETRIC_REPRESENTATION_CONTEXT() REPRESENTATION_CONTEXT('2D SPACE',''
  ) );
#2420 = PCURVE('',#1588,#2421);
#2421 = DEFINITIONAL_REPRESENTATION('',(#2422),#2426);
#2422 = LINE('',#2423,#2424);
#2423 = CARTESIAN_POINT('',(-0.,0.));
#2424 = VECTOR('',#2425,1.);
#2425 = DIRECTION('',(-0.,1.));
#2426 = ( GEOMETRIC_REPRESENTATION_CONTEXT(2)
PARAMETRIC_REPRESENTATION_CONTEXT() REPRESENTATION_CONTEXT('2D SPACE',''
  ) );
#2427 = ORIENTED_EDGE('',*,*,#2428,.F.);
#2428 = EDGE_CURVE('',#2355,#2406,#2429,.T.);
#2429 = SURFACE_CURVE('',#2430,(#2435,#2446),.PCURVE_S1.);
#2430 = CIRCLE('',#2431,6.5);
#2431 = AXIS2_PLACEMENT_3D('',#2432,#2433,#2434);
#2432 = CARTESIAN_POINT('',(7.,7.,26.));
#2433 = DIRECTION('',(-0.,0.,-1.));
#2434 = DIRECTION('',(-2.537652627715E-16,-1.,0.));
#2435 = PCURVE('',#1028,#2436);
#2436 = DEFINITIONAL_REPRESENTATION('',(#2437),#2445);
#2437 = ( BOUNDED_CURVE() B_SPLINE_CURVE(2,(#2438,#2439,#2440,#2441,
#2442,#2443,#2444),.UNSPECIFIED.,.T.,.F.) B_SPLINE_CURVE_WITH_KNOTS((1,2
    ,2,2,2,1),(-2.094395102393,0.,2.094395102393,4.188790204786,
6.28318530718,8.377580409573),.UNSPECIFIED.) CURVE()
GEOMETRIC_REPRESENTATION_ITEM() RATIONAL_B_SPLINE_CURVE((1.,0.5,1.,0.5,
1.,0.5,1.)) REPRESENTATION_ITEM('') );
#2438 = CARTESIAN_POINT('',(7.,0.5));
#2439 = CARTESIAN_POINT('',(-4.258330249198,0.5));
#2440 = CARTESIAN_POINT('',(1.370834875401,10.25));
#2441 = CARTESIAN_POINT('',(7.,20.));
#2442 = CARTESIAN_POINT('',(12.629165124599,10.25));
#2443 = CARTESIAN_POINT('',(18.258330249198,0.5));
#2444 = CARTESIAN_POINT('',(7.,0.5));
#2445 = ( GEOMETRIC_REPRESENTATION_CONTEXT(2)
PARAMETRIC_REPRESENTATION_CONTEXT() REPRESENTATION_CONTEXT('2D SPACE',''
  ) );
#2446 = PCURVE('',#1882,#2447);
#2447 = DEFINITIONAL_REPRESENTATION('',(#2448),#2452);
#2448 = LINE('',#2449,#2450);
#2449 = CARTESIAN_POINT('',(0.,4.712388980385));
#2450 = VECTOR('',#2451,1.);
#2451 = DIRECTION('',(1.,0.));
#2452 = ( GEOMETRIC_REPRESENTATION_CONTEXT(2)
PARAMETRIC_REPRESENTATION_CONTEXT() REPRESENTATION_CONTEXT('2D SPACE',''
  ) );
#2453 = ORIENTED_EDGE('',*,*,#2354,.F.);
#2454 = ORIENTED_EDGE('',*,*,#1012,.T.);
#2455 = ORIENTED_EDGE('',*,*,#2456,.T.);
#2456 = EDGE_CURVE('',#980,#2065,#2457,.T.);
#2457 = SURFACE_CURVE('',#2458,(#2462,#2469),.PCURVE_S1.);
#2458 = LINE('',#2459,#2460);
#2459 = CARTESIAN_POINT('',(88.,7.5,26.));
#2460 = VECTOR('',#2461,1.);
#2461 = DIRECTION('',(-1.,-0.,0.));
#2462 = PCURVE('',#1028,#2463);
#2463 = DEFINITIONAL_REPRESENTATION('',(#2464),#2468);
#2464 = LINE('',#2465,#2466);
#2465 = CARTESIAN_POINT('',(88.,7.5));
#2466 = VECTOR('',#2467,1.);
#2467 = DIRECTION('',(-1.,0.));
#2468 = ( GEOMETRIC_REPRESENTATION_CONTEXT(2)
PARAMETRIC_REPRESENTATION_CONTEXT() REPRESENTATION_CONTEXT('2D SPACE',''
  ) );
#2469 = PCURVE('',#1000,#2470);
#2470 = DEFINITIONAL_REPRESENTATION('',(#2471),#2475);
#2471 = LINE('',#2472,#2473);
#2472 = CARTESIAN_POINT('',(0.,0.));
#2473 = VECTOR('',#2474,1.);
#2474 = DIRECTION('',(0.,1.));
#2475 = ( GEOMETRIC_REPRESENTATION_CONTEXT(2)
PARAMETRIC_REPRESENTATION_CONTEXT() REPRESENTATION_CONTEXT('2D SPACE',''
  ) );
#2476 = ORIENTED_EDGE('',*,*,#2064,.F.);
#2477 = ORIENTED_EDGE('',*,*,#1980,.T.);
#2478 = ORIENTED_EDGE('',*,*,#1897,.T.);
#2479 = FACE_BOUND('',#2480,.T.);
#2480 = EDGE_LOOP('',(#2481));
#2481 = ORIENTED_EDGE('',*,*,#2482,.F.);
#2482 = EDGE_CURVE('',#2483,#2483,#2485,.T.);
#2483 = VERTEX_POINT('',#2484);
#2484 = CARTESIAN_POINT('',(4.9,15.,26.));
#2485 = SURFACE_CURVE('',#2486,(#2491,#2498),.PCURVE_S1.);
#2486 = CIRCLE('',#2487,1.4);
#2487 = AXIS2_PLACEMENT_3D('',#2488,#2489,#2490);
#2488 = CARTESIAN_POINT('',(3.5,15.,26.));
#2489 = DIRECTION('',(0.,0.,1.));
#2490 = DIRECTION('',(1.,0.,-0.));
#2491 = PCURVE('',#1028,#2492);
#2492 = DEFINITIONAL_REPRESENTATION('',(#2493),#2497);
#2493 = CIRCLE('',#2494,1.4);
#2494 = AXIS2_PLACEMENT_2D('',#2495,#2496);
#2495 = CARTESIAN_POINT('',(3.5,15.));
#2496 = DIRECTION('',(1.,0.));
#2497 = ( GEOMETRIC_REPRESENTATION_CONTEXT(2)
PARAMETRIC_REPRESENTATION_CONTEXT() REPRESENTATION_CONTEXT('2D SPACE',''
  ) );
#2498 = PCURVE('',#2499,#2504);
#2499 = CYLINDRICAL_SURFACE('',#2500,1.4);
#2500 = AXIS2_PLACEMENT_3D('',#2501,#2502,#2503);
#2501 = CARTESIAN_POINT('',(3.5,15.,19.));
#2502 = DIRECTION('',(0.,0.,1.));
#2503 = DIRECTION('',(1.,0.,-0.));
#2504 = DEFINITIONAL_REPRESENTATION('',(#2505),#2509);
#2505 = LINE('',#2506,#2507);
#2506 = CARTESIAN_POINT('',(0.,7.));
#2507 = VECTOR('',#2508,1.);
#2508 = DIRECTION('',(1.,0.));
#2509 = ( GEOMETRIC_REPRESENTATION_CONTEXT(2)
PARAMETRIC_REPRESENTATION_CONTEXT() REPRESENTATION_CONTEXT('2D SPACE',''
  ) );
#2510 = ADVANCED_FACE('',(#2511),#1000,.T.);
#2511 = FACE_BOUND('',#2512,.T.);
#2512 = EDGE_LOOP('',(#2513,#2514,#2515,#2516));
#2513 = ORIENTED_EDGE('',*,*,#2456,.F.);
#2514 = ORIENTED_EDGE('',*,*,#979,.T.);
#2515 = ORIENTED_EDGE('',*,*,#2007,.T.);
#2516 = ORIENTED_EDGE('',*,*,#2087,.F.);
#2517 = ADVANCED_FACE('',(#2518),#921,.T.);
#2518 = FACE_BOUND('',#2519,.F.);
#2519 = EDGE_LOOP('',(#2520,#2521,#2522,#2523));
#2520 = ORIENTED_EDGE('',*,*,#2308,.F.);
#2521 = ORIENTED_EDGE('',*,*,#900,.F.);
#2522 = ORIENTED_EDGE('',*,*,#1132,.T.);
#2523 = ORIENTED_EDGE('',*,*,#2524,.F.);
#2524 = EDGE_CURVE('',#1821,#1100,#2525,.T.);
#2525 = SURFACE_CURVE('',#2526,(#2531,#2538),.PCURVE_S1.);
#2526 = CIRCLE('',#2527,0.3);
#2527 = AXIS2_PLACEMENT_3D('',#2528,#2529,#2530);
#2528 = CARTESIAN_POINT('',(7.,0.3,23.3));
#2529 = DIRECTION('',(1.,0.,0.));
#2530 = DIRECTION('',(0.,-1.,0.));
#2531 = PCURVE('',#921,#2532);
#2532 = DEFINITIONAL_REPRESENTATION('',(#2533),#2537);
#2533 = LINE('',#2534,#2535);
#2534 = CARTESIAN_POINT('',(-0.,82.));
#2535 = VECTOR('',#2536,1.);
#2536 = DIRECTION('',(-1.,0.));
#2537 = ( GEOMETRIC_REPRESENTATION_CONTEXT(2)
PARAMETRIC_REPRESENTATION_CONTEXT() REPRESENTATION_CONTEXT('2D SPACE',''
  ) );
#2538 = PCURVE('',#1120,#2539);
#2539 = DEFINITIONAL_REPRESENTATION('',(#2540),#2544);
#2540 = LINE('',#2541,#2542);
#2541 = CARTESIAN_POINT('',(0.,0.));
#2542 = VECTOR('',#2543,1.);
#2543 = DIRECTION('',(0.,1.));
#2544 = ( GEOMETRIC_REPRESENTATION_CONTEXT(2)
PARAMETRIC_REPRESENTATION_CONTEXT() REPRESENTATION_CONTEXT('2D SPACE',''
  ) );
#2545 = ADVANCED_FACE('',(#2546),#1120,.T.);
#2546 = FACE_BOUND('',#2547,.T.);
#2547 = EDGE_LOOP('',(#2548,#2549,#2550,#2571));
#2548 = ORIENTED_EDGE('',*,*,#2524,.F.);
#2549 = ORIENTED_EDGE('',*,*,#1820,.T.);
#2550 = ORIENTED_EDGE('',*,*,#2551,.T.);
#2551 = EDGE_CURVE('',#1740,#1077,#2552,.T.);
#2552 = SURFACE_CURVE('',#2553,(#2558,#2565),.PCURVE_S1.);
#2553 = CIRCLE('',#2554,0.3);
#2554 = AXIS2_PLACEMENT_3D('',#2555,#2556,#2557);
#2555 = CARTESIAN_POINT('',(6.,0.375047169979,23.3));
#2556 = DIRECTION('',(0.988798929854,-0.149253731343,0.));
#2557 = DIRECTION('',(-0.149253731343,-0.988798929854,0.));
#2558 = PCURVE('',#1120,#2559);
#2559 = DEFINITIONAL_REPRESENTATION('',(#2560),#2564);
#2560 = LINE('',#2561,#2562);
#2561 = CARTESIAN_POINT('',(0.149813507356,0.));
#2562 = VECTOR('',#2563,1.);
#2563 = DIRECTION('',(0.,1.));
#2564 = ( GEOMETRIC_REPRESENTATION_CONTEXT(2)
PARAMETRIC_REPRESENTATION_CONTEXT() REPRESENTATION_CONTEXT('2D SPACE',''
  ) );
#2565 = PCURVE('',#1251,#2566);
#2566 = DEFINITIONAL_REPRESENTATION('',(#2567),#2570);
#2567 = B_SPLINE_CURVE_WITH_KNOTS('',1,(#2568,#2569),.UNSPECIFIED.,.F.,
  .F.,(2,2),(0.,1.570796326795),.PIECEWISE_BEZIER_KNOTS.);
#2568 = CARTESIAN_POINT('',(0.,322.81125924575));
#2569 = CARTESIAN_POINT('',(4.83258533011,322.81125924575));
#2570 = ( GEOMETRIC_REPRESENTATION_CONTEXT(2)
PARAMETRIC_REPRESENTATION_CONTEXT() REPRESENTATION_CONTEXT('2D SPACE',''
  ) );
#2571 = ORIENTED_EDGE('',*,*,#1099,.F.);
#2572 = ADVANCED_FACE('',(#2573),#1251,.F.);
#2573 = FACE_BOUND('',#2574,.F.);
#2574 = EDGE_LOOP('',(#2575,#2576,#2577,#2578));
#2575 = ORIENTED_EDGE('',*,*,#2551,.T.);
#2576 = ORIENTED_EDGE('',*,*,#1179,.T.);
#2577 = ORIENTED_EDGE('',*,*,#1701,.F.);
#2578 = ORIENTED_EDGE('',*,*,#1739,.F.);
#2579 = ADVANCED_FACE('',(#2580),#1588,.T.);
#2580 = FACE_BOUND('',#2581,.F.);
#2581 = EDGE_LOOP('',(#2582,#2583,#2605,#2606));
#2582 = ORIENTED_EDGE('',*,*,#2405,.F.);
#2583 = ORIENTED_EDGE('',*,*,#2584,.T.);
#2584 = EDGE_CURVE('',#2406,#1528,#2585,.T.);
#2585 = SURFACE_CURVE('',#2586,(#2591,#2598),.PCURVE_S1.);
#2586 = CIRCLE('',#2587,0.5);
#2587 = AXIS2_PLACEMENT_3D('',#2588,#2589,#2590);
#2588 = CARTESIAN_POINT('',(0.5,7.,25.5));
#2589 = DIRECTION('',(2.951168211093E-17,-1.,0.));
#2590 = DIRECTION('',(-1.,-2.951168211093E-17,0.));
#2591 = PCURVE('',#1588,#2592);
#2592 = DEFINITIONAL_REPRESENTATION('',(#2593),#2597);
#2593 = LINE('',#2594,#2595);
#2594 = CARTESIAN_POINT('',(4.712388980385,-0.));
#2595 = VECTOR('',#2596,1.);
#2596 = DIRECTION('',(-1.,0.));
#2597 = ( GEOMETRIC_REPRESENTATION_CONTEXT(2)
PARAMETRIC_REPRESENTATION_CONTEXT() REPRESENTATION_CONTEXT('2D SPACE',''
  ) );
#2598 = PCURVE('',#1882,#2599);
#2599 = DEFINITIONAL_REPRESENTATION('',(#2600),#2604);
#2600 = LINE('',#2601,#2602);
#2601 = CARTESIAN_POINT('',(1.570796326795,0.));
#2602 = VECTOR('',#2603,1.);
#2603 = DIRECTION('',(0.,1.));
#2604 = ( GEOMETRIC_REPRESENTATION_CONTEXT(2)
PARAMETRIC_REPRESENTATION_CONTEXT() REPRESENTATION_CONTEXT('2D SPACE',''
  ) );
#2605 = ORIENTED_EDGE('',*,*,#1574,.T.);
#2606 = ORIENTED_EDGE('',*,*,#1605,.T.);
#2607 = ADVANCED_FACE('',(#2608),#1882,.T.);
#2608 = FACE_BOUND('',#2609,.T.);
#2609 = EDGE_LOOP('',(#2610,#2611,#2612,#2613));
#2610 = ORIENTED_EDGE('',*,*,#2379,.F.);
#2611 = ORIENTED_EDGE('',*,*,#2428,.T.);
#2612 = ORIENTED_EDGE('',*,*,#2584,.T.);
#2613 = ORIENTED_EDGE('',*,*,#1867,.F.);
#2614 = ADVANCED_FACE('',(#2615),#2499,.F.);
#2615 = FACE_BOUND('',#2616,.F.);
#2616 = EDGE_LOOP('',(#2617,#2618,#2641,#2668));
#2617 = ORIENTED_EDGE('',*,*,#2482,.F.);
#2618 = ORIENTED_EDGE('',*,*,#2619,.F.);
#2619 = EDGE_CURVE('',#2620,#2483,#2622,.T.);
#2620 = VERTEX_POINT('',#2621);
#2621 = CARTESIAN_POINT('',(4.9,15.,19.));
#2622 = SEAM_CURVE('',#2623,(#2627,#2634),.PCURVE_S1.);
#2623 = LINE('',#2624,#2625);
#2624 = CARTESIAN_POINT('',(4.9,15.,19.));
#2625 = VECTOR('',#2626,1.);
#2626 = DIRECTION('',(0.,0.,1.));
#2627 = PCURVE('',#2499,#2628);
#2628 = DEFINITIONAL_REPRESENTATION('',(#2629),#2633);
#2629 = LINE('',#2630,#2631);
#2630 = CARTESIAN_POINT('',(6.28318530718,-0.));
#2631 = VECTOR('',#2632,1.);
#2632 = DIRECTION('',(0.,1.));
#2633 = ( GEOMETRIC_REPRESENTATION_CONTEXT(2)
PARAMETRIC_REPRESENTATION_CONTEXT() REPRESENTATION_CONTEXT('2D SPACE',''
  ) );
#2634 = PCURVE('',#2499,#2635);
#2635 = DEFINITIONAL_REPRESENTATION('',(#2636),#2640);
#2636 = LINE('',#2637,#2638);
#2637 = CARTESIAN_POINT('',(0.,-0.));
#2638 = VECTOR('',#2639,1.);
#2639 = DIRECTION('',(0.,1.));
#2640 = ( GEOMETRIC_REPRESENTATION_CONTEXT(2)
PARAMETRIC_REPRESENTATION_CONTEXT() REPRESENTATION_CONTEXT('2D SPACE',''
  ) );
#2641 = ORIENTED_EDGE('',*,*,#2642,.T.);
#2642 = EDGE_CURVE('',#2620,#2620,#2643,.T.);
#2643 = SURFACE_CURVE('',#2644,(#2649,#2656),.PCURVE_S1.);
#2644 = CIRCLE('',#2645,1.4);
#2645 = AXIS2_PLACEMENT_3D('',#2646,#2647,#2648);
#2646 = CARTESIAN_POINT('',(3.5,15.,19.));
#2647 = DIRECTION('',(0.,0.,1.));
#2648 = DIRECTION('',(1.,0.,-0.));
#2649 = PCURVE('',#2499,#2650);
#2650 = DEFINITIONAL_REPRESENTATION('',(#2651),#2655);
#2651 = LINE('',#2652,#2653);
#2652 = CARTESIAN_POINT('',(0.,0.));
#2653 = VECTOR('',#2654,1.);
#2654 = DIRECTION('',(1.,0.));
#2655 = ( GEOMETRIC_REPRESENTATION_CONTEXT(2)
PARAMETRIC_REPRESENTATION_CONTEXT() REPRESENTATION_CONTEXT('2D SPACE',''
  ) );
#2656 = PCURVE('',#2657,#2662);
#2657 = PLANE('',#2658);
#2658 = AXIS2_PLACEMENT_3D('',#2659,#2660,#2661);
#2659 = CARTESIAN_POINT('',(3.5,15.,19.));
#2660 = DIRECTION('',(0.,0.,1.));
#2661 = DIRECTION('',(1.,0.,-0.));
#2662 = DEFINITIONAL_REPRESENTATION('',(#2663),#2667);
#2663 = CIRCLE('',#2664,1.4);
#2664 = AXIS2_PLACEMENT_2D('',#2665,#2666);
#2665 = CARTESIAN_POINT('',(0.,0.));
#2666 = DIRECTION('',(1.,0.));
#2667 = ( GEOMETRIC_REPRESENTATION_CONTEXT(2)
PARAMETRIC_REPRESENTATION_CONTEXT() REPRESENTATION_CONTEXT('2D SPACE',''
  ) );
#2668 = ORIENTED_EDGE('',*,*,#2619,.T.);
#2669 = ADVANCED_FACE('',(#2670),#2657,.T.);
#2670 = FACE_BOUND('',#2671,.F.);
#2671 = EDGE_LOOP('',(#2672));
#2672 = ORIENTED_EDGE('',*,*,#2642,.F.);
#2673 = ( GEOMETRIC_REPRESENTATION_CONTEXT(3)
GLOBAL_UNCERTAINTY_ASSIGNED_CONTEXT((#2677))
GLOBAL_UNIT_ASSIGNED_CONTEXT((#2674,#2675,#2676)) REPRESENTATION_CONTEXT
('Context #1','3D Context with UNIT and UNCERTAINTY') );
#2674 = ( LENGTH_UNIT() NAMED_UNIT(*) SI_UNIT(.MILLI.,.METRE.) );
#2675 = ( NAMED_UNIT(*) PLANE_ANGLE_UNIT() SI_UNIT($,.RADIAN.) );
#2676 = ( NAMED_UNIT(*) SI_UNIT($,.STERADIAN.) SOLID_ANGLE_UNIT() );
#2677 = UNCERTAINTY_MEASURE_WITH_UNIT(LENGTH_MEASURE(5.E-06),#2674,
  'distance_accuracy_value','confusion accuracy');
#2678 = PRODUCT_RELATED_PRODUCT_CATEGORY('part',$,(#7));
ENDSEC;
END-ISO-10303-21;
