ISO-10303-21;
HEADER;
FILE_DESCRIPTION(('Open CASCADE Model'),'2;1');
FILE_NAME('Open CASCADE Shape Model','2026-09-13T21:36:03',('Author'),(
    'Open CASCADE'),'Open CASCADE STEP processor 7.9','Open CASCADE 7.9'
  ,'Unknown');
FILE_SCHEMA(('AUTOMOTIVE_DESIGN { 1 0 10303 214 1 1 1 1 }'));
ENDSEC;
DATA;
#1 = APPLICATION_PROTOCOL_DEFINITION('international standard',
  'automotive_design',2000,#2);
#2 = APPLICATION_CONTEXT(
  'core data for automotive mechanical design processes');
#3 = SHAPE_DEFINITION_REPRESENTATION(#4,#10);
#4 = PRODUCT_DEFINITION_SHAPE('','',#5);
#5 = PRODUCT_DEFINITION('design','',#6,#9);
#6 = PRODUCT_DEFINITION_FORMATION('','',#7);
#7 = PRODUCT('Open CASCADE STEP translator 7.9 1',
  'Open CASCADE STEP translator 7.9 1','',(#8));
#8 = PRODUCT_CONTEXT('',#2,'mechanical');
#9 = PRODUCT_DEFINITION_CONTEXT('part definition',#2,'design');
#10 = ADVANCED_BREP_SHAPE_REPRESENTATION('',(#11,#15),#3405);
#11 = AXIS2_PLACEMENT_3D('',#12,#13,#14);
#12 = CARTESIAN_POINT('',(0.,0.,0.));
#13 = DIRECTION('',(0.,0.,1.));
#14 = DIRECTION('',(1.,0.,-0.));
#15 = MANIFOLD_SOLID_BREP('',#16);
#16 = CLOSED_SHELL('',(#17,#137,#939,#993,#1043,#1710,#1737,#1764,#1791,
    #1818,#1825,#1852,#1879,#1906,#1961,#2016,#2071,#2098,#2125,#2180,
    #2207,#2234,#2289,#2336,#2363,#2390,#2397,#2452,#2507,#2562,#2589,
    #2639,#2694,#2744,#2799,#2854,#2909,#2959,#3009,#3016,#3051,#3058,
    #3093,#3128,#3163,#3170,#3177,#3207,#3237,#3267,#3297,#3324,#3351,
    #3378));
#17 = ADVANCED_FACE('',(#18),#32,.F.);
#18 = FACE_BOUND('',#19,.F.);
#19 = EDGE_LOOP('',(#20,#55,#83,#111));
#20 = ORIENTED_EDGE('',*,*,#21,.F.);
#21 = EDGE_CURVE('',#22,#24,#26,.T.);
#22 = VERTEX_POINT('',#23);
#23 = CARTESIAN_POINT('',(3.4,1.,6.4));
#24 = VERTEX_POINT('',#25);
#25 = CARTESIAN_POINT('',(3.4,1.,151.6));
#26 = SURFACE_CURVE('',#27,(#31,#43),.PCURVE_S1.);
#27 = LINE('',#28,#29);
#28 = CARTESIAN_POINT('',(3.4,1.,3.4));
#29 = VECTOR('',#30,1.);
#30 = DIRECTION('',(0.,0.,1.));
#31 = PCURVE('',#32,#37);
#32 = PLANE('',#33);
#33 = AXIS2_PLACEMENT_3D('',#34,#35,#36);
#34 = CARTESIAN_POINT('',(3.4,1.,3.4));
#35 = DIRECTION('',(1.,0.,-0.));
#36 = DIRECTION('',(0.,0.,1.));
#37 = DEFINITIONAL_REPRESENTATION('',(#38),#42);
#38 = LINE('',#39,#40);
#39 = CARTESIAN_POINT('',(0.,0.));
#40 = VECTOR('',#41,1.);
#41 = DIRECTION('',(1.,0.));
#42 = ( GEOMETRIC_REPRESENTATION_CONTEXT(2)
PARAMETRIC_REPRESENTATION_CONTEXT() REPRESENTATION_CONTEXT('2D SPACE',''
  ) );
#43 = PCURVE('',#44,#49);
#44 = PLANE('',#45);
#45 = AXIS2_PLACEMENT_3D('',#46,#47,#48);
#46 = CARTESIAN_POINT('',(3.4,1.,3.4));
#47 = DIRECTION('',(-0.,1.,0.));
#48 = DIRECTION('',(0.,0.,1.));
#49 = DEFINITIONAL_REPRESENTATION('',(#50),#54);
#50 = LINE('',#51,#52);
#51 = CARTESIAN_POINT('',(0.,0.));
#52 = VECTOR('',#53,1.);
#53 = DIRECTION('',(1.,0.));
#54 = ( GEOMETRIC_REPRESENTATION_CONTEXT(2)
PARAMETRIC_REPRESENTATION_CONTEXT() REPRESENTATION_CONTEXT('2D SPACE',''
  ) );
#55 = ORIENTED_EDGE('',*,*,#56,.T.);
#56 = EDGE_CURVE('',#22,#57,#59,.T.);
#57 = VERTEX_POINT('',#58);
#58 = CARTESIAN_POINT('',(3.4,4.,6.4));
#59 = SURFACE_CURVE('',#60,(#64,#71),.PCURVE_S1.);
#60 = LINE('',#61,#62);
#61 = CARTESIAN_POINT('',(3.4,1.,6.4));
#62 = VECTOR('',#63,1.);
#63 = DIRECTION('',(-0.,1.,0.));
#64 = PCURVE('',#32,#65);
#65 = DEFINITIONAL_REPRESENTATION('',(#66),#70);
#66 = LINE('',#67,#68);
#67 = CARTESIAN_POINT('',(3.,0.));
#68 = VECTOR('',#69,1.);
#69 = DIRECTION('',(0.,-1.));
#70 = ( GEOMETRIC_REPRESENTATION_CONTEXT(2)
PARAMETRIC_REPRESENTATION_CONTEXT() REPRESENTATION_CONTEXT('2D SPACE',''
  ) );
#71 = PCURVE('',#72,#77);
#72 = CYLINDRICAL_SURFACE('',#73,3.);
#73 = AXIS2_PLACEMENT_3D('',#74,#75,#76);
#74 = CARTESIAN_POINT('',(6.4,1.,6.4));
#75 = DIRECTION('',(-0.,1.,0.));
#76 = DIRECTION('',(-1.,-0.,0.));
#77 = DEFINITIONAL_REPRESENTATION('',(#78),#82);
#78 = LINE('',#79,#80);
#79 = CARTESIAN_POINT('',(-0.,0.));
#80 = VECTOR('',#81,1.);
#81 = DIRECTION('',(-0.,1.));
#82 = ( GEOMETRIC_REPRESENTATION_CONTEXT(2)
PARAMETRIC_REPRESENTATION_CONTEXT() REPRESENTATION_CONTEXT('2D SPACE',''
  ) );
#83 = ORIENTED_EDGE('',*,*,#84,.T.);
#84 = EDGE_CURVE('',#57,#85,#87,.T.);
#85 = VERTEX_POINT('',#86);
#86 = CARTESIAN_POINT('',(3.4,4.,151.6));
#87 = SURFACE_CURVE('',#88,(#92,#99),.PCURVE_S1.);
#88 = LINE('',#89,#90);
#89 = CARTESIAN_POINT('',(3.4,4.,3.4));
#90 = VECTOR('',#91,1.);
#91 = DIRECTION('',(0.,0.,1.));
#92 = PCURVE('',#32,#93);
#93 = DEFINITIONAL_REPRESENTATION('',(#94),#98);
#94 = LINE('',#95,#96);
#95 = CARTESIAN_POINT('',(0.,-3.));
#96 = VECTOR('',#97,1.);
#97 = DIRECTION('',(1.,0.));
#98 = ( GEOMETRIC_REPRESENTATION_CONTEXT(2)
PARAMETRIC_REPRESENTATION_CONTEXT() REPRESENTATION_CONTEXT('2D SPACE',''
  ) );
#99 = PCURVE('',#100,#105);
#100 = PLANE('',#101);
#101 = AXIS2_PLACEMENT_3D('',#102,#103,#104);
#102 = CARTESIAN_POINT('',(3.4,4.,3.4));
#103 = DIRECTION('',(-0.,1.,0.));
#104 = DIRECTION('',(0.,0.,1.));
#105 = DEFINITIONAL_REPRESENTATION('',(#106),#110);
#106 = LINE('',#107,#108);
#107 = CARTESIAN_POINT('',(0.,0.));
#108 = VECTOR('',#109,1.);
#109 = DIRECTION('',(1.,0.));
#110 = ( GEOMETRIC_REPRESENTATION_CONTEXT(2)
PARAMETRIC_REPRESENTATION_CONTEXT() REPRESENTATION_CONTEXT('2D SPACE',''
  ) );
#111 = ORIENTED_EDGE('',*,*,#112,.F.);
#112 = EDGE_CURVE('',#24,#85,#113,.T.);
#113 = SURFACE_CURVE('',#114,(#118,#125),.PCURVE_S1.);
#114 = LINE('',#115,#116);
#115 = CARTESIAN_POINT('',(3.4,1.,151.6));
#116 = VECTOR('',#117,1.);
#117 = DIRECTION('',(-0.,1.,0.));
#118 = PCURVE('',#32,#119);
#119 = DEFINITIONAL_REPRESENTATION('',(#120),#124);
#120 = LINE('',#121,#122);
#121 = CARTESIAN_POINT('',(148.2,0.));
#122 = VECTOR('',#123,1.);
#123 = DIRECTION('',(0.,-1.));
#124 = ( GEOMETRIC_REPRESENTATION_CONTEXT(2)
PARAMETRIC_REPRESENTATION_CONTEXT() REPRESENTATION_CONTEXT('2D SPACE',''
  ) );
#125 = PCURVE('',#126,#131);
#126 = CYLINDRICAL_SURFACE('',#127,3.);
#127 = AXIS2_PLACEMENT_3D('',#128,#129,#130);
#128 = CARTESIAN_POINT('',(6.4,1.,151.6));
#129 = DIRECTION('',(-0.,1.,0.));
#130 = DIRECTION('',(-1.,-0.,0.));
#131 = DEFINITIONAL_REPRESENTATION('',(#132),#136);
#132 = LINE('',#133,#134);
#133 = CARTESIAN_POINT('',(0.,0.));
#134 = VECTOR('',#135,1.);
#135 = DIRECTION('',(0.,1.));
#136 = ( GEOMETRIC_REPRESENTATION_CONTEXT(2)
PARAMETRIC_REPRESENTATION_CONTEXT() REPRESENTATION_CONTEXT('2D SPACE',''
  ) );
#137 = ADVANCED_FACE('',(#138,#337,#368,#399,#430,#461,#492,#523,#554,
    #585,#616,#647,#678,#709,#815,#846,#877,#908),#44,.F.);
#138 = FACE_BOUND('',#139,.F.);
#139 = EDGE_LOOP('',(#140,#170,#196,#197,#221,#249,#282,#310));
#140 = ORIENTED_EDGE('',*,*,#141,.F.);
#141 = EDGE_CURVE('',#142,#144,#146,.T.);
#142 = VERTEX_POINT('',#143);
#143 = CARTESIAN_POINT('',(6.4,1.,3.4));
#144 = VERTEX_POINT('',#145);
#145 = CARTESIAN_POINT('',(89.6,1.,3.4));
#146 = SURFACE_CURVE('',#147,(#151,#158),.PCURVE_S1.);
#147 = LINE('',#148,#149);
#148 = CARTESIAN_POINT('',(3.4,1.,3.4));
#149 = VECTOR('',#150,1.);
#150 = DIRECTION('',(1.,0.,-0.));
#151 = PCURVE('',#44,#152);
#152 = DEFINITIONAL_REPRESENTATION('',(#153),#157);
#153 = LINE('',#154,#155);
#154 = CARTESIAN_POINT('',(0.,0.));
#155 = VECTOR('',#156,1.);
#156 = DIRECTION('',(0.,1.));
#157 = ( GEOMETRIC_REPRESENTATION_CONTEXT(2)
PARAMETRIC_REPRESENTATION_CONTEXT() REPRESENTATION_CONTEXT('2D SPACE',''
  ) );
#158 = PCURVE('',#159,#164);
#159 = PLANE('',#160);
#160 = AXIS2_PLACEMENT_3D('',#161,#162,#163);
#161 = CARTESIAN_POINT('',(3.4,1.,3.4));
#162 = DIRECTION('',(0.,0.,1.));
#163 = DIRECTION('',(1.,0.,-0.));
#164 = DEFINITIONAL_REPRESENTATION('',(#165),#169);
#165 = LINE('',#166,#167);
#166 = CARTESIAN_POINT('',(0.,0.));
#167 = VECTOR('',#168,1.);
#168 = DIRECTION('',(1.,0.));
#169 = ( GEOMETRIC_REPRESENTATION_CONTEXT(2)
PARAMETRIC_REPRESENTATION_CONTEXT() REPRESENTATION_CONTEXT('2D SPACE',''
  ) );
#170 = ORIENTED_EDGE('',*,*,#171,.F.);
#171 = EDGE_CURVE('',#22,#142,#172,.T.);
#172 = SURFACE_CURVE('',#173,(#178,#189),.PCURVE_S1.);
#173 = CIRCLE('',#174,3.);
#174 = AXIS2_PLACEMENT_3D('',#175,#176,#177);
#175 = CARTESIAN_POINT('',(6.4,1.,6.4));
#176 = DIRECTION('',(0.,-1.,0.));
#177 = DIRECTION('',(0.,0.,1.));
#178 = PCURVE('',#44,#179);
#179 = DEFINITIONAL_REPRESENTATION('',(#180),#188);
#180 = ( BOUNDED_CURVE() B_SPLINE_CURVE(2,(#181,#182,#183,#184,#185,#186
,#187),.UNSPECIFIED.,.T.,.F.) B_SPLINE_CURVE_WITH_KNOTS((1,2,2,2,2,1),(
    -2.094395102393,0.,2.094395102393,4.188790204786,6.28318530718,
8.377580409573),.UNSPECIFIED.) CURVE() GEOMETRIC_REPRESENTATION_ITEM()
RATIONAL_B_SPLINE_CURVE((1.,0.5,1.,0.5,1.,0.5,1.)) REPRESENTATION_ITEM(
  '') );
#181 = CARTESIAN_POINT('',(6.,3.));
#182 = CARTESIAN_POINT('',(6.,-2.196152422707));
#183 = CARTESIAN_POINT('',(1.5,0.401923788647));
#184 = CARTESIAN_POINT('',(-3.,3.));
#185 = CARTESIAN_POINT('',(1.5,5.598076211353));
#186 = CARTESIAN_POINT('',(6.,8.196152422707));
#187 = CARTESIAN_POINT('',(6.,3.));
#188 = ( GEOMETRIC_REPRESENTATION_CONTEXT(2)
PARAMETRIC_REPRESENTATION_CONTEXT() REPRESENTATION_CONTEXT('2D SPACE',''
  ) );
#189 = PCURVE('',#72,#190);
#190 = DEFINITIONAL_REPRESENTATION('',(#191),#195);
#191 = LINE('',#192,#193);
#192 = CARTESIAN_POINT('',(1.570796326795,-0.));
#193 = VECTOR('',#194,1.);
#194 = DIRECTION('',(-1.,0.));
#195 = ( GEOMETRIC_REPRESENTATION_CONTEXT(2)
PARAMETRIC_REPRESENTATION_CONTEXT() REPRESENTATION_CONTEXT('2D SPACE',''
  ) );
#196 = ORIENTED_EDGE('',*,*,#21,.T.);
#197 = ORIENTED_EDGE('',*,*,#198,.T.);
#198 = EDGE_CURVE('',#24,#199,#201,.T.);
#199 = VERTEX_POINT('',#200);
#200 = CARTESIAN_POINT('',(6.4,1.,154.6));
#201 = SURFACE_CURVE('',#202,(#207,#214),.PCURVE_S1.);
#202 = CIRCLE('',#203,3.);
#203 = AXIS2_PLACEMENT_3D('',#204,#205,#206);
#204 = CARTESIAN_POINT('',(6.4,1.,151.6));
#205 = DIRECTION('',(-0.,1.,0.));
#206 = DIRECTION('',(0.,0.,1.));
#207 = PCURVE('',#44,#208);
#208 = DEFINITIONAL_REPRESENTATION('',(#209),#213);
#209 = CIRCLE('',#210,3.);
#210 = AXIS2_PLACEMENT_2D('',#211,#212);
#211 = CARTESIAN_POINT('',(148.2,3.));
#212 = DIRECTION('',(1.,0.));
#213 = ( GEOMETRIC_REPRESENTATION_CONTEXT(2)
PARAMETRIC_REPRESENTATION_CONTEXT() REPRESENTATION_CONTEXT('2D SPACE',''
  ) );
#214 = PCURVE('',#126,#215);
#215 = DEFINITIONAL_REPRESENTATION('',(#216),#220);
#216 = LINE('',#217,#218);
#217 = CARTESIAN_POINT('',(-4.712388980385,0.));
#218 = VECTOR('',#219,1.);
#219 = DIRECTION('',(1.,0.));
#220 = ( GEOMETRIC_REPRESENTATION_CONTEXT(2)
PARAMETRIC_REPRESENTATION_CONTEXT() REPRESENTATION_CONTEXT('2D SPACE',''
  ) );
#221 = ORIENTED_EDGE('',*,*,#222,.T.);
#222 = EDGE_CURVE('',#199,#223,#225,.T.);
#223 = VERTEX_POINT('',#224);
#224 = CARTESIAN_POINT('',(89.6,1.,154.6));
#225 = SURFACE_CURVE('',#226,(#230,#237),.PCURVE_S1.);
#226 = LINE('',#227,#228);
#227 = CARTESIAN_POINT('',(3.4,1.,154.6));
#228 = VECTOR('',#229,1.);
#229 = DIRECTION('',(1.,0.,-0.));
#230 = PCURVE('',#44,#231);
#231 = DEFINITIONAL_REPRESENTATION('',(#232),#236);
#232 = LINE('',#233,#234);
#233 = CARTESIAN_POINT('',(151.2,0.));
#234 = VECTOR('',#235,1.);
#235 = DIRECTION('',(0.,1.));
#236 = ( GEOMETRIC_REPRESENTATION_CONTEXT(2)
PARAMETRIC_REPRESENTATION_CONTEXT() REPRESENTATION_CONTEXT('2D SPACE',''
  ) );
#237 = PCURVE('',#238,#243);
#238 = PLANE('',#239);
#239 = AXIS2_PLACEMENT_3D('',#240,#241,#242);
#240 = CARTESIAN_POINT('',(3.4,1.,154.6));
#241 = DIRECTION('',(0.,0.,1.));
#242 = DIRECTION('',(1.,0.,-0.));
#243 = DEFINITIONAL_REPRESENTATION('',(#244),#248);
#244 = LINE('',#245,#246);
#245 = CARTESIAN_POINT('',(0.,0.));
#246 = VECTOR('',#247,1.);
#247 = DIRECTION('',(1.,0.));
#248 = ( GEOMETRIC_REPRESENTATION_CONTEXT(2)
PARAMETRIC_REPRESENTATION_CONTEXT() REPRESENTATION_CONTEXT('2D SPACE',''
  ) );
#249 = ORIENTED_EDGE('',*,*,#250,.F.);
#250 = EDGE_CURVE('',#251,#223,#253,.T.);
#251 = VERTEX_POINT('',#252);
#252 = CARTESIAN_POINT('',(92.6,1.,151.6));
#253 = SURFACE_CURVE('',#254,(#259,#270),.PCURVE_S1.);
#254 = CIRCLE('',#255,3.);
#255 = AXIS2_PLACEMENT_3D('',#256,#257,#258);
#256 = CARTESIAN_POINT('',(89.6,1.,151.6));
#257 = DIRECTION('',(0.,-1.,0.));
#258 = DIRECTION('',(0.,0.,1.));
#259 = PCURVE('',#44,#260);
#260 = DEFINITIONAL_REPRESENTATION('',(#261),#269);
#261 = ( BOUNDED_CURVE() B_SPLINE_CURVE(2,(#262,#263,#264,#265,#266,#267
,#268),.UNSPECIFIED.,.T.,.F.) B_SPLINE_CURVE_WITH_KNOTS((1,2,2,2,2,1),(
    -2.094395102393,0.,2.094395102393,4.188790204786,6.28318530718,
8.377580409573),.UNSPECIFIED.) CURVE() GEOMETRIC_REPRESENTATION_ITEM()
RATIONAL_B_SPLINE_CURVE((1.,0.5,1.,0.5,1.,0.5,1.)) REPRESENTATION_ITEM(
  '') );
#262 = CARTESIAN_POINT('',(151.2,86.2));
#263 = CARTESIAN_POINT('',(151.2,81.003847577293));
#264 = CARTESIAN_POINT('',(146.7,83.601923788647));
#265 = CARTESIAN_POINT('',(142.2,86.2));
#266 = CARTESIAN_POINT('',(146.7,88.798076211353));
#267 = CARTESIAN_POINT('',(151.2,91.396152422707));
#268 = CARTESIAN_POINT('',(151.2,86.2));
#269 = ( GEOMETRIC_REPRESENTATION_CONTEXT(2)
PARAMETRIC_REPRESENTATION_CONTEXT() REPRESENTATION_CONTEXT('2D SPACE',''
  ) );
#270 = PCURVE('',#271,#276);
#271 = CYLINDRICAL_SURFACE('',#272,3.);
#272 = AXIS2_PLACEMENT_3D('',#273,#274,#275);
#273 = CARTESIAN_POINT('',(89.6,1.,151.6));
#274 = DIRECTION('',(-0.,1.,0.));
#275 = DIRECTION('',(1.,0.,-0.));
#276 = DEFINITIONAL_REPRESENTATION('',(#277),#281);
#277 = LINE('',#278,#279);
#278 = CARTESIAN_POINT('',(4.712388980385,-0.));
#279 = VECTOR('',#280,1.);
#280 = DIRECTION('',(-1.,0.));
#281 = ( GEOMETRIC_REPRESENTATION_CONTEXT(2)
PARAMETRIC_REPRESENTATION_CONTEXT() REPRESENTATION_CONTEXT('2D SPACE',''
  ) );
#282 = ORIENTED_EDGE('',*,*,#283,.F.);
#283 = EDGE_CURVE('',#284,#251,#286,.T.);
#284 = VERTEX_POINT('',#285);
#285 = CARTESIAN_POINT('',(92.6,1.,6.4));
#286 = SURFACE_CURVE('',#287,(#291,#298),.PCURVE_S1.);
#287 = LINE('',#288,#289);
#288 = CARTESIAN_POINT('',(92.6,1.,3.4));
#289 = VECTOR('',#290,1.);
#290 = DIRECTION('',(0.,0.,1.));
#291 = PCURVE('',#44,#292);
#292 = DEFINITIONAL_REPRESENTATION('',(#293),#297);
#293 = LINE('',#294,#295);
#294 = CARTESIAN_POINT('',(0.,89.2));
#295 = VECTOR('',#296,1.);
#296 = DIRECTION('',(1.,0.));
#297 = ( GEOMETRIC_REPRESENTATION_CONTEXT(2)
PARAMETRIC_REPRESENTATION_CONTEXT() REPRESENTATION_CONTEXT('2D SPACE',''
  ) );
#298 = PCURVE('',#299,#304);
#299 = PLANE('',#300);
#300 = AXIS2_PLACEMENT_3D('',#301,#302,#303);
#301 = CARTESIAN_POINT('',(92.6,1.,3.4));
#302 = DIRECTION('',(1.,0.,-0.));
#303 = DIRECTION('',(0.,0.,1.));
#304 = DEFINITIONAL_REPRESENTATION('',(#305),#309);
#305 = LINE('',#306,#307);
#306 = CARTESIAN_POINT('',(0.,0.));
#307 = VECTOR('',#308,1.);
#308 = DIRECTION('',(1.,0.));
#309 = ( GEOMETRIC_REPRESENTATION_CONTEXT(2)
PARAMETRIC_REPRESENTATION_CONTEXT() REPRESENTATION_CONTEXT('2D SPACE',''
  ) );
#310 = ORIENTED_EDGE('',*,*,#311,.T.);
#311 = EDGE_CURVE('',#284,#144,#312,.T.);
#312 = SURFACE_CURVE('',#313,(#318,#325),.PCURVE_S1.);
#313 = CIRCLE('',#314,3.);
#314 = AXIS2_PLACEMENT_3D('',#315,#316,#317);
#315 = CARTESIAN_POINT('',(89.6,1.,6.4));
#316 = DIRECTION('',(-0.,1.,0.));
#317 = DIRECTION('',(0.,0.,1.));
#318 = PCURVE('',#44,#319);
#319 = DEFINITIONAL_REPRESENTATION('',(#320),#324);
#320 = CIRCLE('',#321,3.);
#321 = AXIS2_PLACEMENT_2D('',#322,#323);
#322 = CARTESIAN_POINT('',(3.,86.2));
#323 = DIRECTION('',(1.,0.));
#324 = ( GEOMETRIC_REPRESENTATION_CONTEXT(2)
PARAMETRIC_REPRESENTATION_CONTEXT() REPRESENTATION_CONTEXT('2D SPACE',''
  ) );
#325 = PCURVE('',#326,#331);
#326 = CYLINDRICAL_SURFACE('',#327,3.);
#327 = AXIS2_PLACEMENT_3D('',#328,#329,#330);
#328 = CARTESIAN_POINT('',(89.6,1.,6.4));
#329 = DIRECTION('',(-0.,1.,0.));
#330 = DIRECTION('',(1.,0.,-0.));
#331 = DEFINITIONAL_REPRESENTATION('',(#332),#336);
#332 = LINE('',#333,#334);
#333 = CARTESIAN_POINT('',(-1.570796326795,0.));
#334 = VECTOR('',#335,1.);
#335 = DIRECTION('',(1.,0.));
#336 = ( GEOMETRIC_REPRESENTATION_CONTEXT(2)
PARAMETRIC_REPRESENTATION_CONTEXT() REPRESENTATION_CONTEXT('2D SPACE',''
  ) );
#337 = FACE_BOUND('',#338,.F.);
#338 = EDGE_LOOP('',(#339));
#339 = ORIENTED_EDGE('',*,*,#340,.F.);
#340 = EDGE_CURVE('',#341,#341,#343,.T.);
#341 = VERTEX_POINT('',#342);
#342 = CARTESIAN_POINT('',(9.,1.,11.7));
#343 = SURFACE_CURVE('',#344,(#349,#356),.PCURVE_S1.);
#344 = CIRCLE('',#345,1.7);
#345 = AXIS2_PLACEMENT_3D('',#346,#347,#348);
#346 = CARTESIAN_POINT('',(9.,1.,10.));
#347 = DIRECTION('',(0.,1.,0.));
#348 = DIRECTION('',(0.,-0.,1.));
#349 = PCURVE('',#44,#350);
#350 = DEFINITIONAL_REPRESENTATION('',(#351),#355);
#351 = CIRCLE('',#352,1.7);
#352 = AXIS2_PLACEMENT_2D('',#353,#354);
#353 = CARTESIAN_POINT('',(6.6,5.6));
#354 = DIRECTION('',(1.,0.));
#355 = ( GEOMETRIC_REPRESENTATION_CONTEXT(2)
PARAMETRIC_REPRESENTATION_CONTEXT() REPRESENTATION_CONTEXT('2D SPACE',''
  ) );
#356 = PCURVE('',#357,#362);
#357 = CYLINDRICAL_SURFACE('',#358,1.7);
#358 = AXIS2_PLACEMENT_3D('',#359,#360,#361);
#359 = CARTESIAN_POINT('',(9.,0.,10.));
#360 = DIRECTION('',(0.,1.,0.));
#361 = DIRECTION('',(0.,-0.,1.));
#362 = DEFINITIONAL_REPRESENTATION('',(#363),#367);
#363 = LINE('',#364,#365);
#364 = CARTESIAN_POINT('',(0.,1.));
#365 = VECTOR('',#366,1.);
#366 = DIRECTION('',(1.,0.));
#367 = ( GEOMETRIC_REPRESENTATION_CONTEXT(2)
PARAMETRIC_REPRESENTATION_CONTEXT() REPRESENTATION_CONTEXT('2D SPACE',''
  ) );
#368 = FACE_BOUND('',#369,.F.);
#369 = EDGE_LOOP('',(#370));
#370 = ORIENTED_EDGE('',*,*,#371,.F.);
#371 = EDGE_CURVE('',#372,#372,#374,.T.);
#372 = VERTEX_POINT('',#373);
#373 = CARTESIAN_POINT('',(24.,1.,78.));
#374 = SURFACE_CURVE('',#375,(#380,#387),.PCURVE_S1.);
#375 = CIRCLE('',#376,6.);
#376 = AXIS2_PLACEMENT_3D('',#377,#378,#379);
#377 = CARTESIAN_POINT('',(24.,1.,72.));
#378 = DIRECTION('',(0.,1.,0.));
#379 = DIRECTION('',(0.,-0.,1.));
#380 = PCURVE('',#44,#381);
#381 = DEFINITIONAL_REPRESENTATION('',(#382),#386);
#382 = CIRCLE('',#383,6.);
#383 = AXIS2_PLACEMENT_2D('',#384,#385);
#384 = CARTESIAN_POINT('',(68.6,20.6));
#385 = DIRECTION('',(1.,0.));
#386 = ( GEOMETRIC_REPRESENTATION_CONTEXT(2)
PARAMETRIC_REPRESENTATION_CONTEXT() REPRESENTATION_CONTEXT('2D SPACE',''
  ) );
#387 = PCURVE('',#388,#393);
#388 = CYLINDRICAL_SURFACE('',#389,6.);
#389 = AXIS2_PLACEMENT_3D('',#390,#391,#392);
#390 = CARTESIAN_POINT('',(24.,0.,72.));
#391 = DIRECTION('',(0.,1.,0.));
#392 = DIRECTION('',(0.,-0.,1.));
#393 = DEFINITIONAL_REPRESENTATION('',(#394),#398);
#394 = LINE('',#395,#396);
#395 = CARTESIAN_POINT('',(0.,1.));
#396 = VECTOR('',#397,1.);
#397 = DIRECTION('',(1.,0.));
#398 = ( GEOMETRIC_REPRESENTATION_CONTEXT(2)
PARAMETRIC_REPRESENTATION_CONTEXT() REPRESENTATION_CONTEXT('2D SPACE',''
  ) );
#399 = FACE_BOUND('',#400,.F.);
#400 = EDGE_LOOP('',(#401));
#401 = ORIENTED_EDGE('',*,*,#402,.F.);
#402 = EDGE_CURVE('',#403,#403,#405,.T.);
#403 = VERTEX_POINT('',#404);
#404 = CARTESIAN_POINT('',(32.,1.,51.5));
#405 = SURFACE_CURVE('',#406,(#411,#418),.PCURVE_S1.);
#406 = CIRCLE('',#407,3.5);
#407 = AXIS2_PLACEMENT_3D('',#408,#409,#410);
#408 = CARTESIAN_POINT('',(32.,1.,48.));
#409 = DIRECTION('',(0.,1.,0.));
#410 = DIRECTION('',(0.,-0.,1.));
#411 = PCURVE('',#44,#412);
#412 = DEFINITIONAL_REPRESENTATION('',(#413),#417);
#413 = CIRCLE('',#414,3.5);
#414 = AXIS2_PLACEMENT_2D('',#415,#416);
#415 = CARTESIAN_POINT('',(44.6,28.6));
#416 = DIRECTION('',(1.,0.));
#417 = ( GEOMETRIC_REPRESENTATION_CONTEXT(2)
PARAMETRIC_REPRESENTATION_CONTEXT() REPRESENTATION_CONTEXT('2D SPACE',''
  ) );
#418 = PCURVE('',#419,#424);
#419 = CYLINDRICAL_SURFACE('',#420,3.5);
#420 = AXIS2_PLACEMENT_3D('',#421,#422,#423);
#421 = CARTESIAN_POINT('',(32.,0.,48.));
#422 = DIRECTION('',(0.,1.,0.));
#423 = DIRECTION('',(0.,-0.,1.));
#424 = DEFINITIONAL_REPRESENTATION('',(#425),#429);
#425 = LINE('',#426,#427);
#426 = CARTESIAN_POINT('',(0.,1.));
#427 = VECTOR('',#428,1.);
#428 = DIRECTION('',(1.,0.));
#429 = ( GEOMETRIC_REPRESENTATION_CONTEXT(2)
PARAMETRIC_REPRESENTATION_CONTEXT() REPRESENTATION_CONTEXT('2D SPACE',''
  ) );
#430 = FACE_BOUND('',#431,.F.);
#431 = EDGE_LOOP('',(#432));
#432 = ORIENTED_EDGE('',*,*,#433,.F.);
#433 = EDGE_CURVE('',#434,#434,#436,.T.);
#434 = VERTEX_POINT('',#435);
#435 = CARTESIAN_POINT('',(10.5,1.,98.5));
#436 = SURFACE_CURVE('',#437,(#442,#449),.PCURVE_S1.);
#437 = CIRCLE('',#438,1.5);
#438 = AXIS2_PLACEMENT_3D('',#439,#440,#441);
#439 = CARTESIAN_POINT('',(10.5,1.,97.));
#440 = DIRECTION('',(0.,1.,0.));
#441 = DIRECTION('',(0.,-0.,1.));
#442 = PCURVE('',#44,#443);
#443 = DEFINITIONAL_REPRESENTATION('',(#444),#448);
#444 = CIRCLE('',#445,1.5);
#445 = AXIS2_PLACEMENT_2D('',#446,#447);
#446 = CARTESIAN_POINT('',(93.6,7.1));
#447 = DIRECTION('',(1.,0.));
#448 = ( GEOMETRIC_REPRESENTATION_CONTEXT(2)
PARAMETRIC_REPRESENTATION_CONTEXT() REPRESENTATION_CONTEXT('2D SPACE',''
  ) );
#449 = PCURVE('',#450,#455);
#450 = CYLINDRICAL_SURFACE('',#451,1.5);
#451 = AXIS2_PLACEMENT_3D('',#452,#453,#454);
#452 = CARTESIAN_POINT('',(10.5,0.,97.));
#453 = DIRECTION('',(0.,1.,0.));
#454 = DIRECTION('',(0.,-0.,1.));
#455 = DEFINITIONAL_REPRESENTATION('',(#456),#460);
#456 = LINE('',#457,#458);
#457 = CARTESIAN_POINT('',(0.,1.));
#458 = VECTOR('',#459,1.);
#459 = DIRECTION('',(1.,0.));
#460 = ( GEOMETRIC_REPRESENTATION_CONTEXT(2)
PARAMETRIC_REPRESENTATION_CONTEXT() REPRESENTATION_CONTEXT('2D SPACE',''
  ) );
#461 = FACE_BOUND('',#462,.F.);
#462 = EDGE_LOOP('',(#463));
#463 = ORIENTED_EDGE('',*,*,#464,.F.);
#464 = EDGE_CURVE('',#465,#465,#467,.T.);
#465 = VERTEX_POINT('',#466);
#466 = CARTESIAN_POINT('',(24.,1.,90.5));
#467 = SURFACE_CURVE('',#468,(#473,#480),.PCURVE_S1.);
#468 = CIRCLE('',#469,2.5);
#469 = AXIS2_PLACEMENT_3D('',#470,#471,#472);
#470 = CARTESIAN_POINT('',(24.,1.,88.));
#471 = DIRECTION('',(0.,1.,0.));
#472 = DIRECTION('',(0.,-0.,1.));
#473 = PCURVE('',#44,#474);
#474 = DEFINITIONAL_REPRESENTATION('',(#475),#479);
#475 = CIRCLE('',#476,2.5);
#476 = AXIS2_PLACEMENT_2D('',#477,#478);
#477 = CARTESIAN_POINT('',(84.6,20.6));
#478 = DIRECTION('',(1.,0.));
#479 = ( GEOMETRIC_REPRESENTATION_CONTEXT(2)
PARAMETRIC_REPRESENTATION_CONTEXT() REPRESENTATION_CONTEXT('2D SPACE',''
  ) );
#480 = PCURVE('',#481,#486);
#481 = CYLINDRICAL_SURFACE('',#482,2.5);
#482 = AXIS2_PLACEMENT_3D('',#483,#484,#485);
#483 = CARTESIAN_POINT('',(24.,0.,88.));
#484 = DIRECTION('',(0.,1.,0.));
#485 = DIRECTION('',(0.,-0.,1.));
#486 = DEFINITIONAL_REPRESENTATION('',(#487),#491);
#487 = LINE('',#488,#489);
#488 = CARTESIAN_POINT('',(0.,1.));
#489 = VECTOR('',#490,1.);
#490 = DIRECTION('',(1.,0.));
#491 = ( GEOMETRIC_REPRESENTATION_CONTEXT(2)
PARAMETRIC_REPRESENTATION_CONTEXT() REPRESENTATION_CONTEXT('2D SPACE',''
  ) );
#492 = FACE_BOUND('',#493,.F.);
#493 = EDGE_LOOP('',(#494));
#494 = ORIENTED_EDGE('',*,*,#495,.F.);
#495 = EDGE_CURVE('',#496,#496,#498,.T.);
#496 = VERTEX_POINT('',#497);
#497 = CARTESIAN_POINT('',(10.5,1.,129.5));
#498 = SURFACE_CURVE('',#499,(#504,#511),.PCURVE_S1.);
#499 = CIRCLE('',#500,1.5);
#500 = AXIS2_PLACEMENT_3D('',#501,#502,#503);
#501 = CARTESIAN_POINT('',(10.5,1.,128.));
#502 = DIRECTION('',(0.,1.,0.));
#503 = DIRECTION('',(0.,-0.,1.));
#504 = PCURVE('',#44,#505);
#505 = DEFINITIONAL_REPRESENTATION('',(#506),#510);
#506 = CIRCLE('',#507,1.5);
#507 = AXIS2_PLACEMENT_2D('',#508,#509);
#508 = CARTESIAN_POINT('',(124.6,7.1));
#509 = DIRECTION('',(1.,0.));
#510 = ( GEOMETRIC_REPRESENTATION_CONTEXT(2)
PARAMETRIC_REPRESENTATION_CONTEXT() REPRESENTATION_CONTEXT('2D SPACE',''
  ) );
#511 = PCURVE('',#512,#517);
#512 = CYLINDRICAL_SURFACE('',#513,1.5);
#513 = AXIS2_PLACEMENT_3D('',#514,#515,#516);
#514 = CARTESIAN_POINT('',(10.5,0.,128.));
#515 = DIRECTION('',(0.,1.,0.));
#516 = DIRECTION('',(0.,-0.,1.));
#517 = DEFINITIONAL_REPRESENTATION('',(#518),#522);
#518 = LINE('',#519,#520);
#519 = CARTESIAN_POINT('',(0.,1.));
#520 = VECTOR('',#521,1.);
#521 = DIRECTION('',(1.,0.));
#522 = ( GEOMETRIC_REPRESENTATION_CONTEXT(2)
PARAMETRIC_REPRESENTATION_CONTEXT() REPRESENTATION_CONTEXT('2D SPACE',''
  ) );
#523 = FACE_BOUND('',#524,.F.);
#524 = EDGE_LOOP('',(#525));
#525 = ORIENTED_EDGE('',*,*,#526,.F.);
#526 = EDGE_CURVE('',#527,#527,#529,.T.);
#527 = VERTEX_POINT('',#528);
#528 = CARTESIAN_POINT('',(9.,1.,149.7));
#529 = SURFACE_CURVE('',#530,(#535,#542),.PCURVE_S1.);
#530 = CIRCLE('',#531,1.7);
#531 = AXIS2_PLACEMENT_3D('',#532,#533,#534);
#532 = CARTESIAN_POINT('',(9.,1.,148.));
#533 = DIRECTION('',(0.,1.,0.));
#534 = DIRECTION('',(0.,-0.,1.));
#535 = PCURVE('',#44,#536);
#536 = DEFINITIONAL_REPRESENTATION('',(#537),#541);
#537 = CIRCLE('',#538,1.7);
#538 = AXIS2_PLACEMENT_2D('',#539,#540);
#539 = CARTESIAN_POINT('',(144.6,5.6));
#540 = DIRECTION('',(1.,0.));
#541 = ( GEOMETRIC_REPRESENTATION_CONTEXT(2)
PARAMETRIC_REPRESENTATION_CONTEXT() REPRESENTATION_CONTEXT('2D SPACE',''
  ) );
#542 = PCURVE('',#543,#548);
#543 = CYLINDRICAL_SURFACE('',#544,1.7);
#544 = AXIS2_PLACEMENT_3D('',#545,#546,#547);
#545 = CARTESIAN_POINT('',(9.,0.,148.));
#546 = DIRECTION('',(0.,1.,0.));
#547 = DIRECTION('',(0.,-0.,1.));
#548 = DEFINITIONAL_REPRESENTATION('',(#549),#553);
#549 = LINE('',#550,#551);
#550 = CARTESIAN_POINT('',(0.,1.));
#551 = VECTOR('',#552,1.);
#552 = DIRECTION('',(1.,0.));
#553 = ( GEOMETRIC_REPRESENTATION_CONTEXT(2)
PARAMETRIC_REPRESENTATION_CONTEXT() REPRESENTATION_CONTEXT('2D SPACE',''
  ) );
#554 = FACE_BOUND('',#555,.F.);
#555 = EDGE_LOOP('',(#556));
#556 = ORIENTED_EDGE('',*,*,#557,.F.);
#557 = EDGE_CURVE('',#558,#558,#560,.T.);
#558 = VERTEX_POINT('',#559);
#559 = CARTESIAN_POINT('',(48.,1.,78.));
#560 = SURFACE_CURVE('',#561,(#566,#573),.PCURVE_S1.);
#561 = CIRCLE('',#562,6.);
#562 = AXIS2_PLACEMENT_3D('',#563,#564,#565);
#563 = CARTESIAN_POINT('',(48.,1.,72.));
#564 = DIRECTION('',(0.,1.,0.));
#565 = DIRECTION('',(0.,-0.,1.));
#566 = PCURVE('',#44,#567);
#567 = DEFINITIONAL_REPRESENTATION('',(#568),#572);
#568 = CIRCLE('',#569,6.);
#569 = AXIS2_PLACEMENT_2D('',#570,#571);
#570 = CARTESIAN_POINT('',(68.6,44.6));
#571 = DIRECTION('',(1.,0.));
#572 = ( GEOMETRIC_REPRESENTATION_CONTEXT(2)
PARAMETRIC_REPRESENTATION_CONTEXT() REPRESENTATION_CONTEXT('2D SPACE',''
  ) );
#573 = PCURVE('',#574,#579);
#574 = CYLINDRICAL_SURFACE('',#575,6.);
#575 = AXIS2_PLACEMENT_3D('',#576,#577,#578);
#576 = CARTESIAN_POINT('',(48.,0.,72.));
#577 = DIRECTION('',(0.,1.,0.));
#578 = DIRECTION('',(0.,-0.,1.));
#579 = DEFINITIONAL_REPRESENTATION('',(#580),#584);
#580 = LINE('',#581,#582);
#581 = CARTESIAN_POINT('',(0.,1.));
#582 = VECTOR('',#583,1.);
#583 = DIRECTION('',(1.,0.));
#584 = ( GEOMETRIC_REPRESENTATION_CONTEXT(2)
PARAMETRIC_REPRESENTATION_CONTEXT() REPRESENTATION_CONTEXT('2D SPACE',''
  ) );
#585 = FACE_BOUND('',#586,.F.);
#586 = EDGE_LOOP('',(#587));
#587 = ORIENTED_EDGE('',*,*,#588,.F.);
#588 = EDGE_CURVE('',#589,#589,#591,.T.);
#589 = VERTEX_POINT('',#590);
#590 = CARTESIAN_POINT('',(67.,1.,47.));
#591 = SURFACE_CURVE('',#592,(#597,#604),.PCURVE_S1.);
#592 = CIRCLE('',#593,2.);
#593 = AXIS2_PLACEMENT_3D('',#594,#595,#596);
#594 = CARTESIAN_POINT('',(67.,1.,45.));
#595 = DIRECTION('',(0.,1.,0.));
#596 = DIRECTION('',(0.,-0.,1.));
#597 = PCURVE('',#44,#598);
#598 = DEFINITIONAL_REPRESENTATION('',(#599),#603);
#599 = CIRCLE('',#600,2.);
#600 = AXIS2_PLACEMENT_2D('',#601,#602);
#601 = CARTESIAN_POINT('',(41.6,63.6));
#602 = DIRECTION('',(1.,0.));
#603 = ( GEOMETRIC_REPRESENTATION_CONTEXT(2)
PARAMETRIC_REPRESENTATION_CONTEXT() REPRESENTATION_CONTEXT('2D SPACE',''
  ) );
#604 = PCURVE('',#605,#610);
#605 = CYLINDRICAL_SURFACE('',#606,2.);
#606 = AXIS2_PLACEMENT_3D('',#607,#608,#609);
#607 = CARTESIAN_POINT('',(67.,0.,45.));
#608 = DIRECTION('',(0.,1.,0.));
#609 = DIRECTION('',(0.,-0.,1.));
#610 = DEFINITIONAL_REPRESENTATION('',(#611),#615);
#611 = LINE('',#612,#613);
#612 = CARTESIAN_POINT('',(0.,1.));
#613 = VECTOR('',#614,1.);
#614 = DIRECTION('',(1.,0.));
#615 = ( GEOMETRIC_REPRESENTATION_CONTEXT(2)
PARAMETRIC_REPRESENTATION_CONTEXT() REPRESENTATION_CONTEXT('2D SPACE',''
  ) );
#616 = FACE_BOUND('',#617,.F.);
#617 = EDGE_LOOP('',(#618));
#618 = ORIENTED_EDGE('',*,*,#619,.F.);
#619 = EDGE_CURVE('',#620,#620,#622,.T.);
#620 = VERTEX_POINT('',#621);
#621 = CARTESIAN_POINT('',(87.,1.,11.7));
#622 = SURFACE_CURVE('',#623,(#628,#635),.PCURVE_S1.);
#623 = CIRCLE('',#624,1.7);
#624 = AXIS2_PLACEMENT_3D('',#625,#626,#627);
#625 = CARTESIAN_POINT('',(87.,1.,10.));
#626 = DIRECTION('',(0.,1.,0.));
#627 = DIRECTION('',(0.,-0.,1.));
#628 = PCURVE('',#44,#629);
#629 = DEFINITIONAL_REPRESENTATION('',(#630),#634);
#630 = CIRCLE('',#631,1.7);
#631 = AXIS2_PLACEMENT_2D('',#632,#633);
#632 = CARTESIAN_POINT('',(6.6,83.6));
#633 = DIRECTION('',(1.,0.));
#634 = ( GEOMETRIC_REPRESENTATION_CONTEXT(2)
PARAMETRIC_REPRESENTATION_CONTEXT() REPRESENTATION_CONTEXT('2D SPACE',''
  ) );
#635 = PCURVE('',#636,#641);
#636 = CYLINDRICAL_SURFACE('',#637,1.7);
#637 = AXIS2_PLACEMENT_3D('',#638,#639,#640);
#638 = CARTESIAN_POINT('',(87.,0.,10.));
#639 = DIRECTION('',(0.,1.,0.));
#640 = DIRECTION('',(0.,-0.,1.));
#641 = DEFINITIONAL_REPRESENTATION('',(#642),#646);
#642 = LINE('',#643,#644);
#643 = CARTESIAN_POINT('',(0.,1.));
#644 = VECTOR('',#645,1.);
#645 = DIRECTION('',(1.,0.));
#646 = ( GEOMETRIC_REPRESENTATION_CONTEXT(2)
PARAMETRIC_REPRESENTATION_CONTEXT() REPRESENTATION_CONTEXT('2D SPACE',''
  ) );
#647 = FACE_BOUND('',#648,.F.);
#648 = EDGE_LOOP('',(#649));
#649 = ORIENTED_EDGE('',*,*,#650,.F.);
#650 = EDGE_CURVE('',#651,#651,#653,.T.);
#651 = VERTEX_POINT('',#652);
#652 = CARTESIAN_POINT('',(72.,1.,78.));
#653 = SURFACE_CURVE('',#654,(#659,#666),.PCURVE_S1.);
#654 = CIRCLE('',#655,6.);
#655 = AXIS2_PLACEMENT_3D('',#656,#657,#658);
#656 = CARTESIAN_POINT('',(72.,1.,72.));
#657 = DIRECTION('',(0.,1.,0.));
#658 = DIRECTION('',(0.,-0.,1.));
#659 = PCURVE('',#44,#660);
#660 = DEFINITIONAL_REPRESENTATION('',(#661),#665);
#661 = CIRCLE('',#662,6.);
#662 = AXIS2_PLACEMENT_2D('',#663,#664);
#663 = CARTESIAN_POINT('',(68.6,68.6));
#664 = DIRECTION('',(1.,0.));
#665 = ( GEOMETRIC_REPRESENTATION_CONTEXT(2)
PARAMETRIC_REPRESENTATION_CONTEXT() REPRESENTATION_CONTEXT('2D SPACE',''
  ) );
#666 = PCURVE('',#667,#672);
#667 = CYLINDRICAL_SURFACE('',#668,6.);
#668 = AXIS2_PLACEMENT_3D('',#669,#670,#671);
#669 = CARTESIAN_POINT('',(72.,0.,72.));
#670 = DIRECTION('',(0.,1.,0.));
#671 = DIRECTION('',(0.,-0.,1.));
#672 = DEFINITIONAL_REPRESENTATION('',(#673),#677);
#673 = LINE('',#674,#675);
#674 = CARTESIAN_POINT('',(0.,1.));
#675 = VECTOR('',#676,1.);
#676 = DIRECTION('',(1.,0.));
#677 = ( GEOMETRIC_REPRESENTATION_CONTEXT(2)
PARAMETRIC_REPRESENTATION_CONTEXT() REPRESENTATION_CONTEXT('2D SPACE',''
  ) );
#678 = FACE_BOUND('',#679,.F.);
#679 = EDGE_LOOP('',(#680));
#680 = ORIENTED_EDGE('',*,*,#681,.F.);
#681 = EDGE_CURVE('',#682,#682,#684,.T.);
#682 = VERTEX_POINT('',#683);
#683 = CARTESIAN_POINT('',(48.,1.,90.5));
#684 = SURFACE_CURVE('',#685,(#690,#697),.PCURVE_S1.);
#685 = CIRCLE('',#686,2.5);
#686 = AXIS2_PLACEMENT_3D('',#687,#688,#689);
#687 = CARTESIAN_POINT('',(48.,1.,88.));
#688 = DIRECTION('',(0.,1.,0.));
#689 = DIRECTION('',(0.,-0.,1.));
#690 = PCURVE('',#44,#691);
#691 = DEFINITIONAL_REPRESENTATION('',(#692),#696);
#692 = CIRCLE('',#693,2.5);
#693 = AXIS2_PLACEMENT_2D('',#694,#695);
#694 = CARTESIAN_POINT('',(84.6,44.6));
#695 = DIRECTION('',(1.,0.));
#696 = ( GEOMETRIC_REPRESENTATION_CONTEXT(2)
PARAMETRIC_REPRESENTATION_CONTEXT() REPRESENTATION_CONTEXT('2D SPACE',''
  ) );
#697 = PCURVE('',#698,#703);
#698 = CYLINDRICAL_SURFACE('',#699,2.5);
#699 = AXIS2_PLACEMENT_3D('',#700,#701,#702);
#700 = CARTESIAN_POINT('',(48.,0.,88.));
#701 = DIRECTION('',(0.,1.,0.));
#702 = DIRECTION('',(0.,-0.,1.));
#703 = DEFINITIONAL_REPRESENTATION('',(#704),#708);
#704 = LINE('',#705,#706);
#705 = CARTESIAN_POINT('',(0.,1.));
#706 = VECTOR('',#707,1.);
#707 = DIRECTION('',(1.,0.));
#708 = ( GEOMETRIC_REPRESENTATION_CONTEXT(2)
PARAMETRIC_REPRESENTATION_CONTEXT() REPRESENTATION_CONTEXT('2D SPACE',''
  ) );
#709 = FACE_BOUND('',#710,.F.);
#710 = EDGE_LOOP('',(#711,#739,#765,#791));
#711 = ORIENTED_EDGE('',*,*,#712,.F.);
#712 = EDGE_CURVE('',#713,#715,#717,.T.);
#713 = VERTEX_POINT('',#714);
#714 = CARTESIAN_POINT('',(12.3,1.,124.8));
#715 = VERTEX_POINT('',#716);
#716 = CARTESIAN_POINT('',(83.7,1.,124.8));
#717 = SURFACE_CURVE('',#718,(#722,#728),.PCURVE_S1.);
#718 = LINE('',#719,#720);
#719 = CARTESIAN_POINT('',(7.85,1.,124.8));
#720 = VECTOR('',#721,1.);
#721 = DIRECTION('',(1.,0.,-0.));
#722 = PCURVE('',#44,#723);
#723 = DEFINITIONAL_REPRESENTATION('',(#724),#727);
#724 = B_SPLINE_CURVE_WITH_KNOTS('',1,(#725,#726),.UNSPECIFIED.,.F.,.F.,
  (2,2),(4.45,75.85),.PIECEWISE_BEZIER_KNOTS.);
#725 = CARTESIAN_POINT('',(121.4,8.9));
#726 = CARTESIAN_POINT('',(121.4,80.3));
#727 = ( GEOMETRIC_REPRESENTATION_CONTEXT(2)
PARAMETRIC_REPRESENTATION_CONTEXT() REPRESENTATION_CONTEXT('2D SPACE',''
  ) );
#728 = PCURVE('',#729,#734);
#729 = PLANE('',#730);
#730 = AXIS2_PLACEMENT_3D('',#731,#732,#733);
#731 = CARTESIAN_POINT('',(12.3,0.,124.8));
#732 = DIRECTION('',(0.,0.,1.));
#733 = DIRECTION('',(1.,0.,-0.));
#734 = DEFINITIONAL_REPRESENTATION('',(#735),#738);
#735 = B_SPLINE_CURVE_WITH_KNOTS('',1,(#736,#737),.UNSPECIFIED.,.F.,.F.,
  (2,2),(4.45,75.85),.PIECEWISE_BEZIER_KNOTS.);
#736 = CARTESIAN_POINT('',(0.,1.));
#737 = CARTESIAN_POINT('',(71.4,1.));
#738 = ( GEOMETRIC_REPRESENTATION_CONTEXT(2)
PARAMETRIC_REPRESENTATION_CONTEXT() REPRESENTATION_CONTEXT('2D SPACE',''
  ) );
#739 = ORIENTED_EDGE('',*,*,#740,.T.);
#740 = EDGE_CURVE('',#713,#741,#743,.T.);
#741 = VERTEX_POINT('',#742);
#742 = CARTESIAN_POINT('',(12.3,1.,100.2));
#743 = SURFACE_CURVE('',#744,(#748,#754),.PCURVE_S1.);
#744 = LINE('',#745,#746);
#745 = CARTESIAN_POINT('',(12.3,1.,51.8));
#746 = VECTOR('',#747,1.);
#747 = DIRECTION('',(-0.,0.,-1.));
#748 = PCURVE('',#44,#749);
#749 = DEFINITIONAL_REPRESENTATION('',(#750),#753);
#750 = B_SPLINE_CURVE_WITH_KNOTS('',1,(#751,#752),.UNSPECIFIED.,.F.,.F.,
  (2,2),(-73.,-48.4),.PIECEWISE_BEZIER_KNOTS.);
#751 = CARTESIAN_POINT('',(121.4,8.9));
#752 = CARTESIAN_POINT('',(96.8,8.9));
#753 = ( GEOMETRIC_REPRESENTATION_CONTEXT(2)
PARAMETRIC_REPRESENTATION_CONTEXT() REPRESENTATION_CONTEXT('2D SPACE',''
  ) );
#754 = PCURVE('',#755,#760);
#755 = PLANE('',#756);
#756 = AXIS2_PLACEMENT_3D('',#757,#758,#759);
#757 = CARTESIAN_POINT('',(12.3,0.,100.2));
#758 = DIRECTION('',(1.,0.,-0.));
#759 = DIRECTION('',(0.,0.,1.));
#760 = DEFINITIONAL_REPRESENTATION('',(#761),#764);
#761 = B_SPLINE_CURVE_WITH_KNOTS('',1,(#762,#763),.UNSPECIFIED.,.F.,.F.,
  (2,2),(-73.,-48.4),.PIECEWISE_BEZIER_KNOTS.);
#762 = CARTESIAN_POINT('',(24.6,-1.));
#763 = CARTESIAN_POINT('',(0.,-1.));
#764 = ( GEOMETRIC_REPRESENTATION_CONTEXT(2)
PARAMETRIC_REPRESENTATION_CONTEXT() REPRESENTATION_CONTEXT('2D SPACE',''
  ) );
#765 = ORIENTED_EDGE('',*,*,#766,.T.);
#766 = EDGE_CURVE('',#741,#767,#769,.T.);
#767 = VERTEX_POINT('',#768);
#768 = CARTESIAN_POINT('',(83.7,1.,100.2));
#769 = SURFACE_CURVE('',#770,(#774,#780),.PCURVE_S1.);
#770 = LINE('',#771,#772);
#771 = CARTESIAN_POINT('',(7.85,1.,100.2));
#772 = VECTOR('',#773,1.);
#773 = DIRECTION('',(1.,0.,-0.));
#774 = PCURVE('',#44,#775);
#775 = DEFINITIONAL_REPRESENTATION('',(#776),#779);
#776 = B_SPLINE_CURVE_WITH_KNOTS('',1,(#777,#778),.UNSPECIFIED.,.F.,.F.,
  (2,2),(4.45,75.85),.PIECEWISE_BEZIER_KNOTS.);
#777 = CARTESIAN_POINT('',(96.8,8.9));
#778 = CARTESIAN_POINT('',(96.8,80.3));
#779 = ( GEOMETRIC_REPRESENTATION_CONTEXT(2)
PARAMETRIC_REPRESENTATION_CONTEXT() REPRESENTATION_CONTEXT('2D SPACE',''
  ) );
#780 = PCURVE('',#781,#786);
#781 = PLANE('',#782);
#782 = AXIS2_PLACEMENT_3D('',#783,#784,#785);
#783 = CARTESIAN_POINT('',(12.3,0.,100.2));
#784 = DIRECTION('',(0.,0.,1.));
#785 = DIRECTION('',(1.,0.,-0.));
#786 = DEFINITIONAL_REPRESENTATION('',(#787),#790);
#787 = B_SPLINE_CURVE_WITH_KNOTS('',1,(#788,#789),.UNSPECIFIED.,.F.,.F.,
  (2,2),(4.45,75.85),.PIECEWISE_BEZIER_KNOTS.);
#788 = CARTESIAN_POINT('',(0.,1.));
#789 = CARTESIAN_POINT('',(71.4,1.));
#790 = ( GEOMETRIC_REPRESENTATION_CONTEXT(2)
PARAMETRIC_REPRESENTATION_CONTEXT() REPRESENTATION_CONTEXT('2D SPACE',''
  ) );
#791 = ORIENTED_EDGE('',*,*,#792,.F.);
#792 = EDGE_CURVE('',#715,#767,#793,.T.);
#793 = SURFACE_CURVE('',#794,(#798,#804),.PCURVE_S1.);
#794 = LINE('',#795,#796);
#795 = CARTESIAN_POINT('',(83.7,1.,51.8));
#796 = VECTOR('',#797,1.);
#797 = DIRECTION('',(-0.,0.,-1.));
#798 = PCURVE('',#44,#799);
#799 = DEFINITIONAL_REPRESENTATION('',(#800),#803);
#800 = B_SPLINE_CURVE_WITH_KNOTS('',1,(#801,#802),.UNSPECIFIED.,.F.,.F.,
  (2,2),(-73.,-48.4),.PIECEWISE_BEZIER_KNOTS.);
#801 = CARTESIAN_POINT('',(121.4,80.3));
#802 = CARTESIAN_POINT('',(96.8,80.3));
#803 = ( GEOMETRIC_REPRESENTATION_CONTEXT(2)
PARAMETRIC_REPRESENTATION_CONTEXT() REPRESENTATION_CONTEXT('2D SPACE',''
  ) );
#804 = PCURVE('',#805,#810);
#805 = PLANE('',#806);
#806 = AXIS2_PLACEMENT_3D('',#807,#808,#809);
#807 = CARTESIAN_POINT('',(83.7,0.,100.2));
#808 = DIRECTION('',(1.,0.,-0.));
#809 = DIRECTION('',(0.,0.,1.));
#810 = DEFINITIONAL_REPRESENTATION('',(#811),#814);
#811 = B_SPLINE_CURVE_WITH_KNOTS('',1,(#812,#813),.UNSPECIFIED.,.F.,.F.,
  (2,2),(-73.,-48.4),.PIECEWISE_BEZIER_KNOTS.);
#812 = CARTESIAN_POINT('',(24.6,-1.));
#813 = CARTESIAN_POINT('',(0.,-1.));
#814 = ( GEOMETRIC_REPRESENTATION_CONTEXT(2)
PARAMETRIC_REPRESENTATION_CONTEXT() REPRESENTATION_CONTEXT('2D SPACE',''
  ) );
#815 = FACE_BOUND('',#816,.F.);
#816 = EDGE_LOOP('',(#817));
#817 = ORIENTED_EDGE('',*,*,#818,.F.);
#818 = EDGE_CURVE('',#819,#819,#821,.T.);
#819 = VERTEX_POINT('',#820);
#820 = CARTESIAN_POINT('',(72.,1.,90.5));
#821 = SURFACE_CURVE('',#822,(#827,#834),.PCURVE_S1.);
#822 = CIRCLE('',#823,2.5);
#823 = AXIS2_PLACEMENT_3D('',#824,#825,#826);
#824 = CARTESIAN_POINT('',(72.,1.,88.));
#825 = DIRECTION('',(0.,1.,0.));
#826 = DIRECTION('',(0.,-0.,1.));
#827 = PCURVE('',#44,#828);
#828 = DEFINITIONAL_REPRESENTATION('',(#829),#833);
#829 = CIRCLE('',#830,2.5);
#830 = AXIS2_PLACEMENT_2D('',#831,#832);
#831 = CARTESIAN_POINT('',(84.6,68.6));
#832 = DIRECTION('',(1.,0.));
#833 = ( GEOMETRIC_REPRESENTATION_CONTEXT(2)
PARAMETRIC_REPRESENTATION_CONTEXT() REPRESENTATION_CONTEXT('2D SPACE',''
  ) );
#834 = PCURVE('',#835,#840);
#835 = CYLINDRICAL_SURFACE('',#836,2.5);
#836 = AXIS2_PLACEMENT_3D('',#837,#838,#839);
#837 = CARTESIAN_POINT('',(72.,0.,88.));
#838 = DIRECTION('',(0.,1.,0.));
#839 = DIRECTION('',(0.,-0.,1.));
#840 = DEFINITIONAL_REPRESENTATION('',(#841),#845);
#841 = LINE('',#842,#843);
#842 = CARTESIAN_POINT('',(0.,1.));
#843 = VECTOR('',#844,1.);
#844 = DIRECTION('',(1.,0.));
#845 = ( GEOMETRIC_REPRESENTATION_CONTEXT(2)
PARAMETRIC_REPRESENTATION_CONTEXT() REPRESENTATION_CONTEXT('2D SPACE',''
  ) );
#846 = FACE_BOUND('',#847,.F.);
#847 = EDGE_LOOP('',(#848));
#848 = ORIENTED_EDGE('',*,*,#849,.F.);
#849 = EDGE_CURVE('',#850,#850,#852,.T.);
#850 = VERTEX_POINT('',#851);
#851 = CARTESIAN_POINT('',(85.5,1.,98.5));
#852 = SURFACE_CURVE('',#853,(#858,#865),.PCURVE_S1.);
#853 = CIRCLE('',#854,1.5);
#854 = AXIS2_PLACEMENT_3D('',#855,#856,#857);
#855 = CARTESIAN_POINT('',(85.5,1.,97.));
#856 = DIRECTION('',(0.,1.,0.));
#857 = DIRECTION('',(0.,-0.,1.));
#858 = PCURVE('',#44,#859);
#859 = DEFINITIONAL_REPRESENTATION('',(#860),#864);
#860 = CIRCLE('',#861,1.5);
#861 = AXIS2_PLACEMENT_2D('',#862,#863);
#862 = CARTESIAN_POINT('',(93.6,82.1));
#863 = DIRECTION('',(1.,0.));
#864 = ( GEOMETRIC_REPRESENTATION_CONTEXT(2)
PARAMETRIC_REPRESENTATION_CONTEXT() REPRESENTATION_CONTEXT('2D SPACE',''
  ) );
#865 = PCURVE('',#866,#871);
#866 = CYLINDRICAL_SURFACE('',#867,1.5);
#867 = AXIS2_PLACEMENT_3D('',#868,#869,#870);
#868 = CARTESIAN_POINT('',(85.5,0.,97.));
#869 = DIRECTION('',(0.,1.,0.));
#870 = DIRECTION('',(0.,-0.,1.));
#871 = DEFINITIONAL_REPRESENTATION('',(#872),#876);
#872 = LINE('',#873,#874);
#873 = CARTESIAN_POINT('',(0.,1.));
#874 = VECTOR('',#875,1.);
#875 = DIRECTION('',(1.,0.));
#876 = ( GEOMETRIC_REPRESENTATION_CONTEXT(2)
PARAMETRIC_REPRESENTATION_CONTEXT() REPRESENTATION_CONTEXT('2D SPACE',''
  ) );
#877 = FACE_BOUND('',#878,.F.);
#878 = EDGE_LOOP('',(#879));
#879 = ORIENTED_EDGE('',*,*,#880,.F.);
#880 = EDGE_CURVE('',#881,#881,#883,.T.);
#881 = VERTEX_POINT('',#882);
#882 = CARTESIAN_POINT('',(85.5,1.,129.5));
#883 = SURFACE_CURVE('',#884,(#889,#896),.PCURVE_S1.);
#884 = CIRCLE('',#885,1.5);
#885 = AXIS2_PLACEMENT_3D('',#886,#887,#888);
#886 = CARTESIAN_POINT('',(85.5,1.,128.));
#887 = DIRECTION('',(0.,1.,0.));
#888 = DIRECTION('',(0.,-0.,1.));
#889 = PCURVE('',#44,#890);
#890 = DEFINITIONAL_REPRESENTATION('',(#891),#895);
#891 = CIRCLE('',#892,1.5);
#892 = AXIS2_PLACEMENT_2D('',#893,#894);
#893 = CARTESIAN_POINT('',(124.6,82.1));
#894 = DIRECTION('',(1.,0.));
#895 = ( GEOMETRIC_REPRESENTATION_CONTEXT(2)
PARAMETRIC_REPRESENTATION_CONTEXT() REPRESENTATION_CONTEXT('2D SPACE',''
  ) );
#896 = PCURVE('',#897,#902);
#897 = CYLINDRICAL_SURFACE('',#898,1.5);
#898 = AXIS2_PLACEMENT_3D('',#899,#900,#901);
#899 = CARTESIAN_POINT('',(85.5,0.,128.));
#900 = DIRECTION('',(0.,1.,0.));
#901 = DIRECTION('',(0.,-0.,1.));
#902 = DEFINITIONAL_REPRESENTATION('',(#903),#907);
#903 = LINE('',#904,#905);
#904 = CARTESIAN_POINT('',(0.,1.));
#905 = VECTOR('',#906,1.);
#906 = DIRECTION('',(1.,0.));
#907 = ( GEOMETRIC_REPRESENTATION_CONTEXT(2)
PARAMETRIC_REPRESENTATION_CONTEXT() REPRESENTATION_CONTEXT('2D SPACE',''
  ) );
#908 = FACE_BOUND('',#909,.F.);
#909 = EDGE_LOOP('',(#910));
#910 = ORIENTED_EDGE('',*,*,#911,.F.);
#911 = EDGE_CURVE('',#912,#912,#914,.T.);
#912 = VERTEX_POINT('',#913);
#913 = CARTESIAN_POINT('',(87.,1.,149.7));
#914 = SURFACE_CURVE('',#915,(#920,#927),.PCURVE_S1.);
#915 = CIRCLE('',#916,1.7);
#916 = AXIS2_PLACEMENT_3D('',#917,#918,#919);
#917 = CARTESIAN_POINT('',(87.,1.,148.));
#918 = DIRECTION('',(0.,1.,0.));
#919 = DIRECTION('',(0.,-0.,1.));
#920 = PCURVE('',#44,#921);
#921 = DEFINITIONAL_REPRESENTATION('',(#922),#926);
#922 = CIRCLE('',#923,1.7);
#923 = AXIS2_PLACEMENT_2D('',#924,#925);
#924 = CARTESIAN_POINT('',(144.6,83.6));
#925 = DIRECTION('',(1.,0.));
#926 = ( GEOMETRIC_REPRESENTATION_CONTEXT(2)
PARAMETRIC_REPRESENTATION_CONTEXT() REPRESENTATION_CONTEXT('2D SPACE',''
  ) );
#927 = PCURVE('',#928,#933);
#928 = CYLINDRICAL_SURFACE('',#929,1.7);
#929 = AXIS2_PLACEMENT_3D('',#930,#931,#932);
#930 = CARTESIAN_POINT('',(87.,0.,148.));
#931 = DIRECTION('',(0.,1.,0.));
#932 = DIRECTION('',(0.,-0.,1.));
#933 = DEFINITIONAL_REPRESENTATION('',(#934),#938);
#934 = LINE('',#935,#936);
#935 = CARTESIAN_POINT('',(0.,1.));
#936 = VECTOR('',#937,1.);
#937 = DIRECTION('',(1.,0.));
#938 = ( GEOMETRIC_REPRESENTATION_CONTEXT(2)
PARAMETRIC_REPRESENTATION_CONTEXT() REPRESENTATION_CONTEXT('2D SPACE',''
  ) );
#939 = ADVANCED_FACE('',(#940),#72,.T.);
#940 = FACE_BOUND('',#941,.F.);
#941 = EDGE_LOOP('',(#942,#943,#966,#992));
#942 = ORIENTED_EDGE('',*,*,#171,.T.);
#943 = ORIENTED_EDGE('',*,*,#944,.T.);
#944 = EDGE_CURVE('',#142,#945,#947,.T.);
#945 = VERTEX_POINT('',#946);
#946 = CARTESIAN_POINT('',(6.4,4.,3.4));
#947 = SURFACE_CURVE('',#948,(#952,#959),.PCURVE_S1.);
#948 = LINE('',#949,#950);
#949 = CARTESIAN_POINT('',(6.4,1.,3.4));
#950 = VECTOR('',#951,1.);
#951 = DIRECTION('',(-0.,1.,0.));
#952 = PCURVE('',#72,#953);
#953 = DEFINITIONAL_REPRESENTATION('',(#954),#958);
#954 = LINE('',#955,#956);
#955 = CARTESIAN_POINT('',(-1.570796326795,0.));
#956 = VECTOR('',#957,1.);
#957 = DIRECTION('',(-0.,1.));
#958 = ( GEOMETRIC_REPRESENTATION_CONTEXT(2)
PARAMETRIC_REPRESENTATION_CONTEXT() REPRESENTATION_CONTEXT('2D SPACE',''
  ) );
#959 = PCURVE('',#159,#960);
#960 = DEFINITIONAL_REPRESENTATION('',(#961),#965);
#961 = LINE('',#962,#963);
#962 = CARTESIAN_POINT('',(3.,0.));
#963 = VECTOR('',#964,1.);
#964 = DIRECTION('',(0.,1.));
#965 = ( GEOMETRIC_REPRESENTATION_CONTEXT(2)
PARAMETRIC_REPRESENTATION_CONTEXT() REPRESENTATION_CONTEXT('2D SPACE',''
  ) );
#966 = ORIENTED_EDGE('',*,*,#967,.F.);
#967 = EDGE_CURVE('',#57,#945,#968,.T.);
#968 = SURFACE_CURVE('',#969,(#974,#981),.PCURVE_S1.);
#969 = CIRCLE('',#970,3.);
#970 = AXIS2_PLACEMENT_3D('',#971,#972,#973);
#971 = CARTESIAN_POINT('',(6.4,4.,6.4));
#972 = DIRECTION('',(0.,-1.,0.));
#973 = DIRECTION('',(0.,0.,1.));
#974 = PCURVE('',#72,#975);
#975 = DEFINITIONAL_REPRESENTATION('',(#976),#980);
#976 = LINE('',#977,#978);
#977 = CARTESIAN_POINT('',(1.570796326795,3.));
#978 = VECTOR('',#979,1.);
#979 = DIRECTION('',(-1.,0.));
#980 = ( GEOMETRIC_REPRESENTATION_CONTEXT(2)
PARAMETRIC_REPRESENTATION_CONTEXT() REPRESENTATION_CONTEXT('2D SPACE',''
  ) );
#981 = PCURVE('',#100,#982);
#982 = DEFINITIONAL_REPRESENTATION('',(#983),#991);
#983 = ( BOUNDED_CURVE() B_SPLINE_CURVE(2,(#984,#985,#986,#987,#988,#989
,#990),.UNSPECIFIED.,.T.,.F.) B_SPLINE_CURVE_WITH_KNOTS((1,2,2,2,2,1),(
    -2.094395102393,0.,2.094395102393,4.188790204786,6.28318530718,
8.377580409573),.UNSPECIFIED.) CURVE() GEOMETRIC_REPRESENTATION_ITEM()
RATIONAL_B_SPLINE_CURVE((1.,0.5,1.,0.5,1.,0.5,1.)) REPRESENTATION_ITEM(
  '') );
#984 = CARTESIAN_POINT('',(6.,3.));
#985 = CARTESIAN_POINT('',(6.,-2.196152422707));
#986 = CARTESIAN_POINT('',(1.5,0.401923788647));
#987 = CARTESIAN_POINT('',(-3.,3.));
#988 = CARTESIAN_POINT('',(1.5,5.598076211353));
#989 = CARTESIAN_POINT('',(6.,8.196152422707));
#990 = CARTESIAN_POINT('',(6.,3.));
#991 = ( GEOMETRIC_REPRESENTATION_CONTEXT(2)
PARAMETRIC_REPRESENTATION_CONTEXT() REPRESENTATION_CONTEXT('2D SPACE',''
  ) );
#992 = ORIENTED_EDGE('',*,*,#56,.F.);
#993 = ADVANCED_FACE('',(#994),#126,.T.);
#994 = FACE_BOUND('',#995,.T.);
#995 = EDGE_LOOP('',(#996,#997,#1020,#1042));
#996 = ORIENTED_EDGE('',*,*,#198,.T.);
#997 = ORIENTED_EDGE('',*,*,#998,.T.);
#998 = EDGE_CURVE('',#199,#999,#1001,.T.);
#999 = VERTEX_POINT('',#1000);
#1000 = CARTESIAN_POINT('',(6.4,4.,154.6));
#1001 = SURFACE_CURVE('',#1002,(#1006,#1013),.PCURVE_S1.);
#1002 = LINE('',#1003,#1004);
#1003 = CARTESIAN_POINT('',(6.4,1.,154.6));
#1004 = VECTOR('',#1005,1.);
#1005 = DIRECTION('',(-0.,1.,0.));
#1006 = PCURVE('',#126,#1007);
#1007 = DEFINITIONAL_REPRESENTATION('',(#1008),#1012);
#1008 = LINE('',#1009,#1010);
#1009 = CARTESIAN_POINT('',(1.570796326795,0.));
#1010 = VECTOR('',#1011,1.);
#1011 = DIRECTION('',(0.,1.));
#1012 = ( GEOMETRIC_REPRESENTATION_CONTEXT(2)
PARAMETRIC_REPRESENTATION_CONTEXT() REPRESENTATION_CONTEXT('2D SPACE',''
  ) );
#1013 = PCURVE('',#238,#1014);
#1014 = DEFINITIONAL_REPRESENTATION('',(#1015),#1019);
#1015 = LINE('',#1016,#1017);
#1016 = CARTESIAN_POINT('',(3.,0.));
#1017 = VECTOR('',#1018,1.);
#1018 = DIRECTION('',(0.,1.));
#1019 = ( GEOMETRIC_REPRESENTATION_CONTEXT(2)
PARAMETRIC_REPRESENTATION_CONTEXT() REPRESENTATION_CONTEXT('2D SPACE',''
  ) );
#1020 = ORIENTED_EDGE('',*,*,#1021,.F.);
#1021 = EDGE_CURVE('',#85,#999,#1022,.T.);
#1022 = SURFACE_CURVE('',#1023,(#1028,#1035),.PCURVE_S1.);
#1023 = CIRCLE('',#1024,3.);
#1024 = AXIS2_PLACEMENT_3D('',#1025,#1026,#1027);
#1025 = CARTESIAN_POINT('',(6.4,4.,151.6));
#1026 = DIRECTION('',(-0.,1.,0.));
#1027 = DIRECTION('',(0.,0.,1.));
#1028 = PCURVE('',#126,#1029);
#1029 = DEFINITIONAL_REPRESENTATION('',(#1030),#1034);
#1030 = LINE('',#1031,#1032);
#1031 = CARTESIAN_POINT('',(-4.712388980385,3.));
#1032 = VECTOR('',#1033,1.);
#1033 = DIRECTION('',(1.,0.));
#1034 = ( GEOMETRIC_REPRESENTATION_CONTEXT(2)
PARAMETRIC_REPRESENTATION_CONTEXT() REPRESENTATION_CONTEXT('2D SPACE',''
  ) );
#1035 = PCURVE('',#100,#1036);
#1036 = DEFINITIONAL_REPRESENTATION('',(#1037),#1041);
#1037 = CIRCLE('',#1038,3.);
#1038 = AXIS2_PLACEMENT_2D('',#1039,#1040);
#1039 = CARTESIAN_POINT('',(148.2,3.));
#1040 = DIRECTION('',(1.,0.));
#1041 = ( GEOMETRIC_REPRESENTATION_CONTEXT(2)
PARAMETRIC_REPRESENTATION_CONTEXT() REPRESENTATION_CONTEXT('2D SPACE',''
  ) );
#1042 = ORIENTED_EDGE('',*,*,#112,.F.);
#1043 = ADVANCED_FACE('',(#1044,#1168,#1194,#1220,#1246,#1277,#1308,
    #1339,#1365,#1391,#1422,#1448,#1474,#1505,#1591,#1622,#1653,#1684),
  #100,.T.);
#1044 = FACE_BOUND('',#1045,.T.);
#1045 = EDGE_LOOP('',(#1046,#1069,#1070,#1071,#1072,#1095,#1123,#1146));
#1046 = ORIENTED_EDGE('',*,*,#1047,.F.);
#1047 = EDGE_CURVE('',#945,#1048,#1050,.T.);
#1048 = VERTEX_POINT('',#1049);
#1049 = CARTESIAN_POINT('',(89.6,4.,3.4));
#1050 = SURFACE_CURVE('',#1051,(#1055,#1062),.PCURVE_S1.);
#1051 = LINE('',#1052,#1053);
#1052 = CARTESIAN_POINT('',(3.4,4.,3.4));
#1053 = VECTOR('',#1054,1.);
#1054 = DIRECTION('',(1.,0.,-0.));
#1055 = PCURVE('',#100,#1056);
#1056 = DEFINITIONAL_REPRESENTATION('',(#1057),#1061);
#1057 = LINE('',#1058,#1059);
#1058 = CARTESIAN_POINT('',(0.,0.));
#1059 = VECTOR('',#1060,1.);
#1060 = DIRECTION('',(0.,1.));
#1061 = ( GEOMETRIC_REPRESENTATION_CONTEXT(2)
PARAMETRIC_REPRESENTATION_CONTEXT() REPRESENTATION_CONTEXT('2D SPACE',''
  ) );
#1062 = PCURVE('',#159,#1063);
#1063 = DEFINITIONAL_REPRESENTATION('',(#1064),#1068);
#1064 = LINE('',#1065,#1066);
#1065 = CARTESIAN_POINT('',(0.,3.));
#1066 = VECTOR('',#1067,1.);
#1067 = DIRECTION('',(1.,0.));
#1068 = ( GEOMETRIC_REPRESENTATION_CONTEXT(2)
PARAMETRIC_REPRESENTATION_CONTEXT() REPRESENTATION_CONTEXT('2D SPACE',''
  ) );
#1069 = ORIENTED_EDGE('',*,*,#967,.F.);
#1070 = ORIENTED_EDGE('',*,*,#84,.T.);
#1071 = ORIENTED_EDGE('',*,*,#1021,.T.);
#1072 = ORIENTED_EDGE('',*,*,#1073,.T.);
#1073 = EDGE_CURVE('',#999,#1074,#1076,.T.);
#1074 = VERTEX_POINT('',#1075);
#1075 = CARTESIAN_POINT('',(89.6,4.,154.6));
#1076 = SURFACE_CURVE('',#1077,(#1081,#1088),.PCURVE_S1.);
#1077 = LINE('',#1078,#1079);
#1078 = CARTESIAN_POINT('',(3.4,4.,154.6));
#1079 = VECTOR('',#1080,1.);
#1080 = DIRECTION('',(1.,0.,-0.));
#1081 = PCURVE('',#100,#1082);
#1082 = DEFINITIONAL_REPRESENTATION('',(#1083),#1087);
#1083 = LINE('',#1084,#1085);
#1084 = CARTESIAN_POINT('',(151.2,0.));
#1085 = VECTOR('',#1086,1.);
#1086 = DIRECTION('',(0.,1.));
#1087 = ( GEOMETRIC_REPRESENTATION_CONTEXT(2)
PARAMETRIC_REPRESENTATION_CONTEXT() REPRESENTATION_CONTEXT('2D SPACE',''
  ) );
#1088 = PCURVE('',#238,#1089);
#1089 = DEFINITIONAL_REPRESENTATION('',(#1090),#1094);
#1090 = LINE('',#1091,#1092);
#1091 = CARTESIAN_POINT('',(0.,3.));
#1092 = VECTOR('',#1093,1.);
#1093 = DIRECTION('',(1.,0.));
#1094 = ( GEOMETRIC_REPRESENTATION_CONTEXT(2)
PARAMETRIC_REPRESENTATION_CONTEXT() REPRESENTATION_CONTEXT('2D SPACE',''
  ) );
#1095 = ORIENTED_EDGE('',*,*,#1096,.F.);
#1096 = EDGE_CURVE('',#1097,#1074,#1099,.T.);
#1097 = VERTEX_POINT('',#1098);
#1098 = CARTESIAN_POINT('',(92.6,4.,151.6));
#1099 = SURFACE_CURVE('',#1100,(#1105,#1116),.PCURVE_S1.);
#1100 = CIRCLE('',#1101,3.);
#1101 = AXIS2_PLACEMENT_3D('',#1102,#1103,#1104);
#1102 = CARTESIAN_POINT('',(89.6,4.,151.6));
#1103 = DIRECTION('',(0.,-1.,0.));
#1104 = DIRECTION('',(0.,0.,1.));
#1105 = PCURVE('',#100,#1106);
#1106 = DEFINITIONAL_REPRESENTATION('',(#1107),#1115);
#1107 = ( BOUNDED_CURVE() B_SPLINE_CURVE(2,(#1108,#1109,#1110,#1111,
#1112,#1113,#1114),.UNSPECIFIED.,.T.,.F.) B_SPLINE_CURVE_WITH_KNOTS((1,2
    ,2,2,2,1),(-2.094395102393,0.,2.094395102393,4.188790204786,
6.28318530718,8.377580409573),.UNSPECIFIED.) CURVE()
GEOMETRIC_REPRESENTATION_ITEM() RATIONAL_B_SPLINE_CURVE((1.,0.5,1.,0.5,
1.,0.5,1.)) REPRESENTATION_ITEM('') );
#1108 = CARTESIAN_POINT('',(151.2,86.2));
#1109 = CARTESIAN_POINT('',(151.2,81.003847577293));
#1110 = CARTESIAN_POINT('',(146.7,83.601923788647));
#1111 = CARTESIAN_POINT('',(142.2,86.2));
#1112 = CARTESIAN_POINT('',(146.7,88.798076211353));
#1113 = CARTESIAN_POINT('',(151.2,91.396152422707));
#1114 = CARTESIAN_POINT('',(151.2,86.2));
#1115 = ( GEOMETRIC_REPRESENTATION_CONTEXT(2)
PARAMETRIC_REPRESENTATION_CONTEXT() REPRESENTATION_CONTEXT('2D SPACE',''
  ) );
#1116 = PCURVE('',#271,#1117);
#1117 = DEFINITIONAL_REPRESENTATION('',(#1118),#1122);
#1118 = LINE('',#1119,#1120);
#1119 = CARTESIAN_POINT('',(4.712388980385,3.));
#1120 = VECTOR('',#1121,1.);
#1121 = DIRECTION('',(-1.,0.));
#1122 = ( GEOMETRIC_REPRESENTATION_CONTEXT(2)
PARAMETRIC_REPRESENTATION_CONTEXT() REPRESENTATION_CONTEXT('2D SPACE',''
  ) );
#1123 = ORIENTED_EDGE('',*,*,#1124,.F.);
#1124 = EDGE_CURVE('',#1125,#1097,#1127,.T.);
#1125 = VERTEX_POINT('',#1126);
#1126 = CARTESIAN_POINT('',(92.6,4.,6.4));
#1127 = SURFACE_CURVE('',#1128,(#1132,#1139),.PCURVE_S1.);
#1128 = LINE('',#1129,#1130);
#1129 = CARTESIAN_POINT('',(92.6,4.,3.4));
#1130 = VECTOR('',#1131,1.);
#1131 = DIRECTION('',(0.,0.,1.));
#1132 = PCURVE('',#100,#1133);
#1133 = DEFINITIONAL_REPRESENTATION('',(#1134),#1138);
#1134 = LINE('',#1135,#1136);
#1135 = CARTESIAN_POINT('',(0.,89.2));
#1136 = VECTOR('',#1137,1.);
#1137 = DIRECTION('',(1.,0.));
#1138 = ( GEOMETRIC_REPRESENTATION_CONTEXT(2)
PARAMETRIC_REPRESENTATION_CONTEXT() REPRESENTATION_CONTEXT('2D SPACE',''
  ) );
#1139 = PCURVE('',#299,#1140);
#1140 = DEFINITIONAL_REPRESENTATION('',(#1141),#1145);
#1141 = LINE('',#1142,#1143);
#1142 = CARTESIAN_POINT('',(0.,-3.));
#1143 = VECTOR('',#1144,1.);
#1144 = DIRECTION('',(1.,0.));
#1145 = ( GEOMETRIC_REPRESENTATION_CONTEXT(2)
PARAMETRIC_REPRESENTATION_CONTEXT() REPRESENTATION_CONTEXT('2D SPACE',''
  ) );
#1146 = ORIENTED_EDGE('',*,*,#1147,.T.);
#1147 = EDGE_CURVE('',#1125,#1048,#1148,.T.);
#1148 = SURFACE_CURVE('',#1149,(#1154,#1161),.PCURVE_S1.);
#1149 = CIRCLE('',#1150,3.);
#1150 = AXIS2_PLACEMENT_3D('',#1151,#1152,#1153);
#1151 = CARTESIAN_POINT('',(89.6,4.,6.4));
#1152 = DIRECTION('',(-0.,1.,0.));
#1153 = DIRECTION('',(0.,0.,1.));
#1154 = PCURVE('',#100,#1155);
#1155 = DEFINITIONAL_REPRESENTATION('',(#1156),#1160);
#1156 = CIRCLE('',#1157,3.);
#1157 = AXIS2_PLACEMENT_2D('',#1158,#1159);
#1158 = CARTESIAN_POINT('',(3.,86.2));
#1159 = DIRECTION('',(1.,0.));
#1160 = ( GEOMETRIC_REPRESENTATION_CONTEXT(2)
PARAMETRIC_REPRESENTATION_CONTEXT() REPRESENTATION_CONTEXT('2D SPACE',''
  ) );
#1161 = PCURVE('',#326,#1162);
#1162 = DEFINITIONAL_REPRESENTATION('',(#1163),#1167);
#1163 = LINE('',#1164,#1165);
#1164 = CARTESIAN_POINT('',(-1.570796326795,3.));
#1165 = VECTOR('',#1166,1.);
#1166 = DIRECTION('',(1.,0.));
#1167 = ( GEOMETRIC_REPRESENTATION_CONTEXT(2)
PARAMETRIC_REPRESENTATION_CONTEXT() REPRESENTATION_CONTEXT('2D SPACE',''
  ) );
#1168 = FACE_BOUND('',#1169,.T.);
#1169 = EDGE_LOOP('',(#1170));
#1170 = ORIENTED_EDGE('',*,*,#1171,.F.);
#1171 = EDGE_CURVE('',#1172,#1172,#1174,.T.);
#1172 = VERTEX_POINT('',#1173);
#1173 = CARTESIAN_POINT('',(9.,4.,11.7));
#1174 = SURFACE_CURVE('',#1175,(#1180,#1187),.PCURVE_S1.);
#1175 = CIRCLE('',#1176,1.7);
#1176 = AXIS2_PLACEMENT_3D('',#1177,#1178,#1179);
#1177 = CARTESIAN_POINT('',(9.,4.,10.));
#1178 = DIRECTION('',(0.,1.,0.));
#1179 = DIRECTION('',(0.,-0.,1.));
#1180 = PCURVE('',#100,#1181);
#1181 = DEFINITIONAL_REPRESENTATION('',(#1182),#1186);
#1182 = CIRCLE('',#1183,1.7);
#1183 = AXIS2_PLACEMENT_2D('',#1184,#1185);
#1184 = CARTESIAN_POINT('',(6.6,5.6));
#1185 = DIRECTION('',(1.,0.));
#1186 = ( GEOMETRIC_REPRESENTATION_CONTEXT(2)
PARAMETRIC_REPRESENTATION_CONTEXT() REPRESENTATION_CONTEXT('2D SPACE',''
  ) );
#1187 = PCURVE('',#357,#1188);
#1188 = DEFINITIONAL_REPRESENTATION('',(#1189),#1193);
#1189 = LINE('',#1190,#1191);
#1190 = CARTESIAN_POINT('',(0.,4.));
#1191 = VECTOR('',#1192,1.);
#1192 = DIRECTION('',(1.,0.));
#1193 = ( GEOMETRIC_REPRESENTATION_CONTEXT(2)
PARAMETRIC_REPRESENTATION_CONTEXT() REPRESENTATION_CONTEXT('2D SPACE',''
  ) );
#1194 = FACE_BOUND('',#1195,.T.);
#1195 = EDGE_LOOP('',(#1196));
#1196 = ORIENTED_EDGE('',*,*,#1197,.F.);
#1197 = EDGE_CURVE('',#1198,#1198,#1200,.T.);
#1198 = VERTEX_POINT('',#1199);
#1199 = CARTESIAN_POINT('',(24.,4.,78.));
#1200 = SURFACE_CURVE('',#1201,(#1206,#1213),.PCURVE_S1.);
#1201 = CIRCLE('',#1202,6.);
#1202 = AXIS2_PLACEMENT_3D('',#1203,#1204,#1205);
#1203 = CARTESIAN_POINT('',(24.,4.,72.));
#1204 = DIRECTION('',(0.,1.,0.));
#1205 = DIRECTION('',(0.,-0.,1.));
#1206 = PCURVE('',#100,#1207);
#1207 = DEFINITIONAL_REPRESENTATION('',(#1208),#1212);
#1208 = CIRCLE('',#1209,6.);
#1209 = AXIS2_PLACEMENT_2D('',#1210,#1211);
#1210 = CARTESIAN_POINT('',(68.6,20.6));
#1211 = DIRECTION('',(1.,0.));
#1212 = ( GEOMETRIC_REPRESENTATION_CONTEXT(2)
PARAMETRIC_REPRESENTATION_CONTEXT() REPRESENTATION_CONTEXT('2D SPACE',''
  ) );
#1213 = PCURVE('',#388,#1214);
#1214 = DEFINITIONAL_REPRESENTATION('',(#1215),#1219);
#1215 = LINE('',#1216,#1217);
#1216 = CARTESIAN_POINT('',(0.,4.));
#1217 = VECTOR('',#1218,1.);
#1218 = DIRECTION('',(1.,0.));
#1219 = ( GEOMETRIC_REPRESENTATION_CONTEXT(2)
PARAMETRIC_REPRESENTATION_CONTEXT() REPRESENTATION_CONTEXT('2D SPACE',''
  ) );
#1220 = FACE_BOUND('',#1221,.T.);
#1221 = EDGE_LOOP('',(#1222));
#1222 = ORIENTED_EDGE('',*,*,#1223,.F.);
#1223 = EDGE_CURVE('',#1224,#1224,#1226,.T.);
#1224 = VERTEX_POINT('',#1225);
#1225 = CARTESIAN_POINT('',(32.,4.,51.5));
#1226 = SURFACE_CURVE('',#1227,(#1232,#1239),.PCURVE_S1.);
#1227 = CIRCLE('',#1228,3.5);
#1228 = AXIS2_PLACEMENT_3D('',#1229,#1230,#1231);
#1229 = CARTESIAN_POINT('',(32.,4.,48.));
#1230 = DIRECTION('',(0.,1.,0.));
#1231 = DIRECTION('',(0.,-0.,1.));
#1232 = PCURVE('',#100,#1233);
#1233 = DEFINITIONAL_REPRESENTATION('',(#1234),#1238);
#1234 = CIRCLE('',#1235,3.5);
#1235 = AXIS2_PLACEMENT_2D('',#1236,#1237);
#1236 = CARTESIAN_POINT('',(44.6,28.6));
#1237 = DIRECTION('',(1.,0.));
#1238 = ( GEOMETRIC_REPRESENTATION_CONTEXT(2)
PARAMETRIC_REPRESENTATION_CONTEXT() REPRESENTATION_CONTEXT('2D SPACE',''
  ) );
#1239 = PCURVE('',#419,#1240);
#1240 = DEFINITIONAL_REPRESENTATION('',(#1241),#1245);
#1241 = LINE('',#1242,#1243);
#1242 = CARTESIAN_POINT('',(0.,4.));
#1243 = VECTOR('',#1244,1.);
#1244 = DIRECTION('',(1.,0.));
#1245 = ( GEOMETRIC_REPRESENTATION_CONTEXT(2)
PARAMETRIC_REPRESENTATION_CONTEXT() REPRESENTATION_CONTEXT('2D SPACE',''
  ) );
#1246 = FACE_BOUND('',#1247,.T.);
#1247 = EDGE_LOOP('',(#1248));
#1248 = ORIENTED_EDGE('',*,*,#1249,.F.);
#1249 = EDGE_CURVE('',#1250,#1250,#1252,.T.);
#1250 = VERTEX_POINT('',#1251);
#1251 = CARTESIAN_POINT('',(10.5,4.,100.));
#1252 = SURFACE_CURVE('',#1253,(#1258,#1265),.PCURVE_S1.);
#1253 = CIRCLE('',#1254,3.);
#1254 = AXIS2_PLACEMENT_3D('',#1255,#1256,#1257);
#1255 = CARTESIAN_POINT('',(10.5,4.,97.));
#1256 = DIRECTION('',(0.,1.,0.));
#1257 = DIRECTION('',(0.,-0.,1.));
#1258 = PCURVE('',#100,#1259);
#1259 = DEFINITIONAL_REPRESENTATION('',(#1260),#1264);
#1260 = CIRCLE('',#1261,3.);
#1261 = AXIS2_PLACEMENT_2D('',#1262,#1263);
#1262 = CARTESIAN_POINT('',(93.6,7.1));
#1263 = DIRECTION('',(1.,0.));
#1264 = ( GEOMETRIC_REPRESENTATION_CONTEXT(2)
PARAMETRIC_REPRESENTATION_CONTEXT() REPRESENTATION_CONTEXT('2D SPACE',''
  ) );
#1265 = PCURVE('',#1266,#1271);
#1266 = CYLINDRICAL_SURFACE('',#1267,3.);
#1267 = AXIS2_PLACEMENT_3D('',#1268,#1269,#1270);
#1268 = CARTESIAN_POINT('',(10.5,3.5,97.));
#1269 = DIRECTION('',(0.,1.,0.));
#1270 = DIRECTION('',(0.,-0.,1.));
#1271 = DEFINITIONAL_REPRESENTATION('',(#1272),#1276);
#1272 = LINE('',#1273,#1274);
#1273 = CARTESIAN_POINT('',(0.,0.5));
#1274 = VECTOR('',#1275,1.);
#1275 = DIRECTION('',(1.,0.));
#1276 = ( GEOMETRIC_REPRESENTATION_CONTEXT(2)
PARAMETRIC_REPRESENTATION_CONTEXT() REPRESENTATION_CONTEXT('2D SPACE',''
  ) );
#1277 = FACE_BOUND('',#1278,.T.);
#1278 = EDGE_LOOP('',(#1279));
#1279 = ORIENTED_EDGE('',*,*,#1280,.F.);
#1280 = EDGE_CURVE('',#1281,#1281,#1283,.T.);
#1281 = VERTEX_POINT('',#1282);
#1282 = CARTESIAN_POINT('',(24.,4.,92.));
#1283 = SURFACE_CURVE('',#1284,(#1289,#1296),.PCURVE_S1.);
#1284 = CIRCLE('',#1285,4.);
#1285 = AXIS2_PLACEMENT_3D('',#1286,#1287,#1288);
#1286 = CARTESIAN_POINT('',(24.,4.,88.));
#1287 = DIRECTION('',(0.,1.,0.));
#1288 = DIRECTION('',(0.,-0.,1.));
#1289 = PCURVE('',#100,#1290);
#1290 = DEFINITIONAL_REPRESENTATION('',(#1291),#1295);
#1291 = CIRCLE('',#1292,4.);
#1292 = AXIS2_PLACEMENT_2D('',#1293,#1294);
#1293 = CARTESIAN_POINT('',(84.6,20.6));
#1294 = DIRECTION('',(1.,0.));
#1295 = ( GEOMETRIC_REPRESENTATION_CONTEXT(2)
PARAMETRIC_REPRESENTATION_CONTEXT() REPRESENTATION_CONTEXT('2D SPACE',''
  ) );
#1296 = PCURVE('',#1297,#1302);
#1297 = CYLINDRICAL_SURFACE('',#1298,4.);
#1298 = AXIS2_PLACEMENT_3D('',#1299,#1300,#1301);
#1299 = CARTESIAN_POINT('',(24.,3.8,88.));
#1300 = DIRECTION('',(0.,1.,0.));
#1301 = DIRECTION('',(0.,-0.,1.));
#1302 = DEFINITIONAL_REPRESENTATION('',(#1303),#1307);
#1303 = LINE('',#1304,#1305);
#1304 = CARTESIAN_POINT('',(0.,0.2));
#1305 = VECTOR('',#1306,1.);
#1306 = DIRECTION('',(1.,0.));
#1307 = ( GEOMETRIC_REPRESENTATION_CONTEXT(2)
PARAMETRIC_REPRESENTATION_CONTEXT() REPRESENTATION_CONTEXT('2D SPACE',''
  ) );
#1308 = FACE_BOUND('',#1309,.T.);
#1309 = EDGE_LOOP('',(#1310));
#1310 = ORIENTED_EDGE('',*,*,#1311,.F.);
#1311 = EDGE_CURVE('',#1312,#1312,#1314,.T.);
#1312 = VERTEX_POINT('',#1313);
#1313 = CARTESIAN_POINT('',(10.5,4.,131.));
#1314 = SURFACE_CURVE('',#1315,(#1320,#1327),.PCURVE_S1.);
#1315 = CIRCLE('',#1316,3.);
#1316 = AXIS2_PLACEMENT_3D('',#1317,#1318,#1319);
#1317 = CARTESIAN_POINT('',(10.5,4.,128.));
#1318 = DIRECTION('',(0.,1.,0.));
#1319 = DIRECTION('',(0.,-0.,1.));
#1320 = PCURVE('',#100,#1321);
#1321 = DEFINITIONAL_REPRESENTATION('',(#1322),#1326);
#1322 = CIRCLE('',#1323,3.);
#1323 = AXIS2_PLACEMENT_2D('',#1324,#1325);
#1324 = CARTESIAN_POINT('',(124.6,7.1));
#1325 = DIRECTION('',(1.,0.));
#1326 = ( GEOMETRIC_REPRESENTATION_CONTEXT(2)
PARAMETRIC_REPRESENTATION_CONTEXT() REPRESENTATION_CONTEXT('2D SPACE',''
  ) );
#1327 = PCURVE('',#1328,#1333);
#1328 = CYLINDRICAL_SURFACE('',#1329,3.);
#1329 = AXIS2_PLACEMENT_3D('',#1330,#1331,#1332);
#1330 = CARTESIAN_POINT('',(10.5,3.5,128.));
#1331 = DIRECTION('',(0.,1.,0.));
#1332 = DIRECTION('',(0.,-0.,1.));
#1333 = DEFINITIONAL_REPRESENTATION('',(#1334),#1338);
#1334 = LINE('',#1335,#1336);
#1335 = CARTESIAN_POINT('',(0.,0.5));
#1336 = VECTOR('',#1337,1.);
#1337 = DIRECTION('',(1.,0.));
#1338 = ( GEOMETRIC_REPRESENTATION_CONTEXT(2)
PARAMETRIC_REPRESENTATION_CONTEXT() REPRESENTATION_CONTEXT('2D SPACE',''
  ) );
#1339 = FACE_BOUND('',#1340,.T.);
#1340 = EDGE_LOOP('',(#1341));
#1341 = ORIENTED_EDGE('',*,*,#1342,.F.);
#1342 = EDGE_CURVE('',#1343,#1343,#1345,.T.);
#1343 = VERTEX_POINT('',#1344);
#1344 = CARTESIAN_POINT('',(9.,4.,149.7));
#1345 = SURFACE_CURVE('',#1346,(#1351,#1358),.PCURVE_S1.);
#1346 = CIRCLE('',#1347,1.7);
#1347 = AXIS2_PLACEMENT_3D('',#1348,#1349,#1350);
#1348 = CARTESIAN_POINT('',(9.,4.,148.));
#1349 = DIRECTION('',(0.,1.,0.));
#1350 = DIRECTION('',(0.,-0.,1.));
#1351 = PCURVE('',#100,#1352);
#1352 = DEFINITIONAL_REPRESENTATION('',(#1353),#1357);
#1353 = CIRCLE('',#1354,1.7);
#1354 = AXIS2_PLACEMENT_2D('',#1355,#1356);
#1355 = CARTESIAN_POINT('',(144.6,5.6));
#1356 = DIRECTION('',(1.,0.));
#1357 = ( GEOMETRIC_REPRESENTATION_CONTEXT(2)
PARAMETRIC_REPRESENTATION_CONTEXT() REPRESENTATION_CONTEXT('2D SPACE',''
  ) );
#1358 = PCURVE('',#543,#1359);
#1359 = DEFINITIONAL_REPRESENTATION('',(#1360),#1364);
#1360 = LINE('',#1361,#1362);
#1361 = CARTESIAN_POINT('',(0.,4.));
#1362 = VECTOR('',#1363,1.);
#1363 = DIRECTION('',(1.,0.));
#1364 = ( GEOMETRIC_REPRESENTATION_CONTEXT(2)
PARAMETRIC_REPRESENTATION_CONTEXT() REPRESENTATION_CONTEXT('2D SPACE',''
  ) );
#1365 = FACE_BOUND('',#1366,.T.);
#1366 = EDGE_LOOP('',(#1367));
#1367 = ORIENTED_EDGE('',*,*,#1368,.F.);
#1368 = EDGE_CURVE('',#1369,#1369,#1371,.T.);
#1369 = VERTEX_POINT('',#1370);
#1370 = CARTESIAN_POINT('',(48.,4.,78.));
#1371 = SURFACE_CURVE('',#1372,(#1377,#1384),.PCURVE_S1.);
#1372 = CIRCLE('',#1373,6.);
#1373 = AXIS2_PLACEMENT_3D('',#1374,#1375,#1376);
#1374 = CARTESIAN_POINT('',(48.,4.,72.));
#1375 = DIRECTION('',(0.,1.,0.));
#1376 = DIRECTION('',(0.,-0.,1.));
#1377 = PCURVE('',#100,#1378);
#1378 = DEFINITIONAL_REPRESENTATION('',(#1379),#1383);
#1379 = CIRCLE('',#1380,6.);
#1380 = AXIS2_PLACEMENT_2D('',#1381,#1382);
#1381 = CARTESIAN_POINT('',(68.6,44.6));
#1382 = DIRECTION('',(1.,0.));
#1383 = ( GEOMETRIC_REPRESENTATION_CONTEXT(2)
PARAMETRIC_REPRESENTATION_CONTEXT() REPRESENTATION_CONTEXT('2D SPACE',''
  ) );
#1384 = PCURVE('',#574,#1385);
#1385 = DEFINITIONAL_REPRESENTATION('',(#1386),#1390);
#1386 = LINE('',#1387,#1388);
#1387 = CARTESIAN_POINT('',(0.,4.));
#1388 = VECTOR('',#1389,1.);
#1389 = DIRECTION('',(1.,0.));
#1390 = ( GEOMETRIC_REPRESENTATION_CONTEXT(2)
PARAMETRIC_REPRESENTATION_CONTEXT() REPRESENTATION_CONTEXT('2D SPACE',''
  ) );
#1391 = FACE_BOUND('',#1392,.T.);
#1392 = EDGE_LOOP('',(#1393));
#1393 = ORIENTED_EDGE('',*,*,#1394,.F.);
#1394 = EDGE_CURVE('',#1395,#1395,#1397,.T.);
#1395 = VERTEX_POINT('',#1396);
#1396 = CARTESIAN_POINT('',(67.,4.,52.2));
#1397 = SURFACE_CURVE('',#1398,(#1403,#1410),.PCURVE_S1.);
#1398 = CIRCLE('',#1399,7.2);
#1399 = AXIS2_PLACEMENT_3D('',#1400,#1401,#1402);
#1400 = CARTESIAN_POINT('',(67.,4.,45.));
#1401 = DIRECTION('',(0.,1.,0.));
#1402 = DIRECTION('',(0.,-0.,1.));
#1403 = PCURVE('',#100,#1404);
#1404 = DEFINITIONAL_REPRESENTATION('',(#1405),#1409);
#1405 = CIRCLE('',#1406,7.2);
#1406 = AXIS2_PLACEMENT_2D('',#1407,#1408);
#1407 = CARTESIAN_POINT('',(41.6,63.6));
#1408 = DIRECTION('',(1.,0.));
#1409 = ( GEOMETRIC_REPRESENTATION_CONTEXT(2)
PARAMETRIC_REPRESENTATION_CONTEXT() REPRESENTATION_CONTEXT('2D SPACE',''
  ) );
#1410 = PCURVE('',#1411,#1416);
#1411 = CYLINDRICAL_SURFACE('',#1412,7.2);
#1412 = AXIS2_PLACEMENT_3D('',#1413,#1414,#1415);
#1413 = CARTESIAN_POINT('',(67.,3.8,45.));
#1414 = DIRECTION('',(0.,1.,0.));
#1415 = DIRECTION('',(0.,-0.,1.));
#1416 = DEFINITIONAL_REPRESENTATION('',(#1417),#1421);
#1417 = LINE('',#1418,#1419);
#1418 = CARTESIAN_POINT('',(0.,0.2));
#1419 = VECTOR('',#1420,1.);
#1420 = DIRECTION('',(1.,0.));
#1421 = ( GEOMETRIC_REPRESENTATION_CONTEXT(2)
PARAMETRIC_REPRESENTATION_CONTEXT() REPRESENTATION_CONTEXT('2D SPACE',''
  ) );
#1422 = FACE_BOUND('',#1423,.T.);
#1423 = EDGE_LOOP('',(#1424));
#1424 = ORIENTED_EDGE('',*,*,#1425,.F.);
#1425 = EDGE_CURVE('',#1426,#1426,#1428,.T.);
#1426 = VERTEX_POINT('',#1427);
#1427 = CARTESIAN_POINT('',(87.,4.,11.7));
#1428 = SURFACE_CURVE('',#1429,(#1434,#1441),.PCURVE_S1.);
#1429 = CIRCLE('',#1430,1.7);
#1430 = AXIS2_PLACEMENT_3D('',#1431,#1432,#1433);
#1431 = CARTESIAN_POINT('',(87.,4.,10.));
#1432 = DIRECTION('',(0.,1.,0.));
#1433 = DIRECTION('',(0.,-0.,1.));
#1434 = PCURVE('',#100,#1435);
#1435 = DEFINITIONAL_REPRESENTATION('',(#1436),#1440);
#1436 = CIRCLE('',#1437,1.7);
#1437 = AXIS2_PLACEMENT_2D('',#1438,#1439);
#1438 = CARTESIAN_POINT('',(6.6,83.6));
#1439 = DIRECTION('',(1.,0.));
#1440 = ( GEOMETRIC_REPRESENTATION_CONTEXT(2)
PARAMETRIC_REPRESENTATION_CONTEXT() REPRESENTATION_CONTEXT('2D SPACE',''
  ) );
#1441 = PCURVE('',#636,#1442);
#1442 = DEFINITIONAL_REPRESENTATION('',(#1443),#1447);
#1443 = LINE('',#1444,#1445);
#1444 = CARTESIAN_POINT('',(0.,4.));
#1445 = VECTOR('',#1446,1.);
#1446 = DIRECTION('',(1.,0.));
#1447 = ( GEOMETRIC_REPRESENTATION_CONTEXT(2)
PARAMETRIC_REPRESENTATION_CONTEXT() REPRESENTATION_CONTEXT('2D SPACE',''
  ) );
#1448 = FACE_BOUND('',#1449,.T.);
#1449 = EDGE_LOOP('',(#1450));
#1450 = ORIENTED_EDGE('',*,*,#1451,.F.);
#1451 = EDGE_CURVE('',#1452,#1452,#1454,.T.);
#1452 = VERTEX_POINT('',#1453);
#1453 = CARTESIAN_POINT('',(72.,4.,78.));
#1454 = SURFACE_CURVE('',#1455,(#1460,#1467),.PCURVE_S1.);
#1455 = CIRCLE('',#1456,6.);
#1456 = AXIS2_PLACEMENT_3D('',#1457,#1458,#1459);
#1457 = CARTESIAN_POINT('',(72.,4.,72.));
#1458 = DIRECTION('',(0.,1.,0.));
#1459 = DIRECTION('',(0.,-0.,1.));
#1460 = PCURVE('',#100,#1461);
#1461 = DEFINITIONAL_REPRESENTATION('',(#1462),#1466);
#1462 = CIRCLE('',#1463,6.);
#1463 = AXIS2_PLACEMENT_2D('',#1464,#1465);
#1464 = CARTESIAN_POINT('',(68.6,68.6));
#1465 = DIRECTION('',(1.,0.));
#1466 = ( GEOMETRIC_REPRESENTATION_CONTEXT(2)
PARAMETRIC_REPRESENTATION_CONTEXT() REPRESENTATION_CONTEXT('2D SPACE',''
  ) );
#1467 = PCURVE('',#667,#1468);
#1468 = DEFINITIONAL_REPRESENTATION('',(#1469),#1473);
#1469 = LINE('',#1470,#1471);
#1470 = CARTESIAN_POINT('',(0.,4.));
#1471 = VECTOR('',#1472,1.);
#1472 = DIRECTION('',(1.,0.));
#1473 = ( GEOMETRIC_REPRESENTATION_CONTEXT(2)
PARAMETRIC_REPRESENTATION_CONTEXT() REPRESENTATION_CONTEXT('2D SPACE',''
  ) );
#1474 = FACE_BOUND('',#1475,.T.);
#1475 = EDGE_LOOP('',(#1476));
#1476 = ORIENTED_EDGE('',*,*,#1477,.F.);
#1477 = EDGE_CURVE('',#1478,#1478,#1480,.T.);
#1478 = VERTEX_POINT('',#1479);
#1479 = CARTESIAN_POINT('',(48.,4.,92.));
#1480 = SURFACE_CURVE('',#1481,(#1486,#1493),.PCURVE_S1.);
#1481 = CIRCLE('',#1482,4.);
#1482 = AXIS2_PLACEMENT_3D('',#1483,#1484,#1485);
#1483 = CARTESIAN_POINT('',(48.,4.,88.));
#1484 = DIRECTION('',(0.,1.,0.));
#1485 = DIRECTION('',(0.,-0.,1.));
#1486 = PCURVE('',#100,#1487);
#1487 = DEFINITIONAL_REPRESENTATION('',(#1488),#1492);
#1488 = CIRCLE('',#1489,4.);
#1489 = AXIS2_PLACEMENT_2D('',#1490,#1491);
#1490 = CARTESIAN_POINT('',(84.6,44.6));
#1491 = DIRECTION('',(1.,0.));
#1492 = ( GEOMETRIC_REPRESENTATION_CONTEXT(2)
PARAMETRIC_REPRESENTATION_CONTEXT() REPRESENTATION_CONTEXT('2D SPACE',''
  ) );
#1493 = PCURVE('',#1494,#1499);
#1494 = CYLINDRICAL_SURFACE('',#1495,4.);
#1495 = AXIS2_PLACEMENT_3D('',#1496,#1497,#1498);
#1496 = CARTESIAN_POINT('',(48.,3.8,88.));
#1497 = DIRECTION('',(0.,1.,0.));
#1498 = DIRECTION('',(0.,-0.,1.));
#1499 = DEFINITIONAL_REPRESENTATION('',(#1500),#1504);
#1500 = LINE('',#1501,#1502);
#1501 = CARTESIAN_POINT('',(0.,0.2));
#1502 = VECTOR('',#1503,1.);
#1503 = DIRECTION('',(1.,0.));
#1504 = ( GEOMETRIC_REPRESENTATION_CONTEXT(2)
PARAMETRIC_REPRESENTATION_CONTEXT() REPRESENTATION_CONTEXT('2D SPACE',''
  ) );
#1505 = FACE_BOUND('',#1506,.T.);
#1506 = EDGE_LOOP('',(#1507,#1530,#1551,#1572));
#1507 = ORIENTED_EDGE('',*,*,#1508,.F.);
#1508 = EDGE_CURVE('',#1509,#1511,#1513,.T.);
#1509 = VERTEX_POINT('',#1510);
#1510 = CARTESIAN_POINT('',(12.3,4.,124.8));
#1511 = VERTEX_POINT('',#1512);
#1512 = CARTESIAN_POINT('',(83.7,4.,124.8));
#1513 = SURFACE_CURVE('',#1514,(#1518,#1524),.PCURVE_S1.);
#1514 = LINE('',#1515,#1516);
#1515 = CARTESIAN_POINT('',(7.85,4.,124.8));
#1516 = VECTOR('',#1517,1.);
#1517 = DIRECTION('',(1.,0.,-0.));
#1518 = PCURVE('',#100,#1519);
#1519 = DEFINITIONAL_REPRESENTATION('',(#1520),#1523);
#1520 = B_SPLINE_CURVE_WITH_KNOTS('',1,(#1521,#1522),.UNSPECIFIED.,.F.,
  .F.,(2,2),(4.45,75.85),.PIECEWISE_BEZIER_KNOTS.);
#1521 = CARTESIAN_POINT('',(121.4,8.9));
#1522 = CARTESIAN_POINT('',(121.4,80.3));
#1523 = ( GEOMETRIC_REPRESENTATION_CONTEXT(2)
PARAMETRIC_REPRESENTATION_CONTEXT() REPRESENTATION_CONTEXT('2D SPACE',''
  ) );
#1524 = PCURVE('',#729,#1525);
#1525 = DEFINITIONAL_REPRESENTATION('',(#1526),#1529);
#1526 = B_SPLINE_CURVE_WITH_KNOTS('',1,(#1527,#1528),.UNSPECIFIED.,.F.,
  .F.,(2,2),(4.45,75.85),.PIECEWISE_BEZIER_KNOTS.);
#1527 = CARTESIAN_POINT('',(0.,4.));
#1528 = CARTESIAN_POINT('',(71.4,4.));
#1529 = ( GEOMETRIC_REPRESENTATION_CONTEXT(2)
PARAMETRIC_REPRESENTATION_CONTEXT() REPRESENTATION_CONTEXT('2D SPACE',''
  ) );
#1530 = ORIENTED_EDGE('',*,*,#1531,.T.);
#1531 = EDGE_CURVE('',#1509,#1532,#1534,.T.);
#1532 = VERTEX_POINT('',#1533);
#1533 = CARTESIAN_POINT('',(12.3,4.,100.2));
#1534 = SURFACE_CURVE('',#1535,(#1539,#1545),.PCURVE_S1.);
#1535 = LINE('',#1536,#1537);
#1536 = CARTESIAN_POINT('',(12.3,4.,51.8));
#1537 = VECTOR('',#1538,1.);
#1538 = DIRECTION('',(-0.,0.,-1.));
#1539 = PCURVE('',#100,#1540);
#1540 = DEFINITIONAL_REPRESENTATION('',(#1541),#1544);
#1541 = B_SPLINE_CURVE_WITH_KNOTS('',1,(#1542,#1543),.UNSPECIFIED.,.F.,
  .F.,(2,2),(-73.,-48.4),.PIECEWISE_BEZIER_KNOTS.);
#1542 = CARTESIAN_POINT('',(121.4,8.9));
#1543 = CARTESIAN_POINT('',(96.8,8.9));
#1544 = ( GEOMETRIC_REPRESENTATION_CONTEXT(2)
PARAMETRIC_REPRESENTATION_CONTEXT() REPRESENTATION_CONTEXT('2D SPACE',''
  ) );
#1545 = PCURVE('',#755,#1546);
#1546 = DEFINITIONAL_REPRESENTATION('',(#1547),#1550);
#1547 = B_SPLINE_CURVE_WITH_KNOTS('',1,(#1548,#1549),.UNSPECIFIED.,.F.,
  .F.,(2,2),(-73.,-48.4),.PIECEWISE_BEZIER_KNOTS.);
#1548 = CARTESIAN_POINT('',(24.6,-4.));
#1549 = CARTESIAN_POINT('',(0.,-4.));
#1550 = ( GEOMETRIC_REPRESENTATION_CONTEXT(2)
PARAMETRIC_REPRESENTATION_CONTEXT() REPRESENTATION_CONTEXT('2D SPACE',''
  ) );
#1551 = ORIENTED_EDGE('',*,*,#1552,.T.);
#1552 = EDGE_CURVE('',#1532,#1553,#1555,.T.);
#1553 = VERTEX_POINT('',#1554);
#1554 = CARTESIAN_POINT('',(83.7,4.,100.2));
#1555 = SURFACE_CURVE('',#1556,(#1560,#1566),.PCURVE_S1.);
#1556 = LINE('',#1557,#1558);
#1557 = CARTESIAN_POINT('',(7.85,4.,100.2));
#1558 = VECTOR('',#1559,1.);
#1559 = DIRECTION('',(1.,0.,-0.));
#1560 = PCURVE('',#100,#1561);
#1561 = DEFINITIONAL_REPRESENTATION('',(#1562),#1565);
#1562 = B_SPLINE_CURVE_WITH_KNOTS('',1,(#1563,#1564),.UNSPECIFIED.,.F.,
  .F.,(2,2),(4.45,75.85),.PIECEWISE_BEZIER_KNOTS.);
#1563 = CARTESIAN_POINT('',(96.8,8.9));
#1564 = CARTESIAN_POINT('',(96.8,80.3));
#1565 = ( GEOMETRIC_REPRESENTATION_CONTEXT(2)
PARAMETRIC_REPRESENTATION_CONTEXT() REPRESENTATION_CONTEXT('2D SPACE',''
  ) );
#1566 = PCURVE('',#781,#1567);
#1567 = DEFINITIONAL_REPRESENTATION('',(#1568),#1571);
#1568 = B_SPLINE_CURVE_WITH_KNOTS('',1,(#1569,#1570),.UNSPECIFIED.,.F.,
  .F.,(2,2),(4.45,75.85),.PIECEWISE_BEZIER_KNOTS.);
#1569 = CARTESIAN_POINT('',(0.,4.));
#1570 = CARTESIAN_POINT('',(71.4,4.));
#1571 = ( GEOMETRIC_REPRESENTATION_CONTEXT(2)
PARAMETRIC_REPRESENTATION_CONTEXT() REPRESENTATION_CONTEXT('2D SPACE',''
  ) );
#1572 = ORIENTED_EDGE('',*,*,#1573,.F.);
#1573 = EDGE_CURVE('',#1511,#1553,#1574,.T.);
#1574 = SURFACE_CURVE('',#1575,(#1579,#1585),.PCURVE_S1.);
#1575 = LINE('',#1576,#1577);
#1576 = CARTESIAN_POINT('',(83.7,4.,51.8));
#1577 = VECTOR('',#1578,1.);
#1578 = DIRECTION('',(-0.,0.,-1.));
#1579 = PCURVE('',#100,#1580);
#1580 = DEFINITIONAL_REPRESENTATION('',(#1581),#1584);
#1581 = B_SPLINE_CURVE_WITH_KNOTS('',1,(#1582,#1583),.UNSPECIFIED.,.F.,
  .F.,(2,2),(-73.,-48.4),.PIECEWISE_BEZIER_KNOTS.);
#1582 = CARTESIAN_POINT('',(121.4,80.3));
#1583 = CARTESIAN_POINT('',(96.8,80.3));
#1584 = ( GEOMETRIC_REPRESENTATION_CONTEXT(2)
PARAMETRIC_REPRESENTATION_CONTEXT() REPRESENTATION_CONTEXT('2D SPACE',''
  ) );
#1585 = PCURVE('',#805,#1586);
#1586 = DEFINITIONAL_REPRESENTATION('',(#1587),#1590);
#1587 = B_SPLINE_CURVE_WITH_KNOTS('',1,(#1588,#1589),.UNSPECIFIED.,.F.,
  .F.,(2,2),(-73.,-48.4),.PIECEWISE_BEZIER_KNOTS.);
#1588 = CARTESIAN_POINT('',(24.6,-4.));
#1589 = CARTESIAN_POINT('',(0.,-4.));
#1590 = ( GEOMETRIC_REPRESENTATION_CONTEXT(2)
PARAMETRIC_REPRESENTATION_CONTEXT() REPRESENTATION_CONTEXT('2D SPACE',''
  ) );
#1591 = FACE_BOUND('',#1592,.T.);
#1592 = EDGE_LOOP('',(#1593));
#1593 = ORIENTED_EDGE('',*,*,#1594,.F.);
#1594 = EDGE_CURVE('',#1595,#1595,#1597,.T.);
#1595 = VERTEX_POINT('',#1596);
#1596 = CARTESIAN_POINT('',(72.,4.,92.));
#1597 = SURFACE_CURVE('',#1598,(#1603,#1610),.PCURVE_S1.);
#1598 = CIRCLE('',#1599,4.);
#1599 = AXIS2_PLACEMENT_3D('',#1600,#1601,#1602);
#1600 = CARTESIAN_POINT('',(72.,4.,88.));
#1601 = DIRECTION('',(0.,1.,0.));
#1602 = DIRECTION('',(0.,-0.,1.));
#1603 = PCURVE('',#100,#1604);
#1604 = DEFINITIONAL_REPRESENTATION('',(#1605),#1609);
#1605 = CIRCLE('',#1606,4.);
#1606 = AXIS2_PLACEMENT_2D('',#1607,#1608);
#1607 = CARTESIAN_POINT('',(84.6,68.6));
#1608 = DIRECTION('',(1.,0.));
#1609 = ( GEOMETRIC_REPRESENTATION_CONTEXT(2)
PARAMETRIC_REPRESENTATION_CONTEXT() REPRESENTATION_CONTEXT('2D SPACE',''
  ) );
#1610 = PCURVE('',#1611,#1616);
#1611 = CYLINDRICAL_SURFACE('',#1612,4.);
#1612 = AXIS2_PLACEMENT_3D('',#1613,#1614,#1615);
#1613 = CARTESIAN_POINT('',(72.,3.8,88.));
#1614 = DIRECTION('',(0.,1.,0.));
#1615 = DIRECTION('',(0.,-0.,1.));
#1616 = DEFINITIONAL_REPRESENTATION('',(#1617),#1621);
#1617 = LINE('',#1618,#1619);
#1618 = CARTESIAN_POINT('',(0.,0.2));
#1619 = VECTOR('',#1620,1.);
#1620 = DIRECTION('',(1.,0.));
#1621 = ( GEOMETRIC_REPRESENTATION_CONTEXT(2)
PARAMETRIC_REPRESENTATION_CONTEXT() REPRESENTATION_CONTEXT('2D SPACE',''
  ) );
#1622 = FACE_BOUND('',#1623,.T.);
#1623 = EDGE_LOOP('',(#1624));
#1624 = ORIENTED_EDGE('',*,*,#1625,.F.);
#1625 = EDGE_CURVE('',#1626,#1626,#1628,.T.);
#1626 = VERTEX_POINT('',#1627);
#1627 = CARTESIAN_POINT('',(85.5,4.,100.));
#1628 = SURFACE_CURVE('',#1629,(#1634,#1641),.PCURVE_S1.);
#1629 = CIRCLE('',#1630,3.);
#1630 = AXIS2_PLACEMENT_3D('',#1631,#1632,#1633);
#1631 = CARTESIAN_POINT('',(85.5,4.,97.));
#1632 = DIRECTION('',(0.,1.,0.));
#1633 = DIRECTION('',(0.,-0.,1.));
#1634 = PCURVE('',#100,#1635);
#1635 = DEFINITIONAL_REPRESENTATION('',(#1636),#1640);
#1636 = CIRCLE('',#1637,3.);
#1637 = AXIS2_PLACEMENT_2D('',#1638,#1639);
#1638 = CARTESIAN_POINT('',(93.6,82.1));
#1639 = DIRECTION('',(1.,0.));
#1640 = ( GEOMETRIC_REPRESENTATION_CONTEXT(2)
PARAMETRIC_REPRESENTATION_CONTEXT() REPRESENTATION_CONTEXT('2D SPACE',''
  ) );
#1641 = PCURVE('',#1642,#1647);
#1642 = CYLINDRICAL_SURFACE('',#1643,3.);
#1643 = AXIS2_PLACEMENT_3D('',#1644,#1645,#1646);
#1644 = CARTESIAN_POINT('',(85.5,3.5,97.));
#1645 = DIRECTION('',(0.,1.,0.));
#1646 = DIRECTION('',(0.,-0.,1.));
#1647 = DEFINITIONAL_REPRESENTATION('',(#1648),#1652);
#1648 = LINE('',#1649,#1650);
#1649 = CARTESIAN_POINT('',(0.,0.5));
#1650 = VECTOR('',#1651,1.);
#1651 = DIRECTION('',(1.,0.));
#1652 = ( GEOMETRIC_REPRESENTATION_CONTEXT(2)
PARAMETRIC_REPRESENTATION_CONTEXT() REPRESENTATION_CONTEXT('2D SPACE',''
  ) );
#1653 = FACE_BOUND('',#1654,.T.);
#1654 = EDGE_LOOP('',(#1655));
#1655 = ORIENTED_EDGE('',*,*,#1656,.F.);
#1656 = EDGE_CURVE('',#1657,#1657,#1659,.T.);
#1657 = VERTEX_POINT('',#1658);
#1658 = CARTESIAN_POINT('',(85.5,4.,131.));
#1659 = SURFACE_CURVE('',#1660,(#1665,#1672),.PCURVE_S1.);
#1660 = CIRCLE('',#1661,3.);
#1661 = AXIS2_PLACEMENT_3D('',#1662,#1663,#1664);
#1662 = CARTESIAN_POINT('',(85.5,4.,128.));
#1663 = DIRECTION('',(0.,1.,0.));
#1664 = DIRECTION('',(0.,-0.,1.));
#1665 = PCURVE('',#100,#1666);
#1666 = DEFINITIONAL_REPRESENTATION('',(#1667),#1671);
#1667 = CIRCLE('',#1668,3.);
#1668 = AXIS2_PLACEMENT_2D('',#1669,#1670);
#1669 = CARTESIAN_POINT('',(124.6,82.1));
#1670 = DIRECTION('',(1.,0.));
#1671 = ( GEOMETRIC_REPRESENTATION_CONTEXT(2)
PARAMETRIC_REPRESENTATION_CONTEXT() REPRESENTATION_CONTEXT('2D SPACE',''
  ) );
#1672 = PCURVE('',#1673,#1678);
#1673 = CYLINDRICAL_SURFACE('',#1674,3.);
#1674 = AXIS2_PLACEMENT_3D('',#1675,#1676,#1677);
#1675 = CARTESIAN_POINT('',(85.5,3.5,128.));
#1676 = DIRECTION('',(0.,1.,0.));
#1677 = DIRECTION('',(0.,-0.,1.));
#1678 = DEFINITIONAL_REPRESENTATION('',(#1679),#1683);
#1679 = LINE('',#1680,#1681);
#1680 = CARTESIAN_POINT('',(0.,0.5));
#1681 = VECTOR('',#1682,1.);
#1682 = DIRECTION('',(1.,0.));
#1683 = ( GEOMETRIC_REPRESENTATION_CONTEXT(2)
PARAMETRIC_REPRESENTATION_CONTEXT() REPRESENTATION_CONTEXT('2D SPACE',''
  ) );
#1684 = FACE_BOUND('',#1685,.T.);
#1685 = EDGE_LOOP('',(#1686));
#1686 = ORIENTED_EDGE('',*,*,#1687,.F.);
#1687 = EDGE_CURVE('',#1688,#1688,#1690,.T.);
#1688 = VERTEX_POINT('',#1689);
#1689 = CARTESIAN_POINT('',(87.,4.,149.7));
#1690 = SURFACE_CURVE('',#1691,(#1696,#1703),.PCURVE_S1.);
#1691 = CIRCLE('',#1692,1.7);
#1692 = AXIS2_PLACEMENT_3D('',#1693,#1694,#1695);
#1693 = CARTESIAN_POINT('',(87.,4.,148.));
#1694 = DIRECTION('',(0.,1.,0.));
#1695 = DIRECTION('',(0.,-0.,1.));
#1696 = PCURVE('',#100,#1697);
#1697 = DEFINITIONAL_REPRESENTATION('',(#1698),#1702);
#1698 = CIRCLE('',#1699,1.7);
#1699 = AXIS2_PLACEMENT_2D('',#1700,#1701);
#1700 = CARTESIAN_POINT('',(144.6,83.6));
#1701 = DIRECTION('',(1.,0.));
#1702 = ( GEOMETRIC_REPRESENTATION_CONTEXT(2)
PARAMETRIC_REPRESENTATION_CONTEXT() REPRESENTATION_CONTEXT('2D SPACE',''
  ) );
#1703 = PCURVE('',#928,#1704);
#1704 = DEFINITIONAL_REPRESENTATION('',(#1705),#1709);
#1705 = LINE('',#1706,#1707);
#1706 = CARTESIAN_POINT('',(0.,4.));
#1707 = VECTOR('',#1708,1.);
#1708 = DIRECTION('',(1.,0.));
#1709 = ( GEOMETRIC_REPRESENTATION_CONTEXT(2)
PARAMETRIC_REPRESENTATION_CONTEXT() REPRESENTATION_CONTEXT('2D SPACE',''
  ) );
#1710 = ADVANCED_FACE('',(#1711),#159,.F.);
#1711 = FACE_BOUND('',#1712,.F.);
#1712 = EDGE_LOOP('',(#1713,#1714,#1715,#1716));
#1713 = ORIENTED_EDGE('',*,*,#1047,.F.);
#1714 = ORIENTED_EDGE('',*,*,#944,.F.);
#1715 = ORIENTED_EDGE('',*,*,#141,.T.);
#1716 = ORIENTED_EDGE('',*,*,#1717,.T.);
#1717 = EDGE_CURVE('',#144,#1048,#1718,.T.);
#1718 = SURFACE_CURVE('',#1719,(#1723,#1730),.PCURVE_S1.);
#1719 = LINE('',#1720,#1721);
#1720 = CARTESIAN_POINT('',(89.6,1.,3.4));
#1721 = VECTOR('',#1722,1.);
#1722 = DIRECTION('',(-0.,1.,0.));
#1723 = PCURVE('',#159,#1724);
#1724 = DEFINITIONAL_REPRESENTATION('',(#1725),#1729);
#1725 = LINE('',#1726,#1727);
#1726 = CARTESIAN_POINT('',(86.2,0.));
#1727 = VECTOR('',#1728,1.);
#1728 = DIRECTION('',(0.,1.));
#1729 = ( GEOMETRIC_REPRESENTATION_CONTEXT(2)
PARAMETRIC_REPRESENTATION_CONTEXT() REPRESENTATION_CONTEXT('2D SPACE',''
  ) );
#1730 = PCURVE('',#326,#1731);
#1731 = DEFINITIONAL_REPRESENTATION('',(#1732),#1736);
#1732 = LINE('',#1733,#1734);
#1733 = CARTESIAN_POINT('',(1.570796326795,0.));
#1734 = VECTOR('',#1735,1.);
#1735 = DIRECTION('',(0.,1.));
#1736 = ( GEOMETRIC_REPRESENTATION_CONTEXT(2)
PARAMETRIC_REPRESENTATION_CONTEXT() REPRESENTATION_CONTEXT('2D SPACE',''
  ) );
#1737 = ADVANCED_FACE('',(#1738),#326,.T.);
#1738 = FACE_BOUND('',#1739,.T.);
#1739 = EDGE_LOOP('',(#1740,#1741,#1742,#1743));
#1740 = ORIENTED_EDGE('',*,*,#311,.T.);
#1741 = ORIENTED_EDGE('',*,*,#1717,.T.);
#1742 = ORIENTED_EDGE('',*,*,#1147,.F.);
#1743 = ORIENTED_EDGE('',*,*,#1744,.F.);
#1744 = EDGE_CURVE('',#284,#1125,#1745,.T.);
#1745 = SURFACE_CURVE('',#1746,(#1750,#1757),.PCURVE_S1.);
#1746 = LINE('',#1747,#1748);
#1747 = CARTESIAN_POINT('',(92.6,1.,6.4));
#1748 = VECTOR('',#1749,1.);
#1749 = DIRECTION('',(-0.,1.,0.));
#1750 = PCURVE('',#326,#1751);
#1751 = DEFINITIONAL_REPRESENTATION('',(#1752),#1756);
#1752 = LINE('',#1753,#1754);
#1753 = CARTESIAN_POINT('',(0.,0.));
#1754 = VECTOR('',#1755,1.);
#1755 = DIRECTION('',(0.,1.));
#1756 = ( GEOMETRIC_REPRESENTATION_CONTEXT(2)
PARAMETRIC_REPRESENTATION_CONTEXT() REPRESENTATION_CONTEXT('2D SPACE',''
  ) );
#1757 = PCURVE('',#299,#1758);
#1758 = DEFINITIONAL_REPRESENTATION('',(#1759),#1763);
#1759 = LINE('',#1760,#1761);
#1760 = CARTESIAN_POINT('',(3.,0.));
#1761 = VECTOR('',#1762,1.);
#1762 = DIRECTION('',(0.,-1.));
#1763 = ( GEOMETRIC_REPRESENTATION_CONTEXT(2)
PARAMETRIC_REPRESENTATION_CONTEXT() REPRESENTATION_CONTEXT('2D SPACE',''
  ) );
#1764 = ADVANCED_FACE('',(#1765),#299,.T.);
#1765 = FACE_BOUND('',#1766,.T.);
#1766 = EDGE_LOOP('',(#1767,#1768,#1769,#1770));
#1767 = ORIENTED_EDGE('',*,*,#283,.F.);
#1768 = ORIENTED_EDGE('',*,*,#1744,.T.);
#1769 = ORIENTED_EDGE('',*,*,#1124,.T.);
#1770 = ORIENTED_EDGE('',*,*,#1771,.F.);
#1771 = EDGE_CURVE('',#251,#1097,#1772,.T.);
#1772 = SURFACE_CURVE('',#1773,(#1777,#1784),.PCURVE_S1.);
#1773 = LINE('',#1774,#1775);
#1774 = CARTESIAN_POINT('',(92.6,1.,151.6));
#1775 = VECTOR('',#1776,1.);
#1776 = DIRECTION('',(-0.,1.,0.));
#1777 = PCURVE('',#299,#1778);
#1778 = DEFINITIONAL_REPRESENTATION('',(#1779),#1783);
#1779 = LINE('',#1780,#1781);
#1780 = CARTESIAN_POINT('',(148.2,0.));
#1781 = VECTOR('',#1782,1.);
#1782 = DIRECTION('',(0.,-1.));
#1783 = ( GEOMETRIC_REPRESENTATION_CONTEXT(2)
PARAMETRIC_REPRESENTATION_CONTEXT() REPRESENTATION_CONTEXT('2D SPACE',''
  ) );
#1784 = PCURVE('',#271,#1785);
#1785 = DEFINITIONAL_REPRESENTATION('',(#1786),#1790);
#1786 = LINE('',#1787,#1788);
#1787 = CARTESIAN_POINT('',(-0.,0.));
#1788 = VECTOR('',#1789,1.);
#1789 = DIRECTION('',(-0.,1.));
#1790 = ( GEOMETRIC_REPRESENTATION_CONTEXT(2)
PARAMETRIC_REPRESENTATION_CONTEXT() REPRESENTATION_CONTEXT('2D SPACE',''
  ) );
#1791 = ADVANCED_FACE('',(#1792),#271,.T.);
#1792 = FACE_BOUND('',#1793,.F.);
#1793 = EDGE_LOOP('',(#1794,#1795,#1816,#1817));
#1794 = ORIENTED_EDGE('',*,*,#250,.T.);
#1795 = ORIENTED_EDGE('',*,*,#1796,.T.);
#1796 = EDGE_CURVE('',#223,#1074,#1797,.T.);
#1797 = SURFACE_CURVE('',#1798,(#1802,#1809),.PCURVE_S1.);
#1798 = LINE('',#1799,#1800);
#1799 = CARTESIAN_POINT('',(89.6,1.,154.6));
#1800 = VECTOR('',#1801,1.);
#1801 = DIRECTION('',(-0.,1.,0.));
#1802 = PCURVE('',#271,#1803);
#1803 = DEFINITIONAL_REPRESENTATION('',(#1804),#1808);
#1804 = LINE('',#1805,#1806);
#1805 = CARTESIAN_POINT('',(-1.570796326795,0.));
#1806 = VECTOR('',#1807,1.);
#1807 = DIRECTION('',(-0.,1.));
#1808 = ( GEOMETRIC_REPRESENTATION_CONTEXT(2)
PARAMETRIC_REPRESENTATION_CONTEXT() REPRESENTATION_CONTEXT('2D SPACE',''
  ) );
#1809 = PCURVE('',#238,#1810);
#1810 = DEFINITIONAL_REPRESENTATION('',(#1811),#1815);
#1811 = LINE('',#1812,#1813);
#1812 = CARTESIAN_POINT('',(86.2,0.));
#1813 = VECTOR('',#1814,1.);
#1814 = DIRECTION('',(0.,1.));
#1815 = ( GEOMETRIC_REPRESENTATION_CONTEXT(2)
PARAMETRIC_REPRESENTATION_CONTEXT() REPRESENTATION_CONTEXT('2D SPACE',''
  ) );
#1816 = ORIENTED_EDGE('',*,*,#1096,.F.);
#1817 = ORIENTED_EDGE('',*,*,#1771,.F.);
#1818 = ADVANCED_FACE('',(#1819),#238,.T.);
#1819 = FACE_BOUND('',#1820,.T.);
#1820 = EDGE_LOOP('',(#1821,#1822,#1823,#1824));
#1821 = ORIENTED_EDGE('',*,*,#1073,.F.);
#1822 = ORIENTED_EDGE('',*,*,#998,.F.);
#1823 = ORIENTED_EDGE('',*,*,#222,.T.);
#1824 = ORIENTED_EDGE('',*,*,#1796,.T.);
#1825 = ADVANCED_FACE('',(#1826),#357,.F.);
#1826 = FACE_BOUND('',#1827,.F.);
#1827 = EDGE_LOOP('',(#1828,#1829,#1850,#1851));
#1828 = ORIENTED_EDGE('',*,*,#1171,.F.);
#1829 = ORIENTED_EDGE('',*,*,#1830,.F.);
#1830 = EDGE_CURVE('',#341,#1172,#1831,.T.);
#1831 = SEAM_CURVE('',#1832,(#1836,#1843),.PCURVE_S1.);
#1832 = LINE('',#1833,#1834);
#1833 = CARTESIAN_POINT('',(9.,0.,11.7));
#1834 = VECTOR('',#1835,1.);
#1835 = DIRECTION('',(0.,1.,0.));
#1836 = PCURVE('',#357,#1837);
#1837 = DEFINITIONAL_REPRESENTATION('',(#1838),#1842);
#1838 = LINE('',#1839,#1840);
#1839 = CARTESIAN_POINT('',(6.28318530718,-0.));
#1840 = VECTOR('',#1841,1.);
#1841 = DIRECTION('',(0.,1.));
#1842 = ( GEOMETRIC_REPRESENTATION_CONTEXT(2)
PARAMETRIC_REPRESENTATION_CONTEXT() REPRESENTATION_CONTEXT('2D SPACE',''
  ) );
#1843 = PCURVE('',#357,#1844);
#1844 = DEFINITIONAL_REPRESENTATION('',(#1845),#1849);
#1845 = LINE('',#1846,#1847);
#1846 = CARTESIAN_POINT('',(0.,-0.));
#1847 = VECTOR('',#1848,1.);
#1848 = DIRECTION('',(0.,1.));
#1849 = ( GEOMETRIC_REPRESENTATION_CONTEXT(2)
PARAMETRIC_REPRESENTATION_CONTEXT() REPRESENTATION_CONTEXT('2D SPACE',''
  ) );
#1850 = ORIENTED_EDGE('',*,*,#340,.T.);
#1851 = ORIENTED_EDGE('',*,*,#1830,.T.);
#1852 = ADVANCED_FACE('',(#1853),#388,.F.);
#1853 = FACE_BOUND('',#1854,.F.);
#1854 = EDGE_LOOP('',(#1855,#1856,#1877,#1878));
#1855 = ORIENTED_EDGE('',*,*,#1197,.F.);
#1856 = ORIENTED_EDGE('',*,*,#1857,.F.);
#1857 = EDGE_CURVE('',#372,#1198,#1858,.T.);
#1858 = SEAM_CURVE('',#1859,(#1863,#1870),.PCURVE_S1.);
#1859 = LINE('',#1860,#1861);
#1860 = CARTESIAN_POINT('',(24.,0.,78.));
#1861 = VECTOR('',#1862,1.);
#1862 = DIRECTION('',(0.,1.,0.));
#1863 = PCURVE('',#388,#1864);
#1864 = DEFINITIONAL_REPRESENTATION('',(#1865),#1869);
#1865 = LINE('',#1866,#1867);
#1866 = CARTESIAN_POINT('',(6.28318530718,-0.));
#1867 = VECTOR('',#1868,1.);
#1868 = DIRECTION('',(0.,1.));
#1869 = ( GEOMETRIC_REPRESENTATION_CONTEXT(2)
PARAMETRIC_REPRESENTATION_CONTEXT() REPRESENTATION_CONTEXT('2D SPACE',''
  ) );
#1870 = PCURVE('',#388,#1871);
#1871 = DEFINITIONAL_REPRESENTATION('',(#1872),#1876);
#1872 = LINE('',#1873,#1874);
#1873 = CARTESIAN_POINT('',(0.,-0.));
#1874 = VECTOR('',#1875,1.);
#1875 = DIRECTION('',(0.,1.));
#1876 = ( GEOMETRIC_REPRESENTATION_CONTEXT(2)
PARAMETRIC_REPRESENTATION_CONTEXT() REPRESENTATION_CONTEXT('2D SPACE',''
  ) );
#1877 = ORIENTED_EDGE('',*,*,#371,.T.);
#1878 = ORIENTED_EDGE('',*,*,#1857,.T.);
#1879 = ADVANCED_FACE('',(#1880),#419,.F.);
#1880 = FACE_BOUND('',#1881,.F.);
#1881 = EDGE_LOOP('',(#1882,#1883,#1904,#1905));
#1882 = ORIENTED_EDGE('',*,*,#1223,.F.);
#1883 = ORIENTED_EDGE('',*,*,#1884,.F.);
#1884 = EDGE_CURVE('',#403,#1224,#1885,.T.);
#1885 = SEAM_CURVE('',#1886,(#1890,#1897),.PCURVE_S1.);
#1886 = LINE('',#1887,#1888);
#1887 = CARTESIAN_POINT('',(32.,0.,51.5));
#1888 = VECTOR('',#1889,1.);
#1889 = DIRECTION('',(0.,1.,0.));
#1890 = PCURVE('',#419,#1891);
#1891 = DEFINITIONAL_REPRESENTATION('',(#1892),#1896);
#1892 = LINE('',#1893,#1894);
#1893 = CARTESIAN_POINT('',(6.28318530718,-0.));
#1894 = VECTOR('',#1895,1.);
#1895 = DIRECTION('',(0.,1.));
#1896 = ( GEOMETRIC_REPRESENTATION_CONTEXT(2)
PARAMETRIC_REPRESENTATION_CONTEXT() REPRESENTATION_CONTEXT('2D SPACE',''
  ) );
#1897 = PCURVE('',#419,#1898);
#1898 = DEFINITIONAL_REPRESENTATION('',(#1899),#1903);
#1899 = LINE('',#1900,#1901);
#1900 = CARTESIAN_POINT('',(0.,-0.));
#1901 = VECTOR('',#1902,1.);
#1902 = DIRECTION('',(0.,1.));
#1903 = ( GEOMETRIC_REPRESENTATION_CONTEXT(2)
PARAMETRIC_REPRESENTATION_CONTEXT() REPRESENTATION_CONTEXT('2D SPACE',''
  ) );
#1904 = ORIENTED_EDGE('',*,*,#402,.T.);
#1905 = ORIENTED_EDGE('',*,*,#1884,.T.);
#1906 = ADVANCED_FACE('',(#1907),#450,.F.);
#1907 = FACE_BOUND('',#1908,.F.);
#1908 = EDGE_LOOP('',(#1909,#1938,#1959,#1960));
#1909 = ORIENTED_EDGE('',*,*,#1910,.F.);
#1910 = EDGE_CURVE('',#1911,#1911,#1913,.T.);
#1911 = VERTEX_POINT('',#1912);
#1912 = CARTESIAN_POINT('',(10.5,12.,98.5));
#1913 = SURFACE_CURVE('',#1914,(#1919,#1926),.PCURVE_S1.);
#1914 = CIRCLE('',#1915,1.5);
#1915 = AXIS2_PLACEMENT_3D('',#1916,#1917,#1918);
#1916 = CARTESIAN_POINT('',(10.5,12.,97.));
#1917 = DIRECTION('',(0.,1.,0.));
#1918 = DIRECTION('',(0.,-0.,1.));
#1919 = PCURVE('',#450,#1920);
#1920 = DEFINITIONAL_REPRESENTATION('',(#1921),#1925);
#1921 = LINE('',#1922,#1923);
#1922 = CARTESIAN_POINT('',(0.,12.));
#1923 = VECTOR('',#1924,1.);
#1924 = DIRECTION('',(1.,0.));
#1925 = ( GEOMETRIC_REPRESENTATION_CONTEXT(2)
PARAMETRIC_REPRESENTATION_CONTEXT() REPRESENTATION_CONTEXT('2D SPACE',''
  ) );
#1926 = PCURVE('',#1927,#1932);
#1927 = PLANE('',#1928);
#1928 = AXIS2_PLACEMENT_3D('',#1929,#1930,#1931);
#1929 = CARTESIAN_POINT('',(10.5,12.,97.));
#1930 = DIRECTION('',(0.,1.,0.));
#1931 = DIRECTION('',(0.,-0.,1.));
#1932 = DEFINITIONAL_REPRESENTATION('',(#1933),#1937);
#1933 = CIRCLE('',#1934,1.5);
#1934 = AXIS2_PLACEMENT_2D('',#1935,#1936);
#1935 = CARTESIAN_POINT('',(0.,0.));
#1936 = DIRECTION('',(1.,0.));
#1937 = ( GEOMETRIC_REPRESENTATION_CONTEXT(2)
PARAMETRIC_REPRESENTATION_CONTEXT() REPRESENTATION_CONTEXT('2D SPACE',''
  ) );
#1938 = ORIENTED_EDGE('',*,*,#1939,.F.);
#1939 = EDGE_CURVE('',#434,#1911,#1940,.T.);
#1940 = SEAM_CURVE('',#1941,(#1945,#1952),.PCURVE_S1.);
#1941 = LINE('',#1942,#1943);
#1942 = CARTESIAN_POINT('',(10.5,0.,98.5));
#1943 = VECTOR('',#1944,1.);
#1944 = DIRECTION('',(0.,1.,0.));
#1945 = PCURVE('',#450,#1946);
#1946 = DEFINITIONAL_REPRESENTATION('',(#1947),#1951);
#1947 = LINE('',#1948,#1949);
#1948 = CARTESIAN_POINT('',(6.28318530718,-0.));
#1949 = VECTOR('',#1950,1.);
#1950 = DIRECTION('',(0.,1.));
#1951 = ( GEOMETRIC_REPRESENTATION_CONTEXT(2)
PARAMETRIC_REPRESENTATION_CONTEXT() REPRESENTATION_CONTEXT('2D SPACE',''
  ) );
#1952 = PCURVE('',#450,#1953);
#1953 = DEFINITIONAL_REPRESENTATION('',(#1954),#1958);
#1954 = LINE('',#1955,#1956);
#1955 = CARTESIAN_POINT('',(0.,-0.));
#1956 = VECTOR('',#1957,1.);
#1957 = DIRECTION('',(0.,1.));
#1958 = ( GEOMETRIC_REPRESENTATION_CONTEXT(2)
PARAMETRIC_REPRESENTATION_CONTEXT() REPRESENTATION_CONTEXT('2D SPACE',''
  ) );
#1959 = ORIENTED_EDGE('',*,*,#433,.T.);
#1960 = ORIENTED_EDGE('',*,*,#1939,.T.);
#1961 = ADVANCED_FACE('',(#1962),#481,.F.);
#1962 = FACE_BOUND('',#1963,.F.);
#1963 = EDGE_LOOP('',(#1964,#1993,#2014,#2015));
#1964 = ORIENTED_EDGE('',*,*,#1965,.F.);
#1965 = EDGE_CURVE('',#1966,#1966,#1968,.T.);
#1966 = VERTEX_POINT('',#1967);
#1967 = CARTESIAN_POINT('',(24.,4.,90.5));
#1968 = SURFACE_CURVE('',#1969,(#1974,#1981),.PCURVE_S1.);
#1969 = CIRCLE('',#1970,2.5);
#1970 = AXIS2_PLACEMENT_3D('',#1971,#1972,#1973);
#1971 = CARTESIAN_POINT('',(24.,4.,88.));
#1972 = DIRECTION('',(0.,1.,0.));
#1973 = DIRECTION('',(0.,-0.,1.));
#1974 = PCURVE('',#481,#1975);
#1975 = DEFINITIONAL_REPRESENTATION('',(#1976),#1980);
#1976 = LINE('',#1977,#1978);
#1977 = CARTESIAN_POINT('',(0.,4.));
#1978 = VECTOR('',#1979,1.);
#1979 = DIRECTION('',(1.,0.));
#1980 = ( GEOMETRIC_REPRESENTATION_CONTEXT(2)
PARAMETRIC_REPRESENTATION_CONTEXT() REPRESENTATION_CONTEXT('2D SPACE',''
  ) );
#1981 = PCURVE('',#1982,#1987);
#1982 = PLANE('',#1983);
#1983 = AXIS2_PLACEMENT_3D('',#1984,#1985,#1986);
#1984 = CARTESIAN_POINT('',(3.4,4.,3.4));
#1985 = DIRECTION('',(-0.,1.,0.));
#1986 = DIRECTION('',(0.,0.,1.));
#1987 = DEFINITIONAL_REPRESENTATION('',(#1988),#1992);
#1988 = CIRCLE('',#1989,2.5);
#1989 = AXIS2_PLACEMENT_2D('',#1990,#1991);
#1990 = CARTESIAN_POINT('',(84.6,20.6));
#1991 = DIRECTION('',(1.,0.));
#1992 = ( GEOMETRIC_REPRESENTATION_CONTEXT(2)
PARAMETRIC_REPRESENTATION_CONTEXT() REPRESENTATION_CONTEXT('2D SPACE',''
  ) );
#1993 = ORIENTED_EDGE('',*,*,#1994,.F.);
#1994 = EDGE_CURVE('',#465,#1966,#1995,.T.);
#1995 = SEAM_CURVE('',#1996,(#2000,#2007),.PCURVE_S1.);
#1996 = LINE('',#1997,#1998);
#1997 = CARTESIAN_POINT('',(24.,0.,90.5));
#1998 = VECTOR('',#1999,1.);
#1999 = DIRECTION('',(0.,1.,0.));
#2000 = PCURVE('',#481,#2001);
#2001 = DEFINITIONAL_REPRESENTATION('',(#2002),#2006);
#2002 = LINE('',#2003,#2004);
#2003 = CARTESIAN_POINT('',(6.28318530718,-0.));
#2004 = VECTOR('',#2005,1.);
#2005 = DIRECTION('',(0.,1.));
#2006 = ( GEOMETRIC_REPRESENTATION_CONTEXT(2)
PARAMETRIC_REPRESENTATION_CONTEXT() REPRESENTATION_CONTEXT('2D SPACE',''
  ) );
#2007 = PCURVE('',#481,#2008);
#2008 = DEFINITIONAL_REPRESENTATION('',(#2009),#2013);
#2009 = LINE('',#2010,#2011);
#2010 = CARTESIAN_POINT('',(0.,-0.));
#2011 = VECTOR('',#2012,1.);
#2012 = DIRECTION('',(0.,1.));
#2013 = ( GEOMETRIC_REPRESENTATION_CONTEXT(2)
PARAMETRIC_REPRESENTATION_CONTEXT() REPRESENTATION_CONTEXT('2D SPACE',''
  ) );
#2014 = ORIENTED_EDGE('',*,*,#464,.T.);
#2015 = ORIENTED_EDGE('',*,*,#1994,.T.);
#2016 = ADVANCED_FACE('',(#2017),#512,.F.);
#2017 = FACE_BOUND('',#2018,.F.);
#2018 = EDGE_LOOP('',(#2019,#2048,#2069,#2070));
#2019 = ORIENTED_EDGE('',*,*,#2020,.F.);
#2020 = EDGE_CURVE('',#2021,#2021,#2023,.T.);
#2021 = VERTEX_POINT('',#2022);
#2022 = CARTESIAN_POINT('',(10.5,12.,129.5));
#2023 = SURFACE_CURVE('',#2024,(#2029,#2036),.PCURVE_S1.);
#2024 = CIRCLE('',#2025,1.5);
#2025 = AXIS2_PLACEMENT_3D('',#2026,#2027,#2028);
#2026 = CARTESIAN_POINT('',(10.5,12.,128.));
#2027 = DIRECTION('',(0.,1.,0.));
#2028 = DIRECTION('',(0.,-0.,1.));
#2029 = PCURVE('',#512,#2030);
#2030 = DEFINITIONAL_REPRESENTATION('',(#2031),#2035);
#2031 = LINE('',#2032,#2033);
#2032 = CARTESIAN_POINT('',(0.,12.));
#2033 = VECTOR('',#2034,1.);
#2034 = DIRECTION('',(1.,0.));
#2035 = ( GEOMETRIC_REPRESENTATION_CONTEXT(2)
PARAMETRIC_REPRESENTATION_CONTEXT() REPRESENTATION_CONTEXT('2D SPACE',''
  ) );
#2036 = PCURVE('',#2037,#2042);
#2037 = PLANE('',#2038);
#2038 = AXIS2_PLACEMENT_3D('',#2039,#2040,#2041);
#2039 = CARTESIAN_POINT('',(10.5,12.,128.));
#2040 = DIRECTION('',(0.,1.,0.));
#2041 = DIRECTION('',(0.,-0.,1.));
#2042 = DEFINITIONAL_REPRESENTATION('',(#2043),#2047);
#2043 = CIRCLE('',#2044,1.5);
#2044 = AXIS2_PLACEMENT_2D('',#2045,#2046);
#2045 = CARTESIAN_POINT('',(0.,0.));
#2046 = DIRECTION('',(1.,0.));
#2047 = ( GEOMETRIC_REPRESENTATION_CONTEXT(2)
PARAMETRIC_REPRESENTATION_CONTEXT() REPRESENTATION_CONTEXT('2D SPACE',''
  ) );
#2048 = ORIENTED_EDGE('',*,*,#2049,.F.);
#2049 = EDGE_CURVE('',#496,#2021,#2050,.T.);
#2050 = SEAM_CURVE('',#2051,(#2055,#2062),.PCURVE_S1.);
#2051 = LINE('',#2052,#2053);
#2052 = CARTESIAN_POINT('',(10.5,0.,129.5));
#2053 = VECTOR('',#2054,1.);
#2054 = DIRECTION('',(0.,1.,0.));
#2055 = PCURVE('',#512,#2056);
#2056 = DEFINITIONAL_REPRESENTATION('',(#2057),#2061);
#2057 = LINE('',#2058,#2059);
#2058 = CARTESIAN_POINT('',(6.28318530718,-0.));
#2059 = VECTOR('',#2060,1.);
#2060 = DIRECTION('',(0.,1.));
#2061 = ( GEOMETRIC_REPRESENTATION_CONTEXT(2)
PARAMETRIC_REPRESENTATION_CONTEXT() REPRESENTATION_CONTEXT('2D SPACE',''
  ) );
#2062 = PCURVE('',#512,#2063);
#2063 = DEFINITIONAL_REPRESENTATION('',(#2064),#2068);
#2064 = LINE('',#2065,#2066);
#2065 = CARTESIAN_POINT('',(0.,-0.));
#2066 = VECTOR('',#2067,1.);
#2067 = DIRECTION('',(0.,1.));
#2068 = ( GEOMETRIC_REPRESENTATION_CONTEXT(2)
PARAMETRIC_REPRESENTATION_CONTEXT() REPRESENTATION_CONTEXT('2D SPACE',''
  ) );
#2069 = ORIENTED_EDGE('',*,*,#495,.T.);
#2070 = ORIENTED_EDGE('',*,*,#2049,.T.);
#2071 = ADVANCED_FACE('',(#2072),#543,.F.);
#2072 = FACE_BOUND('',#2073,.F.);
#2073 = EDGE_LOOP('',(#2074,#2075,#2096,#2097));
#2074 = ORIENTED_EDGE('',*,*,#1342,.F.);
#2075 = ORIENTED_EDGE('',*,*,#2076,.F.);
#2076 = EDGE_CURVE('',#527,#1343,#2077,.T.);
#2077 = SEAM_CURVE('',#2078,(#2082,#2089),.PCURVE_S1.);
#2078 = LINE('',#2079,#2080);
#2079 = CARTESIAN_POINT('',(9.,0.,149.7));
#2080 = VECTOR('',#2081,1.);
#2081 = DIRECTION('',(0.,1.,0.));
#2082 = PCURVE('',#543,#2083);
#2083 = DEFINITIONAL_REPRESENTATION('',(#2084),#2088);
#2084 = LINE('',#2085,#2086);
#2085 = CARTESIAN_POINT('',(6.28318530718,-0.));
#2086 = VECTOR('',#2087,1.);
#2087 = DIRECTION('',(0.,1.));
#2088 = ( GEOMETRIC_REPRESENTATION_CONTEXT(2)
PARAMETRIC_REPRESENTATION_CONTEXT() REPRESENTATION_CONTEXT('2D SPACE',''
  ) );
#2089 = PCURVE('',#543,#2090);
#2090 = DEFINITIONAL_REPRESENTATION('',(#2091),#2095);
#2091 = LINE('',#2092,#2093);
#2092 = CARTESIAN_POINT('',(0.,-0.));
#2093 = VECTOR('',#2094,1.);
#2094 = DIRECTION('',(0.,1.));
#2095 = ( GEOMETRIC_REPRESENTATION_CONTEXT(2)
PARAMETRIC_REPRESENTATION_CONTEXT() REPRESENTATION_CONTEXT('2D SPACE',''
  ) );
#2096 = ORIENTED_EDGE('',*,*,#526,.T.);
#2097 = ORIENTED_EDGE('',*,*,#2076,.T.);
#2098 = ADVANCED_FACE('',(#2099),#574,.F.);
#2099 = FACE_BOUND('',#2100,.F.);
#2100 = EDGE_LOOP('',(#2101,#2102,#2123,#2124));
#2101 = ORIENTED_EDGE('',*,*,#1368,.F.);
#2102 = ORIENTED_EDGE('',*,*,#2103,.F.);
#2103 = EDGE_CURVE('',#558,#1369,#2104,.T.);
#2104 = SEAM_CURVE('',#2105,(#2109,#2116),.PCURVE_S1.);
#2105 = LINE('',#2106,#2107);
#2106 = CARTESIAN_POINT('',(48.,0.,78.));
#2107 = VECTOR('',#2108,1.);
#2108 = DIRECTION('',(0.,1.,0.));
#2109 = PCURVE('',#574,#2110);
#2110 = DEFINITIONAL_REPRESENTATION('',(#2111),#2115);
#2111 = LINE('',#2112,#2113);
#2112 = CARTESIAN_POINT('',(6.28318530718,-0.));
#2113 = VECTOR('',#2114,1.);
#2114 = DIRECTION('',(0.,1.));
#2115 = ( GEOMETRIC_REPRESENTATION_CONTEXT(2)
PARAMETRIC_REPRESENTATION_CONTEXT() REPRESENTATION_CONTEXT('2D SPACE',''
  ) );
#2116 = PCURVE('',#574,#2117);
#2117 = DEFINITIONAL_REPRESENTATION('',(#2118),#2122);
#2118 = LINE('',#2119,#2120);
#2119 = CARTESIAN_POINT('',(0.,-0.));
#2120 = VECTOR('',#2121,1.);
#2121 = DIRECTION('',(0.,1.));
#2122 = ( GEOMETRIC_REPRESENTATION_CONTEXT(2)
PARAMETRIC_REPRESENTATION_CONTEXT() REPRESENTATION_CONTEXT('2D SPACE',''
  ) );
#2123 = ORIENTED_EDGE('',*,*,#557,.T.);
#2124 = ORIENTED_EDGE('',*,*,#2103,.T.);
#2125 = ADVANCED_FACE('',(#2126),#605,.F.);
#2126 = FACE_BOUND('',#2127,.F.);
#2127 = EDGE_LOOP('',(#2128,#2157,#2178,#2179));
#2128 = ORIENTED_EDGE('',*,*,#2129,.F.);
#2129 = EDGE_CURVE('',#2130,#2130,#2132,.T.);
#2130 = VERTEX_POINT('',#2131);
#2131 = CARTESIAN_POINT('',(67.,4.,47.));
#2132 = SURFACE_CURVE('',#2133,(#2138,#2145),.PCURVE_S1.);
#2133 = CIRCLE('',#2134,2.);
#2134 = AXIS2_PLACEMENT_3D('',#2135,#2136,#2137);
#2135 = CARTESIAN_POINT('',(67.,4.,45.));
#2136 = DIRECTION('',(0.,1.,0.));
#2137 = DIRECTION('',(0.,-0.,1.));
#2138 = PCURVE('',#605,#2139);
#2139 = DEFINITIONAL_REPRESENTATION('',(#2140),#2144);
#2140 = LINE('',#2141,#2142);
#2141 = CARTESIAN_POINT('',(0.,4.));
#2142 = VECTOR('',#2143,1.);
#2143 = DIRECTION('',(1.,0.));
#2144 = ( GEOMETRIC_REPRESENTATION_CONTEXT(2)
PARAMETRIC_REPRESENTATION_CONTEXT() REPRESENTATION_CONTEXT('2D SPACE',''
  ) );
#2145 = PCURVE('',#2146,#2151);
#2146 = PLANE('',#2147);
#2147 = AXIS2_PLACEMENT_3D('',#2148,#2149,#2150);
#2148 = CARTESIAN_POINT('',(3.4,4.,3.4));
#2149 = DIRECTION('',(-0.,1.,0.));
#2150 = DIRECTION('',(0.,0.,1.));
#2151 = DEFINITIONAL_REPRESENTATION('',(#2152),#2156);
#2152 = CIRCLE('',#2153,2.);
#2153 = AXIS2_PLACEMENT_2D('',#2154,#2155);
#2154 = CARTESIAN_POINT('',(41.6,63.6));
#2155 = DIRECTION('',(1.,0.));
#2156 = ( GEOMETRIC_REPRESENTATION_CONTEXT(2)
PARAMETRIC_REPRESENTATION_CONTEXT() REPRESENTATION_CONTEXT('2D SPACE',''
  ) );
#2157 = ORIENTED_EDGE('',*,*,#2158,.F.);
#2158 = EDGE_CURVE('',#589,#2130,#2159,.T.);
#2159 = SEAM_CURVE('',#2160,(#2164,#2171),.PCURVE_S1.);
#2160 = LINE('',#2161,#2162);
#2161 = CARTESIAN_POINT('',(67.,0.,47.));
#2162 = VECTOR('',#2163,1.);
#2163 = DIRECTION('',(0.,1.,0.));
#2164 = PCURVE('',#605,#2165);
#2165 = DEFINITIONAL_REPRESENTATION('',(#2166),#2170);
#2166 = LINE('',#2167,#2168);
#2167 = CARTESIAN_POINT('',(6.28318530718,-0.));
#2168 = VECTOR('',#2169,1.);
#2169 = DIRECTION('',(0.,1.));
#2170 = ( GEOMETRIC_REPRESENTATION_CONTEXT(2)
PARAMETRIC_REPRESENTATION_CONTEXT() REPRESENTATION_CONTEXT('2D SPACE',''
  ) );
#2171 = PCURVE('',#605,#2172);
#2172 = DEFINITIONAL_REPRESENTATION('',(#2173),#2177);
#2173 = LINE('',#2174,#2175);
#2174 = CARTESIAN_POINT('',(0.,-0.));
#2175 = VECTOR('',#2176,1.);
#2176 = DIRECTION('',(0.,1.));
#2177 = ( GEOMETRIC_REPRESENTATION_CONTEXT(2)
PARAMETRIC_REPRESENTATION_CONTEXT() REPRESENTATION_CONTEXT('2D SPACE',''
  ) );
#2178 = ORIENTED_EDGE('',*,*,#588,.T.);
#2179 = ORIENTED_EDGE('',*,*,#2158,.T.);
#2180 = ADVANCED_FACE('',(#2181),#636,.F.);
#2181 = FACE_BOUND('',#2182,.F.);
#2182 = EDGE_LOOP('',(#2183,#2184,#2205,#2206));
#2183 = ORIENTED_EDGE('',*,*,#1425,.F.);
#2184 = ORIENTED_EDGE('',*,*,#2185,.F.);
#2185 = EDGE_CURVE('',#620,#1426,#2186,.T.);
#2186 = SEAM_CURVE('',#2187,(#2191,#2198),.PCURVE_S1.);
#2187 = LINE('',#2188,#2189);
#2188 = CARTESIAN_POINT('',(87.,0.,11.7));
#2189 = VECTOR('',#2190,1.);
#2190 = DIRECTION('',(0.,1.,0.));
#2191 = PCURVE('',#636,#2192);
#2192 = DEFINITIONAL_REPRESENTATION('',(#2193),#2197);
#2193 = LINE('',#2194,#2195);
#2194 = CARTESIAN_POINT('',(6.28318530718,-0.));
#2195 = VECTOR('',#2196,1.);
#2196 = DIRECTION('',(0.,1.));
#2197 = ( GEOMETRIC_REPRESENTATION_CONTEXT(2)
PARAMETRIC_REPRESENTATION_CONTEXT() REPRESENTATION_CONTEXT('2D SPACE',''
  ) );
#2198 = PCURVE('',#636,#2199);
#2199 = DEFINITIONAL_REPRESENTATION('',(#2200),#2204);
#2200 = LINE('',#2201,#2202);
#2201 = CARTESIAN_POINT('',(0.,-0.));
#2202 = VECTOR('',#2203,1.);
#2203 = DIRECTION('',(0.,1.));
#2204 = ( GEOMETRIC_REPRESENTATION_CONTEXT(2)
PARAMETRIC_REPRESENTATION_CONTEXT() REPRESENTATION_CONTEXT('2D SPACE',''
  ) );
#2205 = ORIENTED_EDGE('',*,*,#619,.T.);
#2206 = ORIENTED_EDGE('',*,*,#2185,.T.);
#2207 = ADVANCED_FACE('',(#2208),#667,.F.);
#2208 = FACE_BOUND('',#2209,.F.);
#2209 = EDGE_LOOP('',(#2210,#2211,#2232,#2233));
#2210 = ORIENTED_EDGE('',*,*,#1451,.F.);
#2211 = ORIENTED_EDGE('',*,*,#2212,.F.);
#2212 = EDGE_CURVE('',#651,#1452,#2213,.T.);
#2213 = SEAM_CURVE('',#2214,(#2218,#2225),.PCURVE_S1.);
#2214 = LINE('',#2215,#2216);
#2215 = CARTESIAN_POINT('',(72.,0.,78.));
#2216 = VECTOR('',#2217,1.);
#2217 = DIRECTION('',(0.,1.,0.));
#2218 = PCURVE('',#667,#2219);
#2219 = DEFINITIONAL_REPRESENTATION('',(#2220),#2224);
#2220 = LINE('',#2221,#2222);
#2221 = CARTESIAN_POINT('',(6.28318530718,-0.));
#2222 = VECTOR('',#2223,1.);
#2223 = DIRECTION('',(0.,1.));
#2224 = ( GEOMETRIC_REPRESENTATION_CONTEXT(2)
PARAMETRIC_REPRESENTATION_CONTEXT() REPRESENTATION_CONTEXT('2D SPACE',''
  ) );
#2225 = PCURVE('',#667,#2226);
#2226 = DEFINITIONAL_REPRESENTATION('',(#2227),#2231);
#2227 = LINE('',#2228,#2229);
#2228 = CARTESIAN_POINT('',(0.,-0.));
#2229 = VECTOR('',#2230,1.);
#2230 = DIRECTION('',(0.,1.));
#2231 = ( GEOMETRIC_REPRESENTATION_CONTEXT(2)
PARAMETRIC_REPRESENTATION_CONTEXT() REPRESENTATION_CONTEXT('2D SPACE',''
  ) );
#2232 = ORIENTED_EDGE('',*,*,#650,.T.);
#2233 = ORIENTED_EDGE('',*,*,#2212,.T.);
#2234 = ADVANCED_FACE('',(#2235),#698,.F.);
#2235 = FACE_BOUND('',#2236,.F.);
#2236 = EDGE_LOOP('',(#2237,#2266,#2287,#2288));
#2237 = ORIENTED_EDGE('',*,*,#2238,.F.);
#2238 = EDGE_CURVE('',#2239,#2239,#2241,.T.);
#2239 = VERTEX_POINT('',#2240);
#2240 = CARTESIAN_POINT('',(48.,4.,90.5));
#2241 = SURFACE_CURVE('',#2242,(#2247,#2254),.PCURVE_S1.);
#2242 = CIRCLE('',#2243,2.5);
#2243 = AXIS2_PLACEMENT_3D('',#2244,#2245,#2246);
#2244 = CARTESIAN_POINT('',(48.,4.,88.));
#2245 = DIRECTION('',(0.,1.,0.));
#2246 = DIRECTION('',(0.,-0.,1.));
#2247 = PCURVE('',#698,#2248);
#2248 = DEFINITIONAL_REPRESENTATION('',(#2249),#2253);
#2249 = LINE('',#2250,#2251);
#2250 = CARTESIAN_POINT('',(0.,4.));
#2251 = VECTOR('',#2252,1.);
#2252 = DIRECTION('',(1.,0.));
#2253 = ( GEOMETRIC_REPRESENTATION_CONTEXT(2)
PARAMETRIC_REPRESENTATION_CONTEXT() REPRESENTATION_CONTEXT('2D SPACE',''
  ) );
#2254 = PCURVE('',#2255,#2260);
#2255 = PLANE('',#2256);
#2256 = AXIS2_PLACEMENT_3D('',#2257,#2258,#2259);
#2257 = CARTESIAN_POINT('',(3.4,4.,3.4));
#2258 = DIRECTION('',(-0.,1.,0.));
#2259 = DIRECTION('',(0.,0.,1.));
#2260 = DEFINITIONAL_REPRESENTATION('',(#2261),#2265);
#2261 = CIRCLE('',#2262,2.5);
#2262 = AXIS2_PLACEMENT_2D('',#2263,#2264);
#2263 = CARTESIAN_POINT('',(84.6,44.6));
#2264 = DIRECTION('',(1.,0.));
#2265 = ( GEOMETRIC_REPRESENTATION_CONTEXT(2)
PARAMETRIC_REPRESENTATION_CONTEXT() REPRESENTATION_CONTEXT('2D SPACE',''
  ) );
#2266 = ORIENTED_EDGE('',*,*,#2267,.F.);
#2267 = EDGE_CURVE('',#682,#2239,#2268,.T.);
#2268 = SEAM_CURVE('',#2269,(#2273,#2280),.PCURVE_S1.);
#2269 = LINE('',#2270,#2271);
#2270 = CARTESIAN_POINT('',(48.,0.,90.5));
#2271 = VECTOR('',#2272,1.);
#2272 = DIRECTION('',(0.,1.,0.));
#2273 = PCURVE('',#698,#2274);
#2274 = DEFINITIONAL_REPRESENTATION('',(#2275),#2279);
#2275 = LINE('',#2276,#2277);
#2276 = CARTESIAN_POINT('',(6.28318530718,-0.));
#2277 = VECTOR('',#2278,1.);
#2278 = DIRECTION('',(0.,1.));
#2279 = ( GEOMETRIC_REPRESENTATION_CONTEXT(2)
PARAMETRIC_REPRESENTATION_CONTEXT() REPRESENTATION_CONTEXT('2D SPACE',''
  ) );
#2280 = PCURVE('',#698,#2281);
#2281 = DEFINITIONAL_REPRESENTATION('',(#2282),#2286);
#2282 = LINE('',#2283,#2284);
#2283 = CARTESIAN_POINT('',(0.,-0.));
#2284 = VECTOR('',#2285,1.);
#2285 = DIRECTION('',(0.,1.));
#2286 = ( GEOMETRIC_REPRESENTATION_CONTEXT(2)
PARAMETRIC_REPRESENTATION_CONTEXT() REPRESENTATION_CONTEXT('2D SPACE',''
  ) );
#2287 = ORIENTED_EDGE('',*,*,#681,.T.);
#2288 = ORIENTED_EDGE('',*,*,#2267,.T.);
#2289 = ADVANCED_FACE('',(#2290),#729,.F.);
#2290 = FACE_BOUND('',#2291,.F.);
#2291 = EDGE_LOOP('',(#2292,#2313,#2314,#2335));
#2292 = ORIENTED_EDGE('',*,*,#2293,.F.);
#2293 = EDGE_CURVE('',#713,#1509,#2294,.T.);
#2294 = SURFACE_CURVE('',#2295,(#2299,#2306),.PCURVE_S1.);
#2295 = LINE('',#2296,#2297);
#2296 = CARTESIAN_POINT('',(12.3,0.,124.8));
#2297 = VECTOR('',#2298,1.);
#2298 = DIRECTION('',(-0.,1.,0.));
#2299 = PCURVE('',#729,#2300);
#2300 = DEFINITIONAL_REPRESENTATION('',(#2301),#2305);
#2301 = LINE('',#2302,#2303);
#2302 = CARTESIAN_POINT('',(0.,0.));
#2303 = VECTOR('',#2304,1.);
#2304 = DIRECTION('',(0.,1.));
#2305 = ( GEOMETRIC_REPRESENTATION_CONTEXT(2)
PARAMETRIC_REPRESENTATION_CONTEXT() REPRESENTATION_CONTEXT('2D SPACE',''
  ) );
#2306 = PCURVE('',#755,#2307);
#2307 = DEFINITIONAL_REPRESENTATION('',(#2308),#2312);
#2308 = LINE('',#2309,#2310);
#2309 = CARTESIAN_POINT('',(24.6,0.));
#2310 = VECTOR('',#2311,1.);
#2311 = DIRECTION('',(0.,-1.));
#2312 = ( GEOMETRIC_REPRESENTATION_CONTEXT(2)
PARAMETRIC_REPRESENTATION_CONTEXT() REPRESENTATION_CONTEXT('2D SPACE',''
  ) );
#2313 = ORIENTED_EDGE('',*,*,#712,.T.);
#2314 = ORIENTED_EDGE('',*,*,#2315,.T.);
#2315 = EDGE_CURVE('',#715,#1511,#2316,.T.);
#2316 = SURFACE_CURVE('',#2317,(#2321,#2328),.PCURVE_S1.);
#2317 = LINE('',#2318,#2319);
#2318 = CARTESIAN_POINT('',(83.7,0.,124.8));
#2319 = VECTOR('',#2320,1.);
#2320 = DIRECTION('',(-0.,1.,0.));
#2321 = PCURVE('',#729,#2322);
#2322 = DEFINITIONAL_REPRESENTATION('',(#2323),#2327);
#2323 = LINE('',#2324,#2325);
#2324 = CARTESIAN_POINT('',(71.4,0.));
#2325 = VECTOR('',#2326,1.);
#2326 = DIRECTION('',(0.,1.));
#2327 = ( GEOMETRIC_REPRESENTATION_CONTEXT(2)
PARAMETRIC_REPRESENTATION_CONTEXT() REPRESENTATION_CONTEXT('2D SPACE',''
  ) );
#2328 = PCURVE('',#805,#2329);
#2329 = DEFINITIONAL_REPRESENTATION('',(#2330),#2334);
#2330 = LINE('',#2331,#2332);
#2331 = CARTESIAN_POINT('',(24.6,0.));
#2332 = VECTOR('',#2333,1.);
#2333 = DIRECTION('',(0.,-1.));
#2334 = ( GEOMETRIC_REPRESENTATION_CONTEXT(2)
PARAMETRIC_REPRESENTATION_CONTEXT() REPRESENTATION_CONTEXT('2D SPACE',''
  ) );
#2335 = ORIENTED_EDGE('',*,*,#1508,.F.);
#2336 = ADVANCED_FACE('',(#2337),#755,.T.);
#2337 = FACE_BOUND('',#2338,.T.);
#2338 = EDGE_LOOP('',(#2339,#2340,#2341,#2362));
#2339 = ORIENTED_EDGE('',*,*,#2293,.F.);
#2340 = ORIENTED_EDGE('',*,*,#740,.T.);
#2341 = ORIENTED_EDGE('',*,*,#2342,.T.);
#2342 = EDGE_CURVE('',#741,#1532,#2343,.T.);
#2343 = SURFACE_CURVE('',#2344,(#2348,#2355),.PCURVE_S1.);
#2344 = LINE('',#2345,#2346);
#2345 = CARTESIAN_POINT('',(12.3,0.,100.2));
#2346 = VECTOR('',#2347,1.);
#2347 = DIRECTION('',(-0.,1.,0.));
#2348 = PCURVE('',#755,#2349);
#2349 = DEFINITIONAL_REPRESENTATION('',(#2350),#2354);
#2350 = LINE('',#2351,#2352);
#2351 = CARTESIAN_POINT('',(0.,0.));
#2352 = VECTOR('',#2353,1.);
#2353 = DIRECTION('',(0.,-1.));
#2354 = ( GEOMETRIC_REPRESENTATION_CONTEXT(2)
PARAMETRIC_REPRESENTATION_CONTEXT() REPRESENTATION_CONTEXT('2D SPACE',''
  ) );
#2355 = PCURVE('',#781,#2356);
#2356 = DEFINITIONAL_REPRESENTATION('',(#2357),#2361);
#2357 = LINE('',#2358,#2359);
#2358 = CARTESIAN_POINT('',(0.,0.));
#2359 = VECTOR('',#2360,1.);
#2360 = DIRECTION('',(0.,1.));
#2361 = ( GEOMETRIC_REPRESENTATION_CONTEXT(2)
PARAMETRIC_REPRESENTATION_CONTEXT() REPRESENTATION_CONTEXT('2D SPACE',''
  ) );
#2362 = ORIENTED_EDGE('',*,*,#1531,.F.);
#2363 = ADVANCED_FACE('',(#2364),#805,.F.);
#2364 = FACE_BOUND('',#2365,.F.);
#2365 = EDGE_LOOP('',(#2366,#2367,#2368,#2389));
#2366 = ORIENTED_EDGE('',*,*,#2315,.F.);
#2367 = ORIENTED_EDGE('',*,*,#792,.T.);
#2368 = ORIENTED_EDGE('',*,*,#2369,.T.);
#2369 = EDGE_CURVE('',#767,#1553,#2370,.T.);
#2370 = SURFACE_CURVE('',#2371,(#2375,#2382),.PCURVE_S1.);
#2371 = LINE('',#2372,#2373);
#2372 = CARTESIAN_POINT('',(83.7,0.,100.2));
#2373 = VECTOR('',#2374,1.);
#2374 = DIRECTION('',(-0.,1.,0.));
#2375 = PCURVE('',#805,#2376);
#2376 = DEFINITIONAL_REPRESENTATION('',(#2377),#2381);
#2377 = LINE('',#2378,#2379);
#2378 = CARTESIAN_POINT('',(0.,0.));
#2379 = VECTOR('',#2380,1.);
#2380 = DIRECTION('',(0.,-1.));
#2381 = ( GEOMETRIC_REPRESENTATION_CONTEXT(2)
PARAMETRIC_REPRESENTATION_CONTEXT() REPRESENTATION_CONTEXT('2D SPACE',''
  ) );
#2382 = PCURVE('',#781,#2383);
#2383 = DEFINITIONAL_REPRESENTATION('',(#2384),#2388);
#2384 = LINE('',#2385,#2386);
#2385 = CARTESIAN_POINT('',(71.4,0.));
#2386 = VECTOR('',#2387,1.);
#2387 = DIRECTION('',(0.,1.));
#2388 = ( GEOMETRIC_REPRESENTATION_CONTEXT(2)
PARAMETRIC_REPRESENTATION_CONTEXT() REPRESENTATION_CONTEXT('2D SPACE',''
  ) );
#2389 = ORIENTED_EDGE('',*,*,#1573,.F.);
#2390 = ADVANCED_FACE('',(#2391),#781,.T.);
#2391 = FACE_BOUND('',#2392,.T.);
#2392 = EDGE_LOOP('',(#2393,#2394,#2395,#2396));
#2393 = ORIENTED_EDGE('',*,*,#2342,.F.);
#2394 = ORIENTED_EDGE('',*,*,#766,.T.);
#2395 = ORIENTED_EDGE('',*,*,#2369,.T.);
#2396 = ORIENTED_EDGE('',*,*,#1552,.F.);
#2397 = ADVANCED_FACE('',(#2398),#835,.F.);
#2398 = FACE_BOUND('',#2399,.F.);
#2399 = EDGE_LOOP('',(#2400,#2429,#2450,#2451));
#2400 = ORIENTED_EDGE('',*,*,#2401,.F.);
#2401 = EDGE_CURVE('',#2402,#2402,#2404,.T.);
#2402 = VERTEX_POINT('',#2403);
#2403 = CARTESIAN_POINT('',(72.,4.,90.5));
#2404 = SURFACE_CURVE('',#2405,(#2410,#2417),.PCURVE_S1.);
#2405 = CIRCLE('',#2406,2.5);
#2406 = AXIS2_PLACEMENT_3D('',#2407,#2408,#2409);
#2407 = CARTESIAN_POINT('',(72.,4.,88.));
#2408 = DIRECTION('',(0.,1.,0.));
#2409 = DIRECTION('',(0.,-0.,1.));
#2410 = PCURVE('',#835,#2411);
#2411 = DEFINITIONAL_REPRESENTATION('',(#2412),#2416);
#2412 = LINE('',#2413,#2414);
#2413 = CARTESIAN_POINT('',(0.,4.));
#2414 = VECTOR('',#2415,1.);
#2415 = DIRECTION('',(1.,0.));
#2416 = ( GEOMETRIC_REPRESENTATION_CONTEXT(2)
PARAMETRIC_REPRESENTATION_CONTEXT() REPRESENTATION_CONTEXT('2D SPACE',''
  ) );
#2417 = PCURVE('',#2418,#2423);
#2418 = PLANE('',#2419);
#2419 = AXIS2_PLACEMENT_3D('',#2420,#2421,#2422);
#2420 = CARTESIAN_POINT('',(3.4,4.,3.4));
#2421 = DIRECTION('',(-0.,1.,0.));
#2422 = DIRECTION('',(0.,0.,1.));
#2423 = DEFINITIONAL_REPRESENTATION('',(#2424),#2428);
#2424 = CIRCLE('',#2425,2.5);
#2425 = AXIS2_PLACEMENT_2D('',#2426,#2427);
#2426 = CARTESIAN_POINT('',(84.6,68.6));
#2427 = DIRECTION('',(1.,0.));
#2428 = ( GEOMETRIC_REPRESENTATION_CONTEXT(2)
PARAMETRIC_REPRESENTATION_CONTEXT() REPRESENTATION_CONTEXT('2D SPACE',''
  ) );
#2429 = ORIENTED_EDGE('',*,*,#2430,.F.);
#2430 = EDGE_CURVE('',#819,#2402,#2431,.T.);
#2431 = SEAM_CURVE('',#2432,(#2436,#2443),.PCURVE_S1.);
#2432 = LINE('',#2433,#2434);
#2433 = CARTESIAN_POINT('',(72.,0.,90.5));
#2434 = VECTOR('',#2435,1.);
#2435 = DIRECTION('',(0.,1.,0.));
#2436 = PCURVE('',#835,#2437);
#2437 = DEFINITIONAL_REPRESENTATION('',(#2438),#2442);
#2438 = LINE('',#2439,#2440);
#2439 = CARTESIAN_POINT('',(6.28318530718,-0.));
#2440 = VECTOR('',#2441,1.);
#2441 = DIRECTION('',(0.,1.));
#2442 = ( GEOMETRIC_REPRESENTATION_CONTEXT(2)
PARAMETRIC_REPRESENTATION_CONTEXT() REPRESENTATION_CONTEXT('2D SPACE',''
  ) );
#2443 = PCURVE('',#835,#2444);
#2444 = DEFINITIONAL_REPRESENTATION('',(#2445),#2449);
#2445 = LINE('',#2446,#2447);
#2446 = CARTESIAN_POINT('',(0.,-0.));
#2447 = VECTOR('',#2448,1.);
#2448 = DIRECTION('',(0.,1.));
#2449 = ( GEOMETRIC_REPRESENTATION_CONTEXT(2)
PARAMETRIC_REPRESENTATION_CONTEXT() REPRESENTATION_CONTEXT('2D SPACE',''
  ) );
#2450 = ORIENTED_EDGE('',*,*,#818,.T.);
#2451 = ORIENTED_EDGE('',*,*,#2430,.T.);
#2452 = ADVANCED_FACE('',(#2453),#866,.F.);
#2453 = FACE_BOUND('',#2454,.F.);
#2454 = EDGE_LOOP('',(#2455,#2484,#2505,#2506));
#2455 = ORIENTED_EDGE('',*,*,#2456,.F.);
#2456 = EDGE_CURVE('',#2457,#2457,#2459,.T.);
#2457 = VERTEX_POINT('',#2458);
#2458 = CARTESIAN_POINT('',(85.5,12.,98.5));
#2459 = SURFACE_CURVE('',#2460,(#2465,#2472),.PCURVE_S1.);
#2460 = CIRCLE('',#2461,1.5);
#2461 = AXIS2_PLACEMENT_3D('',#2462,#2463,#2464);
#2462 = CARTESIAN_POINT('',(85.5,12.,97.));
#2463 = DIRECTION('',(0.,1.,0.));
#2464 = DIRECTION('',(0.,-0.,1.));
#2465 = PCURVE('',#866,#2466);
#2466 = DEFINITIONAL_REPRESENTATION('',(#2467),#2471);
#2467 = LINE('',#2468,#2469);
#2468 = CARTESIAN_POINT('',(0.,12.));
#2469 = VECTOR('',#2470,1.);
#2470 = DIRECTION('',(1.,0.));
#2471 = ( GEOMETRIC_REPRESENTATION_CONTEXT(2)
PARAMETRIC_REPRESENTATION_CONTEXT() REPRESENTATION_CONTEXT('2D SPACE',''
  ) );
#2472 = PCURVE('',#2473,#2478);
#2473 = PLANE('',#2474);
#2474 = AXIS2_PLACEMENT_3D('',#2475,#2476,#2477);
#2475 = CARTESIAN_POINT('',(85.5,12.,97.));
#2476 = DIRECTION('',(0.,1.,0.));
#2477 = DIRECTION('',(0.,-0.,1.));
#2478 = DEFINITIONAL_REPRESENTATION('',(#2479),#2483);
#2479 = CIRCLE('',#2480,1.5);
#2480 = AXIS2_PLACEMENT_2D('',#2481,#2482);
#2481 = CARTESIAN_POINT('',(0.,0.));
#2482 = DIRECTION('',(1.,0.));
#2483 = ( GEOMETRIC_REPRESENTATION_CONTEXT(2)
PARAMETRIC_REPRESENTATION_CONTEXT() REPRESENTATION_CONTEXT('2D SPACE',''
  ) );
#2484 = ORIENTED_EDGE('',*,*,#2485,.F.);
#2485 = EDGE_CURVE('',#850,#2457,#2486,.T.);
#2486 = SEAM_CURVE('',#2487,(#2491,#2498),.PCURVE_S1.);
#2487 = LINE('',#2488,#2489);
#2488 = CARTESIAN_POINT('',(85.5,0.,98.5));
#2489 = VECTOR('',#2490,1.);
#2490 = DIRECTION('',(0.,1.,0.));
#2491 = PCURVE('',#866,#2492);
#2492 = DEFINITIONAL_REPRESENTATION('',(#2493),#2497);
#2493 = LINE('',#2494,#2495);
#2494 = CARTESIAN_POINT('',(6.28318530718,-0.));
#2495 = VECTOR('',#2496,1.);
#2496 = DIRECTION('',(0.,1.));
#2497 = ( GEOMETRIC_REPRESENTATION_CONTEXT(2)
PARAMETRIC_REPRESENTATION_CONTEXT() REPRESENTATION_CONTEXT('2D SPACE',''
  ) );
#2498 = PCURVE('',#866,#2499);
#2499 = DEFINITIONAL_REPRESENTATION('',(#2500),#2504);
#2500 = LINE('',#2501,#2502);
#2501 = CARTESIAN_POINT('',(0.,-0.));
#2502 = VECTOR('',#2503,1.);
#2503 = DIRECTION('',(0.,1.));
#2504 = ( GEOMETRIC_REPRESENTATION_CONTEXT(2)
PARAMETRIC_REPRESENTATION_CONTEXT() REPRESENTATION_CONTEXT('2D SPACE',''
  ) );
#2505 = ORIENTED_EDGE('',*,*,#849,.T.);
#2506 = ORIENTED_EDGE('',*,*,#2485,.T.);
#2507 = ADVANCED_FACE('',(#2508),#897,.F.);
#2508 = FACE_BOUND('',#2509,.F.);
#2509 = EDGE_LOOP('',(#2510,#2539,#2560,#2561));
#2510 = ORIENTED_EDGE('',*,*,#2511,.F.);
#2511 = EDGE_CURVE('',#2512,#2512,#2514,.T.);
#2512 = VERTEX_POINT('',#2513);
#2513 = CARTESIAN_POINT('',(85.5,12.,129.5));
#2514 = SURFACE_CURVE('',#2515,(#2520,#2527),.PCURVE_S1.);
#2515 = CIRCLE('',#2516,1.5);
#2516 = AXIS2_PLACEMENT_3D('',#2517,#2518,#2519);
#2517 = CARTESIAN_POINT('',(85.5,12.,128.));
#2518 = DIRECTION('',(0.,1.,0.));
#2519 = DIRECTION('',(0.,-0.,1.));
#2520 = PCURVE('',#897,#2521);
#2521 = DEFINITIONAL_REPRESENTATION('',(#2522),#2526);
#2522 = LINE('',#2523,#2524);
#2523 = CARTESIAN_POINT('',(0.,12.));
#2524 = VECTOR('',#2525,1.);
#2525 = DIRECTION('',(1.,0.));
#2526 = ( GEOMETRIC_REPRESENTATION_CONTEXT(2)
PARAMETRIC_REPRESENTATION_CONTEXT() REPRESENTATION_CONTEXT('2D SPACE',''
  ) );
#2527 = PCURVE('',#2528,#2533);
#2528 = PLANE('',#2529);
#2529 = AXIS2_PLACEMENT_3D('',#2530,#2531,#2532);
#2530 = CARTESIAN_POINT('',(85.5,12.,128.));
#2531 = DIRECTION('',(0.,1.,0.));
#2532 = DIRECTION('',(0.,-0.,1.));
#2533 = DEFINITIONAL_REPRESENTATION('',(#2534),#2538);
#2534 = CIRCLE('',#2535,1.5);
#2535 = AXIS2_PLACEMENT_2D('',#2536,#2537);
#2536 = CARTESIAN_POINT('',(0.,0.));
#2537 = DIRECTION('',(1.,0.));
#2538 = ( GEOMETRIC_REPRESENTATION_CONTEXT(2)
PARAMETRIC_REPRESENTATION_CONTEXT() REPRESENTATION_CONTEXT('2D SPACE',''
  ) );
#2539 = ORIENTED_EDGE('',*,*,#2540,.F.);
#2540 = EDGE_CURVE('',#881,#2512,#2541,.T.);
#2541 = SEAM_CURVE('',#2542,(#2546,#2553),.PCURVE_S1.);
#2542 = LINE('',#2543,#2544);
#2543 = CARTESIAN_POINT('',(85.5,0.,129.5));
#2544 = VECTOR('',#2545,1.);
#2545 = DIRECTION('',(0.,1.,0.));
#2546 = PCURVE('',#897,#2547);
#2547 = DEFINITIONAL_REPRESENTATION('',(#2548),#2552);
#2548 = LINE('',#2549,#2550);
#2549 = CARTESIAN_POINT('',(6.28318530718,-0.));
#2550 = VECTOR('',#2551,1.);
#2551 = DIRECTION('',(0.,1.));
#2552 = ( GEOMETRIC_REPRESENTATION_CONTEXT(2)
PARAMETRIC_REPRESENTATION_CONTEXT() REPRESENTATION_CONTEXT('2D SPACE',''
  ) );
#2553 = PCURVE('',#897,#2554);
#2554 = DEFINITIONAL_REPRESENTATION('',(#2555),#2559);
#2555 = LINE('',#2556,#2557);
#2556 = CARTESIAN_POINT('',(0.,-0.));
#2557 = VECTOR('',#2558,1.);
#2558 = DIRECTION('',(0.,1.));
#2559 = ( GEOMETRIC_REPRESENTATION_CONTEXT(2)
PARAMETRIC_REPRESENTATION_CONTEXT() REPRESENTATION_CONTEXT('2D SPACE',''
  ) );
#2560 = ORIENTED_EDGE('',*,*,#880,.T.);
#2561 = ORIENTED_EDGE('',*,*,#2540,.T.);
#2562 = ADVANCED_FACE('',(#2563),#928,.F.);
#2563 = FACE_BOUND('',#2564,.F.);
#2564 = EDGE_LOOP('',(#2565,#2566,#2587,#2588));
#2565 = ORIENTED_EDGE('',*,*,#1687,.F.);
#2566 = ORIENTED_EDGE('',*,*,#2567,.F.);
#2567 = EDGE_CURVE('',#912,#1688,#2568,.T.);
#2568 = SEAM_CURVE('',#2569,(#2573,#2580),.PCURVE_S1.);
#2569 = LINE('',#2570,#2571);
#2570 = CARTESIAN_POINT('',(87.,0.,149.7));
#2571 = VECTOR('',#2572,1.);
#2572 = DIRECTION('',(0.,1.,0.));
#2573 = PCURVE('',#928,#2574);
#2574 = DEFINITIONAL_REPRESENTATION('',(#2575),#2579);
#2575 = LINE('',#2576,#2577);
#2576 = CARTESIAN_POINT('',(6.28318530718,-0.));
#2577 = VECTOR('',#2578,1.);
#2578 = DIRECTION('',(0.,1.));
#2579 = ( GEOMETRIC_REPRESENTATION_CONTEXT(2)
PARAMETRIC_REPRESENTATION_CONTEXT() REPRESENTATION_CONTEXT('2D SPACE',''
  ) );
#2580 = PCURVE('',#928,#2581);
#2581 = DEFINITIONAL_REPRESENTATION('',(#2582),#2586);
#2582 = LINE('',#2583,#2584);
#2583 = CARTESIAN_POINT('',(0.,-0.));
#2584 = VECTOR('',#2585,1.);
#2585 = DIRECTION('',(0.,1.));
#2586 = ( GEOMETRIC_REPRESENTATION_CONTEXT(2)
PARAMETRIC_REPRESENTATION_CONTEXT() REPRESENTATION_CONTEXT('2D SPACE',''
  ) );
#2587 = ORIENTED_EDGE('',*,*,#911,.T.);
#2588 = ORIENTED_EDGE('',*,*,#2567,.T.);
#2589 = ADVANCED_FACE('',(#2590),#1266,.T.);
#2590 = FACE_BOUND('',#2591,.T.);
#2591 = EDGE_LOOP('',(#2592,#2615,#2637,#2638));
#2592 = ORIENTED_EDGE('',*,*,#2593,.T.);
#2593 = EDGE_CURVE('',#1250,#2594,#2596,.T.);
#2594 = VERTEX_POINT('',#2595);
#2595 = CARTESIAN_POINT('',(10.5,12.,100.));
#2596 = SEAM_CURVE('',#2597,(#2601,#2608),.PCURVE_S1.);
#2597 = LINE('',#2598,#2599);
#2598 = CARTESIAN_POINT('',(10.5,3.5,100.));
#2599 = VECTOR('',#2600,1.);
#2600 = DIRECTION('',(0.,1.,0.));
#2601 = PCURVE('',#1266,#2602);
#2602 = DEFINITIONAL_REPRESENTATION('',(#2603),#2607);
#2603 = LINE('',#2604,#2605);
#2604 = CARTESIAN_POINT('',(6.28318530718,-0.));
#2605 = VECTOR('',#2606,1.);
#2606 = DIRECTION('',(0.,1.));
#2607 = ( GEOMETRIC_REPRESENTATION_CONTEXT(2)
PARAMETRIC_REPRESENTATION_CONTEXT() REPRESENTATION_CONTEXT('2D SPACE',''
  ) );
#2608 = PCURVE('',#1266,#2609);
#2609 = DEFINITIONAL_REPRESENTATION('',(#2610),#2614);
#2610 = LINE('',#2611,#2612);
#2611 = CARTESIAN_POINT('',(0.,-0.));
#2612 = VECTOR('',#2613,1.);
#2613 = DIRECTION('',(0.,1.));
#2614 = ( GEOMETRIC_REPRESENTATION_CONTEXT(2)
PARAMETRIC_REPRESENTATION_CONTEXT() REPRESENTATION_CONTEXT('2D SPACE',''
  ) );
#2615 = ORIENTED_EDGE('',*,*,#2616,.F.);
#2616 = EDGE_CURVE('',#2594,#2594,#2617,.T.);
#2617 = SURFACE_CURVE('',#2618,(#2623,#2630),.PCURVE_S1.);
#2618 = CIRCLE('',#2619,3.);
#2619 = AXIS2_PLACEMENT_3D('',#2620,#2621,#2622);
#2620 = CARTESIAN_POINT('',(10.5,12.,97.));
#2621 = DIRECTION('',(0.,1.,0.));
#2622 = DIRECTION('',(0.,-0.,1.));
#2623 = PCURVE('',#1266,#2624);
#2624 = DEFINITIONAL_REPRESENTATION('',(#2625),#2629);
#2625 = LINE('',#2626,#2627);
#2626 = CARTESIAN_POINT('',(0.,8.5));
#2627 = VECTOR('',#2628,1.);
#2628 = DIRECTION('',(1.,0.));
#2629 = ( GEOMETRIC_REPRESENTATION_CONTEXT(2)
PARAMETRIC_REPRESENTATION_CONTEXT() REPRESENTATION_CONTEXT('2D SPACE',''
  ) );
#2630 = PCURVE('',#1927,#2631);
#2631 = DEFINITIONAL_REPRESENTATION('',(#2632),#2636);
#2632 = CIRCLE('',#2633,3.);
#2633 = AXIS2_PLACEMENT_2D('',#2634,#2635);
#2634 = CARTESIAN_POINT('',(0.,0.));
#2635 = DIRECTION('',(1.,0.));
#2636 = ( GEOMETRIC_REPRESENTATION_CONTEXT(2)
PARAMETRIC_REPRESENTATION_CONTEXT() REPRESENTATION_CONTEXT('2D SPACE',''
  ) );
#2637 = ORIENTED_EDGE('',*,*,#2593,.F.);
#2638 = ORIENTED_EDGE('',*,*,#1249,.T.);
#2639 = ADVANCED_FACE('',(#2640),#1297,.T.);
#2640 = FACE_BOUND('',#2641,.T.);
#2641 = EDGE_LOOP('',(#2642,#2665,#2692,#2693));
#2642 = ORIENTED_EDGE('',*,*,#2643,.T.);
#2643 = EDGE_CURVE('',#1281,#2644,#2646,.T.);
#2644 = VERTEX_POINT('',#2645);
#2645 = CARTESIAN_POINT('',(24.,6.,92.));
#2646 = SEAM_CURVE('',#2647,(#2651,#2658),.PCURVE_S1.);
#2647 = LINE('',#2648,#2649);
#2648 = CARTESIAN_POINT('',(24.,3.8,92.));
#2649 = VECTOR('',#2650,1.);
#2650 = DIRECTION('',(0.,1.,0.));
#2651 = PCURVE('',#1297,#2652);
#2652 = DEFINITIONAL_REPRESENTATION('',(#2653),#2657);
#2653 = LINE('',#2654,#2655);
#2654 = CARTESIAN_POINT('',(6.28318530718,-0.));
#2655 = VECTOR('',#2656,1.);
#2656 = DIRECTION('',(0.,1.));
#2657 = ( GEOMETRIC_REPRESENTATION_CONTEXT(2)
PARAMETRIC_REPRESENTATION_CONTEXT() REPRESENTATION_CONTEXT('2D SPACE',''
  ) );
#2658 = PCURVE('',#1297,#2659);
#2659 = DEFINITIONAL_REPRESENTATION('',(#2660),#2664);
#2660 = LINE('',#2661,#2662);
#2661 = CARTESIAN_POINT('',(0.,-0.));
#2662 = VECTOR('',#2663,1.);
#2663 = DIRECTION('',(0.,1.));
#2664 = ( GEOMETRIC_REPRESENTATION_CONTEXT(2)
PARAMETRIC_REPRESENTATION_CONTEXT() REPRESENTATION_CONTEXT('2D SPACE',''
  ) );
#2665 = ORIENTED_EDGE('',*,*,#2666,.F.);
#2666 = EDGE_CURVE('',#2644,#2644,#2667,.T.);
#2667 = SURFACE_CURVE('',#2668,(#2673,#2680),.PCURVE_S1.);
#2668 = CIRCLE('',#2669,4.);
#2669 = AXIS2_PLACEMENT_3D('',#2670,#2671,#2672);
#2670 = CARTESIAN_POINT('',(24.,6.,88.));
#2671 = DIRECTION('',(0.,1.,0.));
#2672 = DIRECTION('',(0.,-0.,1.));
#2673 = PCURVE('',#1297,#2674);
#2674 = DEFINITIONAL_REPRESENTATION('',(#2675),#2679);
#2675 = LINE('',#2676,#2677);
#2676 = CARTESIAN_POINT('',(0.,2.2));
#2677 = VECTOR('',#2678,1.);
#2678 = DIRECTION('',(1.,0.));
#2679 = ( GEOMETRIC_REPRESENTATION_CONTEXT(2)
PARAMETRIC_REPRESENTATION_CONTEXT() REPRESENTATION_CONTEXT('2D SPACE',''
  ) );
#2680 = PCURVE('',#2681,#2686);
#2681 = PLANE('',#2682);
#2682 = AXIS2_PLACEMENT_3D('',#2683,#2684,#2685);
#2683 = CARTESIAN_POINT('',(24.,6.,88.));
#2684 = DIRECTION('',(0.,1.,0.));
#2685 = DIRECTION('',(0.,-0.,1.));
#2686 = DEFINITIONAL_REPRESENTATION('',(#2687),#2691);
#2687 = CIRCLE('',#2688,4.);
#2688 = AXIS2_PLACEMENT_2D('',#2689,#2690);
#2689 = CARTESIAN_POINT('',(0.,0.));
#2690 = DIRECTION('',(1.,0.));
#2691 = ( GEOMETRIC_REPRESENTATION_CONTEXT(2)
PARAMETRIC_REPRESENTATION_CONTEXT() REPRESENTATION_CONTEXT('2D SPACE',''
  ) );
#2692 = ORIENTED_EDGE('',*,*,#2643,.F.);
#2693 = ORIENTED_EDGE('',*,*,#1280,.T.);
#2694 = ADVANCED_FACE('',(#2695),#1328,.T.);
#2695 = FACE_BOUND('',#2696,.T.);
#2696 = EDGE_LOOP('',(#2697,#2720,#2742,#2743));
#2697 = ORIENTED_EDGE('',*,*,#2698,.T.);
#2698 = EDGE_CURVE('',#1312,#2699,#2701,.T.);
#2699 = VERTEX_POINT('',#2700);
#2700 = CARTESIAN_POINT('',(10.5,12.,131.));
#2701 = SEAM_CURVE('',#2702,(#2706,#2713),.PCURVE_S1.);
#2702 = LINE('',#2703,#2704);
#2703 = CARTESIAN_POINT('',(10.5,3.5,131.));
#2704 = VECTOR('',#2705,1.);
#2705 = DIRECTION('',(0.,1.,0.));
#2706 = PCURVE('',#1328,#2707);
#2707 = DEFINITIONAL_REPRESENTATION('',(#2708),#2712);
#2708 = LINE('',#2709,#2710);
#2709 = CARTESIAN_POINT('',(6.28318530718,-0.));
#2710 = VECTOR('',#2711,1.);
#2711 = DIRECTION('',(0.,1.));
#2712 = ( GEOMETRIC_REPRESENTATION_CONTEXT(2)
PARAMETRIC_REPRESENTATION_CONTEXT() REPRESENTATION_CONTEXT('2D SPACE',''
  ) );
#2713 = PCURVE('',#1328,#2714);
#2714 = DEFINITIONAL_REPRESENTATION('',(#2715),#2719);
#2715 = LINE('',#2716,#2717);
#2716 = CARTESIAN_POINT('',(0.,-0.));
#2717 = VECTOR('',#2718,1.);
#2718 = DIRECTION('',(0.,1.));
#2719 = ( GEOMETRIC_REPRESENTATION_CONTEXT(2)
PARAMETRIC_REPRESENTATION_CONTEXT() REPRESENTATION_CONTEXT('2D SPACE',''
  ) );
#2720 = ORIENTED_EDGE('',*,*,#2721,.F.);
#2721 = EDGE_CURVE('',#2699,#2699,#2722,.T.);
#2722 = SURFACE_CURVE('',#2723,(#2728,#2735),.PCURVE_S1.);
#2723 = CIRCLE('',#2724,3.);
#2724 = AXIS2_PLACEMENT_3D('',#2725,#2726,#2727);
#2725 = CARTESIAN_POINT('',(10.5,12.,128.));
#2726 = DIRECTION('',(0.,1.,0.));
#2727 = DIRECTION('',(0.,-0.,1.));
#2728 = PCURVE('',#1328,#2729);
#2729 = DEFINITIONAL_REPRESENTATION('',(#2730),#2734);
#2730 = LINE('',#2731,#2732);
#2731 = CARTESIAN_POINT('',(0.,8.5));
#2732 = VECTOR('',#2733,1.);
#2733 = DIRECTION('',(1.,0.));
#2734 = ( GEOMETRIC_REPRESENTATION_CONTEXT(2)
PARAMETRIC_REPRESENTATION_CONTEXT() REPRESENTATION_CONTEXT('2D SPACE',''
  ) );
#2735 = PCURVE('',#2037,#2736);
#2736 = DEFINITIONAL_REPRESENTATION('',(#2737),#2741);
#2737 = CIRCLE('',#2738,3.);
#2738 = AXIS2_PLACEMENT_2D('',#2739,#2740);
#2739 = CARTESIAN_POINT('',(0.,0.));
#2740 = DIRECTION('',(1.,0.));
#2741 = ( GEOMETRIC_REPRESENTATION_CONTEXT(2)
PARAMETRIC_REPRESENTATION_CONTEXT() REPRESENTATION_CONTEXT('2D SPACE',''
  ) );
#2742 = ORIENTED_EDGE('',*,*,#2698,.F.);
#2743 = ORIENTED_EDGE('',*,*,#1311,.T.);
#2744 = ADVANCED_FACE('',(#2745),#1411,.T.);
#2745 = FACE_BOUND('',#2746,.T.);
#2746 = EDGE_LOOP('',(#2747,#2770,#2797,#2798));
#2747 = ORIENTED_EDGE('',*,*,#2748,.T.);
#2748 = EDGE_CURVE('',#1395,#2749,#2751,.T.);
#2749 = VERTEX_POINT('',#2750);
#2750 = CARTESIAN_POINT('',(67.,7.,52.2));
#2751 = SEAM_CURVE('',#2752,(#2756,#2763),.PCURVE_S1.);
#2752 = LINE('',#2753,#2754);
#2753 = CARTESIAN_POINT('',(67.,3.8,52.2));
#2754 = VECTOR('',#2755,1.);
#2755 = DIRECTION('',(0.,1.,0.));
#2756 = PCURVE('',#1411,#2757);
#2757 = DEFINITIONAL_REPRESENTATION('',(#2758),#2762);
#2758 = LINE('',#2759,#2760);
#2759 = CARTESIAN_POINT('',(6.28318530718,-0.));
#2760 = VECTOR('',#2761,1.);
#2761 = DIRECTION('',(0.,1.));
#2762 = ( GEOMETRIC_REPRESENTATION_CONTEXT(2)
PARAMETRIC_REPRESENTATION_CONTEXT() REPRESENTATION_CONTEXT('2D SPACE',''
  ) );
#2763 = PCURVE('',#1411,#2764);
#2764 = DEFINITIONAL_REPRESENTATION('',(#2765),#2769);
#2765 = LINE('',#2766,#2767);
#2766 = CARTESIAN_POINT('',(0.,-0.));
#2767 = VECTOR('',#2768,1.);
#2768 = DIRECTION('',(0.,1.));
#2769 = ( GEOMETRIC_REPRESENTATION_CONTEXT(2)
PARAMETRIC_REPRESENTATION_CONTEXT() REPRESENTATION_CONTEXT('2D SPACE',''
  ) );
#2770 = ORIENTED_EDGE('',*,*,#2771,.F.);
#2771 = EDGE_CURVE('',#2749,#2749,#2772,.T.);
#2772 = SURFACE_CURVE('',#2773,(#2778,#2785),.PCURVE_S1.);
#2773 = CIRCLE('',#2774,7.2);
#2774 = AXIS2_PLACEMENT_3D('',#2775,#2776,#2777);
#2775 = CARTESIAN_POINT('',(67.,7.,45.));
#2776 = DIRECTION('',(0.,1.,0.));
#2777 = DIRECTION('',(0.,-0.,1.));
#2778 = PCURVE('',#1411,#2779);
#2779 = DEFINITIONAL_REPRESENTATION('',(#2780),#2784);
#2780 = LINE('',#2781,#2782);
#2781 = CARTESIAN_POINT('',(0.,3.2));
#2782 = VECTOR('',#2783,1.);
#2783 = DIRECTION('',(1.,0.));
#2784 = ( GEOMETRIC_REPRESENTATION_CONTEXT(2)
PARAMETRIC_REPRESENTATION_CONTEXT() REPRESENTATION_CONTEXT('2D SPACE',''
  ) );
#2785 = PCURVE('',#2786,#2791);
#2786 = PLANE('',#2787);
#2787 = AXIS2_PLACEMENT_3D('',#2788,#2789,#2790);
#2788 = CARTESIAN_POINT('',(67.,7.,45.));
#2789 = DIRECTION('',(0.,1.,0.));
#2790 = DIRECTION('',(0.,-0.,1.));
#2791 = DEFINITIONAL_REPRESENTATION('',(#2792),#2796);
#2792 = CIRCLE('',#2793,7.2);
#2793 = AXIS2_PLACEMENT_2D('',#2794,#2795);
#2794 = CARTESIAN_POINT('',(0.,0.));
#2795 = DIRECTION('',(1.,0.));
#2796 = ( GEOMETRIC_REPRESENTATION_CONTEXT(2)
PARAMETRIC_REPRESENTATION_CONTEXT() REPRESENTATION_CONTEXT('2D SPACE',''
  ) );
#2797 = ORIENTED_EDGE('',*,*,#2748,.F.);
#2798 = ORIENTED_EDGE('',*,*,#1394,.T.);
#2799 = ADVANCED_FACE('',(#2800),#1494,.T.);
#2800 = FACE_BOUND('',#2801,.T.);
#2801 = EDGE_LOOP('',(#2802,#2825,#2852,#2853));
#2802 = ORIENTED_EDGE('',*,*,#2803,.T.);
#2803 = EDGE_CURVE('',#1478,#2804,#2806,.T.);
#2804 = VERTEX_POINT('',#2805);
#2805 = CARTESIAN_POINT('',(48.,6.,92.));
#2806 = SEAM_CURVE('',#2807,(#2811,#2818),.PCURVE_S1.);
#2807 = LINE('',#2808,#2809);
#2808 = CARTESIAN_POINT('',(48.,3.8,92.));
#2809 = VECTOR('',#2810,1.);
#2810 = DIRECTION('',(0.,1.,0.));
#2811 = PCURVE('',#1494,#2812);
#2812 = DEFINITIONAL_REPRESENTATION('',(#2813),#2817);
#2813 = LINE('',#2814,#2815);
#2814 = CARTESIAN_POINT('',(6.28318530718,-0.));
#2815 = VECTOR('',#2816,1.);
#2816 = DIRECTION('',(0.,1.));
#2817 = ( GEOMETRIC_REPRESENTATION_CONTEXT(2)
PARAMETRIC_REPRESENTATION_CONTEXT() REPRESENTATION_CONTEXT('2D SPACE',''
  ) );
#2818 = PCURVE('',#1494,#2819);
#2819 = DEFINITIONAL_REPRESENTATION('',(#2820),#2824);
#2820 = LINE('',#2821,#2822);
#2821 = CARTESIAN_POINT('',(0.,-0.));
#2822 = VECTOR('',#2823,1.);
#2823 = DIRECTION('',(0.,1.));
#2824 = ( GEOMETRIC_REPRESENTATION_CONTEXT(2)
PARAMETRIC_REPRESENTATION_CONTEXT() REPRESENTATION_CONTEXT('2D SPACE',''
  ) );
#2825 = ORIENTED_EDGE('',*,*,#2826,.F.);
#2826 = EDGE_CURVE('',#2804,#2804,#2827,.T.);
#2827 = SURFACE_CURVE('',#2828,(#2833,#2840),.PCURVE_S1.);
#2828 = CIRCLE('',#2829,4.);
#2829 = AXIS2_PLACEMENT_3D('',#2830,#2831,#2832);
#2830 = CARTESIAN_POINT('',(48.,6.,88.));
#2831 = DIRECTION('',(0.,1.,0.));
#2832 = DIRECTION('',(0.,-0.,1.));
#2833 = PCURVE('',#1494,#2834);
#2834 = DEFINITIONAL_REPRESENTATION('',(#2835),#2839);
#2835 = LINE('',#2836,#2837);
#2836 = CARTESIAN_POINT('',(0.,2.2));
#2837 = VECTOR('',#2838,1.);
#2838 = DIRECTION('',(1.,0.));
#2839 = ( GEOMETRIC_REPRESENTATION_CONTEXT(2)
PARAMETRIC_REPRESENTATION_CONTEXT() REPRESENTATION_CONTEXT('2D SPACE',''
  ) );
#2840 = PCURVE('',#2841,#2846);
#2841 = PLANE('',#2842);
#2842 = AXIS2_PLACEMENT_3D('',#2843,#2844,#2845);
#2843 = CARTESIAN_POINT('',(48.,6.,88.));
#2844 = DIRECTION('',(0.,1.,0.));
#2845 = DIRECTION('',(0.,-0.,1.));
#2846 = DEFINITIONAL_REPRESENTATION('',(#2847),#2851);
#2847 = CIRCLE('',#2848,4.);
#2848 = AXIS2_PLACEMENT_2D('',#2849,#2850);
#2849 = CARTESIAN_POINT('',(0.,0.));
#2850 = DIRECTION('',(1.,0.));
#2851 = ( GEOMETRIC_REPRESENTATION_CONTEXT(2)
PARAMETRIC_REPRESENTATION_CONTEXT() REPRESENTATION_CONTEXT('2D SPACE',''
  ) );
#2852 = ORIENTED_EDGE('',*,*,#2803,.F.);
#2853 = ORIENTED_EDGE('',*,*,#1477,.T.);
#2854 = ADVANCED_FACE('',(#2855),#1611,.T.);
#2855 = FACE_BOUND('',#2856,.T.);
#2856 = EDGE_LOOP('',(#2857,#2880,#2907,#2908));
#2857 = ORIENTED_EDGE('',*,*,#2858,.T.);
#2858 = EDGE_CURVE('',#1595,#2859,#2861,.T.);
#2859 = VERTEX_POINT('',#2860);
#2860 = CARTESIAN_POINT('',(72.,6.,92.));
#2861 = SEAM_CURVE('',#2862,(#2866,#2873),.PCURVE_S1.);
#2862 = LINE('',#2863,#2864);
#2863 = CARTESIAN_POINT('',(72.,3.8,92.));
#2864 = VECTOR('',#2865,1.);
#2865 = DIRECTION('',(0.,1.,0.));
#2866 = PCURVE('',#1611,#2867);
#2867 = DEFINITIONAL_REPRESENTATION('',(#2868),#2872);
#2868 = LINE('',#2869,#2870);
#2869 = CARTESIAN_POINT('',(6.28318530718,-0.));
#2870 = VECTOR('',#2871,1.);
#2871 = DIRECTION('',(0.,1.));
#2872 = ( GEOMETRIC_REPRESENTATION_CONTEXT(2)
PARAMETRIC_REPRESENTATION_CONTEXT() REPRESENTATION_CONTEXT('2D SPACE',''
  ) );
#2873 = PCURVE('',#1611,#2874);
#2874 = DEFINITIONAL_REPRESENTATION('',(#2875),#2879);
#2875 = LINE('',#2876,#2877);
#2876 = CARTESIAN_POINT('',(0.,-0.));
#2877 = VECTOR('',#2878,1.);
#2878 = DIRECTION('',(0.,1.));
#2879 = ( GEOMETRIC_REPRESENTATION_CONTEXT(2)
PARAMETRIC_REPRESENTATION_CONTEXT() REPRESENTATION_CONTEXT('2D SPACE',''
  ) );
#2880 = ORIENTED_EDGE('',*,*,#2881,.F.);
#2881 = EDGE_CURVE('',#2859,#2859,#2882,.T.);
#2882 = SURFACE_CURVE('',#2883,(#2888,#2895),.PCURVE_S1.);
#2883 = CIRCLE('',#2884,4.);
#2884 = AXIS2_PLACEMENT_3D('',#2885,#2886,#2887);
#2885 = CARTESIAN_POINT('',(72.,6.,88.));
#2886 = DIRECTION('',(0.,1.,0.));
#2887 = DIRECTION('',(0.,-0.,1.));
#2888 = PCURVE('',#1611,#2889);
#2889 = DEFINITIONAL_REPRESENTATION('',(#2890),#2894);
#2890 = LINE('',#2891,#2892);
#2891 = CARTESIAN_POINT('',(0.,2.2));
#2892 = VECTOR('',#2893,1.);
#2893 = DIRECTION('',(1.,0.));
#2894 = ( GEOMETRIC_REPRESENTATION_CONTEXT(2)
PARAMETRIC_REPRESENTATION_CONTEXT() REPRESENTATION_CONTEXT('2D SPACE',''
  ) );
#2895 = PCURVE('',#2896,#2901);
#2896 = PLANE('',#2897);
#2897 = AXIS2_PLACEMENT_3D('',#2898,#2899,#2900);
#2898 = CARTESIAN_POINT('',(72.,6.,88.));
#2899 = DIRECTION('',(0.,1.,0.));
#2900 = DIRECTION('',(0.,-0.,1.));
#2901 = DEFINITIONAL_REPRESENTATION('',(#2902),#2906);
#2902 = CIRCLE('',#2903,4.);
#2903 = AXIS2_PLACEMENT_2D('',#2904,#2905);
#2904 = CARTESIAN_POINT('',(0.,0.));
#2905 = DIRECTION('',(1.,0.));
#2906 = ( GEOMETRIC_REPRESENTATION_CONTEXT(2)
PARAMETRIC_REPRESENTATION_CONTEXT() REPRESENTATION_CONTEXT('2D SPACE',''
  ) );
#2907 = ORIENTED_EDGE('',*,*,#2858,.F.);
#2908 = ORIENTED_EDGE('',*,*,#1594,.T.);
#2909 = ADVANCED_FACE('',(#2910),#1642,.T.);
#2910 = FACE_BOUND('',#2911,.T.);
#2911 = EDGE_LOOP('',(#2912,#2935,#2957,#2958));
#2912 = ORIENTED_EDGE('',*,*,#2913,.T.);
#2913 = EDGE_CURVE('',#1626,#2914,#2916,.T.);
#2914 = VERTEX_POINT('',#2915);
#2915 = CARTESIAN_POINT('',(85.5,12.,100.));
#2916 = SEAM_CURVE('',#2917,(#2921,#2928),.PCURVE_S1.);
#2917 = LINE('',#2918,#2919);
#2918 = CARTESIAN_POINT('',(85.5,3.5,100.));
#2919 = VECTOR('',#2920,1.);
#2920 = DIRECTION('',(0.,1.,0.));
#2921 = PCURVE('',#1642,#2922);
#2922 = DEFINITIONAL_REPRESENTATION('',(#2923),#2927);
#2923 = LINE('',#2924,#2925);
#2924 = CARTESIAN_POINT('',(6.28318530718,-0.));
#2925 = VECTOR('',#2926,1.);
#2926 = DIRECTION('',(0.,1.));
#2927 = ( GEOMETRIC_REPRESENTATION_CONTEXT(2)
PARAMETRIC_REPRESENTATION_CONTEXT() REPRESENTATION_CONTEXT('2D SPACE',''
  ) );
#2928 = PCURVE('',#1642,#2929);
#2929 = DEFINITIONAL_REPRESENTATION('',(#2930),#2934);
#2930 = LINE('',#2931,#2932);
#2931 = CARTESIAN_POINT('',(0.,-0.));
#2932 = VECTOR('',#2933,1.);
#2933 = DIRECTION('',(0.,1.));
#2934 = ( GEOMETRIC_REPRESENTATION_CONTEXT(2)
PARAMETRIC_REPRESENTATION_CONTEXT() REPRESENTATION_CONTEXT('2D SPACE',''
  ) );
#2935 = ORIENTED_EDGE('',*,*,#2936,.F.);
#2936 = EDGE_CURVE('',#2914,#2914,#2937,.T.);
#2937 = SURFACE_CURVE('',#2938,(#2943,#2950),.PCURVE_S1.);
#2938 = CIRCLE('',#2939,3.);
#2939 = AXIS2_PLACEMENT_3D('',#2940,#2941,#2942);
#2940 = CARTESIAN_POINT('',(85.5,12.,97.));
#2941 = DIRECTION('',(0.,1.,0.));
#2942 = DIRECTION('',(0.,-0.,1.));
#2943 = PCURVE('',#1642,#2944);
#2944 = DEFINITIONAL_REPRESENTATION('',(#2945),#2949);
#2945 = LINE('',#2946,#2947);
#2946 = CARTESIAN_POINT('',(0.,8.5));
#2947 = VECTOR('',#2948,1.);
#2948 = DIRECTION('',(1.,0.));
#2949 = ( GEOMETRIC_REPRESENTATION_CONTEXT(2)
PARAMETRIC_REPRESENTATION_CONTEXT() REPRESENTATION_CONTEXT('2D SPACE',''
  ) );
#2950 = PCURVE('',#2473,#2951);
#2951 = DEFINITIONAL_REPRESENTATION('',(#2952),#2956);
#2952 = CIRCLE('',#2953,3.);
#2953 = AXIS2_PLACEMENT_2D('',#2954,#2955);
#2954 = CARTESIAN_POINT('',(0.,0.));
#2955 = DIRECTION('',(1.,0.));
#2956 = ( GEOMETRIC_REPRESENTATION_CONTEXT(2)
PARAMETRIC_REPRESENTATION_CONTEXT() REPRESENTATION_CONTEXT('2D SPACE',''
  ) );
#2957 = ORIENTED_EDGE('',*,*,#2913,.F.);
#2958 = ORIENTED_EDGE('',*,*,#1625,.T.);
#2959 = ADVANCED_FACE('',(#2960),#1673,.T.);
#2960 = FACE_BOUND('',#2961,.T.);
#2961 = EDGE_LOOP('',(#2962,#2985,#3007,#3008));
#2962 = ORIENTED_EDGE('',*,*,#2963,.T.);
#2963 = EDGE_CURVE('',#1657,#2964,#2966,.T.);
#2964 = VERTEX_POINT('',#2965);
#2965 = CARTESIAN_POINT('',(85.5,12.,131.));
#2966 = SEAM_CURVE('',#2967,(#2971,#2978),.PCURVE_S1.);
#2967 = LINE('',#2968,#2969);
#2968 = CARTESIAN_POINT('',(85.5,3.5,131.));
#2969 = VECTOR('',#2970,1.);
#2970 = DIRECTION('',(0.,1.,0.));
#2971 = PCURVE('',#1673,#2972);
#2972 = DEFINITIONAL_REPRESENTATION('',(#2973),#2977);
#2973 = LINE('',#2974,#2975);
#2974 = CARTESIAN_POINT('',(6.28318530718,-0.));
#2975 = VECTOR('',#2976,1.);
#2976 = DIRECTION('',(0.,1.));
#2977 = ( GEOMETRIC_REPRESENTATION_CONTEXT(2)
PARAMETRIC_REPRESENTATION_CONTEXT() REPRESENTATION_CONTEXT('2D SPACE',''
  ) );
#2978 = PCURVE('',#1673,#2979);
#2979 = DEFINITIONAL_REPRESENTATION('',(#2980),#2984);
#2980 = LINE('',#2981,#2982);
#2981 = CARTESIAN_POINT('',(0.,-0.));
#2982 = VECTOR('',#2983,1.);
#2983 = DIRECTION('',(0.,1.));
#2984 = ( GEOMETRIC_REPRESENTATION_CONTEXT(2)
PARAMETRIC_REPRESENTATION_CONTEXT() REPRESENTATION_CONTEXT('2D SPACE',''
  ) );
#2985 = ORIENTED_EDGE('',*,*,#2986,.F.);
#2986 = EDGE_CURVE('',#2964,#2964,#2987,.T.);
#2987 = SURFACE_CURVE('',#2988,(#2993,#3000),.PCURVE_S1.);
#2988 = CIRCLE('',#2989,3.);
#2989 = AXIS2_PLACEMENT_3D('',#2990,#2991,#2992);
#2990 = CARTESIAN_POINT('',(85.5,12.,128.));
#2991 = DIRECTION('',(0.,1.,0.));
#2992 = DIRECTION('',(0.,-0.,1.));
#2993 = PCURVE('',#1673,#2994);
#2994 = DEFINITIONAL_REPRESENTATION('',(#2995),#2999);
#2995 = LINE('',#2996,#2997);
#2996 = CARTESIAN_POINT('',(0.,8.5));
#2997 = VECTOR('',#2998,1.);
#2998 = DIRECTION('',(1.,0.));
#2999 = ( GEOMETRIC_REPRESENTATION_CONTEXT(2)
PARAMETRIC_REPRESENTATION_CONTEXT() REPRESENTATION_CONTEXT('2D SPACE',''
  ) );
#3000 = PCURVE('',#2528,#3001);
#3001 = DEFINITIONAL_REPRESENTATION('',(#3002),#3006);
#3002 = CIRCLE('',#3003,3.);
#3003 = AXIS2_PLACEMENT_2D('',#3004,#3005);
#3004 = CARTESIAN_POINT('',(0.,0.));
#3005 = DIRECTION('',(1.,0.));
#3006 = ( GEOMETRIC_REPRESENTATION_CONTEXT(2)
PARAMETRIC_REPRESENTATION_CONTEXT() REPRESENTATION_CONTEXT('2D SPACE',''
  ) );
#3007 = ORIENTED_EDGE('',*,*,#2963,.F.);
#3008 = ORIENTED_EDGE('',*,*,#1656,.T.);
#3009 = ADVANCED_FACE('',(#3010,#3013),#1927,.T.);
#3010 = FACE_BOUND('',#3011,.T.);
#3011 = EDGE_LOOP('',(#3012));
#3012 = ORIENTED_EDGE('',*,*,#2616,.T.);
#3013 = FACE_BOUND('',#3014,.T.);
#3014 = EDGE_LOOP('',(#3015));
#3015 = ORIENTED_EDGE('',*,*,#1910,.F.);
#3016 = ADVANCED_FACE('',(#3017,#3048),#1982,.T.);
#3017 = FACE_BOUND('',#3018,.T.);
#3018 = EDGE_LOOP('',(#3019));
#3019 = ORIENTED_EDGE('',*,*,#3020,.T.);
#3020 = EDGE_CURVE('',#3021,#3021,#3023,.T.);
#3021 = VERTEX_POINT('',#3022);
#3022 = CARTESIAN_POINT('',(24.,4.,90.7));
#3023 = SURFACE_CURVE('',#3024,(#3029,#3036),.PCURVE_S1.);
#3024 = CIRCLE('',#3025,2.7);
#3025 = AXIS2_PLACEMENT_3D('',#3026,#3027,#3028);
#3026 = CARTESIAN_POINT('',(24.,4.,88.));
#3027 = DIRECTION('',(0.,1.,0.));
#3028 = DIRECTION('',(0.,-0.,1.));
#3029 = PCURVE('',#1982,#3030);
#3030 = DEFINITIONAL_REPRESENTATION('',(#3031),#3035);
#3031 = CIRCLE('',#3032,2.7);
#3032 = AXIS2_PLACEMENT_2D('',#3033,#3034);
#3033 = CARTESIAN_POINT('',(84.6,20.6));
#3034 = DIRECTION('',(1.,0.));
#3035 = ( GEOMETRIC_REPRESENTATION_CONTEXT(2)
PARAMETRIC_REPRESENTATION_CONTEXT() REPRESENTATION_CONTEXT('2D SPACE',''
  ) );
#3036 = PCURVE('',#3037,#3042);
#3037 = CYLINDRICAL_SURFACE('',#3038,2.7);
#3038 = AXIS2_PLACEMENT_3D('',#3039,#3040,#3041);
#3039 = CARTESIAN_POINT('',(24.,3.7,88.));
#3040 = DIRECTION('',(0.,1.,0.));
#3041 = DIRECTION('',(0.,-0.,1.));
#3042 = DEFINITIONAL_REPRESENTATION('',(#3043),#3047);
#3043 = LINE('',#3044,#3045);
#3044 = CARTESIAN_POINT('',(0.,0.3));
#3045 = VECTOR('',#3046,1.);
#3046 = DIRECTION('',(1.,0.));
#3047 = ( GEOMETRIC_REPRESENTATION_CONTEXT(2)
PARAMETRIC_REPRESENTATION_CONTEXT() REPRESENTATION_CONTEXT('2D SPACE',''
  ) );
#3048 = FACE_BOUND('',#3049,.T.);
#3049 = EDGE_LOOP('',(#3050));
#3050 = ORIENTED_EDGE('',*,*,#1965,.F.);
#3051 = ADVANCED_FACE('',(#3052,#3055),#2037,.T.);
#3052 = FACE_BOUND('',#3053,.T.);
#3053 = EDGE_LOOP('',(#3054));
#3054 = ORIENTED_EDGE('',*,*,#2721,.T.);
#3055 = FACE_BOUND('',#3056,.T.);
#3056 = EDGE_LOOP('',(#3057));
#3057 = ORIENTED_EDGE('',*,*,#2020,.F.);
#3058 = ADVANCED_FACE('',(#3059,#3090),#2146,.T.);
#3059 = FACE_BOUND('',#3060,.T.);
#3060 = EDGE_LOOP('',(#3061));
#3061 = ORIENTED_EDGE('',*,*,#3062,.T.);
#3062 = EDGE_CURVE('',#3063,#3063,#3065,.T.);
#3063 = VERTEX_POINT('',#3064);
#3064 = CARTESIAN_POINT('',(67.,4.,50.2));
#3065 = SURFACE_CURVE('',#3066,(#3071,#3078),.PCURVE_S1.);
#3066 = CIRCLE('',#3067,5.2);
#3067 = AXIS2_PLACEMENT_3D('',#3068,#3069,#3070);
#3068 = CARTESIAN_POINT('',(67.,4.,45.));
#3069 = DIRECTION('',(0.,1.,0.));
#3070 = DIRECTION('',(0.,-0.,1.));
#3071 = PCURVE('',#2146,#3072);
#3072 = DEFINITIONAL_REPRESENTATION('',(#3073),#3077);
#3073 = CIRCLE('',#3074,5.2);
#3074 = AXIS2_PLACEMENT_2D('',#3075,#3076);
#3075 = CARTESIAN_POINT('',(41.6,63.6));
#3076 = DIRECTION('',(1.,0.));
#3077 = ( GEOMETRIC_REPRESENTATION_CONTEXT(2)
PARAMETRIC_REPRESENTATION_CONTEXT() REPRESENTATION_CONTEXT('2D SPACE',''
  ) );
#3078 = PCURVE('',#3079,#3084);
#3079 = CYLINDRICAL_SURFACE('',#3080,5.2);
#3080 = AXIS2_PLACEMENT_3D('',#3081,#3082,#3083);
#3081 = CARTESIAN_POINT('',(67.,3.7,45.));
#3082 = DIRECTION('',(0.,1.,0.));
#3083 = DIRECTION('',(0.,-0.,1.));
#3084 = DEFINITIONAL_REPRESENTATION('',(#3085),#3089);
#3085 = LINE('',#3086,#3087);
#3086 = CARTESIAN_POINT('',(0.,0.3));
#3087 = VECTOR('',#3088,1.);
#3088 = DIRECTION('',(1.,0.));
#3089 = ( GEOMETRIC_REPRESENTATION_CONTEXT(2)
PARAMETRIC_REPRESENTATION_CONTEXT() REPRESENTATION_CONTEXT('2D SPACE',''
  ) );
#3090 = FACE_BOUND('',#3091,.T.);
#3091 = EDGE_LOOP('',(#3092));
#3092 = ORIENTED_EDGE('',*,*,#2129,.F.);
#3093 = ADVANCED_FACE('',(#3094,#3125),#2255,.T.);
#3094 = FACE_BOUND('',#3095,.T.);
#3095 = EDGE_LOOP('',(#3096));
#3096 = ORIENTED_EDGE('',*,*,#3097,.T.);
#3097 = EDGE_CURVE('',#3098,#3098,#3100,.T.);
#3098 = VERTEX_POINT('',#3099);
#3099 = CARTESIAN_POINT('',(48.,4.,90.7));
#3100 = SURFACE_CURVE('',#3101,(#3106,#3113),.PCURVE_S1.);
#3101 = CIRCLE('',#3102,2.7);
#3102 = AXIS2_PLACEMENT_3D('',#3103,#3104,#3105);
#3103 = CARTESIAN_POINT('',(48.,4.,88.));
#3104 = DIRECTION('',(0.,1.,0.));
#3105 = DIRECTION('',(0.,-0.,1.));
#3106 = PCURVE('',#2255,#3107);
#3107 = DEFINITIONAL_REPRESENTATION('',(#3108),#3112);
#3108 = CIRCLE('',#3109,2.7);
#3109 = AXIS2_PLACEMENT_2D('',#3110,#3111);
#3110 = CARTESIAN_POINT('',(84.6,44.6));
#3111 = DIRECTION('',(1.,0.));
#3112 = ( GEOMETRIC_REPRESENTATION_CONTEXT(2)
PARAMETRIC_REPRESENTATION_CONTEXT() REPRESENTATION_CONTEXT('2D SPACE',''
  ) );
#3113 = PCURVE('',#3114,#3119);
#3114 = CYLINDRICAL_SURFACE('',#3115,2.7);
#3115 = AXIS2_PLACEMENT_3D('',#3116,#3117,#3118);
#3116 = CARTESIAN_POINT('',(48.,3.7,88.));
#3117 = DIRECTION('',(0.,1.,0.));
#3118 = DIRECTION('',(0.,-0.,1.));
#3119 = DEFINITIONAL_REPRESENTATION('',(#3120),#3124);
#3120 = LINE('',#3121,#3122);
#3121 = CARTESIAN_POINT('',(0.,0.3));
#3122 = VECTOR('',#3123,1.);
#3123 = DIRECTION('',(1.,0.));
#3124 = ( GEOMETRIC_REPRESENTATION_CONTEXT(2)
PARAMETRIC_REPRESENTATION_CONTEXT() REPRESENTATION_CONTEXT('2D SPACE',''
  ) );
#3125 = FACE_BOUND('',#3126,.T.);
#3126 = EDGE_LOOP('',(#3127));
#3127 = ORIENTED_EDGE('',*,*,#2238,.F.);
#3128 = ADVANCED_FACE('',(#3129,#3160),#2418,.T.);
#3129 = FACE_BOUND('',#3130,.T.);
#3130 = EDGE_LOOP('',(#3131));
#3131 = ORIENTED_EDGE('',*,*,#3132,.T.);
#3132 = EDGE_CURVE('',#3133,#3133,#3135,.T.);
#3133 = VERTEX_POINT('',#3134);
#3134 = CARTESIAN_POINT('',(72.,4.,90.7));
#3135 = SURFACE_CURVE('',#3136,(#3141,#3148),.PCURVE_S1.);
#3136 = CIRCLE('',#3137,2.7);
#3137 = AXIS2_PLACEMENT_3D('',#3138,#3139,#3140);
#3138 = CARTESIAN_POINT('',(72.,4.,88.));
#3139 = DIRECTION('',(0.,1.,0.));
#3140 = DIRECTION('',(0.,-0.,1.));
#3141 = PCURVE('',#2418,#3142);
#3142 = DEFINITIONAL_REPRESENTATION('',(#3143),#3147);
#3143 = CIRCLE('',#3144,2.7);
#3144 = AXIS2_PLACEMENT_2D('',#3145,#3146);
#3145 = CARTESIAN_POINT('',(84.6,68.6));
#3146 = DIRECTION('',(1.,0.));
#3147 = ( GEOMETRIC_REPRESENTATION_CONTEXT(2)
PARAMETRIC_REPRESENTATION_CONTEXT() REPRESENTATION_CONTEXT('2D SPACE',''
  ) );
#3148 = PCURVE('',#3149,#3154);
#3149 = CYLINDRICAL_SURFACE('',#3150,2.7);
#3150 = AXIS2_PLACEMENT_3D('',#3151,#3152,#3153);
#3151 = CARTESIAN_POINT('',(72.,3.7,88.));
#3152 = DIRECTION('',(0.,1.,0.));
#3153 = DIRECTION('',(0.,-0.,1.));
#3154 = DEFINITIONAL_REPRESENTATION('',(#3155),#3159);
#3155 = LINE('',#3156,#3157);
#3156 = CARTESIAN_POINT('',(0.,0.3));
#3157 = VECTOR('',#3158,1.);
#3158 = DIRECTION('',(1.,0.));
#3159 = ( GEOMETRIC_REPRESENTATION_CONTEXT(2)
PARAMETRIC_REPRESENTATION_CONTEXT() REPRESENTATION_CONTEXT('2D SPACE',''
  ) );
#3160 = FACE_BOUND('',#3161,.T.);
#3161 = EDGE_LOOP('',(#3162));
#3162 = ORIENTED_EDGE('',*,*,#2401,.F.);
#3163 = ADVANCED_FACE('',(#3164,#3167),#2473,.T.);
#3164 = FACE_BOUND('',#3165,.T.);
#3165 = EDGE_LOOP('',(#3166));
#3166 = ORIENTED_EDGE('',*,*,#2936,.T.);
#3167 = FACE_BOUND('',#3168,.T.);
#3168 = EDGE_LOOP('',(#3169));
#3169 = ORIENTED_EDGE('',*,*,#2456,.F.);
#3170 = ADVANCED_FACE('',(#3171,#3174),#2528,.T.);
#3171 = FACE_BOUND('',#3172,.T.);
#3172 = EDGE_LOOP('',(#3173));
#3173 = ORIENTED_EDGE('',*,*,#2986,.T.);
#3174 = FACE_BOUND('',#3175,.T.);
#3175 = EDGE_LOOP('',(#3176));
#3176 = ORIENTED_EDGE('',*,*,#2511,.F.);
#3177 = ADVANCED_FACE('',(#3178,#3181),#2681,.T.);
#3178 = FACE_BOUND('',#3179,.T.);
#3179 = EDGE_LOOP('',(#3180));
#3180 = ORIENTED_EDGE('',*,*,#2666,.T.);
#3181 = FACE_BOUND('',#3182,.T.);
#3182 = EDGE_LOOP('',(#3183));
#3183 = ORIENTED_EDGE('',*,*,#3184,.F.);
#3184 = EDGE_CURVE('',#3185,#3185,#3187,.T.);
#3185 = VERTEX_POINT('',#3186);
#3186 = CARTESIAN_POINT('',(24.,6.,90.7));
#3187 = SURFACE_CURVE('',#3188,(#3193,#3200),.PCURVE_S1.);
#3188 = CIRCLE('',#3189,2.7);
#3189 = AXIS2_PLACEMENT_3D('',#3190,#3191,#3192);
#3190 = CARTESIAN_POINT('',(24.,6.,88.));
#3191 = DIRECTION('',(0.,1.,0.));
#3192 = DIRECTION('',(0.,-0.,1.));
#3193 = PCURVE('',#2681,#3194);
#3194 = DEFINITIONAL_REPRESENTATION('',(#3195),#3199);
#3195 = CIRCLE('',#3196,2.7);
#3196 = AXIS2_PLACEMENT_2D('',#3197,#3198);
#3197 = CARTESIAN_POINT('',(0.,0.));
#3198 = DIRECTION('',(1.,0.));
#3199 = ( GEOMETRIC_REPRESENTATION_CONTEXT(2)
PARAMETRIC_REPRESENTATION_CONTEXT() REPRESENTATION_CONTEXT('2D SPACE',''
  ) );
#3200 = PCURVE('',#3037,#3201);
#3201 = DEFINITIONAL_REPRESENTATION('',(#3202),#3206);
#3202 = LINE('',#3203,#3204);
#3203 = CARTESIAN_POINT('',(0.,2.3));
#3204 = VECTOR('',#3205,1.);
#3205 = DIRECTION('',(1.,0.));
#3206 = ( GEOMETRIC_REPRESENTATION_CONTEXT(2)
PARAMETRIC_REPRESENTATION_CONTEXT() REPRESENTATION_CONTEXT('2D SPACE',''
  ) );
#3207 = ADVANCED_FACE('',(#3208,#3211),#2786,.T.);
#3208 = FACE_BOUND('',#3209,.T.);
#3209 = EDGE_LOOP('',(#3210));
#3210 = ORIENTED_EDGE('',*,*,#2771,.T.);
#3211 = FACE_BOUND('',#3212,.T.);
#3212 = EDGE_LOOP('',(#3213));
#3213 = ORIENTED_EDGE('',*,*,#3214,.F.);
#3214 = EDGE_CURVE('',#3215,#3215,#3217,.T.);
#3215 = VERTEX_POINT('',#3216);
#3216 = CARTESIAN_POINT('',(67.,7.,50.2));
#3217 = SURFACE_CURVE('',#3218,(#3223,#3230),.PCURVE_S1.);
#3218 = CIRCLE('',#3219,5.2);
#3219 = AXIS2_PLACEMENT_3D('',#3220,#3221,#3222);
#3220 = CARTESIAN_POINT('',(67.,7.,45.));
#3221 = DIRECTION('',(0.,1.,0.));
#3222 = DIRECTION('',(0.,-0.,1.));
#3223 = PCURVE('',#2786,#3224);
#3224 = DEFINITIONAL_REPRESENTATION('',(#3225),#3229);
#3225 = CIRCLE('',#3226,5.2);
#3226 = AXIS2_PLACEMENT_2D('',#3227,#3228);
#3227 = CARTESIAN_POINT('',(0.,0.));
#3228 = DIRECTION('',(1.,0.));
#3229 = ( GEOMETRIC_REPRESENTATION_CONTEXT(2)
PARAMETRIC_REPRESENTATION_CONTEXT() REPRESENTATION_CONTEXT('2D SPACE',''
  ) );
#3230 = PCURVE('',#3079,#3231);
#3231 = DEFINITIONAL_REPRESENTATION('',(#3232),#3236);
#3232 = LINE('',#3233,#3234);
#3233 = CARTESIAN_POINT('',(0.,3.3));
#3234 = VECTOR('',#3235,1.);
#3235 = DIRECTION('',(1.,0.));
#3236 = ( GEOMETRIC_REPRESENTATION_CONTEXT(2)
PARAMETRIC_REPRESENTATION_CONTEXT() REPRESENTATION_CONTEXT('2D SPACE',''
  ) );
#3237 = ADVANCED_FACE('',(#3238,#3241),#2841,.T.);
#3238 = FACE_BOUND('',#3239,.T.);
#3239 = EDGE_LOOP('',(#3240));
#3240 = ORIENTED_EDGE('',*,*,#2826,.T.);
#3241 = FACE_BOUND('',#3242,.T.);
#3242 = EDGE_LOOP('',(#3243));
#3243 = ORIENTED_EDGE('',*,*,#3244,.F.);
#3244 = EDGE_CURVE('',#3245,#3245,#3247,.T.);
#3245 = VERTEX_POINT('',#3246);
#3246 = CARTESIAN_POINT('',(48.,6.,90.7));
#3247 = SURFACE_CURVE('',#3248,(#3253,#3260),.PCURVE_S1.);
#3248 = CIRCLE('',#3249,2.7);
#3249 = AXIS2_PLACEMENT_3D('',#3250,#3251,#3252);
#3250 = CARTESIAN_POINT('',(48.,6.,88.));
#3251 = DIRECTION('',(0.,1.,0.));
#3252 = DIRECTION('',(0.,-0.,1.));
#3253 = PCURVE('',#2841,#3254);
#3254 = DEFINITIONAL_REPRESENTATION('',(#3255),#3259);
#3255 = CIRCLE('',#3256,2.7);
#3256 = AXIS2_PLACEMENT_2D('',#3257,#3258);
#3257 = CARTESIAN_POINT('',(0.,0.));
#3258 = DIRECTION('',(1.,0.));
#3259 = ( GEOMETRIC_REPRESENTATION_CONTEXT(2)
PARAMETRIC_REPRESENTATION_CONTEXT() REPRESENTATION_CONTEXT('2D SPACE',''
  ) );
#3260 = PCURVE('',#3114,#3261);
#3261 = DEFINITIONAL_REPRESENTATION('',(#3262),#3266);
#3262 = LINE('',#3263,#3264);
#3263 = CARTESIAN_POINT('',(0.,2.3));
#3264 = VECTOR('',#3265,1.);
#3265 = DIRECTION('',(1.,0.));
#3266 = ( GEOMETRIC_REPRESENTATION_CONTEXT(2)
PARAMETRIC_REPRESENTATION_CONTEXT() REPRESENTATION_CONTEXT('2D SPACE',''
  ) );
#3267 = ADVANCED_FACE('',(#3268,#3271),#2896,.T.);
#3268 = FACE_BOUND('',#3269,.T.);
#3269 = EDGE_LOOP('',(#3270));
#3270 = ORIENTED_EDGE('',*,*,#2881,.T.);
#3271 = FACE_BOUND('',#3272,.T.);
#3272 = EDGE_LOOP('',(#3273));
#3273 = ORIENTED_EDGE('',*,*,#3274,.F.);
#3274 = EDGE_CURVE('',#3275,#3275,#3277,.T.);
#3275 = VERTEX_POINT('',#3276);
#3276 = CARTESIAN_POINT('',(72.,6.,90.7));
#3277 = SURFACE_CURVE('',#3278,(#3283,#3290),.PCURVE_S1.);
#3278 = CIRCLE('',#3279,2.7);
#3279 = AXIS2_PLACEMENT_3D('',#3280,#3281,#3282);
#3280 = CARTESIAN_POINT('',(72.,6.,88.));
#3281 = DIRECTION('',(0.,1.,0.));
#3282 = DIRECTION('',(0.,-0.,1.));
#3283 = PCURVE('',#2896,#3284);
#3284 = DEFINITIONAL_REPRESENTATION('',(#3285),#3289);
#3285 = CIRCLE('',#3286,2.7);
#3286 = AXIS2_PLACEMENT_2D('',#3287,#3288);
#3287 = CARTESIAN_POINT('',(0.,0.));
#3288 = DIRECTION('',(1.,0.));
#3289 = ( GEOMETRIC_REPRESENTATION_CONTEXT(2)
PARAMETRIC_REPRESENTATION_CONTEXT() REPRESENTATION_CONTEXT('2D SPACE',''
  ) );
#3290 = PCURVE('',#3149,#3291);
#3291 = DEFINITIONAL_REPRESENTATION('',(#3292),#3296);
#3292 = LINE('',#3293,#3294);
#3293 = CARTESIAN_POINT('',(0.,2.3));
#3294 = VECTOR('',#3295,1.);
#3295 = DIRECTION('',(1.,0.));
#3296 = ( GEOMETRIC_REPRESENTATION_CONTEXT(2)
PARAMETRIC_REPRESENTATION_CONTEXT() REPRESENTATION_CONTEXT('2D SPACE',''
  ) );
#3297 = ADVANCED_FACE('',(#3298),#3037,.F.);
#3298 = FACE_BOUND('',#3299,.F.);
#3299 = EDGE_LOOP('',(#3300,#3321,#3322,#3323));
#3300 = ORIENTED_EDGE('',*,*,#3301,.T.);
#3301 = EDGE_CURVE('',#3021,#3185,#3302,.T.);
#3302 = SEAM_CURVE('',#3303,(#3307,#3314),.PCURVE_S1.);
#3303 = LINE('',#3304,#3305);
#3304 = CARTESIAN_POINT('',(24.,3.7,90.7));
#3305 = VECTOR('',#3306,1.);
#3306 = DIRECTION('',(0.,1.,0.));
#3307 = PCURVE('',#3037,#3308);
#3308 = DEFINITIONAL_REPRESENTATION('',(#3309),#3313);
#3309 = LINE('',#3310,#3311);
#3310 = CARTESIAN_POINT('',(6.28318530718,-0.));
#3311 = VECTOR('',#3312,1.);
#3312 = DIRECTION('',(0.,1.));
#3313 = ( GEOMETRIC_REPRESENTATION_CONTEXT(2)
PARAMETRIC_REPRESENTATION_CONTEXT() REPRESENTATION_CONTEXT('2D SPACE',''
  ) );
#3314 = PCURVE('',#3037,#3315);
#3315 = DEFINITIONAL_REPRESENTATION('',(#3316),#3320);
#3316 = LINE('',#3317,#3318);
#3317 = CARTESIAN_POINT('',(0.,-0.));
#3318 = VECTOR('',#3319,1.);
#3319 = DIRECTION('',(0.,1.));
#3320 = ( GEOMETRIC_REPRESENTATION_CONTEXT(2)
PARAMETRIC_REPRESENTATION_CONTEXT() REPRESENTATION_CONTEXT('2D SPACE',''
  ) );
#3321 = ORIENTED_EDGE('',*,*,#3184,.F.);
#3322 = ORIENTED_EDGE('',*,*,#3301,.F.);
#3323 = ORIENTED_EDGE('',*,*,#3020,.T.);
#3324 = ADVANCED_FACE('',(#3325),#3079,.F.);
#3325 = FACE_BOUND('',#3326,.F.);
#3326 = EDGE_LOOP('',(#3327,#3348,#3349,#3350));
#3327 = ORIENTED_EDGE('',*,*,#3328,.T.);
#3328 = EDGE_CURVE('',#3063,#3215,#3329,.T.);
#3329 = SEAM_CURVE('',#3330,(#3334,#3341),.PCURVE_S1.);
#3330 = LINE('',#3331,#3332);
#3331 = CARTESIAN_POINT('',(67.,3.7,50.2));
#3332 = VECTOR('',#3333,1.);
#3333 = DIRECTION('',(0.,1.,0.));
#3334 = PCURVE('',#3079,#3335);
#3335 = DEFINITIONAL_REPRESENTATION('',(#3336),#3340);
#3336 = LINE('',#3337,#3338);
#3337 = CARTESIAN_POINT('',(6.28318530718,-0.));
#3338 = VECTOR('',#3339,1.);
#3339 = DIRECTION('',(0.,1.));
#3340 = ( GEOMETRIC_REPRESENTATION_CONTEXT(2)
PARAMETRIC_REPRESENTATION_CONTEXT() REPRESENTATION_CONTEXT('2D SPACE',''
  ) );
#3341 = PCURVE('',#3079,#3342);
#3342 = DEFINITIONAL_REPRESENTATION('',(#3343),#3347);
#3343 = LINE('',#3344,#3345);
#3344 = CARTESIAN_POINT('',(0.,-0.));
#3345 = VECTOR('',#3346,1.);
#3346 = DIRECTION('',(0.,1.));
#3347 = ( GEOMETRIC_REPRESENTATION_CONTEXT(2)
PARAMETRIC_REPRESENTATION_CONTEXT() REPRESENTATION_CONTEXT('2D SPACE',''
  ) );
#3348 = ORIENTED_EDGE('',*,*,#3214,.F.);
#3349 = ORIENTED_EDGE('',*,*,#3328,.F.);
#3350 = ORIENTED_EDGE('',*,*,#3062,.T.);
#3351 = ADVANCED_FACE('',(#3352),#3114,.F.);
#3352 = FACE_BOUND('',#3353,.F.);
#3353 = EDGE_LOOP('',(#3354,#3375,#3376,#3377));
#3354 = ORIENTED_EDGE('',*,*,#3355,.T.);
#3355 = EDGE_CURVE('',#3098,#3245,#3356,.T.);
#3356 = SEAM_CURVE('',#3357,(#3361,#3368),.PCURVE_S1.);
#3357 = LINE('',#3358,#3359);
#3358 = CARTESIAN_POINT('',(48.,3.7,90.7));
#3359 = VECTOR('',#3360,1.);
#3360 = DIRECTION('',(0.,1.,0.));
#3361 = PCURVE('',#3114,#3362);
#3362 = DEFINITIONAL_REPRESENTATION('',(#3363),#3367);
#3363 = LINE('',#3364,#3365);
#3364 = CARTESIAN_POINT('',(6.28318530718,-0.));
#3365 = VECTOR('',#3366,1.);
#3366 = DIRECTION('',(0.,1.));
#3367 = ( GEOMETRIC_REPRESENTATION_CONTEXT(2)
PARAMETRIC_REPRESENTATION_CONTEXT() REPRESENTATION_CONTEXT('2D SPACE',''
  ) );
#3368 = PCURVE('',#3114,#3369);
#3369 = DEFINITIONAL_REPRESENTATION('',(#3370),#3374);
#3370 = LINE('',#3371,#3372);
#3371 = CARTESIAN_POINT('',(0.,-0.));
#3372 = VECTOR('',#3373,1.);
#3373 = DIRECTION('',(0.,1.));
#3374 = ( GEOMETRIC_REPRESENTATION_CONTEXT(2)
PARAMETRIC_REPRESENTATION_CONTEXT() REPRESENTATION_CONTEXT('2D SPACE',''
  ) );
#3375 = ORIENTED_EDGE('',*,*,#3244,.F.);
#3376 = ORIENTED_EDGE('',*,*,#3355,.F.);
#3377 = ORIENTED_EDGE('',*,*,#3097,.T.);
#3378 = ADVANCED_FACE('',(#3379),#3149,.F.);
#3379 = FACE_BOUND('',#3380,.F.);
#3380 = EDGE_LOOP('',(#3381,#3402,#3403,#3404));
#3381 = ORIENTED_EDGE('',*,*,#3382,.T.);
#3382 = EDGE_CURVE('',#3133,#3275,#3383,.T.);
#3383 = SEAM_CURVE('',#3384,(#3388,#3395),.PCURVE_S1.);
#3384 = LINE('',#3385,#3386);
#3385 = CARTESIAN_POINT('',(72.,3.7,90.7));
#3386 = VECTOR('',#3387,1.);
#3387 = DIRECTION('',(0.,1.,0.));
#3388 = PCURVE('',#3149,#3389);
#3389 = DEFINITIONAL_REPRESENTATION('',(#3390),#3394);
#3390 = LINE('',#3391,#3392);
#3391 = CARTESIAN_POINT('',(6.28318530718,-0.));
#3392 = VECTOR('',#3393,1.);
#3393 = DIRECTION('',(0.,1.));
#3394 = ( GEOMETRIC_REPRESENTATION_CONTEXT(2)
PARAMETRIC_REPRESENTATION_CONTEXT() REPRESENTATION_CONTEXT('2D SPACE',''
  ) );
#3395 = PCURVE('',#3149,#3396);
#3396 = DEFINITIONAL_REPRESENTATION('',(#3397),#3401);
#3397 = LINE('',#3398,#3399);
#3398 = CARTESIAN_POINT('',(0.,-0.));
#3399 = VECTOR('',#3400,1.);
#3400 = DIRECTION('',(0.,1.));
#3401 = ( GEOMETRIC_REPRESENTATION_CONTEXT(2)
PARAMETRIC_REPRESENTATION_CONTEXT() REPRESENTATION_CONTEXT('2D SPACE',''
  ) );
#3402 = ORIENTED_EDGE('',*,*,#3274,.F.);
#3403 = ORIENTED_EDGE('',*,*,#3382,.F.);
#3404 = ORIENTED_EDGE('',*,*,#3132,.T.);
#3405 = ( GEOMETRIC_REPRESENTATION_CONTEXT(3)
GLOBAL_UNCERTAINTY_ASSIGNED_CONTEXT((#3409))
GLOBAL_UNIT_ASSIGNED_CONTEXT((#3406,#3407,#3408)) REPRESENTATION_CONTEXT
('Context #1','3D Context with UNIT and UNCERTAINTY') );
#3406 = ( LENGTH_UNIT() NAMED_UNIT(*) SI_UNIT(.MILLI.,.METRE.) );
#3407 = ( NAMED_UNIT(*) PLANE_ANGLE_UNIT() SI_UNIT($,.RADIAN.) );
#3408 = ( NAMED_UNIT(*) SI_UNIT($,.STERADIAN.) SOLID_ANGLE_UNIT() );
#3409 = UNCERTAINTY_MEASURE_WITH_UNIT(LENGTH_MEASURE(1.E-07),#3406,
  'distance_accuracy_value','confusion accuracy');
#3410 = PRODUCT_RELATED_PRODUCT_CATEGORY('part',$,(#7));
ENDSEC;
END-ISO-10303-21;
