ISO-10303-21;
HEADER;
FILE_DESCRIPTION(('Open CASCADE Model'),'2;1');
FILE_NAME('Open CASCADE Shape Model','2026-09-28T09:31:06',('Author'),(
    'Open CASCADE'),'Open CASCADE STEP processor 7.9','Open CASCADE 7.9'
  ,'Unknown');
FILE_SCHEMA(('AUTOMOTIVE_DESIGN { 1 0 10303 214 1 1 1 1 }'));
ENDSEC;
DATA;
#1 = APPLICATION_PROTOCOL_DEFINITION('international standard',
  'automotive_design',2000,#2);
#2 = APPLICATION_CONTEXT(
  'core data for automotive mechanical design processes');
#3 = SHAPE_DEFINITION_REPRESENTATION(#4,#10);
#4 = PRODUCT_DEFINITION_SHAPE('','',#5);
#5 = PRODUCT_DEFINITION('design','',#6,#9);
#6 = PRODUCT_DEFINITION_FORMATION('','',#7);
#7 = PRODUCT('Open CASCADE STEP translator 7.9 1',
  'Open CASCADE STEP translator 7.9 1','',(#8));
#8 = PRODUCT_CONTEXT('',#2,'mechanical');
#9 = PRODUCT_DEFINITION_CONTEXT('part definition',#2,'design');
#10 = ADVANCED_BREP_SHAPE_REPRESENTATION('',(#11,#15),#15888);
#11 = AXIS2_PLACEMENT_3D('',#12,#13,#14);
#12 = CARTESIAN_POINT('',(0.,0.,0.));
#13 = DIRECTION('',(0.,0.,1.));
#14 = DIRECTION('',(1.,0.,-0.));
#15 = MANIFOLD_SOLID_BREP('',#16);
#16 = CLOSED_SHELL('',(#17,#564,#649,#819,#902,#951,#1027,#1771,#1893,
    #1920,#1975,#2047,#2094,#2141,#2191,#2241,#2288,#2335,#2363,#2413,
    #2463,#3060,#3086,#3113,#3191,#3441,#3468,#3797,#3850,#4125,#4259,
    #4534,#4588,#4887,#5007,#5282,#5336,#5613,#5640,#5690,#5761,#5810,
    #6034,#6083,#6133,#6228,#6255,#6282,#6289,#6321,#6371,#6500,#6575,
    #6628,#6682,#6735,#6782,#6808,#6857,#6889,#6944,#6999,#7050,#7084,
    #7334,#7361,#7387,#7415,#7470,#7525,#7534,#7700,#7726,#7781,#7836,
    #7891,#7946,#8001,#8056,#8111,#8166,#8203,#8229,#8236,#8426,#8587,
    #8730,#8849,#8922,#8975,#9024,#9156,#9213,#9328,#9377,#9425,#9477,
    #9609,#9666,#9760,#9937,#9987,#10068,#10147,#10197,#10300,#10582,
    #10853,#10885,#10892,#10896,#10900,#10904,#10908,#10913,#10948,
    #10983,#11018,#11053,#11088,#11123,#11158,#11193,#11220,#11267,
    #11294,#11321,#11328,#11355,#11382,#11409,#11416,#11448,#11745,
    #11798,#11851,#12323,#12368,#12400,#12450,#12500,#12578,#12663,
    #12711,#12793,#12847,#12966,#13015,#13060,#13067,#13122,#13177,
    #13232,#13287,#13342,#13397,#13452,#13507,#13514,#13808,#13812,
    #14060,#14065,#14091,#14164,#14169,#14220,#14270,#14319,#14373,
    #14422,#14472,#14567,#14594,#14621,#14654,#14661,#14754,#14828,
    #14887,#14941,#14945,#14949,#14953,#14957,#14961,#14965,#14969,
    #14973,#15022,#15100,#15150,#15204,#15255,#15353,#15358,#15503,
    #15553,#15657,#15710,#15767,#15793,#15820,#15827,#15854,#15881));
#17 = ADVANCED_FACE('',(#18,#249,#280,#502,#533),#32,.T.);
#18 = FACE_BOUND('',#19,.T.);
#19 = EDGE_LOOP('',(#20,#55,#83,#111,#139,#167,#195,#223));
#20 = ORIENTED_EDGE('',*,*,#21,.F.);
#21 = EDGE_CURVE('',#22,#24,#26,.T.);
#22 = VERTEX_POINT('',#23);
#23 = CARTESIAN_POINT('',(6.,13.,157.5));
#24 = VERTEX_POINT('',#25);
#25 = CARTESIAN_POINT('',(6.,92.,157.5));
#26 = SURFACE_CURVE('',#27,(#31,#43),.PCURVE_S1.);
#27 = LINE('',#28,#29);
#28 = CARTESIAN_POINT('',(6.,10.,157.5));
#29 = VECTOR('',#30,1.);
#30 = DIRECTION('',(-0.,1.,0.));
#31 = PCURVE('',#32,#37);
#32 = PLANE('',#33);
#33 = AXIS2_PLACEMENT_3D('',#34,#35,#36);
#34 = CARTESIAN_POINT('',(6.,8.,6.));
#35 = DIRECTION('',(1.,0.,-0.));
#36 = DIRECTION('',(0.,0.,1.));
#37 = DEFINITIONAL_REPRESENTATION('',(#38),#42);
#38 = LINE('',#39,#40);
#39 = CARTESIAN_POINT('',(151.5,-2.));
#40 = VECTOR('',#41,1.);
#41 = DIRECTION('',(0.,-1.));
#42 = ( GEOMETRIC_REPRESENTATION_CONTEXT(2) 
PARAMETRIC_REPRESENTATION_CONTEXT() REPRESENTATION_CONTEXT('2D SPACE',''
  ) );
#43 = PCURVE('',#44,#49);
#44 = CYLINDRICAL_SURFACE('',#45,0.5);
#45 = AXIS2_PLACEMENT_3D('',#46,#47,#48);
#46 = CARTESIAN_POINT('',(5.5,10.,157.5));
#47 = DIRECTION('',(-0.,1.,0.));
#48 = DIRECTION('',(0.,0.,1.));
#49 = DEFINITIONAL_REPRESENTATION('',(#50),#54);
#50 = LINE('',#51,#52);
#51 = CARTESIAN_POINT('',(1.570796326795,0.));
#52 = VECTOR('',#53,1.);
#53 = DIRECTION('',(0.,1.));
#54 = ( GEOMETRIC_REPRESENTATION_CONTEXT(2) 
PARAMETRIC_REPRESENTATION_CONTEXT() REPRESENTATION_CONTEXT('2D SPACE',''
  ) );
#55 = ORIENTED_EDGE('',*,*,#56,.F.);
#56 = EDGE_CURVE('',#57,#22,#59,.T.);
#57 = VERTEX_POINT('',#58);
#58 = CARTESIAN_POINT('',(6.,13.,135.));
#59 = SURFACE_CURVE('',#60,(#64,#71),.PCURVE_S1.);
#60 = LINE('',#61,#62);
#61 = CARTESIAN_POINT('',(6.,13.,135.));
#62 = VECTOR('',#63,1.);
#63 = DIRECTION('',(0.,0.,1.));
#64 = PCURVE('',#32,#65);
#65 = DEFINITIONAL_REPRESENTATION('',(#66),#70);
#66 = LINE('',#67,#68);
#67 = CARTESIAN_POINT('',(129.,-5.));
#68 = VECTOR('',#69,1.);
#69 = DIRECTION('',(1.,0.));
#70 = ( GEOMETRIC_REPRESENTATION_CONTEXT(2) 
PARAMETRIC_REPRESENTATION_CONTEXT() REPRESENTATION_CONTEXT('2D SPACE',''
  ) );
#71 = PCURVE('',#72,#77);
#72 = PLANE('',#73);
#73 = AXIS2_PLACEMENT_3D('',#74,#75,#76);
#74 = CARTESIAN_POINT('',(8.220481209212,13.,146.96446609406));
#75 = DIRECTION('',(-0.,-1.,-0.));
#76 = DIRECTION('',(0.,0.,-1.));
#77 = DEFINITIONAL_REPRESENTATION('',(#78),#82);
#78 = LINE('',#79,#80);
#79 = CARTESIAN_POINT('',(11.96446609406,-2.220481209212));
#80 = VECTOR('',#81,1.);
#81 = DIRECTION('',(-1.,0.));
#82 = ( GEOMETRIC_REPRESENTATION_CONTEXT(2) 
PARAMETRIC_REPRESENTATION_CONTEXT() REPRESENTATION_CONTEXT('2D SPACE',''
  ) );
#83 = ORIENTED_EDGE('',*,*,#84,.T.);
#84 = EDGE_CURVE('',#57,#85,#87,.T.);
#85 = VERTEX_POINT('',#86);
#86 = CARTESIAN_POINT('',(6.,4.,135.));
#87 = SURFACE_CURVE('',#88,(#92,#99),.PCURVE_S1.);
#88 = LINE('',#89,#90);
#89 = CARTESIAN_POINT('',(6.,10.5,135.));
#90 = VECTOR('',#91,1.);
#91 = DIRECTION('',(0.,-1.,0.));
#92 = PCURVE('',#32,#93);
#93 = DEFINITIONAL_REPRESENTATION('',(#94),#98);
#94 = LINE('',#95,#96);
#95 = CARTESIAN_POINT('',(129.,-2.5));
#96 = VECTOR('',#97,1.);
#97 = DIRECTION('',(0.,1.));
#98 = ( GEOMETRIC_REPRESENTATION_CONTEXT(2) 
PARAMETRIC_REPRESENTATION_CONTEXT() REPRESENTATION_CONTEXT('2D SPACE',''
  ) );
#99 = PCURVE('',#100,#105);
#100 = PLANE('',#101);
#101 = AXIS2_PLACEMENT_3D('',#102,#103,#104);
#102 = CARTESIAN_POINT('',(4.,13.,133.));
#103 = DIRECTION('',(-0.707106781187,0.,0.707106781187));
#104 = DIRECTION('',(0.707106781187,0.,0.707106781187));
#105 = DEFINITIONAL_REPRESENTATION('',(#106),#110);
#106 = LINE('',#107,#108);
#107 = CARTESIAN_POINT('',(2.828427124746,-2.5));
#108 = VECTOR('',#109,1.);
#109 = DIRECTION('',(0.,-1.));
#110 = ( GEOMETRIC_REPRESENTATION_CONTEXT(2) 
PARAMETRIC_REPRESENTATION_CONTEXT() REPRESENTATION_CONTEXT('2D SPACE',''
  ) );
#111 = ORIENTED_EDGE('',*,*,#112,.F.);
#112 = EDGE_CURVE('',#113,#85,#115,.T.);
#113 = VERTEX_POINT('',#114);
#114 = CARTESIAN_POINT('',(6.,4.,15.));
#115 = SURFACE_CURVE('',#116,(#120,#127),.PCURVE_S1.);
#116 = LINE('',#117,#118);
#117 = CARTESIAN_POINT('',(6.,4.,4.5));
#118 = VECTOR('',#119,1.);
#119 = DIRECTION('',(0.,0.,1.));
#120 = PCURVE('',#32,#121);
#121 = DEFINITIONAL_REPRESENTATION('',(#122),#126);
#122 = LINE('',#123,#124);
#123 = CARTESIAN_POINT('',(-1.5,4.));
#124 = VECTOR('',#125,1.);
#125 = DIRECTION('',(1.,0.));
#126 = ( GEOMETRIC_REPRESENTATION_CONTEXT(2) 
PARAMETRIC_REPRESENTATION_CONTEXT() REPRESENTATION_CONTEXT('2D SPACE',''
  ) );
#127 = PCURVE('',#128,#133);
#128 = PLANE('',#129);
#129 = AXIS2_PLACEMENT_3D('',#130,#131,#132);
#130 = CARTESIAN_POINT('',(3.,4.,3.));
#131 = DIRECTION('',(-0.,1.,0.));
#132 = DIRECTION('',(0.,0.,1.));
#133 = DEFINITIONAL_REPRESENTATION('',(#134),#138);
#134 = LINE('',#135,#136);
#135 = CARTESIAN_POINT('',(1.5,3.));
#136 = VECTOR('',#137,1.);
#137 = DIRECTION('',(1.,0.));
#138 = ( GEOMETRIC_REPRESENTATION_CONTEXT(2) 
PARAMETRIC_REPRESENTATION_CONTEXT() REPRESENTATION_CONTEXT('2D SPACE',''
  ) );
#139 = ORIENTED_EDGE('',*,*,#140,.F.);
#140 = EDGE_CURVE('',#141,#113,#143,.T.);
#141 = VERTEX_POINT('',#142);
#142 = CARTESIAN_POINT('',(6.,13.,15.));
#143 = SURFACE_CURVE('',#144,(#148,#155),.PCURVE_S1.);
#144 = LINE('',#145,#146);
#145 = CARTESIAN_POINT('',(6.,6.,15.));
#146 = VECTOR('',#147,1.);
#147 = DIRECTION('',(0.,-1.,0.));
#148 = PCURVE('',#32,#149);
#149 = DEFINITIONAL_REPRESENTATION('',(#150),#154);
#150 = LINE('',#151,#152);
#151 = CARTESIAN_POINT('',(9.,2.));
#152 = VECTOR('',#153,1.);
#153 = DIRECTION('',(0.,1.));
#154 = ( GEOMETRIC_REPRESENTATION_CONTEXT(2) 
PARAMETRIC_REPRESENTATION_CONTEXT() REPRESENTATION_CONTEXT('2D SPACE',''
  ) );
#155 = PCURVE('',#156,#161);
#156 = PLANE('',#157);
#157 = AXIS2_PLACEMENT_3D('',#158,#159,#160);
#158 = CARTESIAN_POINT('',(4.,4.,15.));
#159 = DIRECTION('',(0.,0.,1.));
#160 = DIRECTION('',(1.,0.,-0.));
#161 = DEFINITIONAL_REPRESENTATION('',(#162),#166);
#162 = LINE('',#163,#164);
#163 = CARTESIAN_POINT('',(2.,2.));
#164 = VECTOR('',#165,1.);
#165 = DIRECTION('',(0.,-1.));
#166 = ( GEOMETRIC_REPRESENTATION_CONTEXT(2) 
PARAMETRIC_REPRESENTATION_CONTEXT() REPRESENTATION_CONTEXT('2D SPACE',''
  ) );
#167 = ORIENTED_EDGE('',*,*,#168,.T.);
#168 = EDGE_CURVE('',#141,#169,#171,.T.);
#169 = VERTEX_POINT('',#170);
#170 = CARTESIAN_POINT('',(6.,13.,7.));
#171 = SURFACE_CURVE('',#172,(#176,#183),.PCURVE_S1.);
#172 = LINE('',#173,#174);
#173 = CARTESIAN_POINT('',(6.,13.,15.));
#174 = VECTOR('',#175,1.);
#175 = DIRECTION('',(0.,0.,-1.));
#176 = PCURVE('',#32,#177);
#177 = DEFINITIONAL_REPRESENTATION('',(#178),#182);
#178 = LINE('',#179,#180);
#179 = CARTESIAN_POINT('',(9.,-5.));
#180 = VECTOR('',#181,1.);
#181 = DIRECTION('',(-1.,0.));
#182 = ( GEOMETRIC_REPRESENTATION_CONTEXT(2) 
PARAMETRIC_REPRESENTATION_CONTEXT() REPRESENTATION_CONTEXT('2D SPACE',''
  ) );
#183 = PCURVE('',#184,#189);
#184 = PLANE('',#185);
#185 = AXIS2_PLACEMENT_3D('',#186,#187,#188);
#186 = CARTESIAN_POINT('',(4.,13.,6.));
#187 = DIRECTION('',(-0.,1.,0.));
#188 = DIRECTION('',(0.,0.,1.));
#189 = DEFINITIONAL_REPRESENTATION('',(#190),#194);
#190 = LINE('',#191,#192);
#191 = CARTESIAN_POINT('',(9.,2.));
#192 = VECTOR('',#193,1.);
#193 = DIRECTION('',(-1.,0.));
#194 = ( GEOMETRIC_REPRESENTATION_CONTEXT(2) 
PARAMETRIC_REPRESENTATION_CONTEXT() REPRESENTATION_CONTEXT('2D SPACE',''
  ) );
#195 = ORIENTED_EDGE('',*,*,#196,.T.);
#196 = EDGE_CURVE('',#169,#197,#199,.T.);
#197 = VERTEX_POINT('',#198);
#198 = CARTESIAN_POINT('',(6.,92.,7.));
#199 = SURFACE_CURVE('',#200,(#204,#211),.PCURVE_S1.);
#200 = LINE('',#201,#202);
#201 = CARTESIAN_POINT('',(6.,10.,7.));
#202 = VECTOR('',#203,1.);
#203 = DIRECTION('',(-0.,1.,0.));
#204 = PCURVE('',#32,#205);
#205 = DEFINITIONAL_REPRESENTATION('',(#206),#210);
#206 = LINE('',#207,#208);
#207 = CARTESIAN_POINT('',(1.,-2.));
#208 = VECTOR('',#209,1.);
#209 = DIRECTION('',(0.,-1.));
#210 = ( GEOMETRIC_REPRESENTATION_CONTEXT(2) 
PARAMETRIC_REPRESENTATION_CONTEXT() REPRESENTATION_CONTEXT('2D SPACE',''
  ) );
#211 = PCURVE('',#212,#217);
#212 = CYLINDRICAL_SURFACE('',#213,1.);
#213 = AXIS2_PLACEMENT_3D('',#214,#215,#216);
#214 = CARTESIAN_POINT('',(7.,10.,7.));
#215 = DIRECTION('',(-0.,1.,0.));
#216 = DIRECTION('',(-1.,-0.,0.));
#217 = DEFINITIONAL_REPRESENTATION('',(#218),#222);
#218 = LINE('',#219,#220);
#219 = CARTESIAN_POINT('',(6.28318530718,0.));
#220 = VECTOR('',#221,1.);
#221 = DIRECTION('',(-0.,1.));
#222 = ( GEOMETRIC_REPRESENTATION_CONTEXT(2) 
PARAMETRIC_REPRESENTATION_CONTEXT() REPRESENTATION_CONTEXT('2D SPACE',''
  ) );
#223 = ORIENTED_EDGE('',*,*,#224,.T.);
#224 = EDGE_CURVE('',#197,#24,#225,.T.);
#225 = SURFACE_CURVE('',#226,(#230,#237),.PCURVE_S1.);
#226 = LINE('',#227,#228);
#227 = CARTESIAN_POINT('',(6.,92.,6.));
#228 = VECTOR('',#229,1.);
#229 = DIRECTION('',(0.,0.,1.));
#230 = PCURVE('',#32,#231);
#231 = DEFINITIONAL_REPRESENTATION('',(#232),#236);
#232 = LINE('',#233,#234);
#233 = CARTESIAN_POINT('',(0.,-84.));
#234 = VECTOR('',#235,1.);
#235 = DIRECTION('',(1.,0.));
#236 = ( GEOMETRIC_REPRESENTATION_CONTEXT(2) 
PARAMETRIC_REPRESENTATION_CONTEXT() REPRESENTATION_CONTEXT('2D SPACE',''
  ) );
#237 = PCURVE('',#238,#243);
#238 = CYLINDRICAL_SURFACE('',#239,2.);
#239 = AXIS2_PLACEMENT_3D('',#240,#241,#242);
#240 = CARTESIAN_POINT('',(8.,92.,6.));
#241 = DIRECTION('',(0.,0.,1.));
#242 = DIRECTION('',(-1.,-0.,0.));
#243 = DEFINITIONAL_REPRESENTATION('',(#244),#248);
#244 = LINE('',#245,#246);
#245 = CARTESIAN_POINT('',(6.28318530718,0.));
#246 = VECTOR('',#247,1.);
#247 = DIRECTION('',(-0.,1.));
#248 = ( GEOMETRIC_REPRESENTATION_CONTEXT(2) 
PARAMETRIC_REPRESENTATION_CONTEXT() REPRESENTATION_CONTEXT('2D SPACE',''
  ) );
#249 = FACE_BOUND('',#250,.T.);
#250 = EDGE_LOOP('',(#251));
#251 = ORIENTED_EDGE('',*,*,#252,.F.);
#252 = EDGE_CURVE('',#253,#253,#255,.T.);
#253 = VERTEX_POINT('',#254);
#254 = CARTESIAN_POINT('',(6.,70.6,109.9));
#255 = SURFACE_CURVE('',#256,(#261,#268),.PCURVE_S1.);
#256 = CIRCLE('',#257,1.4);
#257 = AXIS2_PLACEMENT_3D('',#258,#259,#260);
#258 = CARTESIAN_POINT('',(6.,70.6,108.5));
#259 = DIRECTION('',(1.,0.,0.));
#260 = DIRECTION('',(-0.,0.,1.));
#261 = PCURVE('',#32,#262);
#262 = DEFINITIONAL_REPRESENTATION('',(#263),#267);
#263 = CIRCLE('',#264,1.4);
#264 = AXIS2_PLACEMENT_2D('',#265,#266);
#265 = CARTESIAN_POINT('',(102.5,-62.6));
#266 = DIRECTION('',(1.,0.));
#267 = ( GEOMETRIC_REPRESENTATION_CONTEXT(2) 
PARAMETRIC_REPRESENTATION_CONTEXT() REPRESENTATION_CONTEXT('2D SPACE',''
  ) );
#268 = PCURVE('',#269,#274);
#269 = CYLINDRICAL_SURFACE('',#270,1.4);
#270 = AXIS2_PLACEMENT_3D('',#271,#272,#273);
#271 = CARTESIAN_POINT('',(-1.,70.6,108.5));
#272 = DIRECTION('',(1.,0.,0.));
#273 = DIRECTION('',(-0.,0.,1.));
#274 = DEFINITIONAL_REPRESENTATION('',(#275),#279);
#275 = LINE('',#276,#277);
#276 = CARTESIAN_POINT('',(0.,7.));
#277 = VECTOR('',#278,1.);
#278 = DIRECTION('',(1.,0.));
#279 = ( GEOMETRIC_REPRESENTATION_CONTEXT(2) 
PARAMETRIC_REPRESENTATION_CONTEXT() REPRESENTATION_CONTEXT('2D SPACE',''
  ) );
#280 = FACE_BOUND('',#281,.T.);
#281 = EDGE_LOOP('',(#282,#313,#339,#368,#394,#423,#449,#478));
#282 = ORIENTED_EDGE('',*,*,#283,.F.);
#283 = EDGE_CURVE('',#284,#286,#288,.T.);
#284 = VERTEX_POINT('',#285);
#285 = CARTESIAN_POINT('',(6.,58.1,107.6));
#286 = VERTEX_POINT('',#287);
#287 = CARTESIAN_POINT('',(6.,59.3,106.4));
#288 = SURFACE_CURVE('',#289,(#294,#301),.PCURVE_S1.);
#289 = CIRCLE('',#290,1.2);
#290 = AXIS2_PLACEMENT_3D('',#291,#292,#293);
#291 = CARTESIAN_POINT('',(6.,59.3,107.6));
#292 = DIRECTION('',(1.,0.,0.));
#293 = DIRECTION('',(0.,-1.,0.));
#294 = PCURVE('',#32,#295);
#295 = DEFINITIONAL_REPRESENTATION('',(#296),#300);
#296 = CIRCLE('',#297,1.2);
#297 = AXIS2_PLACEMENT_2D('',#298,#299);
#298 = CARTESIAN_POINT('',(101.6,-51.3));
#299 = DIRECTION('',(0.,1.));
#300 = ( GEOMETRIC_REPRESENTATION_CONTEXT(2) 
PARAMETRIC_REPRESENTATION_CONTEXT() REPRESENTATION_CONTEXT('2D SPACE',''
  ) );
#301 = PCURVE('',#302,#307);
#302 = CYLINDRICAL_SURFACE('',#303,1.2);
#303 = AXIS2_PLACEMENT_3D('',#304,#305,#306);
#304 = CARTESIAN_POINT('',(-1.,59.3,107.6));
#305 = DIRECTION('',(1.,0.,-0.));
#306 = DIRECTION('',(0.,-1.,0.));
#307 = DEFINITIONAL_REPRESENTATION('',(#308),#312);
#308 = LINE('',#309,#310);
#309 = CARTESIAN_POINT('',(0.,7.));
#310 = VECTOR('',#311,1.);
#311 = DIRECTION('',(1.,0.));
#312 = ( GEOMETRIC_REPRESENTATION_CONTEXT(2) 
PARAMETRIC_REPRESENTATION_CONTEXT() REPRESENTATION_CONTEXT('2D SPACE',''
  ) );
#313 = ORIENTED_EDGE('',*,*,#314,.T.);
#314 = EDGE_CURVE('',#284,#315,#317,.T.);
#315 = VERTEX_POINT('',#316);
#316 = CARTESIAN_POINT('',(6.,58.1,109.4));
#317 = SURFACE_CURVE('',#318,(#322,#328),.PCURVE_S1.);
#318 = LINE('',#319,#320);
#319 = CARTESIAN_POINT('',(6.,58.1,56.2));
#320 = VECTOR('',#321,1.);
#321 = DIRECTION('',(0.,0.,1.));
#322 = PCURVE('',#32,#323);
#323 = DEFINITIONAL_REPRESENTATION('',(#324),#327);
#324 = B_SPLINE_CURVE_WITH_KNOTS('',1,(#325,#326),.UNSPECIFIED.,.F.,.F.,
  (2,2),(51.4,53.2),.PIECEWISE_BEZIER_KNOTS.);
#325 = CARTESIAN_POINT('',(101.6,-50.1));
#326 = CARTESIAN_POINT('',(103.4,-50.1));
#327 = ( GEOMETRIC_REPRESENTATION_CONTEXT(2) 
PARAMETRIC_REPRESENTATION_CONTEXT() REPRESENTATION_CONTEXT('2D SPACE',''
  ) );
#328 = PCURVE('',#329,#334);
#329 = PLANE('',#330);
#330 = AXIS2_PLACEMENT_3D('',#331,#332,#333);
#331 = CARTESIAN_POINT('',(-1.,58.1,106.4));
#332 = DIRECTION('',(-0.,1.,0.));
#333 = DIRECTION('',(0.,0.,1.));
#334 = DEFINITIONAL_REPRESENTATION('',(#335),#338);
#335 = B_SPLINE_CURVE_WITH_KNOTS('',1,(#336,#337),.UNSPECIFIED.,.F.,.F.,
  (2,2),(51.4,53.2),.PIECEWISE_BEZIER_KNOTS.);
#336 = CARTESIAN_POINT('',(1.2,7.));
#337 = CARTESIAN_POINT('',(3.,7.));
#338 = ( GEOMETRIC_REPRESENTATION_CONTEXT(2) 
PARAMETRIC_REPRESENTATION_CONTEXT() REPRESENTATION_CONTEXT('2D SPACE',''
  ) );
#339 = ORIENTED_EDGE('',*,*,#340,.F.);
#340 = EDGE_CURVE('',#341,#315,#343,.T.);
#341 = VERTEX_POINT('',#342);
#342 = CARTESIAN_POINT('',(6.,59.3,110.6));
#343 = SURFACE_CURVE('',#344,(#349,#356),.PCURVE_S1.);
#344 = CIRCLE('',#345,1.2);
#345 = AXIS2_PLACEMENT_3D('',#346,#347,#348);
#346 = CARTESIAN_POINT('',(6.,59.3,109.4));
#347 = DIRECTION('',(1.,0.,0.));
#348 = DIRECTION('',(0.,-1.,0.));
#349 = PCURVE('',#32,#350);
#350 = DEFINITIONAL_REPRESENTATION('',(#351),#355);
#351 = CIRCLE('',#352,1.2);
#352 = AXIS2_PLACEMENT_2D('',#353,#354);
#353 = CARTESIAN_POINT('',(103.4,-51.3));
#354 = DIRECTION('',(0.,1.));
#355 = ( GEOMETRIC_REPRESENTATION_CONTEXT(2) 
PARAMETRIC_REPRESENTATION_CONTEXT() REPRESENTATION_CONTEXT('2D SPACE',''
  ) );
#356 = PCURVE('',#357,#362);
#357 = CYLINDRICAL_SURFACE('',#358,1.2);
#358 = AXIS2_PLACEMENT_3D('',#359,#360,#361);
#359 = CARTESIAN_POINT('',(-1.,59.3,109.4));
#360 = DIRECTION('',(1.,0.,-0.));
#361 = DIRECTION('',(0.,-1.,0.));
#362 = DEFINITIONAL_REPRESENTATION('',(#363),#367);
#363 = LINE('',#364,#365);
#364 = CARTESIAN_POINT('',(-6.28318530718,7.));
#365 = VECTOR('',#366,1.);
#366 = DIRECTION('',(1.,-0.));
#367 = ( GEOMETRIC_REPRESENTATION_CONTEXT(2) 
PARAMETRIC_REPRESENTATION_CONTEXT() REPRESENTATION_CONTEXT('2D SPACE',''
  ) );
#368 = ORIENTED_EDGE('',*,*,#369,.F.);
#369 = EDGE_CURVE('',#370,#341,#372,.T.);
#370 = VERTEX_POINT('',#371);
#371 = CARTESIAN_POINT('',(6.,66.7,110.6));
#372 = SURFACE_CURVE('',#373,(#377,#383),.PCURVE_S1.);
#373 = LINE('',#374,#375);
#374 = CARTESIAN_POINT('',(6.,33.05,110.6));
#375 = VECTOR('',#376,1.);
#376 = DIRECTION('',(0.,-1.,0.));
#377 = PCURVE('',#32,#378);
#378 = DEFINITIONAL_REPRESENTATION('',(#379),#382);
#379 = B_SPLINE_CURVE_WITH_KNOTS('',1,(#380,#381),.UNSPECIFIED.,.F.,.F.,
  (2,2),(-33.65,-26.25),.PIECEWISE_BEZIER_KNOTS.);
#380 = CARTESIAN_POINT('',(104.6,-58.7));
#381 = CARTESIAN_POINT('',(104.6,-51.3));
#382 = ( GEOMETRIC_REPRESENTATION_CONTEXT(2) 
PARAMETRIC_REPRESENTATION_CONTEXT() REPRESENTATION_CONTEXT('2D SPACE',''
  ) );
#383 = PCURVE('',#384,#389);
#384 = PLANE('',#385);
#385 = AXIS2_PLACEMENT_3D('',#386,#387,#388);
#386 = CARTESIAN_POINT('',(-1.,58.1,110.6));
#387 = DIRECTION('',(0.,0.,1.));
#388 = DIRECTION('',(1.,0.,-0.));
#389 = DEFINITIONAL_REPRESENTATION('',(#390),#393);
#390 = B_SPLINE_CURVE_WITH_KNOTS('',1,(#391,#392),.UNSPECIFIED.,.F.,.F.,
  (2,2),(-33.65,-26.25),.PIECEWISE_BEZIER_KNOTS.);
#391 = CARTESIAN_POINT('',(7.,8.6));
#392 = CARTESIAN_POINT('',(7.,1.2));
#393 = ( GEOMETRIC_REPRESENTATION_CONTEXT(2) 
PARAMETRIC_REPRESENTATION_CONTEXT() REPRESENTATION_CONTEXT('2D SPACE',''
  ) );
#394 = ORIENTED_EDGE('',*,*,#395,.F.);
#395 = EDGE_CURVE('',#396,#370,#398,.T.);
#396 = VERTEX_POINT('',#397);
#397 = CARTESIAN_POINT('',(6.,67.9,109.4));
#398 = SURFACE_CURVE('',#399,(#404,#411),.PCURVE_S1.);
#399 = CIRCLE('',#400,1.2);
#400 = AXIS2_PLACEMENT_3D('',#401,#402,#403);
#401 = CARTESIAN_POINT('',(6.,66.7,109.4));
#402 = DIRECTION('',(1.,0.,-0.));
#403 = DIRECTION('',(0.,1.,0.));
#404 = PCURVE('',#32,#405);
#405 = DEFINITIONAL_REPRESENTATION('',(#406),#410);
#406 = CIRCLE('',#407,1.2);
#407 = AXIS2_PLACEMENT_2D('',#408,#409);
#408 = CARTESIAN_POINT('',(103.4,-58.7));
#409 = DIRECTION('',(0.,-1.));
#410 = ( GEOMETRIC_REPRESENTATION_CONTEXT(2) 
PARAMETRIC_REPRESENTATION_CONTEXT() REPRESENTATION_CONTEXT('2D SPACE',''
  ) );
#411 = PCURVE('',#412,#417);
#412 = CYLINDRICAL_SURFACE('',#413,1.2);
#413 = AXIS2_PLACEMENT_3D('',#414,#415,#416);
#414 = CARTESIAN_POINT('',(-1.,66.7,109.4));
#415 = DIRECTION('',(1.,0.,-0.));
#416 = DIRECTION('',(0.,1.,0.));
#417 = DEFINITIONAL_REPRESENTATION('',(#418),#422);
#418 = LINE('',#419,#420);
#419 = CARTESIAN_POINT('',(0.,7.));
#420 = VECTOR('',#421,1.);
#421 = DIRECTION('',(1.,0.));
#422 = ( GEOMETRIC_REPRESENTATION_CONTEXT(2) 
PARAMETRIC_REPRESENTATION_CONTEXT() REPRESENTATION_CONTEXT('2D SPACE',''
  ) );
#423 = ORIENTED_EDGE('',*,*,#424,.F.);
#424 = EDGE_CURVE('',#425,#396,#427,.T.);
#425 = VERTEX_POINT('',#426);
#426 = CARTESIAN_POINT('',(6.,67.9,107.6));
#427 = SURFACE_CURVE('',#428,(#432,#438),.PCURVE_S1.);
#428 = LINE('',#429,#430);
#429 = CARTESIAN_POINT('',(6.,67.9,56.2));
#430 = VECTOR('',#431,1.);
#431 = DIRECTION('',(0.,0.,1.));
#432 = PCURVE('',#32,#433);
#433 = DEFINITIONAL_REPRESENTATION('',(#434),#437);
#434 = B_SPLINE_CURVE_WITH_KNOTS('',1,(#435,#436),.UNSPECIFIED.,.F.,.F.,
  (2,2),(51.4,53.2),.PIECEWISE_BEZIER_KNOTS.);
#435 = CARTESIAN_POINT('',(101.6,-59.9));
#436 = CARTESIAN_POINT('',(103.4,-59.9));
#437 = ( GEOMETRIC_REPRESENTATION_CONTEXT(2) 
PARAMETRIC_REPRESENTATION_CONTEXT() REPRESENTATION_CONTEXT('2D SPACE',''
  ) );
#438 = PCURVE('',#439,#444);
#439 = PLANE('',#440);
#440 = AXIS2_PLACEMENT_3D('',#441,#442,#443);
#441 = CARTESIAN_POINT('',(-1.,67.9,106.4));
#442 = DIRECTION('',(-0.,1.,0.));
#443 = DIRECTION('',(0.,0.,1.));
#444 = DEFINITIONAL_REPRESENTATION('',(#445),#448);
#445 = B_SPLINE_CURVE_WITH_KNOTS('',1,(#446,#447),.UNSPECIFIED.,.F.,.F.,
  (2,2),(51.4,53.2),.PIECEWISE_BEZIER_KNOTS.);
#446 = CARTESIAN_POINT('',(1.2,7.));
#447 = CARTESIAN_POINT('',(3.,7.));
#448 = ( GEOMETRIC_REPRESENTATION_CONTEXT(2) 
PARAMETRIC_REPRESENTATION_CONTEXT() REPRESENTATION_CONTEXT('2D SPACE',''
  ) );
#449 = ORIENTED_EDGE('',*,*,#450,.F.);
#450 = EDGE_CURVE('',#451,#425,#453,.T.);
#451 = VERTEX_POINT('',#452);
#452 = CARTESIAN_POINT('',(6.,66.7,106.4));
#453 = SURFACE_CURVE('',#454,(#459,#466),.PCURVE_S1.);
#454 = CIRCLE('',#455,1.2);
#455 = AXIS2_PLACEMENT_3D('',#456,#457,#458);
#456 = CARTESIAN_POINT('',(6.,66.7,107.6));
#457 = DIRECTION('',(1.,0.,-0.));
#458 = DIRECTION('',(0.,1.,0.));
#459 = PCURVE('',#32,#460);
#460 = DEFINITIONAL_REPRESENTATION('',(#461),#465);
#461 = CIRCLE('',#462,1.2);
#462 = AXIS2_PLACEMENT_2D('',#463,#464);
#463 = CARTESIAN_POINT('',(101.6,-58.7));
#464 = DIRECTION('',(0.,-1.));
#465 = ( GEOMETRIC_REPRESENTATION_CONTEXT(2) 
PARAMETRIC_REPRESENTATION_CONTEXT() REPRESENTATION_CONTEXT('2D SPACE',''
  ) );
#466 = PCURVE('',#467,#472);
#467 = CYLINDRICAL_SURFACE('',#468,1.2);
#468 = AXIS2_PLACEMENT_3D('',#469,#470,#471);
#469 = CARTESIAN_POINT('',(-1.,66.7,107.6));
#470 = DIRECTION('',(1.,0.,-0.));
#471 = DIRECTION('',(0.,1.,0.));
#472 = DEFINITIONAL_REPRESENTATION('',(#473),#477);
#473 = LINE('',#474,#475);
#474 = CARTESIAN_POINT('',(-6.28318530718,7.));
#475 = VECTOR('',#476,1.);
#476 = DIRECTION('',(1.,-0.));
#477 = ( GEOMETRIC_REPRESENTATION_CONTEXT(2) 
PARAMETRIC_REPRESENTATION_CONTEXT() REPRESENTATION_CONTEXT('2D SPACE',''
  ) );
#478 = ORIENTED_EDGE('',*,*,#479,.T.);
#479 = EDGE_CURVE('',#451,#286,#480,.T.);
#480 = SURFACE_CURVE('',#481,(#485,#491),.PCURVE_S1.);
#481 = LINE('',#482,#483);
#482 = CARTESIAN_POINT('',(6.,33.05,106.4));
#483 = VECTOR('',#484,1.);
#484 = DIRECTION('',(0.,-1.,0.));
#485 = PCURVE('',#32,#486);
#486 = DEFINITIONAL_REPRESENTATION('',(#487),#490);
#487 = B_SPLINE_CURVE_WITH_KNOTS('',1,(#488,#489),.UNSPECIFIED.,.F.,.F.,
  (2,2),(-33.65,-26.25),.PIECEWISE_BEZIER_KNOTS.);
#488 = CARTESIAN_POINT('',(100.4,-58.7));
#489 = CARTESIAN_POINT('',(100.4,-51.3));
#490 = ( GEOMETRIC_REPRESENTATION_CONTEXT(2) 
PARAMETRIC_REPRESENTATION_CONTEXT() REPRESENTATION_CONTEXT('2D SPACE',''
  ) );
#491 = PCURVE('',#492,#497);
#492 = PLANE('',#493);
#493 = AXIS2_PLACEMENT_3D('',#494,#495,#496);
#494 = CARTESIAN_POINT('',(-1.,58.1,106.4));
#495 = DIRECTION('',(0.,0.,1.));
#496 = DIRECTION('',(1.,0.,-0.));
#497 = DEFINITIONAL_REPRESENTATION('',(#498),#501);
#498 = B_SPLINE_CURVE_WITH_KNOTS('',1,(#499,#500),.UNSPECIFIED.,.F.,.F.,
  (2,2),(-33.65,-26.25),.PIECEWISE_BEZIER_KNOTS.);
#499 = CARTESIAN_POINT('',(7.,8.6));
#500 = CARTESIAN_POINT('',(7.,1.2));
#501 = ( GEOMETRIC_REPRESENTATION_CONTEXT(2) 
PARAMETRIC_REPRESENTATION_CONTEXT() REPRESENTATION_CONTEXT('2D SPACE',''
  ) );
#502 = FACE_BOUND('',#503,.T.);
#503 = EDGE_LOOP('',(#504));
#504 = ORIENTED_EDGE('',*,*,#505,.F.);
#505 = EDGE_CURVE('',#506,#506,#508,.T.);
#506 = VERTEX_POINT('',#507);
#507 = CARTESIAN_POINT('',(6.,55.4,109.9));
#508 = SURFACE_CURVE('',#509,(#514,#521),.PCURVE_S1.);
#509 = CIRCLE('',#510,1.4);
#510 = AXIS2_PLACEMENT_3D('',#511,#512,#513);
#511 = CARTESIAN_POINT('',(6.,55.4,108.5));
#512 = DIRECTION('',(1.,0.,0.));
#513 = DIRECTION('',(-0.,0.,1.));
#514 = PCURVE('',#32,#515);
#515 = DEFINITIONAL_REPRESENTATION('',(#516),#520);
#516 = CIRCLE('',#517,1.4);
#517 = AXIS2_PLACEMENT_2D('',#518,#519);
#518 = CARTESIAN_POINT('',(102.5,-47.4));
#519 = DIRECTION('',(1.,0.));
#520 = ( GEOMETRIC_REPRESENTATION_CONTEXT(2) 
PARAMETRIC_REPRESENTATION_CONTEXT() REPRESENTATION_CONTEXT('2D SPACE',''
  ) );
#521 = PCURVE('',#522,#527);
#522 = CYLINDRICAL_SURFACE('',#523,1.4);
#523 = AXIS2_PLACEMENT_3D('',#524,#525,#526);
#524 = CARTESIAN_POINT('',(-1.,55.4,108.5));
#525 = DIRECTION('',(1.,0.,0.));
#526 = DIRECTION('',(-0.,0.,1.));
#527 = DEFINITIONAL_REPRESENTATION('',(#528),#532);
#528 = LINE('',#529,#530);
#529 = CARTESIAN_POINT('',(0.,7.));
#530 = VECTOR('',#531,1.);
#531 = DIRECTION('',(1.,0.));
#532 = ( GEOMETRIC_REPRESENTATION_CONTEXT(2) 
PARAMETRIC_REPRESENTATION_CONTEXT() REPRESENTATION_CONTEXT('2D SPACE',''
  ) );
#533 = FACE_BOUND('',#534,.T.);
#534 = EDGE_LOOP('',(#535));
#535 = ORIENTED_EDGE('',*,*,#536,.F.);
#536 = EDGE_CURVE('',#537,#537,#539,.T.);
#537 = VERTEX_POINT('',#538);
#538 = CARTESIAN_POINT('',(6.,35.,113.5));
#539 = SURFACE_CURVE('',#540,(#545,#552),.PCURVE_S1.);
#540 = CIRCLE('',#541,5.);
#541 = AXIS2_PLACEMENT_3D('',#542,#543,#544);
#542 = CARTESIAN_POINT('',(6.,35.,108.5));
#543 = DIRECTION('',(1.,0.,0.));
#544 = DIRECTION('',(-0.,0.,1.));
#545 = PCURVE('',#32,#546);
#546 = DEFINITIONAL_REPRESENTATION('',(#547),#551);
#547 = CIRCLE('',#548,5.);
#548 = AXIS2_PLACEMENT_2D('',#549,#550);
#549 = CARTESIAN_POINT('',(102.5,-27.));
#550 = DIRECTION('',(1.,0.));
#551 = ( GEOMETRIC_REPRESENTATION_CONTEXT(2) 
PARAMETRIC_REPRESENTATION_CONTEXT() REPRESENTATION_CONTEXT('2D SPACE',''
  ) );
#552 = PCURVE('',#553,#558);
#553 = CYLINDRICAL_SURFACE('',#554,5.);
#554 = AXIS2_PLACEMENT_3D('',#555,#556,#557);
#555 = CARTESIAN_POINT('',(-1.,35.,108.5));
#556 = DIRECTION('',(1.,0.,0.));
#557 = DIRECTION('',(-0.,0.,1.));
#558 = DEFINITIONAL_REPRESENTATION('',(#559),#563);
#559 = LINE('',#560,#561);
#560 = CARTESIAN_POINT('',(0.,7.));
#561 = VECTOR('',#562,1.);
#562 = DIRECTION('',(1.,0.));
#563 = ( GEOMETRIC_REPRESENTATION_CONTEXT(2) 
PARAMETRIC_REPRESENTATION_CONTEXT() REPRESENTATION_CONTEXT('2D SPACE',''
  ) );
#564 = ADVANCED_FACE('',(#565),#44,.T.);
#565 = FACE_BOUND('',#566,.T.);
#566 = EDGE_LOOP('',(#567,#597,#623,#624));
#567 = ORIENTED_EDGE('',*,*,#568,.F.);
#568 = EDGE_CURVE('',#569,#571,#573,.T.);
#569 = VERTEX_POINT('',#570);
#570 = CARTESIAN_POINT('',(5.5,13.,158.));
#571 = VERTEX_POINT('',#572);
#572 = CARTESIAN_POINT('',(5.5,92.,158.));
#573 = SURFACE_CURVE('',#574,(#578,#585),.PCURVE_S1.);
#574 = LINE('',#575,#576);
#575 = CARTESIAN_POINT('',(5.5,10.,158.));
#576 = VECTOR('',#577,1.);
#577 = DIRECTION('',(-0.,1.,0.));
#578 = PCURVE('',#44,#579);
#579 = DEFINITIONAL_REPRESENTATION('',(#580),#584);
#580 = LINE('',#581,#582);
#581 = CARTESIAN_POINT('',(0.,0.));
#582 = VECTOR('',#583,1.);
#583 = DIRECTION('',(0.,1.));
#584 = ( GEOMETRIC_REPRESENTATION_CONTEXT(2) 
PARAMETRIC_REPRESENTATION_CONTEXT() REPRESENTATION_CONTEXT('2D SPACE',''
  ) );
#585 = PCURVE('',#586,#591);
#586 = PLANE('',#587);
#587 = AXIS2_PLACEMENT_3D('',#588,#589,#590);
#588 = CARTESIAN_POINT('',(0.,0.,158.));
#589 = DIRECTION('',(0.,0.,1.));
#590 = DIRECTION('',(1.,0.,-0.));
#591 = DEFINITIONAL_REPRESENTATION('',(#592),#596);
#592 = LINE('',#593,#594);
#593 = CARTESIAN_POINT('',(5.5,10.));
#594 = VECTOR('',#595,1.);
#595 = DIRECTION('',(0.,1.));
#596 = ( GEOMETRIC_REPRESENTATION_CONTEXT(2) 
PARAMETRIC_REPRESENTATION_CONTEXT() REPRESENTATION_CONTEXT('2D SPACE',''
  ) );
#597 = ORIENTED_EDGE('',*,*,#598,.T.);
#598 = EDGE_CURVE('',#569,#22,#599,.T.);
#599 = SURFACE_CURVE('',#600,(#605,#612),.PCURVE_S1.);
#600 = CIRCLE('',#601,0.5);
#601 = AXIS2_PLACEMENT_3D('',#602,#603,#604);
#602 = CARTESIAN_POINT('',(5.5,13.,157.5));
#603 = DIRECTION('',(-0.,1.,0.));
#604 = DIRECTION('',(0.,0.,1.));
#605 = PCURVE('',#44,#606);
#606 = DEFINITIONAL_REPRESENTATION('',(#607),#611);
#607 = LINE('',#608,#609);
#608 = CARTESIAN_POINT('',(0.,3.));
#609 = VECTOR('',#610,1.);
#610 = DIRECTION('',(1.,0.));
#611 = ( GEOMETRIC_REPRESENTATION_CONTEXT(2) 
PARAMETRIC_REPRESENTATION_CONTEXT() REPRESENTATION_CONTEXT('2D SPACE',''
  ) );
#612 = PCURVE('',#72,#613);
#613 = DEFINITIONAL_REPRESENTATION('',(#614),#622);
#614 = ( BOUNDED_CURVE() B_SPLINE_CURVE(2,(#615,#616,#617,#618,#619,#620
,#621),.UNSPECIFIED.,.T.,.F.) B_SPLINE_CURVE_WITH_KNOTS((1,2,2,2,2,1),(
    -2.094395102393,0.,2.094395102393,4.188790204786,6.28318530718,
8.377580409573),.UNSPECIFIED.) CURVE() GEOMETRIC_REPRESENTATION_ITEM() 
RATIONAL_B_SPLINE_CURVE((1.,0.5,1.,0.5,1.,0.5,1.)) REPRESENTATION_ITEM(
  '') );
#615 = CARTESIAN_POINT('',(-11.03553390594,-2.720481209212));
#616 = CARTESIAN_POINT('',(-11.03553390594,-1.854455805428));
#617 = CARTESIAN_POINT('',(-10.28553390594,-2.28746850732));
#618 = CARTESIAN_POINT('',(-9.53553390594,-2.720481209212));
#619 = CARTESIAN_POINT('',(-10.28553390594,-3.153493911104));
#620 = CARTESIAN_POINT('',(-11.03553390594,-3.586506612996));
#621 = CARTESIAN_POINT('',(-11.03553390594,-2.720481209212));
#622 = ( GEOMETRIC_REPRESENTATION_CONTEXT(2) 
PARAMETRIC_REPRESENTATION_CONTEXT() REPRESENTATION_CONTEXT('2D SPACE',''
  ) );
#623 = ORIENTED_EDGE('',*,*,#21,.T.);
#624 = ORIENTED_EDGE('',*,*,#625,.F.);
#625 = EDGE_CURVE('',#571,#24,#626,.T.);
#626 = SURFACE_CURVE('',#627,(#632,#638),.PCURVE_S1.);
#627 = CIRCLE('',#628,0.5);
#628 = AXIS2_PLACEMENT_3D('',#629,#630,#631);
#629 = CARTESIAN_POINT('',(5.5,92.,157.5));
#630 = DIRECTION('',(-0.,1.,0.));
#631 = DIRECTION('',(0.,0.,1.));
#632 = PCURVE('',#44,#633);
#633 = DEFINITIONAL_REPRESENTATION('',(#634),#637);
#634 = B_SPLINE_CURVE_WITH_KNOTS('',1,(#635,#636),.UNSPECIFIED.,.F.,.F.,
  (2,2),(0.,1.570796326795),.PIECEWISE_BEZIER_KNOTS.);
#635 = CARTESIAN_POINT('',(0.,82.));
#636 = CARTESIAN_POINT('',(1.570796326795,82.));
#637 = ( GEOMETRIC_REPRESENTATION_CONTEXT(2) 
PARAMETRIC_REPRESENTATION_CONTEXT() REPRESENTATION_CONTEXT('2D SPACE',''
  ) );
#638 = PCURVE('',#639,#644);
#639 = TOROIDAL_SURFACE('',#640,2.5,0.5);
#640 = AXIS2_PLACEMENT_3D('',#641,#642,#643);
#641 = CARTESIAN_POINT('',(8.,92.,157.5));
#642 = DIRECTION('',(0.,0.,1.));
#643 = DIRECTION('',(-1.,0.,0.));
#644 = DEFINITIONAL_REPRESENTATION('',(#645),#648);
#645 = B_SPLINE_CURVE_WITH_KNOTS('',1,(#646,#647),.UNSPECIFIED.,.F.,.F.,
  (2,2),(0.,1.570796326795),.PIECEWISE_BEZIER_KNOTS.);
#646 = CARTESIAN_POINT('',(6.28318530718,1.570796326795));
#647 = CARTESIAN_POINT('',(6.28318530718,3.14159265359));
#648 = ( GEOMETRIC_REPRESENTATION_CONTEXT(2) 
PARAMETRIC_REPRESENTATION_CONTEXT() REPRESENTATION_CONTEXT('2D SPACE',''
  ) );
#649 = ADVANCED_FACE('',(#650,#784),#72,.F.);
#650 = FACE_BOUND('',#651,.F.);
#651 = EDGE_LOOP('',(#652,#653,#654,#677,#706,#734,#763));
#652 = ORIENTED_EDGE('',*,*,#598,.T.);
#653 = ORIENTED_EDGE('',*,*,#56,.F.);
#654 = ORIENTED_EDGE('',*,*,#655,.T.);
#655 = EDGE_CURVE('',#57,#656,#658,.T.);
#656 = VERTEX_POINT('',#657);
#657 = CARTESIAN_POINT('',(13.824264068712,13.,142.82426406871));
#658 = SURFACE_CURVE('',#659,(#663,#670),.PCURVE_S1.);
#659 = LINE('',#660,#661);
#660 = CARTESIAN_POINT('',(4.,13.,133.));
#661 = VECTOR('',#662,1.);
#662 = DIRECTION('',(0.707106781187,0.,0.707106781187));
#663 = PCURVE('',#72,#664);
#664 = DEFINITIONAL_REPRESENTATION('',(#665),#669);
#665 = LINE('',#666,#667);
#666 = CARTESIAN_POINT('',(13.96446609406,-4.220481209212));
#667 = VECTOR('',#668,1.);
#668 = DIRECTION('',(-0.707106781187,0.707106781187));
#669 = ( GEOMETRIC_REPRESENTATION_CONTEXT(2) 
PARAMETRIC_REPRESENTATION_CONTEXT() REPRESENTATION_CONTEXT('2D SPACE',''
  ) );
#670 = PCURVE('',#100,#671);
#671 = DEFINITIONAL_REPRESENTATION('',(#672),#676);
#672 = LINE('',#673,#674);
#673 = CARTESIAN_POINT('',(0.,0.));
#674 = VECTOR('',#675,1.);
#675 = DIRECTION('',(1.,0.));
#676 = ( GEOMETRIC_REPRESENTATION_CONTEXT(2) 
PARAMETRIC_REPRESENTATION_CONTEXT() REPRESENTATION_CONTEXT('2D SPACE',''
  ) );
#677 = ORIENTED_EDGE('',*,*,#678,.T.);
#678 = EDGE_CURVE('',#656,#679,#681,.T.);
#679 = VERTEX_POINT('',#680);
#680 = CARTESIAN_POINT('',(14.,13.,143.24852813742));
#681 = SURFACE_CURVE('',#682,(#687,#694),.PCURVE_S1.);
#682 = CIRCLE('',#683,0.6);
#683 = AXIS2_PLACEMENT_3D('',#684,#685,#686);
#684 = CARTESIAN_POINT('',(13.4,13.,143.24852813742));
#685 = DIRECTION('',(0.,-1.,0.));
#686 = DIRECTION('',(0.,-0.,-1.));
#687 = PCURVE('',#72,#688);
#688 = DEFINITIONAL_REPRESENTATION('',(#689),#693);
#689 = CIRCLE('',#690,0.6);
#690 = AXIS2_PLACEMENT_2D('',#691,#692);
#691 = CARTESIAN_POINT('',(3.71593795664,5.179518790788));
#692 = DIRECTION('',(1.,0.));
#693 = ( GEOMETRIC_REPRESENTATION_CONTEXT(2) 
PARAMETRIC_REPRESENTATION_CONTEXT() REPRESENTATION_CONTEXT('2D SPACE',''
  ) );
#694 = PCURVE('',#695,#700);
#695 = CYLINDRICAL_SURFACE('',#696,0.6);
#696 = AXIS2_PLACEMENT_3D('',#697,#698,#699);
#697 = CARTESIAN_POINT('',(13.4,13.,143.24852813742));
#698 = DIRECTION('',(0.,-1.,0.));
#699 = DIRECTION('',(0.707106781187,0.,-0.707106781187));
#700 = DEFINITIONAL_REPRESENTATION('',(#701),#705);
#701 = LINE('',#702,#703);
#702 = CARTESIAN_POINT('',(-0.785398163397,0.));
#703 = VECTOR('',#704,1.);
#704 = DIRECTION('',(1.,0.));
#705 = ( GEOMETRIC_REPRESENTATION_CONTEXT(2) 
PARAMETRIC_REPRESENTATION_CONTEXT() REPRESENTATION_CONTEXT('2D SPACE',''
  ) );
#706 = ORIENTED_EDGE('',*,*,#707,.F.);
#707 = EDGE_CURVE('',#708,#679,#710,.T.);
#708 = VERTEX_POINT('',#709);
#709 = CARTESIAN_POINT('',(14.,13.,157.4));
#710 = SURFACE_CURVE('',#711,(#715,#722),.PCURVE_S1.);
#711 = LINE('',#712,#713);
#712 = CARTESIAN_POINT('',(14.,13.,157.4));
#713 = VECTOR('',#714,1.);
#714 = DIRECTION('',(1.25524528943E-16,0.,-1.));
#715 = PCURVE('',#72,#716);
#716 = DEFINITIONAL_REPRESENTATION('',(#717),#721);
#717 = LINE('',#718,#719);
#718 = CARTESIAN_POINT('',(-10.43553390594,5.779518790788));
#719 = VECTOR('',#720,1.);
#720 = DIRECTION('',(1.,1.25524528943E-16));
#721 = ( GEOMETRIC_REPRESENTATION_CONTEXT(2) 
PARAMETRIC_REPRESENTATION_CONTEXT() REPRESENTATION_CONTEXT('2D SPACE',''
  ) );
#722 = PCURVE('',#723,#728);
#723 = PLANE('',#724);
#724 = AXIS2_PLACEMENT_3D('',#725,#726,#727);
#725 = CARTESIAN_POINT('',(14.,13.,143.));
#726 = DIRECTION('',(-1.,0.,0.));
#727 = DIRECTION('',(0.,0.,1.));
#728 = DEFINITIONAL_REPRESENTATION('',(#729),#733);
#729 = LINE('',#730,#731);
#730 = CARTESIAN_POINT('',(14.4,0.));
#731 = VECTOR('',#732,1.);
#732 = DIRECTION('',(-1.,0.));
#733 = ( GEOMETRIC_REPRESENTATION_CONTEXT(2) 
PARAMETRIC_REPRESENTATION_CONTEXT() REPRESENTATION_CONTEXT('2D SPACE',''
  ) );
#734 = ORIENTED_EDGE('',*,*,#735,.T.);
#735 = EDGE_CURVE('',#708,#736,#738,.T.);
#736 = VERTEX_POINT('',#737);
#737 = CARTESIAN_POINT('',(13.4,13.,158.));
#738 = SURFACE_CURVE('',#739,(#744,#751),.PCURVE_S1.);
#739 = CIRCLE('',#740,0.6);
#740 = AXIS2_PLACEMENT_3D('',#741,#742,#743);
#741 = CARTESIAN_POINT('',(13.4,13.,157.4));
#742 = DIRECTION('',(0.,-1.,0.));
#743 = DIRECTION('',(0.,-0.,-1.));
#744 = PCURVE('',#72,#745);
#745 = DEFINITIONAL_REPRESENTATION('',(#746),#750);
#746 = CIRCLE('',#747,0.6);
#747 = AXIS2_PLACEMENT_2D('',#748,#749);
#748 = CARTESIAN_POINT('',(-10.43553390594,5.179518790788));
#749 = DIRECTION('',(1.,0.));
#750 = ( GEOMETRIC_REPRESENTATION_CONTEXT(2) 
PARAMETRIC_REPRESENTATION_CONTEXT() REPRESENTATION_CONTEXT('2D SPACE',''
  ) );
#751 = PCURVE('',#752,#757);
#752 = CYLINDRICAL_SURFACE('',#753,0.6);
#753 = AXIS2_PLACEMENT_3D('',#754,#755,#756);
#754 = CARTESIAN_POINT('',(13.4,13.,157.4));
#755 = DIRECTION('',(0.,-1.,0.));
#756 = DIRECTION('',(1.,0.,0.));
#757 = DEFINITIONAL_REPRESENTATION('',(#758),#762);
#758 = LINE('',#759,#760);
#759 = CARTESIAN_POINT('',(-1.570796326795,0.));
#760 = VECTOR('',#761,1.);
#761 = DIRECTION('',(1.,0.));
#762 = ( GEOMETRIC_REPRESENTATION_CONTEXT(2) 
PARAMETRIC_REPRESENTATION_CONTEXT() REPRESENTATION_CONTEXT('2D SPACE',''
  ) );
#763 = ORIENTED_EDGE('',*,*,#764,.T.);
#764 = EDGE_CURVE('',#736,#569,#765,.T.);
#765 = SURFACE_CURVE('',#766,(#770,#777),.PCURVE_S1.);
#766 = LINE('',#767,#768);
#767 = CARTESIAN_POINT('',(14.,13.,158.));
#768 = VECTOR('',#769,1.);
#769 = DIRECTION('',(-1.,0.,0.));
#770 = PCURVE('',#72,#771);
#771 = DEFINITIONAL_REPRESENTATION('',(#772),#776);
#772 = LINE('',#773,#774);
#773 = CARTESIAN_POINT('',(-11.03553390594,5.779518790788));
#774 = VECTOR('',#775,1.);
#775 = DIRECTION('',(0.,-1.));
#776 = ( GEOMETRIC_REPRESENTATION_CONTEXT(2) 
PARAMETRIC_REPRESENTATION_CONTEXT() REPRESENTATION_CONTEXT('2D SPACE',''
  ) );
#777 = PCURVE('',#586,#778);
#778 = DEFINITIONAL_REPRESENTATION('',(#779),#783);
#779 = LINE('',#780,#781);
#780 = CARTESIAN_POINT('',(14.,13.));
#781 = VECTOR('',#782,1.);
#782 = DIRECTION('',(-1.,0.));
#783 = ( GEOMETRIC_REPRESENTATION_CONTEXT(2) 
PARAMETRIC_REPRESENTATION_CONTEXT() REPRESENTATION_CONTEXT('2D SPACE',''
  ) );
#784 = FACE_BOUND('',#785,.F.);
#785 = EDGE_LOOP('',(#786));
#786 = ORIENTED_EDGE('',*,*,#787,.T.);
#787 = EDGE_CURVE('',#788,#788,#790,.T.);
#788 = VERTEX_POINT('',#789);
#789 = CARTESIAN_POINT('',(9.,13.,149.4));
#790 = SURFACE_CURVE('',#791,(#796,#807),.PCURVE_S1.);
#791 = CIRCLE('',#792,1.4);
#792 = AXIS2_PLACEMENT_3D('',#793,#794,#795);
#793 = CARTESIAN_POINT('',(9.,13.,148.));
#794 = DIRECTION('',(0.,1.,0.));
#795 = DIRECTION('',(0.,-0.,1.));
#796 = PCURVE('',#72,#797);
#797 = DEFINITIONAL_REPRESENTATION('',(#798),#806);
#798 = ( BOUNDED_CURVE() B_SPLINE_CURVE(2,(#799,#800,#801,#802,#803,#804
,#805),.UNSPECIFIED.,.T.,.F.) B_SPLINE_CURVE_WITH_KNOTS((1,2,2,2,2,1),(
    -2.094395102393,0.,2.094395102393,4.188790204786,6.28318530718,
8.377580409573),.UNSPECIFIED.) CURVE() GEOMETRIC_REPRESENTATION_ITEM() 
RATIONAL_B_SPLINE_CURVE((1.,0.5,1.,0.5,1.,0.5,1.)) REPRESENTATION_ITEM(
  '') );
#799 = CARTESIAN_POINT('',(-2.43553390594,0.779518790788));
#800 = CARTESIAN_POINT('',(-2.43553390594,3.204389921384));
#801 = CARTESIAN_POINT('',(-0.33553390594,1.991954356086));
#802 = CARTESIAN_POINT('',(1.76446609406,0.779518790788));
#803 = CARTESIAN_POINT('',(-0.33553390594,-0.43291677451));
#804 = CARTESIAN_POINT('',(-2.43553390594,-1.645352339808));
#805 = CARTESIAN_POINT('',(-2.43553390594,0.779518790788));
#806 = ( GEOMETRIC_REPRESENTATION_CONTEXT(2) 
PARAMETRIC_REPRESENTATION_CONTEXT() REPRESENTATION_CONTEXT('2D SPACE',''
  ) );
#807 = PCURVE('',#808,#813);
#808 = CYLINDRICAL_SURFACE('',#809,1.4);
#809 = AXIS2_PLACEMENT_3D('',#810,#811,#812);
#810 = CARTESIAN_POINT('',(9.,3.,148.));
#811 = DIRECTION('',(0.,1.,0.));
#812 = DIRECTION('',(0.,-0.,1.));
#813 = DEFINITIONAL_REPRESENTATION('',(#814),#818);
#814 = LINE('',#815,#816);
#815 = CARTESIAN_POINT('',(0.,10.));
#816 = VECTOR('',#817,1.);
#817 = DIRECTION('',(1.,0.));
#818 = ( GEOMETRIC_REPRESENTATION_CONTEXT(2) 
PARAMETRIC_REPRESENTATION_CONTEXT() REPRESENTATION_CONTEXT('2D SPACE',''
  ) );
#819 = ADVANCED_FACE('',(#820),#238,.F.);
#820 = FACE_BOUND('',#821,.F.);
#821 = EDGE_LOOP('',(#822,#846,#874,#901));
#822 = ORIENTED_EDGE('',*,*,#823,.T.);
#823 = EDGE_CURVE('',#24,#824,#826,.T.);
#824 = VERTEX_POINT('',#825);
#825 = CARTESIAN_POINT('',(8.,94.,157.5));
#826 = SURFACE_CURVE('',#827,(#832,#839),.PCURVE_S1.);
#827 = CIRCLE('',#828,2.);
#828 = AXIS2_PLACEMENT_3D('',#829,#830,#831);
#829 = CARTESIAN_POINT('',(8.,92.,157.5));
#830 = DIRECTION('',(0.,0.,-1.));
#831 = DIRECTION('',(-1.,0.,0.));
#832 = PCURVE('',#238,#833);
#833 = DEFINITIONAL_REPRESENTATION('',(#834),#838);
#834 = LINE('',#835,#836);
#835 = CARTESIAN_POINT('',(6.28318530718,151.5));
#836 = VECTOR('',#837,1.);
#837 = DIRECTION('',(-1.,0.));
#838 = ( GEOMETRIC_REPRESENTATION_CONTEXT(2) 
PARAMETRIC_REPRESENTATION_CONTEXT() REPRESENTATION_CONTEXT('2D SPACE',''
  ) );
#839 = PCURVE('',#639,#840);
#840 = DEFINITIONAL_REPRESENTATION('',(#841),#845);
#841 = LINE('',#842,#843);
#842 = CARTESIAN_POINT('',(6.28318530718,3.14159265359));
#843 = VECTOR('',#844,1.);
#844 = DIRECTION('',(-1.,0.));
#845 = ( GEOMETRIC_REPRESENTATION_CONTEXT(2) 
PARAMETRIC_REPRESENTATION_CONTEXT() REPRESENTATION_CONTEXT('2D SPACE',''
  ) );
#846 = ORIENTED_EDGE('',*,*,#847,.F.);
#847 = EDGE_CURVE('',#848,#824,#850,.T.);
#848 = VERTEX_POINT('',#849);
#849 = CARTESIAN_POINT('',(8.,94.,7.));
#850 = SURFACE_CURVE('',#851,(#855,#862),.PCURVE_S1.);
#851 = LINE('',#852,#853);
#852 = CARTESIAN_POINT('',(8.,94.,6.));
#853 = VECTOR('',#854,1.);
#854 = DIRECTION('',(0.,0.,1.));
#855 = PCURVE('',#238,#856);
#856 = DEFINITIONAL_REPRESENTATION('',(#857),#861);
#857 = LINE('',#858,#859);
#858 = CARTESIAN_POINT('',(4.712388980385,0.));
#859 = VECTOR('',#860,1.);
#860 = DIRECTION('',(-0.,1.));
#861 = ( GEOMETRIC_REPRESENTATION_CONTEXT(2) 
PARAMETRIC_REPRESENTATION_CONTEXT() REPRESENTATION_CONTEXT('2D SPACE',''
  ) );
#862 = PCURVE('',#863,#868);
#863 = PLANE('',#864);
#864 = AXIS2_PLACEMENT_3D('',#865,#866,#867);
#865 = CARTESIAN_POINT('',(6.,94.,6.));
#866 = DIRECTION('',(-0.,1.,0.));
#867 = DIRECTION('',(0.,0.,1.));
#868 = DEFINITIONAL_REPRESENTATION('',(#869),#873);
#869 = LINE('',#870,#871);
#870 = CARTESIAN_POINT('',(0.,2.));
#871 = VECTOR('',#872,1.);
#872 = DIRECTION('',(1.,0.));
#873 = ( GEOMETRIC_REPRESENTATION_CONTEXT(2) 
PARAMETRIC_REPRESENTATION_CONTEXT() REPRESENTATION_CONTEXT('2D SPACE',''
  ) );
#874 = ORIENTED_EDGE('',*,*,#875,.F.);
#875 = EDGE_CURVE('',#197,#848,#876,.T.);
#876 = SURFACE_CURVE('',#877,(#882,#889),.PCURVE_S1.);
#877 = CIRCLE('',#878,2.);
#878 = AXIS2_PLACEMENT_3D('',#879,#880,#881);
#879 = CARTESIAN_POINT('',(8.,92.,7.));
#880 = DIRECTION('',(0.,0.,-1.));
#881 = DIRECTION('',(-1.,0.,0.));
#882 = PCURVE('',#238,#883);
#883 = DEFINITIONAL_REPRESENTATION('',(#884),#888);
#884 = LINE('',#885,#886);
#885 = CARTESIAN_POINT('',(6.28318530718,1.));
#886 = VECTOR('',#887,1.);
#887 = DIRECTION('',(-1.,0.));
#888 = ( GEOMETRIC_REPRESENTATION_CONTEXT(2) 
PARAMETRIC_REPRESENTATION_CONTEXT() REPRESENTATION_CONTEXT('2D SPACE',''
  ) );
#889 = PCURVE('',#890,#895);
#890 = TOROIDAL_SURFACE('',#891,1.,1.);
#891 = AXIS2_PLACEMENT_3D('',#892,#893,#894);
#892 = CARTESIAN_POINT('',(8.,92.,7.));
#893 = DIRECTION('',(-0.,-0.,-1.));
#894 = DIRECTION('',(-1.,0.,0.));
#895 = DEFINITIONAL_REPRESENTATION('',(#896),#900);
#896 = LINE('',#897,#898);
#897 = CARTESIAN_POINT('',(0.,0.));
#898 = VECTOR('',#899,1.);
#899 = DIRECTION('',(1.,0.));
#900 = ( GEOMETRIC_REPRESENTATION_CONTEXT(2) 
PARAMETRIC_REPRESENTATION_CONTEXT() REPRESENTATION_CONTEXT('2D SPACE',''
  ) );
#901 = ORIENTED_EDGE('',*,*,#224,.T.);
#902 = ADVANCED_FACE('',(#903),#100,.F.);
#903 = FACE_BOUND('',#904,.F.);
#904 = EDGE_LOOP('',(#905,#906,#907,#930));
#905 = ORIENTED_EDGE('',*,*,#655,.F.);
#906 = ORIENTED_EDGE('',*,*,#84,.T.);
#907 = ORIENTED_EDGE('',*,*,#908,.T.);
#908 = EDGE_CURVE('',#85,#909,#911,.T.);
#909 = VERTEX_POINT('',#910);
#910 = CARTESIAN_POINT('',(13.824264068712,4.,142.82426406871));
#911 = SURFACE_CURVE('',#912,(#916,#923),.PCURVE_S1.);
#912 = LINE('',#913,#914);
#913 = CARTESIAN_POINT('',(4.,4.,133.));
#914 = VECTOR('',#915,1.);
#915 = DIRECTION('',(0.707106781187,0.,0.707106781187));
#916 = PCURVE('',#100,#917);
#917 = DEFINITIONAL_REPRESENTATION('',(#918),#922);
#918 = LINE('',#919,#920);
#919 = CARTESIAN_POINT('',(0.,-9.));
#920 = VECTOR('',#921,1.);
#921 = DIRECTION('',(1.,0.));
#922 = ( GEOMETRIC_REPRESENTATION_CONTEXT(2) 
PARAMETRIC_REPRESENTATION_CONTEXT() REPRESENTATION_CONTEXT('2D SPACE',''
  ) );
#923 = PCURVE('',#128,#924);
#924 = DEFINITIONAL_REPRESENTATION('',(#925),#929);
#925 = LINE('',#926,#927);
#926 = CARTESIAN_POINT('',(130.,1.));
#927 = VECTOR('',#928,1.);
#928 = DIRECTION('',(0.707106781187,0.707106781187));
#929 = ( GEOMETRIC_REPRESENTATION_CONTEXT(2) 
PARAMETRIC_REPRESENTATION_CONTEXT() REPRESENTATION_CONTEXT('2D SPACE',''
  ) );
#930 = ORIENTED_EDGE('',*,*,#931,.F.);
#931 = EDGE_CURVE('',#656,#909,#932,.T.);
#932 = SURFACE_CURVE('',#933,(#937,#944),.PCURVE_S1.);
#933 = LINE('',#934,#935);
#934 = CARTESIAN_POINT('',(13.824264068712,13.,142.82426406871));
#935 = VECTOR('',#936,1.);
#936 = DIRECTION('',(0.,-1.,0.));
#937 = PCURVE('',#100,#938);
#938 = DEFINITIONAL_REPRESENTATION('',(#939),#943);
#939 = LINE('',#940,#941);
#940 = CARTESIAN_POINT('',(13.893607486306,0.));
#941 = VECTOR('',#942,1.);
#942 = DIRECTION('',(0.,-1.));
#943 = ( GEOMETRIC_REPRESENTATION_CONTEXT(2) 
PARAMETRIC_REPRESENTATION_CONTEXT() REPRESENTATION_CONTEXT('2D SPACE',''
  ) );
#944 = PCURVE('',#695,#945);
#945 = DEFINITIONAL_REPRESENTATION('',(#946),#950);
#946 = LINE('',#947,#948);
#947 = CARTESIAN_POINT('',(0.,0.));
#948 = VECTOR('',#949,1.);
#949 = DIRECTION('',(0.,1.));
#950 = ( GEOMETRIC_REPRESENTATION_CONTEXT(2) 
PARAMETRIC_REPRESENTATION_CONTEXT() REPRESENTATION_CONTEXT('2D SPACE',''
  ) );
#951 = ADVANCED_FACE('',(#952),#212,.F.);
#952 = FACE_BOUND('',#953,.F.);
#953 = EDGE_LOOP('',(#954,#976,#1004,#1026));
#954 = ORIENTED_EDGE('',*,*,#955,.T.);
#955 = EDGE_CURVE('',#197,#956,#958,.T.);
#956 = VERTEX_POINT('',#957);
#957 = CARTESIAN_POINT('',(7.,92.,6.));
#958 = SURFACE_CURVE('',#959,(#964,#970),.PCURVE_S1.);
#959 = CIRCLE('',#960,1.);
#960 = AXIS2_PLACEMENT_3D('',#961,#962,#963);
#961 = CARTESIAN_POINT('',(7.,92.,7.));
#962 = DIRECTION('',(0.,-1.,-0.));
#963 = DIRECTION('',(-1.,-0.,0.));
#964 = PCURVE('',#212,#965);
#965 = DEFINITIONAL_REPRESENTATION('',(#966),#969);
#966 = B_SPLINE_CURVE_WITH_KNOTS('',1,(#967,#968),.UNSPECIFIED.,.F.,.F.,
  (2,2),(0.,1.570796326795),.PIECEWISE_BEZIER_KNOTS.);
#967 = CARTESIAN_POINT('',(6.28318530718,82.));
#968 = CARTESIAN_POINT('',(4.712388980385,82.));
#969 = ( GEOMETRIC_REPRESENTATION_CONTEXT(2) 
PARAMETRIC_REPRESENTATION_CONTEXT() REPRESENTATION_CONTEXT('2D SPACE',''
  ) );
#970 = PCURVE('',#890,#971);
#971 = DEFINITIONAL_REPRESENTATION('',(#972),#975);
#972 = B_SPLINE_CURVE_WITH_KNOTS('',1,(#973,#974),.UNSPECIFIED.,.F.,.F.,
  (2,2),(0.,1.570796326795),.PIECEWISE_BEZIER_KNOTS.);
#973 = CARTESIAN_POINT('',(0.,0.));
#974 = CARTESIAN_POINT('',(0.,1.570796326795));
#975 = ( GEOMETRIC_REPRESENTATION_CONTEXT(2) 
PARAMETRIC_REPRESENTATION_CONTEXT() REPRESENTATION_CONTEXT('2D SPACE',''
  ) );
#976 = ORIENTED_EDGE('',*,*,#977,.F.);
#977 = EDGE_CURVE('',#978,#956,#980,.T.);
#978 = VERTEX_POINT('',#979);
#979 = CARTESIAN_POINT('',(7.,13.,6.));
#980 = SURFACE_CURVE('',#981,(#985,#992),.PCURVE_S1.);
#981 = LINE('',#982,#983);
#982 = CARTESIAN_POINT('',(7.,10.,6.));
#983 = VECTOR('',#984,1.);
#984 = DIRECTION('',(-0.,1.,0.));
#985 = PCURVE('',#212,#986);
#986 = DEFINITIONAL_REPRESENTATION('',(#987),#991);
#987 = LINE('',#988,#989);
#988 = CARTESIAN_POINT('',(4.712388980385,0.));
#989 = VECTOR('',#990,1.);
#990 = DIRECTION('',(-0.,1.));
#991 = ( GEOMETRIC_REPRESENTATION_CONTEXT(2) 
PARAMETRIC_REPRESENTATION_CONTEXT() REPRESENTATION_CONTEXT('2D SPACE',''
  ) );
#992 = PCURVE('',#993,#998);
#993 = PLANE('',#994);
#994 = AXIS2_PLACEMENT_3D('',#995,#996,#997);
#995 = CARTESIAN_POINT('',(6.,8.,6.));
#996 = DIRECTION('',(0.,0.,1.));
#997 = DIRECTION('',(1.,0.,-0.));
#998 = DEFINITIONAL_REPRESENTATION('',(#999),#1003);
#999 = LINE('',#1000,#1001);
#1000 = CARTESIAN_POINT('',(1.,2.));
#1001 = VECTOR('',#1002,1.);
#1002 = DIRECTION('',(0.,1.));
#1003 = ( GEOMETRIC_REPRESENTATION_CONTEXT(2) 
PARAMETRIC_REPRESENTATION_CONTEXT() REPRESENTATION_CONTEXT('2D SPACE',''
  ) );
#1004 = ORIENTED_EDGE('',*,*,#1005,.T.);
#1005 = EDGE_CURVE('',#978,#169,#1006,.T.);
#1006 = SURFACE_CURVE('',#1007,(#1012,#1019),.PCURVE_S1.);
#1007 = CIRCLE('',#1008,1.);
#1008 = AXIS2_PLACEMENT_3D('',#1009,#1010,#1011);
#1009 = CARTESIAN_POINT('',(7.,13.,7.));
#1010 = DIRECTION('',(-0.,1.,0.));
#1011 = DIRECTION('',(-1.,-0.,0.));
#1012 = PCURVE('',#212,#1013);
#1013 = DEFINITIONAL_REPRESENTATION('',(#1014),#1018);
#1014 = LINE('',#1015,#1016);
#1015 = CARTESIAN_POINT('',(-4.138911435803E-13,3.));
#1016 = VECTOR('',#1017,1.);
#1017 = DIRECTION('',(1.,-0.));
#1018 = ( GEOMETRIC_REPRESENTATION_CONTEXT(2) 
PARAMETRIC_REPRESENTATION_CONTEXT() REPRESENTATION_CONTEXT('2D SPACE',''
  ) );
#1019 = PCURVE('',#184,#1020);
#1020 = DEFINITIONAL_REPRESENTATION('',(#1021),#1025);
#1021 = CIRCLE('',#1022,1.);
#1022 = AXIS2_PLACEMENT_2D('',#1023,#1024);
#1023 = CARTESIAN_POINT('',(1.,3.));
#1024 = DIRECTION('',(0.,-1.));
#1025 = ( GEOMETRIC_REPRESENTATION_CONTEXT(2) 
PARAMETRIC_REPRESENTATION_CONTEXT() REPRESENTATION_CONTEXT('2D SPACE',''
  ) );
#1026 = ORIENTED_EDGE('',*,*,#196,.T.);
#1027 = ADVANCED_FACE('',(#1028,#1266,#1297,#1323,#1354,#1740),#128,.F.
  );
#1028 = FACE_BOUND('',#1029,.F.);
#1029 = EDGE_LOOP('',(#1030,#1060,#1093,#1121,#1150,#1178,#1211,#1239));
#1030 = ORIENTED_EDGE('',*,*,#1031,.F.);
#1031 = EDGE_CURVE('',#1032,#1034,#1036,.T.);
#1032 = VERTEX_POINT('',#1033);
#1033 = CARTESIAN_POINT('',(6.,4.,3.));
#1034 = VERTEX_POINT('',#1035);
#1035 = CARTESIAN_POINT('',(90.,4.,3.));
#1036 = SURFACE_CURVE('',#1037,(#1041,#1048),.PCURVE_S1.);
#1037 = LINE('',#1038,#1039);
#1038 = CARTESIAN_POINT('',(3.,4.,3.));
#1039 = VECTOR('',#1040,1.);
#1040 = DIRECTION('',(1.,0.,-0.));
#1041 = PCURVE('',#128,#1042);
#1042 = DEFINITIONAL_REPRESENTATION('',(#1043),#1047);
#1043 = LINE('',#1044,#1045);
#1044 = CARTESIAN_POINT('',(0.,0.));
#1045 = VECTOR('',#1046,1.);
#1046 = DIRECTION('',(0.,1.));
#1047 = ( GEOMETRIC_REPRESENTATION_CONTEXT(2) 
PARAMETRIC_REPRESENTATION_CONTEXT() REPRESENTATION_CONTEXT('2D SPACE',''
  ) );
#1048 = PCURVE('',#1049,#1054);
#1049 = PLANE('',#1050);
#1050 = AXIS2_PLACEMENT_3D('',#1051,#1052,#1053);
#1051 = CARTESIAN_POINT('',(3.,-1.,3.));
#1052 = DIRECTION('',(0.,0.,1.));
#1053 = DIRECTION('',(1.,0.,-0.));
#1054 = DEFINITIONAL_REPRESENTATION('',(#1055),#1059);
#1055 = LINE('',#1056,#1057);
#1056 = CARTESIAN_POINT('',(0.,5.));
#1057 = VECTOR('',#1058,1.);
#1058 = DIRECTION('',(1.,0.));
#1059 = ( GEOMETRIC_REPRESENTATION_CONTEXT(2) 
PARAMETRIC_REPRESENTATION_CONTEXT() REPRESENTATION_CONTEXT('2D SPACE',''
  ) );
#1060 = ORIENTED_EDGE('',*,*,#1061,.F.);
#1061 = EDGE_CURVE('',#1062,#1032,#1064,.T.);
#1062 = VERTEX_POINT('',#1063);
#1063 = CARTESIAN_POINT('',(3.,4.,6.));
#1064 = SURFACE_CURVE('',#1065,(#1070,#1081),.PCURVE_S1.);
#1065 = CIRCLE('',#1066,3.);
#1066 = AXIS2_PLACEMENT_3D('',#1067,#1068,#1069);
#1067 = CARTESIAN_POINT('',(6.,4.,6.));
#1068 = DIRECTION('',(0.,-1.,0.));
#1069 = DIRECTION('',(0.,0.,1.));
#1070 = PCURVE('',#128,#1071);
#1071 = DEFINITIONAL_REPRESENTATION('',(#1072),#1080);
#1072 = ( BOUNDED_CURVE() B_SPLINE_CURVE(2,(#1073,#1074,#1075,#1076,
#1077,#1078,#1079),.UNSPECIFIED.,.T.,.F.) B_SPLINE_CURVE_WITH_KNOTS((1,2
    ,2,2,2,1),(-2.094395102393,0.,2.094395102393,4.188790204786,
6.28318530718,8.377580409573),.UNSPECIFIED.) CURVE() 
GEOMETRIC_REPRESENTATION_ITEM() RATIONAL_B_SPLINE_CURVE((1.,0.5,1.,0.5,
1.,0.5,1.)) REPRESENTATION_ITEM('') );
#1073 = CARTESIAN_POINT('',(6.,3.));
#1074 = CARTESIAN_POINT('',(6.,-2.196152422707));
#1075 = CARTESIAN_POINT('',(1.5,0.401923788647));
#1076 = CARTESIAN_POINT('',(-3.,3.));
#1077 = CARTESIAN_POINT('',(1.5,5.598076211353));
#1078 = CARTESIAN_POINT('',(6.,8.196152422707));
#1079 = CARTESIAN_POINT('',(6.,3.));
#1080 = ( GEOMETRIC_REPRESENTATION_CONTEXT(2) 
PARAMETRIC_REPRESENTATION_CONTEXT() REPRESENTATION_CONTEXT('2D SPACE',''
  ) );
#1081 = PCURVE('',#1082,#1087);
#1082 = CYLINDRICAL_SURFACE('',#1083,3.);
#1083 = AXIS2_PLACEMENT_3D('',#1084,#1085,#1086);
#1084 = CARTESIAN_POINT('',(6.,-1.,6.));
#1085 = DIRECTION('',(-0.,1.,0.));
#1086 = DIRECTION('',(-1.,-0.,0.));
#1087 = DEFINITIONAL_REPRESENTATION('',(#1088),#1092);
#1088 = LINE('',#1089,#1090);
#1089 = CARTESIAN_POINT('',(7.853981633975,5.));
#1090 = VECTOR('',#1091,1.);
#1091 = DIRECTION('',(-1.,0.));
#1092 = ( GEOMETRIC_REPRESENTATION_CONTEXT(2) 
PARAMETRIC_REPRESENTATION_CONTEXT() REPRESENTATION_CONTEXT('2D SPACE',''
  ) );
#1093 = ORIENTED_EDGE('',*,*,#1094,.T.);
#1094 = EDGE_CURVE('',#1062,#1095,#1097,.T.);
#1095 = VERTEX_POINT('',#1096);
#1096 = CARTESIAN_POINT('',(3.,4.,152.));
#1097 = SURFACE_CURVE('',#1098,(#1102,#1109),.PCURVE_S1.);
#1098 = LINE('',#1099,#1100);
#1099 = CARTESIAN_POINT('',(3.,4.,3.));
#1100 = VECTOR('',#1101,1.);
#1101 = DIRECTION('',(0.,0.,1.));
#1102 = PCURVE('',#128,#1103);
#1103 = DEFINITIONAL_REPRESENTATION('',(#1104),#1108);
#1104 = LINE('',#1105,#1106);
#1105 = CARTESIAN_POINT('',(0.,0.));
#1106 = VECTOR('',#1107,1.);
#1107 = DIRECTION('',(1.,0.));
#1108 = ( GEOMETRIC_REPRESENTATION_CONTEXT(2) 
PARAMETRIC_REPRESENTATION_CONTEXT() REPRESENTATION_CONTEXT('2D SPACE',''
  ) );
#1109 = PCURVE('',#1110,#1115);
#1110 = PLANE('',#1111);
#1111 = AXIS2_PLACEMENT_3D('',#1112,#1113,#1114);
#1112 = CARTESIAN_POINT('',(3.,-1.,3.));
#1113 = DIRECTION('',(1.,0.,-0.));
#1114 = DIRECTION('',(0.,0.,1.));
#1115 = DEFINITIONAL_REPRESENTATION('',(#1116),#1120);
#1116 = LINE('',#1117,#1118);
#1117 = CARTESIAN_POINT('',(0.,-5.));
#1118 = VECTOR('',#1119,1.);
#1119 = DIRECTION('',(1.,0.));
#1120 = ( GEOMETRIC_REPRESENTATION_CONTEXT(2) 
PARAMETRIC_REPRESENTATION_CONTEXT() REPRESENTATION_CONTEXT('2D SPACE',''
  ) );
#1121 = ORIENTED_EDGE('',*,*,#1122,.T.);
#1122 = EDGE_CURVE('',#1095,#1123,#1125,.T.);
#1123 = VERTEX_POINT('',#1124);
#1124 = CARTESIAN_POINT('',(6.,4.,155.));
#1125 = SURFACE_CURVE('',#1126,(#1131,#1138),.PCURVE_S1.);
#1126 = CIRCLE('',#1127,3.);
#1127 = AXIS2_PLACEMENT_3D('',#1128,#1129,#1130);
#1128 = CARTESIAN_POINT('',(6.,4.,152.));
#1129 = DIRECTION('',(0.,1.,0.));
#1130 = DIRECTION('',(-1.,0.,0.));
#1131 = PCURVE('',#128,#1132);
#1132 = DEFINITIONAL_REPRESENTATION('',(#1133),#1137);
#1133 = CIRCLE('',#1134,3.);
#1134 = AXIS2_PLACEMENT_2D('',#1135,#1136);
#1135 = CARTESIAN_POINT('',(149.,3.));
#1136 = DIRECTION('',(0.,-1.));
#1137 = ( GEOMETRIC_REPRESENTATION_CONTEXT(2) 
PARAMETRIC_REPRESENTATION_CONTEXT() REPRESENTATION_CONTEXT('2D SPACE',''
  ) );
#1138 = PCURVE('',#1139,#1144);
#1139 = CYLINDRICAL_SURFACE('',#1140,3.);
#1140 = AXIS2_PLACEMENT_3D('',#1141,#1142,#1143);
#1141 = CARTESIAN_POINT('',(6.,-1.,152.));
#1142 = DIRECTION('',(-0.,1.,0.));
#1143 = DIRECTION('',(-1.,-0.,0.));
#1144 = DEFINITIONAL_REPRESENTATION('',(#1145),#1149);
#1145 = LINE('',#1146,#1147);
#1146 = CARTESIAN_POINT('',(0.,5.));
#1147 = VECTOR('',#1148,1.);
#1148 = DIRECTION('',(1.,0.));
#1149 = ( GEOMETRIC_REPRESENTATION_CONTEXT(2) 
PARAMETRIC_REPRESENTATION_CONTEXT() REPRESENTATION_CONTEXT('2D SPACE',''
  ) );
#1150 = ORIENTED_EDGE('',*,*,#1151,.T.);
#1151 = EDGE_CURVE('',#1123,#1152,#1154,.T.);
#1152 = VERTEX_POINT('',#1153);
#1153 = CARTESIAN_POINT('',(90.,4.,155.));
#1154 = SURFACE_CURVE('',#1155,(#1159,#1166),.PCURVE_S1.);
#1155 = LINE('',#1156,#1157);
#1156 = CARTESIAN_POINT('',(6.,4.,155.));
#1157 = VECTOR('',#1158,1.);
#1158 = DIRECTION('',(1.,0.,0.));
#1159 = PCURVE('',#128,#1160);
#1160 = DEFINITIONAL_REPRESENTATION('',(#1161),#1165);
#1161 = LINE('',#1162,#1163);
#1162 = CARTESIAN_POINT('',(152.,3.));
#1163 = VECTOR('',#1164,1.);
#1164 = DIRECTION('',(0.,1.));
#1165 = ( GEOMETRIC_REPRESENTATION_CONTEXT(2) 
PARAMETRIC_REPRESENTATION_CONTEXT() REPRESENTATION_CONTEXT('2D SPACE',''
  ) );
#1166 = PCURVE('',#1167,#1172);
#1167 = PLANE('',#1168);
#1168 = AXIS2_PLACEMENT_3D('',#1169,#1170,#1171);
#1169 = CARTESIAN_POINT('',(3.,-1.,155.));
#1170 = DIRECTION('',(0.,0.,1.));
#1171 = DIRECTION('',(1.,0.,-0.));
#1172 = DEFINITIONAL_REPRESENTATION('',(#1173),#1177);
#1173 = LINE('',#1174,#1175);
#1174 = CARTESIAN_POINT('',(3.,5.));
#1175 = VECTOR('',#1176,1.);
#1176 = DIRECTION('',(1.,0.));
#1177 = ( GEOMETRIC_REPRESENTATION_CONTEXT(2) 
PARAMETRIC_REPRESENTATION_CONTEXT() REPRESENTATION_CONTEXT('2D SPACE',''
  ) );
#1178 = ORIENTED_EDGE('',*,*,#1179,.F.);
#1179 = EDGE_CURVE('',#1180,#1152,#1182,.T.);
#1180 = VERTEX_POINT('',#1181);
#1181 = CARTESIAN_POINT('',(93.,4.,152.));
#1182 = SURFACE_CURVE('',#1183,(#1188,#1199),.PCURVE_S1.);
#1183 = CIRCLE('',#1184,3.);
#1184 = AXIS2_PLACEMENT_3D('',#1185,#1186,#1187);
#1185 = CARTESIAN_POINT('',(90.,4.,152.));
#1186 = DIRECTION('',(0.,-1.,0.));
#1187 = DIRECTION('',(1.,0.,0.));
#1188 = PCURVE('',#128,#1189);
#1189 = DEFINITIONAL_REPRESENTATION('',(#1190),#1198);
#1190 = ( BOUNDED_CURVE() B_SPLINE_CURVE(2,(#1191,#1192,#1193,#1194,
#1195,#1196,#1197),.UNSPECIFIED.,.T.,.F.) B_SPLINE_CURVE_WITH_KNOTS((1,2
    ,2,2,2,1),(-2.094395102393,0.,2.094395102393,4.188790204786,
6.28318530718,8.377580409573),.UNSPECIFIED.) CURVE() 
GEOMETRIC_REPRESENTATION_ITEM() RATIONAL_B_SPLINE_CURVE((1.,0.5,1.,0.5,
1.,0.5,1.)) REPRESENTATION_ITEM('') );
#1191 = CARTESIAN_POINT('',(149.,90.));
#1192 = CARTESIAN_POINT('',(154.1961524227,90.));
#1193 = CARTESIAN_POINT('',(151.59807621135,85.5));
#1194 = CARTESIAN_POINT('',(149.,81.));
#1195 = CARTESIAN_POINT('',(146.40192378864,85.5));
#1196 = CARTESIAN_POINT('',(143.80384757729,90.));
#1197 = CARTESIAN_POINT('',(149.,90.));
#1198 = ( GEOMETRIC_REPRESENTATION_CONTEXT(2) 
PARAMETRIC_REPRESENTATION_CONTEXT() REPRESENTATION_CONTEXT('2D SPACE',''
  ) );
#1199 = PCURVE('',#1200,#1205);
#1200 = CYLINDRICAL_SURFACE('',#1201,3.);
#1201 = AXIS2_PLACEMENT_3D('',#1202,#1203,#1204);
#1202 = CARTESIAN_POINT('',(90.,-1.,152.));
#1203 = DIRECTION('',(-0.,1.,0.));
#1204 = DIRECTION('',(1.,0.,-0.));
#1205 = DEFINITIONAL_REPRESENTATION('',(#1206),#1210);
#1206 = LINE('',#1207,#1208);
#1207 = CARTESIAN_POINT('',(6.28318530718,5.));
#1208 = VECTOR('',#1209,1.);
#1209 = DIRECTION('',(-1.,0.));
#1210 = ( GEOMETRIC_REPRESENTATION_CONTEXT(2) 
PARAMETRIC_REPRESENTATION_CONTEXT() REPRESENTATION_CONTEXT('2D SPACE',''
  ) );
#1211 = ORIENTED_EDGE('',*,*,#1212,.F.);
#1212 = EDGE_CURVE('',#1213,#1180,#1215,.T.);
#1213 = VERTEX_POINT('',#1214);
#1214 = CARTESIAN_POINT('',(93.,4.,6.));
#1215 = SURFACE_CURVE('',#1216,(#1220,#1227),.PCURVE_S1.);
#1216 = LINE('',#1217,#1218);
#1217 = CARTESIAN_POINT('',(93.,4.,3.));
#1218 = VECTOR('',#1219,1.);
#1219 = DIRECTION('',(0.,0.,1.));
#1220 = PCURVE('',#128,#1221);
#1221 = DEFINITIONAL_REPRESENTATION('',(#1222),#1226);
#1222 = LINE('',#1223,#1224);
#1223 = CARTESIAN_POINT('',(0.,90.));
#1224 = VECTOR('',#1225,1.);
#1225 = DIRECTION('',(1.,0.));
#1226 = ( GEOMETRIC_REPRESENTATION_CONTEXT(2) 
PARAMETRIC_REPRESENTATION_CONTEXT() REPRESENTATION_CONTEXT('2D SPACE',''
  ) );
#1227 = PCURVE('',#1228,#1233);
#1228 = PLANE('',#1229);
#1229 = AXIS2_PLACEMENT_3D('',#1230,#1231,#1232);
#1230 = CARTESIAN_POINT('',(93.,-1.,3.));
#1231 = DIRECTION('',(1.,0.,-0.));
#1232 = DIRECTION('',(0.,0.,1.));
#1233 = DEFINITIONAL_REPRESENTATION('',(#1234),#1238);
#1234 = LINE('',#1235,#1236);
#1235 = CARTESIAN_POINT('',(0.,-5.));
#1236 = VECTOR('',#1237,1.);
#1237 = DIRECTION('',(1.,0.));
#1238 = ( GEOMETRIC_REPRESENTATION_CONTEXT(2) 
PARAMETRIC_REPRESENTATION_CONTEXT() REPRESENTATION_CONTEXT('2D SPACE',''
  ) );
#1239 = ORIENTED_EDGE('',*,*,#1240,.T.);
#1240 = EDGE_CURVE('',#1213,#1034,#1241,.T.);
#1241 = SURFACE_CURVE('',#1242,(#1247,#1254),.PCURVE_S1.);
#1242 = CIRCLE('',#1243,3.);
#1243 = AXIS2_PLACEMENT_3D('',#1244,#1245,#1246);
#1244 = CARTESIAN_POINT('',(90.,4.,6.));
#1245 = DIRECTION('',(-0.,1.,0.));
#1246 = DIRECTION('',(0.,0.,1.));
#1247 = PCURVE('',#128,#1248);
#1248 = DEFINITIONAL_REPRESENTATION('',(#1249),#1253);
#1249 = CIRCLE('',#1250,3.);
#1250 = AXIS2_PLACEMENT_2D('',#1251,#1252);
#1251 = CARTESIAN_POINT('',(3.,87.));
#1252 = DIRECTION('',(1.,0.));
#1253 = ( GEOMETRIC_REPRESENTATION_CONTEXT(2) 
PARAMETRIC_REPRESENTATION_CONTEXT() REPRESENTATION_CONTEXT('2D SPACE',''
  ) );
#1254 = PCURVE('',#1255,#1260);
#1255 = CYLINDRICAL_SURFACE('',#1256,3.);
#1256 = AXIS2_PLACEMENT_3D('',#1257,#1258,#1259);
#1257 = CARTESIAN_POINT('',(90.,-1.,6.));
#1258 = DIRECTION('',(-0.,1.,0.));
#1259 = DIRECTION('',(1.,0.,-0.));
#1260 = DEFINITIONAL_REPRESENTATION('',(#1261),#1265);
#1261 = LINE('',#1262,#1263);
#1262 = CARTESIAN_POINT('',(-1.570796326795,5.));
#1263 = VECTOR('',#1264,1.);
#1264 = DIRECTION('',(1.,0.));
#1265 = ( GEOMETRIC_REPRESENTATION_CONTEXT(2) 
PARAMETRIC_REPRESENTATION_CONTEXT() REPRESENTATION_CONTEXT('2D SPACE',''
  ) );
#1266 = FACE_BOUND('',#1267,.F.);
#1267 = EDGE_LOOP('',(#1268));
#1268 = ORIENTED_EDGE('',*,*,#1269,.F.);
#1269 = EDGE_CURVE('',#1270,#1270,#1272,.T.);
#1270 = VERTEX_POINT('',#1271);
#1271 = CARTESIAN_POINT('',(9.,4.,11.4));
#1272 = SURFACE_CURVE('',#1273,(#1278,#1285),.PCURVE_S1.);
#1273 = CIRCLE('',#1274,1.4);
#1274 = AXIS2_PLACEMENT_3D('',#1275,#1276,#1277);
#1275 = CARTESIAN_POINT('',(9.,4.,10.));
#1276 = DIRECTION('',(0.,1.,0.));
#1277 = DIRECTION('',(0.,-0.,1.));
#1278 = PCURVE('',#128,#1279);
#1279 = DEFINITIONAL_REPRESENTATION('',(#1280),#1284);
#1280 = CIRCLE('',#1281,1.4);
#1281 = AXIS2_PLACEMENT_2D('',#1282,#1283);
#1282 = CARTESIAN_POINT('',(7.,6.));
#1283 = DIRECTION('',(1.,0.));
#1284 = ( GEOMETRIC_REPRESENTATION_CONTEXT(2) 
PARAMETRIC_REPRESENTATION_CONTEXT() REPRESENTATION_CONTEXT('2D SPACE',''
  ) );
#1285 = PCURVE('',#1286,#1291);
#1286 = CYLINDRICAL_SURFACE('',#1287,1.4);
#1287 = AXIS2_PLACEMENT_3D('',#1288,#1289,#1290);
#1288 = CARTESIAN_POINT('',(9.,3.,10.));
#1289 = DIRECTION('',(0.,1.,0.));
#1290 = DIRECTION('',(0.,-0.,1.));
#1291 = DEFINITIONAL_REPRESENTATION('',(#1292),#1296);
#1292 = LINE('',#1293,#1294);
#1293 = CARTESIAN_POINT('',(0.,1.));
#1294 = VECTOR('',#1295,1.);
#1295 = DIRECTION('',(1.,0.));
#1296 = ( GEOMETRIC_REPRESENTATION_CONTEXT(2) 
PARAMETRIC_REPRESENTATION_CONTEXT() REPRESENTATION_CONTEXT('2D SPACE',''
  ) );
#1297 = FACE_BOUND('',#1298,.F.);
#1298 = EDGE_LOOP('',(#1299));
#1299 = ORIENTED_EDGE('',*,*,#1300,.F.);
#1300 = EDGE_CURVE('',#1301,#1301,#1303,.T.);
#1301 = VERTEX_POINT('',#1302);
#1302 = CARTESIAN_POINT('',(9.,4.,149.4));
#1303 = SURFACE_CURVE('',#1304,(#1309,#1316),.PCURVE_S1.);
#1304 = CIRCLE('',#1305,1.4);
#1305 = AXIS2_PLACEMENT_3D('',#1306,#1307,#1308);
#1306 = CARTESIAN_POINT('',(9.,4.,148.));
#1307 = DIRECTION('',(0.,1.,0.));
#1308 = DIRECTION('',(0.,-0.,1.));
#1309 = PCURVE('',#128,#1310);
#1310 = DEFINITIONAL_REPRESENTATION('',(#1311),#1315);
#1311 = CIRCLE('',#1312,1.4);
#1312 = AXIS2_PLACEMENT_2D('',#1313,#1314);
#1313 = CARTESIAN_POINT('',(145.,6.));
#1314 = DIRECTION('',(1.,0.));
#1315 = ( GEOMETRIC_REPRESENTATION_CONTEXT(2) 
PARAMETRIC_REPRESENTATION_CONTEXT() REPRESENTATION_CONTEXT('2D SPACE',''
  ) );
#1316 = PCURVE('',#808,#1317);
#1317 = DEFINITIONAL_REPRESENTATION('',(#1318),#1322);
#1318 = LINE('',#1319,#1320);
#1319 = CARTESIAN_POINT('',(0.,1.));
#1320 = VECTOR('',#1321,1.);
#1321 = DIRECTION('',(1.,0.));
#1322 = ( GEOMETRIC_REPRESENTATION_CONTEXT(2) 
PARAMETRIC_REPRESENTATION_CONTEXT() REPRESENTATION_CONTEXT('2D SPACE',''
  ) );
#1323 = FACE_BOUND('',#1324,.F.);
#1324 = EDGE_LOOP('',(#1325));
#1325 = ORIENTED_EDGE('',*,*,#1326,.F.);
#1326 = EDGE_CURVE('',#1327,#1327,#1329,.T.);
#1327 = VERTEX_POINT('',#1328);
#1328 = CARTESIAN_POINT('',(87.,4.,11.4));
#1329 = SURFACE_CURVE('',#1330,(#1335,#1342),.PCURVE_S1.);
#1330 = CIRCLE('',#1331,1.4);
#1331 = AXIS2_PLACEMENT_3D('',#1332,#1333,#1334);
#1332 = CARTESIAN_POINT('',(87.,4.,10.));
#1333 = DIRECTION('',(0.,1.,0.));
#1334 = DIRECTION('',(0.,-0.,1.));
#1335 = PCURVE('',#128,#1336);
#1336 = DEFINITIONAL_REPRESENTATION('',(#1337),#1341);
#1337 = CIRCLE('',#1338,1.4);
#1338 = AXIS2_PLACEMENT_2D('',#1339,#1340);
#1339 = CARTESIAN_POINT('',(7.,84.));
#1340 = DIRECTION('',(1.,0.));
#1341 = ( GEOMETRIC_REPRESENTATION_CONTEXT(2) 
PARAMETRIC_REPRESENTATION_CONTEXT() REPRESENTATION_CONTEXT('2D SPACE',''
  ) );
#1342 = PCURVE('',#1343,#1348);
#1343 = CYLINDRICAL_SURFACE('',#1344,1.4);
#1344 = AXIS2_PLACEMENT_3D('',#1345,#1346,#1347);
#1345 = CARTESIAN_POINT('',(87.,3.,10.));
#1346 = DIRECTION('',(0.,1.,0.));
#1347 = DIRECTION('',(0.,-0.,1.));
#1348 = DEFINITIONAL_REPRESENTATION('',(#1349),#1353);
#1349 = LINE('',#1350,#1351);
#1350 = CARTESIAN_POINT('',(0.,1.));
#1351 = VECTOR('',#1352,1.);
#1352 = DIRECTION('',(1.,0.));
#1353 = ( GEOMETRIC_REPRESENTATION_CONTEXT(2) 
PARAMETRIC_REPRESENTATION_CONTEXT() REPRESENTATION_CONTEXT('2D SPACE',''
  ) );
#1354 = FACE_BOUND('',#1355,.F.);
#1355 = EDGE_LOOP('',(#1356,#1386,#1414,#1442,#1470,#1499,#1527,#1555,
    #1578,#1604,#1605,#1606,#1629,#1657,#1686,#1709));
#1356 = ORIENTED_EDGE('',*,*,#1357,.F.);
#1357 = EDGE_CURVE('',#1358,#1360,#1362,.T.);
#1358 = VERTEX_POINT('',#1359);
#1359 = CARTESIAN_POINT('',(82.,4.,15.));
#1360 = VERTEX_POINT('',#1361);
#1361 = CARTESIAN_POINT('',(82.,4.,8.));
#1362 = SURFACE_CURVE('',#1363,(#1367,#1374),.PCURVE_S1.);
#1363 = LINE('',#1364,#1365);
#1364 = CARTESIAN_POINT('',(82.,4.,15.));
#1365 = VECTOR('',#1366,1.);
#1366 = DIRECTION('',(0.,0.,-1.));
#1367 = PCURVE('',#128,#1368);
#1368 = DEFINITIONAL_REPRESENTATION('',(#1369),#1373);
#1369 = LINE('',#1370,#1371);
#1370 = CARTESIAN_POINT('',(12.,79.));
#1371 = VECTOR('',#1372,1.);
#1372 = DIRECTION('',(-1.,0.));
#1373 = ( GEOMETRIC_REPRESENTATION_CONTEXT(2) 
PARAMETRIC_REPRESENTATION_CONTEXT() REPRESENTATION_CONTEXT('2D SPACE',''
  ) );
#1374 = PCURVE('',#1375,#1380);
#1375 = PLANE('',#1376);
#1376 = AXIS2_PLACEMENT_3D('',#1377,#1378,#1379);
#1377 = CARTESIAN_POINT('',(82.,4.,6.));
#1378 = DIRECTION('',(1.,0.,-0.));
#1379 = DIRECTION('',(0.,0.,1.));
#1380 = DEFINITIONAL_REPRESENTATION('',(#1381),#1385);
#1381 = LINE('',#1382,#1383);
#1382 = CARTESIAN_POINT('',(9.,0.));
#1383 = VECTOR('',#1384,1.);
#1384 = DIRECTION('',(-1.,0.));
#1385 = ( GEOMETRIC_REPRESENTATION_CONTEXT(2) 
PARAMETRIC_REPRESENTATION_CONTEXT() REPRESENTATION_CONTEXT('2D SPACE',''
  ) );
#1386 = ORIENTED_EDGE('',*,*,#1387,.F.);
#1387 = EDGE_CURVE('',#1388,#1358,#1390,.T.);
#1388 = VERTEX_POINT('',#1389);
#1389 = CARTESIAN_POINT('',(90.,4.,15.));
#1390 = SURFACE_CURVE('',#1391,(#1395,#1402),.PCURVE_S1.);
#1391 = LINE('',#1392,#1393);
#1392 = CARTESIAN_POINT('',(90.,4.,15.));
#1393 = VECTOR('',#1394,1.);
#1394 = DIRECTION('',(-1.,0.,0.));
#1395 = PCURVE('',#128,#1396);
#1396 = DEFINITIONAL_REPRESENTATION('',(#1397),#1401);
#1397 = LINE('',#1398,#1399);
#1398 = CARTESIAN_POINT('',(12.,87.));
#1399 = VECTOR('',#1400,1.);
#1400 = DIRECTION('',(0.,-1.));
#1401 = ( GEOMETRIC_REPRESENTATION_CONTEXT(2) 
PARAMETRIC_REPRESENTATION_CONTEXT() REPRESENTATION_CONTEXT('2D SPACE',''
  ) );
#1402 = PCURVE('',#1403,#1408);
#1403 = PLANE('',#1404);
#1404 = AXIS2_PLACEMENT_3D('',#1405,#1406,#1407);
#1405 = CARTESIAN_POINT('',(82.,4.,15.));
#1406 = DIRECTION('',(0.,0.,1.));
#1407 = DIRECTION('',(1.,0.,-0.));
#1408 = DEFINITIONAL_REPRESENTATION('',(#1409),#1413);
#1409 = LINE('',#1410,#1411);
#1410 = CARTESIAN_POINT('',(8.,0.));
#1411 = VECTOR('',#1412,1.);
#1412 = DIRECTION('',(-1.,0.));
#1413 = ( GEOMETRIC_REPRESENTATION_CONTEXT(2) 
PARAMETRIC_REPRESENTATION_CONTEXT() REPRESENTATION_CONTEXT('2D SPACE',''
  ) );
#1414 = ORIENTED_EDGE('',*,*,#1415,.T.);
#1415 = EDGE_CURVE('',#1388,#1416,#1418,.T.);
#1416 = VERTEX_POINT('',#1417);
#1417 = CARTESIAN_POINT('',(90.,4.,135.));
#1418 = SURFACE_CURVE('',#1419,(#1423,#1430),.PCURVE_S1.);
#1419 = LINE('',#1420,#1421);
#1420 = CARTESIAN_POINT('',(90.,4.,4.5));
#1421 = VECTOR('',#1422,1.);
#1422 = DIRECTION('',(0.,0.,1.));
#1423 = PCURVE('',#128,#1424);
#1424 = DEFINITIONAL_REPRESENTATION('',(#1425),#1429);
#1425 = LINE('',#1426,#1427);
#1426 = CARTESIAN_POINT('',(1.5,87.));
#1427 = VECTOR('',#1428,1.);
#1428 = DIRECTION('',(1.,0.));
#1429 = ( GEOMETRIC_REPRESENTATION_CONTEXT(2) 
PARAMETRIC_REPRESENTATION_CONTEXT() REPRESENTATION_CONTEXT('2D SPACE',''
  ) );
#1430 = PCURVE('',#1431,#1436);
#1431 = PLANE('',#1432);
#1432 = AXIS2_PLACEMENT_3D('',#1433,#1434,#1435);
#1433 = CARTESIAN_POINT('',(90.,8.,6.));
#1434 = DIRECTION('',(1.,0.,-0.));
#1435 = DIRECTION('',(0.,0.,1.));
#1436 = DEFINITIONAL_REPRESENTATION('',(#1437),#1441);
#1437 = LINE('',#1438,#1439);
#1438 = CARTESIAN_POINT('',(-1.5,4.));
#1439 = VECTOR('',#1440,1.);
#1440 = DIRECTION('',(1.,0.));
#1441 = ( GEOMETRIC_REPRESENTATION_CONTEXT(2) 
PARAMETRIC_REPRESENTATION_CONTEXT() REPRESENTATION_CONTEXT('2D SPACE',''
  ) );
#1442 = ORIENTED_EDGE('',*,*,#1443,.T.);
#1443 = EDGE_CURVE('',#1416,#1444,#1446,.T.);
#1444 = VERTEX_POINT('',#1445);
#1445 = CARTESIAN_POINT('',(82.175735931288,4.,142.82426406871));
#1446 = SURFACE_CURVE('',#1447,(#1451,#1458),.PCURVE_S1.);
#1447 = LINE('',#1448,#1449);
#1448 = CARTESIAN_POINT('',(92.,4.,133.));
#1449 = VECTOR('',#1450,1.);
#1450 = DIRECTION('',(-0.707106781187,0.,0.707106781187));
#1451 = PCURVE('',#128,#1452);
#1452 = DEFINITIONAL_REPRESENTATION('',(#1453),#1457);
#1453 = LINE('',#1454,#1455);
#1454 = CARTESIAN_POINT('',(130.,89.));
#1455 = VECTOR('',#1456,1.);
#1456 = DIRECTION('',(0.707106781187,-0.707106781187));
#1457 = ( GEOMETRIC_REPRESENTATION_CONTEXT(2) 
PARAMETRIC_REPRESENTATION_CONTEXT() REPRESENTATION_CONTEXT('2D SPACE',''
  ) );
#1458 = PCURVE('',#1459,#1464);
#1459 = PLANE('',#1460);
#1460 = AXIS2_PLACEMENT_3D('',#1461,#1462,#1463);
#1461 = CARTESIAN_POINT('',(92.,13.,133.));
#1462 = DIRECTION('',(-0.707106781187,-0.,-0.707106781187));
#1463 = DIRECTION('',(-0.707106781187,0.,0.707106781187));
#1464 = DEFINITIONAL_REPRESENTATION('',(#1465),#1469);
#1465 = LINE('',#1466,#1467);
#1466 = CARTESIAN_POINT('',(0.,-9.));
#1467 = VECTOR('',#1468,1.);
#1468 = DIRECTION('',(1.,0.));
#1469 = ( GEOMETRIC_REPRESENTATION_CONTEXT(2) 
PARAMETRIC_REPRESENTATION_CONTEXT() REPRESENTATION_CONTEXT('2D SPACE',''
  ) );
#1470 = ORIENTED_EDGE('',*,*,#1471,.T.);
#1471 = EDGE_CURVE('',#1444,#1472,#1474,.T.);
#1472 = VERTEX_POINT('',#1473);
#1473 = CARTESIAN_POINT('',(82.,4.,143.24852813742));
#1474 = SURFACE_CURVE('',#1475,(#1480,#1487),.PCURVE_S1.);
#1475 = CIRCLE('',#1476,0.6);
#1476 = AXIS2_PLACEMENT_3D('',#1477,#1478,#1479);
#1477 = CARTESIAN_POINT('',(82.6,4.,143.24852813742));
#1478 = DIRECTION('',(0.,1.,0.));
#1479 = DIRECTION('',(0.,0.,-1.));
#1480 = PCURVE('',#128,#1481);
#1481 = DEFINITIONAL_REPRESENTATION('',(#1482),#1486);
#1482 = CIRCLE('',#1483,0.6);
#1483 = AXIS2_PLACEMENT_2D('',#1484,#1485);
#1484 = CARTESIAN_POINT('',(140.24852813742,79.6));
#1485 = DIRECTION('',(-1.,0.));
#1486 = ( GEOMETRIC_REPRESENTATION_CONTEXT(2) 
PARAMETRIC_REPRESENTATION_CONTEXT() REPRESENTATION_CONTEXT('2D SPACE',''
  ) );
#1487 = PCURVE('',#1488,#1493);
#1488 = CYLINDRICAL_SURFACE('',#1489,0.6);
#1489 = AXIS2_PLACEMENT_3D('',#1490,#1491,#1492);
#1490 = CARTESIAN_POINT('',(82.6,13.,143.24852813742));
#1491 = DIRECTION('',(0.,-1.,0.));
#1492 = DIRECTION('',(-0.707106781187,-0.,-0.707106781187));
#1493 = DEFINITIONAL_REPRESENTATION('',(#1494),#1498);
#1494 = LINE('',#1495,#1496);
#1495 = CARTESIAN_POINT('',(7.068583470577,9.));
#1496 = VECTOR('',#1497,1.);
#1497 = DIRECTION('',(-1.,0.));
#1498 = ( GEOMETRIC_REPRESENTATION_CONTEXT(2) 
PARAMETRIC_REPRESENTATION_CONTEXT() REPRESENTATION_CONTEXT('2D SPACE',''
  ) );
#1499 = ORIENTED_EDGE('',*,*,#1500,.F.);
#1500 = EDGE_CURVE('',#1501,#1472,#1503,.T.);
#1501 = VERTEX_POINT('',#1502);
#1502 = CARTESIAN_POINT('',(82.,4.,154.));
#1503 = SURFACE_CURVE('',#1504,(#1508,#1515),.PCURVE_S1.);
#1504 = LINE('',#1505,#1506);
#1505 = CARTESIAN_POINT('',(82.,4.,154.));
#1506 = VECTOR('',#1507,1.);
#1507 = DIRECTION('',(0.,0.,-1.));
#1508 = PCURVE('',#128,#1509);
#1509 = DEFINITIONAL_REPRESENTATION('',(#1510),#1514);
#1510 = LINE('',#1511,#1512);
#1511 = CARTESIAN_POINT('',(151.,79.));
#1512 = VECTOR('',#1513,1.);
#1513 = DIRECTION('',(-1.,0.));
#1514 = ( GEOMETRIC_REPRESENTATION_CONTEXT(2) 
PARAMETRIC_REPRESENTATION_CONTEXT() REPRESENTATION_CONTEXT('2D SPACE',''
  ) );
#1515 = PCURVE('',#1516,#1521);
#1516 = PLANE('',#1517);
#1517 = AXIS2_PLACEMENT_3D('',#1518,#1519,#1520);
#1518 = CARTESIAN_POINT('',(82.,13.,143.));
#1519 = DIRECTION('',(-1.,0.,0.));
#1520 = DIRECTION('',(0.,0.,1.));
#1521 = DEFINITIONAL_REPRESENTATION('',(#1522),#1526);
#1522 = LINE('',#1523,#1524);
#1523 = CARTESIAN_POINT('',(11.,-9.));
#1524 = VECTOR('',#1525,1.);
#1525 = DIRECTION('',(-1.,0.));
#1526 = ( GEOMETRIC_REPRESENTATION_CONTEXT(2) 
PARAMETRIC_REPRESENTATION_CONTEXT() REPRESENTATION_CONTEXT('2D SPACE',''
  ) );
#1527 = ORIENTED_EDGE('',*,*,#1528,.T.);
#1528 = EDGE_CURVE('',#1501,#1529,#1531,.T.);
#1529 = VERTEX_POINT('',#1530);
#1530 = CARTESIAN_POINT('',(14.,4.,154.));
#1531 = SURFACE_CURVE('',#1532,(#1536,#1543),.PCURVE_S1.);
#1532 = LINE('',#1533,#1534);
#1533 = CARTESIAN_POINT('',(4.5,4.,154.));
#1534 = VECTOR('',#1535,1.);
#1535 = DIRECTION('',(-1.,-0.,0.));
#1536 = PCURVE('',#128,#1537);
#1537 = DEFINITIONAL_REPRESENTATION('',(#1538),#1542);
#1538 = LINE('',#1539,#1540);
#1539 = CARTESIAN_POINT('',(151.,1.5));
#1540 = VECTOR('',#1541,1.);
#1541 = DIRECTION('',(0.,-1.));
#1542 = ( GEOMETRIC_REPRESENTATION_CONTEXT(2) 
PARAMETRIC_REPRESENTATION_CONTEXT() REPRESENTATION_CONTEXT('2D SPACE',''
  ) );
#1543 = PCURVE('',#1544,#1549);
#1544 = PLANE('',#1545);
#1545 = AXIS2_PLACEMENT_3D('',#1546,#1547,#1548);
#1546 = CARTESIAN_POINT('',(6.,-1.,154.));
#1547 = DIRECTION('',(0.,0.,1.));
#1548 = DIRECTION('',(1.,0.,-0.));
#1549 = DEFINITIONAL_REPRESENTATION('',(#1550),#1554);
#1550 = LINE('',#1551,#1552);
#1551 = CARTESIAN_POINT('',(-1.5,5.));
#1552 = VECTOR('',#1553,1.);
#1553 = DIRECTION('',(-1.,0.));
#1554 = ( GEOMETRIC_REPRESENTATION_CONTEXT(2) 
PARAMETRIC_REPRESENTATION_CONTEXT() REPRESENTATION_CONTEXT('2D SPACE',''
  ) );
#1555 = ORIENTED_EDGE('',*,*,#1556,.F.);
#1556 = EDGE_CURVE('',#1557,#1529,#1559,.T.);
#1557 = VERTEX_POINT('',#1558);
#1558 = CARTESIAN_POINT('',(14.,4.,143.24852813742));
#1559 = SURFACE_CURVE('',#1560,(#1564,#1571),.PCURVE_S1.);
#1560 = LINE('',#1561,#1562);
#1561 = CARTESIAN_POINT('',(14.,4.,143.24852813742));
#1562 = VECTOR('',#1563,1.);
#1563 = DIRECTION('',(-1.652198752046E-16,0.,1.));
#1564 = PCURVE('',#128,#1565);
#1565 = DEFINITIONAL_REPRESENTATION('',(#1566),#1570);
#1566 = LINE('',#1567,#1568);
#1567 = CARTESIAN_POINT('',(140.24852813742,11.));
#1568 = VECTOR('',#1569,1.);
#1569 = DIRECTION('',(1.,-1.652198752046E-16));
#1570 = ( GEOMETRIC_REPRESENTATION_CONTEXT(2) 
PARAMETRIC_REPRESENTATION_CONTEXT() REPRESENTATION_CONTEXT('2D SPACE',''
  ) );
#1571 = PCURVE('',#723,#1572);
#1572 = DEFINITIONAL_REPRESENTATION('',(#1573),#1577);
#1573 = LINE('',#1574,#1575);
#1574 = CARTESIAN_POINT('',(0.24852813742,-9.));
#1575 = VECTOR('',#1576,1.);
#1576 = DIRECTION('',(1.,0.));
#1577 = ( GEOMETRIC_REPRESENTATION_CONTEXT(2) 
PARAMETRIC_REPRESENTATION_CONTEXT() REPRESENTATION_CONTEXT('2D SPACE',''
  ) );
#1578 = ORIENTED_EDGE('',*,*,#1579,.F.);
#1579 = EDGE_CURVE('',#909,#1557,#1580,.T.);
#1580 = SURFACE_CURVE('',#1581,(#1586,#1597),.PCURVE_S1.);
#1581 = CIRCLE('',#1582,0.6);
#1582 = AXIS2_PLACEMENT_3D('',#1583,#1584,#1585);
#1583 = CARTESIAN_POINT('',(13.4,4.,143.24852813742));
#1584 = DIRECTION('',(0.,-1.,0.));
#1585 = DIRECTION('',(0.,-0.,-1.));
#1586 = PCURVE('',#128,#1587);
#1587 = DEFINITIONAL_REPRESENTATION('',(#1588),#1596);
#1588 = ( BOUNDED_CURVE() B_SPLINE_CURVE(2,(#1589,#1590,#1591,#1592,
#1593,#1594,#1595),.UNSPECIFIED.,.T.,.F.) B_SPLINE_CURVE_WITH_KNOTS((1,2
    ,2,2,2,1),(-2.094395102393,0.,2.094395102393,4.188790204786,
6.28318530718,8.377580409573),.UNSPECIFIED.) CURVE() 
GEOMETRIC_REPRESENTATION_ITEM() RATIONAL_B_SPLINE_CURVE((1.,0.5,1.,0.5,
1.,0.5,1.)) REPRESENTATION_ITEM('') );
#1589 = CARTESIAN_POINT('',(139.64852813742,10.4));
#1590 = CARTESIAN_POINT('',(139.64852813742,11.439230484541));
#1591 = CARTESIAN_POINT('',(140.54852813742,10.919615242271));
#1592 = CARTESIAN_POINT('',(141.44852813742,10.4));
#1593 = CARTESIAN_POINT('',(140.54852813742,9.880384757729));
#1594 = CARTESIAN_POINT('',(139.64852813742,9.360769515459));
#1595 = CARTESIAN_POINT('',(139.64852813742,10.4));
#1596 = ( GEOMETRIC_REPRESENTATION_CONTEXT(2) 
PARAMETRIC_REPRESENTATION_CONTEXT() REPRESENTATION_CONTEXT('2D SPACE',''
  ) );
#1597 = PCURVE('',#695,#1598);
#1598 = DEFINITIONAL_REPRESENTATION('',(#1599),#1603);
#1599 = LINE('',#1600,#1601);
#1600 = CARTESIAN_POINT('',(-0.785398163397,9.));
#1601 = VECTOR('',#1602,1.);
#1602 = DIRECTION('',(1.,0.));
#1603 = ( GEOMETRIC_REPRESENTATION_CONTEXT(2) 
PARAMETRIC_REPRESENTATION_CONTEXT() REPRESENTATION_CONTEXT('2D SPACE',''
  ) );
#1604 = ORIENTED_EDGE('',*,*,#908,.F.);
#1605 = ORIENTED_EDGE('',*,*,#112,.F.);
#1606 = ORIENTED_EDGE('',*,*,#1607,.F.);
#1607 = EDGE_CURVE('',#1608,#113,#1610,.T.);
#1608 = VERTEX_POINT('',#1609);
#1609 = CARTESIAN_POINT('',(14.,4.,15.));
#1610 = SURFACE_CURVE('',#1611,(#1615,#1622),.PCURVE_S1.);
#1611 = LINE('',#1612,#1613);
#1612 = CARTESIAN_POINT('',(14.,4.,15.));
#1613 = VECTOR('',#1614,1.);
#1614 = DIRECTION('',(-1.,0.,0.));
#1615 = PCURVE('',#128,#1616);
#1616 = DEFINITIONAL_REPRESENTATION('',(#1617),#1621);
#1617 = LINE('',#1618,#1619);
#1618 = CARTESIAN_POINT('',(12.,11.));
#1619 = VECTOR('',#1620,1.);
#1620 = DIRECTION('',(0.,-1.));
#1621 = ( GEOMETRIC_REPRESENTATION_CONTEXT(2) 
PARAMETRIC_REPRESENTATION_CONTEXT() REPRESENTATION_CONTEXT('2D SPACE',''
  ) );
#1622 = PCURVE('',#156,#1623);
#1623 = DEFINITIONAL_REPRESENTATION('',(#1624),#1628);
#1624 = LINE('',#1625,#1626);
#1625 = CARTESIAN_POINT('',(10.,0.));
#1626 = VECTOR('',#1627,1.);
#1627 = DIRECTION('',(-1.,0.));
#1628 = ( GEOMETRIC_REPRESENTATION_CONTEXT(2) 
PARAMETRIC_REPRESENTATION_CONTEXT() REPRESENTATION_CONTEXT('2D SPACE',''
  ) );
#1629 = ORIENTED_EDGE('',*,*,#1630,.F.);
#1630 = EDGE_CURVE('',#1631,#1608,#1633,.T.);
#1631 = VERTEX_POINT('',#1632);
#1632 = CARTESIAN_POINT('',(14.,4.,8.));
#1633 = SURFACE_CURVE('',#1634,(#1638,#1645),.PCURVE_S1.);
#1634 = LINE('',#1635,#1636);
#1635 = CARTESIAN_POINT('',(14.,4.,8.));
#1636 = VECTOR('',#1637,1.);
#1637 = DIRECTION('',(0.,0.,1.));
#1638 = PCURVE('',#128,#1639);
#1639 = DEFINITIONAL_REPRESENTATION('',(#1640),#1644);
#1640 = LINE('',#1641,#1642);
#1641 = CARTESIAN_POINT('',(5.,11.));
#1642 = VECTOR('',#1643,1.);
#1643 = DIRECTION('',(1.,0.));
#1644 = ( GEOMETRIC_REPRESENTATION_CONTEXT(2) 
PARAMETRIC_REPRESENTATION_CONTEXT() REPRESENTATION_CONTEXT('2D SPACE',''
  ) );
#1645 = PCURVE('',#1646,#1651);
#1646 = PLANE('',#1647);
#1647 = AXIS2_PLACEMENT_3D('',#1648,#1649,#1650);
#1648 = CARTESIAN_POINT('',(14.,4.,6.));
#1649 = DIRECTION('',(1.,0.,-0.));
#1650 = DIRECTION('',(0.,0.,1.));
#1651 = DEFINITIONAL_REPRESENTATION('',(#1652),#1656);
#1652 = LINE('',#1653,#1654);
#1653 = CARTESIAN_POINT('',(2.,0.));
#1654 = VECTOR('',#1655,1.);
#1655 = DIRECTION('',(1.,0.));
#1656 = ( GEOMETRIC_REPRESENTATION_CONTEXT(2) 
PARAMETRIC_REPRESENTATION_CONTEXT() REPRESENTATION_CONTEXT('2D SPACE',''
  ) );
#1657 = ORIENTED_EDGE('',*,*,#1658,.F.);
#1658 = EDGE_CURVE('',#1659,#1631,#1661,.T.);
#1659 = VERTEX_POINT('',#1660);
#1660 = CARTESIAN_POINT('',(16.,4.,6.));
#1661 = SURFACE_CURVE('',#1662,(#1667,#1674),.PCURVE_S1.);
#1662 = CIRCLE('',#1663,2.);
#1663 = AXIS2_PLACEMENT_3D('',#1664,#1665,#1666);
#1664 = CARTESIAN_POINT('',(16.,4.,8.));
#1665 = DIRECTION('',(0.,1.,0.));
#1666 = DIRECTION('',(0.,-0.,1.));
#1667 = PCURVE('',#128,#1668);
#1668 = DEFINITIONAL_REPRESENTATION('',(#1669),#1673);
#1669 = CIRCLE('',#1670,2.);
#1670 = AXIS2_PLACEMENT_2D('',#1671,#1672);
#1671 = CARTESIAN_POINT('',(5.,13.));
#1672 = DIRECTION('',(1.,0.));
#1673 = ( GEOMETRIC_REPRESENTATION_CONTEXT(2) 
PARAMETRIC_REPRESENTATION_CONTEXT() REPRESENTATION_CONTEXT('2D SPACE',''
  ) );
#1674 = PCURVE('',#1675,#1680);
#1675 = CYLINDRICAL_SURFACE('',#1676,2.);
#1676 = AXIS2_PLACEMENT_3D('',#1677,#1678,#1679);
#1677 = CARTESIAN_POINT('',(16.,3.,8.));
#1678 = DIRECTION('',(0.,1.,0.));
#1679 = DIRECTION('',(0.,-0.,1.));
#1680 = DEFINITIONAL_REPRESENTATION('',(#1681),#1685);
#1681 = LINE('',#1682,#1683);
#1682 = CARTESIAN_POINT('',(0.,1.));
#1683 = VECTOR('',#1684,1.);
#1684 = DIRECTION('',(1.,0.));
#1685 = ( GEOMETRIC_REPRESENTATION_CONTEXT(2) 
PARAMETRIC_REPRESENTATION_CONTEXT() REPRESENTATION_CONTEXT('2D SPACE',''
  ) );
#1686 = ORIENTED_EDGE('',*,*,#1687,.F.);
#1687 = EDGE_CURVE('',#1688,#1659,#1690,.T.);
#1688 = VERTEX_POINT('',#1689);
#1689 = CARTESIAN_POINT('',(80.,4.,6.));
#1690 = SURFACE_CURVE('',#1691,(#1695,#1702),.PCURVE_S1.);
#1691 = LINE('',#1692,#1693);
#1692 = CARTESIAN_POINT('',(4.5,4.,6.));
#1693 = VECTOR('',#1694,1.);
#1694 = DIRECTION('',(-1.,-0.,0.));
#1695 = PCURVE('',#128,#1696);
#1696 = DEFINITIONAL_REPRESENTATION('',(#1697),#1701);
#1697 = LINE('',#1698,#1699);
#1698 = CARTESIAN_POINT('',(3.,1.5));
#1699 = VECTOR('',#1700,1.);
#1700 = DIRECTION('',(0.,-1.));
#1701 = ( GEOMETRIC_REPRESENTATION_CONTEXT(2) 
PARAMETRIC_REPRESENTATION_CONTEXT() REPRESENTATION_CONTEXT('2D SPACE',''
  ) );
#1702 = PCURVE('',#993,#1703);
#1703 = DEFINITIONAL_REPRESENTATION('',(#1704),#1708);
#1704 = LINE('',#1705,#1706);
#1705 = CARTESIAN_POINT('',(-1.5,-4.));
#1706 = VECTOR('',#1707,1.);
#1707 = DIRECTION('',(-1.,0.));
#1708 = ( GEOMETRIC_REPRESENTATION_CONTEXT(2) 
PARAMETRIC_REPRESENTATION_CONTEXT() REPRESENTATION_CONTEXT('2D SPACE',''
  ) );
#1709 = ORIENTED_EDGE('',*,*,#1710,.T.);
#1710 = EDGE_CURVE('',#1688,#1360,#1711,.T.);
#1711 = SURFACE_CURVE('',#1712,(#1717,#1728),.PCURVE_S1.);
#1712 = CIRCLE('',#1713,2.);
#1713 = AXIS2_PLACEMENT_3D('',#1714,#1715,#1716);
#1714 = CARTESIAN_POINT('',(80.,4.,8.));
#1715 = DIRECTION('',(0.,-1.,0.));
#1716 = DIRECTION('',(-0.,0.,1.));
#1717 = PCURVE('',#128,#1718);
#1718 = DEFINITIONAL_REPRESENTATION('',(#1719),#1727);
#1719 = ( BOUNDED_CURVE() B_SPLINE_CURVE(2,(#1720,#1721,#1722,#1723,
#1724,#1725,#1726),.UNSPECIFIED.,.T.,.F.) B_SPLINE_CURVE_WITH_KNOTS((1,2
    ,2,2,2,1),(-2.094395102393,0.,2.094395102393,4.188790204786,
6.28318530718,8.377580409573),.UNSPECIFIED.) CURVE() 
GEOMETRIC_REPRESENTATION_ITEM() RATIONAL_B_SPLINE_CURVE((1.,0.5,1.,0.5,
1.,0.5,1.)) REPRESENTATION_ITEM('') );
#1720 = CARTESIAN_POINT('',(7.,77.));
#1721 = CARTESIAN_POINT('',(7.,73.535898384862));
#1722 = CARTESIAN_POINT('',(4.,75.267949192431));
#1723 = CARTESIAN_POINT('',(1.,77.));
#1724 = CARTESIAN_POINT('',(4.,78.732050807569));
#1725 = CARTESIAN_POINT('',(7.,80.464101615138));
#1726 = CARTESIAN_POINT('',(7.,77.));
#1727 = ( GEOMETRIC_REPRESENTATION_CONTEXT(2) 
PARAMETRIC_REPRESENTATION_CONTEXT() REPRESENTATION_CONTEXT('2D SPACE',''
  ) );
#1728 = PCURVE('',#1729,#1734);
#1729 = CYLINDRICAL_SURFACE('',#1730,2.);
#1730 = AXIS2_PLACEMENT_3D('',#1731,#1732,#1733);
#1731 = CARTESIAN_POINT('',(80.,3.,8.));
#1732 = DIRECTION('',(-0.,1.,-0.));
#1733 = DIRECTION('',(0.,0.,1.));
#1734 = DEFINITIONAL_REPRESENTATION('',(#1735),#1739);
#1735 = LINE('',#1736,#1737);
#1736 = CARTESIAN_POINT('',(6.28318530718,1.));
#1737 = VECTOR('',#1738,1.);
#1738 = DIRECTION('',(-1.,0.));
#1739 = ( GEOMETRIC_REPRESENTATION_CONTEXT(2) 
PARAMETRIC_REPRESENTATION_CONTEXT() REPRESENTATION_CONTEXT('2D SPACE',''
  ) );
#1740 = FACE_BOUND('',#1741,.F.);
#1741 = EDGE_LOOP('',(#1742));
#1742 = ORIENTED_EDGE('',*,*,#1743,.F.);
#1743 = EDGE_CURVE('',#1744,#1744,#1746,.T.);
#1744 = VERTEX_POINT('',#1745);
#1745 = CARTESIAN_POINT('',(87.,4.,149.4));
#1746 = SURFACE_CURVE('',#1747,(#1752,#1759),.PCURVE_S1.);
#1747 = CIRCLE('',#1748,1.4);
#1748 = AXIS2_PLACEMENT_3D('',#1749,#1750,#1751);
#1749 = CARTESIAN_POINT('',(87.,4.,148.));
#1750 = DIRECTION('',(0.,1.,0.));
#1751 = DIRECTION('',(0.,-0.,1.));
#1752 = PCURVE('',#128,#1753);
#1753 = DEFINITIONAL_REPRESENTATION('',(#1754),#1758);
#1754 = CIRCLE('',#1755,1.4);
#1755 = AXIS2_PLACEMENT_2D('',#1756,#1757);
#1756 = CARTESIAN_POINT('',(145.,84.));
#1757 = DIRECTION('',(1.,0.));
#1758 = ( GEOMETRIC_REPRESENTATION_CONTEXT(2) 
PARAMETRIC_REPRESENTATION_CONTEXT() REPRESENTATION_CONTEXT('2D SPACE',''
  ) );
#1759 = PCURVE('',#1760,#1765);
#1760 = CYLINDRICAL_SURFACE('',#1761,1.4);
#1761 = AXIS2_PLACEMENT_3D('',#1762,#1763,#1764);
#1762 = CARTESIAN_POINT('',(87.,3.,148.));
#1763 = DIRECTION('',(0.,1.,0.));
#1764 = DIRECTION('',(0.,-0.,1.));
#1765 = DEFINITIONAL_REPRESENTATION('',(#1766),#1770);
#1766 = LINE('',#1767,#1768);
#1767 = CARTESIAN_POINT('',(0.,1.));
#1768 = VECTOR('',#1769,1.);
#1769 = DIRECTION('',(1.,0.));
#1770 = ( GEOMETRIC_REPRESENTATION_CONTEXT(2) 
PARAMETRIC_REPRESENTATION_CONTEXT() REPRESENTATION_CONTEXT('2D SPACE',''
  ) );
#1771 = ADVANCED_FACE('',(#1772,#1867),#184,.T.);
#1772 = FACE_BOUND('',#1773,.T.);
#1773 = EDGE_LOOP('',(#1774,#1797,#1798,#1799,#1822,#1845));
#1774 = ORIENTED_EDGE('',*,*,#1775,.F.);
#1775 = EDGE_CURVE('',#978,#1776,#1778,.T.);
#1776 = VERTEX_POINT('',#1777);
#1777 = CARTESIAN_POINT('',(16.,13.,6.));
#1778 = SURFACE_CURVE('',#1779,(#1783,#1790),.PCURVE_S1.);
#1779 = LINE('',#1780,#1781);
#1780 = CARTESIAN_POINT('',(7.,13.,6.));
#1781 = VECTOR('',#1782,1.);
#1782 = DIRECTION('',(1.,0.,0.));
#1783 = PCURVE('',#184,#1784);
#1784 = DEFINITIONAL_REPRESENTATION('',(#1785),#1789);
#1785 = LINE('',#1786,#1787);
#1786 = CARTESIAN_POINT('',(0.,3.));
#1787 = VECTOR('',#1788,1.);
#1788 = DIRECTION('',(0.,1.));
#1789 = ( GEOMETRIC_REPRESENTATION_CONTEXT(2) 
PARAMETRIC_REPRESENTATION_CONTEXT() REPRESENTATION_CONTEXT('2D SPACE',''
  ) );
#1790 = PCURVE('',#993,#1791);
#1791 = DEFINITIONAL_REPRESENTATION('',(#1792),#1796);
#1792 = LINE('',#1793,#1794);
#1793 = CARTESIAN_POINT('',(1.,5.));
#1794 = VECTOR('',#1795,1.);
#1795 = DIRECTION('',(1.,0.));
#1796 = ( GEOMETRIC_REPRESENTATION_CONTEXT(2) 
PARAMETRIC_REPRESENTATION_CONTEXT() REPRESENTATION_CONTEXT('2D SPACE',''
  ) );
#1797 = ORIENTED_EDGE('',*,*,#1005,.T.);
#1798 = ORIENTED_EDGE('',*,*,#168,.F.);
#1799 = ORIENTED_EDGE('',*,*,#1800,.F.);
#1800 = EDGE_CURVE('',#1801,#141,#1803,.T.);
#1801 = VERTEX_POINT('',#1802);
#1802 = CARTESIAN_POINT('',(14.,13.,15.));
#1803 = SURFACE_CURVE('',#1804,(#1808,#1815),.PCURVE_S1.);
#1804 = LINE('',#1805,#1806);
#1805 = CARTESIAN_POINT('',(14.,13.,15.));
#1806 = VECTOR('',#1807,1.);
#1807 = DIRECTION('',(-1.,0.,0.));
#1808 = PCURVE('',#184,#1809);
#1809 = DEFINITIONAL_REPRESENTATION('',(#1810),#1814);
#1810 = LINE('',#1811,#1812);
#1811 = CARTESIAN_POINT('',(9.,10.));
#1812 = VECTOR('',#1813,1.);
#1813 = DIRECTION('',(0.,-1.));
#1814 = ( GEOMETRIC_REPRESENTATION_CONTEXT(2) 
PARAMETRIC_REPRESENTATION_CONTEXT() REPRESENTATION_CONTEXT('2D SPACE',''
  ) );
#1815 = PCURVE('',#156,#1816);
#1816 = DEFINITIONAL_REPRESENTATION('',(#1817),#1821);
#1817 = LINE('',#1818,#1819);
#1818 = CARTESIAN_POINT('',(10.,9.));
#1819 = VECTOR('',#1820,1.);
#1820 = DIRECTION('',(-1.,0.));
#1821 = ( GEOMETRIC_REPRESENTATION_CONTEXT(2) 
PARAMETRIC_REPRESENTATION_CONTEXT() REPRESENTATION_CONTEXT('2D SPACE',''
  ) );
#1822 = ORIENTED_EDGE('',*,*,#1823,.F.);
#1823 = EDGE_CURVE('',#1824,#1801,#1826,.T.);
#1824 = VERTEX_POINT('',#1825);
#1825 = CARTESIAN_POINT('',(14.,13.,8.));
#1826 = SURFACE_CURVE('',#1827,(#1831,#1838),.PCURVE_S1.);
#1827 = LINE('',#1828,#1829);
#1828 = CARTESIAN_POINT('',(14.,13.,8.));
#1829 = VECTOR('',#1830,1.);
#1830 = DIRECTION('',(0.,0.,1.));
#1831 = PCURVE('',#184,#1832);
#1832 = DEFINITIONAL_REPRESENTATION('',(#1833),#1837);
#1833 = LINE('',#1834,#1835);
#1834 = CARTESIAN_POINT('',(2.,10.));
#1835 = VECTOR('',#1836,1.);
#1836 = DIRECTION('',(1.,0.));
#1837 = ( GEOMETRIC_REPRESENTATION_CONTEXT(2) 
PARAMETRIC_REPRESENTATION_CONTEXT() REPRESENTATION_CONTEXT('2D SPACE',''
  ) );
#1838 = PCURVE('',#1646,#1839);
#1839 = DEFINITIONAL_REPRESENTATION('',(#1840),#1844);
#1840 = LINE('',#1841,#1842);
#1841 = CARTESIAN_POINT('',(2.,-9.));
#1842 = VECTOR('',#1843,1.);
#1843 = DIRECTION('',(1.,0.));
#1844 = ( GEOMETRIC_REPRESENTATION_CONTEXT(2) 
PARAMETRIC_REPRESENTATION_CONTEXT() REPRESENTATION_CONTEXT('2D SPACE',''
  ) );
#1845 = ORIENTED_EDGE('',*,*,#1846,.F.);
#1846 = EDGE_CURVE('',#1776,#1824,#1847,.T.);
#1847 = SURFACE_CURVE('',#1848,(#1853,#1860),.PCURVE_S1.);
#1848 = CIRCLE('',#1849,2.);
#1849 = AXIS2_PLACEMENT_3D('',#1850,#1851,#1852);
#1850 = CARTESIAN_POINT('',(16.,13.,8.));
#1851 = DIRECTION('',(0.,1.,0.));
#1852 = DIRECTION('',(0.,-0.,1.));
#1853 = PCURVE('',#184,#1854);
#1854 = DEFINITIONAL_REPRESENTATION('',(#1855),#1859);
#1855 = CIRCLE('',#1856,2.);
#1856 = AXIS2_PLACEMENT_2D('',#1857,#1858);
#1857 = CARTESIAN_POINT('',(2.,12.));
#1858 = DIRECTION('',(1.,0.));
#1859 = ( GEOMETRIC_REPRESENTATION_CONTEXT(2) 
PARAMETRIC_REPRESENTATION_CONTEXT() REPRESENTATION_CONTEXT('2D SPACE',''
  ) );
#1860 = PCURVE('',#1675,#1861);
#1861 = DEFINITIONAL_REPRESENTATION('',(#1862),#1866);
#1862 = LINE('',#1863,#1864);
#1863 = CARTESIAN_POINT('',(0.,10.));
#1864 = VECTOR('',#1865,1.);
#1865 = DIRECTION('',(1.,0.));
#1866 = ( GEOMETRIC_REPRESENTATION_CONTEXT(2) 
PARAMETRIC_REPRESENTATION_CONTEXT() REPRESENTATION_CONTEXT('2D SPACE',''
  ) );
#1867 = FACE_BOUND('',#1868,.T.);
#1868 = EDGE_LOOP('',(#1869));
#1869 = ORIENTED_EDGE('',*,*,#1870,.F.);
#1870 = EDGE_CURVE('',#1871,#1871,#1873,.T.);
#1871 = VERTEX_POINT('',#1872);
#1872 = CARTESIAN_POINT('',(9.,13.,11.4));
#1873 = SURFACE_CURVE('',#1874,(#1879,#1886),.PCURVE_S1.);
#1874 = CIRCLE('',#1875,1.4);
#1875 = AXIS2_PLACEMENT_3D('',#1876,#1877,#1878);
#1876 = CARTESIAN_POINT('',(9.,13.,10.));
#1877 = DIRECTION('',(0.,1.,0.));
#1878 = DIRECTION('',(0.,-0.,1.));
#1879 = PCURVE('',#184,#1880);
#1880 = DEFINITIONAL_REPRESENTATION('',(#1881),#1885);
#1881 = CIRCLE('',#1882,1.4);
#1882 = AXIS2_PLACEMENT_2D('',#1883,#1884);
#1883 = CARTESIAN_POINT('',(4.,5.));
#1884 = DIRECTION('',(1.,0.));
#1885 = ( GEOMETRIC_REPRESENTATION_CONTEXT(2) 
PARAMETRIC_REPRESENTATION_CONTEXT() REPRESENTATION_CONTEXT('2D SPACE',''
  ) );
#1886 = PCURVE('',#1286,#1887);
#1887 = DEFINITIONAL_REPRESENTATION('',(#1888),#1892);
#1888 = LINE('',#1889,#1890);
#1889 = CARTESIAN_POINT('',(0.,10.));
#1890 = VECTOR('',#1891,1.);
#1891 = DIRECTION('',(1.,0.));
#1892 = ( GEOMETRIC_REPRESENTATION_CONTEXT(2) 
PARAMETRIC_REPRESENTATION_CONTEXT() REPRESENTATION_CONTEXT('2D SPACE',''
  ) );
#1893 = ADVANCED_FACE('',(#1894),#156,.T.);
#1894 = FACE_BOUND('',#1895,.T.);
#1895 = EDGE_LOOP('',(#1896,#1897,#1898,#1919));
#1896 = ORIENTED_EDGE('',*,*,#140,.T.);
#1897 = ORIENTED_EDGE('',*,*,#1607,.F.);
#1898 = ORIENTED_EDGE('',*,*,#1899,.T.);
#1899 = EDGE_CURVE('',#1608,#1801,#1900,.T.);
#1900 = SURFACE_CURVE('',#1901,(#1905,#1912),.PCURVE_S1.);
#1901 = LINE('',#1902,#1903);
#1902 = CARTESIAN_POINT('',(14.,4.,15.));
#1903 = VECTOR('',#1904,1.);
#1904 = DIRECTION('',(-0.,1.,0.));
#1905 = PCURVE('',#156,#1906);
#1906 = DEFINITIONAL_REPRESENTATION('',(#1907),#1911);
#1907 = LINE('',#1908,#1909);
#1908 = CARTESIAN_POINT('',(10.,0.));
#1909 = VECTOR('',#1910,1.);
#1910 = DIRECTION('',(0.,1.));
#1911 = ( GEOMETRIC_REPRESENTATION_CONTEXT(2) 
PARAMETRIC_REPRESENTATION_CONTEXT() REPRESENTATION_CONTEXT('2D SPACE',''
  ) );
#1912 = PCURVE('',#1646,#1913);
#1913 = DEFINITIONAL_REPRESENTATION('',(#1914),#1918);
#1914 = LINE('',#1915,#1916);
#1915 = CARTESIAN_POINT('',(9.,0.));
#1916 = VECTOR('',#1917,1.);
#1917 = DIRECTION('',(0.,-1.));
#1918 = ( GEOMETRIC_REPRESENTATION_CONTEXT(2) 
PARAMETRIC_REPRESENTATION_CONTEXT() REPRESENTATION_CONTEXT('2D SPACE',''
  ) );
#1919 = ORIENTED_EDGE('',*,*,#1800,.T.);
#1920 = ADVANCED_FACE('',(#1921),#269,.F.);
#1921 = FACE_BOUND('',#1922,.F.);
#1922 = EDGE_LOOP('',(#1923,#1924,#1947,#1974));
#1923 = ORIENTED_EDGE('',*,*,#252,.F.);
#1924 = ORIENTED_EDGE('',*,*,#1925,.F.);
#1925 = EDGE_CURVE('',#1926,#253,#1928,.T.);
#1926 = VERTEX_POINT('',#1927);
#1927 = CARTESIAN_POINT('',(0.,70.6,109.9));
#1928 = SEAM_CURVE('',#1929,(#1933,#1940),.PCURVE_S1.);
#1929 = LINE('',#1930,#1931);
#1930 = CARTESIAN_POINT('',(-1.,70.6,109.9));
#1931 = VECTOR('',#1932,1.);
#1932 = DIRECTION('',(1.,0.,0.));
#1933 = PCURVE('',#269,#1934);
#1934 = DEFINITIONAL_REPRESENTATION('',(#1935),#1939);
#1935 = LINE('',#1936,#1937);
#1936 = CARTESIAN_POINT('',(6.28318530718,-0.));
#1937 = VECTOR('',#1938,1.);
#1938 = DIRECTION('',(0.,1.));
#1939 = ( GEOMETRIC_REPRESENTATION_CONTEXT(2) 
PARAMETRIC_REPRESENTATION_CONTEXT() REPRESENTATION_CONTEXT('2D SPACE',''
  ) );
#1940 = PCURVE('',#269,#1941);
#1941 = DEFINITIONAL_REPRESENTATION('',(#1942),#1946);
#1942 = LINE('',#1943,#1944);
#1943 = CARTESIAN_POINT('',(0.,-0.));
#1944 = VECTOR('',#1945,1.);
#1945 = DIRECTION('',(0.,1.));
#1946 = ( GEOMETRIC_REPRESENTATION_CONTEXT(2) 
PARAMETRIC_REPRESENTATION_CONTEXT() REPRESENTATION_CONTEXT('2D SPACE',''
  ) );
#1947 = ORIENTED_EDGE('',*,*,#1948,.T.);
#1948 = EDGE_CURVE('',#1926,#1926,#1949,.T.);
#1949 = SURFACE_CURVE('',#1950,(#1955,#1962),.PCURVE_S1.);
#1950 = CIRCLE('',#1951,1.4);
#1951 = AXIS2_PLACEMENT_3D('',#1952,#1953,#1954);
#1952 = CARTESIAN_POINT('',(0.,70.6,108.5));
#1953 = DIRECTION('',(1.,0.,0.));
#1954 = DIRECTION('',(-0.,0.,1.));
#1955 = PCURVE('',#269,#1956);
#1956 = DEFINITIONAL_REPRESENTATION('',(#1957),#1961);
#1957 = LINE('',#1958,#1959);
#1958 = CARTESIAN_POINT('',(0.,1.));
#1959 = VECTOR('',#1960,1.);
#1960 = DIRECTION('',(1.,0.));
#1961 = ( GEOMETRIC_REPRESENTATION_CONTEXT(2) 
PARAMETRIC_REPRESENTATION_CONTEXT() REPRESENTATION_CONTEXT('2D SPACE',''
  ) );
#1962 = PCURVE('',#1963,#1968);
#1963 = PLANE('',#1964);
#1964 = AXIS2_PLACEMENT_3D('',#1965,#1966,#1967);
#1965 = CARTESIAN_POINT('',(0.,0.,0.));
#1966 = DIRECTION('',(1.,0.,-0.));
#1967 = DIRECTION('',(0.,0.,1.));
#1968 = DEFINITIONAL_REPRESENTATION('',(#1969),#1973);
#1969 = CIRCLE('',#1970,1.4);
#1970 = AXIS2_PLACEMENT_2D('',#1971,#1972);
#1971 = CARTESIAN_POINT('',(108.5,-70.6));
#1972 = DIRECTION('',(1.,0.));
#1973 = ( GEOMETRIC_REPRESENTATION_CONTEXT(2) 
PARAMETRIC_REPRESENTATION_CONTEXT() REPRESENTATION_CONTEXT('2D SPACE',''
  ) );
#1974 = ORIENTED_EDGE('',*,*,#1925,.T.);
#1975 = ADVANCED_FACE('',(#1976),#302,.F.);
#1976 = FACE_BOUND('',#1977,.F.);
#1977 = EDGE_LOOP('',(#1978,#2001,#2025,#2046));
#1978 = ORIENTED_EDGE('',*,*,#1979,.F.);
#1979 = EDGE_CURVE('',#1980,#284,#1982,.T.);
#1980 = VERTEX_POINT('',#1981);
#1981 = CARTESIAN_POINT('',(0.,58.1,107.6));
#1982 = SURFACE_CURVE('',#1983,(#1987,#1994),.PCURVE_S1.);
#1983 = LINE('',#1984,#1985);
#1984 = CARTESIAN_POINT('',(-1.,58.1,107.6));
#1985 = VECTOR('',#1986,1.);
#1986 = DIRECTION('',(1.,0.,-0.));
#1987 = PCURVE('',#302,#1988);
#1988 = DEFINITIONAL_REPRESENTATION('',(#1989),#1993);
#1989 = LINE('',#1990,#1991);
#1990 = CARTESIAN_POINT('',(0.,0.));
#1991 = VECTOR('',#1992,1.);
#1992 = DIRECTION('',(0.,1.));
#1993 = ( GEOMETRIC_REPRESENTATION_CONTEXT(2) 
PARAMETRIC_REPRESENTATION_CONTEXT() REPRESENTATION_CONTEXT('2D SPACE',''
  ) );
#1994 = PCURVE('',#329,#1995);
#1995 = DEFINITIONAL_REPRESENTATION('',(#1996),#2000);
#1996 = LINE('',#1997,#1998);
#1997 = CARTESIAN_POINT('',(1.2,0.));
#1998 = VECTOR('',#1999,1.);
#1999 = DIRECTION('',(0.,1.));
#2000 = ( GEOMETRIC_REPRESENTATION_CONTEXT(2) 
PARAMETRIC_REPRESENTATION_CONTEXT() REPRESENTATION_CONTEXT('2D SPACE',''
  ) );
#2001 = ORIENTED_EDGE('',*,*,#2002,.T.);
#2002 = EDGE_CURVE('',#1980,#2003,#2005,.T.);
#2003 = VERTEX_POINT('',#2004);
#2004 = CARTESIAN_POINT('',(0.,59.3,106.4));
#2005 = SURFACE_CURVE('',#2006,(#2011,#2018),.PCURVE_S1.);
#2006 = CIRCLE('',#2007,1.2);
#2007 = AXIS2_PLACEMENT_3D('',#2008,#2009,#2010);
#2008 = CARTESIAN_POINT('',(0.,59.3,107.6));
#2009 = DIRECTION('',(1.,0.,0.));
#2010 = DIRECTION('',(0.,-1.,0.));
#2011 = PCURVE('',#302,#2012);
#2012 = DEFINITIONAL_REPRESENTATION('',(#2013),#2017);
#2013 = LINE('',#2014,#2015);
#2014 = CARTESIAN_POINT('',(0.,1.));
#2015 = VECTOR('',#2016,1.);
#2016 = DIRECTION('',(1.,0.));
#2017 = ( GEOMETRIC_REPRESENTATION_CONTEXT(2) 
PARAMETRIC_REPRESENTATION_CONTEXT() REPRESENTATION_CONTEXT('2D SPACE',''
  ) );
#2018 = PCURVE('',#1963,#2019);
#2019 = DEFINITIONAL_REPRESENTATION('',(#2020),#2024);
#2020 = CIRCLE('',#2021,1.2);
#2021 = AXIS2_PLACEMENT_2D('',#2022,#2023);
#2022 = CARTESIAN_POINT('',(107.6,-59.3));
#2023 = DIRECTION('',(0.,1.));
#2024 = ( GEOMETRIC_REPRESENTATION_CONTEXT(2) 
PARAMETRIC_REPRESENTATION_CONTEXT() REPRESENTATION_CONTEXT('2D SPACE',''
  ) );
#2025 = ORIENTED_EDGE('',*,*,#2026,.T.);
#2026 = EDGE_CURVE('',#2003,#286,#2027,.T.);
#2027 = SURFACE_CURVE('',#2028,(#2032,#2039),.PCURVE_S1.);
#2028 = LINE('',#2029,#2030);
#2029 = CARTESIAN_POINT('',(-1.,59.3,106.4));
#2030 = VECTOR('',#2031,1.);
#2031 = DIRECTION('',(1.,0.,-0.));
#2032 = PCURVE('',#302,#2033);
#2033 = DEFINITIONAL_REPRESENTATION('',(#2034),#2038);
#2034 = LINE('',#2035,#2036);
#2035 = CARTESIAN_POINT('',(1.570796326795,0.));
#2036 = VECTOR('',#2037,1.);
#2037 = DIRECTION('',(0.,1.));
#2038 = ( GEOMETRIC_REPRESENTATION_CONTEXT(2) 
PARAMETRIC_REPRESENTATION_CONTEXT() REPRESENTATION_CONTEXT('2D SPACE',''
  ) );
#2039 = PCURVE('',#492,#2040);
#2040 = DEFINITIONAL_REPRESENTATION('',(#2041),#2045);
#2041 = LINE('',#2042,#2043);
#2042 = CARTESIAN_POINT('',(0.,1.2));
#2043 = VECTOR('',#2044,1.);
#2044 = DIRECTION('',(1.,0.));
#2045 = ( GEOMETRIC_REPRESENTATION_CONTEXT(2) 
PARAMETRIC_REPRESENTATION_CONTEXT() REPRESENTATION_CONTEXT('2D SPACE',''
  ) );
#2046 = ORIENTED_EDGE('',*,*,#283,.F.);
#2047 = ADVANCED_FACE('',(#2048),#329,.T.);
#2048 = FACE_BOUND('',#2049,.T.);
#2049 = EDGE_LOOP('',(#2050,#2051,#2052,#2073));
#2050 = ORIENTED_EDGE('',*,*,#314,.F.);
#2051 = ORIENTED_EDGE('',*,*,#1979,.F.);
#2052 = ORIENTED_EDGE('',*,*,#2053,.T.);
#2053 = EDGE_CURVE('',#1980,#2054,#2056,.T.);
#2054 = VERTEX_POINT('',#2055);
#2055 = CARTESIAN_POINT('',(0.,58.1,109.4));
#2056 = SURFACE_CURVE('',#2057,(#2061,#2067),.PCURVE_S1.);
#2057 = LINE('',#2058,#2059);
#2058 = CARTESIAN_POINT('',(0.,58.1,53.2));
#2059 = VECTOR('',#2060,1.);
#2060 = DIRECTION('',(0.,0.,1.));
#2061 = PCURVE('',#329,#2062);
#2062 = DEFINITIONAL_REPRESENTATION('',(#2063),#2066);
#2063 = B_SPLINE_CURVE_WITH_KNOTS('',1,(#2064,#2065),.UNSPECIFIED.,.F.,
  .F.,(2,2),(54.4,56.2),.PIECEWISE_BEZIER_KNOTS.);
#2064 = CARTESIAN_POINT('',(1.2,1.));
#2065 = CARTESIAN_POINT('',(3.,1.));
#2066 = ( GEOMETRIC_REPRESENTATION_CONTEXT(2) 
PARAMETRIC_REPRESENTATION_CONTEXT() REPRESENTATION_CONTEXT('2D SPACE',''
  ) );
#2067 = PCURVE('',#1963,#2068);
#2068 = DEFINITIONAL_REPRESENTATION('',(#2069),#2072);
#2069 = B_SPLINE_CURVE_WITH_KNOTS('',1,(#2070,#2071),.UNSPECIFIED.,.F.,
  .F.,(2,2),(54.4,56.2),.PIECEWISE_BEZIER_KNOTS.);
#2070 = CARTESIAN_POINT('',(107.6,-58.1));
#2071 = CARTESIAN_POINT('',(109.4,-58.1));
#2072 = ( GEOMETRIC_REPRESENTATION_CONTEXT(2) 
PARAMETRIC_REPRESENTATION_CONTEXT() REPRESENTATION_CONTEXT('2D SPACE',''
  ) );
#2073 = ORIENTED_EDGE('',*,*,#2074,.T.);
#2074 = EDGE_CURVE('',#2054,#315,#2075,.T.);
#2075 = SURFACE_CURVE('',#2076,(#2080,#2087),.PCURVE_S1.);
#2076 = LINE('',#2077,#2078);
#2077 = CARTESIAN_POINT('',(-1.,58.1,109.4));
#2078 = VECTOR('',#2079,1.);
#2079 = DIRECTION('',(1.,0.,-0.));
#2080 = PCURVE('',#329,#2081);
#2081 = DEFINITIONAL_REPRESENTATION('',(#2082),#2086);
#2082 = LINE('',#2083,#2084);
#2083 = CARTESIAN_POINT('',(3.,0.));
#2084 = VECTOR('',#2085,1.);
#2085 = DIRECTION('',(0.,1.));
#2086 = ( GEOMETRIC_REPRESENTATION_CONTEXT(2) 
PARAMETRIC_REPRESENTATION_CONTEXT() REPRESENTATION_CONTEXT('2D SPACE',''
  ) );
#2087 = PCURVE('',#357,#2088);
#2088 = DEFINITIONAL_REPRESENTATION('',(#2089),#2093);
#2089 = LINE('',#2090,#2091);
#2090 = CARTESIAN_POINT('',(-0.,0.));
#2091 = VECTOR('',#2092,1.);
#2092 = DIRECTION('',(-0.,1.));
#2093 = ( GEOMETRIC_REPRESENTATION_CONTEXT(2) 
PARAMETRIC_REPRESENTATION_CONTEXT() REPRESENTATION_CONTEXT('2D SPACE',''
  ) );
#2094 = ADVANCED_FACE('',(#2095),#492,.T.);
#2095 = FACE_BOUND('',#2096,.T.);
#2096 = EDGE_LOOP('',(#2097,#2118,#2119,#2120));
#2097 = ORIENTED_EDGE('',*,*,#2098,.T.);
#2098 = EDGE_CURVE('',#2099,#2003,#2101,.T.);
#2099 = VERTEX_POINT('',#2100);
#2100 = CARTESIAN_POINT('',(0.,66.7,106.4));
#2101 = SURFACE_CURVE('',#2102,(#2106,#2112),.PCURVE_S1.);
#2102 = LINE('',#2103,#2104);
#2103 = CARTESIAN_POINT('',(0.,29.05,106.4));
#2104 = VECTOR('',#2105,1.);
#2105 = DIRECTION('',(0.,-1.,0.));
#2106 = PCURVE('',#492,#2107);
#2107 = DEFINITIONAL_REPRESENTATION('',(#2108),#2111);
#2108 = B_SPLINE_CURVE_WITH_KNOTS('',1,(#2109,#2110),.UNSPECIFIED.,.F.,
  .F.,(2,2),(-37.65,-30.25),.PIECEWISE_BEZIER_KNOTS.);
#2109 = CARTESIAN_POINT('',(1.,8.6));
#2110 = CARTESIAN_POINT('',(1.,1.2));
#2111 = ( GEOMETRIC_REPRESENTATION_CONTEXT(2) 
PARAMETRIC_REPRESENTATION_CONTEXT() REPRESENTATION_CONTEXT('2D SPACE',''
  ) );
#2112 = PCURVE('',#1963,#2113);
#2113 = DEFINITIONAL_REPRESENTATION('',(#2114),#2117);
#2114 = B_SPLINE_CURVE_WITH_KNOTS('',1,(#2115,#2116),.UNSPECIFIED.,.F.,
  .F.,(2,2),(-37.65,-30.25),.PIECEWISE_BEZIER_KNOTS.);
#2115 = CARTESIAN_POINT('',(106.4,-66.7));
#2116 = CARTESIAN_POINT('',(106.4,-59.3));
#2117 = ( GEOMETRIC_REPRESENTATION_CONTEXT(2) 
PARAMETRIC_REPRESENTATION_CONTEXT() REPRESENTATION_CONTEXT('2D SPACE',''
  ) );
#2118 = ORIENTED_EDGE('',*,*,#2026,.T.);
#2119 = ORIENTED_EDGE('',*,*,#479,.F.);
#2120 = ORIENTED_EDGE('',*,*,#2121,.F.);
#2121 = EDGE_CURVE('',#2099,#451,#2122,.T.);
#2122 = SURFACE_CURVE('',#2123,(#2127,#2134),.PCURVE_S1.);
#2123 = LINE('',#2124,#2125);
#2124 = CARTESIAN_POINT('',(-1.,66.7,106.4));
#2125 = VECTOR('',#2126,1.);
#2126 = DIRECTION('',(1.,0.,-0.));
#2127 = PCURVE('',#492,#2128);
#2128 = DEFINITIONAL_REPRESENTATION('',(#2129),#2133);
#2129 = LINE('',#2130,#2131);
#2130 = CARTESIAN_POINT('',(0.,8.6));
#2131 = VECTOR('',#2132,1.);
#2132 = DIRECTION('',(1.,0.));
#2133 = ( GEOMETRIC_REPRESENTATION_CONTEXT(2) 
PARAMETRIC_REPRESENTATION_CONTEXT() REPRESENTATION_CONTEXT('2D SPACE',''
  ) );
#2134 = PCURVE('',#467,#2135);
#2135 = DEFINITIONAL_REPRESENTATION('',(#2136),#2140);
#2136 = LINE('',#2137,#2138);
#2137 = CARTESIAN_POINT('',(-1.570796326795,0.));
#2138 = VECTOR('',#2139,1.);
#2139 = DIRECTION('',(-0.,1.));
#2140 = ( GEOMETRIC_REPRESENTATION_CONTEXT(2) 
PARAMETRIC_REPRESENTATION_CONTEXT() REPRESENTATION_CONTEXT('2D SPACE',''
  ) );
#2141 = ADVANCED_FACE('',(#2142),#357,.F.);
#2142 = FACE_BOUND('',#2143,.T.);
#2143 = EDGE_LOOP('',(#2144,#2145,#2169,#2190));
#2144 = ORIENTED_EDGE('',*,*,#2074,.F.);
#2145 = ORIENTED_EDGE('',*,*,#2146,.F.);
#2146 = EDGE_CURVE('',#2147,#2054,#2149,.T.);
#2147 = VERTEX_POINT('',#2148);
#2148 = CARTESIAN_POINT('',(0.,59.3,110.6));
#2149 = SURFACE_CURVE('',#2150,(#2155,#2162),.PCURVE_S1.);
#2150 = CIRCLE('',#2151,1.2);
#2151 = AXIS2_PLACEMENT_3D('',#2152,#2153,#2154);
#2152 = CARTESIAN_POINT('',(0.,59.3,109.4));
#2153 = DIRECTION('',(1.,0.,0.));
#2154 = DIRECTION('',(0.,-1.,0.));
#2155 = PCURVE('',#357,#2156);
#2156 = DEFINITIONAL_REPRESENTATION('',(#2157),#2161);
#2157 = LINE('',#2158,#2159);
#2158 = CARTESIAN_POINT('',(-6.28318530718,1.));
#2159 = VECTOR('',#2160,1.);
#2160 = DIRECTION('',(1.,-0.));
#2161 = ( GEOMETRIC_REPRESENTATION_CONTEXT(2) 
PARAMETRIC_REPRESENTATION_CONTEXT() REPRESENTATION_CONTEXT('2D SPACE',''
  ) );
#2162 = PCURVE('',#1963,#2163);
#2163 = DEFINITIONAL_REPRESENTATION('',(#2164),#2168);
#2164 = CIRCLE('',#2165,1.2);
#2165 = AXIS2_PLACEMENT_2D('',#2166,#2167);
#2166 = CARTESIAN_POINT('',(109.4,-59.3));
#2167 = DIRECTION('',(0.,1.));
#2168 = ( GEOMETRIC_REPRESENTATION_CONTEXT(2) 
PARAMETRIC_REPRESENTATION_CONTEXT() REPRESENTATION_CONTEXT('2D SPACE',''
  ) );
#2169 = ORIENTED_EDGE('',*,*,#2170,.T.);
#2170 = EDGE_CURVE('',#2147,#341,#2171,.T.);
#2171 = SURFACE_CURVE('',#2172,(#2176,#2183),.PCURVE_S1.);
#2172 = LINE('',#2173,#2174);
#2173 = CARTESIAN_POINT('',(-1.,59.3,110.6));
#2174 = VECTOR('',#2175,1.);
#2175 = DIRECTION('',(1.,0.,-0.));
#2176 = PCURVE('',#357,#2177);
#2177 = DEFINITIONAL_REPRESENTATION('',(#2178),#2182);
#2178 = LINE('',#2179,#2180);
#2179 = CARTESIAN_POINT('',(-1.570796326795,0.));
#2180 = VECTOR('',#2181,1.);
#2181 = DIRECTION('',(-0.,1.));
#2182 = ( GEOMETRIC_REPRESENTATION_CONTEXT(2) 
PARAMETRIC_REPRESENTATION_CONTEXT() REPRESENTATION_CONTEXT('2D SPACE',''
  ) );
#2183 = PCURVE('',#384,#2184);
#2184 = DEFINITIONAL_REPRESENTATION('',(#2185),#2189);
#2185 = LINE('',#2186,#2187);
#2186 = CARTESIAN_POINT('',(0.,1.2));
#2187 = VECTOR('',#2188,1.);
#2188 = DIRECTION('',(1.,0.));
#2189 = ( GEOMETRIC_REPRESENTATION_CONTEXT(2) 
PARAMETRIC_REPRESENTATION_CONTEXT() REPRESENTATION_CONTEXT('2D SPACE',''
  ) );
#2190 = ORIENTED_EDGE('',*,*,#340,.T.);
#2191 = ADVANCED_FACE('',(#2192),#467,.F.);
#2192 = FACE_BOUND('',#2193,.T.);
#2193 = EDGE_LOOP('',(#2194,#2217,#2239,#2240));
#2194 = ORIENTED_EDGE('',*,*,#2195,.F.);
#2195 = EDGE_CURVE('',#2196,#425,#2198,.T.);
#2196 = VERTEX_POINT('',#2197);
#2197 = CARTESIAN_POINT('',(0.,67.9,107.6));
#2198 = SURFACE_CURVE('',#2199,(#2203,#2210),.PCURVE_S1.);
#2199 = LINE('',#2200,#2201);
#2200 = CARTESIAN_POINT('',(-1.,67.9,107.6));
#2201 = VECTOR('',#2202,1.);
#2202 = DIRECTION('',(1.,0.,-0.));
#2203 = PCURVE('',#467,#2204);
#2204 = DEFINITIONAL_REPRESENTATION('',(#2205),#2209);
#2205 = LINE('',#2206,#2207);
#2206 = CARTESIAN_POINT('',(-0.,0.));
#2207 = VECTOR('',#2208,1.);
#2208 = DIRECTION('',(-0.,1.));
#2209 = ( GEOMETRIC_REPRESENTATION_CONTEXT(2) 
PARAMETRIC_REPRESENTATION_CONTEXT() REPRESENTATION_CONTEXT('2D SPACE',''
  ) );
#2210 = PCURVE('',#439,#2211);
#2211 = DEFINITIONAL_REPRESENTATION('',(#2212),#2216);
#2212 = LINE('',#2213,#2214);
#2213 = CARTESIAN_POINT('',(1.2,0.));
#2214 = VECTOR('',#2215,1.);
#2215 = DIRECTION('',(0.,1.));
#2216 = ( GEOMETRIC_REPRESENTATION_CONTEXT(2) 
PARAMETRIC_REPRESENTATION_CONTEXT() REPRESENTATION_CONTEXT('2D SPACE',''
  ) );
#2217 = ORIENTED_EDGE('',*,*,#2218,.F.);
#2218 = EDGE_CURVE('',#2099,#2196,#2219,.T.);
#2219 = SURFACE_CURVE('',#2220,(#2225,#2232),.PCURVE_S1.);
#2220 = CIRCLE('',#2221,1.2);
#2221 = AXIS2_PLACEMENT_3D('',#2222,#2223,#2224);
#2222 = CARTESIAN_POINT('',(0.,66.7,107.6));
#2223 = DIRECTION('',(1.,0.,-0.));
#2224 = DIRECTION('',(0.,1.,0.));
#2225 = PCURVE('',#467,#2226);
#2226 = DEFINITIONAL_REPRESENTATION('',(#2227),#2231);
#2227 = LINE('',#2228,#2229);
#2228 = CARTESIAN_POINT('',(-6.28318530718,1.));
#2229 = VECTOR('',#2230,1.);
#2230 = DIRECTION('',(1.,-0.));
#2231 = ( GEOMETRIC_REPRESENTATION_CONTEXT(2) 
PARAMETRIC_REPRESENTATION_CONTEXT() REPRESENTATION_CONTEXT('2D SPACE',''
  ) );
#2232 = PCURVE('',#1963,#2233);
#2233 = DEFINITIONAL_REPRESENTATION('',(#2234),#2238);
#2234 = CIRCLE('',#2235,1.2);
#2235 = AXIS2_PLACEMENT_2D('',#2236,#2237);
#2236 = CARTESIAN_POINT('',(107.6,-66.7));
#2237 = DIRECTION('',(0.,-1.));
#2238 = ( GEOMETRIC_REPRESENTATION_CONTEXT(2) 
PARAMETRIC_REPRESENTATION_CONTEXT() REPRESENTATION_CONTEXT('2D SPACE',''
  ) );
#2239 = ORIENTED_EDGE('',*,*,#2121,.T.);
#2240 = ORIENTED_EDGE('',*,*,#450,.T.);
#2241 = ADVANCED_FACE('',(#2242),#384,.F.);
#2242 = FACE_BOUND('',#2243,.F.);
#2243 = EDGE_LOOP('',(#2244,#2265,#2266,#2267));
#2244 = ORIENTED_EDGE('',*,*,#2245,.T.);
#2245 = EDGE_CURVE('',#2246,#2147,#2248,.T.);
#2246 = VERTEX_POINT('',#2247);
#2247 = CARTESIAN_POINT('',(0.,66.7,110.6));
#2248 = SURFACE_CURVE('',#2249,(#2253,#2259),.PCURVE_S1.);
#2249 = LINE('',#2250,#2251);
#2250 = CARTESIAN_POINT('',(0.,29.05,110.6));
#2251 = VECTOR('',#2252,1.);
#2252 = DIRECTION('',(0.,-1.,0.));
#2253 = PCURVE('',#384,#2254);
#2254 = DEFINITIONAL_REPRESENTATION('',(#2255),#2258);
#2255 = B_SPLINE_CURVE_WITH_KNOTS('',1,(#2256,#2257),.UNSPECIFIED.,.F.,
  .F.,(2,2),(-37.65,-30.25),.PIECEWISE_BEZIER_KNOTS.);
#2256 = CARTESIAN_POINT('',(1.,8.6));
#2257 = CARTESIAN_POINT('',(1.,1.2));
#2258 = ( GEOMETRIC_REPRESENTATION_CONTEXT(2) 
PARAMETRIC_REPRESENTATION_CONTEXT() REPRESENTATION_CONTEXT('2D SPACE',''
  ) );
#2259 = PCURVE('',#1963,#2260);
#2260 = DEFINITIONAL_REPRESENTATION('',(#2261),#2264);
#2261 = B_SPLINE_CURVE_WITH_KNOTS('',1,(#2262,#2263),.UNSPECIFIED.,.F.,
  .F.,(2,2),(-37.65,-30.25),.PIECEWISE_BEZIER_KNOTS.);
#2262 = CARTESIAN_POINT('',(110.6,-66.7));
#2263 = CARTESIAN_POINT('',(110.6,-59.3));
#2264 = ( GEOMETRIC_REPRESENTATION_CONTEXT(2) 
PARAMETRIC_REPRESENTATION_CONTEXT() REPRESENTATION_CONTEXT('2D SPACE',''
  ) );
#2265 = ORIENTED_EDGE('',*,*,#2170,.T.);
#2266 = ORIENTED_EDGE('',*,*,#369,.F.);
#2267 = ORIENTED_EDGE('',*,*,#2268,.F.);
#2268 = EDGE_CURVE('',#2246,#370,#2269,.T.);
#2269 = SURFACE_CURVE('',#2270,(#2274,#2281),.PCURVE_S1.);
#2270 = LINE('',#2271,#2272);
#2271 = CARTESIAN_POINT('',(-1.,66.7,110.6));
#2272 = VECTOR('',#2273,1.);
#2273 = DIRECTION('',(1.,0.,-0.));
#2274 = PCURVE('',#384,#2275);
#2275 = DEFINITIONAL_REPRESENTATION('',(#2276),#2280);
#2276 = LINE('',#2277,#2278);
#2277 = CARTESIAN_POINT('',(0.,8.6));
#2278 = VECTOR('',#2279,1.);
#2279 = DIRECTION('',(1.,0.));
#2280 = ( GEOMETRIC_REPRESENTATION_CONTEXT(2) 
PARAMETRIC_REPRESENTATION_CONTEXT() REPRESENTATION_CONTEXT('2D SPACE',''
  ) );
#2281 = PCURVE('',#412,#2282);
#2282 = DEFINITIONAL_REPRESENTATION('',(#2283),#2287);
#2283 = LINE('',#2284,#2285);
#2284 = CARTESIAN_POINT('',(1.570796326795,0.));
#2285 = VECTOR('',#2286,1.);
#2286 = DIRECTION('',(0.,1.));
#2287 = ( GEOMETRIC_REPRESENTATION_CONTEXT(2) 
PARAMETRIC_REPRESENTATION_CONTEXT() REPRESENTATION_CONTEXT('2D SPACE',''
  ) );
#2288 = ADVANCED_FACE('',(#2289),#439,.F.);
#2289 = FACE_BOUND('',#2290,.F.);
#2290 = EDGE_LOOP('',(#2291,#2292,#2293,#2314));
#2291 = ORIENTED_EDGE('',*,*,#424,.F.);
#2292 = ORIENTED_EDGE('',*,*,#2195,.F.);
#2293 = ORIENTED_EDGE('',*,*,#2294,.T.);
#2294 = EDGE_CURVE('',#2196,#2295,#2297,.T.);
#2295 = VERTEX_POINT('',#2296);
#2296 = CARTESIAN_POINT('',(0.,67.9,109.4));
#2297 = SURFACE_CURVE('',#2298,(#2302,#2308),.PCURVE_S1.);
#2298 = LINE('',#2299,#2300);
#2299 = CARTESIAN_POINT('',(0.,67.9,53.2));
#2300 = VECTOR('',#2301,1.);
#2301 = DIRECTION('',(0.,0.,1.));
#2302 = PCURVE('',#439,#2303);
#2303 = DEFINITIONAL_REPRESENTATION('',(#2304),#2307);
#2304 = B_SPLINE_CURVE_WITH_KNOTS('',1,(#2305,#2306),.UNSPECIFIED.,.F.,
  .F.,(2,2),(54.4,56.2),.PIECEWISE_BEZIER_KNOTS.);
#2305 = CARTESIAN_POINT('',(1.2,1.));
#2306 = CARTESIAN_POINT('',(3.,1.));
#2307 = ( GEOMETRIC_REPRESENTATION_CONTEXT(2) 
PARAMETRIC_REPRESENTATION_CONTEXT() REPRESENTATION_CONTEXT('2D SPACE',''
  ) );
#2308 = PCURVE('',#1963,#2309);
#2309 = DEFINITIONAL_REPRESENTATION('',(#2310),#2313);
#2310 = B_SPLINE_CURVE_WITH_KNOTS('',1,(#2311,#2312),.UNSPECIFIED.,.F.,
  .F.,(2,2),(54.4,56.2),.PIECEWISE_BEZIER_KNOTS.);
#2311 = CARTESIAN_POINT('',(107.6,-67.9));
#2312 = CARTESIAN_POINT('',(109.4,-67.9));
#2313 = ( GEOMETRIC_REPRESENTATION_CONTEXT(2) 
PARAMETRIC_REPRESENTATION_CONTEXT() REPRESENTATION_CONTEXT('2D SPACE',''
  ) );
#2314 = ORIENTED_EDGE('',*,*,#2315,.T.);
#2315 = EDGE_CURVE('',#2295,#396,#2316,.T.);
#2316 = SURFACE_CURVE('',#2317,(#2321,#2328),.PCURVE_S1.);
#2317 = LINE('',#2318,#2319);
#2318 = CARTESIAN_POINT('',(-1.,67.9,109.4));
#2319 = VECTOR('',#2320,1.);
#2320 = DIRECTION('',(1.,0.,-0.));
#2321 = PCURVE('',#439,#2322);
#2322 = DEFINITIONAL_REPRESENTATION('',(#2323),#2327);
#2323 = LINE('',#2324,#2325);
#2324 = CARTESIAN_POINT('',(3.,0.));
#2325 = VECTOR('',#2326,1.);
#2326 = DIRECTION('',(0.,1.));
#2327 = ( GEOMETRIC_REPRESENTATION_CONTEXT(2) 
PARAMETRIC_REPRESENTATION_CONTEXT() REPRESENTATION_CONTEXT('2D SPACE',''
  ) );
#2328 = PCURVE('',#412,#2329);
#2329 = DEFINITIONAL_REPRESENTATION('',(#2330),#2334);
#2330 = LINE('',#2331,#2332);
#2331 = CARTESIAN_POINT('',(0.,0.));
#2332 = VECTOR('',#2333,1.);
#2333 = DIRECTION('',(0.,1.));
#2334 = ( GEOMETRIC_REPRESENTATION_CONTEXT(2) 
PARAMETRIC_REPRESENTATION_CONTEXT() REPRESENTATION_CONTEXT('2D SPACE',''
  ) );
#2335 = ADVANCED_FACE('',(#2336),#412,.F.);
#2336 = FACE_BOUND('',#2337,.F.);
#2337 = EDGE_LOOP('',(#2338,#2339,#2361,#2362));
#2338 = ORIENTED_EDGE('',*,*,#2315,.F.);
#2339 = ORIENTED_EDGE('',*,*,#2340,.T.);
#2340 = EDGE_CURVE('',#2295,#2246,#2341,.T.);
#2341 = SURFACE_CURVE('',#2342,(#2347,#2354),.PCURVE_S1.);
#2342 = CIRCLE('',#2343,1.2);
#2343 = AXIS2_PLACEMENT_3D('',#2344,#2345,#2346);
#2344 = CARTESIAN_POINT('',(0.,66.7,109.4));
#2345 = DIRECTION('',(1.,0.,-0.));
#2346 = DIRECTION('',(0.,1.,0.));
#2347 = PCURVE('',#412,#2348);
#2348 = DEFINITIONAL_REPRESENTATION('',(#2349),#2353);
#2349 = LINE('',#2350,#2351);
#2350 = CARTESIAN_POINT('',(0.,1.));
#2351 = VECTOR('',#2352,1.);
#2352 = DIRECTION('',(1.,0.));
#2353 = ( GEOMETRIC_REPRESENTATION_CONTEXT(2) 
PARAMETRIC_REPRESENTATION_CONTEXT() REPRESENTATION_CONTEXT('2D SPACE',''
  ) );
#2354 = PCURVE('',#1963,#2355);
#2355 = DEFINITIONAL_REPRESENTATION('',(#2356),#2360);
#2356 = CIRCLE('',#2357,1.2);
#2357 = AXIS2_PLACEMENT_2D('',#2358,#2359);
#2358 = CARTESIAN_POINT('',(109.4,-66.7));
#2359 = DIRECTION('',(0.,-1.));
#2360 = ( GEOMETRIC_REPRESENTATION_CONTEXT(2) 
PARAMETRIC_REPRESENTATION_CONTEXT() REPRESENTATION_CONTEXT('2D SPACE',''
  ) );
#2361 = ORIENTED_EDGE('',*,*,#2268,.T.);
#2362 = ORIENTED_EDGE('',*,*,#395,.F.);
#2363 = ADVANCED_FACE('',(#2364),#522,.F.);
#2364 = FACE_BOUND('',#2365,.F.);
#2365 = EDGE_LOOP('',(#2366,#2367,#2390,#2412));
#2366 = ORIENTED_EDGE('',*,*,#505,.F.);
#2367 = ORIENTED_EDGE('',*,*,#2368,.F.);
#2368 = EDGE_CURVE('',#2369,#506,#2371,.T.);
#2369 = VERTEX_POINT('',#2370);
#2370 = CARTESIAN_POINT('',(0.,55.4,109.9));
#2371 = SEAM_CURVE('',#2372,(#2376,#2383),.PCURVE_S1.);
#2372 = LINE('',#2373,#2374);
#2373 = CARTESIAN_POINT('',(-1.,55.4,109.9));
#2374 = VECTOR('',#2375,1.);
#2375 = DIRECTION('',(1.,0.,0.));
#2376 = PCURVE('',#522,#2377);
#2377 = DEFINITIONAL_REPRESENTATION('',(#2378),#2382);
#2378 = LINE('',#2379,#2380);
#2379 = CARTESIAN_POINT('',(6.28318530718,-0.));
#2380 = VECTOR('',#2381,1.);
#2381 = DIRECTION('',(0.,1.));
#2382 = ( GEOMETRIC_REPRESENTATION_CONTEXT(2) 
PARAMETRIC_REPRESENTATION_CONTEXT() REPRESENTATION_CONTEXT('2D SPACE',''
  ) );
#2383 = PCURVE('',#522,#2384);
#2384 = DEFINITIONAL_REPRESENTATION('',(#2385),#2389);
#2385 = LINE('',#2386,#2387);
#2386 = CARTESIAN_POINT('',(0.,-0.));
#2387 = VECTOR('',#2388,1.);
#2388 = DIRECTION('',(0.,1.));
#2389 = ( GEOMETRIC_REPRESENTATION_CONTEXT(2) 
PARAMETRIC_REPRESENTATION_CONTEXT() REPRESENTATION_CONTEXT('2D SPACE',''
  ) );
#2390 = ORIENTED_EDGE('',*,*,#2391,.T.);
#2391 = EDGE_CURVE('',#2369,#2369,#2392,.T.);
#2392 = SURFACE_CURVE('',#2393,(#2398,#2405),.PCURVE_S1.);
#2393 = CIRCLE('',#2394,1.4);
#2394 = AXIS2_PLACEMENT_3D('',#2395,#2396,#2397);
#2395 = CARTESIAN_POINT('',(0.,55.4,108.5));
#2396 = DIRECTION('',(1.,0.,0.));
#2397 = DIRECTION('',(-0.,0.,1.));
#2398 = PCURVE('',#522,#2399);
#2399 = DEFINITIONAL_REPRESENTATION('',(#2400),#2404);
#2400 = LINE('',#2401,#2402);
#2401 = CARTESIAN_POINT('',(0.,1.));
#2402 = VECTOR('',#2403,1.);
#2403 = DIRECTION('',(1.,0.));
#2404 = ( GEOMETRIC_REPRESENTATION_CONTEXT(2) 
PARAMETRIC_REPRESENTATION_CONTEXT() REPRESENTATION_CONTEXT('2D SPACE',''
  ) );
#2405 = PCURVE('',#1963,#2406);
#2406 = DEFINITIONAL_REPRESENTATION('',(#2407),#2411);
#2407 = CIRCLE('',#2408,1.4);
#2408 = AXIS2_PLACEMENT_2D('',#2409,#2410);
#2409 = CARTESIAN_POINT('',(108.5,-55.4));
#2410 = DIRECTION('',(1.,0.));
#2411 = ( GEOMETRIC_REPRESENTATION_CONTEXT(2) 
PARAMETRIC_REPRESENTATION_CONTEXT() REPRESENTATION_CONTEXT('2D SPACE',''
  ) );
#2412 = ORIENTED_EDGE('',*,*,#2368,.T.);
#2413 = ADVANCED_FACE('',(#2414),#553,.F.);
#2414 = FACE_BOUND('',#2415,.F.);
#2415 = EDGE_LOOP('',(#2416,#2417,#2440,#2462));
#2416 = ORIENTED_EDGE('',*,*,#536,.F.);
#2417 = ORIENTED_EDGE('',*,*,#2418,.F.);
#2418 = EDGE_CURVE('',#2419,#537,#2421,.T.);
#2419 = VERTEX_POINT('',#2420);
#2420 = CARTESIAN_POINT('',(0.,35.,113.5));
#2421 = SEAM_CURVE('',#2422,(#2426,#2433),.PCURVE_S1.);
#2422 = LINE('',#2423,#2424);
#2423 = CARTESIAN_POINT('',(-1.,35.,113.5));
#2424 = VECTOR('',#2425,1.);
#2425 = DIRECTION('',(1.,0.,0.));
#2426 = PCURVE('',#553,#2427);
#2427 = DEFINITIONAL_REPRESENTATION('',(#2428),#2432);
#2428 = LINE('',#2429,#2430);
#2429 = CARTESIAN_POINT('',(6.28318530718,-0.));
#2430 = VECTOR('',#2431,1.);
#2431 = DIRECTION('',(0.,1.));
#2432 = ( GEOMETRIC_REPRESENTATION_CONTEXT(2) 
PARAMETRIC_REPRESENTATION_CONTEXT() REPRESENTATION_CONTEXT('2D SPACE',''
  ) );
#2433 = PCURVE('',#553,#2434);
#2434 = DEFINITIONAL_REPRESENTATION('',(#2435),#2439);
#2435 = LINE('',#2436,#2437);
#2436 = CARTESIAN_POINT('',(0.,-0.));
#2437 = VECTOR('',#2438,1.);
#2438 = DIRECTION('',(0.,1.));
#2439 = ( GEOMETRIC_REPRESENTATION_CONTEXT(2) 
PARAMETRIC_REPRESENTATION_CONTEXT() REPRESENTATION_CONTEXT('2D SPACE',''
  ) );
#2440 = ORIENTED_EDGE('',*,*,#2441,.T.);
#2441 = EDGE_CURVE('',#2419,#2419,#2442,.T.);
#2442 = SURFACE_CURVE('',#2443,(#2448,#2455),.PCURVE_S1.);
#2443 = CIRCLE('',#2444,5.);
#2444 = AXIS2_PLACEMENT_3D('',#2445,#2446,#2447);
#2445 = CARTESIAN_POINT('',(0.,35.,108.5));
#2446 = DIRECTION('',(1.,0.,0.));
#2447 = DIRECTION('',(-0.,0.,1.));
#2448 = PCURVE('',#553,#2449);
#2449 = DEFINITIONAL_REPRESENTATION('',(#2450),#2454);
#2450 = LINE('',#2451,#2452);
#2451 = CARTESIAN_POINT('',(0.,1.));
#2452 = VECTOR('',#2453,1.);
#2453 = DIRECTION('',(1.,0.));
#2454 = ( GEOMETRIC_REPRESENTATION_CONTEXT(2) 
PARAMETRIC_REPRESENTATION_CONTEXT() REPRESENTATION_CONTEXT('2D SPACE',''
  ) );
#2455 = PCURVE('',#1963,#2456);
#2456 = DEFINITIONAL_REPRESENTATION('',(#2457),#2461);
#2457 = CIRCLE('',#2458,5.);
#2458 = AXIS2_PLACEMENT_2D('',#2459,#2460);
#2459 = CARTESIAN_POINT('',(108.5,-35.));
#2460 = DIRECTION('',(1.,0.));
#2461 = ( GEOMETRIC_REPRESENTATION_CONTEXT(2) 
PARAMETRIC_REPRESENTATION_CONTEXT() REPRESENTATION_CONTEXT('2D SPACE',''
  ) );
#2462 = ORIENTED_EDGE('',*,*,#2418,.T.);
#2463 = ADVANCED_FACE('',(#2464,#2710,#2741,#2772,#2998,#3029),#586,.T.
  );
#2464 = FACE_BOUND('',#2465,.T.);
#2465 = EDGE_LOOP('',(#2466,#2501,#2529,#2562,#2590,#2623,#2651,#2684));
#2466 = ORIENTED_EDGE('',*,*,#2467,.F.);
#2467 = EDGE_CURVE('',#2468,#2470,#2472,.T.);
#2468 = VERTEX_POINT('',#2469);
#2469 = CARTESIAN_POINT('',(95.5,7.,158.));
#2470 = VERTEX_POINT('',#2471);
#2471 = CARTESIAN_POINT('',(89.,0.5,158.));
#2472 = SURFACE_CURVE('',#2473,(#2478,#2489),.PCURVE_S1.);
#2473 = CIRCLE('',#2474,6.5);
#2474 = AXIS2_PLACEMENT_3D('',#2475,#2476,#2477);
#2475 = CARTESIAN_POINT('',(89.,7.,158.));
#2476 = DIRECTION('',(0.,0.,-1.));
#2477 = DIRECTION('',(1.,0.,0.));
#2478 = PCURVE('',#586,#2479);
#2479 = DEFINITIONAL_REPRESENTATION('',(#2480),#2488);
#2480 = ( BOUNDED_CURVE() B_SPLINE_CURVE(2,(#2481,#2482,#2483,#2484,
#2485,#2486,#2487),.UNSPECIFIED.,.T.,.F.) B_SPLINE_CURVE_WITH_KNOTS((1,2
    ,2,2,2,1),(-2.094395102393,0.,2.094395102393,4.188790204786,
6.28318530718,8.377580409573),.UNSPECIFIED.) CURVE() 
GEOMETRIC_REPRESENTATION_ITEM() RATIONAL_B_SPLINE_CURVE((1.,0.5,1.,0.5,
1.,0.5,1.)) REPRESENTATION_ITEM('') );
#2481 = CARTESIAN_POINT('',(95.5,7.));
#2482 = CARTESIAN_POINT('',(95.5,-4.258330249198));
#2483 = CARTESIAN_POINT('',(85.75,1.370834875401));
#2484 = CARTESIAN_POINT('',(76.,7.));
#2485 = CARTESIAN_POINT('',(85.75,12.629165124599));
#2486 = CARTESIAN_POINT('',(95.5,18.258330249198));
#2487 = CARTESIAN_POINT('',(95.5,7.));
#2488 = ( GEOMETRIC_REPRESENTATION_CONTEXT(2) 
PARAMETRIC_REPRESENTATION_CONTEXT() REPRESENTATION_CONTEXT('2D SPACE',''
  ) );
#2489 = PCURVE('',#2490,#2495);
#2490 = TOROIDAL_SURFACE('',#2491,6.5,0.5);
#2491 = AXIS2_PLACEMENT_3D('',#2492,#2493,#2494);
#2492 = CARTESIAN_POINT('',(89.,7.,157.5));
#2493 = DIRECTION('',(-0.,-0.,-1.));
#2494 = DIRECTION('',(1.,0.,0.));
#2495 = DEFINITIONAL_REPRESENTATION('',(#2496),#2500);
#2496 = LINE('',#2497,#2498);
#2497 = CARTESIAN_POINT('',(0.,4.712388980385));
#2498 = VECTOR('',#2499,1.);
#2499 = DIRECTION('',(1.,0.));
#2500 = ( GEOMETRIC_REPRESENTATION_CONTEXT(2) 
PARAMETRIC_REPRESENTATION_CONTEXT() REPRESENTATION_CONTEXT('2D SPACE',''
  ) );
#2501 = ORIENTED_EDGE('',*,*,#2502,.F.);
#2502 = EDGE_CURVE('',#2503,#2468,#2505,.T.);
#2503 = VERTEX_POINT('',#2504);
#2504 = CARTESIAN_POINT('',(95.5,93.,158.));
#2505 = SURFACE_CURVE('',#2506,(#2510,#2517),.PCURVE_S1.);
#2506 = LINE('',#2507,#2508);
#2507 = CARTESIAN_POINT('',(95.5,93.,158.));
#2508 = VECTOR('',#2509,1.);
#2509 = DIRECTION('',(0.,-1.,-0.));
#2510 = PCURVE('',#586,#2511);
#2511 = DEFINITIONAL_REPRESENTATION('',(#2512),#2516);
#2512 = LINE('',#2513,#2514);
#2513 = CARTESIAN_POINT('',(95.5,93.));
#2514 = VECTOR('',#2515,1.);
#2515 = DIRECTION('',(0.,-1.));
#2516 = ( GEOMETRIC_REPRESENTATION_CONTEXT(2) 
PARAMETRIC_REPRESENTATION_CONTEXT() REPRESENTATION_CONTEXT('2D SPACE',''
  ) );
#2517 = PCURVE('',#2518,#2523);
#2518 = CYLINDRICAL_SURFACE('',#2519,0.5);
#2519 = AXIS2_PLACEMENT_3D('',#2520,#2521,#2522);
#2520 = CARTESIAN_POINT('',(95.5,93.,157.5));
#2521 = DIRECTION('',(0.,-1.,-0.));
#2522 = DIRECTION('',(0.,0.,1.));
#2523 = DEFINITIONAL_REPRESENTATION('',(#2524),#2528);
#2524 = LINE('',#2525,#2526);
#2525 = CARTESIAN_POINT('',(6.28318530718,0.));
#2526 = VECTOR('',#2527,1.);
#2527 = DIRECTION('',(-0.,1.));
#2528 = ( GEOMETRIC_REPRESENTATION_CONTEXT(2) 
PARAMETRIC_REPRESENTATION_CONTEXT() REPRESENTATION_CONTEXT('2D SPACE',''
  ) );
#2529 = ORIENTED_EDGE('',*,*,#2530,.F.);
#2530 = EDGE_CURVE('',#2531,#2503,#2533,.T.);
#2531 = VERTEX_POINT('',#2532);
#2532 = CARTESIAN_POINT('',(89.,99.5,158.));
#2533 = SURFACE_CURVE('',#2534,(#2539,#2550),.PCURVE_S1.);
#2534 = CIRCLE('',#2535,6.5);
#2535 = AXIS2_PLACEMENT_3D('',#2536,#2537,#2538);
#2536 = CARTESIAN_POINT('',(89.,93.,158.));
#2537 = DIRECTION('',(0.,0.,-1.));
#2538 = DIRECTION('',(0.,1.,0.));
#2539 = PCURVE('',#586,#2540);
#2540 = DEFINITIONAL_REPRESENTATION('',(#2541),#2549);
#2541 = ( BOUNDED_CURVE() B_SPLINE_CURVE(2,(#2542,#2543,#2544,#2545,
#2546,#2547,#2548),.UNSPECIFIED.,.T.,.F.) B_SPLINE_CURVE_WITH_KNOTS((1,2
    ,2,2,2,1),(-2.094395102393,0.,2.094395102393,4.188790204786,
6.28318530718,8.377580409573),.UNSPECIFIED.) CURVE() 
GEOMETRIC_REPRESENTATION_ITEM() RATIONAL_B_SPLINE_CURVE((1.,0.5,1.,0.5,
1.,0.5,1.)) REPRESENTATION_ITEM('') );
#2542 = CARTESIAN_POINT('',(89.,99.5));
#2543 = CARTESIAN_POINT('',(100.25833024919,99.5));
#2544 = CARTESIAN_POINT('',(94.629165124599,89.75));
#2545 = CARTESIAN_POINT('',(89.,80.));
#2546 = CARTESIAN_POINT('',(83.370834875401,89.75));
#2547 = CARTESIAN_POINT('',(77.741669750802,99.5));
#2548 = CARTESIAN_POINT('',(89.,99.5));
#2549 = ( GEOMETRIC_REPRESENTATION_CONTEXT(2) 
PARAMETRIC_REPRESENTATION_CONTEXT() REPRESENTATION_CONTEXT('2D SPACE',''
  ) );
#2550 = PCURVE('',#2551,#2556);
#2551 = TOROIDAL_SURFACE('',#2552,6.5,0.5);
#2552 = AXIS2_PLACEMENT_3D('',#2553,#2554,#2555);
#2553 = CARTESIAN_POINT('',(89.,93.,157.5));
#2554 = DIRECTION('',(-0.,-0.,-1.));
#2555 = DIRECTION('',(0.,1.,-0.));
#2556 = DEFINITIONAL_REPRESENTATION('',(#2557),#2561);
#2557 = LINE('',#2558,#2559);
#2558 = CARTESIAN_POINT('',(0.,4.712388980385));
#2559 = VECTOR('',#2560,1.);
#2560 = DIRECTION('',(1.,0.));
#2561 = ( GEOMETRIC_REPRESENTATION_CONTEXT(2) 
PARAMETRIC_REPRESENTATION_CONTEXT() REPRESENTATION_CONTEXT('2D SPACE',''
  ) );
#2562 = ORIENTED_EDGE('',*,*,#2563,.F.);
#2563 = EDGE_CURVE('',#2564,#2531,#2566,.T.);
#2564 = VERTEX_POINT('',#2565);
#2565 = CARTESIAN_POINT('',(7.,99.5,158.));
#2566 = SURFACE_CURVE('',#2567,(#2571,#2578),.PCURVE_S1.);
#2567 = LINE('',#2568,#2569);
#2568 = CARTESIAN_POINT('',(7.,99.5,158.));
#2569 = VECTOR('',#2570,1.);
#2570 = DIRECTION('',(1.,0.,-0.));
#2571 = PCURVE('',#586,#2572);
#2572 = DEFINITIONAL_REPRESENTATION('',(#2573),#2577);
#2573 = LINE('',#2574,#2575);
#2574 = CARTESIAN_POINT('',(7.,99.5));
#2575 = VECTOR('',#2576,1.);
#2576 = DIRECTION('',(1.,0.));
#2577 = ( GEOMETRIC_REPRESENTATION_CONTEXT(2) 
PARAMETRIC_REPRESENTATION_CONTEXT() REPRESENTATION_CONTEXT('2D SPACE',''
  ) );
#2578 = PCURVE('',#2579,#2584);
#2579 = CYLINDRICAL_SURFACE('',#2580,0.5);
#2580 = AXIS2_PLACEMENT_3D('',#2581,#2582,#2583);
#2581 = CARTESIAN_POINT('',(7.,99.5,157.5));
#2582 = DIRECTION('',(1.,0.,-0.));
#2583 = DIRECTION('',(0.,0.,1.));
#2584 = DEFINITIONAL_REPRESENTATION('',(#2585),#2589);
#2585 = LINE('',#2586,#2587);
#2586 = CARTESIAN_POINT('',(6.28318530718,0.));
#2587 = VECTOR('',#2588,1.);
#2588 = DIRECTION('',(-0.,1.));
#2589 = ( GEOMETRIC_REPRESENTATION_CONTEXT(2) 
PARAMETRIC_REPRESENTATION_CONTEXT() REPRESENTATION_CONTEXT('2D SPACE',''
  ) );
#2590 = ORIENTED_EDGE('',*,*,#2591,.F.);
#2591 = EDGE_CURVE('',#2592,#2564,#2594,.T.);
#2592 = VERTEX_POINT('',#2593);
#2593 = CARTESIAN_POINT('',(0.5,93.,158.));
#2594 = SURFACE_CURVE('',#2595,(#2600,#2611),.PCURVE_S1.);
#2595 = CIRCLE('',#2596,6.5);
#2596 = AXIS2_PLACEMENT_3D('',#2597,#2598,#2599);
#2597 = CARTESIAN_POINT('',(7.,93.,158.));
#2598 = DIRECTION('',(0.,0.,-1.));
#2599 = DIRECTION('',(-1.,0.,0.));
#2600 = PCURVE('',#586,#2601);
#2601 = DEFINITIONAL_REPRESENTATION('',(#2602),#2610);
#2602 = ( BOUNDED_CURVE() B_SPLINE_CURVE(2,(#2603,#2604,#2605,#2606,
#2607,#2608,#2609),.UNSPECIFIED.,.T.,.F.) B_SPLINE_CURVE_WITH_KNOTS((1,2
    ,2,2,2,1),(-2.094395102393,0.,2.094395102393,4.188790204786,
6.28318530718,8.377580409573),.UNSPECIFIED.) CURVE() 
GEOMETRIC_REPRESENTATION_ITEM() RATIONAL_B_SPLINE_CURVE((1.,0.5,1.,0.5,
1.,0.5,1.)) REPRESENTATION_ITEM('') );
#2603 = CARTESIAN_POINT('',(0.5,93.));
#2604 = CARTESIAN_POINT('',(0.5,104.25833024919));
#2605 = CARTESIAN_POINT('',(10.25,98.629165124599));
#2606 = CARTESIAN_POINT('',(20.,93.));
#2607 = CARTESIAN_POINT('',(10.25,87.370834875401));
#2608 = CARTESIAN_POINT('',(0.5,81.741669750802));
#2609 = CARTESIAN_POINT('',(0.5,93.));
#2610 = ( GEOMETRIC_REPRESENTATION_CONTEXT(2) 
PARAMETRIC_REPRESENTATION_CONTEXT() REPRESENTATION_CONTEXT('2D SPACE',''
  ) );
#2611 = PCURVE('',#2612,#2617);
#2612 = TOROIDAL_SURFACE('',#2613,6.5,0.5);
#2613 = AXIS2_PLACEMENT_3D('',#2614,#2615,#2616);
#2614 = CARTESIAN_POINT('',(7.,93.,157.5));
#2615 = DIRECTION('',(-0.,-0.,-1.));
#2616 = DIRECTION('',(-1.,0.,0.));
#2617 = DEFINITIONAL_REPRESENTATION('',(#2618),#2622);
#2618 = LINE('',#2619,#2620);
#2619 = CARTESIAN_POINT('',(0.,4.712388980385));
#2620 = VECTOR('',#2621,1.);
#2621 = DIRECTION('',(1.,0.));
#2622 = ( GEOMETRIC_REPRESENTATION_CONTEXT(2) 
PARAMETRIC_REPRESENTATION_CONTEXT() REPRESENTATION_CONTEXT('2D SPACE',''
  ) );
#2623 = ORIENTED_EDGE('',*,*,#2624,.F.);
#2624 = EDGE_CURVE('',#2625,#2592,#2627,.T.);
#2625 = VERTEX_POINT('',#2626);
#2626 = CARTESIAN_POINT('',(0.5,7.,158.));
#2627 = SURFACE_CURVE('',#2628,(#2632,#2639),.PCURVE_S1.);
#2628 = LINE('',#2629,#2630);
#2629 = CARTESIAN_POINT('',(0.5,7.,158.));
#2630 = VECTOR('',#2631,1.);
#2631 = DIRECTION('',(-0.,1.,0.));
#2632 = PCURVE('',#586,#2633);
#2633 = DEFINITIONAL_REPRESENTATION('',(#2634),#2638);
#2634 = LINE('',#2635,#2636);
#2635 = CARTESIAN_POINT('',(0.5,7.));
#2636 = VECTOR('',#2637,1.);
#2637 = DIRECTION('',(0.,1.));
#2638 = ( GEOMETRIC_REPRESENTATION_CONTEXT(2) 
PARAMETRIC_REPRESENTATION_CONTEXT() REPRESENTATION_CONTEXT('2D SPACE',''
  ) );
#2639 = PCURVE('',#2640,#2645);
#2640 = CYLINDRICAL_SURFACE('',#2641,0.5);
#2641 = AXIS2_PLACEMENT_3D('',#2642,#2643,#2644);
#2642 = CARTESIAN_POINT('',(0.5,7.,157.5));
#2643 = DIRECTION('',(-0.,1.,0.));
#2644 = DIRECTION('',(0.,0.,1.));
#2645 = DEFINITIONAL_REPRESENTATION('',(#2646),#2650);
#2646 = LINE('',#2647,#2648);
#2647 = CARTESIAN_POINT('',(6.28318530718,0.));
#2648 = VECTOR('',#2649,1.);
#2649 = DIRECTION('',(-0.,1.));
#2650 = ( GEOMETRIC_REPRESENTATION_CONTEXT(2) 
PARAMETRIC_REPRESENTATION_CONTEXT() REPRESENTATION_CONTEXT('2D SPACE',''
  ) );
#2651 = ORIENTED_EDGE('',*,*,#2652,.F.);
#2652 = EDGE_CURVE('',#2653,#2625,#2655,.T.);
#2653 = VERTEX_POINT('',#2654);
#2654 = CARTESIAN_POINT('',(7.,0.5,158.));
#2655 = SURFACE_CURVE('',#2656,(#2661,#2672),.PCURVE_S1.);
#2656 = CIRCLE('',#2657,6.5);
#2657 = AXIS2_PLACEMENT_3D('',#2658,#2659,#2660);
#2658 = CARTESIAN_POINT('',(7.,7.,158.));
#2659 = DIRECTION('',(-0.,0.,-1.));
#2660 = DIRECTION('',(-2.537652627715E-16,-1.,0.));
#2661 = PCURVE('',#586,#2662);
#2662 = DEFINITIONAL_REPRESENTATION('',(#2663),#2671);
#2663 = ( BOUNDED_CURVE() B_SPLINE_CURVE(2,(#2664,#2665,#2666,#2667,
#2668,#2669,#2670),.UNSPECIFIED.,.T.,.F.) B_SPLINE_CURVE_WITH_KNOTS((1,2
    ,2,2,2,1),(-2.094395102393,0.,2.094395102393,4.188790204786,
6.28318530718,8.377580409573),.UNSPECIFIED.) CURVE() 
GEOMETRIC_REPRESENTATION_ITEM() RATIONAL_B_SPLINE_CURVE((1.,0.5,1.,0.5,
1.,0.5,1.)) REPRESENTATION_ITEM('') );
#2664 = CARTESIAN_POINT('',(7.,0.5));
#2665 = CARTESIAN_POINT('',(-4.258330249198,0.5));
#2666 = CARTESIAN_POINT('',(1.370834875401,10.25));
#2667 = CARTESIAN_POINT('',(7.,20.));
#2668 = CARTESIAN_POINT('',(12.629165124599,10.25));
#2669 = CARTESIAN_POINT('',(18.258330249198,0.5));
#2670 = CARTESIAN_POINT('',(7.,0.5));
#2671 = ( GEOMETRIC_REPRESENTATION_CONTEXT(2) 
PARAMETRIC_REPRESENTATION_CONTEXT() REPRESENTATION_CONTEXT('2D SPACE',''
  ) );
#2672 = PCURVE('',#2673,#2678);
#2673 = TOROIDAL_SURFACE('',#2674,6.5,0.5);
#2674 = AXIS2_PLACEMENT_3D('',#2675,#2676,#2677);
#2675 = CARTESIAN_POINT('',(7.,7.,157.5));
#2676 = DIRECTION('',(-0.,-0.,-1.));
#2677 = DIRECTION('',(-2.537652627715E-16,-1.,0.));
#2678 = DEFINITIONAL_REPRESENTATION('',(#2679),#2683);
#2679 = LINE('',#2680,#2681);
#2680 = CARTESIAN_POINT('',(0.,4.712388980385));
#2681 = VECTOR('',#2682,1.);
#2682 = DIRECTION('',(1.,0.));
#2683 = ( GEOMETRIC_REPRESENTATION_CONTEXT(2) 
PARAMETRIC_REPRESENTATION_CONTEXT() REPRESENTATION_CONTEXT('2D SPACE',''
  ) );
#2684 = ORIENTED_EDGE('',*,*,#2685,.F.);
#2685 = EDGE_CURVE('',#2470,#2653,#2686,.T.);
#2686 = SURFACE_CURVE('',#2687,(#2691,#2698),.PCURVE_S1.);
#2687 = LINE('',#2688,#2689);
#2688 = CARTESIAN_POINT('',(89.,0.5,158.));
#2689 = VECTOR('',#2690,1.);
#2690 = DIRECTION('',(-1.,-0.,0.));
#2691 = PCURVE('',#586,#2692);
#2692 = DEFINITIONAL_REPRESENTATION('',(#2693),#2697);
#2693 = LINE('',#2694,#2695);
#2694 = CARTESIAN_POINT('',(89.,0.5));
#2695 = VECTOR('',#2696,1.);
#2696 = DIRECTION('',(-1.,0.));
#2697 = ( GEOMETRIC_REPRESENTATION_CONTEXT(2) 
PARAMETRIC_REPRESENTATION_CONTEXT() REPRESENTATION_CONTEXT('2D SPACE',''
  ) );
#2698 = PCURVE('',#2699,#2704);
#2699 = CYLINDRICAL_SURFACE('',#2700,0.5);
#2700 = AXIS2_PLACEMENT_3D('',#2701,#2702,#2703);
#2701 = CARTESIAN_POINT('',(89.,0.5,157.5));
#2702 = DIRECTION('',(-1.,-0.,0.));
#2703 = DIRECTION('',(0.,0.,1.));
#2704 = DEFINITIONAL_REPRESENTATION('',(#2705),#2709);
#2705 = LINE('',#2706,#2707);
#2706 = CARTESIAN_POINT('',(6.28318530718,0.));
#2707 = VECTOR('',#2708,1.);
#2708 = DIRECTION('',(-0.,1.));
#2709 = ( GEOMETRIC_REPRESENTATION_CONTEXT(2) 
PARAMETRIC_REPRESENTATION_CONTEXT() REPRESENTATION_CONTEXT('2D SPACE',''
  ) );
#2710 = FACE_BOUND('',#2711,.T.);
#2711 = EDGE_LOOP('',(#2712));
#2712 = ORIENTED_EDGE('',*,*,#2713,.F.);
#2713 = EDGE_CURVE('',#2714,#2714,#2716,.T.);
#2714 = VERTEX_POINT('',#2715);
#2715 = CARTESIAN_POINT('',(4.9,15.,158.));
#2716 = SURFACE_CURVE('',#2717,(#2722,#2729),.PCURVE_S1.);
#2717 = CIRCLE('',#2718,1.4);
#2718 = AXIS2_PLACEMENT_3D('',#2719,#2720,#2721);
#2719 = CARTESIAN_POINT('',(3.5,15.,158.));
#2720 = DIRECTION('',(0.,0.,1.));
#2721 = DIRECTION('',(1.,0.,-0.));
#2722 = PCURVE('',#586,#2723);
#2723 = DEFINITIONAL_REPRESENTATION('',(#2724),#2728);
#2724 = CIRCLE('',#2725,1.4);
#2725 = AXIS2_PLACEMENT_2D('',#2726,#2727);
#2726 = CARTESIAN_POINT('',(3.5,15.));
#2727 = DIRECTION('',(1.,0.));
#2728 = ( GEOMETRIC_REPRESENTATION_CONTEXT(2) 
PARAMETRIC_REPRESENTATION_CONTEXT() REPRESENTATION_CONTEXT('2D SPACE',''
  ) );
#2729 = PCURVE('',#2730,#2735);
#2730 = CYLINDRICAL_SURFACE('',#2731,1.4);
#2731 = AXIS2_PLACEMENT_3D('',#2732,#2733,#2734);
#2732 = CARTESIAN_POINT('',(3.5,15.,151.));
#2733 = DIRECTION('',(0.,0.,1.));
#2734 = DIRECTION('',(1.,0.,-0.));
#2735 = DEFINITIONAL_REPRESENTATION('',(#2736),#2740);
#2736 = LINE('',#2737,#2738);
#2737 = CARTESIAN_POINT('',(0.,7.));
#2738 = VECTOR('',#2739,1.);
#2739 = DIRECTION('',(1.,0.));
#2740 = ( GEOMETRIC_REPRESENTATION_CONTEXT(2) 
PARAMETRIC_REPRESENTATION_CONTEXT() REPRESENTATION_CONTEXT('2D SPACE',''
  ) );
#2741 = FACE_BOUND('',#2742,.T.);
#2742 = EDGE_LOOP('',(#2743));
#2743 = ORIENTED_EDGE('',*,*,#2744,.F.);
#2744 = EDGE_CURVE('',#2745,#2745,#2747,.T.);
#2745 = VERTEX_POINT('',#2746);
#2746 = CARTESIAN_POINT('',(93.9,15.,158.));
#2747 = SURFACE_CURVE('',#2748,(#2753,#2760),.PCURVE_S1.);
#2748 = CIRCLE('',#2749,1.4);
#2749 = AXIS2_PLACEMENT_3D('',#2750,#2751,#2752);
#2750 = CARTESIAN_POINT('',(92.5,15.,158.));
#2751 = DIRECTION('',(0.,0.,1.));
#2752 = DIRECTION('',(1.,0.,-0.));
#2753 = PCURVE('',#586,#2754);
#2754 = DEFINITIONAL_REPRESENTATION('',(#2755),#2759);
#2755 = CIRCLE('',#2756,1.4);
#2756 = AXIS2_PLACEMENT_2D('',#2757,#2758);
#2757 = CARTESIAN_POINT('',(92.5,15.));
#2758 = DIRECTION('',(1.,0.));
#2759 = ( GEOMETRIC_REPRESENTATION_CONTEXT(2) 
PARAMETRIC_REPRESENTATION_CONTEXT() REPRESENTATION_CONTEXT('2D SPACE',''
  ) );
#2760 = PCURVE('',#2761,#2766);
#2761 = CYLINDRICAL_SURFACE('',#2762,1.4);
#2762 = AXIS2_PLACEMENT_3D('',#2763,#2764,#2765);
#2763 = CARTESIAN_POINT('',(92.5,15.,151.));
#2764 = DIRECTION('',(0.,0.,1.));
#2765 = DIRECTION('',(1.,0.,-0.));
#2766 = DEFINITIONAL_REPRESENTATION('',(#2767),#2771);
#2767 = LINE('',#2768,#2769);
#2768 = CARTESIAN_POINT('',(0.,7.));
#2769 = VECTOR('',#2770,1.);
#2770 = DIRECTION('',(1.,0.));
#2771 = ( GEOMETRIC_REPRESENTATION_CONTEXT(2) 
PARAMETRIC_REPRESENTATION_CONTEXT() REPRESENTATION_CONTEXT('2D SPACE',''
  ) );
#2772 = FACE_BOUND('',#2773,.T.);
#2773 = EDGE_LOOP('',(#2774,#2804,#2832,#2860,#2888,#2909,#2910,#2911,
    #2939,#2967));
#2774 = ORIENTED_EDGE('',*,*,#2775,.T.);
#2775 = EDGE_CURVE('',#2776,#2778,#2780,.T.);
#2776 = VERTEX_POINT('',#2777);
#2777 = CARTESIAN_POINT('',(90.5,92.,158.));
#2778 = VERTEX_POINT('',#2779);
#2779 = CARTESIAN_POINT('',(90.5,13.,158.));
#2780 = SURFACE_CURVE('',#2781,(#2785,#2792),.PCURVE_S1.);
#2781 = LINE('',#2782,#2783);
#2782 = CARTESIAN_POINT('',(90.5,92.,158.));
#2783 = VECTOR('',#2784,1.);
#2784 = DIRECTION('',(0.,-1.,-0.));
#2785 = PCURVE('',#586,#2786);
#2786 = DEFINITIONAL_REPRESENTATION('',(#2787),#2791);
#2787 = LINE('',#2788,#2789);
#2788 = CARTESIAN_POINT('',(90.5,92.));
#2789 = VECTOR('',#2790,1.);
#2790 = DIRECTION('',(0.,-1.));
#2791 = ( GEOMETRIC_REPRESENTATION_CONTEXT(2) 
PARAMETRIC_REPRESENTATION_CONTEXT() REPRESENTATION_CONTEXT('2D SPACE',''
  ) );
#2792 = PCURVE('',#2793,#2798);
#2793 = CYLINDRICAL_SURFACE('',#2794,0.5);
#2794 = AXIS2_PLACEMENT_3D('',#2795,#2796,#2797);
#2795 = CARTESIAN_POINT('',(90.5,92.,157.5));
#2796 = DIRECTION('',(0.,-1.,-0.));
#2797 = DIRECTION('',(0.,0.,1.));
#2798 = DEFINITIONAL_REPRESENTATION('',(#2799),#2803);
#2799 = LINE('',#2800,#2801);
#2800 = CARTESIAN_POINT('',(0.,0.));
#2801 = VECTOR('',#2802,1.);
#2802 = DIRECTION('',(0.,1.));
#2803 = ( GEOMETRIC_REPRESENTATION_CONTEXT(2) 
PARAMETRIC_REPRESENTATION_CONTEXT() REPRESENTATION_CONTEXT('2D SPACE',''
  ) );
#2804 = ORIENTED_EDGE('',*,*,#2805,.F.);
#2805 = EDGE_CURVE('',#2806,#2778,#2808,.T.);
#2806 = VERTEX_POINT('',#2807);
#2807 = CARTESIAN_POINT('',(82.6,13.,158.));
#2808 = SURFACE_CURVE('',#2809,(#2813,#2820),.PCURVE_S1.);
#2809 = LINE('',#2810,#2811);
#2810 = CARTESIAN_POINT('',(82.,13.,158.));
#2811 = VECTOR('',#2812,1.);
#2812 = DIRECTION('',(1.,0.,0.));
#2813 = PCURVE('',#586,#2814);
#2814 = DEFINITIONAL_REPRESENTATION('',(#2815),#2819);
#2815 = LINE('',#2816,#2817);
#2816 = CARTESIAN_POINT('',(82.,13.));
#2817 = VECTOR('',#2818,1.);
#2818 = DIRECTION('',(1.,0.));
#2819 = ( GEOMETRIC_REPRESENTATION_CONTEXT(2) 
PARAMETRIC_REPRESENTATION_CONTEXT() REPRESENTATION_CONTEXT('2D SPACE',''
  ) );
#2820 = PCURVE('',#2821,#2826);
#2821 = PLANE('',#2822);
#2822 = AXIS2_PLACEMENT_3D('',#2823,#2824,#2825);
#2823 = CARTESIAN_POINT('',(87.779518790788,13.,146.96446609406));
#2824 = DIRECTION('',(0.,1.,0.));
#2825 = DIRECTION('',(0.,-0.,1.));
#2826 = DEFINITIONAL_REPRESENTATION('',(#2827),#2831);
#2827 = LINE('',#2828,#2829);
#2828 = CARTESIAN_POINT('',(11.03553390594,-5.779518790788));
#2829 = VECTOR('',#2830,1.);
#2830 = DIRECTION('',(0.,1.));
#2831 = ( GEOMETRIC_REPRESENTATION_CONTEXT(2) 
PARAMETRIC_REPRESENTATION_CONTEXT() REPRESENTATION_CONTEXT('2D SPACE',''
  ) );
#2832 = ORIENTED_EDGE('',*,*,#2833,.T.);
#2833 = EDGE_CURVE('',#2806,#2834,#2836,.T.);
#2834 = VERTEX_POINT('',#2835);
#2835 = CARTESIAN_POINT('',(82.6,7.5,158.));
#2836 = SURFACE_CURVE('',#2837,(#2841,#2848),.PCURVE_S1.);
#2837 = LINE('',#2838,#2839);
#2838 = CARTESIAN_POINT('',(82.6,13.,158.));
#2839 = VECTOR('',#2840,1.);
#2840 = DIRECTION('',(0.,-1.,0.));
#2841 = PCURVE('',#586,#2842);
#2842 = DEFINITIONAL_REPRESENTATION('',(#2843),#2847);
#2843 = LINE('',#2844,#2845);
#2844 = CARTESIAN_POINT('',(82.6,13.));
#2845 = VECTOR('',#2846,1.);
#2846 = DIRECTION('',(0.,-1.));
#2847 = ( GEOMETRIC_REPRESENTATION_CONTEXT(2) 
PARAMETRIC_REPRESENTATION_CONTEXT() REPRESENTATION_CONTEXT('2D SPACE',''
  ) );
#2848 = PCURVE('',#2849,#2854);
#2849 = CYLINDRICAL_SURFACE('',#2850,0.6);
#2850 = AXIS2_PLACEMENT_3D('',#2851,#2852,#2853);
#2851 = CARTESIAN_POINT('',(82.6,13.,157.4));
#2852 = DIRECTION('',(0.,-1.,0.));
#2853 = DIRECTION('',(-1.,0.,0.));
#2854 = DEFINITIONAL_REPRESENTATION('',(#2855),#2859);
#2855 = LINE('',#2856,#2857);
#2856 = CARTESIAN_POINT('',(4.712388980385,0.));
#2857 = VECTOR('',#2858,1.);
#2858 = DIRECTION('',(-0.,1.));
#2859 = ( GEOMETRIC_REPRESENTATION_CONTEXT(2) 
PARAMETRIC_REPRESENTATION_CONTEXT() REPRESENTATION_CONTEXT('2D SPACE',''
  ) );
#2860 = ORIENTED_EDGE('',*,*,#2861,.T.);
#2861 = EDGE_CURVE('',#2834,#2862,#2864,.T.);
#2862 = VERTEX_POINT('',#2863);
#2863 = CARTESIAN_POINT('',(13.4,7.5,158.));
#2864 = SURFACE_CURVE('',#2865,(#2869,#2876),.PCURVE_S1.);
#2865 = LINE('',#2866,#2867);
#2866 = CARTESIAN_POINT('',(88.,7.5,158.));
#2867 = VECTOR('',#2868,1.);
#2868 = DIRECTION('',(-1.,-0.,0.));
#2869 = PCURVE('',#586,#2870);
#2870 = DEFINITIONAL_REPRESENTATION('',(#2871),#2875);
#2871 = LINE('',#2872,#2873);
#2872 = CARTESIAN_POINT('',(88.,7.5));
#2873 = VECTOR('',#2874,1.);
#2874 = DIRECTION('',(-1.,0.));
#2875 = ( GEOMETRIC_REPRESENTATION_CONTEXT(2) 
PARAMETRIC_REPRESENTATION_CONTEXT() REPRESENTATION_CONTEXT('2D SPACE',''
  ) );
#2876 = PCURVE('',#2877,#2882);
#2877 = CYLINDRICAL_SURFACE('',#2878,0.5);
#2878 = AXIS2_PLACEMENT_3D('',#2879,#2880,#2881);
#2879 = CARTESIAN_POINT('',(88.,7.5,157.5));
#2880 = DIRECTION('',(-1.,-0.,0.));
#2881 = DIRECTION('',(0.,0.,1.));
#2882 = DEFINITIONAL_REPRESENTATION('',(#2883),#2887);
#2883 = LINE('',#2884,#2885);
#2884 = CARTESIAN_POINT('',(0.,0.));
#2885 = VECTOR('',#2886,1.);
#2886 = DIRECTION('',(0.,1.));
#2887 = ( GEOMETRIC_REPRESENTATION_CONTEXT(2) 
PARAMETRIC_REPRESENTATION_CONTEXT() REPRESENTATION_CONTEXT('2D SPACE',''
  ) );
#2888 = ORIENTED_EDGE('',*,*,#2889,.F.);
#2889 = EDGE_CURVE('',#736,#2862,#2890,.T.);
#2890 = SURFACE_CURVE('',#2891,(#2895,#2902),.PCURVE_S1.);
#2891 = LINE('',#2892,#2893);
#2892 = CARTESIAN_POINT('',(13.4,13.,158.));
#2893 = VECTOR('',#2894,1.);
#2894 = DIRECTION('',(0.,-1.,0.));
#2895 = PCURVE('',#586,#2896);
#2896 = DEFINITIONAL_REPRESENTATION('',(#2897),#2901);
#2897 = LINE('',#2898,#2899);
#2898 = CARTESIAN_POINT('',(13.4,13.));
#2899 = VECTOR('',#2900,1.);
#2900 = DIRECTION('',(0.,-1.));
#2901 = ( GEOMETRIC_REPRESENTATION_CONTEXT(2) 
PARAMETRIC_REPRESENTATION_CONTEXT() REPRESENTATION_CONTEXT('2D SPACE',''
  ) );
#2902 = PCURVE('',#752,#2903);
#2903 = DEFINITIONAL_REPRESENTATION('',(#2904),#2908);
#2904 = LINE('',#2905,#2906);
#2905 = CARTESIAN_POINT('',(1.570796326795,0.));
#2906 = VECTOR('',#2907,1.);
#2907 = DIRECTION('',(0.,1.));
#2908 = ( GEOMETRIC_REPRESENTATION_CONTEXT(2) 
PARAMETRIC_REPRESENTATION_CONTEXT() REPRESENTATION_CONTEXT('2D SPACE',''
  ) );
#2909 = ORIENTED_EDGE('',*,*,#764,.T.);
#2910 = ORIENTED_EDGE('',*,*,#568,.T.);
#2911 = ORIENTED_EDGE('',*,*,#2912,.T.);
#2912 = EDGE_CURVE('',#571,#2913,#2915,.T.);
#2913 = VERTEX_POINT('',#2914);
#2914 = CARTESIAN_POINT('',(8.,94.5,158.));
#2915 = SURFACE_CURVE('',#2916,(#2921,#2932),.PCURVE_S1.);
#2916 = CIRCLE('',#2917,2.5);
#2917 = AXIS2_PLACEMENT_3D('',#2918,#2919,#2920);
#2918 = CARTESIAN_POINT('',(8.,92.,158.));
#2919 = DIRECTION('',(0.,0.,-1.));
#2920 = DIRECTION('',(-1.,0.,0.));
#2921 = PCURVE('',#586,#2922);
#2922 = DEFINITIONAL_REPRESENTATION('',(#2923),#2931);
#2923 = ( BOUNDED_CURVE() B_SPLINE_CURVE(2,(#2924,#2925,#2926,#2927,
#2928,#2929,#2930),.UNSPECIFIED.,.T.,.F.) B_SPLINE_CURVE_WITH_KNOTS((1,2
    ,2,2,2,1),(-2.094395102393,0.,2.094395102393,4.188790204786,
6.28318530718,8.377580409573),.UNSPECIFIED.) CURVE() 
GEOMETRIC_REPRESENTATION_ITEM() RATIONAL_B_SPLINE_CURVE((1.,0.5,1.,0.5,
1.,0.5,1.)) REPRESENTATION_ITEM('') );
#2924 = CARTESIAN_POINT('',(5.5,92.));
#2925 = CARTESIAN_POINT('',(5.5,96.330127018922));
#2926 = CARTESIAN_POINT('',(9.25,94.165063509461));
#2927 = CARTESIAN_POINT('',(13.,92.));
#2928 = CARTESIAN_POINT('',(9.25,89.834936490539));
#2929 = CARTESIAN_POINT('',(5.5,87.669872981078));
#2930 = CARTESIAN_POINT('',(5.5,92.));
#2931 = ( GEOMETRIC_REPRESENTATION_CONTEXT(2) 
PARAMETRIC_REPRESENTATION_CONTEXT() REPRESENTATION_CONTEXT('2D SPACE',''
  ) );
#2932 = PCURVE('',#639,#2933);
#2933 = DEFINITIONAL_REPRESENTATION('',(#2934),#2938);
#2934 = LINE('',#2935,#2936);
#2935 = CARTESIAN_POINT('',(6.28318530718,1.570796326795));
#2936 = VECTOR('',#2937,1.);
#2937 = DIRECTION('',(-1.,0.));
#2938 = ( GEOMETRIC_REPRESENTATION_CONTEXT(2) 
PARAMETRIC_REPRESENTATION_CONTEXT() REPRESENTATION_CONTEXT('2D SPACE',''
  ) );
#2939 = ORIENTED_EDGE('',*,*,#2940,.T.);
#2940 = EDGE_CURVE('',#2913,#2941,#2943,.T.);
#2941 = VERTEX_POINT('',#2942);
#2942 = CARTESIAN_POINT('',(88.,94.5,158.));
#2943 = SURFACE_CURVE('',#2944,(#2948,#2955),.PCURVE_S1.);
#2944 = LINE('',#2945,#2946);
#2945 = CARTESIAN_POINT('',(8.,94.5,158.));
#2946 = VECTOR('',#2947,1.);
#2947 = DIRECTION('',(1.,0.,-0.));
#2948 = PCURVE('',#586,#2949);
#2949 = DEFINITIONAL_REPRESENTATION('',(#2950),#2954);
#2950 = LINE('',#2951,#2952);
#2951 = CARTESIAN_POINT('',(8.,94.5));
#2952 = VECTOR('',#2953,1.);
#2953 = DIRECTION('',(1.,0.));
#2954 = ( GEOMETRIC_REPRESENTATION_CONTEXT(2) 
PARAMETRIC_REPRESENTATION_CONTEXT() REPRESENTATION_CONTEXT('2D SPACE',''
  ) );
#2955 = PCURVE('',#2956,#2961);
#2956 = CYLINDRICAL_SURFACE('',#2957,0.5);
#2957 = AXIS2_PLACEMENT_3D('',#2958,#2959,#2960);
#2958 = CARTESIAN_POINT('',(8.,94.5,157.5));
#2959 = DIRECTION('',(1.,0.,-0.));
#2960 = DIRECTION('',(0.,0.,1.));
#2961 = DEFINITIONAL_REPRESENTATION('',(#2962),#2966);
#2962 = LINE('',#2963,#2964);
#2963 = CARTESIAN_POINT('',(0.,0.));
#2964 = VECTOR('',#2965,1.);
#2965 = DIRECTION('',(0.,1.));
#2966 = ( GEOMETRIC_REPRESENTATION_CONTEXT(2) 
PARAMETRIC_REPRESENTATION_CONTEXT() REPRESENTATION_CONTEXT('2D SPACE',''
  ) );
#2967 = ORIENTED_EDGE('',*,*,#2968,.T.);
#2968 = EDGE_CURVE('',#2941,#2776,#2969,.T.);
#2969 = SURFACE_CURVE('',#2970,(#2975,#2986),.PCURVE_S1.);
#2970 = CIRCLE('',#2971,2.5);
#2971 = AXIS2_PLACEMENT_3D('',#2972,#2973,#2974);
#2972 = CARTESIAN_POINT('',(88.,92.,158.));
#2973 = DIRECTION('',(0.,0.,-1.));
#2974 = DIRECTION('',(0.,1.,0.));
#2975 = PCURVE('',#586,#2976);
#2976 = DEFINITIONAL_REPRESENTATION('',(#2977),#2985);
#2977 = ( BOUNDED_CURVE() B_SPLINE_CURVE(2,(#2978,#2979,#2980,#2981,
#2982,#2983,#2984),.UNSPECIFIED.,.T.,.F.) B_SPLINE_CURVE_WITH_KNOTS((1,2
    ,2,2,2,1),(-2.094395102393,0.,2.094395102393,4.188790204786,
6.28318530718,8.377580409573),.UNSPECIFIED.) CURVE() 
GEOMETRIC_REPRESENTATION_ITEM() RATIONAL_B_SPLINE_CURVE((1.,0.5,1.,0.5,
1.,0.5,1.)) REPRESENTATION_ITEM('') );
#2978 = CARTESIAN_POINT('',(88.,94.5));
#2979 = CARTESIAN_POINT('',(92.330127018922,94.5));
#2980 = CARTESIAN_POINT('',(90.165063509461,90.75));
#2981 = CARTESIAN_POINT('',(88.,87.));
#2982 = CARTESIAN_POINT('',(85.834936490539,90.75));
#2983 = CARTESIAN_POINT('',(83.669872981078,94.5));
#2984 = CARTESIAN_POINT('',(88.,94.5));
#2985 = ( GEOMETRIC_REPRESENTATION_CONTEXT(2) 
PARAMETRIC_REPRESENTATION_CONTEXT() REPRESENTATION_CONTEXT('2D SPACE',''
  ) );
#2986 = PCURVE('',#2987,#2992);
#2987 = TOROIDAL_SURFACE('',#2988,2.5,0.5);
#2988 = AXIS2_PLACEMENT_3D('',#2989,#2990,#2991);
#2989 = CARTESIAN_POINT('',(88.,92.,157.5));
#2990 = DIRECTION('',(0.,0.,1.));
#2991 = DIRECTION('',(0.,1.,-0.));
#2992 = DEFINITIONAL_REPRESENTATION('',(#2993),#2997);
#2993 = LINE('',#2994,#2995);
#2994 = CARTESIAN_POINT('',(6.28318530718,1.570796326795));
#2995 = VECTOR('',#2996,1.);
#2996 = DIRECTION('',(-1.,0.));
#2997 = ( GEOMETRIC_REPRESENTATION_CONTEXT(2) 
PARAMETRIC_REPRESENTATION_CONTEXT() REPRESENTATION_CONTEXT('2D SPACE',''
  ) );
#2998 = FACE_BOUND('',#2999,.T.);
#2999 = EDGE_LOOP('',(#3000));
#3000 = ORIENTED_EDGE('',*,*,#3001,.F.);
#3001 = EDGE_CURVE('',#3002,#3002,#3004,.T.);
#3002 = VERTEX_POINT('',#3003);
#3003 = CARTESIAN_POINT('',(4.9,85.,158.));
#3004 = SURFACE_CURVE('',#3005,(#3010,#3017),.PCURVE_S1.);
#3005 = CIRCLE('',#3006,1.4);
#3006 = AXIS2_PLACEMENT_3D('',#3007,#3008,#3009);
#3007 = CARTESIAN_POINT('',(3.5,85.,158.));
#3008 = DIRECTION('',(0.,0.,1.));
#3009 = DIRECTION('',(1.,0.,-0.));
#3010 = PCURVE('',#586,#3011);
#3011 = DEFINITIONAL_REPRESENTATION('',(#3012),#3016);
#3012 = CIRCLE('',#3013,1.4);
#3013 = AXIS2_PLACEMENT_2D('',#3014,#3015);
#3014 = CARTESIAN_POINT('',(3.5,85.));
#3015 = DIRECTION('',(1.,0.));
#3016 = ( GEOMETRIC_REPRESENTATION_CONTEXT(2) 
PARAMETRIC_REPRESENTATION_CONTEXT() REPRESENTATION_CONTEXT('2D SPACE',''
  ) );
#3017 = PCURVE('',#3018,#3023);
#3018 = CYLINDRICAL_SURFACE('',#3019,1.4);
#3019 = AXIS2_PLACEMENT_3D('',#3020,#3021,#3022);
#3020 = CARTESIAN_POINT('',(3.5,85.,151.));
#3021 = DIRECTION('',(0.,0.,1.));
#3022 = DIRECTION('',(1.,0.,-0.));
#3023 = DEFINITIONAL_REPRESENTATION('',(#3024),#3028);
#3024 = LINE('',#3025,#3026);
#3025 = CARTESIAN_POINT('',(0.,7.));
#3026 = VECTOR('',#3027,1.);
#3027 = DIRECTION('',(1.,0.));
#3028 = ( GEOMETRIC_REPRESENTATION_CONTEXT(2) 
PARAMETRIC_REPRESENTATION_CONTEXT() REPRESENTATION_CONTEXT('2D SPACE',''
  ) );
#3029 = FACE_BOUND('',#3030,.T.);
#3030 = EDGE_LOOP('',(#3031));
#3031 = ORIENTED_EDGE('',*,*,#3032,.F.);
#3032 = EDGE_CURVE('',#3033,#3033,#3035,.T.);
#3033 = VERTEX_POINT('',#3034);
#3034 = CARTESIAN_POINT('',(93.9,85.,158.));
#3035 = SURFACE_CURVE('',#3036,(#3041,#3048),.PCURVE_S1.);
#3036 = CIRCLE('',#3037,1.4);
#3037 = AXIS2_PLACEMENT_3D('',#3038,#3039,#3040);
#3038 = CARTESIAN_POINT('',(92.5,85.,158.));
#3039 = DIRECTION('',(0.,0.,1.));
#3040 = DIRECTION('',(1.,0.,-0.));
#3041 = PCURVE('',#586,#3042);
#3042 = DEFINITIONAL_REPRESENTATION('',(#3043),#3047);
#3043 = CIRCLE('',#3044,1.4);
#3044 = AXIS2_PLACEMENT_2D('',#3045,#3046);
#3045 = CARTESIAN_POINT('',(92.5,85.));
#3046 = DIRECTION('',(1.,0.));
#3047 = ( GEOMETRIC_REPRESENTATION_CONTEXT(2) 
PARAMETRIC_REPRESENTATION_CONTEXT() REPRESENTATION_CONTEXT('2D SPACE',''
  ) );
#3048 = PCURVE('',#3049,#3054);
#3049 = CYLINDRICAL_SURFACE('',#3050,1.4);
#3050 = AXIS2_PLACEMENT_3D('',#3051,#3052,#3053);
#3051 = CARTESIAN_POINT('',(92.5,85.,151.));
#3052 = DIRECTION('',(0.,0.,1.));
#3053 = DIRECTION('',(1.,0.,-0.));
#3054 = DEFINITIONAL_REPRESENTATION('',(#3055),#3059);
#3055 = LINE('',#3056,#3057);
#3056 = CARTESIAN_POINT('',(0.,7.));
#3057 = VECTOR('',#3058,1.);
#3058 = DIRECTION('',(1.,0.));
#3059 = ( GEOMETRIC_REPRESENTATION_CONTEXT(2) 
PARAMETRIC_REPRESENTATION_CONTEXT() REPRESENTATION_CONTEXT('2D SPACE',''
  ) );
#3060 = ADVANCED_FACE('',(#3061),#639,.T.);
#3061 = FACE_BOUND('',#3062,.T.);
#3062 = EDGE_LOOP('',(#3063,#3064,#3084,#3085));
#3063 = ORIENTED_EDGE('',*,*,#823,.T.);
#3064 = ORIENTED_EDGE('',*,*,#3065,.F.);
#3065 = EDGE_CURVE('',#2913,#824,#3066,.T.);
#3066 = SURFACE_CURVE('',#3067,(#3072,#3078),.PCURVE_S1.);
#3067 = CIRCLE('',#3068,0.5);
#3068 = AXIS2_PLACEMENT_3D('',#3069,#3070,#3071);
#3069 = CARTESIAN_POINT('',(8.,94.5,157.5));
#3070 = DIRECTION('',(1.,6.123233995737E-17,-0.));
#3071 = DIRECTION('',(-6.123233995737E-17,1.,0.));
#3072 = PCURVE('',#639,#3073);
#3073 = DEFINITIONAL_REPRESENTATION('',(#3074),#3077);
#3074 = B_SPLINE_CURVE_WITH_KNOTS('',1,(#3075,#3076),.UNSPECIFIED.,.F.,
  .F.,(2,2),(1.570796326795,3.14159265359),.PIECEWISE_BEZIER_KNOTS.);
#3075 = CARTESIAN_POINT('',(4.712388980385,1.570796326795));
#3076 = CARTESIAN_POINT('',(4.712388980385,3.14159265359));
#3077 = ( GEOMETRIC_REPRESENTATION_CONTEXT(2) 
PARAMETRIC_REPRESENTATION_CONTEXT() REPRESENTATION_CONTEXT('2D SPACE',''
  ) );
#3078 = PCURVE('',#2956,#3079);
#3079 = DEFINITIONAL_REPRESENTATION('',(#3080),#3083);
#3080 = B_SPLINE_CURVE_WITH_KNOTS('',1,(#3081,#3082),.UNSPECIFIED.,.F.,
  .F.,(2,2),(1.570796326795,3.14159265359),.PIECEWISE_BEZIER_KNOTS.);
#3081 = CARTESIAN_POINT('',(0.,0.));
#3082 = CARTESIAN_POINT('',(1.570796326795,0.));
#3083 = ( GEOMETRIC_REPRESENTATION_CONTEXT(2) 
PARAMETRIC_REPRESENTATION_CONTEXT() REPRESENTATION_CONTEXT('2D SPACE',''
  ) );
#3084 = ORIENTED_EDGE('',*,*,#2912,.F.);
#3085 = ORIENTED_EDGE('',*,*,#625,.T.);
#3086 = ADVANCED_FACE('',(#3087),#695,.T.);
#3087 = FACE_BOUND('',#3088,.T.);
#3088 = EDGE_LOOP('',(#3089,#3090,#3111,#3112));
#3089 = ORIENTED_EDGE('',*,*,#678,.T.);
#3090 = ORIENTED_EDGE('',*,*,#3091,.T.);
#3091 = EDGE_CURVE('',#679,#1557,#3092,.T.);
#3092 = SURFACE_CURVE('',#3093,(#3097,#3104),.PCURVE_S1.);
#3093 = LINE('',#3094,#3095);
#3094 = CARTESIAN_POINT('',(14.,13.,143.24852813742));
#3095 = VECTOR('',#3096,1.);
#3096 = DIRECTION('',(0.,-1.,0.));
#3097 = PCURVE('',#695,#3098);
#3098 = DEFINITIONAL_REPRESENTATION('',(#3099),#3103);
#3099 = LINE('',#3100,#3101);
#3100 = CARTESIAN_POINT('',(0.785398163397,0.));
#3101 = VECTOR('',#3102,1.);
#3102 = DIRECTION('',(0.,1.));
#3103 = ( GEOMETRIC_REPRESENTATION_CONTEXT(2) 
PARAMETRIC_REPRESENTATION_CONTEXT() REPRESENTATION_CONTEXT('2D SPACE',''
  ) );
#3104 = PCURVE('',#723,#3105);
#3105 = DEFINITIONAL_REPRESENTATION('',(#3106),#3110);
#3106 = LINE('',#3107,#3108);
#3107 = CARTESIAN_POINT('',(0.24852813742,0.));
#3108 = VECTOR('',#3109,1.);
#3109 = DIRECTION('',(0.,-1.));
#3110 = ( GEOMETRIC_REPRESENTATION_CONTEXT(2) 
PARAMETRIC_REPRESENTATION_CONTEXT() REPRESENTATION_CONTEXT('2D SPACE',''
  ) );
#3111 = ORIENTED_EDGE('',*,*,#1579,.F.);
#3112 = ORIENTED_EDGE('',*,*,#931,.F.);
#3113 = ADVANCED_FACE('',(#3114),#723,.F.);
#3114 = FACE_BOUND('',#3115,.F.);
#3115 = EDGE_LOOP('',(#3116,#3117,#3118,#3141,#3169,#3190));
#3116 = ORIENTED_EDGE('',*,*,#3091,.T.);
#3117 = ORIENTED_EDGE('',*,*,#1556,.T.);
#3118 = ORIENTED_EDGE('',*,*,#3119,.F.);
#3119 = EDGE_CURVE('',#3120,#1529,#3122,.T.);
#3120 = VERTEX_POINT('',#3121);
#3121 = CARTESIAN_POINT('',(14.,8.,154.));
#3122 = SURFACE_CURVE('',#3123,(#3127,#3134),.PCURVE_S1.);
#3123 = LINE('',#3124,#3125);
#3124 = CARTESIAN_POINT('',(14.,6.,154.));
#3125 = VECTOR('',#3126,1.);
#3126 = DIRECTION('',(0.,-1.,0.));
#3127 = PCURVE('',#723,#3128);
#3128 = DEFINITIONAL_REPRESENTATION('',(#3129),#3133);
#3129 = LINE('',#3130,#3131);
#3130 = CARTESIAN_POINT('',(11.,-7.));
#3131 = VECTOR('',#3132,1.);
#3132 = DIRECTION('',(0.,-1.));
#3133 = ( GEOMETRIC_REPRESENTATION_CONTEXT(2) 
PARAMETRIC_REPRESENTATION_CONTEXT() REPRESENTATION_CONTEXT('2D SPACE',''
  ) );
#3134 = PCURVE('',#1544,#3135);
#3135 = DEFINITIONAL_REPRESENTATION('',(#3136),#3140);
#3136 = LINE('',#3137,#3138);
#3137 = CARTESIAN_POINT('',(8.,7.));
#3138 = VECTOR('',#3139,1.);
#3139 = DIRECTION('',(0.,-1.));
#3140 = ( GEOMETRIC_REPRESENTATION_CONTEXT(2) 
PARAMETRIC_REPRESENTATION_CONTEXT() REPRESENTATION_CONTEXT('2D SPACE',''
  ) );
#3141 = ORIENTED_EDGE('',*,*,#3142,.T.);
#3142 = EDGE_CURVE('',#3120,#3143,#3145,.T.);
#3143 = VERTEX_POINT('',#3144);
#3144 = CARTESIAN_POINT('',(14.,8.,157.4));
#3145 = SURFACE_CURVE('',#3146,(#3150,#3157),.PCURVE_S1.);
#3146 = LINE('',#3147,#3148);
#3147 = CARTESIAN_POINT('',(14.,8.,74.5));
#3148 = VECTOR('',#3149,1.);
#3149 = DIRECTION('',(0.,0.,1.));
#3150 = PCURVE('',#723,#3151);
#3151 = DEFINITIONAL_REPRESENTATION('',(#3152),#3156);
#3152 = LINE('',#3153,#3154);
#3153 = CARTESIAN_POINT('',(-68.5,-5.));
#3154 = VECTOR('',#3155,1.);
#3155 = DIRECTION('',(1.,0.));
#3156 = ( GEOMETRIC_REPRESENTATION_CONTEXT(2) 
PARAMETRIC_REPRESENTATION_CONTEXT() REPRESENTATION_CONTEXT('2D SPACE',''
  ) );
#3157 = PCURVE('',#3158,#3163);
#3158 = PLANE('',#3159);
#3159 = AXIS2_PLACEMENT_3D('',#3160,#3161,#3162);
#3160 = CARTESIAN_POINT('',(6.,8.,6.));
#3161 = DIRECTION('',(-0.,1.,0.));
#3162 = DIRECTION('',(0.,0.,1.));
#3163 = DEFINITIONAL_REPRESENTATION('',(#3164),#3168);
#3164 = LINE('',#3165,#3166);
#3165 = CARTESIAN_POINT('',(68.5,8.));
#3166 = VECTOR('',#3167,1.);
#3167 = DIRECTION('',(1.,0.));
#3168 = ( GEOMETRIC_REPRESENTATION_CONTEXT(2) 
PARAMETRIC_REPRESENTATION_CONTEXT() REPRESENTATION_CONTEXT('2D SPACE',''
  ) );
#3169 = ORIENTED_EDGE('',*,*,#3170,.F.);
#3170 = EDGE_CURVE('',#708,#3143,#3171,.T.);
#3171 = SURFACE_CURVE('',#3172,(#3176,#3183),.PCURVE_S1.);
#3172 = LINE('',#3173,#3174);
#3173 = CARTESIAN_POINT('',(14.,13.,157.4));
#3174 = VECTOR('',#3175,1.);
#3175 = DIRECTION('',(0.,-1.,0.));
#3176 = PCURVE('',#723,#3177);
#3177 = DEFINITIONAL_REPRESENTATION('',(#3178),#3182);
#3178 = LINE('',#3179,#3180);
#3179 = CARTESIAN_POINT('',(14.4,0.));
#3180 = VECTOR('',#3181,1.);
#3181 = DIRECTION('',(0.,-1.));
#3182 = ( GEOMETRIC_REPRESENTATION_CONTEXT(2) 
PARAMETRIC_REPRESENTATION_CONTEXT() REPRESENTATION_CONTEXT('2D SPACE',''
  ) );
#3183 = PCURVE('',#752,#3184);
#3184 = DEFINITIONAL_REPRESENTATION('',(#3185),#3189);
#3185 = LINE('',#3186,#3187);
#3186 = CARTESIAN_POINT('',(0.,0.));
#3187 = VECTOR('',#3188,1.);
#3188 = DIRECTION('',(0.,1.));
#3189 = ( GEOMETRIC_REPRESENTATION_CONTEXT(2) 
PARAMETRIC_REPRESENTATION_CONTEXT() REPRESENTATION_CONTEXT('2D SPACE',''
  ) );
#3190 = ORIENTED_EDGE('',*,*,#707,.T.);
#3191 = ADVANCED_FACE('',(#3192),#752,.T.);
#3192 = FACE_BOUND('',#3193,.T.);
#3193 = EDGE_LOOP('',(#3194,#3195,#3196,#3197,#3415));
#3194 = ORIENTED_EDGE('',*,*,#3170,.F.);
#3195 = ORIENTED_EDGE('',*,*,#735,.T.);
#3196 = ORIENTED_EDGE('',*,*,#2889,.T.);
#3197 = ORIENTED_EDGE('',*,*,#3198,.T.);
#3198 = EDGE_CURVE('',#2862,#3199,#3201,.T.);
#3199 = VERTEX_POINT('',#3200);
#3200 = CARTESIAN_POINT('',(13.991607978305,8.,157.5));
#3201 = SURFACE_CURVE('',#3202,(#3271,#3343),.PCURVE_S1.);
#3202 = B_SPLINE_CURVE_WITH_KNOTS('',7,(#3203,#3204,#3205,#3206,#3207,
    #3208,#3209,#3210,#3211,#3212,#3213,#3214,#3215,#3216,#3217,#3218,
    #3219,#3220,#3221,#3222,#3223,#3224,#3225,#3226,#3227,#3228,#3229,
    #3230,#3231,#3232,#3233,#3234,#3235,#3236,#3237,#3238,#3239,#3240,
    #3241,#3242,#3243,#3244,#3245,#3246,#3247,#3248,#3249,#3250,#3251,
    #3252,#3253,#3254,#3255,#3256,#3257,#3258,#3259,#3260,#3261,#3262,
    #3263,#3264,#3265,#3266,#3267,#3268,#3269,#3270),.UNSPECIFIED.,.F.,
  .F.,(8,6,6,6,6,6,6,6,6,6,6,8),(0.,6.164182224091E-04,
    1.232836303652E-03,1.849254116969E-03,2.465671526543E-03,
    3.060832653744E-03,3.634737437344E-03,4.229897225116E-03,
    4.846311809764E-03,5.420214094611E-03,0.606963901072,1.),
  .UNSPECIFIED.);
#3203 = CARTESIAN_POINT('',(13.4,7.5,158.));
#3204 = CARTESIAN_POINT('',(13.400069616275,7.50006355059,158.));
#3205 = CARTESIAN_POINT('',(13.400139232491,7.500127101231,
    157.99999999057));
#3206 = CARTESIAN_POINT('',(13.40020884869,7.500190651885,
    157.99999997172));
#3207 = CARTESIAN_POINT('',(13.400278464897,7.500254202528,
    157.99999994345));
#3208 = CARTESIAN_POINT('',(13.40034808112,7.50031775315,157.99999990576
    ));
#3209 = CARTESIAN_POINT('',(13.40041769735,7.500381303757,
    157.99999985864));
#3210 = CARTESIAN_POINT('',(13.400556929756,7.500508404968,
    157.99999974556));
#3211 = CARTESIAN_POINT('',(13.400626545946,7.50057195556,
    157.99999967959));
#3212 = CARTESIAN_POINT('',(13.400696162129,7.500635506145,
    157.9999996042));
#3213 = CARTESIAN_POINT('',(13.400765778305,7.500699056722,
    157.99999951939));
#3214 = CARTESIAN_POINT('',(13.400835394472,7.500762607288,
    157.99999942516));
#3215 = CARTESIAN_POINT('',(13.400905010629,7.500826157844,
    157.9999993215));
#3216 = CARTESIAN_POINT('',(13.40104424289,7.500953258903,
    157.99999909533));
#3217 = CARTESIAN_POINT('',(13.401113858995,7.501016809407,
    157.99999897282));
#3218 = CARTESIAN_POINT('',(13.401183475088,7.501080359897,
    157.99999884089));
#3219 = CARTESIAN_POINT('',(13.401253091167,7.501143910373,
    157.99999869954));
#3220 = CARTESIAN_POINT('',(13.401322707232,7.501207460833,
    157.99999854876));
#3221 = CARTESIAN_POINT('',(13.401392323282,7.501271011276,
    157.99999838856));
#3222 = CARTESIAN_POINT('',(13.401531555303,7.501398112084,
    157.99999804931));
#3223 = CARTESIAN_POINT('',(13.401601171274,7.501461662449,
    157.99999787026));
#3224 = CARTESIAN_POINT('',(13.401670787228,7.501525212794,
    157.99999768179));
#3225 = CARTESIAN_POINT('',(13.401740403162,7.501588763119,
    157.9999974839));
#3226 = CARTESIAN_POINT('',(13.401810019077,7.501652313422,
    157.99999727658));
#3227 = CARTESIAN_POINT('',(13.401879634972,7.501715863702,
    157.99999705984));
#3228 = CARTESIAN_POINT('',(13.402016466111,7.501840772773,
    157.9999966153));
#3229 = CARTESIAN_POINT('',(13.402083681358,7.501902131565,
    157.99999638815));
#3230 = CARTESIAN_POINT('',(13.402150896583,7.501963490334,
    157.99999615222));
#3231 = CARTESIAN_POINT('',(13.402218111786,7.502024849078,
    157.99999590749));
#3232 = CARTESIAN_POINT('',(13.402285326965,7.502086207795,
    157.99999565399));
#3233 = CARTESIAN_POINT('',(13.40235254212,7.502147566486,157.9999953917
    ));
#3234 = CARTESIAN_POINT('',(13.402484571772,7.50226809237,
    157.99999485923));
#3235 = CARTESIAN_POINT('',(13.402549386271,7.502327259565,
    157.99999458966));
#3236 = CARTESIAN_POINT('',(13.402614200745,7.502386426733,
    157.99999431193));
#3237 = CARTESIAN_POINT('',(13.402679015194,7.502445593873,
    157.99999402603));
#3238 = CARTESIAN_POINT('',(13.402743829616,7.502504760984,
    157.99999373196));
#3239 = CARTESIAN_POINT('',(13.402808644011,7.502563928065,
    157.99999342973));
#3240 = CARTESIAN_POINT('',(13.402940673195,7.502684453462,
    157.99999279742));
#3241 = CARTESIAN_POINT('',(13.403007887982,7.502745811775,
    157.99999246673));
#3242 = CARTESIAN_POINT('',(13.403075102738,7.502807170054,
    157.99999212726));
#3243 = CARTESIAN_POINT('',(13.403142317461,7.502868528298,157.999991779
    ));
#3244 = CARTESIAN_POINT('',(13.403209532151,7.502929886505,
    157.99999142196));
#3245 = CARTESIAN_POINT('',(13.403276746807,7.502991244674,
    157.99999105614));
#3246 = CARTESIAN_POINT('',(13.403413576468,7.503116152202,
    157.99999029354));
#3247 = CARTESIAN_POINT('',(13.40348319147,7.503179701559,
    157.99998989612));
#3248 = CARTESIAN_POINT('',(13.403552806433,7.503243250873,
    157.99998948929));
#3249 = CARTESIAN_POINT('',(13.403622421357,7.503306800142,
    157.99998907303));
#3250 = CARTESIAN_POINT('',(13.403692036239,7.503370349367,
    157.99998864734));
#3251 = CARTESIAN_POINT('',(13.40376165108,7.503433898545,
    157.99998821224));
#3252 = CARTESIAN_POINT('',(13.403896079546,7.503556614009,
    157.99998735383));
#3253 = CARTESIAN_POINT('',(13.403960893178,7.503615780301,
    157.99998693179));
#3254 = CARTESIAN_POINT('',(13.404025706772,7.503674946551,
    157.99998650158));
#3255 = CARTESIAN_POINT('',(13.404090520326,7.503734112758,
    157.9999860632));
#3256 = CARTESIAN_POINT('',(13.40415533384,7.50379327892,157.99998561666
    ));
#3257 = CARTESIAN_POINT('',(13.404220147313,7.503852445037,
    157.99998516194));
#3258 = CARTESIAN_POINT('',(13.472220062882,7.565927353698,
    157.99949952128));
#3259 = CARTESIAN_POINT('',(13.54014734237,7.627927238425,157.9900396963
    ));
#3260 = CARTESIAN_POINT('',(13.607074978966,7.688810618887,
    157.97158590043));
#3261 = CARTESIAN_POINT('',(13.671887228611,7.747363617434,
    157.94405892773));
#3262 = CARTESIAN_POINT('',(13.733305871751,7.802184945688,
    157.90747261199));
#3263 = CARTESIAN_POINT('',(13.789874795508,7.85167025995,
    157.86196858645));
#3264 = CARTESIAN_POINT('',(13.872626481347,7.921444121088,
    157.77274239237));
#3265 = CARTESIAN_POINT('',(13.902664398225,7.946007775771,
    157.7337416169));
#3266 = CARTESIAN_POINT('',(13.929272988626,7.966755950092,
    157.69136301708));
#3267 = CARTESIAN_POINT('',(13.951841525883,7.983012445529,
    157.64613127188));
#3268 = CARTESIAN_POINT('',(13.969915137403,7.994233466985,
    157.59867886634));
#3269 = CARTESIAN_POINT('',(13.983205033553,8.,157.54971249159));
#3270 = CARTESIAN_POINT('',(13.99160797831,8.,157.5));
#3271 = PCURVE('',#752,#3272);
#3272 = DEFINITIONAL_REPRESENTATION('',(#3273),#3342);
#3273 = B_SPLINE_CURVE_WITH_KNOTS('',7,(#3274,#3275,#3276,#3277,#3278,
    #3279,#3280,#3281,#3282,#3283,#3284,#3285,#3286,#3287,#3288,#3289,
    #3290,#3291,#3292,#3293,#3294,#3295,#3296,#3297,#3298,#3299,#3300,
    #3301,#3302,#3303,#3304,#3305,#3306,#3307,#3308,#3309,#3310,#3311,
    #3312,#3313,#3314,#3315,#3316,#3317,#3318,#3319,#3320,#3321,#3322,
    #3323,#3324,#3325,#3326,#3327,#3328,#3329,#3330,#3331,#3332,#3333,
    #3334,#3335,#3336,#3337,#3338,#3339,#3340,#3341),.UNSPECIFIED.,.F.,
  .F.,(8,6,6,6,6,6,6,6,6,6,6,8),(0.,6.164182224091E-04,
    1.232836303652E-03,1.849254116969E-03,2.465671526543E-03,
    3.060832653744E-03,3.634737437344E-03,4.229897225116E-03,
    4.846311809764E-03,5.420214094611E-03,0.606963901072,1.),
  .UNSPECIFIED.);
#3274 = CARTESIAN_POINT('',(1.570796326795,5.5));
#3275 = CARTESIAN_POINT('',(1.57068029967,5.49993644941));
#3276 = CARTESIAN_POINT('',(1.570564272644,5.499872898769));
#3277 = CARTESIAN_POINT('',(1.570448245643,5.499809348115));
#3278 = CARTESIAN_POINT('',(1.570332218623,5.499745797472));
#3279 = CARTESIAN_POINT('',(1.570216191569,5.49968224685));
#3280 = CARTESIAN_POINT('',(1.570100164493,5.499618696243));
#3281 = CARTESIAN_POINT('',(1.569868110407,5.499491595032));
#3282 = CARTESIAN_POINT('',(1.569752083373,5.49942804444));
#3283 = CARTESIAN_POINT('',(1.569636056334,5.499364493855));
#3284 = CARTESIAN_POINT('',(1.569520029291,5.499300943278));
#3285 = CARTESIAN_POINT('',(1.569404002242,5.499237392712));
#3286 = CARTESIAN_POINT('',(1.569287975186,5.499173842156));
#3287 = CARTESIAN_POINT('',(1.56905592111,5.499046741097));
#3288 = CARTESIAN_POINT('',(1.568939894091,5.498983190593));
#3289 = CARTESIAN_POINT('',(1.568823867063,5.498919640103));
#3290 = CARTESIAN_POINT('',(1.568707840027,5.498856089627));
#3291 = CARTESIAN_POINT('',(1.568591812981,5.498792539167));
#3292 = CARTESIAN_POINT('',(1.568475785925,5.498728988724));
#3293 = CARTESIAN_POINT('',(1.568243731868,5.498601887916));
#3294 = CARTESIAN_POINT('',(1.568127704867,5.498538337551));
#3295 = CARTESIAN_POINT('',(1.568011677854,5.498474787206));
#3296 = CARTESIAN_POINT('',(1.567895650829,5.498411236881));
#3297 = CARTESIAN_POINT('',(1.567779623791,5.498347686578));
#3298 = CARTESIAN_POINT('',(1.56766359674,5.498284136298));
#3299 = CARTESIAN_POINT('',(1.567435543637,5.498159227227));
#3300 = CARTESIAN_POINT('',(1.567323517587,5.498097868435));
#3301 = CARTESIAN_POINT('',(1.567211491523,5.498036509666));
#3302 = CARTESIAN_POINT('',(1.567099465444,5.497975150922));
#3303 = CARTESIAN_POINT('',(1.56698743935,5.497913792205));
#3304 = CARTESIAN_POINT('',(1.56687541324,5.497852433514));
#3305 = CARTESIAN_POINT('',(1.566655362031,5.49773190763));
#3306 = CARTESIAN_POINT('',(1.566547336933,5.497672740435));
#3307 = CARTESIAN_POINT('',(1.566439311819,5.497613573267));
#3308 = CARTESIAN_POINT('',(1.566331286688,5.497554406127));
#3309 = CARTESIAN_POINT('',(1.56622326154,5.497495239016));
#3310 = CARTESIAN_POINT('',(1.566115236375,5.497436071935));
#3311 = CARTESIAN_POINT('',(1.565895185211,5.497315546538));
#3312 = CARTESIAN_POINT('',(1.565783159212,5.497254188225));
#3313 = CARTESIAN_POINT('',(1.565671133192,5.497192829946));
#3314 = CARTESIAN_POINT('',(1.565559107151,5.497131471702));
#3315 = CARTESIAN_POINT('',(1.565447081089,5.497070113495));
#3316 = CARTESIAN_POINT('',(1.565335055004,5.497008755326));
#3317 = CARTESIAN_POINT('',(1.565107002028,5.496883847798));
#3318 = CARTESIAN_POINT('',(1.564990975134,5.496820298441));
#3319 = CARTESIAN_POINT('',(1.564874948216,5.496756749127));
#3320 = CARTESIAN_POINT('',(1.564758921271,5.496693199858));
#3321 = CARTESIAN_POINT('',(1.564642894299,5.496629650633));
#3322 = CARTESIAN_POINT('',(1.5645268673,5.496566101455));
#3323 = CARTESIAN_POINT('',(1.564302815288,5.496443385991));
#3324 = CARTESIAN_POINT('',(1.564194790279,5.496384219699));
#3325 = CARTESIAN_POINT('',(1.564086765245,5.496325053449));
#3326 = CARTESIAN_POINT('',(1.563978740185,5.496265887242));
#3327 = CARTESIAN_POINT('',(1.563870715099,5.49620672108));
#3328 = CARTESIAN_POINT('',(1.563762689986,5.496147554963));
#3329 = CARTESIAN_POINT('',(1.450426607125,5.434072646302));
#3330 = CARTESIAN_POINT('',(1.337104427593,5.372072761575));
#3331 = CARTESIAN_POINT('',(1.222972341951,5.311189381113));
#3332 = CARTESIAN_POINT('',(1.107491101728,5.252636382566));
#3333 = CARTESIAN_POINT('',(0.990157655896,5.197815054312));
#3334 = CARTESIAN_POINT('',(0.870439470718,5.14832974005));
#3335 = CARTESIAN_POINT('',(0.66761801654,5.078555878912));
#3336 = CARTESIAN_POINT('',(0.585915871451,5.053992224229));
#3337 = CARTESIAN_POINT('',(0.503129363563,5.033244049908));
#3338 = CARTESIAN_POINT('',(0.419610120436,5.016987554471));
#3339 = CARTESIAN_POINT('',(0.335637946977,5.005766533015));
#3340 = CARTESIAN_POINT('',(0.251477526788,5.));
#3341 = CARTESIAN_POINT('',(0.16744807922,5.));
#3342 = ( GEOMETRIC_REPRESENTATION_CONTEXT(2) 
PARAMETRIC_REPRESENTATION_CONTEXT() REPRESENTATION_CONTEXT('2D SPACE',''
  ) );
#3343 = PCURVE('',#2877,#3344);
#3344 = DEFINITIONAL_REPRESENTATION('',(#3345),#3414);
#3345 = B_SPLINE_CURVE_WITH_KNOTS('',7,(#3346,#3347,#3348,#3349,#3350,
    #3351,#3352,#3353,#3354,#3355,#3356,#3357,#3358,#3359,#3360,#3361,
    #3362,#3363,#3364,#3365,#3366,#3367,#3368,#3369,#3370,#3371,#3372,
    #3373,#3374,#3375,#3376,#3377,#3378,#3379,#3380,#3381,#3382,#3383,
    #3384,#3385,#3386,#3387,#3388,#3389,#3390,#3391,#3392,#3393,#3394,
    #3395,#3396,#3397,#3398,#3399,#3400,#3401,#3402,#3403,#3404,#3405,
    #3406,#3407,#3408,#3409,#3410,#3411,#3412,#3413),.UNSPECIFIED.,.F.,
  .F.,(8,6,6,6,6,6,6,6,6,6,6,8),(0.,6.164182224091E-04,
    1.232836303652E-03,1.849254116969E-03,2.465671526543E-03,
    3.060832653744E-03,3.634737437344E-03,4.229897225116E-03,
    4.846311809764E-03,5.420214094611E-03,0.606963901072,1.),
  .UNSPECIFIED.);
#3346 = CARTESIAN_POINT('',(0.,74.6));
#3347 = CARTESIAN_POINT('',(1.271011800745E-04,74.599930383725));
#3348 = CARTESIAN_POINT('',(2.542024626255E-04,74.599860767509));
#3349 = CARTESIAN_POINT('',(3.813037735984E-04,74.59979115131));
#3350 = CARTESIAN_POINT('',(5.084050685488E-04,74.599721535103));
#3351 = CARTESIAN_POINT('',(6.355063326425E-04,74.59965191888));
#3352 = CARTESIAN_POINT('',(7.626075806554E-04,74.59958230265));
#3353 = CARTESIAN_POINT('',(1.016810104184E-03,74.599443070244));
#3354 = CARTESIAN_POINT('',(1.143911355742E-03,74.599373454054));
#3355 = CARTESIAN_POINT('',(1.271012612689E-03,74.599303837871));
#3356 = CARTESIAN_POINT('',(1.398113876031E-03,74.599234221695));
#3357 = CARTESIAN_POINT('',(1.525215146739E-03,74.599164605528));
#3358 = CARTESIAN_POINT('',(1.652316425745E-03,74.599094989371));
#3359 = CARTESIAN_POINT('',(1.906518946903E-03,74.59895575711));
#3360 = CARTESIAN_POINT('',(2.033620189079E-03,74.598886141005));
#3361 = CARTESIAN_POINT('',(2.16072144141E-03,74.598816524912));
#3362 = CARTESIAN_POINT('',(2.287822704829E-03,74.598746908833));
#3363 = CARTESIAN_POINT('',(2.414923980267E-03,74.598677292768));
#3364 = CARTESIAN_POINT('',(2.542025268655E-03,74.598607676718));
#3365 = CARTESIAN_POINT('',(2.796227789939E-03,74.598468444697));
#3366 = CARTESIAN_POINT('',(2.923329022831E-03,74.598398828726));
#3367 = CARTESIAN_POINT('',(3.050430270527E-03,74.598329212772));
#3368 = CARTESIAN_POINT('',(3.177531533957E-03,74.598259596838));
#3369 = CARTESIAN_POINT('',(3.304632814046E-03,74.598189980923));
#3370 = CARTESIAN_POINT('',(3.431734111718E-03,74.598120365028));
#3371 = CARTESIAN_POINT('',(3.68155383499E-03,74.597983533889));
#3372 = CARTESIAN_POINT('',(3.804272259333E-03,74.597916318642));
#3373 = CARTESIAN_POINT('',(3.926990701768E-03,74.597849103417));
#3374 = CARTESIAN_POINT('',(4.04970916313E-03,74.597781888214));
#3375 = CARTESIAN_POINT('',(4.172427644255E-03,74.597714673035));
#3376 = CARTESIAN_POINT('',(4.295146145974E-03,74.59764745788));
#3377 = CARTESIAN_POINT('',(4.53620026639E-03,74.597515428228));
#3378 = CARTESIAN_POINT('',(4.654535883588E-03,74.597450613729));
#3379 = CARTESIAN_POINT('',(4.772871521456E-03,74.597385799255));
#3380 = CARTESIAN_POINT('',(4.891207180742E-03,74.597320984806));
#3381 = CARTESIAN_POINT('',(5.009542862193E-03,74.597256170384));
#3382 = CARTESIAN_POINT('',(5.127878566554E-03,74.597191355989));
#3383 = CARTESIAN_POINT('',(5.368932677106E-03,74.597059326805));
#3384 = CARTESIAN_POINT('',(5.491651085084E-03,74.596992112018));
#3385 = CARTESIAN_POINT('',(5.614369519338E-03,74.596924897262));
#3386 = CARTESIAN_POINT('',(5.737087980702E-03,74.596857682539));
#3387 = CARTESIAN_POINT('',(5.859806470009E-03,74.596790467849));
#3388 = CARTESIAN_POINT('',(5.982524988092E-03,74.596723253193));
#3389 = CARTESIAN_POINT('',(6.232344701152E-03,74.596586423532));
#3390 = CARTESIAN_POINT('',(6.359445898284E-03,74.59651680853));
#3391 = CARTESIAN_POINT('',(6.486547128102E-03,74.596447193567));
#3392 = CARTESIAN_POINT('',(6.613648391533E-03,74.596377578643));
#3393 = CARTESIAN_POINT('',(6.740749689501E-03,74.596307963761));
#3394 = CARTESIAN_POINT('',(6.867851022933E-03,74.59623834892));
#3395 = CARTESIAN_POINT('',(7.113287955169E-03,74.596103920454));
#3396 = CARTESIAN_POINT('',(7.231623549125E-03,74.596039106822));
#3397 = CARTESIAN_POINT('',(7.349959175373E-03,74.595974293228));
#3398 = CARTESIAN_POINT('',(7.468294834658E-03,74.595909479674));
#3399 = CARTESIAN_POINT('',(7.586630527729E-03,74.59584466616));
#3400 = CARTESIAN_POINT('',(7.704966255333E-03,74.595779852687));
#3401 = CARTESIAN_POINT('',(0.131858582911,74.527779937118));
#3402 = CARTESIAN_POINT('',(0.256002676043,74.45985265763));
#3403 = CARTESIAN_POINT('',(0.381170590221,74.392925021034));
#3404 = CARTESIAN_POINT('',(0.508081197422,74.328112771389));
#3405 = CARTESIAN_POINT('',(0.637463156958,74.266694128249));
#3406 = CARTESIAN_POINT('',(0.770120582931,74.210125204492));
#3407 = CARTESIAN_POINT('',(0.996657161946,74.127373518653));
#3408 = CARTESIAN_POINT('',(1.088364913451,74.097335601775));
#3409 = CARTESIAN_POINT('',(1.181865614859,74.070727011374));
#3410 = CARTESIAN_POINT('',(1.276928687848,74.048158474117));
#3411 = CARTESIAN_POINT('',(1.373438502887,74.030084862597));
#3412 = CARTESIAN_POINT('',(1.471371343606,74.016794966447));
#3413 = CARTESIAN_POINT('',(1.570796326795,74.00839202169));
#3414 = ( GEOMETRIC_REPRESENTATION_CONTEXT(2) 
PARAMETRIC_REPRESENTATION_CONTEXT() REPRESENTATION_CONTEXT('2D SPACE',''
  ) );
#3415 = ORIENTED_EDGE('',*,*,#3416,.F.);
#3416 = EDGE_CURVE('',#3143,#3199,#3417,.T.);
#3417 = SURFACE_CURVE('',#3418,(#3423,#3430),.PCURVE_S1.);
#3418 = CIRCLE('',#3419,0.6);
#3419 = AXIS2_PLACEMENT_3D('',#3420,#3421,#3422);
#3420 = CARTESIAN_POINT('',(13.4,8.,157.4));
#3421 = DIRECTION('',(0.,-1.,0.));
#3422 = DIRECTION('',(1.,0.,0.));
#3423 = PCURVE('',#752,#3424);
#3424 = DEFINITIONAL_REPRESENTATION('',(#3425),#3429);
#3425 = LINE('',#3426,#3427);
#3426 = CARTESIAN_POINT('',(0.,5.));
#3427 = VECTOR('',#3428,1.);
#3428 = DIRECTION('',(1.,0.));
#3429 = ( GEOMETRIC_REPRESENTATION_CONTEXT(2) 
PARAMETRIC_REPRESENTATION_CONTEXT() REPRESENTATION_CONTEXT('2D SPACE',''
  ) );
#3430 = PCURVE('',#3158,#3431);
#3431 = DEFINITIONAL_REPRESENTATION('',(#3432),#3440);
#3432 = ( BOUNDED_CURVE() B_SPLINE_CURVE(2,(#3433,#3434,#3435,#3436,
#3437,#3438,#3439),.UNSPECIFIED.,.T.,.F.) B_SPLINE_CURVE_WITH_KNOTS((1,2
    ,2,2,2,1),(-2.094395102393,0.,2.094395102393,4.188790204786,
6.28318530718,8.377580409573),.UNSPECIFIED.) CURVE() 
GEOMETRIC_REPRESENTATION_ITEM() RATIONAL_B_SPLINE_CURVE((1.,0.5,1.,0.5,
1.,0.5,1.)) REPRESENTATION_ITEM('') );
#3433 = CARTESIAN_POINT('',(151.4,8.));
#3434 = CARTESIAN_POINT('',(152.43923048454,8.));
#3435 = CARTESIAN_POINT('',(151.91961524227,7.1));
#3436 = CARTESIAN_POINT('',(151.4,6.2));
#3437 = CARTESIAN_POINT('',(150.88038475772,7.1));
#3438 = CARTESIAN_POINT('',(150.36076951545,8.));
#3439 = CARTESIAN_POINT('',(151.4,8.));
#3440 = ( GEOMETRIC_REPRESENTATION_CONTEXT(2) 
PARAMETRIC_REPRESENTATION_CONTEXT() REPRESENTATION_CONTEXT('2D SPACE',''
  ) );
#3441 = ADVANCED_FACE('',(#3442),#808,.F.);
#3442 = FACE_BOUND('',#3443,.F.);
#3443 = EDGE_LOOP('',(#3444,#3445,#3466,#3467));
#3444 = ORIENTED_EDGE('',*,*,#787,.F.);
#3445 = ORIENTED_EDGE('',*,*,#3446,.F.);
#3446 = EDGE_CURVE('',#1301,#788,#3447,.T.);
#3447 = SEAM_CURVE('',#3448,(#3452,#3459),.PCURVE_S1.);
#3448 = LINE('',#3449,#3450);
#3449 = CARTESIAN_POINT('',(9.,3.,149.4));
#3450 = VECTOR('',#3451,1.);
#3451 = DIRECTION('',(0.,1.,0.));
#3452 = PCURVE('',#808,#3453);
#3453 = DEFINITIONAL_REPRESENTATION('',(#3454),#3458);
#3454 = LINE('',#3455,#3456);
#3455 = CARTESIAN_POINT('',(0.,-0.));
#3456 = VECTOR('',#3457,1.);
#3457 = DIRECTION('',(0.,1.));
#3458 = ( GEOMETRIC_REPRESENTATION_CONTEXT(2) 
PARAMETRIC_REPRESENTATION_CONTEXT() REPRESENTATION_CONTEXT('2D SPACE',''
  ) );
#3459 = PCURVE('',#808,#3460);
#3460 = DEFINITIONAL_REPRESENTATION('',(#3461),#3465);
#3461 = LINE('',#3462,#3463);
#3462 = CARTESIAN_POINT('',(6.28318530718,-0.));
#3463 = VECTOR('',#3464,1.);
#3464 = DIRECTION('',(0.,1.));
#3465 = ( GEOMETRIC_REPRESENTATION_CONTEXT(2) 
PARAMETRIC_REPRESENTATION_CONTEXT() REPRESENTATION_CONTEXT('2D SPACE',''
  ) );
#3466 = ORIENTED_EDGE('',*,*,#1300,.T.);
#3467 = ORIENTED_EDGE('',*,*,#3446,.T.);
#3468 = ADVANCED_FACE('',(#3469,#3549,#3580,#3611,#3642,#3673,#3704,
    #3735,#3766),#863,.F.);
#3469 = FACE_BOUND('',#3470,.F.);
#3470 = EDGE_LOOP('',(#3471,#3501,#3527,#3528));
#3471 = ORIENTED_EDGE('',*,*,#3472,.F.);
#3472 = EDGE_CURVE('',#3473,#3475,#3477,.T.);
#3473 = VERTEX_POINT('',#3474);
#3474 = CARTESIAN_POINT('',(88.,94.,7.));
#3475 = VERTEX_POINT('',#3476);
#3476 = CARTESIAN_POINT('',(88.,94.,157.5));
#3477 = SURFACE_CURVE('',#3478,(#3482,#3489),.PCURVE_S1.);
#3478 = LINE('',#3479,#3480);
#3479 = CARTESIAN_POINT('',(88.,94.,6.));
#3480 = VECTOR('',#3481,1.);
#3481 = DIRECTION('',(0.,0.,1.));
#3482 = PCURVE('',#863,#3483);
#3483 = DEFINITIONAL_REPRESENTATION('',(#3484),#3488);
#3484 = LINE('',#3485,#3486);
#3485 = CARTESIAN_POINT('',(0.,82.));
#3486 = VECTOR('',#3487,1.);
#3487 = DIRECTION('',(1.,0.));
#3488 = ( GEOMETRIC_REPRESENTATION_CONTEXT(2) 
PARAMETRIC_REPRESENTATION_CONTEXT() REPRESENTATION_CONTEXT('2D SPACE',''
  ) );
#3489 = PCURVE('',#3490,#3495);
#3490 = CYLINDRICAL_SURFACE('',#3491,2.);
#3491 = AXIS2_PLACEMENT_3D('',#3492,#3493,#3494);
#3492 = CARTESIAN_POINT('',(88.,92.,6.));
#3493 = DIRECTION('',(0.,0.,1.));
#3494 = DIRECTION('',(1.,0.,-0.));
#3495 = DEFINITIONAL_REPRESENTATION('',(#3496),#3500);
#3496 = LINE('',#3497,#3498);
#3497 = CARTESIAN_POINT('',(1.570796326795,0.));
#3498 = VECTOR('',#3499,1.);
#3499 = DIRECTION('',(0.,1.));
#3500 = ( GEOMETRIC_REPRESENTATION_CONTEXT(2) 
PARAMETRIC_REPRESENTATION_CONTEXT() REPRESENTATION_CONTEXT('2D SPACE',''
  ) );
#3501 = ORIENTED_EDGE('',*,*,#3502,.F.);
#3502 = EDGE_CURVE('',#848,#3473,#3503,.T.);
#3503 = SURFACE_CURVE('',#3504,(#3508,#3515),.PCURVE_S1.);
#3504 = LINE('',#3505,#3506);
#3505 = CARTESIAN_POINT('',(8.,94.,7.));
#3506 = VECTOR('',#3507,1.);
#3507 = DIRECTION('',(1.,0.,-0.));
#3508 = PCURVE('',#863,#3509);
#3509 = DEFINITIONAL_REPRESENTATION('',(#3510),#3514);
#3510 = LINE('',#3511,#3512);
#3511 = CARTESIAN_POINT('',(1.,2.));
#3512 = VECTOR('',#3513,1.);
#3513 = DIRECTION('',(0.,1.));
#3514 = ( GEOMETRIC_REPRESENTATION_CONTEXT(2) 
PARAMETRIC_REPRESENTATION_CONTEXT() REPRESENTATION_CONTEXT('2D SPACE',''
  ) );
#3515 = PCURVE('',#3516,#3521);
#3516 = CYLINDRICAL_SURFACE('',#3517,1.);
#3517 = AXIS2_PLACEMENT_3D('',#3518,#3519,#3520);
#3518 = CARTESIAN_POINT('',(8.,93.,7.));
#3519 = DIRECTION('',(1.,0.,-0.));
#3520 = DIRECTION('',(0.,1.,0.));
#3521 = DEFINITIONAL_REPRESENTATION('',(#3522),#3526);
#3522 = LINE('',#3523,#3524);
#3523 = CARTESIAN_POINT('',(6.28318530718,0.));
#3524 = VECTOR('',#3525,1.);
#3525 = DIRECTION('',(-0.,1.));
#3526 = ( GEOMETRIC_REPRESENTATION_CONTEXT(2) 
PARAMETRIC_REPRESENTATION_CONTEXT() REPRESENTATION_CONTEXT('2D SPACE',''
  ) );
#3527 = ORIENTED_EDGE('',*,*,#847,.T.);
#3528 = ORIENTED_EDGE('',*,*,#3529,.T.);
#3529 = EDGE_CURVE('',#824,#3475,#3530,.T.);
#3530 = SURFACE_CURVE('',#3531,(#3535,#3542),.PCURVE_S1.);
#3531 = LINE('',#3532,#3533);
#3532 = CARTESIAN_POINT('',(8.,94.,157.5));
#3533 = VECTOR('',#3534,1.);
#3534 = DIRECTION('',(1.,0.,-0.));
#3535 = PCURVE('',#863,#3536);
#3536 = DEFINITIONAL_REPRESENTATION('',(#3537),#3541);
#3537 = LINE('',#3538,#3539);
#3538 = CARTESIAN_POINT('',(151.5,2.));
#3539 = VECTOR('',#3540,1.);
#3540 = DIRECTION('',(0.,1.));
#3541 = ( GEOMETRIC_REPRESENTATION_CONTEXT(2) 
PARAMETRIC_REPRESENTATION_CONTEXT() REPRESENTATION_CONTEXT('2D SPACE',''
  ) );
#3542 = PCURVE('',#2956,#3543);
#3543 = DEFINITIONAL_REPRESENTATION('',(#3544),#3548);
#3544 = LINE('',#3545,#3546);
#3545 = CARTESIAN_POINT('',(1.570796326795,0.));
#3546 = VECTOR('',#3547,1.);
#3547 = DIRECTION('',(0.,1.));
#3548 = ( GEOMETRIC_REPRESENTATION_CONTEXT(2) 
PARAMETRIC_REPRESENTATION_CONTEXT() REPRESENTATION_CONTEXT('2D SPACE',''
  ) );
#3549 = FACE_BOUND('',#3550,.F.);
#3550 = EDGE_LOOP('',(#3551));
#3551 = ORIENTED_EDGE('',*,*,#3552,.F.);
#3552 = EDGE_CURVE('',#3553,#3553,#3555,.T.);
#3553 = VERTEX_POINT('',#3554);
#3554 = CARTESIAN_POINT('',(23.75,94.,40.710526315789));
#3555 = SURFACE_CURVE('',#3556,(#3561,#3568),.PCURVE_S1.);
#3556 = CIRCLE('',#3557,4.960526315789);
#3557 = AXIS2_PLACEMENT_3D('',#3558,#3559,#3560);
#3558 = CARTESIAN_POINT('',(23.75,94.,35.75));
#3559 = DIRECTION('',(0.,1.,0.));
#3560 = DIRECTION('',(0.,-0.,1.));
#3561 = PCURVE('',#863,#3562);
#3562 = DEFINITIONAL_REPRESENTATION('',(#3563),#3567);
#3563 = CIRCLE('',#3564,4.960526315789);
#3564 = AXIS2_PLACEMENT_2D('',#3565,#3566);
#3565 = CARTESIAN_POINT('',(29.75,17.75));
#3566 = DIRECTION('',(1.,0.));
#3567 = ( GEOMETRIC_REPRESENTATION_CONTEXT(2) 
PARAMETRIC_REPRESENTATION_CONTEXT() REPRESENTATION_CONTEXT('2D SPACE',''
  ) );
#3568 = PCURVE('',#3569,#3574);
#3569 = CONICAL_SURFACE('',#3570,4.25,3.945320109704E-02);
#3570 = AXIS2_PLACEMENT_3D('',#3571,#3572,#3573);
#3571 = CARTESIAN_POINT('',(23.75,76.,35.75));
#3572 = DIRECTION('',(0.,1.,0.));
#3573 = DIRECTION('',(0.,-0.,1.));
#3574 = DEFINITIONAL_REPRESENTATION('',(#3575),#3579);
#3575 = LINE('',#3576,#3577);
#3576 = CARTESIAN_POINT('',(0.,18.));
#3577 = VECTOR('',#3578,1.);
#3578 = DIRECTION('',(1.,0.));
#3579 = ( GEOMETRIC_REPRESENTATION_CONTEXT(2) 
PARAMETRIC_REPRESENTATION_CONTEXT() REPRESENTATION_CONTEXT('2D SPACE',''
  ) );
#3580 = FACE_BOUND('',#3581,.F.);
#3581 = EDGE_LOOP('',(#3582));
#3582 = ORIENTED_EDGE('',*,*,#3583,.F.);
#3583 = EDGE_CURVE('',#3584,#3584,#3586,.T.);
#3584 = VERTEX_POINT('',#3585);
#3585 = CARTESIAN_POINT('',(23.75,94.,61.210526315789));
#3586 = SURFACE_CURVE('',#3587,(#3592,#3599),.PCURVE_S1.);
#3587 = CIRCLE('',#3588,4.960526315789);
#3588 = AXIS2_PLACEMENT_3D('',#3589,#3590,#3591);
#3589 = CARTESIAN_POINT('',(23.75,94.,56.25));
#3590 = DIRECTION('',(0.,1.,0.));
#3591 = DIRECTION('',(0.,-0.,1.));
#3592 = PCURVE('',#863,#3593);
#3593 = DEFINITIONAL_REPRESENTATION('',(#3594),#3598);
#3594 = CIRCLE('',#3595,4.960526315789);
#3595 = AXIS2_PLACEMENT_2D('',#3596,#3597);
#3596 = CARTESIAN_POINT('',(50.25,17.75));
#3597 = DIRECTION('',(1.,0.));
#3598 = ( GEOMETRIC_REPRESENTATION_CONTEXT(2) 
PARAMETRIC_REPRESENTATION_CONTEXT() REPRESENTATION_CONTEXT('2D SPACE',''
  ) );
#3599 = PCURVE('',#3600,#3605);
#3600 = CONICAL_SURFACE('',#3601,4.25,3.945320109704E-02);
#3601 = AXIS2_PLACEMENT_3D('',#3602,#3603,#3604);
#3602 = CARTESIAN_POINT('',(23.75,76.,56.25));
#3603 = DIRECTION('',(0.,1.,0.));
#3604 = DIRECTION('',(0.,-0.,1.));
#3605 = DEFINITIONAL_REPRESENTATION('',(#3606),#3610);
#3606 = LINE('',#3607,#3608);
#3607 = CARTESIAN_POINT('',(0.,18.));
#3608 = VECTOR('',#3609,1.);
#3609 = DIRECTION('',(1.,0.));
#3610 = ( GEOMETRIC_REPRESENTATION_CONTEXT(2) 
PARAMETRIC_REPRESENTATION_CONTEXT() REPRESENTATION_CONTEXT('2D SPACE',''
  ) );
#3611 = FACE_BOUND('',#3612,.F.);
#3612 = EDGE_LOOP('',(#3613));
#3613 = ORIENTED_EDGE('',*,*,#3614,.F.);
#3614 = EDGE_CURVE('',#3615,#3615,#3617,.T.);
#3615 = VERTEX_POINT('',#3616);
#3616 = CARTESIAN_POINT('',(27.68,94.,79.500526315789));
#3617 = SURFACE_CURVE('',#3618,(#3623,#3630),.PCURVE_S1.);
#3618 = CIRCLE('',#3619,4.960526315789);
#3619 = AXIS2_PLACEMENT_3D('',#3620,#3621,#3622);
#3620 = CARTESIAN_POINT('',(27.68,94.,74.54));
#3621 = DIRECTION('',(0.,1.,0.));
#3622 = DIRECTION('',(0.,-0.,1.));
#3623 = PCURVE('',#863,#3624);
#3624 = DEFINITIONAL_REPRESENTATION('',(#3625),#3629);
#3625 = CIRCLE('',#3626,4.960526315789);
#3626 = AXIS2_PLACEMENT_2D('',#3627,#3628);
#3627 = CARTESIAN_POINT('',(68.54,21.68));
#3628 = DIRECTION('',(1.,0.));
#3629 = ( GEOMETRIC_REPRESENTATION_CONTEXT(2) 
PARAMETRIC_REPRESENTATION_CONTEXT() REPRESENTATION_CONTEXT('2D SPACE',''
  ) );
#3630 = PCURVE('',#3631,#3636);
#3631 = CONICAL_SURFACE('',#3632,4.25,3.945320109704E-02);
#3632 = AXIS2_PLACEMENT_3D('',#3633,#3634,#3635);
#3633 = CARTESIAN_POINT('',(27.68,76.,74.54));
#3634 = DIRECTION('',(0.,1.,0.));
#3635 = DIRECTION('',(0.,-0.,1.));
#3636 = DEFINITIONAL_REPRESENTATION('',(#3637),#3641);
#3637 = LINE('',#3638,#3639);
#3638 = CARTESIAN_POINT('',(0.,18.));
#3639 = VECTOR('',#3640,1.);
#3640 = DIRECTION('',(1.,0.));
#3641 = ( GEOMETRIC_REPRESENTATION_CONTEXT(2) 
PARAMETRIC_REPRESENTATION_CONTEXT() REPRESENTATION_CONTEXT('2D SPACE',''
  ) );
#3642 = FACE_BOUND('',#3643,.F.);
#3643 = EDGE_LOOP('',(#3644));
#3644 = ORIENTED_EDGE('',*,*,#3645,.F.);
#3645 = EDGE_CURVE('',#3646,#3646,#3648,.T.);
#3646 = VERTEX_POINT('',#3647);
#3647 = CARTESIAN_POINT('',(28.95,94.,127.76052631578));
#3648 = SURFACE_CURVE('',#3649,(#3654,#3661),.PCURVE_S1.);
#3649 = CIRCLE('',#3650,4.960526315789);
#3650 = AXIS2_PLACEMENT_3D('',#3651,#3652,#3653);
#3651 = CARTESIAN_POINT('',(28.95,94.,122.8));
#3652 = DIRECTION('',(0.,1.,0.));
#3653 = DIRECTION('',(0.,-0.,1.));
#3654 = PCURVE('',#863,#3655);
#3655 = DEFINITIONAL_REPRESENTATION('',(#3656),#3660);
#3656 = CIRCLE('',#3657,4.960526315789);
#3657 = AXIS2_PLACEMENT_2D('',#3658,#3659);
#3658 = CARTESIAN_POINT('',(116.8,22.95));
#3659 = DIRECTION('',(1.,0.));
#3660 = ( GEOMETRIC_REPRESENTATION_CONTEXT(2) 
PARAMETRIC_REPRESENTATION_CONTEXT() REPRESENTATION_CONTEXT('2D SPACE',''
  ) );
#3661 = PCURVE('',#3662,#3667);
#3662 = CONICAL_SURFACE('',#3663,4.25,3.945320109704E-02);
#3663 = AXIS2_PLACEMENT_3D('',#3664,#3665,#3666);
#3664 = CARTESIAN_POINT('',(28.95,76.,122.8));
#3665 = DIRECTION('',(0.,1.,0.));
#3666 = DIRECTION('',(0.,-0.,1.));
#3667 = DEFINITIONAL_REPRESENTATION('',(#3668),#3672);
#3668 = LINE('',#3669,#3670);
#3669 = CARTESIAN_POINT('',(0.,18.));
#3670 = VECTOR('',#3671,1.);
#3671 = DIRECTION('',(1.,0.));
#3672 = ( GEOMETRIC_REPRESENTATION_CONTEXT(2) 
PARAMETRIC_REPRESENTATION_CONTEXT() REPRESENTATION_CONTEXT('2D SPACE',''
  ) );
#3673 = FACE_BOUND('',#3674,.F.);
#3674 = EDGE_LOOP('',(#3675));
#3675 = ORIENTED_EDGE('',*,*,#3676,.F.);
#3676 = EDGE_CURVE('',#3677,#3677,#3679,.T.);
#3677 = VERTEX_POINT('',#3678);
#3678 = CARTESIAN_POINT('',(68.25,94.,40.710526315789));
#3679 = SURFACE_CURVE('',#3680,(#3685,#3692),.PCURVE_S1.);
#3680 = CIRCLE('',#3681,4.960526315789);
#3681 = AXIS2_PLACEMENT_3D('',#3682,#3683,#3684);
#3682 = CARTESIAN_POINT('',(68.25,94.,35.75));
#3683 = DIRECTION('',(0.,1.,0.));
#3684 = DIRECTION('',(0.,-0.,1.));
#3685 = PCURVE('',#863,#3686);
#3686 = DEFINITIONAL_REPRESENTATION('',(#3687),#3691);
#3687 = CIRCLE('',#3688,4.960526315789);
#3688 = AXIS2_PLACEMENT_2D('',#3689,#3690);
#3689 = CARTESIAN_POINT('',(29.75,62.25));
#3690 = DIRECTION('',(1.,0.));
#3691 = ( GEOMETRIC_REPRESENTATION_CONTEXT(2) 
PARAMETRIC_REPRESENTATION_CONTEXT() REPRESENTATION_CONTEXT('2D SPACE',''
  ) );
#3692 = PCURVE('',#3693,#3698);
#3693 = CONICAL_SURFACE('',#3694,4.25,3.945320109704E-02);
#3694 = AXIS2_PLACEMENT_3D('',#3695,#3696,#3697);
#3695 = CARTESIAN_POINT('',(68.25,76.,35.75));
#3696 = DIRECTION('',(0.,1.,0.));
#3697 = DIRECTION('',(0.,-0.,1.));
#3698 = DEFINITIONAL_REPRESENTATION('',(#3699),#3703);
#3699 = LINE('',#3700,#3701);
#3700 = CARTESIAN_POINT('',(0.,18.));
#3701 = VECTOR('',#3702,1.);
#3702 = DIRECTION('',(1.,0.));
#3703 = ( GEOMETRIC_REPRESENTATION_CONTEXT(2) 
PARAMETRIC_REPRESENTATION_CONTEXT() REPRESENTATION_CONTEXT('2D SPACE',''
  ) );
#3704 = FACE_BOUND('',#3705,.F.);
#3705 = EDGE_LOOP('',(#3706));
#3706 = ORIENTED_EDGE('',*,*,#3707,.F.);
#3707 = EDGE_CURVE('',#3708,#3708,#3710,.T.);
#3708 = VERTEX_POINT('',#3709);
#3709 = CARTESIAN_POINT('',(68.25,94.,61.210526315789));
#3710 = SURFACE_CURVE('',#3711,(#3716,#3723),.PCURVE_S1.);
#3711 = CIRCLE('',#3712,4.960526315789);
#3712 = AXIS2_PLACEMENT_3D('',#3713,#3714,#3715);
#3713 = CARTESIAN_POINT('',(68.25,94.,56.25));
#3714 = DIRECTION('',(0.,1.,0.));
#3715 = DIRECTION('',(0.,-0.,1.));
#3716 = PCURVE('',#863,#3717);
#3717 = DEFINITIONAL_REPRESENTATION('',(#3718),#3722);
#3718 = CIRCLE('',#3719,4.960526315789);
#3719 = AXIS2_PLACEMENT_2D('',#3720,#3721);
#3720 = CARTESIAN_POINT('',(50.25,62.25));
#3721 = DIRECTION('',(1.,0.));
#3722 = ( GEOMETRIC_REPRESENTATION_CONTEXT(2) 
PARAMETRIC_REPRESENTATION_CONTEXT() REPRESENTATION_CONTEXT('2D SPACE',''
  ) );
#3723 = PCURVE('',#3724,#3729);
#3724 = CONICAL_SURFACE('',#3725,4.25,3.945320109704E-02);
#3725 = AXIS2_PLACEMENT_3D('',#3726,#3727,#3728);
#3726 = CARTESIAN_POINT('',(68.25,76.,56.25));
#3727 = DIRECTION('',(0.,1.,0.));
#3728 = DIRECTION('',(0.,-0.,1.));
#3729 = DEFINITIONAL_REPRESENTATION('',(#3730),#3734);
#3730 = LINE('',#3731,#3732);
#3731 = CARTESIAN_POINT('',(0.,18.));
#3732 = VECTOR('',#3733,1.);
#3733 = DIRECTION('',(1.,0.));
#3734 = ( GEOMETRIC_REPRESENTATION_CONTEXT(2) 
PARAMETRIC_REPRESENTATION_CONTEXT() REPRESENTATION_CONTEXT('2D SPACE',''
  ) );
#3735 = FACE_BOUND('',#3736,.F.);
#3736 = EDGE_LOOP('',(#3737));
#3737 = ORIENTED_EDGE('',*,*,#3738,.F.);
#3738 = EDGE_CURVE('',#3739,#3739,#3741,.T.);
#3739 = VERTEX_POINT('',#3740);
#3740 = CARTESIAN_POINT('',(79.75,94.,84.580526315789));
#3741 = SURFACE_CURVE('',#3742,(#3747,#3754),.PCURVE_S1.);
#3742 = CIRCLE('',#3743,4.960526315789);
#3743 = AXIS2_PLACEMENT_3D('',#3744,#3745,#3746);
#3744 = CARTESIAN_POINT('',(79.75,94.,79.62));
#3745 = DIRECTION('',(0.,1.,0.));
#3746 = DIRECTION('',(0.,-0.,1.));
#3747 = PCURVE('',#863,#3748);
#3748 = DEFINITIONAL_REPRESENTATION('',(#3749),#3753);
#3749 = CIRCLE('',#3750,4.960526315789);
#3750 = AXIS2_PLACEMENT_2D('',#3751,#3752);
#3751 = CARTESIAN_POINT('',(73.62,73.75));
#3752 = DIRECTION('',(1.,0.));
#3753 = ( GEOMETRIC_REPRESENTATION_CONTEXT(2) 
PARAMETRIC_REPRESENTATION_CONTEXT() REPRESENTATION_CONTEXT('2D SPACE',''
  ) );
#3754 = PCURVE('',#3755,#3760);
#3755 = CONICAL_SURFACE('',#3756,4.25,3.945320109704E-02);
#3756 = AXIS2_PLACEMENT_3D('',#3757,#3758,#3759);
#3757 = CARTESIAN_POINT('',(79.75,76.,79.62));
#3758 = DIRECTION('',(0.,1.,0.));
#3759 = DIRECTION('',(0.,-0.,1.));
#3760 = DEFINITIONAL_REPRESENTATION('',(#3761),#3765);
#3761 = LINE('',#3762,#3763);
#3762 = CARTESIAN_POINT('',(0.,18.));
#3763 = VECTOR('',#3764,1.);
#3764 = DIRECTION('',(1.,0.));
#3765 = ( GEOMETRIC_REPRESENTATION_CONTEXT(2) 
PARAMETRIC_REPRESENTATION_CONTEXT() REPRESENTATION_CONTEXT('2D SPACE',''
  ) );
#3766 = FACE_BOUND('',#3767,.F.);
#3767 = EDGE_LOOP('',(#3768));
#3768 = ORIENTED_EDGE('',*,*,#3769,.F.);
#3769 = EDGE_CURVE('',#3770,#3770,#3772,.T.);
#3770 = VERTEX_POINT('',#3771);
#3771 = CARTESIAN_POINT('',(79.75,94.,112.52052631578));
#3772 = SURFACE_CURVE('',#3773,(#3778,#3785),.PCURVE_S1.);
#3773 = CIRCLE('',#3774,4.960526315789);
#3774 = AXIS2_PLACEMENT_3D('',#3775,#3776,#3777);
#3775 = CARTESIAN_POINT('',(79.75,94.,107.56));
#3776 = DIRECTION('',(0.,1.,0.));
#3777 = DIRECTION('',(0.,-0.,1.));
#3778 = PCURVE('',#863,#3779);
#3779 = DEFINITIONAL_REPRESENTATION('',(#3780),#3784);
#3780 = CIRCLE('',#3781,4.960526315789);
#3781 = AXIS2_PLACEMENT_2D('',#3782,#3783);
#3782 = CARTESIAN_POINT('',(101.56,73.75));
#3783 = DIRECTION('',(1.,0.));
#3784 = ( GEOMETRIC_REPRESENTATION_CONTEXT(2) 
PARAMETRIC_REPRESENTATION_CONTEXT() REPRESENTATION_CONTEXT('2D SPACE',''
  ) );
#3785 = PCURVE('',#3786,#3791);
#3786 = CONICAL_SURFACE('',#3787,4.25,3.945320109704E-02);
#3787 = AXIS2_PLACEMENT_3D('',#3788,#3789,#3790);
#3788 = CARTESIAN_POINT('',(79.75,76.,107.56));
#3789 = DIRECTION('',(0.,1.,0.));
#3790 = DIRECTION('',(0.,-0.,1.));
#3791 = DEFINITIONAL_REPRESENTATION('',(#3792),#3796);
#3792 = LINE('',#3793,#3794);
#3793 = CARTESIAN_POINT('',(0.,18.));
#3794 = VECTOR('',#3795,1.);
#3795 = DIRECTION('',(1.,0.));
#3796 = ( GEOMETRIC_REPRESENTATION_CONTEXT(2) 
PARAMETRIC_REPRESENTATION_CONTEXT() REPRESENTATION_CONTEXT('2D SPACE',''
  ) );
#3797 = ADVANCED_FACE('',(#3798),#890,.F.);
#3798 = FACE_BOUND('',#3799,.F.);
#3799 = EDGE_LOOP('',(#3800,#3801,#3802,#3824));
#3800 = ORIENTED_EDGE('',*,*,#955,.F.);
#3801 = ORIENTED_EDGE('',*,*,#875,.T.);
#3802 = ORIENTED_EDGE('',*,*,#3803,.T.);
#3803 = EDGE_CURVE('',#848,#3804,#3806,.T.);
#3804 = VERTEX_POINT('',#3805);
#3805 = CARTESIAN_POINT('',(8.,93.,6.));
#3806 = SURFACE_CURVE('',#3807,(#3812,#3818),.PCURVE_S1.);
#3807 = CIRCLE('',#3808,1.);
#3808 = AXIS2_PLACEMENT_3D('',#3809,#3810,#3811);
#3809 = CARTESIAN_POINT('',(8.,93.,7.));
#3810 = DIRECTION('',(-1.,-6.123233995737E-17,0.));
#3811 = DIRECTION('',(-6.123233995737E-17,1.,0.));
#3812 = PCURVE('',#890,#3813);
#3813 = DEFINITIONAL_REPRESENTATION('',(#3814),#3817);
#3814 = B_SPLINE_CURVE_WITH_KNOTS('',1,(#3815,#3816),.UNSPECIFIED.,.F.,
  .F.,(2,2),(0.,1.570796326795),.PIECEWISE_BEZIER_KNOTS.);
#3815 = CARTESIAN_POINT('',(1.570796326795,0.));
#3816 = CARTESIAN_POINT('',(1.570796326795,1.570796326795));
#3817 = ( GEOMETRIC_REPRESENTATION_CONTEXT(2) 
PARAMETRIC_REPRESENTATION_CONTEXT() REPRESENTATION_CONTEXT('2D SPACE',''
  ) );
#3818 = PCURVE('',#3516,#3819);
#3819 = DEFINITIONAL_REPRESENTATION('',(#3820),#3823);
#3820 = B_SPLINE_CURVE_WITH_KNOTS('',1,(#3821,#3822),.UNSPECIFIED.,.F.,
  .F.,(2,2),(0.,1.570796326795),.PIECEWISE_BEZIER_KNOTS.);
#3821 = CARTESIAN_POINT('',(6.28318530718,0.));
#3822 = CARTESIAN_POINT('',(4.712388980385,0.));
#3823 = ( GEOMETRIC_REPRESENTATION_CONTEXT(2) 
PARAMETRIC_REPRESENTATION_CONTEXT() REPRESENTATION_CONTEXT('2D SPACE',''
  ) );
#3824 = ORIENTED_EDGE('',*,*,#3825,.F.);
#3825 = EDGE_CURVE('',#956,#3804,#3826,.T.);
#3826 = SURFACE_CURVE('',#3827,(#3832,#3839),.PCURVE_S1.);
#3827 = CIRCLE('',#3828,1.);
#3828 = AXIS2_PLACEMENT_3D('',#3829,#3830,#3831);
#3829 = CARTESIAN_POINT('',(8.,92.,6.));
#3830 = DIRECTION('',(0.,0.,-1.));
#3831 = DIRECTION('',(-1.,0.,0.));
#3832 = PCURVE('',#890,#3833);
#3833 = DEFINITIONAL_REPRESENTATION('',(#3834),#3838);
#3834 = LINE('',#3835,#3836);
#3835 = CARTESIAN_POINT('',(0.,1.570796326795));
#3836 = VECTOR('',#3837,1.);
#3837 = DIRECTION('',(1.,0.));
#3838 = ( GEOMETRIC_REPRESENTATION_CONTEXT(2) 
PARAMETRIC_REPRESENTATION_CONTEXT() REPRESENTATION_CONTEXT('2D SPACE',''
  ) );
#3839 = PCURVE('',#993,#3840);
#3840 = DEFINITIONAL_REPRESENTATION('',(#3841),#3849);
#3841 = ( BOUNDED_CURVE() B_SPLINE_CURVE(2,(#3842,#3843,#3844,#3845,
#3846,#3847,#3848),.UNSPECIFIED.,.T.,.F.) B_SPLINE_CURVE_WITH_KNOTS((1,2
    ,2,2,2,1),(-2.094395102393,0.,2.094395102393,4.188790204786,
6.28318530718,8.377580409573),.UNSPECIFIED.) CURVE() 
GEOMETRIC_REPRESENTATION_ITEM() RATIONAL_B_SPLINE_CURVE((1.,0.5,1.,0.5,
1.,0.5,1.)) REPRESENTATION_ITEM('') );
#3842 = CARTESIAN_POINT('',(1.,84.));
#3843 = CARTESIAN_POINT('',(1.,85.732050807569));
#3844 = CARTESIAN_POINT('',(2.5,84.866025403784));
#3845 = CARTESIAN_POINT('',(4.,84.));
#3846 = CARTESIAN_POINT('',(2.5,83.133974596216));
#3847 = CARTESIAN_POINT('',(1.,82.267949192431));
#3848 = CARTESIAN_POINT('',(1.,84.));
#3849 = ( GEOMETRIC_REPRESENTATION_CONTEXT(2) 
PARAMETRIC_REPRESENTATION_CONTEXT() REPRESENTATION_CONTEXT('2D SPACE',''
  ) );
#3850 = ADVANCED_FACE('',(#3851,#4011),#993,.T.);
#3851 = FACE_BOUND('',#3852,.T.);
#3852 = EDGE_LOOP('',(#3853,#3854,#3855,#3876,#3877,#3900,#3928,#3956,
    #3989,#4010));
#3853 = ORIENTED_EDGE('',*,*,#977,.F.);
#3854 = ORIENTED_EDGE('',*,*,#1775,.T.);
#3855 = ORIENTED_EDGE('',*,*,#3856,.F.);
#3856 = EDGE_CURVE('',#1659,#1776,#3857,.T.);
#3857 = SURFACE_CURVE('',#3858,(#3862,#3869),.PCURVE_S1.);
#3858 = LINE('',#3859,#3860);
#3859 = CARTESIAN_POINT('',(16.,4.,6.));
#3860 = VECTOR('',#3861,1.);
#3861 = DIRECTION('',(-0.,1.,0.));
#3862 = PCURVE('',#993,#3863);
#3863 = DEFINITIONAL_REPRESENTATION('',(#3864),#3868);
#3864 = LINE('',#3865,#3866);
#3865 = CARTESIAN_POINT('',(10.,-4.));
#3866 = VECTOR('',#3867,1.);
#3867 = DIRECTION('',(0.,1.));
#3868 = ( GEOMETRIC_REPRESENTATION_CONTEXT(2) 
PARAMETRIC_REPRESENTATION_CONTEXT() REPRESENTATION_CONTEXT('2D SPACE',''
  ) );
#3869 = PCURVE('',#1675,#3870);
#3870 = DEFINITIONAL_REPRESENTATION('',(#3871),#3875);
#3871 = LINE('',#3872,#3873);
#3872 = CARTESIAN_POINT('',(3.14159265359,1.));
#3873 = VECTOR('',#3874,1.);
#3874 = DIRECTION('',(0.,1.));
#3875 = ( GEOMETRIC_REPRESENTATION_CONTEXT(2) 
PARAMETRIC_REPRESENTATION_CONTEXT() REPRESENTATION_CONTEXT('2D SPACE',''
  ) );
#3876 = ORIENTED_EDGE('',*,*,#1687,.F.);
#3877 = ORIENTED_EDGE('',*,*,#3878,.T.);
#3878 = EDGE_CURVE('',#1688,#3879,#3881,.T.);
#3879 = VERTEX_POINT('',#3880);
#3880 = CARTESIAN_POINT('',(80.,13.,6.));
#3881 = SURFACE_CURVE('',#3882,(#3886,#3893),.PCURVE_S1.);
#3882 = LINE('',#3883,#3884);
#3883 = CARTESIAN_POINT('',(80.,4.,6.));
#3884 = VECTOR('',#3885,1.);
#3885 = DIRECTION('',(-0.,1.,-0.));
#3886 = PCURVE('',#993,#3887);
#3887 = DEFINITIONAL_REPRESENTATION('',(#3888),#3892);
#3888 = LINE('',#3889,#3890);
#3889 = CARTESIAN_POINT('',(74.,-4.));
#3890 = VECTOR('',#3891,1.);
#3891 = DIRECTION('',(0.,1.));
#3892 = ( GEOMETRIC_REPRESENTATION_CONTEXT(2) 
PARAMETRIC_REPRESENTATION_CONTEXT() REPRESENTATION_CONTEXT('2D SPACE',''
  ) );
#3893 = PCURVE('',#1729,#3894);
#3894 = DEFINITIONAL_REPRESENTATION('',(#3895),#3899);
#3895 = LINE('',#3896,#3897);
#3896 = CARTESIAN_POINT('',(3.14159265359,1.));
#3897 = VECTOR('',#3898,1.);
#3898 = DIRECTION('',(-0.,1.));
#3899 = ( GEOMETRIC_REPRESENTATION_CONTEXT(2) 
PARAMETRIC_REPRESENTATION_CONTEXT() REPRESENTATION_CONTEXT('2D SPACE',''
  ) );
#3900 = ORIENTED_EDGE('',*,*,#3901,.T.);
#3901 = EDGE_CURVE('',#3879,#3902,#3904,.T.);
#3902 = VERTEX_POINT('',#3903);
#3903 = CARTESIAN_POINT('',(89.,13.,6.));
#3904 = SURFACE_CURVE('',#3905,(#3909,#3916),.PCURVE_S1.);
#3905 = LINE('',#3906,#3907);
#3906 = CARTESIAN_POINT('',(80.,13.,6.));
#3907 = VECTOR('',#3908,1.);
#3908 = DIRECTION('',(1.,0.,0.));
#3909 = PCURVE('',#993,#3910);
#3910 = DEFINITIONAL_REPRESENTATION('',(#3911),#3915);
#3911 = LINE('',#3912,#3913);
#3912 = CARTESIAN_POINT('',(74.,5.));
#3913 = VECTOR('',#3914,1.);
#3914 = DIRECTION('',(1.,0.));
#3915 = ( GEOMETRIC_REPRESENTATION_CONTEXT(2) 
PARAMETRIC_REPRESENTATION_CONTEXT() REPRESENTATION_CONTEXT('2D SPACE',''
  ) );
#3916 = PCURVE('',#3917,#3922);
#3917 = PLANE('',#3918);
#3918 = AXIS2_PLACEMENT_3D('',#3919,#3920,#3921);
#3919 = CARTESIAN_POINT('',(82.,13.,6.));
#3920 = DIRECTION('',(-0.,1.,0.));
#3921 = DIRECTION('',(0.,0.,1.));
#3922 = DEFINITIONAL_REPRESENTATION('',(#3923),#3927);
#3923 = LINE('',#3924,#3925);
#3924 = CARTESIAN_POINT('',(0.,-2.));
#3925 = VECTOR('',#3926,1.);
#3926 = DIRECTION('',(0.,1.));
#3927 = ( GEOMETRIC_REPRESENTATION_CONTEXT(2) 
PARAMETRIC_REPRESENTATION_CONTEXT() REPRESENTATION_CONTEXT('2D SPACE',''
  ) );
#3928 = ORIENTED_EDGE('',*,*,#3929,.F.);
#3929 = EDGE_CURVE('',#3930,#3902,#3932,.T.);
#3930 = VERTEX_POINT('',#3931);
#3931 = CARTESIAN_POINT('',(89.,92.,6.));
#3932 = SURFACE_CURVE('',#3933,(#3937,#3944),.PCURVE_S1.);
#3933 = LINE('',#3934,#3935);
#3934 = CARTESIAN_POINT('',(89.,92.,6.));
#3935 = VECTOR('',#3936,1.);
#3936 = DIRECTION('',(0.,-1.,-0.));
#3937 = PCURVE('',#993,#3938);
#3938 = DEFINITIONAL_REPRESENTATION('',(#3939),#3943);
#3939 = LINE('',#3940,#3941);
#3940 = CARTESIAN_POINT('',(83.,84.));
#3941 = VECTOR('',#3942,1.);
#3942 = DIRECTION('',(0.,-1.));
#3943 = ( GEOMETRIC_REPRESENTATION_CONTEXT(2) 
PARAMETRIC_REPRESENTATION_CONTEXT() REPRESENTATION_CONTEXT('2D SPACE',''
  ) );
#3944 = PCURVE('',#3945,#3950);
#3945 = CYLINDRICAL_SURFACE('',#3946,1.);
#3946 = AXIS2_PLACEMENT_3D('',#3947,#3948,#3949);
#3947 = CARTESIAN_POINT('',(89.,92.,7.));
#3948 = DIRECTION('',(0.,-1.,-0.));
#3949 = DIRECTION('',(1.,0.,0.));
#3950 = DEFINITIONAL_REPRESENTATION('',(#3951),#3955);
#3951 = LINE('',#3952,#3953);
#3952 = CARTESIAN_POINT('',(4.712388980385,0.));
#3953 = VECTOR('',#3954,1.);
#3954 = DIRECTION('',(-0.,1.));
#3955 = ( GEOMETRIC_REPRESENTATION_CONTEXT(2) 
PARAMETRIC_REPRESENTATION_CONTEXT() REPRESENTATION_CONTEXT('2D SPACE',''
  ) );
#3956 = ORIENTED_EDGE('',*,*,#3957,.F.);
#3957 = EDGE_CURVE('',#3958,#3930,#3960,.T.);
#3958 = VERTEX_POINT('',#3959);
#3959 = CARTESIAN_POINT('',(88.,93.,6.));
#3960 = SURFACE_CURVE('',#3961,(#3966,#3977),.PCURVE_S1.);
#3961 = CIRCLE('',#3962,1.);
#3962 = AXIS2_PLACEMENT_3D('',#3963,#3964,#3965);
#3963 = CARTESIAN_POINT('',(88.,92.,6.));
#3964 = DIRECTION('',(0.,0.,-1.));
#3965 = DIRECTION('',(0.,1.,0.));
#3966 = PCURVE('',#993,#3967);
#3967 = DEFINITIONAL_REPRESENTATION('',(#3968),#3976);
#3968 = ( BOUNDED_CURVE() B_SPLINE_CURVE(2,(#3969,#3970,#3971,#3972,
#3973,#3974,#3975),.UNSPECIFIED.,.T.,.F.) B_SPLINE_CURVE_WITH_KNOTS((1,2
    ,2,2,2,1),(-2.094395102393,0.,2.094395102393,4.188790204786,
6.28318530718,8.377580409573),.UNSPECIFIED.) CURVE() 
GEOMETRIC_REPRESENTATION_ITEM() RATIONAL_B_SPLINE_CURVE((1.,0.5,1.,0.5,
1.,0.5,1.)) REPRESENTATION_ITEM('') );
#3969 = CARTESIAN_POINT('',(82.,85.));
#3970 = CARTESIAN_POINT('',(83.732050807569,85.));
#3971 = CARTESIAN_POINT('',(82.866025403784,83.5));
#3972 = CARTESIAN_POINT('',(82.,82.));
#3973 = CARTESIAN_POINT('',(81.133974596216,83.5));
#3974 = CARTESIAN_POINT('',(80.267949192431,85.));
#3975 = CARTESIAN_POINT('',(82.,85.));
#3976 = ( GEOMETRIC_REPRESENTATION_CONTEXT(2) 
PARAMETRIC_REPRESENTATION_CONTEXT() REPRESENTATION_CONTEXT('2D SPACE',''
  ) );
#3977 = PCURVE('',#3978,#3983);
#3978 = TOROIDAL_SURFACE('',#3979,1.,1.);
#3979 = AXIS2_PLACEMENT_3D('',#3980,#3981,#3982);
#3980 = CARTESIAN_POINT('',(88.,92.,7.));
#3981 = DIRECTION('',(-0.,-0.,-1.));
#3982 = DIRECTION('',(0.,1.,-0.));
#3983 = DEFINITIONAL_REPRESENTATION('',(#3984),#3988);
#3984 = LINE('',#3985,#3986);
#3985 = CARTESIAN_POINT('',(0.,1.570796326795));
#3986 = VECTOR('',#3987,1.);
#3987 = DIRECTION('',(1.,0.));
#3988 = ( GEOMETRIC_REPRESENTATION_CONTEXT(2) 
PARAMETRIC_REPRESENTATION_CONTEXT() REPRESENTATION_CONTEXT('2D SPACE',''
  ) );
#3989 = ORIENTED_EDGE('',*,*,#3990,.F.);
#3990 = EDGE_CURVE('',#3804,#3958,#3991,.T.);
#3991 = SURFACE_CURVE('',#3992,(#3996,#4003),.PCURVE_S1.);
#3992 = LINE('',#3993,#3994);
#3993 = CARTESIAN_POINT('',(8.,93.,6.));
#3994 = VECTOR('',#3995,1.);
#3995 = DIRECTION('',(1.,0.,-0.));
#3996 = PCURVE('',#993,#3997);
#3997 = DEFINITIONAL_REPRESENTATION('',(#3998),#4002);
#3998 = LINE('',#3999,#4000);
#3999 = CARTESIAN_POINT('',(2.,85.));
#4000 = VECTOR('',#4001,1.);
#4001 = DIRECTION('',(1.,0.));
#4002 = ( GEOMETRIC_REPRESENTATION_CONTEXT(2) 
PARAMETRIC_REPRESENTATION_CONTEXT() REPRESENTATION_CONTEXT('2D SPACE',''
  ) );
#4003 = PCURVE('',#3516,#4004);
#4004 = DEFINITIONAL_REPRESENTATION('',(#4005),#4009);
#4005 = LINE('',#4006,#4007);
#4006 = CARTESIAN_POINT('',(4.712388980385,0.));
#4007 = VECTOR('',#4008,1.);
#4008 = DIRECTION('',(-0.,1.));
#4009 = ( GEOMETRIC_REPRESENTATION_CONTEXT(2) 
PARAMETRIC_REPRESENTATION_CONTEXT() REPRESENTATION_CONTEXT('2D SPACE',''
  ) );
#4010 = ORIENTED_EDGE('',*,*,#3825,.F.);
#4011 = FACE_BOUND('',#4012,.T.);
#4012 = EDGE_LOOP('',(#4013,#4043,#4071,#4099));
#4013 = ORIENTED_EDGE('',*,*,#4014,.T.);
#4014 = EDGE_CURVE('',#4015,#4017,#4019,.T.);
#4015 = VERTEX_POINT('',#4016);
#4016 = CARTESIAN_POINT('',(84.,30.,6.));
#4017 = VERTEX_POINT('',#4018);
#4018 = CARTESIAN_POINT('',(12.,30.,6.));
#4019 = SURFACE_CURVE('',#4020,(#4024,#4031),.PCURVE_S1.);
#4020 = LINE('',#4021,#4022);
#4021 = CARTESIAN_POINT('',(9.,30.,6.));
#4022 = VECTOR('',#4023,1.);
#4023 = DIRECTION('',(-1.,-0.,0.));
#4024 = PCURVE('',#993,#4025);
#4025 = DEFINITIONAL_REPRESENTATION('',(#4026),#4030);
#4026 = LINE('',#4027,#4028);
#4027 = CARTESIAN_POINT('',(3.,22.));
#4028 = VECTOR('',#4029,1.);
#4029 = DIRECTION('',(-1.,0.));
#4030 = ( GEOMETRIC_REPRESENTATION_CONTEXT(2) 
PARAMETRIC_REPRESENTATION_CONTEXT() REPRESENTATION_CONTEXT('2D SPACE',''
  ) );
#4031 = PCURVE('',#4032,#4037);
#4032 = PLANE('',#4033);
#4033 = AXIS2_PLACEMENT_3D('',#4034,#4035,#4036);
#4034 = CARTESIAN_POINT('',(12.,30.,3.5));
#4035 = DIRECTION('',(-0.,1.,0.));
#4036 = DIRECTION('',(0.,0.,1.));
#4037 = DEFINITIONAL_REPRESENTATION('',(#4038),#4042);
#4038 = LINE('',#4039,#4040);
#4039 = CARTESIAN_POINT('',(2.5,-3.));
#4040 = VECTOR('',#4041,1.);
#4041 = DIRECTION('',(0.,-1.));
#4042 = ( GEOMETRIC_REPRESENTATION_CONTEXT(2) 
PARAMETRIC_REPRESENTATION_CONTEXT() REPRESENTATION_CONTEXT('2D SPACE',''
  ) );
#4043 = ORIENTED_EDGE('',*,*,#4044,.T.);
#4044 = EDGE_CURVE('',#4017,#4045,#4047,.T.);
#4045 = VERTEX_POINT('',#4046);
#4046 = CARTESIAN_POINT('',(12.,60.,6.));
#4047 = SURFACE_CURVE('',#4048,(#4052,#4059),.PCURVE_S1.);
#4048 = LINE('',#4049,#4050);
#4049 = CARTESIAN_POINT('',(12.,19.,6.));
#4050 = VECTOR('',#4051,1.);
#4051 = DIRECTION('',(-0.,1.,0.));
#4052 = PCURVE('',#993,#4053);
#4053 = DEFINITIONAL_REPRESENTATION('',(#4054),#4058);
#4054 = LINE('',#4055,#4056);
#4055 = CARTESIAN_POINT('',(6.,11.));
#4056 = VECTOR('',#4057,1.);
#4057 = DIRECTION('',(0.,1.));
#4058 = ( GEOMETRIC_REPRESENTATION_CONTEXT(2) 
PARAMETRIC_REPRESENTATION_CONTEXT() REPRESENTATION_CONTEXT('2D SPACE',''
  ) );
#4059 = PCURVE('',#4060,#4065);
#4060 = PLANE('',#4061);
#4061 = AXIS2_PLACEMENT_3D('',#4062,#4063,#4064);
#4062 = CARTESIAN_POINT('',(12.,30.,3.5));
#4063 = DIRECTION('',(1.,0.,-0.));
#4064 = DIRECTION('',(0.,0.,1.));
#4065 = DEFINITIONAL_REPRESENTATION('',(#4066),#4070);
#4066 = LINE('',#4067,#4068);
#4067 = CARTESIAN_POINT('',(2.5,11.));
#4068 = VECTOR('',#4069,1.);
#4069 = DIRECTION('',(0.,-1.));
#4070 = ( GEOMETRIC_REPRESENTATION_CONTEXT(2) 
PARAMETRIC_REPRESENTATION_CONTEXT() REPRESENTATION_CONTEXT('2D SPACE',''
  ) );
#4071 = ORIENTED_EDGE('',*,*,#4072,.F.);
#4072 = EDGE_CURVE('',#4073,#4045,#4075,.T.);
#4073 = VERTEX_POINT('',#4074);
#4074 = CARTESIAN_POINT('',(84.,60.,6.));
#4075 = SURFACE_CURVE('',#4076,(#4080,#4087),.PCURVE_S1.);
#4076 = LINE('',#4077,#4078);
#4077 = CARTESIAN_POINT('',(9.,60.,6.));
#4078 = VECTOR('',#4079,1.);
#4079 = DIRECTION('',(-1.,-0.,0.));
#4080 = PCURVE('',#993,#4081);
#4081 = DEFINITIONAL_REPRESENTATION('',(#4082),#4086);
#4082 = LINE('',#4083,#4084);
#4083 = CARTESIAN_POINT('',(3.,52.));
#4084 = VECTOR('',#4085,1.);
#4085 = DIRECTION('',(-1.,0.));
#4086 = ( GEOMETRIC_REPRESENTATION_CONTEXT(2) 
PARAMETRIC_REPRESENTATION_CONTEXT() REPRESENTATION_CONTEXT('2D SPACE',''
  ) );
#4087 = PCURVE('',#4088,#4093);
#4088 = PLANE('',#4089);
#4089 = AXIS2_PLACEMENT_3D('',#4090,#4091,#4092);
#4090 = CARTESIAN_POINT('',(12.,60.,3.5));
#4091 = DIRECTION('',(-0.,1.,0.));
#4092 = DIRECTION('',(0.,0.,1.));
#4093 = DEFINITIONAL_REPRESENTATION('',(#4094),#4098);
#4094 = LINE('',#4095,#4096);
#4095 = CARTESIAN_POINT('',(2.5,-3.));
#4096 = VECTOR('',#4097,1.);
#4097 = DIRECTION('',(0.,-1.));
#4098 = ( GEOMETRIC_REPRESENTATION_CONTEXT(2) 
PARAMETRIC_REPRESENTATION_CONTEXT() REPRESENTATION_CONTEXT('2D SPACE',''
  ) );
#4099 = ORIENTED_EDGE('',*,*,#4100,.F.);
#4100 = EDGE_CURVE('',#4015,#4073,#4101,.T.);
#4101 = SURFACE_CURVE('',#4102,(#4106,#4113),.PCURVE_S1.);
#4102 = LINE('',#4103,#4104);
#4103 = CARTESIAN_POINT('',(84.,19.,6.));
#4104 = VECTOR('',#4105,1.);
#4105 = DIRECTION('',(-0.,1.,0.));
#4106 = PCURVE('',#993,#4107);
#4107 = DEFINITIONAL_REPRESENTATION('',(#4108),#4112);
#4108 = LINE('',#4109,#4110);
#4109 = CARTESIAN_POINT('',(78.,11.));
#4110 = VECTOR('',#4111,1.);
#4111 = DIRECTION('',(0.,1.));
#4112 = ( GEOMETRIC_REPRESENTATION_CONTEXT(2) 
PARAMETRIC_REPRESENTATION_CONTEXT() REPRESENTATION_CONTEXT('2D SPACE',''
  ) );
#4113 = PCURVE('',#4114,#4119);
#4114 = PLANE('',#4115);
#4115 = AXIS2_PLACEMENT_3D('',#4116,#4117,#4118);
#4116 = CARTESIAN_POINT('',(84.,30.,3.5));
#4117 = DIRECTION('',(1.,0.,-0.));
#4118 = DIRECTION('',(0.,0.,1.));
#4119 = DEFINITIONAL_REPRESENTATION('',(#4120),#4124);
#4120 = LINE('',#4121,#4122);
#4121 = CARTESIAN_POINT('',(2.5,11.));
#4122 = VECTOR('',#4123,1.);
#4123 = DIRECTION('',(0.,-1.));
#4124 = ( GEOMETRIC_REPRESENTATION_CONTEXT(2) 
PARAMETRIC_REPRESENTATION_CONTEXT() REPRESENTATION_CONTEXT('2D SPACE',''
  ) );
#4125 = ADVANCED_FACE('',(#4126),#1049,.T.);
#4126 = FACE_BOUND('',#4127,.T.);
#4127 = EDGE_LOOP('',(#4128,#4151,#4152,#4175,#4204,#4232));
#4128 = ORIENTED_EDGE('',*,*,#4129,.T.);
#4129 = EDGE_CURVE('',#4130,#1034,#4132,.T.);
#4130 = VERTEX_POINT('',#4131);
#4131 = CARTESIAN_POINT('',(90.,0.375047169979,3.));
#4132 = SURFACE_CURVE('',#4133,(#4137,#4144),.PCURVE_S1.);
#4133 = LINE('',#4134,#4135);
#4134 = CARTESIAN_POINT('',(90.,-1.,3.));
#4135 = VECTOR('',#4136,1.);
#4136 = DIRECTION('',(-0.,1.,0.));
#4137 = PCURVE('',#1049,#4138);
#4138 = DEFINITIONAL_REPRESENTATION('',(#4139),#4143);
#4139 = LINE('',#4140,#4141);
#4140 = CARTESIAN_POINT('',(87.,0.));
#4141 = VECTOR('',#4142,1.);
#4142 = DIRECTION('',(0.,1.));
#4143 = ( GEOMETRIC_REPRESENTATION_CONTEXT(2) 
PARAMETRIC_REPRESENTATION_CONTEXT() REPRESENTATION_CONTEXT('2D SPACE',''
  ) );
#4144 = PCURVE('',#1255,#4145);
#4145 = DEFINITIONAL_REPRESENTATION('',(#4146),#4150);
#4146 = LINE('',#4147,#4148);
#4147 = CARTESIAN_POINT('',(1.570796326795,0.));
#4148 = VECTOR('',#4149,1.);
#4149 = DIRECTION('',(0.,1.));
#4150 = ( GEOMETRIC_REPRESENTATION_CONTEXT(2) 
PARAMETRIC_REPRESENTATION_CONTEXT() REPRESENTATION_CONTEXT('2D SPACE',''
  ) );
#4151 = ORIENTED_EDGE('',*,*,#1031,.F.);
#4152 = ORIENTED_EDGE('',*,*,#4153,.F.);
#4153 = EDGE_CURVE('',#4154,#1032,#4156,.T.);
#4154 = VERTEX_POINT('',#4155);
#4155 = CARTESIAN_POINT('',(6.,0.375047169979,3.));
#4156 = SURFACE_CURVE('',#4157,(#4161,#4168),.PCURVE_S1.);
#4157 = LINE('',#4158,#4159);
#4158 = CARTESIAN_POINT('',(6.,-1.,3.));
#4159 = VECTOR('',#4160,1.);
#4160 = DIRECTION('',(-0.,1.,0.));
#4161 = PCURVE('',#1049,#4162);
#4162 = DEFINITIONAL_REPRESENTATION('',(#4163),#4167);
#4163 = LINE('',#4164,#4165);
#4164 = CARTESIAN_POINT('',(3.,0.));
#4165 = VECTOR('',#4166,1.);
#4166 = DIRECTION('',(0.,1.));
#4167 = ( GEOMETRIC_REPRESENTATION_CONTEXT(2) 
PARAMETRIC_REPRESENTATION_CONTEXT() REPRESENTATION_CONTEXT('2D SPACE',''
  ) );
#4168 = PCURVE('',#1082,#4169);
#4169 = DEFINITIONAL_REPRESENTATION('',(#4170),#4174);
#4170 = LINE('',#4171,#4172);
#4171 = CARTESIAN_POINT('',(4.712388980385,0.));
#4172 = VECTOR('',#4173,1.);
#4173 = DIRECTION('',(-0.,1.));
#4174 = ( GEOMETRIC_REPRESENTATION_CONTEXT(2) 
PARAMETRIC_REPRESENTATION_CONTEXT() REPRESENTATION_CONTEXT('2D SPACE',''
  ) );
#4175 = ORIENTED_EDGE('',*,*,#4176,.T.);
#4176 = EDGE_CURVE('',#4154,#4177,#4179,.T.);
#4177 = VERTEX_POINT('',#4178);
#4178 = CARTESIAN_POINT('',(7.,0.3,3.));
#4179 = SURFACE_CURVE('',#4180,(#4185,#4192),.PCURVE_S1.);
#4180 = CIRCLE('',#4181,6.7);
#4181 = AXIS2_PLACEMENT_3D('',#4182,#4183,#4184);
#4182 = CARTESIAN_POINT('',(7.,7.,3.));
#4183 = DIRECTION('',(0.,0.,1.));
#4184 = DIRECTION('',(-0.142857142857,-0.989743318611,0.));
#4185 = PCURVE('',#1049,#4186);
#4186 = DEFINITIONAL_REPRESENTATION('',(#4187),#4191);
#4187 = CIRCLE('',#4188,6.7);
#4188 = AXIS2_PLACEMENT_2D('',#4189,#4190);
#4189 = CARTESIAN_POINT('',(4.,8.));
#4190 = DIRECTION('',(-0.142857142857,-0.989743318611));
#4191 = ( GEOMETRIC_REPRESENTATION_CONTEXT(2) 
PARAMETRIC_REPRESENTATION_CONTEXT() REPRESENTATION_CONTEXT('2D SPACE',''
  ) );
#4192 = PCURVE('',#4193,#4198);
#4193 = TOROIDAL_SURFACE('',#4194,6.7,0.3);
#4194 = AXIS2_PLACEMENT_3D('',#4195,#4196,#4197);
#4195 = CARTESIAN_POINT('',(7.,7.,2.7));
#4196 = DIRECTION('',(0.,0.,1.));
#4197 = DIRECTION('',(-0.142857142857,-0.989743318611,0.));
#4198 = DEFINITIONAL_REPRESENTATION('',(#4199),#4203);
#4199 = LINE('',#4200,#4201);
#4200 = CARTESIAN_POINT('',(-6.28318530718,1.570796326795));
#4201 = VECTOR('',#4202,1.);
#4202 = DIRECTION('',(1.,0.));
#4203 = ( GEOMETRIC_REPRESENTATION_CONTEXT(2) 
PARAMETRIC_REPRESENTATION_CONTEXT() REPRESENTATION_CONTEXT('2D SPACE',''
  ) );
#4204 = ORIENTED_EDGE('',*,*,#4205,.T.);
#4205 = EDGE_CURVE('',#4177,#4206,#4208,.T.);
#4206 = VERTEX_POINT('',#4207);
#4207 = CARTESIAN_POINT('',(89.,0.3,3.));
#4208 = SURFACE_CURVE('',#4209,(#4213,#4220),.PCURVE_S1.);
#4209 = LINE('',#4210,#4211);
#4210 = CARTESIAN_POINT('',(7.,0.3,3.));
#4211 = VECTOR('',#4212,1.);
#4212 = DIRECTION('',(1.,0.,-0.));
#4213 = PCURVE('',#1049,#4214);
#4214 = DEFINITIONAL_REPRESENTATION('',(#4215),#4219);
#4215 = LINE('',#4216,#4217);
#4216 = CARTESIAN_POINT('',(4.,1.3));
#4217 = VECTOR('',#4218,1.);
#4218 = DIRECTION('',(1.,0.));
#4219 = ( GEOMETRIC_REPRESENTATION_CONTEXT(2) 
PARAMETRIC_REPRESENTATION_CONTEXT() REPRESENTATION_CONTEXT('2D SPACE',''
  ) );
#4220 = PCURVE('',#4221,#4226);
#4221 = CYLINDRICAL_SURFACE('',#4222,0.3);
#4222 = AXIS2_PLACEMENT_3D('',#4223,#4224,#4225);
#4223 = CARTESIAN_POINT('',(7.,0.3,2.7));
#4224 = DIRECTION('',(1.,0.,-0.));
#4225 = DIRECTION('',(0.,-1.,0.));
#4226 = DEFINITIONAL_REPRESENTATION('',(#4227),#4231);
#4227 = LINE('',#4228,#4229);
#4228 = CARTESIAN_POINT('',(4.712388980385,0.));
#4229 = VECTOR('',#4230,1.);
#4230 = DIRECTION('',(-0.,1.));
#4231 = ( GEOMETRIC_REPRESENTATION_CONTEXT(2) 
PARAMETRIC_REPRESENTATION_CONTEXT() REPRESENTATION_CONTEXT('2D SPACE',''
  ) );
#4232 = ORIENTED_EDGE('',*,*,#4233,.T.);
#4233 = EDGE_CURVE('',#4206,#4130,#4234,.T.);
#4234 = SURFACE_CURVE('',#4235,(#4240,#4247),.PCURVE_S1.);
#4235 = CIRCLE('',#4236,6.7);
#4236 = AXIS2_PLACEMENT_3D('',#4237,#4238,#4239);
#4237 = CARTESIAN_POINT('',(89.,7.,3.));
#4238 = DIRECTION('',(0.,0.,1.));
#4239 = DIRECTION('',(0.,-1.,0.));
#4240 = PCURVE('',#1049,#4241);
#4241 = DEFINITIONAL_REPRESENTATION('',(#4242),#4246);
#4242 = CIRCLE('',#4243,6.7);
#4243 = AXIS2_PLACEMENT_2D('',#4244,#4245);
#4244 = CARTESIAN_POINT('',(86.,8.));
#4245 = DIRECTION('',(0.,-1.));
#4246 = ( GEOMETRIC_REPRESENTATION_CONTEXT(2) 
PARAMETRIC_REPRESENTATION_CONTEXT() REPRESENTATION_CONTEXT('2D SPACE',''
  ) );
#4247 = PCURVE('',#4248,#4253);
#4248 = TOROIDAL_SURFACE('',#4249,6.7,0.3);
#4249 = AXIS2_PLACEMENT_3D('',#4250,#4251,#4252);
#4250 = CARTESIAN_POINT('',(89.,7.,2.7));
#4251 = DIRECTION('',(0.,0.,1.));
#4252 = DIRECTION('',(0.,-1.,0.));
#4253 = DEFINITIONAL_REPRESENTATION('',(#4254),#4258);
#4254 = LINE('',#4255,#4256);
#4255 = CARTESIAN_POINT('',(0.,1.570796326795));
#4256 = VECTOR('',#4257,1.);
#4257 = DIRECTION('',(1.,0.));
#4258 = ( GEOMETRIC_REPRESENTATION_CONTEXT(2) 
PARAMETRIC_REPRESENTATION_CONTEXT() REPRESENTATION_CONTEXT('2D SPACE',''
  ) );
#4259 = ADVANCED_FACE('',(#4260),#1082,.F.);
#4260 = FACE_BOUND('',#4261,.F.);
#4261 = EDGE_LOOP('',(#4262,#4263,#4264,#4513));
#4262 = ORIENTED_EDGE('',*,*,#1061,.T.);
#4263 = ORIENTED_EDGE('',*,*,#4153,.F.);
#4264 = ORIENTED_EDGE('',*,*,#4265,.F.);
#4265 = EDGE_CURVE('',#4266,#4154,#4268,.T.);
#4266 = VERTEX_POINT('',#4267);
#4267 = CARTESIAN_POINT('',(3.,1.861906968534,6.));
#4268 = SURFACE_CURVE('',#4269,(#4293,#4344),.PCURVE_S1.);
#4269 = ( BOUNDED_CURVE() B_SPLINE_CURVE(8,(#4270,#4271,#4272,#4273,
    #4274,#4275,#4276,#4277,#4278,#4279,#4280,#4281,#4282,#4283,#4284,
    #4285,#4286,#4287,#4288,#4289,#4290,#4291,#4292),.UNSPECIFIED.,.F.,
.F.) B_SPLINE_CURVE_WITH_KNOTS((9,7,7,9),(473.64384457586,
    476.33362002711,477.51663021031,478.47642990597),.UNSPECIFIED.) 
CURVE() GEOMETRIC_REPRESENTATION_ITEM() RATIONAL_B_SPLINE_CURVE((
    1.066705203297,1.066705203297,1.065448760828,1.062903411914,
    1.059584075668,1.056165472882,1.052611614944,1.049176748099,
    1.044486315583,1.043088749082,1.04173624281,1.0404351781,
    1.039193117982,1.038020254328,1.036927649785,1.035106593554,
    1.034347515227,1.033653731598,1.033032863531,1.032491460676,
1.032035001478,1.031667893173,1.031393471788)) REPRESENTATION_ITEM('') 
  );
#4270 = CARTESIAN_POINT('',(3.,1.861906968534,6.));
#4271 = CARTESIAN_POINT('',(3.,1.861906968534,5.661995905429));
#4272 = CARTESIAN_POINT('',(3.043490582516,1.822047500267,5.323020474172
    ));
#4273 = CARTESIAN_POINT('',(3.131491076439,1.741108238664,4.995401456307
    ));
#4274 = CARTESIAN_POINT('',(3.256561229747,1.631155028411,4.699101570606
    ));
#4275 = CARTESIAN_POINT('',(3.406395234788,1.509651261995,4.426877296716
    ));
#4276 = CARTESIAN_POINT('',(3.584654979831,1.376544243363,4.177095295569
    ));
#4277 = CARTESIAN_POINT('',(3.787720849524,1.240002874713,3.950606768451
    ));
#4278 = CARTESIAN_POINT('',(4.119908795062,1.042806873003,3.65828237221)
  );
#4279 = CARTESIAN_POINT('',(4.227033462255,0.982362413293,3.573369456789
    ));
#4280 = CARTESIAN_POINT('',(4.339386514576,0.922358993137,3.493316322059
    ));
#4281 = CARTESIAN_POINT('',(4.457337894117,0.863091269686,3.418246596966
    ));
#4282 = CARTESIAN_POINT('',(4.581114066932,0.804937957391,3.348450469728
    ));
#4283 = CARTESIAN_POINT('',(4.710622382721,0.748433924223,3.284449840999
    ));
#4284 = CARTESIAN_POINT('',(4.8457273314,0.694161091575,3.226883285719)
  );
#4285 = CARTESIAN_POINT('',(5.101791795702,0.600431987459,3.135022004335
    ));
#4286 = CARTESIAN_POINT('',(5.220712803139,0.560082180897,3.098381156963
    ));
#4287 = CARTESIAN_POINT('',(5.343425804378,0.521856287657,3.066804269113
    ));
#4288 = CARTESIAN_POINT('',(5.469571088248,0.486158034922,3.040767482421
    ));
#4289 = CARTESIAN_POINT('',(5.598751942898,0.45334391286,3.020703368183)
  );
#4290 = CARTESIAN_POINT('',(5.730535285916,0.423722415717,3.006999980136
    ));
#4291 = CARTESIAN_POINT('',(5.864452433666,0.397553341237,3.));
#4292 = CARTESIAN_POINT('',(6.,0.375047169979,3.));
#4293 = PCURVE('',#1082,#4294);
#4294 = DEFINITIONAL_REPRESENTATION('',(#4295),#4343);
#4295 = B_SPLINE_CURVE_WITH_KNOTS('',3,(#4296,#4297,#4298,#4299,#4300,
    #4301,#4302,#4303,#4304,#4305,#4306,#4307,#4308,#4309,#4310,#4311,
    #4312,#4313,#4314,#4315,#4316,#4317,#4318,#4319,#4320,#4321,#4322,
    #4323,#4324,#4325,#4326,#4327,#4328,#4329,#4330,#4331,#4332,#4333,
    #4334,#4335,#4336,#4337,#4338,#4339,#4340,#4341,#4342),
  .UNSPECIFIED.,.F.,.F.,(4,1,1,1,1,1,1,1,1,1,1,1,1,1,1,1,1,1,1,1,1,1,1,1
    ,1,1,1,1,1,1,1,1,1,1,1,1,1,1,1,1,1,1,1,1,4),(473.64384457586,
    473.75367606063,473.86350754541,473.97333903018,474.08317051496,
    474.19300199973,474.30283348451,474.41266496928,474.52249645406,
    474.63232793883,474.74215942361,474.85199090838,474.96182239316,
    475.07165387793,475.18148536271,475.29131684748,475.40114833226,
    475.51097981703,475.62081130181,475.73064278658,475.84047427136,
    475.95030575614,476.06013724091,476.16996872569,476.27980021046,
    476.38963169524,476.49946318001,476.60929466479,476.71912614956,
    476.82895763434,476.93878911911,477.04862060389,477.15845208866,
    477.26828357344,477.37811505821,477.48794654299,477.59777802776,
    477.70760951254,477.81744099731,477.92727248209,478.03710396686,
    478.14693545164,478.25676693642,478.36659842119,478.47642990597),
  .UNSPECIFIED.);
#4296 = CARTESIAN_POINT('',(6.28318530718,2.861906968534));
#4297 = CARTESIAN_POINT('',(6.270917355632,2.86191127612));
#4298 = CARTESIAN_POINT('',(6.2463786198,2.860664236067));
#4299 = CARTESIAN_POINT('',(6.209610541579,2.855091527141));
#4300 = CARTESIAN_POINT('',(6.172930998473,2.84586293881));
#4301 = CARTESIAN_POINT('',(6.136388549587,2.833089656353));
#4302 = CARTESIAN_POINT('',(6.100027234256,2.81691551539));
#4303 = CARTESIAN_POINT('',(6.063884644988,2.797515616217));
#4304 = CARTESIAN_POINT('',(6.027990454901,2.775086876629));
#4305 = CARTESIAN_POINT('',(5.992365766466,2.749841248556));
#4306 = CARTESIAN_POINT('',(5.957022985423,2.721998968662));
#4307 = CARTESIAN_POINT('',(5.921966124479,2.691782746859));
#4308 = CARTESIAN_POINT('',(5.887191411297,2.659412805709));
#4309 = CARTESIAN_POINT('',(5.852688106447,2.625102904266));
#4310 = CARTESIAN_POINT('',(5.818439450056,2.589057373938));
#4311 = CARTESIAN_POINT('',(5.784423671176,2.551469172733));
#4312 = CARTESIAN_POINT('',(5.750615005062,2.512518917163));
#4313 = CARTESIAN_POINT('',(5.716984671922,2.472374807787));
#4314 = CARTESIAN_POINT('',(5.683501775027,2.43119331622));
#4315 = CARTESIAN_POINT('',(5.650134077832,2.389120453701));
#4316 = CARTESIAN_POINT('',(5.616848613362,2.346293382833));
#4317 = CARTESIAN_POINT('',(5.583612084402,2.302842105384));
#4318 = CARTESIAN_POINT('',(5.550390955908,2.258890811005));
#4319 = CARTESIAN_POINT('',(5.517151297615,2.214558761451));
#4320 = CARTESIAN_POINT('',(5.483857775076,2.169959234583));
#4321 = CARTESIAN_POINT('',(5.450473555469,2.125199818047));
#4322 = CARTESIAN_POINT('',(5.416953945115,2.080369279162));
#4323 = CARTESIAN_POINT('',(5.383262481954,2.035574665979));
#4324 = CARTESIAN_POINT('',(5.349369891926,1.990928005217));
#4325 = CARTESIAN_POINT('',(5.315236650277,1.946530882742));
#4326 = CARTESIAN_POINT('',(5.280823402456,1.902487576513));
#4327 = CARTESIAN_POINT('',(5.24609315432,1.858908003077));
#4328 = CARTESIAN_POINT('',(5.211013352514,1.815910537066));
#4329 = CARTESIAN_POINT('',(5.175555259544,1.773621750879));
#4330 = CARTESIAN_POINT('',(5.139691868247,1.732174647878));
#4331 = CARTESIAN_POINT('',(5.103391335943,1.691701880021));
#4332 = CARTESIAN_POINT('',(5.06661656206,1.65233625942));
#4333 = CARTESIAN_POINT('',(5.029291705089,1.614172702429));
#4334 = CARTESIAN_POINT('',(4.99139865841,1.577379888324));
#4335 = CARTESIAN_POINT('',(4.952974306164,1.542182557326));
#4336 = CARTESIAN_POINT('',(4.914039809697,1.508775671964));
#4337 = CARTESIAN_POINT('',(4.874618239021,1.477345126659));
#4338 = CARTESIAN_POINT('',(4.834730122112,1.448062007417));
#4339 = CARTESIAN_POINT('',(4.79439487096,1.421083366209));
#4340 = CARTESIAN_POINT('',(4.753630749644,1.396553434404));
#4341 = CARTESIAN_POINT('',(4.726180075031,1.381915567697));
#4342 = CARTESIAN_POINT('',(4.712388980385,1.375047169979));
#4343 = ( GEOMETRIC_REPRESENTATION_CONTEXT(2) 
PARAMETRIC_REPRESENTATION_CONTEXT() REPRESENTATION_CONTEXT('2D SPACE',''
  ) );
#4344 = PCURVE('',#4345,#4507);
#4345 = ( BOUNDED_SURFACE() B_SPLINE_SURFACE(6,8,(
    (#4346,#4347,#4348,#4349,#4350,#4351,#4352,#4353,#4354,#4355,#4356
      ,#4357,#4358,#4359,#4360,#4361,#4362,#4363,#4364,#4365,#4366,#4367
      ,#4368)
    ,(#4369,#4370,#4371,#4372,#4373,#4374,#4375,#4376,#4377,#4378,#4379
      ,#4380,#4381,#4382,#4383,#4384,#4385,#4386,#4387,#4388,#4389,#4390
      ,#4391)
    ,(#4392,#4393,#4394,#4395,#4396,#4397,#4398,#4399,#4400,#4401,#4402
      ,#4403,#4404,#4405,#4406,#4407,#4408,#4409,#4410,#4411,#4412,#4413
      ,#4414)
    ,(#4415,#4416,#4417,#4418,#4419,#4420,#4421,#4422,#4423,#4424,#4425
      ,#4426,#4427,#4428,#4429,#4430,#4431,#4432,#4433,#4434,#4435,#4436
      ,#4437)
    ,(#4438,#4439,#4440,#4441,#4442,#4443,#4444,#4445,#4446,#4447,#4448
      ,#4449,#4450,#4451,#4452,#4453,#4454,#4455,#4456,#4457,#4458,#4459
      ,#4460)
    ,(#4461,#4462,#4463,#4464,#4465,#4466,#4467,#4468,#4469,#4470,#4471
      ,#4472,#4473,#4474,#4475,#4476,#4477,#4478,#4479,#4480,#4481,#4482
      ,#4483)
    ,(#4484,#4485,#4486,#4487,#4488,#4489,#4490,#4491,#4492,#4493,#4494
      ,#4495,#4496,#4497,#4498,#4499,#4500,#4501,#4502,#4503,#4504,#4505
,#4506
    )),.UNSPECIFIED.,.F.,.F.,.F.) B_SPLINE_SURFACE_WITH_KNOTS((7,7),(9,7
    ,7,9),(0.,4.83258533011),(473.64384457586,476.33362002711,
    477.51663021031,478.47642990597),.UNSPECIFIED.) 
GEOMETRIC_REPRESENTATION_ITEM() RATIONAL_B_SPLINE_SURFACE((
    (1.066705203297,1.066705203297,1.065448760828,1.062903411914
      ,1.059584075668,1.056165472882,1.052611614944,1.049176748099
      ,1.044486315583,1.043088749082,1.04173624281,1.0404351781
      ,1.039193117982,1.038020254328,1.036927649785,1.035106593554
      ,1.034347515227,1.033653731598,1.033032863531,1.032491460676
      ,1.032035001478,1.031667893173,1.031393471788)
    ,(1.020249745885,1.020249745885,1.019905643444,1.019209676838
      ,1.018290636399,1.017326300885,1.01631209095,1.015318600762
      ,1.013947379265,1.013536706745,1.013137301016,1.012751257568
      ,1.012381078514,1.012030097501,1.011701942723,1.011153285439
      ,1.010923888583,1.01071366785,1.010525107737,1.010360356864
      ,1.010221227969,1.010109197909,1.010025407661)
    ,(0.995713300237,0.995713300237,0.995788311678,0.995939990931
      ,0.996140428086,0.996350559745,0.996571091794,0.996786559667
      ,0.997083115861,0.997171815424,0.997257959925,0.997341098932
      ,0.997420701295,0.997496064222,0.997566428064,0.997683926092
      ,0.997732992933,0.997777908861,0.997818157047,0.997853292287
      ,0.997882941007,0.997906801259,0.997924642725)
    ,(0.987609681784,0.987609681784,0.987829270334,0.988273866308
      ,0.988856568465,0.989461832563,0.990094946245,0.990711325233
      ,0.991558267092,0.991811377909,0.992057055223,0.992294079252
      ,0.992520989151,0.992735819733,0.992936427292,0.993271480244
      ,0.993411425929,0.993539562838,0.993654413434,0.993754701383
      ,0.993839351561,0.993907490049,0.993958444137)
    ,(0.995713300237,0.995713300237,0.995788311678,0.995939990931
      ,0.996140428086,0.996350559745,0.996571091794,0.996786559667
      ,0.997083115861,0.997171815424,0.997257959925,0.997341098932
      ,0.997420701295,0.997496064222,0.997566428064,0.997683926092
      ,0.997732992933,0.997777908861,0.997818157047,0.997853292287
      ,0.997882941007,0.997906801259,0.997924642725)
    ,(1.020249745885,1.020249745885,1.019905643444,1.019209676838
      ,1.018290636399,1.017326300885,1.01631209095,1.015318600762
      ,1.013947379265,1.013536706745,1.013137301016,1.012751257568
      ,1.012381078514,1.012030097501,1.011701942723,1.011153285439
      ,1.010923888583,1.01071366785,1.010525107737,1.010360356864
      ,1.010221227969,1.010109197909,1.010025407661)
    ,(1.066705203297,1.066705203297,1.065448760828,1.062903411914
      ,1.059584075668,1.056165472882,1.052611614944,1.049176748099
      ,1.044486315583,1.043088749082,1.04173624281,1.0404351781
      ,1.039193117982,1.038020254328,1.036927649785,1.035106593554
      ,1.034347515227,1.033653731598,1.033032863531,1.032491460676
      ,1.032035001478,1.031667893173,1.031393471788
))) REPRESENTATION_ITEM('') SURFACE() );
#4346 = CARTESIAN_POINT('',(2.507462686567,1.631843101453,6.));
#4347 = CARTESIAN_POINT('',(2.507462686567,1.631843101453,5.629172140084
    ));
#4348 = CARTESIAN_POINT('',(2.557115404959,1.590331792239,5.257551344591
    ));
#4349 = CARTESIAN_POINT('',(2.657471990806,1.506093930461,4.898379167195
    ));
#4350 = CARTESIAN_POINT('',(2.800200839404,1.391738005393,4.573032843886
    ));
#4351 = CARTESIAN_POINT('',(2.971622492302,1.265206791854,4.273943448098
    ));
#4352 = CARTESIAN_POINT('',(3.175787214472,1.126457530584,3.999074630572
    ));
#4353 = CARTESIAN_POINT('',(3.408663285286,0.983960066492,3.749645730164
    ));
#4354 = CARTESIAN_POINT('',(3.790152670875,0.777899755232,3.427340324345
    ));
#4355 = CARTESIAN_POINT('',(3.913209476237,0.714714372451,3.333681932403
    ));
#4356 = CARTESIAN_POINT('',(4.042392240131,0.651937969519,3.245317903334
    ));
#4357 = CARTESIAN_POINT('',(4.178049845169,0.589905825002,3.162420905264
    ));
#4358 = CARTESIAN_POINT('',(4.320418113471,0.529026697708,3.085330882675
    ));
#4359 = CARTESIAN_POINT('',(4.469470303632,0.46984072541,3.014606378323)
  );
#4360 = CARTESIAN_POINT('',(4.625121304508,0.412940801833,2.950937034317
    ));
#4361 = CARTESIAN_POINT('',(4.920001342565,0.314715827105,2.849382751524
    ));
#4362 = CARTESIAN_POINT('',(5.057019294832,0.272408893877,2.808852085364
    ));
#4363 = CARTESIAN_POINT('',(5.198448911273,0.23231875003,2.773911589835)
  );
#4364 = CARTESIAN_POINT('',(5.343855010269,0.194878101243,2.745098551201
    ));
#4365 = CARTESIAN_POINT('',(5.492764308128,0.160467066099,2.722897538972
    ));
#4366 = CARTESIAN_POINT('',(5.644666169914,0.129412366409,2.707739340011
    ));
#4367 = CARTESIAN_POINT('',(5.799013517267,0.101986581673,2.7));
#4368 = CARTESIAN_POINT('',(5.955223880597,7.840749102309E-02,2.7));
#4369 = CARTESIAN_POINT('',(2.598367984515,1.555765697097,6.));
#4370 = CARTESIAN_POINT('',(2.598367984515,1.555765697097,5.643382355323
    ));
#4371 = CARTESIAN_POINT('',(2.646293753034,1.517121924182,5.286487503792
    ));
#4372 = CARTESIAN_POINT('',(2.742915026455,1.438928137621,4.941131787167
    ));
#4373 = CARTESIAN_POINT('',(2.880512406658,1.332345877513,4.625915378556
    ));
#4374 = CARTESIAN_POINT('',(3.046545570903,1.213336938304,4.334488631468
    ));
#4375 = CARTESIAN_POINT('',(3.244796994504,1.08222033335,4.065350004705)
  );
#4376 = CARTESIAN_POINT('',(3.471599043865,0.94682263139,3.820042937489)
  );
#4377 = CARTESIAN_POINT('',(3.843468547604,0.750485512138,3.502399533183
    ));
#4378 = CARTESIAN_POINT('',(3.963250649693,0.690299355875,3.410112065081
    ));
#4379 = CARTESIAN_POINT('',(4.08906921101,0.630398403939,3.322886875281)
  );
#4380 = CARTESIAN_POINT('',(4.221281221915,0.57110270553,3.240917717597)
  );
#4381 = CARTESIAN_POINT('',(4.36011953564,0.512809106456,3.164566716035)
  );
#4382 = CARTESIAN_POINT('',(4.505538562968,0.456048594156,3.094418701631
    ));
#4383 = CARTESIAN_POINT('',(4.657433598539,0.401402997404,3.031185335733
    ));
#4384 = CARTESIAN_POINT('',(4.945144828846,0.306969228781,2.93022115794)
  );
#4385 = CARTESIAN_POINT('',(5.078776543004,0.266260013183,2.889878662024
    ));
#4386 = CARTESIAN_POINT('',(5.216743532989,0.227622558752,2.855027490859
    ));
#4387 = CARTESIAN_POINT('',(5.358617955313,0.191476228436,2.826210015516
    ));
#4388 = CARTESIAN_POINT('',(5.503931558089,0.158189617126,2.803913848707
    ));
#4389 = CARTESIAN_POINT('',(5.652175906079,0.128080305479,2.788571503908
    ));
#4390 = CARTESIAN_POINT('',(5.802802656285,0.101414632089,2.780560087835
    ));
#4391 = CARTESIAN_POINT('',(5.955223880597,7.840749102309E-02,
    2.780201034946));
#4392 = CARTESIAN_POINT('',(2.719386023246,1.526314919407,6.));
#4393 = CARTESIAN_POINT('',(2.719386023246,1.526314919407,5.657360090688
    ));
#4394 = CARTESIAN_POINT('',(2.764606738174,1.489871672713,5.314621369515
    ));
#4395 = CARTESIAN_POINT('',(2.855661418439,1.416232704344,4.98225724522)
  );
#4396 = CARTESIAN_POINT('',(2.985832214745,1.31542611841,4.676740672069)
  );
#4397 = CARTESIAN_POINT('',(3.144032469195,1.201976253889,4.392773856337
    ));
#4398 = CARTESIAN_POINT('',(3.33381991532,1.076432728363,4.129309217695)
  );
#4399 = CARTESIAN_POINT('',(3.551989653828,0.946169262196,3.888198068317
    ));
#4400 = CARTESIAN_POINT('',(3.910790451615,0.756743403777,3.575227585369
    ));
#4401 = CARTESIAN_POINT('',(4.026386454312,0.69865006532,3.4842440138));
#4402 = CARTESIAN_POINT('',(4.147944753418,0.640749949367,3.398120915102
    ));
#4403 = CARTESIAN_POINT('',(4.275831089294,0.583351908429,3.317067740344
    ));
#4404 = CARTESIAN_POINT('',(4.410276710729,0.526845083677,3.24146291063)
  );
#4405 = CARTESIAN_POINT('',(4.551218735378,0.471757425057,3.171912057949
    ));
#4406 = CARTESIAN_POINT('',(4.698535050295,0.418666402087,3.109143736691
    ));
#4407 = CARTESIAN_POINT('',(4.977714075976,0.326829464189,3.008800186279
    ));
#4408 = CARTESIAN_POINT('',(5.107400240594,0.287211487149,2.968657916469
    ));
#4409 = CARTESIAN_POINT('',(5.241356242279,0.249568152542,2.933916088051
    ));
#4410 = CARTESIAN_POINT('',(5.379163549525,0.214310173455,2.905118968077
    ));
#4411 = CARTESIAN_POINT('',(5.520360656761,0.181799006615,2.882755057373
    ));
#4412 = CARTESIAN_POINT('',(5.664443037173,0.152346903908,2.867257163374
    ));
#4413 = CARTESIAN_POINT('',(5.810863084644,0.126216959948,2.859002465571
    ));
#4414 = CARTESIAN_POINT('',(5.959030045551,0.103623154305,2.858312571775
    ));
#4415 = CARTESIAN_POINT('',(2.844241804173,1.55310371484,6.));
#4416 = CARTESIAN_POINT('',(2.844241804173,1.55310371484,5.6678491969));
#4417 = CARTESIAN_POINT('',(2.886811921101,1.517487020449,5.335611764954
    ));
#4418 = CARTESIAN_POINT('',(2.972489195277,1.445546908655,5.012946839006
    ));
#4419 = CARTESIAN_POINT('',(3.095496779905,1.346873886193,4.715128897425
    ));
#4420 = CARTESIAN_POINT('',(3.245974421991,1.235506135745,4.437489335384
    ));
#4421 = CARTESIAN_POINT('',(3.427306576829,1.112076467093,4.179220634519
    ));
#4422 = CARTESIAN_POINT('',(3.636685509766,0.983795945712,3.942318279512
    ));
#4423 = CARTESIAN_POINT('',(3.982139567942,0.797088798446,3.634337629886
    ));
#4424 = CARTESIAN_POINT('',(4.093537528882,0.739820594202,3.544751043668
    ));
#4425 = CARTESIAN_POINT('',(4.210807126734,0.682720009442,3.459880086201
    ));
#4426 = CARTESIAN_POINT('',(4.33432207677,0.626088232486,3.379938101252)
  );
#4427 = CARTESIAN_POINT('',(4.464313140872,0.570309871474,3.305307819804
    ));
#4428 = CARTESIAN_POINT('',(4.600703230545,0.515914164849,3.236603287115
    ));
#4429 = CARTESIAN_POINT('',(4.743357023572,0.46347899154,3.174558389143)
  );
#4430 = CARTESIAN_POINT('',(5.013903572603,0.372744028257,3.075284295942
    ));
#4431 = CARTESIAN_POINT('',(5.139625350576,0.333596205324,3.035540346013
    ));
#4432 = CARTESIAN_POINT('',(5.269546971838,0.296389234912,3.001106711436
    ));
#4433 = CARTESIAN_POINT('',(5.403261379588,0.261529294368,2.972523856674
    ));
#4434 = CARTESIAN_POINT('',(5.540316634171,0.229374322821,2.950276878911
    ));
#4435 = CARTESIAN_POINT('',(5.680215786325,0.200234166256,2.934795714352
    ));
#4436 = CARTESIAN_POINT('',(5.822416719359,0.174370711761,2.926455324013
    ));
#4437 = CARTESIAN_POINT('',(5.966331962095,0.151998006982,2.925575853961
    ));
#4438 = CARTESIAN_POINT('',(2.944916905833,1.631660251788,6.));
#4439 = CARTESIAN_POINT('',(2.944916905833,1.631660251788,5.672389962671
    ));
#4440 = CARTESIAN_POINT('',(2.985982040734,1.595346498648,5.344561094885
    ));
#4441 = CARTESIAN_POINT('',(3.068679455137,1.521943522049,5.026239546759
    ));
#4442 = CARTESIAN_POINT('',(3.187544481092,1.421455507024,4.732898584563
    ));
#4443 = CARTESIAN_POINT('',(3.333082298806,1.308496933513,4.459688366462
    ));
#4444 = CARTESIAN_POINT('',(3.508640611227,1.18358904189,4.205765718636)
  );
#4445 = CARTESIAN_POINT('',(3.711544601903,1.054091490292,3.972983726813
    ));
#4446 = CARTESIAN_POINT('',(4.046663793941,0.865929131591,3.670429165425
    ));
#4447 = CARTESIAN_POINT('',(4.154811111298,0.808238709816,3.582406848571
    ));
#4448 = CARTESIAN_POINT('',(4.268684448495,0.750766474743,3.499039484027
    ));
#4449 = CARTESIAN_POINT('',(4.388663164023,0.693808552831,3.420527080538
    ));
#4450 = CARTESIAN_POINT('',(4.514978622927,0.637746583433,3.347239340272
    ));
#4451 = CARTESIAN_POINT('',(4.647544562138,0.583112650728,3.279780174045
    ));
#4452 = CARTESIAN_POINT('',(4.786219167205,0.530486953152,3.218871509732
    ));
#4453 = CARTESIAN_POINT('',(5.04935252903,0.439457392081,3.121400599558)
  );
#4454 = CARTESIAN_POINT('',(5.171659354618,0.400203010797,3.082381553395
    ));
#4455 = CARTESIAN_POINT('',(5.298071072171,0.362917381142,3.048581241149
    ));
#4456 = CARTESIAN_POINT('',(5.428194762449,0.328004927906,3.02052819008)
  );
#4457 = CARTESIAN_POINT('',(5.561592402738,0.295822403174,2.998697730954
    ));
#4458 = CARTESIAN_POINT('',(5.697780823416,0.266678937105,2.983512068539
    ));
#4459 = CARTESIAN_POINT('',(5.836231653809,0.240836084878,2.975340345055
    ));
#4460 = CARTESIAN_POINT('',(5.976371257944,0.218507868426,2.97449869481)
  );
#4461 = CARTESIAN_POINT('',(3.,1.743367757094,6.));
#4462 = CARTESIAN_POINT('',(3.,1.743367757094,5.670147992508));
#4463 = CARTESIAN_POINT('',(3.041368475167,1.705350711754,5.339827546071
    ));
#4464 = CARTESIAN_POINT('',(3.124811476272,1.628380657867,5.019732298745
    ));
#4465 = CARTESIAN_POINT('',(3.24429136384,1.523428802799,4.726907839434)
  );
#4466 = CARTESIAN_POINT('',(3.389491829509,1.406418988047,4.455601067406
    ));
#4467 = CARTESIAN_POINT('',(3.563851780399,1.277634629475,4.204660528525
    ));
#4468 = CARTESIAN_POINT('',(3.764439208595,1.144799931442,3.975523820264
    ));
#4469 = CARTESIAN_POINT('',(4.094773837311,0.952408194527,3.678450351605
    ));
#4470 = CARTESIAN_POINT('',(4.201371229988,0.893453687234,3.592069914142
    ));
#4471 = CARTESIAN_POINT('',(4.313476755287,0.834821179289,3.510388037469
    ));
#4472 = CARTESIAN_POINT('',(4.431469865823,0.776804616429,3.433573770303
    ));
#4473 = CARTESIAN_POINT('',(4.555581568169,0.719783866866,3.361965280597
    ));
#4474 = CARTESIAN_POINT('',(4.685721088913,0.664293556771,3.296135419113
    ));
#4475 = CARTESIAN_POINT('',(4.821747104591,0.610915968728,3.236774191247
    ));
#4476 = CARTESIAN_POINT('',(5.079811250428,0.518663411894,3.141861679937
    ));
#4477 = CARTESIAN_POINT('',(5.199741384802,0.478917438163,3.103911742899
    ));
#4478 = CARTESIAN_POINT('',(5.323642045961,0.441210632499,3.071093508459
    ));
#4479 = CARTESIAN_POINT('',(5.451136563978,0.40594714519,3.043914144029)
  );
#4480 = CARTESIAN_POINT('',(5.581805568262,0.373483696635,3.022831608913
    ));
#4481 = CARTESIAN_POINT('',(5.715187181807,0.344129339516,3.008254336622
    ));
#4482 = CARTESIAN_POINT('',(5.850777263585,0.318145238251,3.000540947539
    ));
#4483 = CARTESIAN_POINT('',(5.988029696277,0.295744472452,3.));
#4484 = CARTESIAN_POINT('',(3.,1.861906968534,6.));
#4485 = CARTESIAN_POINT('',(3.,1.861906968534,5.661995905429));
#4486 = CARTESIAN_POINT('',(3.043490582516,1.822047500267,5.323020474172
    ));
#4487 = CARTESIAN_POINT('',(3.131491076439,1.741108238664,4.995401456307
    ));
#4488 = CARTESIAN_POINT('',(3.256561229747,1.631155028411,4.699101570606
    ));
#4489 = CARTESIAN_POINT('',(3.406395234788,1.509651261995,4.426877296716
    ));
#4490 = CARTESIAN_POINT('',(3.584654979831,1.376544243363,4.177095295569
    ));
#4491 = CARTESIAN_POINT('',(3.787720849524,1.240002874713,3.950606768451
    ));
#4492 = CARTESIAN_POINT('',(4.119908795062,1.042806873003,3.65828237221)
  );
#4493 = CARTESIAN_POINT('',(4.227033462255,0.982362413293,3.573369456789
    ));
#4494 = CARTESIAN_POINT('',(4.339386514576,0.922358993137,3.493316322059
    ));
#4495 = CARTESIAN_POINT('',(4.457337894117,0.863091269686,3.418246596966
    ));
#4496 = CARTESIAN_POINT('',(4.581114066932,0.804937957391,3.348450469728
    ));
#4497 = CARTESIAN_POINT('',(4.710622382721,0.748433924223,3.284449840999
    ));
#4498 = CARTESIAN_POINT('',(4.8457273314,0.694161091575,3.226883285719)
  );
#4499 = CARTESIAN_POINT('',(5.101791795702,0.600431987459,3.135022004335
    ));
#4500 = CARTESIAN_POINT('',(5.220712803139,0.560082180897,3.098381156963
    ));
#4501 = CARTESIAN_POINT('',(5.343425804378,0.521856287657,3.066804269113
    ));
#4502 = CARTESIAN_POINT('',(5.469571088248,0.486158034922,3.040767482421
    ));
#4503 = CARTESIAN_POINT('',(5.598751942898,0.45334391286,3.020703368183)
  );
#4504 = CARTESIAN_POINT('',(5.730535285916,0.423722415717,3.006999980136
    ));
#4505 = CARTESIAN_POINT('',(5.864452433666,0.397553341237,3.));
#4506 = CARTESIAN_POINT('',(6.,0.375047169979,3.));
#4507 = DEFINITIONAL_REPRESENTATION('',(#4508),#4512);
#4508 = LINE('',#4509,#4510);
#4509 = CARTESIAN_POINT('',(4.83258533011,0.));
#4510 = VECTOR('',#4511,1.);
#4511 = DIRECTION('',(0.,1.));
#4512 = ( GEOMETRIC_REPRESENTATION_CONTEXT(2) 
PARAMETRIC_REPRESENTATION_CONTEXT() REPRESENTATION_CONTEXT('2D SPACE',''
  ) );
#4513 = ORIENTED_EDGE('',*,*,#4514,.T.);
#4514 = EDGE_CURVE('',#4266,#1062,#4515,.T.);
#4515 = SURFACE_CURVE('',#4516,(#4520,#4527),.PCURVE_S1.);
#4516 = LINE('',#4517,#4518);
#4517 = CARTESIAN_POINT('',(3.,-1.,6.));
#4518 = VECTOR('',#4519,1.);
#4519 = DIRECTION('',(-0.,1.,0.));
#4520 = PCURVE('',#1082,#4521);
#4521 = DEFINITIONAL_REPRESENTATION('',(#4522),#4526);
#4522 = LINE('',#4523,#4524);
#4523 = CARTESIAN_POINT('',(6.28318530718,0.));
#4524 = VECTOR('',#4525,1.);
#4525 = DIRECTION('',(-0.,1.));
#4526 = ( GEOMETRIC_REPRESENTATION_CONTEXT(2) 
PARAMETRIC_REPRESENTATION_CONTEXT() REPRESENTATION_CONTEXT('2D SPACE',''
  ) );
#4527 = PCURVE('',#1110,#4528);
#4528 = DEFINITIONAL_REPRESENTATION('',(#4529),#4533);
#4529 = LINE('',#4530,#4531);
#4530 = CARTESIAN_POINT('',(3.,0.));
#4531 = VECTOR('',#4532,1.);
#4532 = DIRECTION('',(0.,-1.));
#4533 = ( GEOMETRIC_REPRESENTATION_CONTEXT(2) 
PARAMETRIC_REPRESENTATION_CONTEXT() REPRESENTATION_CONTEXT('2D SPACE',''
  ) );
#4534 = ADVANCED_FACE('',(#4535),#1110,.T.);
#4535 = FACE_BOUND('',#4536,.T.);
#4536 = EDGE_LOOP('',(#4537,#4560,#4586,#4587));
#4537 = ORIENTED_EDGE('',*,*,#4538,.F.);
#4538 = EDGE_CURVE('',#4539,#1095,#4541,.T.);
#4539 = VERTEX_POINT('',#4540);
#4540 = CARTESIAN_POINT('',(3.,1.861906968534,152.));
#4541 = SURFACE_CURVE('',#4542,(#4546,#4553),.PCURVE_S1.);
#4542 = LINE('',#4543,#4544);
#4543 = CARTESIAN_POINT('',(3.,-1.,152.));
#4544 = VECTOR('',#4545,1.);
#4545 = DIRECTION('',(-0.,1.,0.));
#4546 = PCURVE('',#1110,#4547);
#4547 = DEFINITIONAL_REPRESENTATION('',(#4548),#4552);
#4548 = LINE('',#4549,#4550);
#4549 = CARTESIAN_POINT('',(149.,0.));
#4550 = VECTOR('',#4551,1.);
#4551 = DIRECTION('',(0.,-1.));
#4552 = ( GEOMETRIC_REPRESENTATION_CONTEXT(2) 
PARAMETRIC_REPRESENTATION_CONTEXT() REPRESENTATION_CONTEXT('2D SPACE',''
  ) );
#4553 = PCURVE('',#1139,#4554);
#4554 = DEFINITIONAL_REPRESENTATION('',(#4555),#4559);
#4555 = LINE('',#4556,#4557);
#4556 = CARTESIAN_POINT('',(0.,0.));
#4557 = VECTOR('',#4558,1.);
#4558 = DIRECTION('',(0.,1.));
#4559 = ( GEOMETRIC_REPRESENTATION_CONTEXT(2) 
PARAMETRIC_REPRESENTATION_CONTEXT() REPRESENTATION_CONTEXT('2D SPACE',''
  ) );
#4560 = ORIENTED_EDGE('',*,*,#4561,.T.);
#4561 = EDGE_CURVE('',#4539,#4266,#4562,.T.);
#4562 = SURFACE_CURVE('',#4563,(#4567,#4574),.PCURVE_S1.);
#4563 = LINE('',#4564,#4565);
#4564 = CARTESIAN_POINT('',(3.,1.861906968534,152.));
#4565 = VECTOR('',#4566,1.);
#4566 = DIRECTION('',(-0.,-0.,-1.));
#4567 = PCURVE('',#1110,#4568);
#4568 = DEFINITIONAL_REPRESENTATION('',(#4569),#4573);
#4569 = LINE('',#4570,#4571);
#4570 = CARTESIAN_POINT('',(149.,-2.861906968534));
#4571 = VECTOR('',#4572,1.);
#4572 = DIRECTION('',(-1.,0.));
#4573 = ( GEOMETRIC_REPRESENTATION_CONTEXT(2) 
PARAMETRIC_REPRESENTATION_CONTEXT() REPRESENTATION_CONTEXT('2D SPACE',''
  ) );
#4574 = PCURVE('',#4575,#4580);
#4575 = CYLINDRICAL_SURFACE('',#4576,0.3);
#4576 = AXIS2_PLACEMENT_3D('',#4577,#4578,#4579);
#4577 = CARTESIAN_POINT('',(2.7,1.861906968534,152.));
#4578 = DIRECTION('',(-0.,-0.,-1.));
#4579 = DIRECTION('',(-0.641791044776,-0.766879556935,0.));
#4580 = DEFINITIONAL_REPRESENTATION('',(#4581),#4585);
#4581 = LINE('',#4582,#4583);
#4582 = CARTESIAN_POINT('',(4.015557493779,0.));
#4583 = VECTOR('',#4584,1.);
#4584 = DIRECTION('',(-0.,1.));
#4585 = ( GEOMETRIC_REPRESENTATION_CONTEXT(2) 
PARAMETRIC_REPRESENTATION_CONTEXT() REPRESENTATION_CONTEXT('2D SPACE',''
  ) );
#4586 = ORIENTED_EDGE('',*,*,#4514,.T.);
#4587 = ORIENTED_EDGE('',*,*,#1094,.T.);
#4588 = ADVANCED_FACE('',(#4589),#1139,.F.);
#4589 = FACE_BOUND('',#4590,.F.);
#4590 = EDGE_LOOP('',(#4591,#4592,#4865,#4886));
#4591 = ORIENTED_EDGE('',*,*,#4538,.F.);
#4592 = ORIENTED_EDGE('',*,*,#4593,.F.);
#4593 = EDGE_CURVE('',#4594,#4539,#4596,.T.);
#4594 = VERTEX_POINT('',#4595);
#4595 = CARTESIAN_POINT('',(6.,0.375047169979,155.));
#4596 = SURFACE_CURVE('',#4597,(#4624,#4675),.PCURVE_S1.);
#4597 = ( BOUNDED_CURVE() B_SPLINE_CURVE(9,(#4598,#4599,#4600,#4601,
    #4602,#4603,#4604,#4605,#4606,#4607,#4608,#4609,#4610,#4611,#4612,
    #4613,#4614,#4615,#4616,#4617,#4618,#4619,#4620,#4621,#4622,#4623),
.UNSPECIFIED.,.F.,.F.) B_SPLINE_CURVE_WITH_KNOTS((10,8,8,10),(
    322.81125924575,323.7710589414,324.9540691246,327.64384457586),
.UNSPECIFIED.) CURVE() GEOMETRIC_REPRESENTATION_ITEM() 
RATIONAL_B_SPLINE_CURVE((1.031393471788,1.031637401908,1.031953421855,
    1.03233930761,1.03279224004,1.033308804894,1.033884992808,
    1.034516199299,1.035197224772,1.036815941421,1.037777277759,
    1.038802052938,1.039883181913,1.041013454243,1.04218694196,
    1.043399086231,1.044645462829,1.048815345153,1.051855844639,
    1.054957862223,1.058099720761,1.061026850812,1.063769620343,
1.065723463357,1.066705203297,1.066705203297)) REPRESENTATION_ITEM('') 
  );
#4598 = CARTESIAN_POINT('',(6.,0.375047169979,155.));
#4599 = CARTESIAN_POINT('',(5.879509713242,0.395053246828,155.));
#4600 = CARTESIAN_POINT('',(5.760286418036,0.417908674868,154.9945551406
    ));
#4601 = CARTESIAN_POINT('',(5.642666775164,0.443472991022,
    154.98386308136));
#4602 = CARTESIAN_POINT('',(5.52696808087,0.471578227976,154.96814730468
    ));
#4603 = CARTESIAN_POINT('',(5.413487802839,0.502029221187,
    154.94765674958));
#4604 = CARTESIAN_POINT('',(5.302503171525,0.534603952361,
    154.92266539282));
#4605 = CARTESIAN_POINT('',(5.194270830876,0.569053921794,
    154.89347178566));
#4606 = CARTESIAN_POINT('',(5.089026551497,0.605104540937,
    154.86039855629));
#4607 = CARTESIAN_POINT('',(4.861409100519,0.68842098166,154.77874243595
    ));
#4608 = CARTESIAN_POINT('',(4.740639976053,0.736374767463,
    154.72834214964));
#4609 = CARTESIAN_POINT('',(4.624263436299,0.786112342355,
    154.67287247534));
#4610 = CARTESIAN_POINT('',(4.512311392586,0.837263763177,154.6127511457
    ));
#4611 = CARTESIAN_POINT('',(4.404878129067,0.889450840174,
    154.54836610048));
#4612 = CARTESIAN_POINT('',(4.30191840901,0.942369317641,154.47998752705
    ));
#4613 = CARTESIAN_POINT('',(4.203225210014,0.995796964689,
    154.40775713247));
#4614 = CARTESIAN_POINT('',(4.108584775798,1.049528607613,
    154.33175348431));
#4615 = CARTESIAN_POINT('',(3.813207117973,1.224873936249,
    154.07181889816));
#4616 = CARTESIAN_POINT('',(3.629428761295,1.346495762968,
    153.87280137867));
#4617 = CARTESIAN_POINT('',(3.466276812998,1.464783416939,
    153.65689413715));
#4618 = CARTESIAN_POINT('',(3.32237270703,1.578034102459,153.42102587976
    ));
#4619 = CARTESIAN_POINT('',(3.201330541862,1.679470803658,
    153.16927018714));
#4620 = CARTESIAN_POINT('',(3.10190451001,1.768455940209,152.8951582125)
  );
#4621 = CARTESIAN_POINT('',(3.033866568825,1.830832137923,
    152.60157775896));
#4622 = CARTESIAN_POINT('',(3.,1.861906968534,152.30044808406));
#4623 = CARTESIAN_POINT('',(3.,1.861906968534,152.));
#4624 = PCURVE('',#1139,#4625);
#4625 = DEFINITIONAL_REPRESENTATION('',(#4626),#4674);
#4626 = B_SPLINE_CURVE_WITH_KNOTS('',3,(#4627,#4628,#4629,#4630,#4631,
    #4632,#4633,#4634,#4635,#4636,#4637,#4638,#4639,#4640,#4641,#4642,
    #4643,#4644,#4645,#4646,#4647,#4648,#4649,#4650,#4651,#4652,#4653,
    #4654,#4655,#4656,#4657,#4658,#4659,#4660,#4661,#4662,#4663,#4664,
    #4665,#4666,#4667,#4668,#4669,#4670,#4671,#4672,#4673),
  .UNSPECIFIED.,.F.,.F.,(4,1,1,1,1,1,1,1,1,1,1,1,1,1,1,1,1,1,1,1,1,1,1,1
    ,1,1,1,1,1,1,1,1,1,1,1,1,1,1,1,1,1,1,1,1,4),(322.81125924575,
    322.92109073052,323.0309222153,323.14075370007,323.25058518485,
    323.36041666962,323.4702481544,323.58007963917,323.68991112395,
    323.79974260872,323.9095740935,324.01940557827,324.12923706305,
    324.23906854782,324.3489000326,324.45873151737,324.56856300215,
    324.67839448692,324.7882259717,324.89805745647,325.00788894125,
    325.11772042603,325.2275519108,325.33738339558,325.44721488035,
    325.55704636513,325.6668778499,325.77670933468,325.88654081945,
    325.99637230423,326.106203789,326.21603527378,326.32586675855,
    326.43569824333,326.5455297281,326.65536121288,326.76519269765,
    326.87502418243,326.9848556672,327.09468715198,327.20451863675,
    327.31435012153,327.42418160631,327.53401309108,327.64384457586),
  .QUASI_UNIFORM_KNOTS.);
#4627 = CARTESIAN_POINT('',(1.570796326795,1.375047169979));
#4628 = CARTESIAN_POINT('',(1.557005232148,1.381915567698));
#4629 = CARTESIAN_POINT('',(1.529554557526,1.396553434414));
#4630 = CARTESIAN_POINT('',(1.488790436248,1.421083366175));
#4631 = CARTESIAN_POINT('',(1.448455184957,1.448062007547));
#4632 = CARTESIAN_POINT('',(1.408567068566,1.477345126179));
#4633 = CARTESIAN_POINT('',(1.369145495954,1.508775673761));
#4634 = CARTESIAN_POINT('',(1.330211006705,1.542182550632));
#4635 = CARTESIAN_POINT('',(1.291786627521,1.577379913317));
#4636 = CARTESIAN_POINT('',(1.253893681376,1.614172609168));
#4637 = CARTESIAN_POINT('',(1.216568449204,1.65233660749));
#4638 = CARTESIAN_POINT('',(1.179795858988,1.69169964785));
#4639 = CARTESIAN_POINT('',(1.143496638949,1.732170924849));
#4640 = CARTESIAN_POINT('',(1.107633244937,1.773618067594));
#4641 = CARTESIAN_POINT('',(1.072174606764,1.815907457901));
#4642 = CARTESIAN_POINT('',(1.037094652131,1.858904979268));
#4643 = CARTESIAN_POINT('',(1.00236500693,1.902483665567));
#4644 = CARTESIAN_POINT('',(0.967952635951,1.946525782788));
#4645 = CARTESIAN_POINT('',(0.933819359861,1.990922904413));
#4646 = CARTESIAN_POINT('',(0.899924552662,2.035572393065));
#4647 = CARTESIAN_POINT('',(0.866228165257,2.08037328394));
#4648 = CARTESIAN_POINT('',(0.83270302817,2.125211393963));
#4649 = CARTESIAN_POINT('',(0.799309083245,2.169986038712));
#4650 = CARTESIAN_POINT('',(0.76601248799,2.214589286962));
#4651 = CARTESIAN_POINT('',(0.732775756175,2.258915809519));
#4652 = CARTESIAN_POINT('',(0.699561151093,2.302856920468));
#4653 = CARTESIAN_POINT('',(0.666331686334,2.34629840578));
#4654 = CARTESIAN_POINT('',(0.633051705508,2.389118961076));
#4655 = CARTESIAN_POINT('',(0.599686962089,2.431189285289));
#4656 = CARTESIAN_POINT('',(0.566204579848,2.472371303609));
#4657 = CARTESIAN_POINT('',(0.532573060056,2.512517391017));
#4658 = CARTESIAN_POINT('',(0.498762471357,2.551469559929));
#4659 = CARTESIAN_POINT('',(0.46474488597,2.589058705457));
#4660 = CARTESIAN_POINT('',(0.430495074612,2.625104079034));
#4661 = CARTESIAN_POINT('',(0.395991427244,2.659413211412));
#4662 = CARTESIAN_POINT('',(0.361217032228,2.691782524249));
#4663 = CARTESIAN_POINT('',(0.326160821685,2.721998858305));
#4664 = CARTESIAN_POINT('',(0.290818675381,2.749842108289));
#4665 = CARTESIAN_POINT('',(0.255194368496,2.775089084157));
#4666 = CARTESIAN_POINT('',(0.219300247082,2.797518641957));
#4667 = CARTESIAN_POINT('',(0.183157522179,2.816917950984));
#4668 = CARTESIAN_POINT('',(0.146796065871,2.833089835787));
#4669 = CARTESIAN_POINT('',(0.110253644252,2.845860150851));
#4670 = CARTESIAN_POINT('',(7.357434035205E-02,2.855086958163));
#4671 = CARTESIAN_POINT('',(3.680657990102E-02,2.860661787522));
#4672 = CARTESIAN_POINT('',(1.226795501867E-02,2.86191058512));
#4673 = CARTESIAN_POINT('',(0.,2.861906968534));
#4674 = ( GEOMETRIC_REPRESENTATION_CONTEXT(2) 
PARAMETRIC_REPRESENTATION_CONTEXT() REPRESENTATION_CONTEXT('2D SPACE',''
  ) );
#4675 = PCURVE('',#4676,#4859);
#4676 = ( BOUNDED_SURFACE() B_SPLINE_SURFACE(6,9,(
    (#4677,#4678,#4679,#4680,#4681,#4682,#4683,#4684,#4685,#4686,#4687
      ,#4688,#4689,#4690,#4691,#4692,#4693,#4694,#4695,#4696,#4697,#4698
      ,#4699,#4700,#4701,#4702)
    ,(#4703,#4704,#4705,#4706,#4707,#4708,#4709,#4710,#4711,#4712,#4713
      ,#4714,#4715,#4716,#4717,#4718,#4719,#4720,#4721,#4722,#4723,#4724
      ,#4725,#4726,#4727,#4728)
    ,(#4729,#4730,#4731,#4732,#4733,#4734,#4735,#4736,#4737,#4738,#4739
      ,#4740,#4741,#4742,#4743,#4744,#4745,#4746,#4747,#4748,#4749,#4750
      ,#4751,#4752,#4753,#4754)
    ,(#4755,#4756,#4757,#4758,#4759,#4760,#4761,#4762,#4763,#4764,#4765
      ,#4766,#4767,#4768,#4769,#4770,#4771,#4772,#4773,#4774,#4775,#4776
      ,#4777,#4778,#4779,#4780)
    ,(#4781,#4782,#4783,#4784,#4785,#4786,#4787,#4788,#4789,#4790,#4791
      ,#4792,#4793,#4794,#4795,#4796,#4797,#4798,#4799,#4800,#4801,#4802
      ,#4803,#4804,#4805,#4806)
    ,(#4807,#4808,#4809,#4810,#4811,#4812,#4813,#4814,#4815,#4816,#4817
      ,#4818,#4819,#4820,#4821,#4822,#4823,#4824,#4825,#4826,#4827,#4828
      ,#4829,#4830,#4831,#4832)
    ,(#4833,#4834,#4835,#4836,#4837,#4838,#4839,#4840,#4841,#4842,#4843
      ,#4844,#4845,#4846,#4847,#4848,#4849,#4850,#4851,#4852,#4853,#4854
      ,#4855,#4856,#4857,#4858
)),.UNSPECIFIED.,.F.,.F.,.F.) B_SPLINE_SURFACE_WITH_KNOTS((7,7),(10,8,8,
    10),(0.,4.83258533011),(322.81125924575,323.7710589414,
    324.9540691246,327.64384457586),.UNSPECIFIED.) 
GEOMETRIC_REPRESENTATION_ITEM() RATIONAL_B_SPLINE_SURFACE((
    (1.031393471788,1.031637401908,1.031953421855,1.03233930761
      ,1.03279224004,1.033308804894,1.033884992808,1.034516199299
      ,1.035197224772,1.036815941421,1.037777277759,1.038802052938
      ,1.039883181913,1.041013454243,1.04218694196,1.043399086231
      ,1.044645462829,1.048815345153,1.051855844639,1.054957862223
      ,1.058099720761,1.061026850812,1.063769620343,1.065723463357
      ,1.066705203297,1.066705203297)
    ,(1.010025407661,1.010099887881,1.0101963324,1.010313980566
      ,1.010451885127,1.010608912231,1.010783741427,1.010974865662
      ,1.011180591283,1.011668286647,1.011957121817,1.012264051726
      ,1.012586742459,1.012922839953,1.013270396024,1.013627898463
      ,1.01399390522,1.015212946296,1.016093327052,1.016982204816
      ,1.017871081123,1.018690787384,1.019446193783,1.019980963694
      ,1.020249745885,1.020249745885)
    ,(0.997924642725,0.997908783644,0.997888243285,0.997863175194
      ,0.997833772709,0.997800268965,0.997762936885,0.99772208919
      ,0.997678078392,0.997573635701,0.997511711892,0.997445829377
      ,0.99737647583,0.997304146648,0.99722925377,0.997152119256
      ,0.997073053629,0.996809409702,0.996618538163,0.996425373032
      ,0.99623186793,0.996053139115,0.995888453837,0.995771889991
      ,0.995713300237,0.995713300237)
    ,(0.993958444137,0.993913151615,0.993854493447,0.993782918109
      ,0.993698985856,0.993603368725,0.993496850535,0.993380326888
      ,0.993254805164,0.992956980318,0.992780431296,0.992592619605
      ,0.992394922588,0.992188730631,0.991975187534,0.991755173415
      ,0.991529530141,0.990776583154,0.99023061206,0.98967683134
      ,0.989119577356,0.988603133816,0.988122640941,0.987781240461
      ,0.987609681784,0.987609681784)
    ,(0.997924642725,0.997908783644,0.997888243285,0.997863175194
      ,0.997833772709,0.997800268965,0.997762936885,0.99772208919
      ,0.997678078392,0.997573635701,0.997511711892,0.997445829377
      ,0.99737647583,0.997304146648,0.99722925377,0.997152119256
      ,0.997073053629,0.996809409702,0.996618538163,0.996425373032
      ,0.99623186793,0.996053139115,0.995888453837,0.995771889991
      ,0.995713300237,0.995713300237)
    ,(1.010025407661,1.010099887881,1.0101963324,1.010313980566
      ,1.010451885127,1.010608912231,1.010783741427,1.010974865662
      ,1.011180591283,1.011668286647,1.011957121817,1.012264051726
      ,1.012586742459,1.012922839953,1.013270396024,1.013627898463
      ,1.01399390522,1.015212946296,1.016093327052,1.016982204816
      ,1.017871081123,1.018690787384,1.019446193783,1.019980963694
      ,1.020249745885,1.020249745885)
    ,(1.031393471788,1.031637401908,1.031953421855,1.03233930761
      ,1.03279224004,1.033308804894,1.033884992808,1.034516199299
      ,1.035197224772,1.036815941421,1.037777277759,1.038802052938
      ,1.039883181913,1.041013454243,1.04218694196,1.043399086231
      ,1.044645462829,1.048815345153,1.051855844639,1.054957862223
      ,1.058099720761,1.061026850812,1.063769620343,1.065723463357
,1.066705203297,1.066705203297))) REPRESENTATION_ITEM('') SURFACE() );
#4677 = CARTESIAN_POINT('',(5.955223880597,7.840749102309E-02,155.3));
#4678 = CARTESIAN_POINT('',(5.816366120319,9.93673021856E-02,155.3));
#4679 = CARTESIAN_POINT('',(5.678956090216,0.123319433884,
    155.29398003746));
#4680 = CARTESIAN_POINT('',(5.543383336516,0.150118550902,155.2821537046
    ));
#4681 = CARTESIAN_POINT('',(5.410017646317,0.179588761847,
    155.26476569175));
#4682 = CARTESIAN_POINT('',(5.279208505065,0.211523944254,
    155.24209137917));
#4683 = CARTESIAN_POINT('',(5.151284615643,0.245688109602,
    155.21443636795));
#4684 = CARTESIAN_POINT('',(5.026553484196,0.281815800016,
    155.18213595978));
#4685 = CARTESIAN_POINT('',(4.905301076726,0.319612507294,
    155.14555459668));
#4686 = CARTESIAN_POINT('',(4.643180197166,0.406925358106,
    155.05528230119));
#4687 = CARTESIAN_POINT('',(4.504053961785,0.457197534944,
    154.99954186801));
#4688 = CARTESIAN_POINT('',(4.370079778946,0.509307198158,
    154.93823283835));
#4689 = CARTESIAN_POINT('',(4.241278765646,0.562868291496,
    154.87181581521));
#4690 = CARTESIAN_POINT('',(4.117709814339,0.617496987062,
    154.80070767579));
#4691 = CARTESIAN_POINT('',(3.99930543089,0.672875920143,154.72520963504
    ));
#4692 = CARTESIAN_POINT('',(3.885857602594,0.728759615682,
    154.64549799119));
#4693 = CARTESIAN_POINT('',(3.777151457875,0.784922046079,
    154.56167643911));
#4694 = CARTESIAN_POINT('',(3.43793366301,0.968150383383,154.27508165846
    ));
#4695 = CARTESIAN_POINT('',(3.227111216237,1.095111522125,
    154.05583188581));
#4696 = CARTESIAN_POINT('',(3.040343724884,1.218352920922,
    153.81850010874));
#4697 = CARTESIAN_POINT('',(2.875148138702,1.336631228777,
    153.55830718144));
#4698 = CARTESIAN_POINT('',(2.737591207569,1.441731479012,
    153.28321420537));
#4699 = CARTESIAN_POINT('',(2.623480084367,1.534709654185,
    152.98118132872));
#4700 = CARTESIAN_POINT('',(2.54619173529,1.599441488635,152.65989389291
    ));
#4701 = CARTESIAN_POINT('',(2.507462686567,1.631843101453,
    152.32962476436));
#4702 = CARTESIAN_POINT('',(2.507462686567,1.631843101453,152.));
#4703 = CARTESIAN_POINT('',(5.955223880597,7.840749102309E-02,
    155.21979896505));
#4704 = CARTESIAN_POINT('',(5.819737099113,9.885847157497E-02,
    155.21947980398));
#4705 = CARTESIAN_POINT('',(5.685645630056,0.122155111403,
    155.21320865721));
#4706 = CARTESIAN_POINT('',(5.553341804193,0.148154101313,
    155.20119979672));
#4707 = CARTESIAN_POINT('',(5.423195928669,0.176683519032,
    155.18369849434));
#4708 = CARTESIAN_POINT('',(5.295556120447,0.207542929368,
    155.16098089006));
#4709 = CARTESIAN_POINT('',(5.170748159863,0.240503495949,
    155.13335384135));
#4710 = CARTESIAN_POINT('',(5.049075365699,0.275308102089,
    155.10115475671));
#4711 = CARTESIAN_POINT('',(4.930818492881,0.311671477957,
    155.06475141671));
#4712 = CARTESIAN_POINT('',(4.675073575313,0.395613131352,
    154.97500491881));
#4713 = CARTESIAN_POINT('',(4.53930659629,0.44389950354,154.91964058605)
  );
#4714 = CARTESIAN_POINT('',(4.408595835621,0.493887921622,
    154.85881699428));
#4715 = CARTESIAN_POINT('',(4.28297114047,0.545201440949,154.7930064564)
  );
#4716 = CARTESIAN_POINT('',(4.162503052285,0.597463631196,
    154.72264170858));
#4717 = CARTESIAN_POINT('',(4.047130930933,0.650364670629,
    154.64803906903));
#4718 = CARTESIAN_POINT('',(3.936646553859,0.70366784591,154.5693881717)
  );
#4719 = CARTESIAN_POINT('',(3.830832496868,0.757156742214,154.4868079247
    ));
#4720 = CARTESIAN_POINT('',(3.500212771195,0.931715993625,154.2043960954
    ));
#4721 = CARTESIAN_POINT('',(3.294888453737,1.052366366162,
    153.98877418686));
#4722 = CARTESIAN_POINT('',(3.113326723646,1.169045971948,
    153.75606843904));
#4723 = CARTESIAN_POINT('',(2.95330211414,1.28034790986,153.50242360344)
  );
#4724 = CARTESIAN_POINT('',(2.820118013788,1.378982139616,
    153.23476493015));
#4725 = CARTESIAN_POINT('',(2.71028924658,1.465405372531,152.94331068833
    ));
#4726 = CARTESIAN_POINT('',(2.635740462499,1.525611050024,
    152.63425485728));
#4727 = CARTESIAN_POINT('',(2.598367984516,1.555765697097,
    152.31699346193));
#4728 = CARTESIAN_POINT('',(2.598367984515,1.555765697097,152.));
#4729 = CARTESIAN_POINT('',(5.959030045551,0.103623154305,
    155.14168742822));
#4730 = CARTESIAN_POINT('',(5.827326341935,0.123706497203,
    155.14107419051));
#4731 = CARTESIAN_POINT('',(5.696981430613,0.146540141707,
    155.13457724803));
#4732 = CARTESIAN_POINT('',(5.568389068233,0.171981444582,
    155.12241100962));
#4733 = CARTESIAN_POINT('',(5.441919047004,0.199860483312,
    155.10482074222));
#4734 = CARTESIAN_POINT('',(5.317917229939,0.229980035222,
    155.08208259874));
#4735 = CARTESIAN_POINT('',(5.196705581773,0.262115554172,
    155.05450365002));
#4736 = CARTESIAN_POINT('',(5.07858219524,0.296015145292,155.02242192034
    ));
#4737 = CARTESIAN_POINT('',(4.963821312526,0.331399538359,
    154.98620642567));
#4738 = CARTESIAN_POINT('',(4.715662517052,0.413032260708,
    154.89701228029));
#4739 = CARTESIAN_POINT('',(4.583978671956,0.4599504026,154.84204807848)
  );
#4740 = CARTESIAN_POINT('',(4.457273647796,0.508476458432,
    154.78172812096));
#4741 = CARTESIAN_POINT('',(4.335584360207,0.558238234262,
    154.71653326009));
#4742 = CARTESIAN_POINT('',(4.218991725435,0.608862162418,
    154.64690883308));
#4743 = CARTESIAN_POINT('',(4.107440849827,0.660042424768,
    154.57318271414));
#4744 = CARTESIAN_POINT('',(4.000722630451,0.711548353683,154.4955543333
    ));
#4745 = CARTESIAN_POINT('',(3.898616918826,0.763170048538,
    154.41415473999));
#4746 = CARTESIAN_POINT('',(3.579638917016,0.931572705069,
    154.13591714191));
#4747 = CARTESIAN_POINT('',(3.382065905221,1.047671273198,
    153.92396185695));
#4748 = CARTESIAN_POINT('',(3.207955422105,1.159581127749,
    153.69585230877));
#4749 = CARTESIAN_POINT('',(3.055352449541,1.265730685804,
    153.44859379245));
#4750 = CARTESIAN_POINT('',(2.928602106448,1.359607429687,
    153.18808278978));
#4751 = CARTESIAN_POINT('',(2.825008486503,1.44109686229,152.90672267756
    ));
#4752 = CARTESIAN_POINT('',(2.754632681947,1.497889467716,
    152.60925985844));
#4753 = CARTESIAN_POINT('',(2.719386023246,1.526314919407,
    152.30456880827));
#4754 = CARTESIAN_POINT('',(2.719386023246,1.526314919407,152.));
#4755 = CARTESIAN_POINT('',(5.966331962095,0.151998006982,
    155.07442414603));
#4756 = CARTESIAN_POINT('',(5.838408030575,0.171884742394,
    155.07364239933));
#4757 = CARTESIAN_POINT('',(5.711817678725,0.194486425446,
    155.06705780455));
#4758 = CARTESIAN_POINT('',(5.586952333017,0.21966038571,155.05488380231
    ));
#4759 = CARTESIAN_POINT('',(5.464178241414,0.247237394618,
    155.03736424338));
#4760 = CARTESIAN_POINT('',(5.343836570229,0.277021606348,
    155.01477346809));
#4761 = CARTESIAN_POINT('',(5.226243488468,0.308790491984,
    154.98741639728));
#4762 = CARTESIAN_POINT('',(5.111690238933,0.342294768309,
    154.95562863285));
#4763 = CARTESIAN_POINT('',(5.000443195532,0.377258322835,154.9197765661
    ));
#4764 = CARTESIAN_POINT('',(4.759958314671,0.457911308109,
    154.83153327281));
#4765 = CARTESIAN_POINT('',(4.632429323822,0.504251870541,
    154.77719733218));
#4766 = CARTESIAN_POINT('',(4.509796364572,0.552170346623,
    154.71760303489));
#4767 = CARTESIAN_POINT('',(4.392100718833,0.601296150784,
    154.65323258734));
#4768 = CARTESIAN_POINT('',(4.279431388015,0.651255297346,
    154.58453601677));
#4769 = CARTESIAN_POINT('',(4.171737768607,0.701743382277,
    154.51184485567));
#4770 = CARTESIAN_POINT('',(4.068809558949,0.752533683824,
    154.43536070573));
#4771 = CARTESIAN_POINT('',(3.97042433487,0.803420200095,154.35521890974
    ));
#4772 = CARTESIAN_POINT('',(3.66331935741,0.969401761417,154.08142406345
    ));
#4773 = CARTESIAN_POINT('',(3.473636084141,1.083737130065,
    153.87315266355));
#4774 = CARTESIAN_POINT('',(3.307013802494,1.19384380646,153.64933961683
    ));
#4775 = CARTESIAN_POINT('',(3.161750833917,1.298011979204,
    153.40760972134));
#4776 = CARTESIAN_POINT('',(3.041301001024,1.390187520372,
    153.15292926283));
#4777 = CARTESIAN_POINT('',(2.943726707997,1.46978757431,152.87941043443
    ));
#4778 = CARTESIAN_POINT('',(2.877404420686,1.52533359133,152.59058315372
    ));
#4779 = CARTESIAN_POINT('',(2.844241804173,1.55310371484,152.29524515831
    ));
#4780 = CARTESIAN_POINT('',(2.844241804173,1.55310371484,152.));
#4781 = CARTESIAN_POINT('',(5.976371257944,0.218507868426,
    155.02550130519));
#4782 = CARTESIAN_POINT('',(5.851802968396,0.238355132512,
    155.02475317312));
#4783 = CARTESIAN_POINT('',(5.728548246794,0.260935974253,
    155.01830390378));
#4784 = CARTESIAN_POINT('',(5.606989442177,0.286107722058,
    155.00636425678));
#4785 = CARTESIAN_POINT('',(5.487483762363,0.313701303779,
    154.98917442599));
#4786 = CARTESIAN_POINT('',(5.370363307211,0.34352122607,154.96700406662
    ));
#4787 = CARTESIAN_POINT('',(5.255935097571,0.375345551366,
    154.94015232623));
#4788 = CARTESIAN_POINT('',(5.144481099657,0.408925872974,
    154.90894787912));
#4789 = CARTESIAN_POINT('',(5.036258244663,0.443987288823,
    154.87374896336));
#4790 = CARTESIAN_POINT('',(4.802362242052,0.52490234386,154.78710827248
    ));
#4791 = CARTESIAN_POINT('',(4.678382332411,0.571409227161,
    154.73376630338));
#4792 = CARTESIAN_POINT('',(4.559182305,0.619529383963,154.67525400971)
  );
#4793 = CARTESIAN_POINT('',(4.444803779258,0.668892366973,
    154.61204427165));
#4794 = CARTESIAN_POINT('',(4.335340309424,0.719122371233,
    154.54457983415));
#4795 = CARTESIAN_POINT('',(4.230743588644,0.769915235744,
    154.47318421844));
#4796 = CARTESIAN_POINT('',(4.130802099029,0.821046942041,
    154.39805012445));
#4797 = CARTESIAN_POINT('',(4.035292360837,0.872313544392,
    154.31930540419));
#4798 = CARTESIAN_POINT('',(3.737368233427,1.039592550668,
    154.05032820813));
#4799 = CARTESIAN_POINT('',(3.553527266008,1.154991665329,
    153.84568504818));
#4800 = CARTESIAN_POINT('',(3.392135145203,1.266350273912,
    153.62561745634));
#4801 = CARTESIAN_POINT('',(3.251676104778,1.371888296314,
    153.38795880639));
#4802 = CARTESIAN_POINT('',(3.135081614218,1.465603790668,
    153.13698471463));
#4803 = CARTESIAN_POINT('',(3.040960312525,1.546664015167,
    152.86762358656));
#4804 = CARTESIAN_POINT('',(2.976893694363,1.603352066745,
    152.58258609196));
#4805 = CARTESIAN_POINT('',(2.944916905833,1.631660251788,
    152.29120892206));
#4806 = CARTESIAN_POINT('',(2.944916905833,1.631660251788,152.));
#4807 = CARTESIAN_POINT('',(5.988029696277,0.295744472452,155.));
#4808 = CARTESIAN_POINT('',(5.866026409398,0.315656447799,
    154.99951915331));
#4809 = CARTESIAN_POINT('',(5.74531571213,0.338355592848,154.99345960199
    ));
#4810 = CARTESIAN_POINT('',(5.626262024379,0.363699809228,
    154.98202703575));
#4811 = CARTESIAN_POINT('',(5.509206416461,0.39152025276,154.96545502282
    ));
#4812 = CARTESIAN_POINT('',(5.394466460164,0.421621430781,
    154.94400488631));
#4813 = CARTESIAN_POINT('',(5.282336099217,0.453781310428,
    154.91796556329));
#4814 = CARTESIAN_POINT('',(5.173085540359,0.487751435544,
    154.88765344942));
#4815 = CARTESIAN_POINT('',(5.066961165814,0.523257049485,154.8534122323
    ));
#4816 = CARTESIAN_POINT('',(4.83756937727,0.605259835812,154.76904502718
    ));
#4817 = CARTESIAN_POINT('',(4.715960471337,0.652426592263,
    154.71706283521));
#4818 = CARTESIAN_POINT('',(4.598963884568,0.701286351661,
    154.65997856272));
#4819 = CARTESIAN_POINT('',(4.486617647311,0.75146849456,154.59824346857
    ));
#4820 = CARTESIAN_POINT('',(4.379016591933,0.802595349165,
    154.53227937798));
#4821 = CARTESIAN_POINT('',(4.276113590819,0.854362537848,
    154.46238898777));
#4822 = CARTESIAN_POINT('',(4.177697444981,0.906547505559,154.3887444669
    ));
#4823 = CARTESIAN_POINT('',(4.083546717222,0.958946539724,
    154.31145398721));
#4824 = CARTESIAN_POINT('',(3.789855809887,1.12999734416,154.04733133872
    ));
#4825 = CARTESIAN_POINT('',(3.608177413448,1.248336194113,
    153.84593017296));
#4826 = CARTESIAN_POINT('',(3.448104701248,1.362978533678,
    153.62863913524));
#4827 = CARTESIAN_POINT('',(3.308229637879,1.472144546198,
    153.39304726802));
#4828 = CARTESIAN_POINT('',(3.191518850362,1.569546567573,
    153.14309270674));
#4829 = CARTESIAN_POINT('',(3.096831522095,1.654326797664,
    152.87350168442));
#4830 = CARTESIAN_POINT('',(3.032208997277,1.713731818039,
    152.58673629507));
#4831 = CARTESIAN_POINT('',(3.,1.743367757094,152.29320178443));
#4832 = CARTESIAN_POINT('',(3.,1.743367757094,152.));
#4833 = CARTESIAN_POINT('',(6.,0.375047169979,155.));
#4834 = CARTESIAN_POINT('',(5.879509713242,0.395053246828,155.));
#4835 = CARTESIAN_POINT('',(5.760286418036,0.417908674868,154.9945551406
    ));
#4836 = CARTESIAN_POINT('',(5.642666775164,0.443472991022,
    154.98386308136));
#4837 = CARTESIAN_POINT('',(5.52696808087,0.471578227976,154.96814730468
    ));
#4838 = CARTESIAN_POINT('',(5.413487802839,0.502029221187,
    154.94765674958));
#4839 = CARTESIAN_POINT('',(5.302503171525,0.534603952361,
    154.92266539282));
#4840 = CARTESIAN_POINT('',(5.194270830876,0.569053921794,
    154.89347178566));
#4841 = CARTESIAN_POINT('',(5.089026551497,0.605104540937,
    154.86039855629));
#4842 = CARTESIAN_POINT('',(4.861409100519,0.68842098166,154.77874243595
    ));
#4843 = CARTESIAN_POINT('',(4.740639976053,0.736374767463,
    154.72834214964));
#4844 = CARTESIAN_POINT('',(4.624263436299,0.786112342355,
    154.67287247534));
#4845 = CARTESIAN_POINT('',(4.512311392586,0.837263763177,154.6127511457
    ));
#4846 = CARTESIAN_POINT('',(4.404878129067,0.889450840174,
    154.54836610048));
#4847 = CARTESIAN_POINT('',(4.30191840901,0.942369317641,154.47998752705
    ));
#4848 = CARTESIAN_POINT('',(4.203225210014,0.995796964689,
    154.40775713247));
#4849 = CARTESIAN_POINT('',(4.108584775798,1.049528607613,
    154.33175348431));
#4850 = CARTESIAN_POINT('',(3.813207117973,1.224873936249,
    154.07181889816));
#4851 = CARTESIAN_POINT('',(3.629428761295,1.346495762968,
    153.87280137867));
#4852 = CARTESIAN_POINT('',(3.466276812998,1.464783416939,
    153.65689413715));
#4853 = CARTESIAN_POINT('',(3.32237270703,1.578034102459,153.42102587976
    ));
#4854 = CARTESIAN_POINT('',(3.201330541862,1.679470803658,
    153.16927018714));
#4855 = CARTESIAN_POINT('',(3.10190451001,1.768455940209,152.8951582125)
  );
#4856 = CARTESIAN_POINT('',(3.033866568825,1.830832137923,
    152.60157775896));
#4857 = CARTESIAN_POINT('',(3.,1.861906968534,152.30044808406));
#4858 = CARTESIAN_POINT('',(3.,1.861906968534,152.));
#4859 = DEFINITIONAL_REPRESENTATION('',(#4860),#4864);
#4860 = LINE('',#4861,#4862);
#4861 = CARTESIAN_POINT('',(4.83258533011,0.));
#4862 = VECTOR('',#4863,1.);
#4863 = DIRECTION('',(0.,1.));
#4864 = ( GEOMETRIC_REPRESENTATION_CONTEXT(2) 
PARAMETRIC_REPRESENTATION_CONTEXT() REPRESENTATION_CONTEXT('2D SPACE',''
  ) );
#4865 = ORIENTED_EDGE('',*,*,#4866,.T.);
#4866 = EDGE_CURVE('',#4594,#1123,#4867,.T.);
#4867 = SURFACE_CURVE('',#4868,(#4872,#4879),.PCURVE_S1.);
#4868 = LINE('',#4869,#4870);
#4869 = CARTESIAN_POINT('',(6.,-1.,155.));
#4870 = VECTOR('',#4871,1.);
#4871 = DIRECTION('',(-0.,1.,0.));
#4872 = PCURVE('',#1139,#4873);
#4873 = DEFINITIONAL_REPRESENTATION('',(#4874),#4878);
#4874 = LINE('',#4875,#4876);
#4875 = CARTESIAN_POINT('',(1.570796326795,0.));
#4876 = VECTOR('',#4877,1.);
#4877 = DIRECTION('',(0.,1.));
#4878 = ( GEOMETRIC_REPRESENTATION_CONTEXT(2) 
PARAMETRIC_REPRESENTATION_CONTEXT() REPRESENTATION_CONTEXT('2D SPACE',''
  ) );
#4879 = PCURVE('',#1167,#4880);
#4880 = DEFINITIONAL_REPRESENTATION('',(#4881),#4885);
#4881 = LINE('',#4882,#4883);
#4882 = CARTESIAN_POINT('',(3.,0.));
#4883 = VECTOR('',#4884,1.);
#4884 = DIRECTION('',(0.,1.));
#4885 = ( GEOMETRIC_REPRESENTATION_CONTEXT(2) 
PARAMETRIC_REPRESENTATION_CONTEXT() REPRESENTATION_CONTEXT('2D SPACE',''
  ) );
#4886 = ORIENTED_EDGE('',*,*,#1122,.F.);
#4887 = ADVANCED_FACE('',(#4888),#1167,.F.);
#4888 = FACE_BOUND('',#4889,.F.);
#4889 = EDGE_LOOP('',(#4890,#4913,#4914,#4915,#4948,#4976));
#4890 = ORIENTED_EDGE('',*,*,#4891,.T.);
#4891 = EDGE_CURVE('',#4892,#1152,#4894,.T.);
#4892 = VERTEX_POINT('',#4893);
#4893 = CARTESIAN_POINT('',(90.,0.375047169979,155.));
#4894 = SURFACE_CURVE('',#4895,(#4899,#4906),.PCURVE_S1.);
#4895 = LINE('',#4896,#4897);
#4896 = CARTESIAN_POINT('',(90.,-1.,155.));
#4897 = VECTOR('',#4898,1.);
#4898 = DIRECTION('',(-0.,1.,0.));
#4899 = PCURVE('',#1167,#4900);
#4900 = DEFINITIONAL_REPRESENTATION('',(#4901),#4905);
#4901 = LINE('',#4902,#4903);
#4902 = CARTESIAN_POINT('',(87.,0.));
#4903 = VECTOR('',#4904,1.);
#4904 = DIRECTION('',(0.,1.));
#4905 = ( GEOMETRIC_REPRESENTATION_CONTEXT(2) 
PARAMETRIC_REPRESENTATION_CONTEXT() REPRESENTATION_CONTEXT('2D SPACE',''
  ) );
#4906 = PCURVE('',#1200,#4907);
#4907 = DEFINITIONAL_REPRESENTATION('',(#4908),#4912);
#4908 = LINE('',#4909,#4910);
#4909 = CARTESIAN_POINT('',(4.712388980385,0.));
#4910 = VECTOR('',#4911,1.);
#4911 = DIRECTION('',(-0.,1.));
#4912 = ( GEOMETRIC_REPRESENTATION_CONTEXT(2) 
PARAMETRIC_REPRESENTATION_CONTEXT() REPRESENTATION_CONTEXT('2D SPACE',''
  ) );
#4913 = ORIENTED_EDGE('',*,*,#1151,.F.);
#4914 = ORIENTED_EDGE('',*,*,#4866,.F.);
#4915 = ORIENTED_EDGE('',*,*,#4916,.F.);
#4916 = EDGE_CURVE('',#4917,#4594,#4919,.T.);
#4917 = VERTEX_POINT('',#4918);
#4918 = CARTESIAN_POINT('',(7.,0.3,155.));
#4919 = SURFACE_CURVE('',#4920,(#4925,#4936),.PCURVE_S1.);
#4920 = CIRCLE('',#4921,6.7);
#4921 = AXIS2_PLACEMENT_3D('',#4922,#4923,#4924);
#4922 = CARTESIAN_POINT('',(7.,7.,155.));
#4923 = DIRECTION('',(-0.,-0.,-1.));
#4924 = DIRECTION('',(0.,-1.,0.));
#4925 = PCURVE('',#1167,#4926);
#4926 = DEFINITIONAL_REPRESENTATION('',(#4927),#4935);
#4927 = ( BOUNDED_CURVE() B_SPLINE_CURVE(2,(#4928,#4929,#4930,#4931,
#4932,#4933,#4934),.UNSPECIFIED.,.T.,.F.) B_SPLINE_CURVE_WITH_KNOTS((1,2
    ,2,2,2,1),(-2.094395102393,0.,2.094395102393,4.188790204786,
6.28318530718,8.377580409573),.UNSPECIFIED.) CURVE() 
GEOMETRIC_REPRESENTATION_ITEM() RATIONAL_B_SPLINE_CURVE((1.,0.5,1.,0.5,
1.,0.5,1.)) REPRESENTATION_ITEM('') );
#4928 = CARTESIAN_POINT('',(4.,1.3));
#4929 = CARTESIAN_POINT('',(-7.604740410711,1.3));
#4930 = CARTESIAN_POINT('',(-1.802370205356,11.35));
#4931 = CARTESIAN_POINT('',(4.,21.4));
#4932 = CARTESIAN_POINT('',(9.802370205356,11.35));
#4933 = CARTESIAN_POINT('',(15.604740410711,1.3));
#4934 = CARTESIAN_POINT('',(4.,1.3));
#4935 = ( GEOMETRIC_REPRESENTATION_CONTEXT(2) 
PARAMETRIC_REPRESENTATION_CONTEXT() REPRESENTATION_CONTEXT('2D SPACE',''
  ) );
#4936 = PCURVE('',#4937,#4942);
#4937 = TOROIDAL_SURFACE('',#4938,6.7,0.3);
#4938 = AXIS2_PLACEMENT_3D('',#4939,#4940,#4941);
#4939 = CARTESIAN_POINT('',(7.,7.,155.3));
#4940 = DIRECTION('',(-0.,-0.,-1.));
#4941 = DIRECTION('',(0.,-1.,0.));
#4942 = DEFINITIONAL_REPRESENTATION('',(#4943),#4947);
#4943 = LINE('',#4944,#4945);
#4944 = CARTESIAN_POINT('',(0.,1.570796326795));
#4945 = VECTOR('',#4946,1.);
#4946 = DIRECTION('',(1.,0.));
#4947 = ( GEOMETRIC_REPRESENTATION_CONTEXT(2) 
PARAMETRIC_REPRESENTATION_CONTEXT() REPRESENTATION_CONTEXT('2D SPACE',''
  ) );
#4948 = ORIENTED_EDGE('',*,*,#4949,.F.);
#4949 = EDGE_CURVE('',#4950,#4917,#4952,.T.);
#4950 = VERTEX_POINT('',#4951);
#4951 = CARTESIAN_POINT('',(89.,0.3,155.));
#4952 = SURFACE_CURVE('',#4953,(#4957,#4964),.PCURVE_S1.);
#4953 = LINE('',#4954,#4955);
#4954 = CARTESIAN_POINT('',(89.,0.3,155.));
#4955 = VECTOR('',#4956,1.);
#4956 = DIRECTION('',(-1.,-0.,0.));
#4957 = PCURVE('',#1167,#4958);
#4958 = DEFINITIONAL_REPRESENTATION('',(#4959),#4963);
#4959 = LINE('',#4960,#4961);
#4960 = CARTESIAN_POINT('',(86.,1.3));
#4961 = VECTOR('',#4962,1.);
#4962 = DIRECTION('',(-1.,0.));
#4963 = ( GEOMETRIC_REPRESENTATION_CONTEXT(2) 
PARAMETRIC_REPRESENTATION_CONTEXT() REPRESENTATION_CONTEXT('2D SPACE',''
  ) );
#4964 = PCURVE('',#4965,#4970);
#4965 = CYLINDRICAL_SURFACE('',#4966,0.3);
#4966 = AXIS2_PLACEMENT_3D('',#4967,#4968,#4969);
#4967 = CARTESIAN_POINT('',(89.,0.3,155.3));
#4968 = DIRECTION('',(-1.,-0.,0.));
#4969 = DIRECTION('',(0.,-1.,-0.));
#4970 = DEFINITIONAL_REPRESENTATION('',(#4971),#4975);
#4971 = LINE('',#4972,#4973);
#4972 = CARTESIAN_POINT('',(4.712388980385,0.));
#4973 = VECTOR('',#4974,1.);
#4974 = DIRECTION('',(-0.,1.));
#4975 = ( GEOMETRIC_REPRESENTATION_CONTEXT(2) 
PARAMETRIC_REPRESENTATION_CONTEXT() REPRESENTATION_CONTEXT('2D SPACE',''
  ) );
#4976 = ORIENTED_EDGE('',*,*,#4977,.F.);
#4977 = EDGE_CURVE('',#4892,#4950,#4978,.T.);
#4978 = SURFACE_CURVE('',#4979,(#4984,#4995),.PCURVE_S1.);
#4979 = CIRCLE('',#4980,6.7);
#4980 = AXIS2_PLACEMENT_3D('',#4981,#4982,#4983);
#4981 = CARTESIAN_POINT('',(89.,7.,155.));
#4982 = DIRECTION('',(0.,-0.,-1.));
#4983 = DIRECTION('',(0.142857142857,-0.989743318611,0.));
#4984 = PCURVE('',#1167,#4985);
#4985 = DEFINITIONAL_REPRESENTATION('',(#4986),#4994);
#4986 = ( BOUNDED_CURVE() B_SPLINE_CURVE(2,(#4987,#4988,#4989,#4990,
#4991,#4992,#4993),.UNSPECIFIED.,.T.,.F.) B_SPLINE_CURVE_WITH_KNOTS((1,2
    ,2,2,2,1),(-2.094395102393,0.,2.094395102393,4.188790204786,
6.28318530718,8.377580409573),.UNSPECIFIED.) CURVE() 
GEOMETRIC_REPRESENTATION_ITEM() RATIONAL_B_SPLINE_CURVE((1.,0.5,1.,0.5,
1.,0.5,1.)) REPRESENTATION_ITEM('') );
#4987 = CARTESIAN_POINT('',(86.957142857142,1.368719765308));
#4988 = CARTESIAN_POINT('',(75.471428571427,-0.289100293364));
#4989 = CARTESIAN_POINT('',(79.778571428572,10.486730088011));
#4990 = CARTESIAN_POINT('',(84.085714285717,21.262560469385));
#4991 = CARTESIAN_POINT('',(91.264285714286,12.144550146682));
#4992 = CARTESIAN_POINT('',(98.442857142856,3.026539823979));
#4993 = CARTESIAN_POINT('',(86.957142857142,1.368719765308));
#4994 = ( GEOMETRIC_REPRESENTATION_CONTEXT(2) 
PARAMETRIC_REPRESENTATION_CONTEXT() REPRESENTATION_CONTEXT('2D SPACE',''
  ) );
#4995 = PCURVE('',#4996,#5001);
#4996 = TOROIDAL_SURFACE('',#4997,6.7,0.3);
#4997 = AXIS2_PLACEMENT_3D('',#4998,#4999,#5000);
#4998 = CARTESIAN_POINT('',(89.,7.,155.3));
#4999 = DIRECTION('',(-0.,-0.,-1.));
#5000 = DIRECTION('',(0.142857142857,-0.989743318611,0.));
#5001 = DEFINITIONAL_REPRESENTATION('',(#5002),#5006);
#5002 = LINE('',#5003,#5004);
#5003 = CARTESIAN_POINT('',(-6.28318530718,1.570796326795));
#5004 = VECTOR('',#5005,1.);
#5005 = DIRECTION('',(1.,0.));
#5006 = ( GEOMETRIC_REPRESENTATION_CONTEXT(2) 
PARAMETRIC_REPRESENTATION_CONTEXT() REPRESENTATION_CONTEXT('2D SPACE',''
  ) );
#5007 = ADVANCED_FACE('',(#5008),#1200,.F.);
#5008 = FACE_BOUND('',#5009,.F.);
#5009 = EDGE_LOOP('',(#5010,#5011,#5012,#5261));
#5010 = ORIENTED_EDGE('',*,*,#1179,.T.);
#5011 = ORIENTED_EDGE('',*,*,#4891,.F.);
#5012 = ORIENTED_EDGE('',*,*,#5013,.F.);
#5013 = EDGE_CURVE('',#5014,#4892,#5016,.T.);
#5014 = VERTEX_POINT('',#5015);
#5015 = CARTESIAN_POINT('',(93.,1.861906968534,152.));
#5016 = SURFACE_CURVE('',#5017,(#5041,#5092),.PCURVE_S1.);
#5017 = ( BOUNDED_CURVE() B_SPLINE_CURVE(8,(#5018,#5019,#5020,#5021,
    #5022,#5023,#5024,#5025,#5026,#5027,#5028,#5029,#5030,#5031,#5032,
    #5033,#5034,#5035,#5036,#5037,#5038,#5039,#5040),.UNSPECIFIED.,.F.,
.F.) B_SPLINE_CURVE_WITH_KNOTS((9,7,7,9),(233.88128152494,
    236.55848024727,237.75405107597,238.71386685401),.UNSPECIFIED.) 
CURVE() GEOMETRIC_REPRESENTATION_ITEM() RATIONAL_B_SPLINE_CURVE((
    1.066705203297,1.066705203297,1.065460421876,1.062939111701,
    1.059644782994,1.056246195727,1.052710635672,1.049289782754,
    1.044590333528,1.043174869974,1.041805200352,1.040487838626,
    1.039230436247,1.038043440795,1.036938309114,1.035106592889,
    1.034347514235,1.033653730721,1.033032862959,1.032491460424,
1.032035001447,1.031667893218,1.031393471788)) REPRESENTATION_ITEM('') 
  );
#5018 = CARTESIAN_POINT('',(93.,1.861906968534,152.));
#5019 = CARTESIAN_POINT('',(93.,1.861906968534,152.33642164966));
#5020 = CARTESIAN_POINT('',(92.956917164691,1.822419994657,
    152.67381570398));
#5021 = CARTESIAN_POINT('',(92.869735289896,1.742239601203,
    153.00005186246));
#5022 = CARTESIAN_POINT('',(92.745746363944,1.633180485186,
    153.2953462659));
#5023 = CARTESIAN_POINT('',(92.59713933858,1.512522592213,
    153.56673034162));
#5024 = CARTESIAN_POINT('',(92.420312943469,1.380259469325,
    153.81589081529));
#5025 = CARTESIAN_POINT('',(92.218971038826,1.244507896358,
    154.04191287838));
#5026 = CARTESIAN_POINT('',(91.888031998784,1.04729597576,154.3354009935
    ));
#5027 = CARTESIAN_POINT('',(91.780095410981,0.986174465251,
    154.42153991024));
#5028 = CARTESIAN_POINT('',(91.666846128879,0.925494543844,
    154.50270860035));
#5029 = CARTESIAN_POINT('',(91.547895719187,0.865553756346,
    154.57879425585));
#5030 = CARTESIAN_POINT('',(91.42299655204,0.806733529177,
    154.64951364618));
#5031 = CARTESIAN_POINT('',(91.29223913796,0.749583570043,
    154.71433104332));
#5032 = CARTESIAN_POINT('',(91.155768823467,0.694708741798,
    154.77257997774));
#5033 = CARTESIAN_POINT('',(90.89820809369,0.600431946782,
    154.86497803676));
#5034 = CARTESIAN_POINT('',(90.779287013679,0.560082122165,
    154.90161889442));
#5035 = CARTESIAN_POINT('',(90.656574001521,0.521856233176,
    154.93319577095));
#5036 = CARTESIAN_POINT('',(90.530428755065,0.486157996467,
    154.95923253975));
#5037 = CARTESIAN_POINT('',(90.401247966825,0.453343893581,
    154.97929663928));
#5038 = CARTESIAN_POINT('',(90.269464693886,0.42372241207,
    154.99300002025));
#5039 = CARTESIAN_POINT('',(90.135547588615,0.397553344937,155.));
#5040 = CARTESIAN_POINT('',(90.,0.375047169979,155.));
#5041 = PCURVE('',#1200,#5042);
#5042 = DEFINITIONAL_REPRESENTATION('',(#5043),#5091);
#5043 = B_SPLINE_CURVE_WITH_KNOTS('',3,(#5044,#5045,#5046,#5047,#5048,
    #5049,#5050,#5051,#5052,#5053,#5054,#5055,#5056,#5057,#5058,#5059,
    #5060,#5061,#5062,#5063,#5064,#5065,#5066,#5067,#5068,#5069,#5070,
    #5071,#5072,#5073,#5074,#5075,#5076,#5077,#5078,#5079,#5080,#5081,
    #5082,#5083,#5084,#5085,#5086,#5087,#5088,#5089,#5090),
  .UNSPECIFIED.,.F.,.F.,(4,1,1,1,1,1,1,1,1,1,1,1,1,1,1,1,1,1,1,1,1,1,1,1
    ,1,1,1,1,1,1,1,1,1,1,1,1,1,1,1,1,1,1,1,1,4),(233.88128152494,
    233.99111300969,234.10094449444,234.21077597919,234.32060746394,
    234.43043894869,234.54027043345,234.6501019182,234.75993340295,
    234.8697648877,234.97959637245,235.0894278572,235.19925934195,
    235.30909082671,235.41892231146,235.52875379621,235.63858528096,
    235.74841676571,235.85824825046,235.96807973522,236.07791121997,
    236.18774270472,236.29757418947,236.40740567422,236.51723715897,
    236.62706864373,236.73690012848,236.84673161323,236.95656309798,
    237.06639458273,237.17622606748,237.28605755223,237.39588903699,
    237.50572052174,237.61555200649,237.72538349124,237.83521497599,
    237.94504646074,238.0548779455,238.16470943025,238.274540915,
    238.38437239975,238.4942038845,238.60403536925,238.71386685401),
  .QUASI_UNIFORM_KNOTS.);
#5044 = CARTESIAN_POINT('',(6.28318530718,2.861906968534));
#5045 = CARTESIAN_POINT('',(6.27091744094,2.861911277822));
#5046 = CARTESIAN_POINT('',(6.246378684884,2.860664242503));
#5047 = CARTESIAN_POINT('',(6.209610080502,2.855091435901));
#5048 = CARTESIAN_POINT('',(6.17292955492,2.845862517168));
#5049 = CARTESIAN_POINT('',(6.13638583693,2.833088610812));
#5050 = CARTESIAN_POINT('',(6.10002314771,2.816913562315));
#5051 = CARTESIAN_POINT('',(6.063879254844,2.797512548242));
#5052 = CARTESIAN_POINT('',(6.027983972576,2.775082608271));
#5053 = CARTESIAN_POINT('',(5.992358500198,2.749835836238));
#5054 = CARTESIAN_POINT('',(5.957015292639,2.721992604831));
#5055 = CARTESIAN_POINT('',(5.921958367868,2.691775732567));
#5056 = CARTESIAN_POINT('',(5.887183923337,2.659405508986));
#5057 = CARTESIAN_POINT('',(5.85268116569,2.625095713349));
#5058 = CARTESIAN_POINT('',(5.81843327089,2.589050654767));
#5059 = CARTESIAN_POINT('',(5.784418407162,2.551463239098));
#5060 = CARTESIAN_POINT('',(5.750610764199,2.512514019451));
#5061 = CARTESIAN_POINT('',(5.716981540139,2.47237114235));
#5062 = CARTESIAN_POINT('',(5.683499841822,2.431191051963));
#5063 = CARTESIAN_POINT('',(5.650133455352,2.389119765565));
#5064 = CARTESIAN_POINT('',(5.616849436249,2.346294473065));
#5065 = CARTESIAN_POINT('',(5.583614476585,2.302845184195));
#5066 = CARTESIAN_POINT('',(5.550394936177,2.25889599298));
#5067 = CARTESIAN_POINT('',(5.517156627966,2.214565833261));
#5068 = CARTESIAN_POINT('',(5.483863611699,2.169967186861));
#5069 = CARTESIAN_POINT('',(5.450478273165,2.125206194428));
#5070 = CARTESIAN_POINT('',(5.416953569686,2.08036871593));
#5071 = CARTESIAN_POINT('',(5.383258139085,2.035568963131));
#5072 = CARTESIAN_POINT('',(5.349362748856,1.990918623305));
#5073 = CARTESIAN_POINT('',(5.315227980488,1.946519647811));
#5074 = CARTESIAN_POINT('',(5.280814237497,1.902475932226));
#5075 = CARTESIAN_POINT('',(5.246084224185,1.858896939869));
#5076 = CARTESIAN_POINT('',(5.21100507228,1.815900560195));
#5077 = CARTESIAN_POINT('',(5.175547781822,1.773612990208));
#5078 = CARTESIAN_POINT('',(5.139685159848,1.732167012989));
#5079 = CARTESIAN_POINT('',(5.103385269177,1.691695217082));
#5080 = CARTESIAN_POINT('',(5.066611000385,1.65233045105));
#5081 = CARTESIAN_POINT('',(5.029286636826,1.614167656905));
#5082 = CARTESIAN_POINT('',(4.991394135308,1.577375631155));
#5083 = CARTESIAN_POINT('',(4.952970360462,1.542179068692));
#5084 = CARTESIAN_POINT('',(4.914036473289,1.508772922986));
#5085 = CARTESIAN_POINT('',(4.874615538071,1.47734307146));
#5086 = CARTESIAN_POINT('',(4.834728078149,1.448060587067));
#5087 = CARTESIAN_POINT('',(4.794393500115,1.421082509562));
#5088 = CARTESIAN_POINT('',(4.753630062365,1.396553059626));
#5089 = CARTESIAN_POINT('',(4.726179846173,1.381915453849));
#5090 = CARTESIAN_POINT('',(4.712388980385,1.375047169979));
#5091 = ( GEOMETRIC_REPRESENTATION_CONTEXT(2) 
PARAMETRIC_REPRESENTATION_CONTEXT() REPRESENTATION_CONTEXT('2D SPACE',''
  ) );
#5092 = PCURVE('',#5093,#5255);
#5093 = ( BOUNDED_SURFACE() B_SPLINE_SURFACE(6,8,(
    (#5094,#5095,#5096,#5097,#5098,#5099,#5100,#5101,#5102,#5103,#5104
      ,#5105,#5106,#5107,#5108,#5109,#5110,#5111,#5112,#5113,#5114,#5115
      ,#5116)
    ,(#5117,#5118,#5119,#5120,#5121,#5122,#5123,#5124,#5125,#5126,#5127
      ,#5128,#5129,#5130,#5131,#5132,#5133,#5134,#5135,#5136,#5137,#5138
      ,#5139)
    ,(#5140,#5141,#5142,#5143,#5144,#5145,#5146,#5147,#5148,#5149,#5150
      ,#5151,#5152,#5153,#5154,#5155,#5156,#5157,#5158,#5159,#5160,#5161
      ,#5162)
    ,(#5163,#5164,#5165,#5166,#5167,#5168,#5169,#5170,#5171,#5172,#5173
      ,#5174,#5175,#5176,#5177,#5178,#5179,#5180,#5181,#5182,#5183,#5184
      ,#5185)
    ,(#5186,#5187,#5188,#5189,#5190,#5191,#5192,#5193,#5194,#5195,#5196
      ,#5197,#5198,#5199,#5200,#5201,#5202,#5203,#5204,#5205,#5206,#5207
      ,#5208)
    ,(#5209,#5210,#5211,#5212,#5213,#5214,#5215,#5216,#5217,#5218,#5219
      ,#5220,#5221,#5222,#5223,#5224,#5225,#5226,#5227,#5228,#5229,#5230
      ,#5231)
    ,(#5232,#5233,#5234,#5235,#5236,#5237,#5238,#5239,#5240,#5241,#5242
      ,#5243,#5244,#5245,#5246,#5247,#5248,#5249,#5250,#5251,#5252,#5253
,#5254
    )),.UNSPECIFIED.,.F.,.F.,.F.) B_SPLINE_SURFACE_WITH_KNOTS((7,7),(9,7
    ,7,9),(0.,4.832585329073),(233.88128152494,236.55848024727,
    237.75405107597,238.71386685401),.UNSPECIFIED.) 
GEOMETRIC_REPRESENTATION_ITEM() RATIONAL_B_SPLINE_SURFACE((
    (1.066705203297,1.066705203297,1.065460421876,1.062939111701
      ,1.059644782994,1.056246195727,1.052710635672,1.049289782754
      ,1.044590333528,1.043174869974,1.041805200352,1.040487838626
      ,1.039230436247,1.038043440795,1.036938309114,1.035106592889
      ,1.034347514235,1.033653730721,1.033032862959,1.032491460424
      ,1.032035001447,1.031667893218,1.031393471788)
    ,(1.020249745885,1.020249745885,1.019908840413,1.019219426139
      ,1.018307466413,1.017349037703,1.016340360968,1.015351284581
      ,1.013977940006,1.01356213645,1.013157760121,1.012766951111
      ,1.012392245418,1.012037061406,1.011705154221,1.011153285238
      ,1.010923888284,1.010713667584,1.010525107563,1.010360356786
      ,1.010221227959,1.010109197923,1.010025407661)
    ,(0.995713300237,0.995713300237,0.995787614713,0.995937866366
      ,0.996136757184,0.996345605628,0.996564944282,0.996779471017
      ,0.997076514869,0.997166330535,0.997253553702,0.997337724141
      ,0.997418303479,0.997494571003,0.997565740304,0.997683926135
      ,0.997732992997,0.997777908918,0.997818157084,0.997853292304
      ,0.997882941009,0.997906801256,0.997924642725)
    ,(0.987609681784,0.987609681784,0.987827231495,0.988267633597
      ,0.988845906077,0.989447549363,0.990077303429,0.990691044451
      ,0.99153943034,0.99179573533,0.992044493339,0.99228445926
      ,0.992514153906,0.992731562573,0.9929344661,0.993271480366
      ,0.993411426111,0.993539563001,0.99365441354,0.99375470143
      ,0.993839351567,0.993907490041,0.993958444137)
    ,(0.995713300237,0.995713300237,0.995787614713,0.995937866366
      ,0.996136757184,0.996345605628,0.996564944282,0.996779471017
      ,0.997076514869,0.997166330535,0.997253553702,0.997337724141
      ,0.997418303479,0.997494571003,0.997565740304,0.997683926135
      ,0.997732992997,0.997777908918,0.997818157084,0.997853292304
      ,0.997882941009,0.997906801256,0.997924642725)
    ,(1.020249745885,1.020249745885,1.019908840413,1.019219426139
      ,1.018307466413,1.017349037703,1.016340360968,1.015351284581
      ,1.013977940006,1.01356213645,1.013157760121,1.012766951111
      ,1.012392245418,1.012037061406,1.011705154221,1.011153285238
      ,1.010923888284,1.010713667584,1.010525107563,1.010360356786
      ,1.010221227959,1.010109197923,1.010025407661)
    ,(1.066705203297,1.066705203297,1.065460421876,1.062939111701
      ,1.059644782994,1.056246195727,1.052710635672,1.049289782754
      ,1.044590333528,1.043174869974,1.041805200352,1.040487838626
      ,1.039230436247,1.038043440795,1.036938309114,1.035106592889
      ,1.034347514235,1.033653730721,1.033032862959,1.032491460424
      ,1.032035001447,1.031667893218,1.031393471788
))) REPRESENTATION_ITEM('') SURFACE() );
#5094 = CARTESIAN_POINT('',(93.492537313433,1.631843101453,152.));
#5095 = CARTESIAN_POINT('',(93.492537313433,1.631843101453,152.369091749
    ));
#5096 = CARTESIAN_POINT('',(93.443348668312,1.590718610438,
    152.73898446021));
#5097 = CARTESIAN_POINT('',(93.343930210717,1.507274705278,
    153.09662289052));
#5098 = CARTESIAN_POINT('',(93.202431454329,1.39384141464,
    153.42088859979));
#5099 = CARTESIAN_POINT('',(93.032411794852,1.26819451148,
    153.71902825392));
#5100 = CARTESIAN_POINT('',(92.829918091249,1.130337049111,
    153.99319738618));
#5101 = CARTESIAN_POINT('',(92.599004527781,0.988658343529,
    154.24212185007));
#5102 = CARTESIAN_POINT('',(92.218971730787,0.782593564853,
    154.56569072298));
#5103 = CARTESIAN_POINT('',(92.094989770968,0.718704068258,
    154.66069604319));
#5104 = CARTESIAN_POINT('',(91.964775668125,0.655219641345,
    154.75029268782));
#5105 = CARTESIAN_POINT('',(91.827968002115,0.592482598137,
    154.83431294307));
#5106 = CARTESIAN_POINT('',(91.684312126222,0.530907093854,
    154.91242012637));
#5107 = CARTESIAN_POINT('',(91.533827310573,0.471046684705,
    154.98404385238));
#5108 = CARTESIAN_POINT('',(91.376601688225,0.413514735197,
    155.04846957659));
#5109 = CARTESIAN_POINT('',(91.079998559105,0.314715792785,
    155.15061728523));
#5110 = CARTESIAN_POINT('',(90.94298052246,0.272408839719,
    155.19114796465));
#5111 = CARTESIAN_POINT('',(90.801550893598,0.232318699878,
    155.22608844878));
#5112 = CARTESIAN_POINT('',(90.656144835942,0.194878067114,
    155.25490146878));
#5113 = CARTESIAN_POINT('',(90.507235609669,0.160467050636,
    155.27710246623));
#5114 = CARTESIAN_POINT('',(90.355333820921,0.129412365359,
    155.29226065906));
#5115 = CARTESIAN_POINT('',(90.200986514031,0.101986586397,155.3));
#5116 = CARTESIAN_POINT('',(90.044776119403,7.840749102309E-02,155.3));
#5117 = CARTESIAN_POINT('',(93.401632015484,1.555765697097,152.));
#5118 = CARTESIAN_POINT('',(93.401632015484,1.555765697097,
    152.35494805929));
#5119 = CARTESIAN_POINT('',(93.3541541417,1.517482157807,152.71018713339
    ));
#5120 = CARTESIAN_POINT('',(93.258432029592,1.440021073755,
    153.05407394867));
#5121 = CARTESIAN_POINT('',(93.122019422096,1.334303398827,
    153.36820499904));
#5122 = CARTESIAN_POINT('',(92.95735533296,1.216140076611,
    153.65868004728));
#5123 = CARTESIAN_POINT('',(92.760726027412,1.085876215098,
    153.92710457569));
#5124 = CARTESIAN_POINT('',(92.535852407728,0.951276650137,
    154.17187880592));
#5125 = CARTESIAN_POINT('',(92.165421120219,0.754960477396,
    154.49072742127));
#5126 = CARTESIAN_POINT('',(92.044741700757,0.69410928455,
    154.58433418537));
#5127 = CARTESIAN_POINT('',(91.917922686534,0.633537953218,
    154.67276918885));
#5128 = CARTESIAN_POINT('',(91.784592731254,0.573572331669,
    154.75584425236));
#5129 = CARTESIAN_POINT('',(91.644499229356,0.514613953688,154.833200677
    ));
#5130 = CARTESIAN_POINT('',(91.497681595342,0.457207442493,
    154.90424014919));
#5131 = CARTESIAN_POINT('',(91.344249551653,0.401955449445,
    154.9682240067));
#5132 = CARTESIAN_POINT('',(91.05485506727,0.30696919337,155.06977888124
    ));
#5133 = CARTESIAN_POINT('',(90.921223271252,0.266259958965,
    155.11012138981));
#5134 = CARTESIAN_POINT('',(90.783256269413,0.227622508517,
    155.14497254935));
#5135 = CARTESIAN_POINT('',(90.641381888066,0.191476193843,
    155.17379000584));
#5136 = CARTESIAN_POINT('',(90.496068356428,0.158189600927,
    155.19608615749));
#5137 = CARTESIAN_POINT('',(90.347824081579,0.128080303757,
    155.2114284956));
#5138 = CARTESIAN_POINT('',(90.197197372894,0.101414636493,
    155.2194399121));
#5139 = CARTESIAN_POINT('',(90.044776119403,7.84074910231E-02,
    155.21979896505));
#5140 = CARTESIAN_POINT('',(93.280613976754,1.526314919407,152.));
#5141 = CARTESIAN_POINT('',(93.280613976754,1.526314919407,
    152.34103576115));
#5142 = CARTESIAN_POINT('',(93.235816165282,1.49021170133,
    152.68218514111));
#5143 = CARTESIAN_POINT('',(93.145605875404,1.417259812948,
    153.01313637936));
#5144 = CARTESIAN_POINT('',(93.016560687255,1.31727695507,
    153.31756288349));
#5145 = CARTESIAN_POINT('',(92.859682055261,1.204645123162,
    153.60057884916));
#5146 = CARTESIAN_POINT('',(92.67145667075,1.079927149538,
    153.86331698854));
#5147 = CARTESIAN_POINT('',(92.455170409156,0.95044956329,
    154.10387062981));
#5148 = CARTESIAN_POINT('',(92.097792182992,0.761064595436,
    154.41799358937));
#5149 = CARTESIAN_POINT('',(91.981338188256,0.702334008138,
    154.51027065462));
#5150 = CARTESIAN_POINT('',(91.858821428168,0.643790368806,
    154.59758179591));
#5151 = CARTESIAN_POINT('',(91.72985996268,0.585747171264,
    154.67972392603));
#5152 = CARTESIAN_POINT('',(91.594201919539,0.528597580226,
    154.75632236013));
#5153 = CARTESIAN_POINT('',(91.451905328462,0.472883561782,
    154.82675649884));
#5154 = CARTESIAN_POINT('',(91.303099259207,0.41920401519,
    154.89026885136));
#5155 = CARTESIAN_POINT('',(91.02228581551,0.32682942738,154.99119985512
    ));
#5156 = CARTESIAN_POINT('',(90.892599571778,0.287211432314,
    155.03134213703));
#5157 = CARTESIAN_POINT('',(90.758643558705,0.249568101717,
    155.06608395364));
#5158 = CARTESIAN_POINT('',(90.620836291799,0.214310138077,
    155.09488105458));
#5159 = CARTESIAN_POINT('',(90.479639254917,0.181798989558,
    155.11724494975));
#5160 = CARTESIAN_POINT('',(90.335556947451,0.152346901515,
    155.13274283653));
#5161 = CARTESIAN_POINT('',(90.189136942375,0.126216964064,
    155.14099753431));
#5162 = CARTESIAN_POINT('',(90.040969954449,0.103623154305,
    155.14168742822));
#5163 = CARTESIAN_POINT('',(93.155758195827,1.55310371484,152.));
#5164 = CARTESIAN_POINT('',(93.155758195827,1.55310371484,
    152.33059576012));
#5165 = CARTESIAN_POINT('',(93.113586622322,1.517819633454,
    152.6612918809));
#5166 = CARTESIAN_POINT('',(93.028701626115,1.446548995877,
    152.98258592102));
#5167 = CARTESIAN_POINT('',(92.906764353928,1.348685939965,
    153.27931634363));
#5168 = CARTESIAN_POINT('',(92.757558750751,1.238125131924,
    153.55601551745));
#5169 = CARTESIAN_POINT('',(92.57772911887,1.115509014735,
    153.81355678583));
#5170 = CARTESIAN_POINT('',(92.370184136119,0.988009943195,
    154.04989110107));
#5171 = CARTESIAN_POINT('',(92.026131986063,0.801349047754,
    154.35898699927));
#5172 = CARTESIAN_POINT('',(91.913915009988,0.743453863333,
    154.44984325629));
#5173 = CARTESIAN_POINT('',(91.795728707261,0.685720300799,
    154.53588092109));
#5174 = CARTESIAN_POINT('',(91.671181583229,0.6284532261,154.61689397989
    ));
#5175 = CARTESIAN_POINT('',(91.540021582479,0.572040692296,
    154.69250392935));
#5176 = CARTESIAN_POINT('',(91.402322120748,0.517026374458,
    154.76208076437));
#5177 = CARTESIAN_POINT('',(91.258227091807,0.464010267699,
    154.82486033509));
#5178 = CARTESIAN_POINT('',(90.986096315721,0.37274398994,
    154.92471574699));
#5179 = CARTESIAN_POINT('',(90.860374461241,0.333596149424,
    154.96445970851));
#5180 = CARTESIAN_POINT('',(90.730452828907,0.29638918309,154.9988933312
    ));
#5181 = CARTESIAN_POINT('',(90.596738460673,0.261529257997,
    155.02747616689));
#5182 = CARTESIAN_POINT('',(90.459683275428,0.229374304889,
    155.04972312892));
#5183 = CARTESIAN_POINT('',(90.319784195748,0.200234163272,
    155.06520428589));
#5184 = CARTESIAN_POINT('',(90.177583305701,0.174370715651,
    155.07354467584));
#5185 = CARTESIAN_POINT('',(90.033668037905,0.151998006982,
    155.07442414603));
#5186 = CARTESIAN_POINT('',(93.055083094167,1.631660251788,152.));
#5187 = CARTESIAN_POINT('',(93.055083094167,1.631660251788,
    152.32607625223));
#5188 = CARTESIAN_POINT('',(93.014402788654,1.59568578992,
    152.65238247754));
#5189 = CARTESIAN_POINT('',(92.932469398338,1.522965927575,
    152.9693543525));
#5190 = CARTESIAN_POINT('',(92.814641973375,1.423301890794,
    153.26162473924));
#5191 = CARTESIAN_POINT('',(92.670337407403,1.311155164152,
    153.53391858075));
#5192 = CARTESIAN_POINT('',(92.496234227794,1.18706304677,153.7871316571
    ));
#5193 = CARTESIAN_POINT('',(92.295116370481,1.058347972387,
    154.01935696651));
#5194 = CARTESIAN_POINT('',(91.961364401817,0.870219903125,
    154.3230134856));
#5195 = CARTESIAN_POINT('',(91.852423912284,0.811894844694,
    154.41228456013));
#5196 = CARTESIAN_POINT('',(91.737663292965,0.753783640165,
    154.49679793749));
#5197 = CARTESIAN_POINT('',(91.61668435206,0.696185419389,
    154.57636208693));
#5198 = CARTESIAN_POINT('',(91.489234052394,0.639484808346,
    154.65061225843));
#5199 = CARTESIAN_POINT('',(91.355395852719,0.584228651559,
    154.71892837839));
#5200 = CARTESIAN_POINT('',(91.21532119511,0.531019834409,154.7805579013
    ));
#5201 = CARTESIAN_POINT('',(90.950647357905,0.439457352418,
    154.87859944389));
#5202 = CARTESIAN_POINT('',(90.82834045793,0.400202953643,
    154.91761850116));
#5203 = CARTESIAN_POINT('',(90.701928729468,0.362917328155,
    154.95141880158));
#5204 = CARTESIAN_POINT('',(90.571805077842,0.328004890529,
    154.97947183375));
#5205 = CARTESIAN_POINT('',(90.438407505788,0.295822384489,
    155.00130227721));
#5206 = CARTESIAN_POINT('',(90.302219156889,0.266678933681,
    155.01648793191));
#5207 = CARTESIAN_POINT('',(90.163768369712,0.240836088622,
    155.0246596548));
#5208 = CARTESIAN_POINT('',(90.023628742056,0.218507868426,
    155.02550130519));
#5209 = CARTESIAN_POINT('',(93.,1.743367757094,152.));
#5210 = CARTESIAN_POINT('',(93.,1.743367757094,152.3283077267));
#5211 = CARTESIAN_POINT('',(92.959019371386,1.705705957887,
    152.65709145119));
#5212 = CARTESIAN_POINT('',(92.876348591928,1.629453935076,
    152.97583403892));
#5213 = CARTESIAN_POINT('',(92.757908908254,1.525358877084,
    153.26761725302));
#5214 = CARTESIAN_POINT('',(92.613924826585,1.4091767503,153.53804337031
    ));
#5215 = CARTESIAN_POINT('',(92.440994906115,1.281220457005,
    153.7883114529));
#5216 = CARTESIAN_POINT('',(92.242154764558,1.149172082964,
    154.0169267017));
#5217 = CARTESIAN_POINT('',(91.913135089139,0.956790747352,
    154.31511795272));
#5218 = CARTESIAN_POINT('',(91.805747973679,0.897181856363,
    154.40273144462));
#5219 = CARTESIAN_POINT('',(91.692763202985,0.837893104099,
    154.48554117997));
#5220 = CARTESIAN_POINT('',(91.573782199521,0.779221160761,
    154.56338780264));
#5221 = CARTESIAN_POINT('',(91.448552301741,0.721548622229,
    154.63593902532));
#5222 = CARTESIAN_POINT('',(91.317161976357,0.665425026124,
    154.70260655398));
#5223 = CARTESIAN_POINT('',(91.179762577095,0.611455650148,
    154.76267056645));
#5224 = CARTESIAN_POINT('',(90.920188636935,0.518663371357,
    154.85813836286));
#5225 = CARTESIAN_POINT('',(90.800258429536,0.47891737994,
    154.89608831056));
#5226 = CARTESIAN_POINT('',(90.676357757501,0.441210578511,
    154.92890653338));
#5227 = CARTESIAN_POINT('',(90.548863277385,0.405947107039,
    154.95608587933));
#5228 = CARTESIAN_POINT('',(90.41819434031,0.37348367746,154.97716839913
    ));
#5229 = CARTESIAN_POINT('',(90.284812797714,0.34412933586,
    154.99174566388));
#5230 = CARTESIAN_POINT('',(90.149222758982,0.318145241934,
    154.99945905237));
#5231 = CARTESIAN_POINT('',(90.011970303723,0.295744472452,155.));
#5232 = CARTESIAN_POINT('',(93.,1.861906968534,152.));
#5233 = CARTESIAN_POINT('',(93.,1.861906968534,152.33642164966));
#5234 = CARTESIAN_POINT('',(92.956917164691,1.822419994657,
    152.67381570398));
#5235 = CARTESIAN_POINT('',(92.869735289896,1.742239601203,
    153.00005186246));
#5236 = CARTESIAN_POINT('',(92.745746363944,1.633180485186,
    153.2953462659));
#5237 = CARTESIAN_POINT('',(92.59713933858,1.512522592213,
    153.56673034162));
#5238 = CARTESIAN_POINT('',(92.420312943469,1.380259469325,
    153.81589081529));
#5239 = CARTESIAN_POINT('',(92.218971038826,1.244507896358,
    154.04191287838));
#5240 = CARTESIAN_POINT('',(91.888031998784,1.04729597576,154.3354009935
    ));
#5241 = CARTESIAN_POINT('',(91.780095410981,0.986174465251,
    154.42153991024));
#5242 = CARTESIAN_POINT('',(91.666846128879,0.925494543844,
    154.50270860035));
#5243 = CARTESIAN_POINT('',(91.547895719187,0.865553756346,
    154.57879425585));
#5244 = CARTESIAN_POINT('',(91.42299655204,0.806733529177,
    154.64951364618));
#5245 = CARTESIAN_POINT('',(91.29223913796,0.749583570043,
    154.71433104332));
#5246 = CARTESIAN_POINT('',(91.155768823467,0.694708741798,
    154.77257997774));
#5247 = CARTESIAN_POINT('',(90.89820809369,0.600431946782,
    154.86497803676));
#5248 = CARTESIAN_POINT('',(90.779287013679,0.560082122165,
    154.90161889442));
#5249 = CARTESIAN_POINT('',(90.656574001521,0.521856233176,
    154.93319577095));
#5250 = CARTESIAN_POINT('',(90.530428755065,0.486157996467,
    154.95923253975));
#5251 = CARTESIAN_POINT('',(90.401247966825,0.453343893581,
    154.97929663928));
#5252 = CARTESIAN_POINT('',(90.269464693886,0.42372241207,
    154.99300002025));
#5253 = CARTESIAN_POINT('',(90.135547588615,0.397553344937,155.));
#5254 = CARTESIAN_POINT('',(90.,0.375047169979,155.));
#5255 = DEFINITIONAL_REPRESENTATION('',(#5256),#5260);
#5256 = LINE('',#5257,#5258);
#5257 = CARTESIAN_POINT('',(4.832585329073,0.));
#5258 = VECTOR('',#5259,1.);
#5259 = DIRECTION('',(0.,1.));
#5260 = ( GEOMETRIC_REPRESENTATION_CONTEXT(2) 
PARAMETRIC_REPRESENTATION_CONTEXT() REPRESENTATION_CONTEXT('2D SPACE',''
  ) );
#5261 = ORIENTED_EDGE('',*,*,#5262,.T.);
#5262 = EDGE_CURVE('',#5014,#1180,#5263,.T.);
#5263 = SURFACE_CURVE('',#5264,(#5268,#5275),.PCURVE_S1.);
#5264 = LINE('',#5265,#5266);
#5265 = CARTESIAN_POINT('',(93.,-1.,152.));
#5266 = VECTOR('',#5267,1.);
#5267 = DIRECTION('',(-0.,1.,0.));
#5268 = PCURVE('',#1200,#5269);
#5269 = DEFINITIONAL_REPRESENTATION('',(#5270),#5274);
#5270 = LINE('',#5271,#5272);
#5271 = CARTESIAN_POINT('',(6.28318530718,0.));
#5272 = VECTOR('',#5273,1.);
#5273 = DIRECTION('',(-0.,1.));
#5274 = ( GEOMETRIC_REPRESENTATION_CONTEXT(2) 
PARAMETRIC_REPRESENTATION_CONTEXT() REPRESENTATION_CONTEXT('2D SPACE',''
  ) );
#5275 = PCURVE('',#1228,#5276);
#5276 = DEFINITIONAL_REPRESENTATION('',(#5277),#5281);
#5277 = LINE('',#5278,#5279);
#5278 = CARTESIAN_POINT('',(149.,0.));
#5279 = VECTOR('',#5280,1.);
#5280 = DIRECTION('',(0.,-1.));
#5281 = ( GEOMETRIC_REPRESENTATION_CONTEXT(2) 
PARAMETRIC_REPRESENTATION_CONTEXT() REPRESENTATION_CONTEXT('2D SPACE',''
  ) );
#5282 = ADVANCED_FACE('',(#5283),#1228,.F.);
#5283 = FACE_BOUND('',#5284,.F.);
#5284 = EDGE_LOOP('',(#5285,#5286,#5314,#5335));
#5285 = ORIENTED_EDGE('',*,*,#5262,.F.);
#5286 = ORIENTED_EDGE('',*,*,#5287,.F.);
#5287 = EDGE_CURVE('',#5288,#5014,#5290,.T.);
#5288 = VERTEX_POINT('',#5289);
#5289 = CARTESIAN_POINT('',(93.,1.861906968534,6.));
#5290 = SURFACE_CURVE('',#5291,(#5295,#5302),.PCURVE_S1.);
#5291 = LINE('',#5292,#5293);
#5292 = CARTESIAN_POINT('',(93.,1.861906968534,6.));
#5293 = VECTOR('',#5294,1.);
#5294 = DIRECTION('',(0.,0.,1.));
#5295 = PCURVE('',#1228,#5296);
#5296 = DEFINITIONAL_REPRESENTATION('',(#5297),#5301);
#5297 = LINE('',#5298,#5299);
#5298 = CARTESIAN_POINT('',(3.,-2.861906968534));
#5299 = VECTOR('',#5300,1.);
#5300 = DIRECTION('',(1.,0.));
#5301 = ( GEOMETRIC_REPRESENTATION_CONTEXT(2) 
PARAMETRIC_REPRESENTATION_CONTEXT() REPRESENTATION_CONTEXT('2D SPACE',''
  ) );
#5302 = PCURVE('',#5303,#5308);
#5303 = CYLINDRICAL_SURFACE('',#5304,0.3);
#5304 = AXIS2_PLACEMENT_3D('',#5305,#5306,#5307);
#5305 = CARTESIAN_POINT('',(93.3,1.861906968534,6.));
#5306 = DIRECTION('',(0.,0.,1.));
#5307 = DIRECTION('',(0.641791044776,-0.766879556935,0.));
#5308 = DEFINITIONAL_REPRESENTATION('',(#5309),#5313);
#5309 = LINE('',#5310,#5311);
#5310 = CARTESIAN_POINT('',(4.015557493779,0.));
#5311 = VECTOR('',#5312,1.);
#5312 = DIRECTION('',(-0.,1.));
#5313 = ( GEOMETRIC_REPRESENTATION_CONTEXT(2) 
PARAMETRIC_REPRESENTATION_CONTEXT() REPRESENTATION_CONTEXT('2D SPACE',''
  ) );
#5314 = ORIENTED_EDGE('',*,*,#5315,.T.);
#5315 = EDGE_CURVE('',#5288,#1213,#5316,.T.);
#5316 = SURFACE_CURVE('',#5317,(#5321,#5328),.PCURVE_S1.);
#5317 = LINE('',#5318,#5319);
#5318 = CARTESIAN_POINT('',(93.,-1.,6.));
#5319 = VECTOR('',#5320,1.);
#5320 = DIRECTION('',(-0.,1.,0.));
#5321 = PCURVE('',#1228,#5322);
#5322 = DEFINITIONAL_REPRESENTATION('',(#5323),#5327);
#5323 = LINE('',#5324,#5325);
#5324 = CARTESIAN_POINT('',(3.,0.));
#5325 = VECTOR('',#5326,1.);
#5326 = DIRECTION('',(0.,-1.));
#5327 = ( GEOMETRIC_REPRESENTATION_CONTEXT(2) 
PARAMETRIC_REPRESENTATION_CONTEXT() REPRESENTATION_CONTEXT('2D SPACE',''
  ) );
#5328 = PCURVE('',#1255,#5329);
#5329 = DEFINITIONAL_REPRESENTATION('',(#5330),#5334);
#5330 = LINE('',#5331,#5332);
#5331 = CARTESIAN_POINT('',(0.,0.));
#5332 = VECTOR('',#5333,1.);
#5333 = DIRECTION('',(0.,1.));
#5334 = ( GEOMETRIC_REPRESENTATION_CONTEXT(2) 
PARAMETRIC_REPRESENTATION_CONTEXT() REPRESENTATION_CONTEXT('2D SPACE',''
  ) );
#5335 = ORIENTED_EDGE('',*,*,#1212,.T.);
#5336 = ADVANCED_FACE('',(#5337),#1255,.F.);
#5337 = FACE_BOUND('',#5338,.F.);
#5338 = EDGE_LOOP('',(#5339,#5340,#5611,#5612));
#5339 = ORIENTED_EDGE('',*,*,#5315,.F.);
#5340 = ORIENTED_EDGE('',*,*,#5341,.F.);
#5341 = EDGE_CURVE('',#4130,#5288,#5342,.T.);
#5342 = SURFACE_CURVE('',#5343,(#5370,#5421),.PCURVE_S1.);
#5343 = ( BOUNDED_CURVE() B_SPLINE_CURVE(9,(#5344,#5345,#5346,#5347,
    #5348,#5349,#5350,#5351,#5352,#5353,#5354,#5355,#5356,#5357,#5358,
    #5359,#5360,#5361,#5362,#5363,#5364,#5365,#5366,#5367,#5368,#5369),
.UNSPECIFIED.,.F.,.F.) B_SPLINE_CURVE_WITH_KNOTS((10,8,8,10),(
    83.048696195869,84.008511974067,85.204082802717,87.881281524942),
.UNSPECIFIED.) CURVE() GEOMETRIC_REPRESENTATION_ITEM() 
RATIONAL_B_SPLINE_CURVE((1.031393471788,1.031637401948,1.03195342184,
    1.032339307431,1.03279223961,1.033308804186,1.033884991892,
    1.034516198381,1.035197224226,1.036825416426,1.037797735611,
    1.038834672378,1.039928996088,1.041073391311,1.042261780581,
    1.043489384159,1.044751516811,1.048928887162,1.051958378008,
    1.055045142325,1.058167088508,1.061081124498,1.063793901962,
1.06573348299,1.066705203297,1.066705203297)) REPRESENTATION_ITEM('') );
#5344 = CARTESIAN_POINT('',(90.,0.375047169979,3.));
#5345 = CARTESIAN_POINT('',(90.12049030655,0.395053250114,3.));
#5346 = CARTESIAN_POINT('',(90.239713571195,0.417908672852,
    3.005444859096));
#5347 = CARTESIAN_POINT('',(90.357333157915,0.443472976954,
    3.016136913525));
#5348 = CARTESIAN_POINT('',(90.473031791961,0.471578198045,
    3.031852679681));
#5349 = CARTESIAN_POINT('',(90.586512023853,0.50202917561,3.052343220285
    ));
#5350 = CARTESIAN_POINT('',(90.697496638025,0.534603896463,
    3.077334563337));
#5351 = CARTESIAN_POINT('',(90.805729002083,0.569053867077,
    3.106528165229));
#5352 = CARTESIAN_POINT('',(90.910973353632,0.605104506127,
    3.139601408413));
#5353 = CARTESIAN_POINT('',(91.139921106446,0.688907888654,
    3.221734767781));
#5354 = CARTESIAN_POINT('',(91.261924899848,0.737394136034,
    3.272730237692));
#5355 = CARTESIAN_POINT('',(91.379431961966,0.787692879715,
    3.328891046519));
#5356 = CARTESIAN_POINT('',(91.49242024006,0.83942775681,3.389793828424)
  );
#5357 = CARTESIAN_POINT('',(91.600805341994,0.892215047362,
    3.455047501246));
#5358 = CARTESIAN_POINT('',(91.704633653895,0.94574120416,3.524374622616
    ));
#5359 = CARTESIAN_POINT('',(91.804105427345,0.999771153083,
    3.597622775188));
#5360 = CARTESIAN_POINT('',(91.899430053913,1.054088349749,
    3.674707079074));
#5361 = CARTESIAN_POINT('',(92.193668397787,1.229429305995,
    3.935648125178));
#5362 = CARTESIAN_POINT('',(92.375973182807,1.350416073516,
    4.134381506945));
#5363 = CARTESIAN_POINT('',(92.537640932768,1.467879674786,
    4.349518776514));
#5364 = CARTESIAN_POINT('',(92.680665280048,1.580544385621,
    4.585271755615));
#5365 = CARTESIAN_POINT('',(92.800344559364,1.68102514123,4.835551164529
    ));
#5366 = CARTESIAN_POINT('',(92.899110128368,1.769354652964,
    5.109031804387));
#5367 = CARTESIAN_POINT('',(92.966438640203,1.831119549595,
    5.401215493214));
#5368 = CARTESIAN_POINT('',(93.,1.861906968534,5.70095853363));
#5369 = CARTESIAN_POINT('',(93.,1.861906968534,6.));
#5370 = PCURVE('',#1255,#5371);
#5371 = DEFINITIONAL_REPRESENTATION('',(#5372),#5420);
#5372 = B_SPLINE_CURVE_WITH_KNOTS('',3,(#5373,#5374,#5375,#5376,#5377,
    #5378,#5379,#5380,#5381,#5382,#5383,#5384,#5385,#5386,#5387,#5388,
    #5389,#5390,#5391,#5392,#5393,#5394,#5395,#5396,#5397,#5398,#5399,
    #5400,#5401,#5402,#5403,#5404,#5405,#5406,#5407,#5408,#5409,#5410,
    #5411,#5412,#5413,#5414,#5415,#5416,#5417,#5418,#5419),
  .UNSPECIFIED.,.F.,.F.,(4,1,1,1,1,1,1,1,1,1,1,1,1,1,1,1,1,1,1,1,1,1,1,1
    ,1,1,1,1,1,1,1,1,1,1,1,1,1,1,1,1,1,1,1,1,4),(83.048696195869,
    83.158527680621,83.268359165372,83.378190650124,83.488022134876,
    83.597853619627,83.707685104379,83.817516589131,83.927348073882,
    84.037179558634,84.147011043386,84.256842528137,84.366674012889,
    84.476505497641,84.586336982392,84.696168467144,84.805999951896,
    84.915831436647,85.025662921399,85.135494406151,85.245325890902,
    85.355157375654,85.464988860405,85.574820345157,85.684651829909,
    85.79448331466,85.904314799412,86.014146284164,86.123977768915,
    86.233809253667,86.343640738419,86.45347222317,86.563303707922,
    86.673135192674,86.782966677425,86.892798162177,87.002629646929,
    87.11246113168,87.222292616432,87.332124101184,87.441955585935,
    87.551787070687,87.661618555439,87.77145004019,87.881281524942),
  .QUASI_UNIFORM_KNOTS.);
#5373 = CARTESIAN_POINT('',(1.570796326795,1.375047169979));
#5374 = CARTESIAN_POINT('',(1.557005461011,1.381915453847));
#5375 = CARTESIAN_POINT('',(1.529555244818,1.396553059627));
#5376 = CARTESIAN_POINT('',(1.488791807099,1.421082509531));
#5377 = CARTESIAN_POINT('',(1.448457228971,1.448060587143));
#5378 = CARTESIAN_POINT('',(1.408569769415,1.47734307112));
#5379 = CARTESIAN_POINT('',(1.369148832856,1.508772924169));
#5380 = CARTESIAN_POINT('',(1.330214950719,1.542179064158));
#5381 = CARTESIAN_POINT('',(1.291791157115,1.577375647914));
#5382 = CARTESIAN_POINT('',(1.253898725641,1.614167594151));
#5383 = CARTESIAN_POINT('',(1.216574100705,1.652330685001));
#5384 = CARTESIAN_POINT('',(1.17980131291,1.691693772988));
#5385 = CARTESIAN_POINT('',(1.143502558343,1.732164253613));
#5386 = CARTESIAN_POINT('',(1.107640048477,1.773610070902));
#5387 = CARTESIAN_POINT('',(1.072181997803,1.815898491524));
#5388 = CARTESIAN_POINT('',(1.037101743033,1.858896142994));
#5389 = CARTESIAN_POINT('',(1.002370842425,1.902476182432));
#5390 = CARTESIAN_POINT('',(0.967956784266,1.946520284553));
#5391 = CARTESIAN_POINT('',(0.933822270771,1.99091897132));
#5392 = CARTESIAN_POINT('',(0.89992740193,2.035568671209));
#5393 = CARTESIAN_POINT('',(0.866231860186,2.080368616565));
#5394 = CARTESIAN_POINT('',(0.832706328683,2.125206950631));
#5395 = CARTESIAN_POINT('',(0.799310276104,2.16998420428));
#5396 = CARTESIAN_POINT('',(0.766012052444,2.214589671617));
#5397 = CARTESIAN_POINT('',(0.732774675179,2.258917270259));
#5398 = CARTESIAN_POINT('',(0.699559941848,2.302858702001));
#5399 = CARTESIAN_POINT('',(0.666330382035,2.34630025247));
#5400 = CARTESIAN_POINT('',(0.633050112274,2.38912091345));
#5401 = CARTESIAN_POINT('',(0.599684968724,2.431191395555));
#5402 = CARTESIAN_POINT('',(0.566202351817,2.472373442789));
#5403 = CARTESIAN_POINT('',(0.532571070939,2.512519197967));
#5404 = CARTESIAN_POINT('',(0.498761389228,2.551470521162));
#5405 = CARTESIAN_POINT('',(0.464745374148,2.589058315175));
#5406 = CARTESIAN_POINT('',(0.430497580686,2.62510201493));
#5407 = CARTESIAN_POINT('',(0.395996028218,2.659409465976));
#5408 = CARTESIAN_POINT('',(0.361223382126,2.691777449008));
#5409 = CARTESIAN_POINT('',(0.326168217372,2.721993104186));
#5410 = CARTESIAN_POINT('',(0.290826223237,2.749836474083));
#5411 = CARTESIAN_POINT('',(0.255201205475,2.775084311811));
#5412 = CARTESIAN_POINT('',(0.219305751076,2.797515216845));
#5413 = CARTESIAN_POINT('',(0.183161443004,2.816915973349));
#5414 = CARTESIAN_POINT('',(0.146798528204,2.833089018161));
#5415 = CARTESIAN_POINT('',(0.110255004706,2.845859972297));
#5416 = CARTESIAN_POINT('',(7.357498238408E-02,2.855086921504));
#5417 = CARTESIAN_POINT('',(3.680668147928E-02,2.860661737352));
#5418 = CARTESIAN_POINT('',(1.226793991898E-02,2.861910540931));
#5419 = CARTESIAN_POINT('',(0.,2.861906968534));
#5420 = ( GEOMETRIC_REPRESENTATION_CONTEXT(2) 
PARAMETRIC_REPRESENTATION_CONTEXT() REPRESENTATION_CONTEXT('2D SPACE',''
  ) );
#5421 = PCURVE('',#5422,#5605);
#5422 = ( BOUNDED_SURFACE() B_SPLINE_SURFACE(6,9,(
    (#5423,#5424,#5425,#5426,#5427,#5428,#5429,#5430,#5431,#5432,#5433
      ,#5434,#5435,#5436,#5437,#5438,#5439,#5440,#5441,#5442,#5443,#5444
      ,#5445,#5446,#5447,#5448)
    ,(#5449,#5450,#5451,#5452,#5453,#5454,#5455,#5456,#5457,#5458,#5459
      ,#5460,#5461,#5462,#5463,#5464,#5465,#5466,#5467,#5468,#5469,#5470
      ,#5471,#5472,#5473,#5474)
    ,(#5475,#5476,#5477,#5478,#5479,#5480,#5481,#5482,#5483,#5484,#5485
      ,#5486,#5487,#5488,#5489,#5490,#5491,#5492,#5493,#5494,#5495,#5496
      ,#5497,#5498,#5499,#5500)
    ,(#5501,#5502,#5503,#5504,#5505,#5506,#5507,#5508,#5509,#5510,#5511
      ,#5512,#5513,#5514,#5515,#5516,#5517,#5518,#5519,#5520,#5521,#5522
      ,#5523,#5524,#5525,#5526)
    ,(#5527,#5528,#5529,#5530,#5531,#5532,#5533,#5534,#5535,#5536,#5537
      ,#5538,#5539,#5540,#5541,#5542,#5543,#5544,#5545,#5546,#5547,#5548
      ,#5549,#5550,#5551,#5552)
    ,(#5553,#5554,#5555,#5556,#5557,#5558,#5559,#5560,#5561,#5562,#5563
      ,#5564,#5565,#5566,#5567,#5568,#5569,#5570,#5571,#5572,#5573,#5574
      ,#5575,#5576,#5577,#5578)
    ,(#5579,#5580,#5581,#5582,#5583,#5584,#5585,#5586,#5587,#5588,#5589
      ,#5590,#5591,#5592,#5593,#5594,#5595,#5596,#5597,#5598,#5599,#5600
      ,#5601,#5602,#5603,#5604
)),.UNSPECIFIED.,.F.,.F.,.F.) B_SPLINE_SURFACE_WITH_KNOTS((7,7),(10,8,8,
    10),(0.,4.832585329074),(83.048696195869,84.008511974067,
    85.204082802717,87.881281524942),.UNSPECIFIED.) 
GEOMETRIC_REPRESENTATION_ITEM() RATIONAL_B_SPLINE_SURFACE((
    (1.031393471788,1.031637401948,1.03195342184,1.032339307431
      ,1.03279223961,1.033308804186,1.033884991892,1.034516198381
      ,1.035197224226,1.036825416426,1.037797735611,1.038834672378
      ,1.039928996088,1.041073391311,1.042261780581,1.043489384159
      ,1.044751516811,1.048928887162,1.051958378008,1.055045142325
      ,1.058167088508,1.061081124498,1.063793901962,1.06573348299
      ,1.066705203297,1.066705203297)
    ,(1.010025407661,1.010099887894,1.010196332395,1.010313980511
      ,1.010451884995,1.010608912017,1.01078374115,1.010974865385
      ,1.011180591119,1.011671141325,1.011963268163,1.012273821217
      ,1.012600416232,1.012940661592,1.013292559257,1.013654527219
      ,1.014025043451,1.015245818149,1.016122695918,1.017006911525
      ,1.017889914339,1.018705774903,1.019452810003,1.019983714814
      ,1.020249745885,1.020249745885)
    ,(0.997924642725,0.997908783641,0.997888243286,0.997863175205
      ,0.997833772737,0.99780026901,0.997762936944,0.99772208925
      ,0.997678078428,0.997573024356,0.997510394147,0.997443732328
      ,0.997373536975,0.997300311285,0.997224477801,0.997146373645
      ,0.997066326757,0.996802282592,0.996612155953,0.996419994093
      ,0.996227761513,0.996049871984,0.995887011506,0.995771290354
      ,0.995713300237,0.995713300237)
    ,(0.993958444137,0.993913151607,0.99385449345,0.993782918143
      ,0.993698985936,0.993603368856,0.993496850704,0.993380327057
      ,0.993254805265,0.992955237029,0.99277667432,0.99258664154
      ,0.992386545189,0.992177796987,0.991961569687,0.991738784785
      ,0.991510332112,0.990756196506,0.990212310719,0.989661347713
      ,0.989107700277,0.988593614633,0.988118406544,0.987779487281
      ,0.987609681784,0.987609681784)
    ,(0.997924642725,0.997908783641,0.997888243286,0.997863175205
      ,0.997833772737,0.99780026901,0.997762936944,0.99772208925
      ,0.997678078428,0.997573024356,0.997510394147,0.997443732328
      ,0.997373536975,0.997300311285,0.9972244778,0.997146373645
      ,0.997066326757,0.996802282592,0.996612155953,0.996419994093
      ,0.996227761512,0.996049871984,0.995887011506,0.995771290354
      ,0.995713300237,0.995713300237)
    ,(1.010025407661,1.010099887894,1.010196332395,1.010313980511
      ,1.010451884995,1.010608912017,1.01078374115,1.010974865385
      ,1.011180591119,1.011671141325,1.011963268163,1.012273821217
      ,1.012600416232,1.012940661592,1.013292559257,1.013654527219
      ,1.014025043451,1.015245818149,1.016122695918,1.017006911525
      ,1.017889914339,1.018705774903,1.019452810003,1.019983714814
      ,1.020249745885,1.020249745885)
    ,(1.031393471788,1.031637401948,1.03195342184,1.032339307431
      ,1.03279223961,1.033308804186,1.033884991892,1.034516198381
      ,1.035197224226,1.036825416426,1.037797735611,1.038834672378
      ,1.039928996088,1.041073391311,1.042261780581,1.043489384159
      ,1.044751516811,1.048928887162,1.051958378008,1.055045142325
      ,1.058167088508,1.061081124498,1.063793901962,1.06573348299
,1.066705203297,1.066705203297))) REPRESENTATION_ITEM('') SURFACE() );
#5423 = CARTESIAN_POINT('',(90.044776119403,7.840749102309E-02,2.7));
#5424 = CARTESIAN_POINT('',(90.183633907485,9.936730638256E-02,2.7));
#5425 = CARTESIAN_POINT('',(90.3210439096,0.123319434117,2.706019963258)
  );
#5426 = CARTESIAN_POINT('',(90.456616605627,0.150118540245,
    2.717846292236));
#5427 = CARTESIAN_POINT('',(90.589982231717,0.179588736016,
    2.735234294834));
#5428 = CARTESIAN_POINT('',(90.720791322783,0.211523903004,
    2.757908592557));
#5429 = CARTESIAN_POINT('',(90.848715193382,0.245688058115,
    2.785563589623));
#5430 = CARTESIAN_POINT('',(90.973446351861,0.281815750268,2.81786399315
    ));
#5431 = CARTESIAN_POINT('',(91.094698843754,0.319612479413,2.8544453734)
  );
#5432 = CARTESIAN_POINT('',(91.35835169157,0.407435634232,2.945245272784
    ));
#5433 = CARTESIAN_POINT('',(91.498900269168,0.458265932246,
    3.001643586704));
#5434 = CARTESIAN_POINT('',(91.634176320145,0.510964002085,
    3.063717825866));
#5435 = CARTESIAN_POINT('',(91.764166460568,0.565134964805,3.13099711207
    ));
#5436 = CARTESIAN_POINT('',(91.888823201421,0.620388733919,
    3.203059643485));
#5437 = CARTESIAN_POINT('',(92.008220264014,0.676400420092,
    3.279599855195));
#5438 = CARTESIAN_POINT('',(92.122564007886,0.732914271135,
    3.360435477765));
#5439 = CARTESIAN_POINT('',(92.23206313672,0.789692060175,3.445455579165
    ));
#5440 = CARTESIAN_POINT('',(92.56994334864,0.972900628947,3.733134997569
    ));
#5441 = CARTESIAN_POINT('',(92.779069984415,1.099194130491,
    3.952056927623));
#5442 = CARTESIAN_POINT('',(92.964270664401,1.221653833114,
    4.188756300565));
#5443 = CARTESIAN_POINT('',(93.127966994001,1.339033897995,4.44800783232
    ));
#5444 = CARTESIAN_POINT('',(93.264751346151,1.443605841722,
    4.722844752679));
#5445 = CARTESIAN_POINT('',(93.377427347604,1.535495127942,
    5.022958413718));
#5446 = CARTESIAN_POINT('',(93.454218527417,1.599777966957,
    5.343281405348));
#5447 = CARTESIAN_POINT('',(93.492537313433,1.631843101453,
    5.671918445329));
#5448 = CARTESIAN_POINT('',(93.492537313433,1.631843101453,6.));
#5449 = CARTESIAN_POINT('',(90.044776119403,7.84074910231E-02,
    2.780201034946));
#5450 = CARTESIAN_POINT('',(90.180262926807,9.885847548747E-02,
    2.780520196063));
#5451 = CARTESIAN_POINT('',(90.314354366822,0.122155111042,
    2.786791343185));
#5452 = CARTESIAN_POINT('',(90.446658134713,0.148154089943,
    2.798800199315));
#5453 = CARTESIAN_POINT('',(90.576803946347,0.176683492619,
    2.816301491035));
#5454 = CARTESIAN_POINT('',(90.704443704743,0.207542887827,
    2.839019080195));
#5455 = CARTESIAN_POINT('',(90.829251646505,0.240503444387,2.86664611455
    ));
#5456 = CARTESIAN_POINT('',(90.95092446675,0.27530805205,2.898845194258)
  );
#5457 = CARTESIAN_POINT('',(91.069181421399,0.311671448649,
    2.935248550773));
#5458 = CARTESIAN_POINT('',(91.326422664883,0.396104234846,
    3.025520147568));
#5459 = CARTESIAN_POINT('',(91.46357820834,0.444926379098,3.08153770438)
  );
#5460 = CARTESIAN_POINT('',(91.595559091319,0.495478177874,
    3.143119221645));
#5461 = CARTESIAN_POINT('',(91.722343402874,0.547374402929,
    3.209782485843));
#5462 = CARTESIAN_POINT('',(91.843871582087,0.600232502232,
    3.281089563761));
#5463 = CARTESIAN_POINT('',(91.960209440866,0.653734847142,
    3.356718427986));
#5464 = CARTESIAN_POINT('',(92.071562553328,0.707634164236,3.43647165576
    ));
#5465 = CARTESIAN_POINT('',(92.178142681336,0.761702427338,3.52022254015
    ));
#5466 = CARTESIAN_POINT('',(92.507445088581,0.936221844771,
    3.803670045596));
#5467 = CARTESIAN_POINT('',(92.711108758062,1.056223809955,
    4.018945073688));
#5468 = CARTESIAN_POINT('',(92.89111169068,1.172131546881,4.25095345387)
  );
#5469 = CARTESIAN_POINT('',(93.049769642666,1.282638977732,
    4.503824484456));
#5470 = CARTESIAN_POINT('',(93.182058829219,1.38067157377,4.770921820555
    ));
#5471 = CARTESIAN_POINT('',(93.290627507213,1.466163655281,
    5.060752894718));
#5472 = CARTESIAN_POINT('',(93.364644688806,1.525916937514,
    5.368772288778));
#5473 = CARTESIAN_POINT('',(93.401632015485,1.555765697097,
    5.684490613964));
#5474 = CARTESIAN_POINT('',(93.401632015484,1.555765697097,6.));
#5475 = CARTESIAN_POINT('',(90.040969954449,0.103623154305,
    2.858312571775));
#5476 = CARTESIAN_POINT('',(90.172673682065,0.123706500859,
    2.858925809587));
#5477 = CARTESIAN_POINT('',(90.303018563426,0.146540140761,
    2.865422752066));
#5478 = CARTESIAN_POINT('',(90.431610867773,0.171981432418,
    2.877588985659));
#5479 = CARTESIAN_POINT('',(90.558080825615,0.199860456083,2.89517924202
    ));
#5480 = CARTESIAN_POINT('',(90.682082593482,0.229979992985,
    2.917917370135));
#5481 = CARTESIAN_POINT('',(90.803294223022,0.262115502013,
    2.945496304343));
#5482 = CARTESIAN_POINT('',(90.921417634709,0.29601509446,2.977578028841
    ));
#5483 = CARTESIAN_POINT('',(91.036178596404,0.331399507401,
    3.013793539432));
#5484 = CARTESIAN_POINT('',(91.285790186795,0.413510133842,
    3.103509857986));
#5485 = CARTESIAN_POINT('',(91.418820413932,0.460948568051,
    3.159122204852));
#5486 = CARTESIAN_POINT('',(91.546755014088,0.51002054547,3.22019241135)
  );
#5487 = CARTESIAN_POINT('',(91.669565355029,0.560346110894,
    3.286230304289));
#5488 = CARTESIAN_POINT('',(91.787181100838,0.611545683701,
    3.356785239764));
#5489 = CARTESIAN_POINT('',(91.899661158542,0.663305217323,
    3.431522313444));
#5490 = CARTESIAN_POINT('',(92.007210874404,0.715382970797,
    3.510232454161));
#5491 = CARTESIAN_POINT('',(92.110045333484,0.767557832526,
    3.592776325753));
#5492 = CARTESIAN_POINT('',(92.427723967824,0.935905020437,3.87200543425
    ));
#5493 = CARTESIAN_POINT('',(92.623679641868,1.051367397352,
    4.083597552392));
#5494 = CARTESIAN_POINT('',(92.796245844552,1.162503558016,
    4.310941457438));
#5495 = CARTESIAN_POINT('',(92.94764389428,1.267959393422,4.557619941383
    ));
#5496 = CARTESIAN_POINT('',(93.073356502414,1.361136136987,
    4.817220245614));
#5497 = CARTESIAN_POINT('',(93.175910413386,1.441848496141,
    5.097293346879));
#5498 = CARTESIAN_POINT('',(93.245717105503,1.498168610909,
    5.393619917604));
#5499 = CARTESIAN_POINT('',(93.280613976754,1.526314919407,
    5.696857101191));
#5500 = CARTESIAN_POINT('',(93.280613976754,1.526314919407,6.));
#5501 = CARTESIAN_POINT('',(90.033668037905,0.151998006982,
    2.925575853961));
#5502 = CARTESIAN_POINT('',(90.161591991685,0.171884745849,
    2.926357600794));
#5503 = CARTESIAN_POINT('',(90.288182312895,0.194486423989,
    2.932942195289));
#5504 = CARTESIAN_POINT('',(90.413047600754,0.219660372765,
    2.945116192386));
#5505 = CARTESIAN_POINT('',(90.535821629691,0.247237366449,
    2.962635740051));
#5506 = CARTESIAN_POINT('',(90.656163252497,0.277021563116,
    2.985226499863));
#5507 = CARTESIAN_POINT('',(90.773756315982,0.308790438805,
    3.012583556111));
#5508 = CARTESIAN_POINT('',(90.888309589879,0.342294716313,
    3.044371315189));
#5509 = CARTESIAN_POINT('',(90.999556709538,0.377258290228,
    3.080223397294));
#5510 = CARTESIAN_POINT('',(91.241449733633,0.458383535386,
    3.168983396827));
#5511 = CARTESIAN_POINT('',(91.370281838036,0.505237914274,
    3.223959817812));
#5512 = CARTESIAN_POINT('',(91.494102876166,0.55369508663,3.284294290585
    ));
#5513 = CARTESIAN_POINT('',(91.612880273844,0.603377183752,3.34949604459
    ));
#5514 = CARTESIAN_POINT('',(91.726535273366,0.653904315284,
    3.419109865584));
#5515 = CARTESIAN_POINT('',(91.835121390523,0.704963398166,
    3.492796188965));
#5516 = CARTESIAN_POINT('',(91.938844100079,0.756316018802,3.57034228848
    ));
#5517 = CARTESIAN_POINT('',(92.03792132886,0.807745153865,3.651604342167
    ));
#5518 = CARTESIAN_POINT('',(92.343748863204,0.973667855548,
    3.926359961902));
#5519 = CARTESIAN_POINT('',(92.531860767721,1.08737275523,4.1342626502)
  );
#5520 = CARTESIAN_POINT('',(92.696957060429,1.19669432485,4.357257379081
    ));
#5521 = CARTESIAN_POINT('',(92.84117307993,1.300248033685,4.598597034056
    ));
#5522 = CARTESIAN_POINT('',(92.960446733336,1.391618945047,
    4.852046405119));
#5523 = CARTESIAN_POINT('',(93.057195523954,1.470558756734,
    5.124594410363));
#5524 = CARTESIAN_POINT('',(93.122910635629,1.525597240842,
    5.412181401891));
#5525 = CARTESIAN_POINT('',(93.155758195827,1.55310371484,5.706137102113
    ));
#5526 = CARTESIAN_POINT('',(93.155758195827,1.55310371484,6.));
#5527 = CARTESIAN_POINT('',(90.023628742056,0.218507868426,2.97449869481
    ));
#5528 = CARTESIAN_POINT('',(90.148197052497,0.238355135837,
    2.975246826998));
#5529 = CARTESIAN_POINT('',(90.271451743109,0.260935972422,
    2.981696095897));
#5530 = CARTESIAN_POINT('',(90.393010490286,0.286107708464,
    2.993635737626));
#5531 = CARTESIAN_POINT('',(90.512516108277,0.313701274716,
    3.010825557137));
#5532 = CARTESIAN_POINT('',(90.629636515925,0.343521181761,
    3.032995901145));
#5533 = CARTESIAN_POINT('',(90.744064707718,0.375345496992,
    3.059847627094));
#5534 = CARTESIAN_POINT('',(90.855518729419,0.408925819704,
    3.091052068783));
#5535 = CARTESIAN_POINT('',(90.96374165845,0.443987254846,3.126250999346
    ));
#5536 = CARTESIAN_POINT('',(91.199006952622,0.525376010487,
    3.213398911663));
#5537 = CARTESIAN_POINT('',(91.32425315994,0.572398748851,3.26736964972)
  );
#5538 = CARTESIAN_POINT('',(91.444606964019,0.621060205314,
    3.326608376916));
#5539 = CARTESIAN_POINT('',(91.560035905698,0.670983056855,
    3.390634549246));
#5540 = CARTESIAN_POINT('',(91.670456453148,0.721785722068,
    3.459000639086));
#5541 = CARTESIAN_POINT('',(91.775918942063,0.773154995681,
    3.531374661092));
#5542 = CARTESIAN_POINT('',(91.876629174882,0.82485459571,3.60755203527)
  );
#5543 = CARTESIAN_POINT('',(91.972806532035,0.876669560766,
    3.687396711181));
#5544 = CARTESIAN_POINT('',(92.269486461413,1.043900844649,
    3.957324610265));
#5545 = CARTESIAN_POINT('',(92.451799314465,1.158670390884,4.16161017079
    ));
#5546 = CARTESIAN_POINT('',(92.611684456698,1.269227887262,
    4.380838192495));
#5547 = CARTESIAN_POINT('',(92.751217791433,1.374196732552,
    4.618262163379));
#5548 = CARTESIAN_POINT('',(92.866526245105,1.467018804928,
    4.867781647231));
#5549 = CARTESIAN_POINT('',(92.959976998068,1.547476862309,
    5.136411043603));
#5550 = CARTESIAN_POINT('',(93.023398569724,1.603614406847,
    5.420121167655));
#5551 = CARTESIAN_POINT('',(93.055083094167,1.631660251788,
    5.710154442461));
#5552 = CARTESIAN_POINT('',(93.055083094167,1.631660251788,6.));
#5553 = CARTESIAN_POINT('',(90.011970303723,0.295744472452,3.));
#5554 = CARTESIAN_POINT('',(90.133973610646,0.31565645107,3.000480846768
    ));
#5555 = CARTESIAN_POINT('',(90.254684276948,0.338355590823,
    3.006540397636));
#5556 = CARTESIAN_POINT('',(90.373737907848,0.363699795229,
    3.017972958712));
#5557 = CARTESIAN_POINT('',(90.490793454788,0.391520223047,
    3.034544960621));
#5558 = CARTESIAN_POINT('',(90.605533364373,0.421621385595,
    3.055995082115));
#5559 = CARTESIAN_POINT('',(90.717663707882,0.45378125503,3.082034390992
    ));
#5560 = CARTESIAN_POINT('',(90.82691429021,0.487751381251,3.112346499477
    ));
#5561 = CARTESIAN_POINT('',(90.933038737371,0.5232570147,3.146587730868)
  );
#5562 = CARTESIAN_POINT('',(91.163772655067,0.605739585963,
    3.231448555752));
#5563 = CARTESIAN_POINT('',(91.286623810377,0.653429848804,
    3.284043859743));
#5564 = CARTESIAN_POINT('',(91.404753761779,0.702840055031,
    3.341837551241));
#5565 = CARTESIAN_POINT('',(91.51813404751,0.753593004234,3.404371701613
    ));
#5566 = CARTESIAN_POINT('',(91.626679753279,0.805305378832,3.47122039587
    ));
#5567 = CARTESIAN_POINT('',(91.730439449719,0.857663540965,
    3.542072734006));
#5568 = CARTESIAN_POINT('',(91.829617977803,0.910432260807,3.6167448106)
  );
#5569 = CARTESIAN_POINT('',(91.924432759392,0.963396672156,
    3.695121018038));
#5570 = CARTESIAN_POINT('',(92.216926728449,1.134420670955,
    3.960209355638));
#5571 = CARTESIAN_POINT('',(92.39711148756,1.252127731402,4.161282184821
    ));
#5572 = CARTESIAN_POINT('',(92.555692576465,1.36595407579,4.377750745782
    ));
#5573 = CARTESIAN_POINT('',(92.694701421301,1.474558664723,
    4.613204227498));
#5574 = CARTESIAN_POINT('',(92.810061647575,1.571012943706,
    4.861619461788));
#5575 = CARTESIAN_POINT('',(92.904137407078,1.655188193831,
    5.130597881078));
#5576 = CARTESIAN_POINT('',(92.968079656696,1.714004203421,5.41598210657
    ));
#5577 = CARTESIAN_POINT('',(93.,1.743367757094,5.7081709096));
#5578 = CARTESIAN_POINT('',(93.,1.743367757094,6.));
#5579 = CARTESIAN_POINT('',(90.,0.375047169979,3.));
#5580 = CARTESIAN_POINT('',(90.12049030655,0.395053250114,3.));
#5581 = CARTESIAN_POINT('',(90.239713571195,0.417908672852,
    3.005444859096));
#5582 = CARTESIAN_POINT('',(90.357333157915,0.443472976954,
    3.016136913525));
#5583 = CARTESIAN_POINT('',(90.473031791961,0.471578198045,
    3.031852679681));
#5584 = CARTESIAN_POINT('',(90.586512023853,0.50202917561,3.052343220285
    ));
#5585 = CARTESIAN_POINT('',(90.697496638025,0.534603896463,
    3.077334563337));
#5586 = CARTESIAN_POINT('',(90.805729002083,0.569053867077,
    3.106528165229));
#5587 = CARTESIAN_POINT('',(90.910973353632,0.605104506127,
    3.139601408413));
#5588 = CARTESIAN_POINT('',(91.139921106446,0.688907888654,
    3.221734767781));
#5589 = CARTESIAN_POINT('',(91.261924899848,0.737394136034,
    3.272730237692));
#5590 = CARTESIAN_POINT('',(91.379431961966,0.787692879715,
    3.328891046519));
#5591 = CARTESIAN_POINT('',(91.49242024006,0.83942775681,3.389793828424)
  );
#5592 = CARTESIAN_POINT('',(91.600805341994,0.892215047362,
    3.455047501246));
#5593 = CARTESIAN_POINT('',(91.704633653895,0.94574120416,3.524374622616
    ));
#5594 = CARTESIAN_POINT('',(91.804105427345,0.999771153083,
    3.597622775188));
#5595 = CARTESIAN_POINT('',(91.899430053913,1.054088349749,
    3.674707079074));
#5596 = CARTESIAN_POINT('',(92.193668397787,1.229429305995,
    3.935648125178));
#5597 = CARTESIAN_POINT('',(92.375973182807,1.350416073516,
    4.134381506945));
#5598 = CARTESIAN_POINT('',(92.537640932768,1.467879674786,
    4.349518776514));
#5599 = CARTESIAN_POINT('',(92.680665280048,1.580544385621,
    4.585271755615));
#5600 = CARTESIAN_POINT('',(92.800344559364,1.68102514123,4.835551164529
    ));
#5601 = CARTESIAN_POINT('',(92.899110128368,1.769354652964,
    5.109031804387));
#5602 = CARTESIAN_POINT('',(92.966438640203,1.831119549595,
    5.401215493214));
#5603 = CARTESIAN_POINT('',(93.,1.861906968534,5.70095853363));
#5604 = CARTESIAN_POINT('',(93.,1.861906968534,6.));
#5605 = DEFINITIONAL_REPRESENTATION('',(#5606),#5610);
#5606 = LINE('',#5607,#5608);
#5607 = CARTESIAN_POINT('',(4.832585329074,0.));
#5608 = VECTOR('',#5609,1.);
#5609 = DIRECTION('',(0.,1.));
#5610 = ( GEOMETRIC_REPRESENTATION_CONTEXT(2) 
PARAMETRIC_REPRESENTATION_CONTEXT() REPRESENTATION_CONTEXT('2D SPACE',''
  ) );
#5611 = ORIENTED_EDGE('',*,*,#4129,.T.);
#5612 = ORIENTED_EDGE('',*,*,#1240,.F.);
#5613 = ADVANCED_FACE('',(#5614),#1286,.F.);
#5614 = FACE_BOUND('',#5615,.F.);
#5615 = EDGE_LOOP('',(#5616,#5617,#5638,#5639));
#5616 = ORIENTED_EDGE('',*,*,#1870,.F.);
#5617 = ORIENTED_EDGE('',*,*,#5618,.F.);
#5618 = EDGE_CURVE('',#1270,#1871,#5619,.T.);
#5619 = SEAM_CURVE('',#5620,(#5624,#5631),.PCURVE_S1.);
#5620 = LINE('',#5621,#5622);
#5621 = CARTESIAN_POINT('',(9.,3.,11.4));
#5622 = VECTOR('',#5623,1.);
#5623 = DIRECTION('',(0.,1.,0.));
#5624 = PCURVE('',#1286,#5625);
#5625 = DEFINITIONAL_REPRESENTATION('',(#5626),#5630);
#5626 = LINE('',#5627,#5628);
#5627 = CARTESIAN_POINT('',(0.,-0.));
#5628 = VECTOR('',#5629,1.);
#5629 = DIRECTION('',(0.,1.));
#5630 = ( GEOMETRIC_REPRESENTATION_CONTEXT(2) 
PARAMETRIC_REPRESENTATION_CONTEXT() REPRESENTATION_CONTEXT('2D SPACE',''
  ) );
#5631 = PCURVE('',#1286,#5632);
#5632 = DEFINITIONAL_REPRESENTATION('',(#5633),#5637);
#5633 = LINE('',#5634,#5635);
#5634 = CARTESIAN_POINT('',(6.28318530718,-0.));
#5635 = VECTOR('',#5636,1.);
#5636 = DIRECTION('',(0.,1.));
#5637 = ( GEOMETRIC_REPRESENTATION_CONTEXT(2) 
PARAMETRIC_REPRESENTATION_CONTEXT() REPRESENTATION_CONTEXT('2D SPACE',''
  ) );
#5638 = ORIENTED_EDGE('',*,*,#1269,.T.);
#5639 = ORIENTED_EDGE('',*,*,#5618,.T.);
#5640 = ADVANCED_FACE('',(#5641),#1343,.F.);
#5641 = FACE_BOUND('',#5642,.F.);
#5642 = EDGE_LOOP('',(#5643,#5667,#5688,#5689));
#5643 = ORIENTED_EDGE('',*,*,#5644,.F.);
#5644 = EDGE_CURVE('',#5645,#5645,#5647,.T.);
#5645 = VERTEX_POINT('',#5646);
#5646 = CARTESIAN_POINT('',(87.,13.,11.4));
#5647 = SURFACE_CURVE('',#5648,(#5653,#5660),.PCURVE_S1.);
#5648 = CIRCLE('',#5649,1.4);
#5649 = AXIS2_PLACEMENT_3D('',#5650,#5651,#5652);
#5650 = CARTESIAN_POINT('',(87.,13.,10.));
#5651 = DIRECTION('',(0.,1.,0.));
#5652 = DIRECTION('',(0.,-0.,1.));
#5653 = PCURVE('',#1343,#5654);
#5654 = DEFINITIONAL_REPRESENTATION('',(#5655),#5659);
#5655 = LINE('',#5656,#5657);
#5656 = CARTESIAN_POINT('',(0.,10.));
#5657 = VECTOR('',#5658,1.);
#5658 = DIRECTION('',(1.,0.));
#5659 = ( GEOMETRIC_REPRESENTATION_CONTEXT(2) 
PARAMETRIC_REPRESENTATION_CONTEXT() REPRESENTATION_CONTEXT('2D SPACE',''
  ) );
#5660 = PCURVE('',#3917,#5661);
#5661 = DEFINITIONAL_REPRESENTATION('',(#5662),#5666);
#5662 = CIRCLE('',#5663,1.4);
#5663 = AXIS2_PLACEMENT_2D('',#5664,#5665);
#5664 = CARTESIAN_POINT('',(4.,5.));
#5665 = DIRECTION('',(1.,0.));
#5666 = ( GEOMETRIC_REPRESENTATION_CONTEXT(2) 
PARAMETRIC_REPRESENTATION_CONTEXT() REPRESENTATION_CONTEXT('2D SPACE',''
  ) );
#5667 = ORIENTED_EDGE('',*,*,#5668,.F.);
#5668 = EDGE_CURVE('',#1327,#5645,#5669,.T.);
#5669 = SEAM_CURVE('',#5670,(#5674,#5681),.PCURVE_S1.);
#5670 = LINE('',#5671,#5672);
#5671 = CARTESIAN_POINT('',(87.,3.,11.4));
#5672 = VECTOR('',#5673,1.);
#5673 = DIRECTION('',(0.,1.,0.));
#5674 = PCURVE('',#1343,#5675);
#5675 = DEFINITIONAL_REPRESENTATION('',(#5676),#5680);
#5676 = LINE('',#5677,#5678);
#5677 = CARTESIAN_POINT('',(0.,-0.));
#5678 = VECTOR('',#5679,1.);
#5679 = DIRECTION('',(0.,1.));
#5680 = ( GEOMETRIC_REPRESENTATION_CONTEXT(2) 
PARAMETRIC_REPRESENTATION_CONTEXT() REPRESENTATION_CONTEXT('2D SPACE',''
  ) );
#5681 = PCURVE('',#1343,#5682);
#5682 = DEFINITIONAL_REPRESENTATION('',(#5683),#5687);
#5683 = LINE('',#5684,#5685);
#5684 = CARTESIAN_POINT('',(6.28318530718,-0.));
#5685 = VECTOR('',#5686,1.);
#5686 = DIRECTION('',(0.,1.));
#5687 = ( GEOMETRIC_REPRESENTATION_CONTEXT(2) 
PARAMETRIC_REPRESENTATION_CONTEXT() REPRESENTATION_CONTEXT('2D SPACE',''
  ) );
#5688 = ORIENTED_EDGE('',*,*,#1326,.T.);
#5689 = ORIENTED_EDGE('',*,*,#5668,.T.);
#5690 = ADVANCED_FACE('',(#5691),#1375,.F.);
#5691 = FACE_BOUND('',#5692,.F.);
#5692 = EDGE_LOOP('',(#5693,#5716,#5739,#5760));
#5693 = ORIENTED_EDGE('',*,*,#5694,.T.);
#5694 = EDGE_CURVE('',#1360,#5695,#5697,.T.);
#5695 = VERTEX_POINT('',#5696);
#5696 = CARTESIAN_POINT('',(82.,13.,8.));
#5697 = SURFACE_CURVE('',#5698,(#5702,#5709),.PCURVE_S1.);
#5698 = LINE('',#5699,#5700);
#5699 = CARTESIAN_POINT('',(82.,4.,8.));
#5700 = VECTOR('',#5701,1.);
#5701 = DIRECTION('',(-0.,1.,-0.));
#5702 = PCURVE('',#1375,#5703);
#5703 = DEFINITIONAL_REPRESENTATION('',(#5704),#5708);
#5704 = LINE('',#5705,#5706);
#5705 = CARTESIAN_POINT('',(2.,0.));
#5706 = VECTOR('',#5707,1.);
#5707 = DIRECTION('',(0.,-1.));
#5708 = ( GEOMETRIC_REPRESENTATION_CONTEXT(2) 
PARAMETRIC_REPRESENTATION_CONTEXT() REPRESENTATION_CONTEXT('2D SPACE',''
  ) );
#5709 = PCURVE('',#1729,#5710);
#5710 = DEFINITIONAL_REPRESENTATION('',(#5711),#5715);
#5711 = LINE('',#5712,#5713);
#5712 = CARTESIAN_POINT('',(1.570796326795,1.));
#5713 = VECTOR('',#5714,1.);
#5714 = DIRECTION('',(-0.,1.));
#5715 = ( GEOMETRIC_REPRESENTATION_CONTEXT(2) 
PARAMETRIC_REPRESENTATION_CONTEXT() REPRESENTATION_CONTEXT('2D SPACE',''
  ) );
#5716 = ORIENTED_EDGE('',*,*,#5717,.F.);
#5717 = EDGE_CURVE('',#5718,#5695,#5720,.T.);
#5718 = VERTEX_POINT('',#5719);
#5719 = CARTESIAN_POINT('',(82.,13.,15.));
#5720 = SURFACE_CURVE('',#5721,(#5725,#5732),.PCURVE_S1.);
#5721 = LINE('',#5722,#5723);
#5722 = CARTESIAN_POINT('',(82.,13.,15.));
#5723 = VECTOR('',#5724,1.);
#5724 = DIRECTION('',(0.,0.,-1.));
#5725 = PCURVE('',#1375,#5726);
#5726 = DEFINITIONAL_REPRESENTATION('',(#5727),#5731);
#5727 = LINE('',#5728,#5729);
#5728 = CARTESIAN_POINT('',(9.,-9.));
#5729 = VECTOR('',#5730,1.);
#5730 = DIRECTION('',(-1.,0.));
#5731 = ( GEOMETRIC_REPRESENTATION_CONTEXT(2) 
PARAMETRIC_REPRESENTATION_CONTEXT() REPRESENTATION_CONTEXT('2D SPACE',''
  ) );
#5732 = PCURVE('',#3917,#5733);
#5733 = DEFINITIONAL_REPRESENTATION('',(#5734),#5738);
#5734 = LINE('',#5735,#5736);
#5735 = CARTESIAN_POINT('',(9.,0.));
#5736 = VECTOR('',#5737,1.);
#5737 = DIRECTION('',(-1.,0.));
#5738 = ( GEOMETRIC_REPRESENTATION_CONTEXT(2) 
PARAMETRIC_REPRESENTATION_CONTEXT() REPRESENTATION_CONTEXT('2D SPACE',''
  ) );
#5739 = ORIENTED_EDGE('',*,*,#5740,.F.);
#5740 = EDGE_CURVE('',#1358,#5718,#5741,.T.);
#5741 = SURFACE_CURVE('',#5742,(#5746,#5753),.PCURVE_S1.);
#5742 = LINE('',#5743,#5744);
#5743 = CARTESIAN_POINT('',(82.,4.,15.));
#5744 = VECTOR('',#5745,1.);
#5745 = DIRECTION('',(-0.,1.,0.));
#5746 = PCURVE('',#1375,#5747);
#5747 = DEFINITIONAL_REPRESENTATION('',(#5748),#5752);
#5748 = LINE('',#5749,#5750);
#5749 = CARTESIAN_POINT('',(9.,0.));
#5750 = VECTOR('',#5751,1.);
#5751 = DIRECTION('',(0.,-1.));
#5752 = ( GEOMETRIC_REPRESENTATION_CONTEXT(2) 
PARAMETRIC_REPRESENTATION_CONTEXT() REPRESENTATION_CONTEXT('2D SPACE',''
  ) );
#5753 = PCURVE('',#1403,#5754);
#5754 = DEFINITIONAL_REPRESENTATION('',(#5755),#5759);
#5755 = LINE('',#5756,#5757);
#5756 = CARTESIAN_POINT('',(0.,0.));
#5757 = VECTOR('',#5758,1.);
#5758 = DIRECTION('',(0.,1.));
#5759 = ( GEOMETRIC_REPRESENTATION_CONTEXT(2) 
PARAMETRIC_REPRESENTATION_CONTEXT() REPRESENTATION_CONTEXT('2D SPACE',''
  ) );
#5760 = ORIENTED_EDGE('',*,*,#1357,.T.);
#5761 = ADVANCED_FACE('',(#5762),#1403,.T.);
#5762 = FACE_BOUND('',#5763,.T.);
#5763 = EDGE_LOOP('',(#5764,#5787,#5788,#5789));
#5764 = ORIENTED_EDGE('',*,*,#5765,.T.);
#5765 = EDGE_CURVE('',#5766,#5718,#5768,.T.);
#5766 = VERTEX_POINT('',#5767);
#5767 = CARTESIAN_POINT('',(90.,13.,15.));
#5768 = SURFACE_CURVE('',#5769,(#5773,#5780),.PCURVE_S1.);
#5769 = LINE('',#5770,#5771);
#5770 = CARTESIAN_POINT('',(90.,13.,15.));
#5771 = VECTOR('',#5772,1.);
#5772 = DIRECTION('',(-1.,0.,0.));
#5773 = PCURVE('',#1403,#5774);
#5774 = DEFINITIONAL_REPRESENTATION('',(#5775),#5779);
#5775 = LINE('',#5776,#5777);
#5776 = CARTESIAN_POINT('',(8.,9.));
#5777 = VECTOR('',#5778,1.);
#5778 = DIRECTION('',(-1.,0.));
#5779 = ( GEOMETRIC_REPRESENTATION_CONTEXT(2) 
PARAMETRIC_REPRESENTATION_CONTEXT() REPRESENTATION_CONTEXT('2D SPACE',''
  ) );
#5780 = PCURVE('',#3917,#5781);
#5781 = DEFINITIONAL_REPRESENTATION('',(#5782),#5786);
#5782 = LINE('',#5783,#5784);
#5783 = CARTESIAN_POINT('',(9.,8.));
#5784 = VECTOR('',#5785,1.);
#5785 = DIRECTION('',(0.,-1.));
#5786 = ( GEOMETRIC_REPRESENTATION_CONTEXT(2) 
PARAMETRIC_REPRESENTATION_CONTEXT() REPRESENTATION_CONTEXT('2D SPACE',''
  ) );
#5787 = ORIENTED_EDGE('',*,*,#5740,.F.);
#5788 = ORIENTED_EDGE('',*,*,#1387,.F.);
#5789 = ORIENTED_EDGE('',*,*,#5790,.F.);
#5790 = EDGE_CURVE('',#5766,#1388,#5791,.T.);
#5791 = SURFACE_CURVE('',#5792,(#5796,#5803),.PCURVE_S1.);
#5792 = LINE('',#5793,#5794);
#5793 = CARTESIAN_POINT('',(90.,6.,15.));
#5794 = VECTOR('',#5795,1.);
#5795 = DIRECTION('',(0.,-1.,0.));
#5796 = PCURVE('',#1403,#5797);
#5797 = DEFINITIONAL_REPRESENTATION('',(#5798),#5802);
#5798 = LINE('',#5799,#5800);
#5799 = CARTESIAN_POINT('',(8.,2.));
#5800 = VECTOR('',#5801,1.);
#5801 = DIRECTION('',(0.,-1.));
#5802 = ( GEOMETRIC_REPRESENTATION_CONTEXT(2) 
PARAMETRIC_REPRESENTATION_CONTEXT() REPRESENTATION_CONTEXT('2D SPACE',''
  ) );
#5803 = PCURVE('',#1431,#5804);
#5804 = DEFINITIONAL_REPRESENTATION('',(#5805),#5809);
#5805 = LINE('',#5806,#5807);
#5806 = CARTESIAN_POINT('',(9.,2.));
#5807 = VECTOR('',#5808,1.);
#5808 = DIRECTION('',(0.,1.));
#5809 = ( GEOMETRIC_REPRESENTATION_CONTEXT(2) 
PARAMETRIC_REPRESENTATION_CONTEXT() REPRESENTATION_CONTEXT('2D SPACE',''
  ) );
#5810 = ADVANCED_FACE('',(#5811,#6003),#1431,.F.);
#5811 = FACE_BOUND('',#5812,.F.);
#5812 = EDGE_LOOP('',(#5813,#5844,#5867,#5890,#5913,#5934,#5935,#5936,
    #5959,#5982));
#5813 = ORIENTED_EDGE('',*,*,#5814,.F.);
#5814 = EDGE_CURVE('',#5815,#5817,#5819,.T.);
#5815 = VERTEX_POINT('',#5816);
#5816 = CARTESIAN_POINT('',(90.,92.,85.));
#5817 = VERTEX_POINT('',#5818);
#5818 = CARTESIAN_POINT('',(90.,92.,77.));
#5819 = SURFACE_CURVE('',#5820,(#5825,#5832),.PCURVE_S1.);
#5820 = CIRCLE('',#5821,4.);
#5821 = AXIS2_PLACEMENT_3D('',#5822,#5823,#5824);
#5822 = CARTESIAN_POINT('',(90.,92.,81.));
#5823 = DIRECTION('',(1.,0.,0.));
#5824 = DIRECTION('',(-0.,0.,1.));
#5825 = PCURVE('',#1431,#5826);
#5826 = DEFINITIONAL_REPRESENTATION('',(#5827),#5831);
#5827 = CIRCLE('',#5828,4.);
#5828 = AXIS2_PLACEMENT_2D('',#5829,#5830);
#5829 = CARTESIAN_POINT('',(75.,-84.));
#5830 = DIRECTION('',(1.,0.));
#5831 = ( GEOMETRIC_REPRESENTATION_CONTEXT(2) 
PARAMETRIC_REPRESENTATION_CONTEXT() REPRESENTATION_CONTEXT('2D SPACE',''
  ) );
#5832 = PCURVE('',#5833,#5838);
#5833 = CYLINDRICAL_SURFACE('',#5834,4.);
#5834 = AXIS2_PLACEMENT_3D('',#5835,#5836,#5837);
#5835 = CARTESIAN_POINT('',(89.,92.,81.));
#5836 = DIRECTION('',(1.,0.,0.));
#5837 = DIRECTION('',(-0.,0.,1.));
#5838 = DEFINITIONAL_REPRESENTATION('',(#5839),#5843);
#5839 = LINE('',#5840,#5841);
#5840 = CARTESIAN_POINT('',(0.,1.));
#5841 = VECTOR('',#5842,1.);
#5842 = DIRECTION('',(1.,0.));
#5843 = ( GEOMETRIC_REPRESENTATION_CONTEXT(2) 
PARAMETRIC_REPRESENTATION_CONTEXT() REPRESENTATION_CONTEXT('2D SPACE',''
  ) );
#5844 = ORIENTED_EDGE('',*,*,#5845,.T.);
#5845 = EDGE_CURVE('',#5815,#5846,#5848,.T.);
#5846 = VERTEX_POINT('',#5847);
#5847 = CARTESIAN_POINT('',(90.,92.,157.5));
#5848 = SURFACE_CURVE('',#5849,(#5853,#5860),.PCURVE_S1.);
#5849 = LINE('',#5850,#5851);
#5850 = CARTESIAN_POINT('',(90.,92.,6.));
#5851 = VECTOR('',#5852,1.);
#5852 = DIRECTION('',(0.,0.,1.));
#5853 = PCURVE('',#1431,#5854);
#5854 = DEFINITIONAL_REPRESENTATION('',(#5855),#5859);
#5855 = LINE('',#5856,#5857);
#5856 = CARTESIAN_POINT('',(0.,-84.));
#5857 = VECTOR('',#5858,1.);
#5858 = DIRECTION('',(1.,0.));
#5859 = ( GEOMETRIC_REPRESENTATION_CONTEXT(2) 
PARAMETRIC_REPRESENTATION_CONTEXT() REPRESENTATION_CONTEXT('2D SPACE',''
  ) );
#5860 = PCURVE('',#3490,#5861);
#5861 = DEFINITIONAL_REPRESENTATION('',(#5862),#5866);
#5862 = LINE('',#5863,#5864);
#5863 = CARTESIAN_POINT('',(0.,0.));
#5864 = VECTOR('',#5865,1.);
#5865 = DIRECTION('',(0.,1.));
#5866 = ( GEOMETRIC_REPRESENTATION_CONTEXT(2) 
PARAMETRIC_REPRESENTATION_CONTEXT() REPRESENTATION_CONTEXT('2D SPACE',''
  ) );
#5867 = ORIENTED_EDGE('',*,*,#5868,.T.);
#5868 = EDGE_CURVE('',#5846,#5869,#5871,.T.);
#5869 = VERTEX_POINT('',#5870);
#5870 = CARTESIAN_POINT('',(90.,13.,157.5));
#5871 = SURFACE_CURVE('',#5872,(#5876,#5883),.PCURVE_S1.);
#5872 = LINE('',#5873,#5874);
#5873 = CARTESIAN_POINT('',(90.,92.,157.5));
#5874 = VECTOR('',#5875,1.);
#5875 = DIRECTION('',(0.,-1.,-0.));
#5876 = PCURVE('',#1431,#5877);
#5877 = DEFINITIONAL_REPRESENTATION('',(#5878),#5882);
#5878 = LINE('',#5879,#5880);
#5879 = CARTESIAN_POINT('',(151.5,-84.));
#5880 = VECTOR('',#5881,1.);
#5881 = DIRECTION('',(0.,1.));
#5882 = ( GEOMETRIC_REPRESENTATION_CONTEXT(2) 
PARAMETRIC_REPRESENTATION_CONTEXT() REPRESENTATION_CONTEXT('2D SPACE',''
  ) );
#5883 = PCURVE('',#2793,#5884);
#5884 = DEFINITIONAL_REPRESENTATION('',(#5885),#5889);
#5885 = LINE('',#5886,#5887);
#5886 = CARTESIAN_POINT('',(1.570796326795,0.));
#5887 = VECTOR('',#5888,1.);
#5888 = DIRECTION('',(0.,1.));
#5889 = ( GEOMETRIC_REPRESENTATION_CONTEXT(2) 
PARAMETRIC_REPRESENTATION_CONTEXT() REPRESENTATION_CONTEXT('2D SPACE',''
  ) );
#5890 = ORIENTED_EDGE('',*,*,#5891,.T.);
#5891 = EDGE_CURVE('',#5869,#5892,#5894,.T.);
#5892 = VERTEX_POINT('',#5893);
#5893 = CARTESIAN_POINT('',(90.,13.,135.));
#5894 = SURFACE_CURVE('',#5895,(#5899,#5906),.PCURVE_S1.);
#5895 = LINE('',#5896,#5897);
#5896 = CARTESIAN_POINT('',(90.,13.,157.5));
#5897 = VECTOR('',#5898,1.);
#5898 = DIRECTION('',(0.,0.,-1.));
#5899 = PCURVE('',#1431,#5900);
#5900 = DEFINITIONAL_REPRESENTATION('',(#5901),#5905);
#5901 = LINE('',#5902,#5903);
#5902 = CARTESIAN_POINT('',(151.5,-5.));
#5903 = VECTOR('',#5904,1.);
#5904 = DIRECTION('',(-1.,0.));
#5905 = ( GEOMETRIC_REPRESENTATION_CONTEXT(2) 
PARAMETRIC_REPRESENTATION_CONTEXT() REPRESENTATION_CONTEXT('2D SPACE',''
  ) );
#5906 = PCURVE('',#2821,#5907);
#5907 = DEFINITIONAL_REPRESENTATION('',(#5908),#5912);
#5908 = LINE('',#5909,#5910);
#5909 = CARTESIAN_POINT('',(10.53553390594,2.220481209212));
#5910 = VECTOR('',#5911,1.);
#5911 = DIRECTION('',(-1.,0.));
#5912 = ( GEOMETRIC_REPRESENTATION_CONTEXT(2) 
PARAMETRIC_REPRESENTATION_CONTEXT() REPRESENTATION_CONTEXT('2D SPACE',''
  ) );
#5913 = ORIENTED_EDGE('',*,*,#5914,.F.);
#5914 = EDGE_CURVE('',#1416,#5892,#5915,.T.);
#5915 = SURFACE_CURVE('',#5916,(#5920,#5927),.PCURVE_S1.);
#5916 = LINE('',#5917,#5918);
#5917 = CARTESIAN_POINT('',(90.,10.5,135.));
#5918 = VECTOR('',#5919,1.);
#5919 = DIRECTION('',(-0.,1.,0.));
#5920 = PCURVE('',#1431,#5921);
#5921 = DEFINITIONAL_REPRESENTATION('',(#5922),#5926);
#5922 = LINE('',#5923,#5924);
#5923 = CARTESIAN_POINT('',(129.,-2.5));
#5924 = VECTOR('',#5925,1.);
#5925 = DIRECTION('',(0.,-1.));
#5926 = ( GEOMETRIC_REPRESENTATION_CONTEXT(2) 
PARAMETRIC_REPRESENTATION_CONTEXT() REPRESENTATION_CONTEXT('2D SPACE',''
  ) );
#5927 = PCURVE('',#1459,#5928);
#5928 = DEFINITIONAL_REPRESENTATION('',(#5929),#5933);
#5929 = LINE('',#5930,#5931);
#5930 = CARTESIAN_POINT('',(2.828427124746,-2.5));
#5931 = VECTOR('',#5932,1.);
#5932 = DIRECTION('',(0.,1.));
#5933 = ( GEOMETRIC_REPRESENTATION_CONTEXT(2) 
PARAMETRIC_REPRESENTATION_CONTEXT() REPRESENTATION_CONTEXT('2D SPACE',''
  ) );
#5934 = ORIENTED_EDGE('',*,*,#1415,.F.);
#5935 = ORIENTED_EDGE('',*,*,#5790,.F.);
#5936 = ORIENTED_EDGE('',*,*,#5937,.F.);
#5937 = EDGE_CURVE('',#5938,#5766,#5940,.T.);
#5938 = VERTEX_POINT('',#5939);
#5939 = CARTESIAN_POINT('',(90.,13.,7.));
#5940 = SURFACE_CURVE('',#5941,(#5945,#5952),.PCURVE_S1.);
#5941 = LINE('',#5942,#5943);
#5942 = CARTESIAN_POINT('',(90.,13.,7.));
#5943 = VECTOR('',#5944,1.);
#5944 = DIRECTION('',(0.,0.,1.));
#5945 = PCURVE('',#1431,#5946);
#5946 = DEFINITIONAL_REPRESENTATION('',(#5947),#5951);
#5947 = LINE('',#5948,#5949);
#5948 = CARTESIAN_POINT('',(1.,-5.));
#5949 = VECTOR('',#5950,1.);
#5950 = DIRECTION('',(1.,0.));
#5951 = ( GEOMETRIC_REPRESENTATION_CONTEXT(2) 
PARAMETRIC_REPRESENTATION_CONTEXT() REPRESENTATION_CONTEXT('2D SPACE',''
  ) );
#5952 = PCURVE('',#3917,#5953);
#5953 = DEFINITIONAL_REPRESENTATION('',(#5954),#5958);
#5954 = LINE('',#5955,#5956);
#5955 = CARTESIAN_POINT('',(1.,8.));
#5956 = VECTOR('',#5957,1.);
#5957 = DIRECTION('',(1.,0.));
#5958 = ( GEOMETRIC_REPRESENTATION_CONTEXT(2) 
PARAMETRIC_REPRESENTATION_CONTEXT() REPRESENTATION_CONTEXT('2D SPACE',''
  ) );
#5959 = ORIENTED_EDGE('',*,*,#5960,.F.);
#5960 = EDGE_CURVE('',#5961,#5938,#5963,.T.);
#5961 = VERTEX_POINT('',#5962);
#5962 = CARTESIAN_POINT('',(90.,92.,7.));
#5963 = SURFACE_CURVE('',#5964,(#5968,#5975),.PCURVE_S1.);
#5964 = LINE('',#5965,#5966);
#5965 = CARTESIAN_POINT('',(90.,92.,7.));
#5966 = VECTOR('',#5967,1.);
#5967 = DIRECTION('',(0.,-1.,-0.));
#5968 = PCURVE('',#1431,#5969);
#5969 = DEFINITIONAL_REPRESENTATION('',(#5970),#5974);
#5970 = LINE('',#5971,#5972);
#5971 = CARTESIAN_POINT('',(1.,-84.));
#5972 = VECTOR('',#5973,1.);
#5973 = DIRECTION('',(0.,1.));
#5974 = ( GEOMETRIC_REPRESENTATION_CONTEXT(2) 
PARAMETRIC_REPRESENTATION_CONTEXT() REPRESENTATION_CONTEXT('2D SPACE',''
  ) );
#5975 = PCURVE('',#3945,#5976);
#5976 = DEFINITIONAL_REPRESENTATION('',(#5977),#5981);
#5977 = LINE('',#5978,#5979);
#5978 = CARTESIAN_POINT('',(6.28318530718,0.));
#5979 = VECTOR('',#5980,1.);
#5980 = DIRECTION('',(-0.,1.));
#5981 = ( GEOMETRIC_REPRESENTATION_CONTEXT(2) 
PARAMETRIC_REPRESENTATION_CONTEXT() REPRESENTATION_CONTEXT('2D SPACE',''
  ) );
#5982 = ORIENTED_EDGE('',*,*,#5983,.T.);
#5983 = EDGE_CURVE('',#5961,#5817,#5984,.T.);
#5984 = SURFACE_CURVE('',#5985,(#5989,#5996),.PCURVE_S1.);
#5985 = LINE('',#5986,#5987);
#5986 = CARTESIAN_POINT('',(90.,92.,6.));
#5987 = VECTOR('',#5988,1.);
#5988 = DIRECTION('',(0.,0.,1.));
#5989 = PCURVE('',#1431,#5990);
#5990 = DEFINITIONAL_REPRESENTATION('',(#5991),#5995);
#5991 = LINE('',#5992,#5993);
#5992 = CARTESIAN_POINT('',(0.,-84.));
#5993 = VECTOR('',#5994,1.);
#5994 = DIRECTION('',(1.,0.));
#5995 = ( GEOMETRIC_REPRESENTATION_CONTEXT(2) 
PARAMETRIC_REPRESENTATION_CONTEXT() REPRESENTATION_CONTEXT('2D SPACE',''
  ) );
#5996 = PCURVE('',#3490,#5997);
#5997 = DEFINITIONAL_REPRESENTATION('',(#5998),#6002);
#5998 = LINE('',#5999,#6000);
#5999 = CARTESIAN_POINT('',(0.,0.));
#6000 = VECTOR('',#6001,1.);
#6001 = DIRECTION('',(0.,1.));
#6002 = ( GEOMETRIC_REPRESENTATION_CONTEXT(2) 
PARAMETRIC_REPRESENTATION_CONTEXT() REPRESENTATION_CONTEXT('2D SPACE',''
  ) );
#6003 = FACE_BOUND('',#6004,.F.);
#6004 = EDGE_LOOP('',(#6005));
#6005 = ORIENTED_EDGE('',*,*,#6006,.F.);
#6006 = EDGE_CURVE('',#6007,#6007,#6009,.T.);
#6007 = VERTEX_POINT('',#6008);
#6008 = CARTESIAN_POINT('',(90.,65.,68.));
#6009 = SURFACE_CURVE('',#6010,(#6015,#6022),.PCURVE_S1.);
#6010 = CIRCLE('',#6011,4.);
#6011 = AXIS2_PLACEMENT_3D('',#6012,#6013,#6014);
#6012 = CARTESIAN_POINT('',(90.,65.,64.));
#6013 = DIRECTION('',(1.,0.,0.));
#6014 = DIRECTION('',(-0.,0.,1.));
#6015 = PCURVE('',#1431,#6016);
#6016 = DEFINITIONAL_REPRESENTATION('',(#6017),#6021);
#6017 = CIRCLE('',#6018,4.);
#6018 = AXIS2_PLACEMENT_2D('',#6019,#6020);
#6019 = CARTESIAN_POINT('',(58.,-57.));
#6020 = DIRECTION('',(1.,0.));
#6021 = ( GEOMETRIC_REPRESENTATION_CONTEXT(2) 
PARAMETRIC_REPRESENTATION_CONTEXT() REPRESENTATION_CONTEXT('2D SPACE',''
  ) );
#6022 = PCURVE('',#6023,#6028);
#6023 = CYLINDRICAL_SURFACE('',#6024,4.);
#6024 = AXIS2_PLACEMENT_3D('',#6025,#6026,#6027);
#6025 = CARTESIAN_POINT('',(89.,65.,64.));
#6026 = DIRECTION('',(1.,0.,0.));
#6027 = DIRECTION('',(-0.,0.,1.));
#6028 = DEFINITIONAL_REPRESENTATION('',(#6029),#6033);
#6029 = LINE('',#6030,#6031);
#6030 = CARTESIAN_POINT('',(0.,1.));
#6031 = VECTOR('',#6032,1.);
#6032 = DIRECTION('',(1.,0.));
#6033 = ( GEOMETRIC_REPRESENTATION_CONTEXT(2) 
PARAMETRIC_REPRESENTATION_CONTEXT() REPRESENTATION_CONTEXT('2D SPACE',''
  ) );
#6034 = ADVANCED_FACE('',(#6035),#1459,.T.);
#6035 = FACE_BOUND('',#6036,.T.);
#6036 = EDGE_LOOP('',(#6037,#6060,#6061,#6062));
#6037 = ORIENTED_EDGE('',*,*,#6038,.F.);
#6038 = EDGE_CURVE('',#5892,#6039,#6041,.T.);
#6039 = VERTEX_POINT('',#6040);
#6040 = CARTESIAN_POINT('',(82.175735931288,13.,142.82426406871));
#6041 = SURFACE_CURVE('',#6042,(#6046,#6053),.PCURVE_S1.);
#6042 = LINE('',#6043,#6044);
#6043 = CARTESIAN_POINT('',(92.,13.,133.));
#6044 = VECTOR('',#6045,1.);
#6045 = DIRECTION('',(-0.707106781187,0.,0.707106781187));
#6046 = PCURVE('',#1459,#6047);
#6047 = DEFINITIONAL_REPRESENTATION('',(#6048),#6052);
#6048 = LINE('',#6049,#6050);
#6049 = CARTESIAN_POINT('',(0.,0.));
#6050 = VECTOR('',#6051,1.);
#6051 = DIRECTION('',(1.,0.));
#6052 = ( GEOMETRIC_REPRESENTATION_CONTEXT(2) 
PARAMETRIC_REPRESENTATION_CONTEXT() REPRESENTATION_CONTEXT('2D SPACE',''
  ) );
#6053 = PCURVE('',#2821,#6054);
#6054 = DEFINITIONAL_REPRESENTATION('',(#6055),#6059);
#6055 = LINE('',#6056,#6057);
#6056 = CARTESIAN_POINT('',(-13.96446609406,4.220481209212));
#6057 = VECTOR('',#6058,1.);
#6058 = DIRECTION('',(0.707106781187,-0.707106781187));
#6059 = ( GEOMETRIC_REPRESENTATION_CONTEXT(2) 
PARAMETRIC_REPRESENTATION_CONTEXT() REPRESENTATION_CONTEXT('2D SPACE',''
  ) );
#6060 = ORIENTED_EDGE('',*,*,#5914,.F.);
#6061 = ORIENTED_EDGE('',*,*,#1443,.T.);
#6062 = ORIENTED_EDGE('',*,*,#6063,.F.);
#6063 = EDGE_CURVE('',#6039,#1444,#6064,.T.);
#6064 = SURFACE_CURVE('',#6065,(#6069,#6076),.PCURVE_S1.);
#6065 = LINE('',#6066,#6067);
#6066 = CARTESIAN_POINT('',(82.175735931288,13.,142.82426406871));
#6067 = VECTOR('',#6068,1.);
#6068 = DIRECTION('',(0.,-1.,0.));
#6069 = PCURVE('',#1459,#6070);
#6070 = DEFINITIONAL_REPRESENTATION('',(#6071),#6075);
#6071 = LINE('',#6072,#6073);
#6072 = CARTESIAN_POINT('',(13.893607486306,0.));
#6073 = VECTOR('',#6074,1.);
#6074 = DIRECTION('',(0.,-1.));
#6075 = ( GEOMETRIC_REPRESENTATION_CONTEXT(2) 
PARAMETRIC_REPRESENTATION_CONTEXT() REPRESENTATION_CONTEXT('2D SPACE',''
  ) );
#6076 = PCURVE('',#1488,#6077);
#6077 = DEFINITIONAL_REPRESENTATION('',(#6078),#6082);
#6078 = LINE('',#6079,#6080);
#6079 = CARTESIAN_POINT('',(6.28318530718,0.));
#6080 = VECTOR('',#6081,1.);
#6081 = DIRECTION('',(-0.,1.));
#6082 = ( GEOMETRIC_REPRESENTATION_CONTEXT(2) 
PARAMETRIC_REPRESENTATION_CONTEXT() REPRESENTATION_CONTEXT('2D SPACE',''
  ) );
#6083 = ADVANCED_FACE('',(#6084),#1488,.T.);
#6084 = FACE_BOUND('',#6085,.T.);
#6085 = EDGE_LOOP('',(#6086,#6087,#6088,#6111));
#6086 = ORIENTED_EDGE('',*,*,#6063,.T.);
#6087 = ORIENTED_EDGE('',*,*,#1471,.T.);
#6088 = ORIENTED_EDGE('',*,*,#6089,.F.);
#6089 = EDGE_CURVE('',#6090,#1472,#6092,.T.);
#6090 = VERTEX_POINT('',#6091);
#6091 = CARTESIAN_POINT('',(82.,13.,143.24852813742));
#6092 = SURFACE_CURVE('',#6093,(#6097,#6104),.PCURVE_S1.);
#6093 = LINE('',#6094,#6095);
#6094 = CARTESIAN_POINT('',(82.,13.,143.24852813742));
#6095 = VECTOR('',#6096,1.);
#6096 = DIRECTION('',(0.,-1.,0.));
#6097 = PCURVE('',#1488,#6098);
#6098 = DEFINITIONAL_REPRESENTATION('',(#6099),#6103);
#6099 = LINE('',#6100,#6101);
#6100 = CARTESIAN_POINT('',(5.497787143783,0.));
#6101 = VECTOR('',#6102,1.);
#6102 = DIRECTION('',(-0.,1.));
#6103 = ( GEOMETRIC_REPRESENTATION_CONTEXT(2) 
PARAMETRIC_REPRESENTATION_CONTEXT() REPRESENTATION_CONTEXT('2D SPACE',''
  ) );
#6104 = PCURVE('',#1516,#6105);
#6105 = DEFINITIONAL_REPRESENTATION('',(#6106),#6110);
#6106 = LINE('',#6107,#6108);
#6107 = CARTESIAN_POINT('',(0.24852813742,0.));
#6108 = VECTOR('',#6109,1.);
#6109 = DIRECTION('',(0.,-1.));
#6110 = ( GEOMETRIC_REPRESENTATION_CONTEXT(2) 
PARAMETRIC_REPRESENTATION_CONTEXT() REPRESENTATION_CONTEXT('2D SPACE',''
  ) );
#6111 = ORIENTED_EDGE('',*,*,#6112,.F.);
#6112 = EDGE_CURVE('',#6039,#6090,#6113,.T.);
#6113 = SURFACE_CURVE('',#6114,(#6119,#6126),.PCURVE_S1.);
#6114 = CIRCLE('',#6115,0.6);
#6115 = AXIS2_PLACEMENT_3D('',#6116,#6117,#6118);
#6116 = CARTESIAN_POINT('',(82.6,13.,143.24852813742));
#6117 = DIRECTION('',(0.,1.,0.));
#6118 = DIRECTION('',(0.,0.,-1.));
#6119 = PCURVE('',#1488,#6120);
#6120 = DEFINITIONAL_REPRESENTATION('',(#6121),#6125);
#6121 = LINE('',#6122,#6123);
#6122 = CARTESIAN_POINT('',(7.068583470577,0.));
#6123 = VECTOR('',#6124,1.);
#6124 = DIRECTION('',(-1.,0.));
#6125 = ( GEOMETRIC_REPRESENTATION_CONTEXT(2) 
PARAMETRIC_REPRESENTATION_CONTEXT() REPRESENTATION_CONTEXT('2D SPACE',''
  ) );
#6126 = PCURVE('',#2821,#6127);
#6127 = DEFINITIONAL_REPRESENTATION('',(#6128),#6132);
#6128 = CIRCLE('',#6129,0.6);
#6129 = AXIS2_PLACEMENT_2D('',#6130,#6131);
#6130 = CARTESIAN_POINT('',(-3.71593795664,-5.179518790788));
#6131 = DIRECTION('',(-1.,0.));
#6132 = ( GEOMETRIC_REPRESENTATION_CONTEXT(2) 
PARAMETRIC_REPRESENTATION_CONTEXT() REPRESENTATION_CONTEXT('2D SPACE',''
  ) );
#6133 = ADVANCED_FACE('',(#6134),#1516,.T.);
#6134 = FACE_BOUND('',#6135,.T.);
#6135 = EDGE_LOOP('',(#6136,#6159,#6160,#6161,#6184,#6207));
#6136 = ORIENTED_EDGE('',*,*,#6137,.F.);
#6137 = EDGE_CURVE('',#6090,#6138,#6140,.T.);
#6138 = VERTEX_POINT('',#6139);
#6139 = CARTESIAN_POINT('',(82.,13.,157.4));
#6140 = SURFACE_CURVE('',#6141,(#6145,#6152),.PCURVE_S1.);
#6141 = LINE('',#6142,#6143);
#6142 = CARTESIAN_POINT('',(82.,13.,143.24852813742));
#6143 = VECTOR('',#6144,1.);
#6144 = DIRECTION('',(0.,0.,1.));
#6145 = PCURVE('',#1516,#6146);
#6146 = DEFINITIONAL_REPRESENTATION('',(#6147),#6151);
#6147 = LINE('',#6148,#6149);
#6148 = CARTESIAN_POINT('',(0.24852813742,0.));
#6149 = VECTOR('',#6150,1.);
#6150 = DIRECTION('',(1.,0.));
#6151 = ( GEOMETRIC_REPRESENTATION_CONTEXT(2) 
PARAMETRIC_REPRESENTATION_CONTEXT() REPRESENTATION_CONTEXT('2D SPACE',''
  ) );
#6152 = PCURVE('',#2821,#6153);
#6153 = DEFINITIONAL_REPRESENTATION('',(#6154),#6158);
#6154 = LINE('',#6155,#6156);
#6155 = CARTESIAN_POINT('',(-3.71593795664,-5.779518790788));
#6156 = VECTOR('',#6157,1.);
#6157 = DIRECTION('',(1.,0.));
#6158 = ( GEOMETRIC_REPRESENTATION_CONTEXT(2) 
PARAMETRIC_REPRESENTATION_CONTEXT() REPRESENTATION_CONTEXT('2D SPACE',''
  ) );
#6159 = ORIENTED_EDGE('',*,*,#6089,.T.);
#6160 = ORIENTED_EDGE('',*,*,#1500,.F.);
#6161 = ORIENTED_EDGE('',*,*,#6162,.F.);
#6162 = EDGE_CURVE('',#6163,#1501,#6165,.T.);
#6163 = VERTEX_POINT('',#6164);
#6164 = CARTESIAN_POINT('',(82.,8.,154.));
#6165 = SURFACE_CURVE('',#6166,(#6170,#6177),.PCURVE_S1.);
#6166 = LINE('',#6167,#6168);
#6167 = CARTESIAN_POINT('',(82.,6.,154.));
#6168 = VECTOR('',#6169,1.);
#6169 = DIRECTION('',(0.,-1.,0.));
#6170 = PCURVE('',#1516,#6171);
#6171 = DEFINITIONAL_REPRESENTATION('',(#6172),#6176);
#6172 = LINE('',#6173,#6174);
#6173 = CARTESIAN_POINT('',(11.,-7.));
#6174 = VECTOR('',#6175,1.);
#6175 = DIRECTION('',(0.,-1.));
#6176 = ( GEOMETRIC_REPRESENTATION_CONTEXT(2) 
PARAMETRIC_REPRESENTATION_CONTEXT() REPRESENTATION_CONTEXT('2D SPACE',''
  ) );
#6177 = PCURVE('',#1544,#6178);
#6178 = DEFINITIONAL_REPRESENTATION('',(#6179),#6183);
#6179 = LINE('',#6180,#6181);
#6180 = CARTESIAN_POINT('',(76.,7.));
#6181 = VECTOR('',#6182,1.);
#6182 = DIRECTION('',(0.,-1.));
#6183 = ( GEOMETRIC_REPRESENTATION_CONTEXT(2) 
PARAMETRIC_REPRESENTATION_CONTEXT() REPRESENTATION_CONTEXT('2D SPACE',''
  ) );
#6184 = ORIENTED_EDGE('',*,*,#6185,.T.);
#6185 = EDGE_CURVE('',#6163,#6186,#6188,.T.);
#6186 = VERTEX_POINT('',#6187);
#6187 = CARTESIAN_POINT('',(82.,8.,157.4));
#6188 = SURFACE_CURVE('',#6189,(#6193,#6200),.PCURVE_S1.);
#6189 = LINE('',#6190,#6191);
#6190 = CARTESIAN_POINT('',(82.,8.,74.5));
#6191 = VECTOR('',#6192,1.);
#6192 = DIRECTION('',(0.,0.,1.));
#6193 = PCURVE('',#1516,#6194);
#6194 = DEFINITIONAL_REPRESENTATION('',(#6195),#6199);
#6195 = LINE('',#6196,#6197);
#6196 = CARTESIAN_POINT('',(-68.5,-5.));
#6197 = VECTOR('',#6198,1.);
#6198 = DIRECTION('',(1.,0.));
#6199 = ( GEOMETRIC_REPRESENTATION_CONTEXT(2) 
PARAMETRIC_REPRESENTATION_CONTEXT() REPRESENTATION_CONTEXT('2D SPACE',''
  ) );
#6200 = PCURVE('',#3158,#6201);
#6201 = DEFINITIONAL_REPRESENTATION('',(#6202),#6206);
#6202 = LINE('',#6203,#6204);
#6203 = CARTESIAN_POINT('',(68.5,76.));
#6204 = VECTOR('',#6205,1.);
#6205 = DIRECTION('',(1.,0.));
#6206 = ( GEOMETRIC_REPRESENTATION_CONTEXT(2) 
PARAMETRIC_REPRESENTATION_CONTEXT() REPRESENTATION_CONTEXT('2D SPACE',''
  ) );
#6207 = ORIENTED_EDGE('',*,*,#6208,.F.);
#6208 = EDGE_CURVE('',#6138,#6186,#6209,.T.);
#6209 = SURFACE_CURVE('',#6210,(#6214,#6221),.PCURVE_S1.);
#6210 = LINE('',#6211,#6212);
#6211 = CARTESIAN_POINT('',(82.,13.,157.4));
#6212 = VECTOR('',#6213,1.);
#6213 = DIRECTION('',(0.,-1.,0.));
#6214 = PCURVE('',#1516,#6215);
#6215 = DEFINITIONAL_REPRESENTATION('',(#6216),#6220);
#6216 = LINE('',#6217,#6218);
#6217 = CARTESIAN_POINT('',(14.4,0.));
#6218 = VECTOR('',#6219,1.);
#6219 = DIRECTION('',(0.,-1.));
#6220 = ( GEOMETRIC_REPRESENTATION_CONTEXT(2) 
PARAMETRIC_REPRESENTATION_CONTEXT() REPRESENTATION_CONTEXT('2D SPACE',''
  ) );
#6221 = PCURVE('',#2849,#6222);
#6222 = DEFINITIONAL_REPRESENTATION('',(#6223),#6227);
#6223 = LINE('',#6224,#6225);
#6224 = CARTESIAN_POINT('',(6.28318530718,0.));
#6225 = VECTOR('',#6226,1.);
#6226 = DIRECTION('',(-0.,1.));
#6227 = ( GEOMETRIC_REPRESENTATION_CONTEXT(2) 
PARAMETRIC_REPRESENTATION_CONTEXT() REPRESENTATION_CONTEXT('2D SPACE',''
  ) );
#6228 = ADVANCED_FACE('',(#6229),#1544,.F.);
#6229 = FACE_BOUND('',#6230,.F.);
#6230 = EDGE_LOOP('',(#6231,#6252,#6253,#6254));
#6231 = ORIENTED_EDGE('',*,*,#6232,.F.);
#6232 = EDGE_CURVE('',#3120,#6163,#6233,.T.);
#6233 = SURFACE_CURVE('',#6234,(#6238,#6245),.PCURVE_S1.);
#6234 = LINE('',#6235,#6236);
#6235 = CARTESIAN_POINT('',(6.,8.,154.));
#6236 = VECTOR('',#6237,1.);
#6237 = DIRECTION('',(1.,0.,-0.));
#6238 = PCURVE('',#1544,#6239);
#6239 = DEFINITIONAL_REPRESENTATION('',(#6240),#6244);
#6240 = LINE('',#6241,#6242);
#6241 = CARTESIAN_POINT('',(0.,9.));
#6242 = VECTOR('',#6243,1.);
#6243 = DIRECTION('',(1.,0.));
#6244 = ( GEOMETRIC_REPRESENTATION_CONTEXT(2) 
PARAMETRIC_REPRESENTATION_CONTEXT() REPRESENTATION_CONTEXT('2D SPACE',''
  ) );
#6245 = PCURVE('',#3158,#6246);
#6246 = DEFINITIONAL_REPRESENTATION('',(#6247),#6251);
#6247 = LINE('',#6248,#6249);
#6248 = CARTESIAN_POINT('',(148.,0.));
#6249 = VECTOR('',#6250,1.);
#6250 = DIRECTION('',(0.,1.));
#6251 = ( GEOMETRIC_REPRESENTATION_CONTEXT(2) 
PARAMETRIC_REPRESENTATION_CONTEXT() REPRESENTATION_CONTEXT('2D SPACE',''
  ) );
#6252 = ORIENTED_EDGE('',*,*,#3119,.T.);
#6253 = ORIENTED_EDGE('',*,*,#1528,.F.);
#6254 = ORIENTED_EDGE('',*,*,#6162,.F.);
#6255 = ADVANCED_FACE('',(#6256),#1646,.T.);
#6256 = FACE_BOUND('',#6257,.T.);
#6257 = EDGE_LOOP('',(#6258,#6259,#6280,#6281));
#6258 = ORIENTED_EDGE('',*,*,#1630,.F.);
#6259 = ORIENTED_EDGE('',*,*,#6260,.T.);
#6260 = EDGE_CURVE('',#1631,#1824,#6261,.T.);
#6261 = SURFACE_CURVE('',#6262,(#6266,#6273),.PCURVE_S1.);
#6262 = LINE('',#6263,#6264);
#6263 = CARTESIAN_POINT('',(14.,4.,8.));
#6264 = VECTOR('',#6265,1.);
#6265 = DIRECTION('',(-0.,1.,0.));
#6266 = PCURVE('',#1646,#6267);
#6267 = DEFINITIONAL_REPRESENTATION('',(#6268),#6272);
#6268 = LINE('',#6269,#6270);
#6269 = CARTESIAN_POINT('',(2.,0.));
#6270 = VECTOR('',#6271,1.);
#6271 = DIRECTION('',(0.,-1.));
#6272 = ( GEOMETRIC_REPRESENTATION_CONTEXT(2) 
PARAMETRIC_REPRESENTATION_CONTEXT() REPRESENTATION_CONTEXT('2D SPACE',''
  ) );
#6273 = PCURVE('',#1675,#6274);
#6274 = DEFINITIONAL_REPRESENTATION('',(#6275),#6279);
#6275 = LINE('',#6276,#6277);
#6276 = CARTESIAN_POINT('',(4.712388980385,1.));
#6277 = VECTOR('',#6278,1.);
#6278 = DIRECTION('',(0.,1.));
#6279 = ( GEOMETRIC_REPRESENTATION_CONTEXT(2) 
PARAMETRIC_REPRESENTATION_CONTEXT() REPRESENTATION_CONTEXT('2D SPACE',''
  ) );
#6280 = ORIENTED_EDGE('',*,*,#1823,.T.);
#6281 = ORIENTED_EDGE('',*,*,#1899,.F.);
#6282 = ADVANCED_FACE('',(#6283),#1675,.F.);
#6283 = FACE_BOUND('',#6284,.F.);
#6284 = EDGE_LOOP('',(#6285,#6286,#6287,#6288));
#6285 = ORIENTED_EDGE('',*,*,#6260,.T.);
#6286 = ORIENTED_EDGE('',*,*,#1846,.F.);
#6287 = ORIENTED_EDGE('',*,*,#3856,.F.);
#6288 = ORIENTED_EDGE('',*,*,#1658,.T.);
#6289 = ADVANCED_FACE('',(#6290),#1729,.F.);
#6290 = FACE_BOUND('',#6291,.F.);
#6291 = EDGE_LOOP('',(#6292,#6293,#6294,#6320));
#6292 = ORIENTED_EDGE('',*,*,#1710,.F.);
#6293 = ORIENTED_EDGE('',*,*,#3878,.T.);
#6294 = ORIENTED_EDGE('',*,*,#6295,.T.);
#6295 = EDGE_CURVE('',#3879,#5695,#6296,.T.);
#6296 = SURFACE_CURVE('',#6297,(#6302,#6309),.PCURVE_S1.);
#6297 = CIRCLE('',#6298,2.);
#6298 = AXIS2_PLACEMENT_3D('',#6299,#6300,#6301);
#6299 = CARTESIAN_POINT('',(80.,13.,8.));
#6300 = DIRECTION('',(0.,-1.,0.));
#6301 = DIRECTION('',(-0.,0.,1.));
#6302 = PCURVE('',#1729,#6303);
#6303 = DEFINITIONAL_REPRESENTATION('',(#6304),#6308);
#6304 = LINE('',#6305,#6306);
#6305 = CARTESIAN_POINT('',(6.28318530718,10.));
#6306 = VECTOR('',#6307,1.);
#6307 = DIRECTION('',(-1.,0.));
#6308 = ( GEOMETRIC_REPRESENTATION_CONTEXT(2) 
PARAMETRIC_REPRESENTATION_CONTEXT() REPRESENTATION_CONTEXT('2D SPACE',''
  ) );
#6309 = PCURVE('',#3917,#6310);
#6310 = DEFINITIONAL_REPRESENTATION('',(#6311),#6319);
#6311 = ( BOUNDED_CURVE() B_SPLINE_CURVE(2,(#6312,#6313,#6314,#6315,
#6316,#6317,#6318),.UNSPECIFIED.,.T.,.F.) B_SPLINE_CURVE_WITH_KNOTS((1,2
    ,2,2,2,1),(-2.094395102393,0.,2.094395102393,4.188790204786,
6.28318530718,8.377580409573),.UNSPECIFIED.) CURVE() 
GEOMETRIC_REPRESENTATION_ITEM() RATIONAL_B_SPLINE_CURVE((1.,0.5,1.,0.5,
1.,0.5,1.)) REPRESENTATION_ITEM('') );
#6312 = CARTESIAN_POINT('',(4.,-2.));
#6313 = CARTESIAN_POINT('',(4.,-5.464101615138));
#6314 = CARTESIAN_POINT('',(1.,-3.732050807569));
#6315 = CARTESIAN_POINT('',(-2.,-2.));
#6316 = CARTESIAN_POINT('',(1.,-0.267949192431));
#6317 = CARTESIAN_POINT('',(4.,1.464101615138));
#6318 = CARTESIAN_POINT('',(4.,-2.));
#6319 = ( GEOMETRIC_REPRESENTATION_CONTEXT(2) 
PARAMETRIC_REPRESENTATION_CONTEXT() REPRESENTATION_CONTEXT('2D SPACE',''
  ) );
#6320 = ORIENTED_EDGE('',*,*,#5694,.F.);
#6321 = ADVANCED_FACE('',(#6322),#1760,.F.);
#6322 = FACE_BOUND('',#6323,.F.);
#6323 = EDGE_LOOP('',(#6324,#6348,#6369,#6370));
#6324 = ORIENTED_EDGE('',*,*,#6325,.F.);
#6325 = EDGE_CURVE('',#6326,#6326,#6328,.T.);
#6326 = VERTEX_POINT('',#6327);
#6327 = CARTESIAN_POINT('',(87.,13.,149.4));
#6328 = SURFACE_CURVE('',#6329,(#6334,#6341),.PCURVE_S1.);
#6329 = CIRCLE('',#6330,1.4);
#6330 = AXIS2_PLACEMENT_3D('',#6331,#6332,#6333);
#6331 = CARTESIAN_POINT('',(87.,13.,148.));
#6332 = DIRECTION('',(0.,1.,0.));
#6333 = DIRECTION('',(0.,-0.,1.));
#6334 = PCURVE('',#1760,#6335);
#6335 = DEFINITIONAL_REPRESENTATION('',(#6336),#6340);
#6336 = LINE('',#6337,#6338);
#6337 = CARTESIAN_POINT('',(0.,10.));
#6338 = VECTOR('',#6339,1.);
#6339 = DIRECTION('',(1.,0.));
#6340 = ( GEOMETRIC_REPRESENTATION_CONTEXT(2) 
PARAMETRIC_REPRESENTATION_CONTEXT() REPRESENTATION_CONTEXT('2D SPACE',''
  ) );
#6341 = PCURVE('',#2821,#6342);
#6342 = DEFINITIONAL_REPRESENTATION('',(#6343),#6347);
#6343 = CIRCLE('',#6344,1.4);
#6344 = AXIS2_PLACEMENT_2D('',#6345,#6346);
#6345 = CARTESIAN_POINT('',(1.03553390594,-0.779518790788));
#6346 = DIRECTION('',(1.,0.));
#6347 = ( GEOMETRIC_REPRESENTATION_CONTEXT(2) 
PARAMETRIC_REPRESENTATION_CONTEXT() REPRESENTATION_CONTEXT('2D SPACE',''
  ) );
#6348 = ORIENTED_EDGE('',*,*,#6349,.F.);
#6349 = EDGE_CURVE('',#1744,#6326,#6350,.T.);
#6350 = SEAM_CURVE('',#6351,(#6355,#6362),.PCURVE_S1.);
#6351 = LINE('',#6352,#6353);
#6352 = CARTESIAN_POINT('',(87.,3.,149.4));
#6353 = VECTOR('',#6354,1.);
#6354 = DIRECTION('',(0.,1.,0.));
#6355 = PCURVE('',#1760,#6356);
#6356 = DEFINITIONAL_REPRESENTATION('',(#6357),#6361);
#6357 = LINE('',#6358,#6359);
#6358 = CARTESIAN_POINT('',(0.,-0.));
#6359 = VECTOR('',#6360,1.);
#6360 = DIRECTION('',(0.,1.));
#6361 = ( GEOMETRIC_REPRESENTATION_CONTEXT(2) 
PARAMETRIC_REPRESENTATION_CONTEXT() REPRESENTATION_CONTEXT('2D SPACE',''
  ) );
#6362 = PCURVE('',#1760,#6363);
#6363 = DEFINITIONAL_REPRESENTATION('',(#6364),#6368);
#6364 = LINE('',#6365,#6366);
#6365 = CARTESIAN_POINT('',(6.28318530718,-0.));
#6366 = VECTOR('',#6367,1.);
#6367 = DIRECTION('',(0.,1.));
#6368 = ( GEOMETRIC_REPRESENTATION_CONTEXT(2) 
PARAMETRIC_REPRESENTATION_CONTEXT() REPRESENTATION_CONTEXT('2D SPACE',''
  ) );
#6369 = ORIENTED_EDGE('',*,*,#1743,.T.);
#6370 = ORIENTED_EDGE('',*,*,#6349,.T.);
#6371 = ADVANCED_FACE('',(#6372,#6481,#6484,#6494,#6497),#1963,.F.);
#6372 = FACE_BOUND('',#6373,.F.);
#6373 = EDGE_LOOP('',(#6374,#6404,#6432,#6460));
#6374 = ORIENTED_EDGE('',*,*,#6375,.F.);
#6375 = EDGE_CURVE('',#6376,#6378,#6380,.T.);
#6376 = VERTEX_POINT('',#6377);
#6377 = CARTESIAN_POINT('',(-1.110223024625E-16,7.,0.5));
#6378 = VERTEX_POINT('',#6379);
#6379 = CARTESIAN_POINT('',(-8.881784197001E-16,7.,157.5));
#6380 = SURFACE_CURVE('',#6381,(#6385,#6392),.PCURVE_S1.);
#6381 = LINE('',#6382,#6383);
#6382 = CARTESIAN_POINT('',(-8.881784197001E-16,7.,0.));
#6383 = VECTOR('',#6384,1.);
#6384 = DIRECTION('',(0.,0.,1.));
#6385 = PCURVE('',#1963,#6386);
#6386 = DEFINITIONAL_REPRESENTATION('',(#6387),#6391);
#6387 = LINE('',#6388,#6389);
#6388 = CARTESIAN_POINT('',(0.,-7.));
#6389 = VECTOR('',#6390,1.);
#6390 = DIRECTION('',(1.,0.));
#6391 = ( GEOMETRIC_REPRESENTATION_CONTEXT(2) 
PARAMETRIC_REPRESENTATION_CONTEXT() REPRESENTATION_CONTEXT('2D SPACE',''
  ) );
#6392 = PCURVE('',#6393,#6398);
#6393 = CYLINDRICAL_SURFACE('',#6394,7.);
#6394 = AXIS2_PLACEMENT_3D('',#6395,#6396,#6397);
#6395 = CARTESIAN_POINT('',(7.,7.,0.));
#6396 = DIRECTION('',(0.,0.,1.));
#6397 = DIRECTION('',(-1.,-0.,0.));
#6398 = DEFINITIONAL_REPRESENTATION('',(#6399),#6403);
#6399 = LINE('',#6400,#6401);
#6400 = CARTESIAN_POINT('',(0.,0.));
#6401 = VECTOR('',#6402,1.);
#6402 = DIRECTION('',(0.,1.));
#6403 = ( GEOMETRIC_REPRESENTATION_CONTEXT(2) 
PARAMETRIC_REPRESENTATION_CONTEXT() REPRESENTATION_CONTEXT('2D SPACE',''
  ) );
#6404 = ORIENTED_EDGE('',*,*,#6405,.T.);
#6405 = EDGE_CURVE('',#6376,#6406,#6408,.T.);
#6406 = VERTEX_POINT('',#6407);
#6407 = CARTESIAN_POINT('',(-1.110223024625E-16,93.,0.5));
#6408 = SURFACE_CURVE('',#6409,(#6413,#6420),.PCURVE_S1.);
#6409 = LINE('',#6410,#6411);
#6410 = CARTESIAN_POINT('',(-1.110223024625E-16,7.,0.5));
#6411 = VECTOR('',#6412,1.);
#6412 = DIRECTION('',(-0.,1.,0.));
#6413 = PCURVE('',#1963,#6414);
#6414 = DEFINITIONAL_REPRESENTATION('',(#6415),#6419);
#6415 = LINE('',#6416,#6417);
#6416 = CARTESIAN_POINT('',(0.5,-7.));
#6417 = VECTOR('',#6418,1.);
#6418 = DIRECTION('',(0.,-1.));
#6419 = ( GEOMETRIC_REPRESENTATION_CONTEXT(2) 
PARAMETRIC_REPRESENTATION_CONTEXT() REPRESENTATION_CONTEXT('2D SPACE',''
  ) );
#6420 = PCURVE('',#6421,#6426);
#6421 = CYLINDRICAL_SURFACE('',#6422,0.5);
#6422 = AXIS2_PLACEMENT_3D('',#6423,#6424,#6425);
#6423 = CARTESIAN_POINT('',(0.5,7.,0.5));
#6424 = DIRECTION('',(-0.,1.,0.));
#6425 = DIRECTION('',(-1.,-0.,0.));
#6426 = DEFINITIONAL_REPRESENTATION('',(#6427),#6431);
#6427 = LINE('',#6428,#6429);
#6428 = CARTESIAN_POINT('',(6.28318530718,0.));
#6429 = VECTOR('',#6430,1.);
#6430 = DIRECTION('',(-0.,1.));
#6431 = ( GEOMETRIC_REPRESENTATION_CONTEXT(2) 
PARAMETRIC_REPRESENTATION_CONTEXT() REPRESENTATION_CONTEXT('2D SPACE',''
  ) );
#6432 = ORIENTED_EDGE('',*,*,#6433,.T.);
#6433 = EDGE_CURVE('',#6406,#6434,#6436,.T.);
#6434 = VERTEX_POINT('',#6435);
#6435 = CARTESIAN_POINT('',(-1.110223024625E-16,93.,157.5));
#6436 = SURFACE_CURVE('',#6437,(#6441,#6448),.PCURVE_S1.);
#6437 = LINE('',#6438,#6439);
#6438 = CARTESIAN_POINT('',(-8.881784197001E-16,93.,0.));
#6439 = VECTOR('',#6440,1.);
#6440 = DIRECTION('',(0.,0.,1.));
#6441 = PCURVE('',#1963,#6442);
#6442 = DEFINITIONAL_REPRESENTATION('',(#6443),#6447);
#6443 = LINE('',#6444,#6445);
#6444 = CARTESIAN_POINT('',(0.,-93.));
#6445 = VECTOR('',#6446,1.);
#6446 = DIRECTION('',(1.,0.));
#6447 = ( GEOMETRIC_REPRESENTATION_CONTEXT(2) 
PARAMETRIC_REPRESENTATION_CONTEXT() REPRESENTATION_CONTEXT('2D SPACE',''
  ) );
#6448 = PCURVE('',#6449,#6454);
#6449 = CYLINDRICAL_SURFACE('',#6450,7.);
#6450 = AXIS2_PLACEMENT_3D('',#6451,#6452,#6453);
#6451 = CARTESIAN_POINT('',(7.,93.,0.));
#6452 = DIRECTION('',(0.,0.,1.));
#6453 = DIRECTION('',(-1.,-0.,0.));
#6454 = DEFINITIONAL_REPRESENTATION('',(#6455),#6459);
#6455 = LINE('',#6456,#6457);
#6456 = CARTESIAN_POINT('',(6.28318530718,0.));
#6457 = VECTOR('',#6458,1.);
#6458 = DIRECTION('',(-0.,1.));
#6459 = ( GEOMETRIC_REPRESENTATION_CONTEXT(2) 
PARAMETRIC_REPRESENTATION_CONTEXT() REPRESENTATION_CONTEXT('2D SPACE',''
  ) );
#6460 = ORIENTED_EDGE('',*,*,#6461,.F.);
#6461 = EDGE_CURVE('',#6378,#6434,#6462,.T.);
#6462 = SURFACE_CURVE('',#6463,(#6467,#6474),.PCURVE_S1.);
#6463 = LINE('',#6464,#6465);
#6464 = CARTESIAN_POINT('',(-1.110223024625E-16,7.,157.5));
#6465 = VECTOR('',#6466,1.);
#6466 = DIRECTION('',(-0.,1.,0.));
#6467 = PCURVE('',#1963,#6468);
#6468 = DEFINITIONAL_REPRESENTATION('',(#6469),#6473);
#6469 = LINE('',#6470,#6471);
#6470 = CARTESIAN_POINT('',(157.5,-7.));
#6471 = VECTOR('',#6472,1.);
#6472 = DIRECTION('',(0.,-1.));
#6473 = ( GEOMETRIC_REPRESENTATION_CONTEXT(2) 
PARAMETRIC_REPRESENTATION_CONTEXT() REPRESENTATION_CONTEXT('2D SPACE',''
  ) );
#6474 = PCURVE('',#2640,#6475);
#6475 = DEFINITIONAL_REPRESENTATION('',(#6476),#6480);
#6476 = LINE('',#6477,#6478);
#6477 = CARTESIAN_POINT('',(4.712388980385,0.));
#6478 = VECTOR('',#6479,1.);
#6479 = DIRECTION('',(-0.,1.));
#6480 = ( GEOMETRIC_REPRESENTATION_CONTEXT(2) 
PARAMETRIC_REPRESENTATION_CONTEXT() REPRESENTATION_CONTEXT('2D SPACE',''
  ) );
#6481 = FACE_BOUND('',#6482,.F.);
#6482 = EDGE_LOOP('',(#6483));
#6483 = ORIENTED_EDGE('',*,*,#1948,.F.);
#6484 = FACE_BOUND('',#6485,.F.);
#6485 = EDGE_LOOP('',(#6486,#6487,#6488,#6489,#6490,#6491,#6492,#6493));
#6486 = ORIENTED_EDGE('',*,*,#2002,.F.);
#6487 = ORIENTED_EDGE('',*,*,#2053,.T.);
#6488 = ORIENTED_EDGE('',*,*,#2146,.F.);
#6489 = ORIENTED_EDGE('',*,*,#2245,.F.);
#6490 = ORIENTED_EDGE('',*,*,#2340,.F.);
#6491 = ORIENTED_EDGE('',*,*,#2294,.F.);
#6492 = ORIENTED_EDGE('',*,*,#2218,.F.);
#6493 = ORIENTED_EDGE('',*,*,#2098,.T.);
#6494 = FACE_BOUND('',#6495,.F.);
#6495 = EDGE_LOOP('',(#6496));
#6496 = ORIENTED_EDGE('',*,*,#2391,.F.);
#6497 = FACE_BOUND('',#6498,.F.);
#6498 = EDGE_LOOP('',(#6499));
#6499 = ORIENTED_EDGE('',*,*,#2441,.F.);
#6500 = ADVANCED_FACE('',(#6501),#2490,.T.);
#6501 = FACE_BOUND('',#6502,.T.);
#6502 = EDGE_LOOP('',(#6503,#6525,#6526,#6548));
#6503 = ORIENTED_EDGE('',*,*,#6504,.F.);
#6504 = EDGE_CURVE('',#2468,#6505,#6507,.T.);
#6505 = VERTEX_POINT('',#6506);
#6506 = CARTESIAN_POINT('',(96.,7.,157.5));
#6507 = SURFACE_CURVE('',#6508,(#6513,#6519),.PCURVE_S1.);
#6508 = CIRCLE('',#6509,0.5);
#6509 = AXIS2_PLACEMENT_3D('',#6510,#6511,#6512);
#6510 = CARTESIAN_POINT('',(95.5,7.,157.5));
#6511 = DIRECTION('',(-0.,1.,0.));
#6512 = DIRECTION('',(1.,0.,0.));
#6513 = PCURVE('',#2490,#6514);
#6514 = DEFINITIONAL_REPRESENTATION('',(#6515),#6518);
#6515 = B_SPLINE_CURVE_WITH_KNOTS('',1,(#6516,#6517),.UNSPECIFIED.,.F.,
  .F.,(2,2),(4.712388980385,6.28318530718),.PIECEWISE_BEZIER_KNOTS.);
#6516 = CARTESIAN_POINT('',(0.,4.712388980385));
#6517 = CARTESIAN_POINT('',(0.,6.28318530718));
#6518 = ( GEOMETRIC_REPRESENTATION_CONTEXT(2) 
PARAMETRIC_REPRESENTATION_CONTEXT() REPRESENTATION_CONTEXT('2D SPACE',''
  ) );
#6519 = PCURVE('',#2518,#6520);
#6520 = DEFINITIONAL_REPRESENTATION('',(#6521),#6524);
#6521 = B_SPLINE_CURVE_WITH_KNOTS('',1,(#6522,#6523),.UNSPECIFIED.,.F.,
  .F.,(2,2),(4.712388980385,6.28318530718),.PIECEWISE_BEZIER_KNOTS.);
#6522 = CARTESIAN_POINT('',(6.28318530718,86.));
#6523 = CARTESIAN_POINT('',(4.712388980385,86.));
#6524 = ( GEOMETRIC_REPRESENTATION_CONTEXT(2) 
PARAMETRIC_REPRESENTATION_CONTEXT() REPRESENTATION_CONTEXT('2D SPACE',''
  ) );
#6525 = ORIENTED_EDGE('',*,*,#2467,.T.);
#6526 = ORIENTED_EDGE('',*,*,#6527,.T.);
#6527 = EDGE_CURVE('',#2470,#6528,#6530,.T.);
#6528 = VERTEX_POINT('',#6529);
#6529 = CARTESIAN_POINT('',(89.,-8.881784197001E-16,157.5));
#6530 = SURFACE_CURVE('',#6531,(#6536,#6542),.PCURVE_S1.);
#6531 = CIRCLE('',#6532,0.5);
#6532 = AXIS2_PLACEMENT_3D('',#6533,#6534,#6535);
#6533 = CARTESIAN_POINT('',(89.,0.5,157.5));
#6534 = DIRECTION('',(1.,6.123233995737E-17,0.));
#6535 = DIRECTION('',(6.123233995737E-17,-1.,0.));
#6536 = PCURVE('',#2490,#6537);
#6537 = DEFINITIONAL_REPRESENTATION('',(#6538),#6541);
#6538 = B_SPLINE_CURVE_WITH_KNOTS('',1,(#6539,#6540),.UNSPECIFIED.,.F.,
  .F.,(2,2),(4.712388980385,6.28318530718),.PIECEWISE_BEZIER_KNOTS.);
#6539 = CARTESIAN_POINT('',(1.570796326795,4.712388980385));
#6540 = CARTESIAN_POINT('',(1.570796326795,6.28318530718));
#6541 = ( GEOMETRIC_REPRESENTATION_CONTEXT(2) 
PARAMETRIC_REPRESENTATION_CONTEXT() REPRESENTATION_CONTEXT('2D SPACE',''
  ) );
#6542 = PCURVE('',#2699,#6543);
#6543 = DEFINITIONAL_REPRESENTATION('',(#6544),#6547);
#6544 = B_SPLINE_CURVE_WITH_KNOTS('',1,(#6545,#6546),.UNSPECIFIED.,.F.,
  .F.,(2,2),(4.712388980385,6.28318530718),.PIECEWISE_BEZIER_KNOTS.);
#6545 = CARTESIAN_POINT('',(6.28318530718,0.));
#6546 = CARTESIAN_POINT('',(4.712388980385,0.));
#6547 = ( GEOMETRIC_REPRESENTATION_CONTEXT(2) 
PARAMETRIC_REPRESENTATION_CONTEXT() REPRESENTATION_CONTEXT('2D SPACE',''
  ) );
#6548 = ORIENTED_EDGE('',*,*,#6549,.F.);
#6549 = EDGE_CURVE('',#6505,#6528,#6550,.T.);
#6550 = SURFACE_CURVE('',#6551,(#6556,#6563),.PCURVE_S1.);
#6551 = CIRCLE('',#6552,7.);
#6552 = AXIS2_PLACEMENT_3D('',#6553,#6554,#6555);
#6553 = CARTESIAN_POINT('',(89.,7.,157.5));
#6554 = DIRECTION('',(0.,0.,-1.));
#6555 = DIRECTION('',(1.,0.,0.));
#6556 = PCURVE('',#2490,#6557);
#6557 = DEFINITIONAL_REPRESENTATION('',(#6558),#6562);
#6558 = LINE('',#6559,#6560);
#6559 = CARTESIAN_POINT('',(0.,6.28318530718));
#6560 = VECTOR('',#6561,1.);
#6561 = DIRECTION('',(1.,0.));
#6562 = ( GEOMETRIC_REPRESENTATION_CONTEXT(2) 
PARAMETRIC_REPRESENTATION_CONTEXT() REPRESENTATION_CONTEXT('2D SPACE',''
  ) );
#6563 = PCURVE('',#6564,#6569);
#6564 = CYLINDRICAL_SURFACE('',#6565,7.);
#6565 = AXIS2_PLACEMENT_3D('',#6566,#6567,#6568);
#6566 = CARTESIAN_POINT('',(89.,7.,0.));
#6567 = DIRECTION('',(0.,0.,1.));
#6568 = DIRECTION('',(1.,0.,-0.));
#6569 = DEFINITIONAL_REPRESENTATION('',(#6570),#6574);
#6570 = LINE('',#6571,#6572);
#6571 = CARTESIAN_POINT('',(6.28318530718,157.5));
#6572 = VECTOR('',#6573,1.);
#6573 = DIRECTION('',(-1.,0.));
#6574 = ( GEOMETRIC_REPRESENTATION_CONTEXT(2) 
PARAMETRIC_REPRESENTATION_CONTEXT() REPRESENTATION_CONTEXT('2D SPACE',''
  ) );
#6575 = ADVANCED_FACE('',(#6576),#2518,.T.);
#6576 = FACE_BOUND('',#6577,.T.);
#6577 = EDGE_LOOP('',(#6578,#6579,#6580,#6608));
#6578 = ORIENTED_EDGE('',*,*,#2502,.T.);
#6579 = ORIENTED_EDGE('',*,*,#6504,.T.);
#6580 = ORIENTED_EDGE('',*,*,#6581,.F.);
#6581 = EDGE_CURVE('',#6582,#6505,#6584,.T.);
#6582 = VERTEX_POINT('',#6583);
#6583 = CARTESIAN_POINT('',(96.,93.,157.5));
#6584 = SURFACE_CURVE('',#6585,(#6589,#6596),.PCURVE_S1.);
#6585 = LINE('',#6586,#6587);
#6586 = CARTESIAN_POINT('',(96.,93.,157.5));
#6587 = VECTOR('',#6588,1.);
#6588 = DIRECTION('',(0.,-1.,-0.));
#6589 = PCURVE('',#2518,#6590);
#6590 = DEFINITIONAL_REPRESENTATION('',(#6591),#6595);
#6591 = LINE('',#6592,#6593);
#6592 = CARTESIAN_POINT('',(4.712388980385,0.));
#6593 = VECTOR('',#6594,1.);
#6594 = DIRECTION('',(-0.,1.));
#6595 = ( GEOMETRIC_REPRESENTATION_CONTEXT(2) 
PARAMETRIC_REPRESENTATION_CONTEXT() REPRESENTATION_CONTEXT('2D SPACE',''
  ) );
#6596 = PCURVE('',#6597,#6602);
#6597 = PLANE('',#6598);
#6598 = AXIS2_PLACEMENT_3D('',#6599,#6600,#6601);
#6599 = CARTESIAN_POINT('',(96.,0.,0.));
#6600 = DIRECTION('',(1.,0.,-0.));
#6601 = DIRECTION('',(0.,0.,1.));
#6602 = DEFINITIONAL_REPRESENTATION('',(#6603),#6607);
#6603 = LINE('',#6604,#6605);
#6604 = CARTESIAN_POINT('',(157.5,-93.));
#6605 = VECTOR('',#6606,1.);
#6606 = DIRECTION('',(0.,1.));
#6607 = ( GEOMETRIC_REPRESENTATION_CONTEXT(2) 
PARAMETRIC_REPRESENTATION_CONTEXT() REPRESENTATION_CONTEXT('2D SPACE',''
  ) );
#6608 = ORIENTED_EDGE('',*,*,#6609,.F.);
#6609 = EDGE_CURVE('',#2503,#6582,#6610,.T.);
#6610 = SURFACE_CURVE('',#6611,(#6616,#6622),.PCURVE_S1.);
#6611 = CIRCLE('',#6612,0.5);
#6612 = AXIS2_PLACEMENT_3D('',#6613,#6614,#6615);
#6613 = CARTESIAN_POINT('',(95.5,93.,157.5));
#6614 = DIRECTION('',(-6.123233995737E-17,1.,0.));
#6615 = DIRECTION('',(1.,6.123233995737E-17,0.));
#6616 = PCURVE('',#2518,#6617);
#6617 = DEFINITIONAL_REPRESENTATION('',(#6618),#6621);
#6618 = B_SPLINE_CURVE_WITH_KNOTS('',1,(#6619,#6620),.UNSPECIFIED.,.F.,
  .F.,(2,2),(4.712388980385,6.28318530718),.PIECEWISE_BEZIER_KNOTS.);
#6619 = CARTESIAN_POINT('',(6.28318530718,0.));
#6620 = CARTESIAN_POINT('',(4.712388980385,0.));
#6621 = ( GEOMETRIC_REPRESENTATION_CONTEXT(2) 
PARAMETRIC_REPRESENTATION_CONTEXT() REPRESENTATION_CONTEXT('2D SPACE',''
  ) );
#6622 = PCURVE('',#2551,#6623);
#6623 = DEFINITIONAL_REPRESENTATION('',(#6624),#6627);
#6624 = B_SPLINE_CURVE_WITH_KNOTS('',1,(#6625,#6626),.UNSPECIFIED.,.F.,
  .F.,(2,2),(4.712388980385,6.28318530718),.PIECEWISE_BEZIER_KNOTS.);
#6625 = CARTESIAN_POINT('',(1.570796326795,4.712388980385));
#6626 = CARTESIAN_POINT('',(1.570796326795,6.28318530718));
#6627 = ( GEOMETRIC_REPRESENTATION_CONTEXT(2) 
PARAMETRIC_REPRESENTATION_CONTEXT() REPRESENTATION_CONTEXT('2D SPACE',''
  ) );
#6628 = ADVANCED_FACE('',(#6629),#2551,.T.);
#6629 = FACE_BOUND('',#6630,.T.);
#6630 = EDGE_LOOP('',(#6631,#6653,#6654,#6655));
#6631 = ORIENTED_EDGE('',*,*,#6632,.F.);
#6632 = EDGE_CURVE('',#2531,#6633,#6635,.T.);
#6633 = VERTEX_POINT('',#6634);
#6634 = CARTESIAN_POINT('',(89.,100.,157.5));
#6635 = SURFACE_CURVE('',#6636,(#6641,#6647),.PCURVE_S1.);
#6636 = CIRCLE('',#6637,0.5);
#6637 = AXIS2_PLACEMENT_3D('',#6638,#6639,#6640);
#6638 = CARTESIAN_POINT('',(89.,99.5,157.5));
#6639 = DIRECTION('',(-1.,-0.,0.));
#6640 = DIRECTION('',(0.,0.,1.));
#6641 = PCURVE('',#2551,#6642);
#6642 = DEFINITIONAL_REPRESENTATION('',(#6643),#6646);
#6643 = B_SPLINE_CURVE_WITH_KNOTS('',1,(#6644,#6645),.UNSPECIFIED.,.F.,
  .F.,(2,2),(0.,1.570796326795),.PIECEWISE_BEZIER_KNOTS.);
#6644 = CARTESIAN_POINT('',(0.,4.712388980385));
#6645 = CARTESIAN_POINT('',(0.,6.28318530718));
#6646 = ( GEOMETRIC_REPRESENTATION_CONTEXT(2) 
PARAMETRIC_REPRESENTATION_CONTEXT() REPRESENTATION_CONTEXT('2D SPACE',''
  ) );
#6647 = PCURVE('',#2579,#6648);
#6648 = DEFINITIONAL_REPRESENTATION('',(#6649),#6652);
#6649 = B_SPLINE_CURVE_WITH_KNOTS('',1,(#6650,#6651),.UNSPECIFIED.,.F.,
  .F.,(2,2),(0.,1.570796326795),.PIECEWISE_BEZIER_KNOTS.);
#6650 = CARTESIAN_POINT('',(6.28318530718,82.));
#6651 = CARTESIAN_POINT('',(4.712388980385,82.));
#6652 = ( GEOMETRIC_REPRESENTATION_CONTEXT(2) 
PARAMETRIC_REPRESENTATION_CONTEXT() REPRESENTATION_CONTEXT('2D SPACE',''
  ) );
#6653 = ORIENTED_EDGE('',*,*,#2530,.T.);
#6654 = ORIENTED_EDGE('',*,*,#6609,.T.);
#6655 = ORIENTED_EDGE('',*,*,#6656,.F.);
#6656 = EDGE_CURVE('',#6633,#6582,#6657,.T.);
#6657 = SURFACE_CURVE('',#6658,(#6663,#6670),.PCURVE_S1.);
#6658 = CIRCLE('',#6659,7.);
#6659 = AXIS2_PLACEMENT_3D('',#6660,#6661,#6662);
#6660 = CARTESIAN_POINT('',(89.,93.,157.5));
#6661 = DIRECTION('',(0.,0.,-1.));
#6662 = DIRECTION('',(0.,1.,0.));
#6663 = PCURVE('',#2551,#6664);
#6664 = DEFINITIONAL_REPRESENTATION('',(#6665),#6669);
#6665 = LINE('',#6666,#6667);
#6666 = CARTESIAN_POINT('',(0.,6.28318530718));
#6667 = VECTOR('',#6668,1.);
#6668 = DIRECTION('',(1.,0.));
#6669 = ( GEOMETRIC_REPRESENTATION_CONTEXT(2) 
PARAMETRIC_REPRESENTATION_CONTEXT() REPRESENTATION_CONTEXT('2D SPACE',''
  ) );
#6670 = PCURVE('',#6671,#6676);
#6671 = CYLINDRICAL_SURFACE('',#6672,7.);
#6672 = AXIS2_PLACEMENT_3D('',#6673,#6674,#6675);
#6673 = CARTESIAN_POINT('',(89.,93.,0.));
#6674 = DIRECTION('',(0.,0.,1.));
#6675 = DIRECTION('',(1.,0.,-0.));
#6676 = DEFINITIONAL_REPRESENTATION('',(#6677),#6681);
#6677 = LINE('',#6678,#6679);
#6678 = CARTESIAN_POINT('',(1.570796326795,157.5));
#6679 = VECTOR('',#6680,1.);
#6680 = DIRECTION('',(-1.,-0.));
#6681 = ( GEOMETRIC_REPRESENTATION_CONTEXT(2) 
PARAMETRIC_REPRESENTATION_CONTEXT() REPRESENTATION_CONTEXT('2D SPACE',''
  ) );
#6682 = ADVANCED_FACE('',(#6683),#2579,.T.);
#6683 = FACE_BOUND('',#6684,.T.);
#6684 = EDGE_LOOP('',(#6685,#6686,#6687,#6715));
#6685 = ORIENTED_EDGE('',*,*,#2563,.T.);
#6686 = ORIENTED_EDGE('',*,*,#6632,.T.);
#6687 = ORIENTED_EDGE('',*,*,#6688,.F.);
#6688 = EDGE_CURVE('',#6689,#6633,#6691,.T.);
#6689 = VERTEX_POINT('',#6690);
#6690 = CARTESIAN_POINT('',(7.,100.,157.5));
#6691 = SURFACE_CURVE('',#6692,(#6696,#6703),.PCURVE_S1.);
#6692 = LINE('',#6693,#6694);
#6693 = CARTESIAN_POINT('',(7.,100.,157.5));
#6694 = VECTOR('',#6695,1.);
#6695 = DIRECTION('',(1.,0.,-0.));
#6696 = PCURVE('',#2579,#6697);
#6697 = DEFINITIONAL_REPRESENTATION('',(#6698),#6702);
#6698 = LINE('',#6699,#6700);
#6699 = CARTESIAN_POINT('',(4.712388980385,0.));
#6700 = VECTOR('',#6701,1.);
#6701 = DIRECTION('',(-0.,1.));
#6702 = ( GEOMETRIC_REPRESENTATION_CONTEXT(2) 
PARAMETRIC_REPRESENTATION_CONTEXT() REPRESENTATION_CONTEXT('2D SPACE',''
  ) );
#6703 = PCURVE('',#6704,#6709);
#6704 = PLANE('',#6705);
#6705 = AXIS2_PLACEMENT_3D('',#6706,#6707,#6708);
#6706 = CARTESIAN_POINT('',(0.,100.,0.));
#6707 = DIRECTION('',(-0.,1.,0.));
#6708 = DIRECTION('',(0.,0.,1.));
#6709 = DEFINITIONAL_REPRESENTATION('',(#6710),#6714);
#6710 = LINE('',#6711,#6712);
#6711 = CARTESIAN_POINT('',(157.5,7.));
#6712 = VECTOR('',#6713,1.);
#6713 = DIRECTION('',(0.,1.));
#6714 = ( GEOMETRIC_REPRESENTATION_CONTEXT(2) 
PARAMETRIC_REPRESENTATION_CONTEXT() REPRESENTATION_CONTEXT('2D SPACE',''
  ) );
#6715 = ORIENTED_EDGE('',*,*,#6716,.F.);
#6716 = EDGE_CURVE('',#2564,#6689,#6717,.T.);
#6717 = SURFACE_CURVE('',#6718,(#6723,#6729),.PCURVE_S1.);
#6718 = CIRCLE('',#6719,0.5);
#6719 = AXIS2_PLACEMENT_3D('',#6720,#6721,#6722);
#6720 = CARTESIAN_POINT('',(7.,99.5,157.5));
#6721 = DIRECTION('',(-1.,-6.123233995737E-17,0.));
#6722 = DIRECTION('',(-6.123233995737E-17,1.,0.));
#6723 = PCURVE('',#2579,#6724);
#6724 = DEFINITIONAL_REPRESENTATION('',(#6725),#6728);
#6725 = B_SPLINE_CURVE_WITH_KNOTS('',1,(#6726,#6727),.UNSPECIFIED.,.F.,
  .F.,(2,2),(4.712388980385,6.28318530718),.PIECEWISE_BEZIER_KNOTS.);
#6726 = CARTESIAN_POINT('',(6.28318530718,0.));
#6727 = CARTESIAN_POINT('',(4.712388980385,0.));
#6728 = ( GEOMETRIC_REPRESENTATION_CONTEXT(2) 
PARAMETRIC_REPRESENTATION_CONTEXT() REPRESENTATION_CONTEXT('2D SPACE',''
  ) );
#6729 = PCURVE('',#2612,#6730);
#6730 = DEFINITIONAL_REPRESENTATION('',(#6731),#6734);
#6731 = B_SPLINE_CURVE_WITH_KNOTS('',1,(#6732,#6733),.UNSPECIFIED.,.F.,
  .F.,(2,2),(4.712388980385,6.28318530718),.PIECEWISE_BEZIER_KNOTS.);
#6732 = CARTESIAN_POINT('',(1.570796326795,4.712388980385));
#6733 = CARTESIAN_POINT('',(1.570796326795,6.28318530718));
#6734 = ( GEOMETRIC_REPRESENTATION_CONTEXT(2) 
PARAMETRIC_REPRESENTATION_CONTEXT() REPRESENTATION_CONTEXT('2D SPACE',''
  ) );
#6735 = ADVANCED_FACE('',(#6736),#2612,.T.);
#6736 = FACE_BOUND('',#6737,.T.);
#6737 = EDGE_LOOP('',(#6738,#6758,#6759,#6760));
#6738 = ORIENTED_EDGE('',*,*,#6739,.F.);
#6739 = EDGE_CURVE('',#2592,#6434,#6740,.T.);
#6740 = SURFACE_CURVE('',#6741,(#6746,#6752),.PCURVE_S1.);
#6741 = CIRCLE('',#6742,0.5);
#6742 = AXIS2_PLACEMENT_3D('',#6743,#6744,#6745);
#6743 = CARTESIAN_POINT('',(0.5,93.,157.5));
#6744 = DIRECTION('',(0.,-1.,0.));
#6745 = DIRECTION('',(0.,0.,1.));
#6746 = PCURVE('',#2612,#6747);
#6747 = DEFINITIONAL_REPRESENTATION('',(#6748),#6751);
#6748 = B_SPLINE_CURVE_WITH_KNOTS('',1,(#6749,#6750),.UNSPECIFIED.,.F.,
  .F.,(2,2),(0.,1.570796326795),.PIECEWISE_BEZIER_KNOTS.);
#6749 = CARTESIAN_POINT('',(0.,4.712388980385));
#6750 = CARTESIAN_POINT('',(0.,6.28318530718));
#6751 = ( GEOMETRIC_REPRESENTATION_CONTEXT(2) 
PARAMETRIC_REPRESENTATION_CONTEXT() REPRESENTATION_CONTEXT('2D SPACE',''
  ) );
#6752 = PCURVE('',#2640,#6753);
#6753 = DEFINITIONAL_REPRESENTATION('',(#6754),#6757);
#6754 = B_SPLINE_CURVE_WITH_KNOTS('',1,(#6755,#6756),.UNSPECIFIED.,.F.,
  .F.,(2,2),(0.,1.570796326795),.PIECEWISE_BEZIER_KNOTS.);
#6755 = CARTESIAN_POINT('',(6.28318530718,86.));
#6756 = CARTESIAN_POINT('',(4.712388980385,86.));
#6757 = ( GEOMETRIC_REPRESENTATION_CONTEXT(2) 
PARAMETRIC_REPRESENTATION_CONTEXT() REPRESENTATION_CONTEXT('2D SPACE',''
  ) );
#6758 = ORIENTED_EDGE('',*,*,#2591,.T.);
#6759 = ORIENTED_EDGE('',*,*,#6716,.T.);
#6760 = ORIENTED_EDGE('',*,*,#6761,.F.);
#6761 = EDGE_CURVE('',#6434,#6689,#6762,.T.);
#6762 = SURFACE_CURVE('',#6763,(#6768,#6775),.PCURVE_S1.);
#6763 = CIRCLE('',#6764,7.);
#6764 = AXIS2_PLACEMENT_3D('',#6765,#6766,#6767);
#6765 = CARTESIAN_POINT('',(7.,93.,157.5));
#6766 = DIRECTION('',(0.,0.,-1.));
#6767 = DIRECTION('',(-1.,0.,0.));
#6768 = PCURVE('',#2612,#6769);
#6769 = DEFINITIONAL_REPRESENTATION('',(#6770),#6774);
#6770 = LINE('',#6771,#6772);
#6771 = CARTESIAN_POINT('',(0.,6.28318530718));
#6772 = VECTOR('',#6773,1.);
#6773 = DIRECTION('',(1.,0.));
#6774 = ( GEOMETRIC_REPRESENTATION_CONTEXT(2) 
PARAMETRIC_REPRESENTATION_CONTEXT() REPRESENTATION_CONTEXT('2D SPACE',''
  ) );
#6775 = PCURVE('',#6449,#6776);
#6776 = DEFINITIONAL_REPRESENTATION('',(#6777),#6781);
#6777 = LINE('',#6778,#6779);
#6778 = CARTESIAN_POINT('',(6.28318530718,157.5));
#6779 = VECTOR('',#6780,1.);
#6780 = DIRECTION('',(-1.,0.));
#6781 = ( GEOMETRIC_REPRESENTATION_CONTEXT(2) 
PARAMETRIC_REPRESENTATION_CONTEXT() REPRESENTATION_CONTEXT('2D SPACE',''
  ) );
#6782 = ADVANCED_FACE('',(#6783),#2640,.T.);
#6783 = FACE_BOUND('',#6784,.T.);
#6784 = EDGE_LOOP('',(#6785,#6786,#6787,#6788));
#6785 = ORIENTED_EDGE('',*,*,#2624,.T.);
#6786 = ORIENTED_EDGE('',*,*,#6739,.T.);
#6787 = ORIENTED_EDGE('',*,*,#6461,.F.);
#6788 = ORIENTED_EDGE('',*,*,#6789,.F.);
#6789 = EDGE_CURVE('',#2625,#6378,#6790,.T.);
#6790 = SURFACE_CURVE('',#6791,(#6796,#6802),.PCURVE_S1.);
#6791 = CIRCLE('',#6792,0.5);
#6792 = AXIS2_PLACEMENT_3D('',#6793,#6794,#6795);
#6793 = CARTESIAN_POINT('',(0.5,7.,157.5));
#6794 = DIRECTION('',(2.951168211093E-17,-1.,0.));
#6795 = DIRECTION('',(-1.,-2.951168211093E-17,0.));
#6796 = PCURVE('',#2640,#6797);
#6797 = DEFINITIONAL_REPRESENTATION('',(#6798),#6801);
#6798 = B_SPLINE_CURVE_WITH_KNOTS('',1,(#6799,#6800),.UNSPECIFIED.,.F.,
  .F.,(2,2),(4.712388980385,6.28318530718),.PIECEWISE_BEZIER_KNOTS.);
#6799 = CARTESIAN_POINT('',(6.28318530718,0.));
#6800 = CARTESIAN_POINT('',(4.712388980385,0.));
#6801 = ( GEOMETRIC_REPRESENTATION_CONTEXT(2) 
PARAMETRIC_REPRESENTATION_CONTEXT() REPRESENTATION_CONTEXT('2D SPACE',''
  ) );
#6802 = PCURVE('',#2673,#6803);
#6803 = DEFINITIONAL_REPRESENTATION('',(#6804),#6807);
#6804 = B_SPLINE_CURVE_WITH_KNOTS('',1,(#6805,#6806),.UNSPECIFIED.,.F.,
  .F.,(2,2),(4.712388980385,6.28318530718),.PIECEWISE_BEZIER_KNOTS.);
#6805 = CARTESIAN_POINT('',(1.570796326795,4.712388980385));
#6806 = CARTESIAN_POINT('',(1.570796326795,6.28318530718));
#6807 = ( GEOMETRIC_REPRESENTATION_CONTEXT(2) 
PARAMETRIC_REPRESENTATION_CONTEXT() REPRESENTATION_CONTEXT('2D SPACE',''
  ) );
#6808 = ADVANCED_FACE('',(#6809),#2673,.T.);
#6809 = FACE_BOUND('',#6810,.T.);
#6810 = EDGE_LOOP('',(#6811,#6833,#6834,#6835));
#6811 = ORIENTED_EDGE('',*,*,#6812,.F.);
#6812 = EDGE_CURVE('',#2653,#6813,#6815,.T.);
#6813 = VERTEX_POINT('',#6814);
#6814 = CARTESIAN_POINT('',(7.,-1.110223024625E-16,157.5));
#6815 = SURFACE_CURVE('',#6816,(#6821,#6827),.PCURVE_S1.);
#6816 = CIRCLE('',#6817,0.5);
#6817 = AXIS2_PLACEMENT_3D('',#6818,#6819,#6820);
#6818 = CARTESIAN_POINT('',(7.,0.5,157.5));
#6819 = DIRECTION('',(1.,0.,-0.));
#6820 = DIRECTION('',(0.,0.,1.));
#6821 = PCURVE('',#2673,#6822);
#6822 = DEFINITIONAL_REPRESENTATION('',(#6823),#6826);
#6823 = B_SPLINE_CURVE_WITH_KNOTS('',1,(#6824,#6825),.UNSPECIFIED.,.F.,
  .F.,(2,2),(0.,1.570796326795),.PIECEWISE_BEZIER_KNOTS.);
#6824 = CARTESIAN_POINT('',(-2.22044604925E-16,4.712388980385));
#6825 = CARTESIAN_POINT('',(-2.22044604925E-16,6.28318530718));
#6826 = ( GEOMETRIC_REPRESENTATION_CONTEXT(2) 
PARAMETRIC_REPRESENTATION_CONTEXT() REPRESENTATION_CONTEXT('2D SPACE',''
  ) );
#6827 = PCURVE('',#2699,#6828);
#6828 = DEFINITIONAL_REPRESENTATION('',(#6829),#6832);
#6829 = B_SPLINE_CURVE_WITH_KNOTS('',1,(#6830,#6831),.UNSPECIFIED.,.F.,
  .F.,(2,2),(0.,1.570796326795),.PIECEWISE_BEZIER_KNOTS.);
#6830 = CARTESIAN_POINT('',(6.28318530718,82.));
#6831 = CARTESIAN_POINT('',(4.712388980385,82.));
#6832 = ( GEOMETRIC_REPRESENTATION_CONTEXT(2) 
PARAMETRIC_REPRESENTATION_CONTEXT() REPRESENTATION_CONTEXT('2D SPACE',''
  ) );
#6833 = ORIENTED_EDGE('',*,*,#2652,.T.);
#6834 = ORIENTED_EDGE('',*,*,#6789,.T.);
#6835 = ORIENTED_EDGE('',*,*,#6836,.F.);
#6836 = EDGE_CURVE('',#6813,#6378,#6837,.T.);
#6837 = SURFACE_CURVE('',#6838,(#6843,#6850),.PCURVE_S1.);
#6838 = CIRCLE('',#6839,7.);
#6839 = AXIS2_PLACEMENT_3D('',#6840,#6841,#6842);
#6840 = CARTESIAN_POINT('',(7.,7.,157.5));
#6841 = DIRECTION('',(-0.,0.,-1.));
#6842 = DIRECTION('',(-2.537652627715E-16,-1.,0.));
#6843 = PCURVE('',#2673,#6844);
#6844 = DEFINITIONAL_REPRESENTATION('',(#6845),#6849);
#6845 = LINE('',#6846,#6847);
#6846 = CARTESIAN_POINT('',(0.,6.28318530718));
#6847 = VECTOR('',#6848,1.);
#6848 = DIRECTION('',(1.,0.));
#6849 = ( GEOMETRIC_REPRESENTATION_CONTEXT(2) 
PARAMETRIC_REPRESENTATION_CONTEXT() REPRESENTATION_CONTEXT('2D SPACE',''
  ) );
#6850 = PCURVE('',#6393,#6851);
#6851 = DEFINITIONAL_REPRESENTATION('',(#6852),#6856);
#6852 = LINE('',#6853,#6854);
#6853 = CARTESIAN_POINT('',(1.570796326795,157.5));
#6854 = VECTOR('',#6855,1.);
#6855 = DIRECTION('',(-1.,-0.));
#6856 = ( GEOMETRIC_REPRESENTATION_CONTEXT(2) 
PARAMETRIC_REPRESENTATION_CONTEXT() REPRESENTATION_CONTEXT('2D SPACE',''
  ) );
#6857 = ADVANCED_FACE('',(#6858),#2699,.T.);
#6858 = FACE_BOUND('',#6859,.T.);
#6859 = EDGE_LOOP('',(#6860,#6861,#6862,#6888));
#6860 = ORIENTED_EDGE('',*,*,#2685,.T.);
#6861 = ORIENTED_EDGE('',*,*,#6812,.T.);
#6862 = ORIENTED_EDGE('',*,*,#6863,.F.);
#6863 = EDGE_CURVE('',#6528,#6813,#6864,.T.);
#6864 = SURFACE_CURVE('',#6865,(#6869,#6876),.PCURVE_S1.);
#6865 = LINE('',#6866,#6867);
#6866 = CARTESIAN_POINT('',(89.,-1.110223024625E-16,157.5));
#6867 = VECTOR('',#6868,1.);
#6868 = DIRECTION('',(-1.,-0.,0.));
#6869 = PCURVE('',#2699,#6870);
#6870 = DEFINITIONAL_REPRESENTATION('',(#6871),#6875);
#6871 = LINE('',#6872,#6873);
#6872 = CARTESIAN_POINT('',(4.712388980385,0.));
#6873 = VECTOR('',#6874,1.);
#6874 = DIRECTION('',(-0.,1.));
#6875 = ( GEOMETRIC_REPRESENTATION_CONTEXT(2) 
PARAMETRIC_REPRESENTATION_CONTEXT() REPRESENTATION_CONTEXT('2D SPACE',''
  ) );
#6876 = PCURVE('',#6877,#6882);
#6877 = PLANE('',#6878);
#6878 = AXIS2_PLACEMENT_3D('',#6879,#6880,#6881);
#6879 = CARTESIAN_POINT('',(0.,0.,0.));
#6880 = DIRECTION('',(-0.,1.,0.));
#6881 = DIRECTION('',(0.,0.,1.));
#6882 = DEFINITIONAL_REPRESENTATION('',(#6883),#6887);
#6883 = LINE('',#6884,#6885);
#6884 = CARTESIAN_POINT('',(157.5,89.));
#6885 = VECTOR('',#6886,1.);
#6886 = DIRECTION('',(0.,-1.));
#6887 = ( GEOMETRIC_REPRESENTATION_CONTEXT(2) 
PARAMETRIC_REPRESENTATION_CONTEXT() REPRESENTATION_CONTEXT('2D SPACE',''
  ) );
#6888 = ORIENTED_EDGE('',*,*,#6527,.F.);
#6889 = ADVANCED_FACE('',(#6890),#2730,.F.);
#6890 = FACE_BOUND('',#6891,.F.);
#6891 = EDGE_LOOP('',(#6892,#6893,#6916,#6943));
#6892 = ORIENTED_EDGE('',*,*,#2713,.F.);
#6893 = ORIENTED_EDGE('',*,*,#6894,.F.);
#6894 = EDGE_CURVE('',#6895,#2714,#6897,.T.);
#6895 = VERTEX_POINT('',#6896);
#6896 = CARTESIAN_POINT('',(4.9,15.,151.));
#6897 = SEAM_CURVE('',#6898,(#6902,#6909),.PCURVE_S1.);
#6898 = LINE('',#6899,#6900);
#6899 = CARTESIAN_POINT('',(4.9,15.,151.));
#6900 = VECTOR('',#6901,1.);
#6901 = DIRECTION('',(0.,0.,1.));
#6902 = PCURVE('',#2730,#6903);
#6903 = DEFINITIONAL_REPRESENTATION('',(#6904),#6908);
#6904 = LINE('',#6905,#6906);
#6905 = CARTESIAN_POINT('',(0.,-0.));
#6906 = VECTOR('',#6907,1.);
#6907 = DIRECTION('',(0.,1.));
#6908 = ( GEOMETRIC_REPRESENTATION_CONTEXT(2) 
PARAMETRIC_REPRESENTATION_CONTEXT() REPRESENTATION_CONTEXT('2D SPACE',''
  ) );
#6909 = PCURVE('',#2730,#6910);
#6910 = DEFINITIONAL_REPRESENTATION('',(#6911),#6915);
#6911 = LINE('',#6912,#6913);
#6912 = CARTESIAN_POINT('',(6.28318530718,-0.));
#6913 = VECTOR('',#6914,1.);
#6914 = DIRECTION('',(0.,1.));
#6915 = ( GEOMETRIC_REPRESENTATION_CONTEXT(2) 
PARAMETRIC_REPRESENTATION_CONTEXT() REPRESENTATION_CONTEXT('2D SPACE',''
  ) );
#6916 = ORIENTED_EDGE('',*,*,#6917,.T.);
#6917 = EDGE_CURVE('',#6895,#6895,#6918,.T.);
#6918 = SURFACE_CURVE('',#6919,(#6924,#6931),.PCURVE_S1.);
#6919 = CIRCLE('',#6920,1.4);
#6920 = AXIS2_PLACEMENT_3D('',#6921,#6922,#6923);
#6921 = CARTESIAN_POINT('',(3.5,15.,151.));
#6922 = DIRECTION('',(0.,0.,1.));
#6923 = DIRECTION('',(1.,0.,-0.));
#6924 = PCURVE('',#2730,#6925);
#6925 = DEFINITIONAL_REPRESENTATION('',(#6926),#6930);
#6926 = LINE('',#6927,#6928);
#6927 = CARTESIAN_POINT('',(0.,0.));
#6928 = VECTOR('',#6929,1.);
#6929 = DIRECTION('',(1.,0.));
#6930 = ( GEOMETRIC_REPRESENTATION_CONTEXT(2) 
PARAMETRIC_REPRESENTATION_CONTEXT() REPRESENTATION_CONTEXT('2D SPACE',''
  ) );
#6931 = PCURVE('',#6932,#6937);
#6932 = PLANE('',#6933);
#6933 = AXIS2_PLACEMENT_3D('',#6934,#6935,#6936);
#6934 = CARTESIAN_POINT('',(3.5,15.,151.));
#6935 = DIRECTION('',(0.,0.,1.));
#6936 = DIRECTION('',(1.,0.,-0.));
#6937 = DEFINITIONAL_REPRESENTATION('',(#6938),#6942);
#6938 = CIRCLE('',#6939,1.4);
#6939 = AXIS2_PLACEMENT_2D('',#6940,#6941);
#6940 = CARTESIAN_POINT('',(0.,0.));
#6941 = DIRECTION('',(1.,0.));
#6942 = ( GEOMETRIC_REPRESENTATION_CONTEXT(2) 
PARAMETRIC_REPRESENTATION_CONTEXT() REPRESENTATION_CONTEXT('2D SPACE',''
  ) );
#6943 = ORIENTED_EDGE('',*,*,#6894,.T.);
#6944 = ADVANCED_FACE('',(#6945),#2761,.F.);
#6945 = FACE_BOUND('',#6946,.F.);
#6946 = EDGE_LOOP('',(#6947,#6948,#6971,#6998));
#6947 = ORIENTED_EDGE('',*,*,#2744,.F.);
#6948 = ORIENTED_EDGE('',*,*,#6949,.F.);
#6949 = EDGE_CURVE('',#6950,#2745,#6952,.T.);
#6950 = VERTEX_POINT('',#6951);
#6951 = CARTESIAN_POINT('',(93.9,15.,151.));
#6952 = SEAM_CURVE('',#6953,(#6957,#6964),.PCURVE_S1.);
#6953 = LINE('',#6954,#6955);
#6954 = CARTESIAN_POINT('',(93.9,15.,151.));
#6955 = VECTOR('',#6956,1.);
#6956 = DIRECTION('',(0.,0.,1.));
#6957 = PCURVE('',#2761,#6958);
#6958 = DEFINITIONAL_REPRESENTATION('',(#6959),#6963);
#6959 = LINE('',#6960,#6961);
#6960 = CARTESIAN_POINT('',(0.,-0.));
#6961 = VECTOR('',#6962,1.);
#6962 = DIRECTION('',(0.,1.));
#6963 = ( GEOMETRIC_REPRESENTATION_CONTEXT(2) 
PARAMETRIC_REPRESENTATION_CONTEXT() REPRESENTATION_CONTEXT('2D SPACE',''
  ) );
#6964 = PCURVE('',#2761,#6965);
#6965 = DEFINITIONAL_REPRESENTATION('',(#6966),#6970);
#6966 = LINE('',#6967,#6968);
#6967 = CARTESIAN_POINT('',(6.28318530718,-0.));
#6968 = VECTOR('',#6969,1.);
#6969 = DIRECTION('',(0.,1.));
#6970 = ( GEOMETRIC_REPRESENTATION_CONTEXT(2) 
PARAMETRIC_REPRESENTATION_CONTEXT() REPRESENTATION_CONTEXT('2D SPACE',''
  ) );
#6971 = ORIENTED_EDGE('',*,*,#6972,.T.);
#6972 = EDGE_CURVE('',#6950,#6950,#6973,.T.);
#6973 = SURFACE_CURVE('',#6974,(#6979,#6986),.PCURVE_S1.);
#6974 = CIRCLE('',#6975,1.4);
#6975 = AXIS2_PLACEMENT_3D('',#6976,#6977,#6978);
#6976 = CARTESIAN_POINT('',(92.5,15.,151.));
#6977 = DIRECTION('',(0.,0.,1.));
#6978 = DIRECTION('',(1.,0.,-0.));
#6979 = PCURVE('',#2761,#6980);
#6980 = DEFINITIONAL_REPRESENTATION('',(#6981),#6985);
#6981 = LINE('',#6982,#6983);
#6982 = CARTESIAN_POINT('',(0.,0.));
#6983 = VECTOR('',#6984,1.);
#6984 = DIRECTION('',(1.,0.));
#6985 = ( GEOMETRIC_REPRESENTATION_CONTEXT(2) 
PARAMETRIC_REPRESENTATION_CONTEXT() REPRESENTATION_CONTEXT('2D SPACE',''
  ) );
#6986 = PCURVE('',#6987,#6992);
#6987 = PLANE('',#6988);
#6988 = AXIS2_PLACEMENT_3D('',#6989,#6990,#6991);
#6989 = CARTESIAN_POINT('',(92.5,15.,151.));
#6990 = DIRECTION('',(0.,0.,1.));
#6991 = DIRECTION('',(1.,0.,-0.));
#6992 = DEFINITIONAL_REPRESENTATION('',(#6993),#6997);
#6993 = CIRCLE('',#6994,1.4);
#6994 = AXIS2_PLACEMENT_2D('',#6995,#6996);
#6995 = CARTESIAN_POINT('',(0.,0.));
#6996 = DIRECTION('',(1.,0.));
#6997 = ( GEOMETRIC_REPRESENTATION_CONTEXT(2) 
PARAMETRIC_REPRESENTATION_CONTEXT() REPRESENTATION_CONTEXT('2D SPACE',''
  ) );
#6998 = ORIENTED_EDGE('',*,*,#6949,.T.);
#6999 = ADVANCED_FACE('',(#7000),#2793,.T.);
#7000 = FACE_BOUND('',#7001,.T.);
#7001 = EDGE_LOOP('',(#7002,#7003,#7023,#7024));
#7002 = ORIENTED_EDGE('',*,*,#2775,.F.);
#7003 = ORIENTED_EDGE('',*,*,#7004,.T.);
#7004 = EDGE_CURVE('',#2776,#5846,#7005,.T.);
#7005 = SURFACE_CURVE('',#7006,(#7011,#7017),.PCURVE_S1.);
#7006 = CIRCLE('',#7007,0.5);
#7007 = AXIS2_PLACEMENT_3D('',#7008,#7009,#7010);
#7008 = CARTESIAN_POINT('',(90.5,92.,157.5));
#7009 = DIRECTION('',(6.123233995737E-17,-1.,0.));
#7010 = DIRECTION('',(1.,6.123233995737E-17,0.));
#7011 = PCURVE('',#2793,#7012);
#7012 = DEFINITIONAL_REPRESENTATION('',(#7013),#7016);
#7013 = B_SPLINE_CURVE_WITH_KNOTS('',1,(#7014,#7015),.UNSPECIFIED.,.F.,
  .F.,(2,2),(1.570796326795,3.14159265359),.PIECEWISE_BEZIER_KNOTS.);
#7014 = CARTESIAN_POINT('',(0.,0.));
#7015 = CARTESIAN_POINT('',(1.570796326795,0.));
#7016 = ( GEOMETRIC_REPRESENTATION_CONTEXT(2) 
PARAMETRIC_REPRESENTATION_CONTEXT() REPRESENTATION_CONTEXT('2D SPACE',''
  ) );
#7017 = PCURVE('',#2987,#7018);
#7018 = DEFINITIONAL_REPRESENTATION('',(#7019),#7022);
#7019 = B_SPLINE_CURVE_WITH_KNOTS('',1,(#7020,#7021),.UNSPECIFIED.,.F.,
  .F.,(2,2),(1.570796326795,3.14159265359),.PIECEWISE_BEZIER_KNOTS.);
#7020 = CARTESIAN_POINT('',(4.712388980385,1.570796326795));
#7021 = CARTESIAN_POINT('',(4.712388980385,3.14159265359));
#7022 = ( GEOMETRIC_REPRESENTATION_CONTEXT(2) 
PARAMETRIC_REPRESENTATION_CONTEXT() REPRESENTATION_CONTEXT('2D SPACE',''
  ) );
#7023 = ORIENTED_EDGE('',*,*,#5868,.T.);
#7024 = ORIENTED_EDGE('',*,*,#7025,.F.);
#7025 = EDGE_CURVE('',#2778,#5869,#7026,.T.);
#7026 = SURFACE_CURVE('',#7027,(#7032,#7039),.PCURVE_S1.);
#7027 = CIRCLE('',#7028,0.5);
#7028 = AXIS2_PLACEMENT_3D('',#7029,#7030,#7031);
#7029 = CARTESIAN_POINT('',(90.5,13.,157.5));
#7030 = DIRECTION('',(0.,-1.,0.));
#7031 = DIRECTION('',(0.,0.,1.));
#7032 = PCURVE('',#2793,#7033);
#7033 = DEFINITIONAL_REPRESENTATION('',(#7034),#7038);
#7034 = LINE('',#7035,#7036);
#7035 = CARTESIAN_POINT('',(0.,79.));
#7036 = VECTOR('',#7037,1.);
#7037 = DIRECTION('',(1.,0.));
#7038 = ( GEOMETRIC_REPRESENTATION_CONTEXT(2) 
PARAMETRIC_REPRESENTATION_CONTEXT() REPRESENTATION_CONTEXT('2D SPACE',''
  ) );
#7039 = PCURVE('',#2821,#7040);
#7040 = DEFINITIONAL_REPRESENTATION('',(#7041),#7049);
#7041 = ( BOUNDED_CURVE() B_SPLINE_CURVE(2,(#7042,#7043,#7044,#7045,
#7046,#7047,#7048),.UNSPECIFIED.,.T.,.F.) B_SPLINE_CURVE_WITH_KNOTS((1,2
    ,2,2,2,1),(-2.094395102393,0.,2.094395102393,4.188790204786,
6.28318530718,8.377580409573),.UNSPECIFIED.) CURVE() 
GEOMETRIC_REPRESENTATION_ITEM() RATIONAL_B_SPLINE_CURVE((1.,0.5,1.,0.5,
1.,0.5,1.)) REPRESENTATION_ITEM('') );
#7042 = CARTESIAN_POINT('',(11.03553390594,2.720481209212));
#7043 = CARTESIAN_POINT('',(11.03553390594,1.854455805428));
#7044 = CARTESIAN_POINT('',(10.28553390594,2.28746850732));
#7045 = CARTESIAN_POINT('',(9.53553390594,2.720481209212));
#7046 = CARTESIAN_POINT('',(10.28553390594,3.153493911104));
#7047 = CARTESIAN_POINT('',(11.03553390594,3.586506612996));
#7048 = CARTESIAN_POINT('',(11.03553390594,2.720481209212));
#7049 = ( GEOMETRIC_REPRESENTATION_CONTEXT(2) 
PARAMETRIC_REPRESENTATION_CONTEXT() REPRESENTATION_CONTEXT('2D SPACE',''
  ) );
#7050 = ADVANCED_FACE('',(#7051,#7081),#2821,.T.);
#7051 = FACE_BOUND('',#7052,.T.);
#7052 = EDGE_LOOP('',(#7053,#7054,#7055,#7056,#7057,#7079,#7080));
#7053 = ORIENTED_EDGE('',*,*,#5891,.T.);
#7054 = ORIENTED_EDGE('',*,*,#6038,.T.);
#7055 = ORIENTED_EDGE('',*,*,#6112,.T.);
#7056 = ORIENTED_EDGE('',*,*,#6137,.T.);
#7057 = ORIENTED_EDGE('',*,*,#7058,.T.);
#7058 = EDGE_CURVE('',#6138,#2806,#7059,.T.);
#7059 = SURFACE_CURVE('',#7060,(#7065,#7072),.PCURVE_S1.);
#7060 = CIRCLE('',#7061,0.6);
#7061 = AXIS2_PLACEMENT_3D('',#7062,#7063,#7064);
#7062 = CARTESIAN_POINT('',(82.6,13.,157.4));
#7063 = DIRECTION('',(0.,1.,0.));
#7064 = DIRECTION('',(0.,0.,-1.));
#7065 = PCURVE('',#2821,#7066);
#7066 = DEFINITIONAL_REPRESENTATION('',(#7067),#7071);
#7067 = CIRCLE('',#7068,0.6);
#7068 = AXIS2_PLACEMENT_2D('',#7069,#7070);
#7069 = CARTESIAN_POINT('',(10.43553390594,-5.179518790788));
#7070 = DIRECTION('',(-1.,0.));
#7071 = ( GEOMETRIC_REPRESENTATION_CONTEXT(2) 
PARAMETRIC_REPRESENTATION_CONTEXT() REPRESENTATION_CONTEXT('2D SPACE',''
  ) );
#7072 = PCURVE('',#2849,#7073);
#7073 = DEFINITIONAL_REPRESENTATION('',(#7074),#7078);
#7074 = LINE('',#7075,#7076);
#7075 = CARTESIAN_POINT('',(7.853981633975,0.));
#7076 = VECTOR('',#7077,1.);
#7077 = DIRECTION('',(-1.,0.));
#7078 = ( GEOMETRIC_REPRESENTATION_CONTEXT(2) 
PARAMETRIC_REPRESENTATION_CONTEXT() REPRESENTATION_CONTEXT('2D SPACE',''
  ) );
#7079 = ORIENTED_EDGE('',*,*,#2805,.T.);
#7080 = ORIENTED_EDGE('',*,*,#7025,.T.);
#7081 = FACE_BOUND('',#7082,.T.);
#7082 = EDGE_LOOP('',(#7083));
#7083 = ORIENTED_EDGE('',*,*,#6325,.F.);
#7084 = ADVANCED_FACE('',(#7085),#2849,.T.);
#7085 = FACE_BOUND('',#7086,.T.);
#7086 = EDGE_LOOP('',(#7087,#7115,#7331,#7332,#7333));
#7087 = ORIENTED_EDGE('',*,*,#7088,.F.);
#7088 = EDGE_CURVE('',#7089,#6186,#7091,.T.);
#7089 = VERTEX_POINT('',#7090);
#7090 = CARTESIAN_POINT('',(82.008392021694,8.,157.5));
#7091 = SURFACE_CURVE('',#7092,(#7097,#7104),.PCURVE_S1.);
#7092 = CIRCLE('',#7093,0.6);
#7093 = AXIS2_PLACEMENT_3D('',#7094,#7095,#7096);
#7094 = CARTESIAN_POINT('',(82.6,8.,157.4));
#7095 = DIRECTION('',(0.,-1.,0.));
#7096 = DIRECTION('',(-1.,0.,0.));
#7097 = PCURVE('',#2849,#7098);
#7098 = DEFINITIONAL_REPRESENTATION('',(#7099),#7103);
#7099 = LINE('',#7100,#7101);
#7100 = CARTESIAN_POINT('',(-4.138911435803E-13,5.));
#7101 = VECTOR('',#7102,1.);
#7102 = DIRECTION('',(1.,-0.));
#7103 = ( GEOMETRIC_REPRESENTATION_CONTEXT(2) 
PARAMETRIC_REPRESENTATION_CONTEXT() REPRESENTATION_CONTEXT('2D SPACE',''
  ) );
#7104 = PCURVE('',#3158,#7105);
#7105 = DEFINITIONAL_REPRESENTATION('',(#7106),#7114);
#7106 = ( BOUNDED_CURVE() B_SPLINE_CURVE(2,(#7107,#7108,#7109,#7110,
#7111,#7112,#7113),.UNSPECIFIED.,.T.,.F.) B_SPLINE_CURVE_WITH_KNOTS((1,2
    ,2,2,2,1),(-2.094395102393,0.,2.094395102393,4.188790204786,
6.28318530718,8.377580409573),.UNSPECIFIED.) CURVE() 
GEOMETRIC_REPRESENTATION_ITEM() RATIONAL_B_SPLINE_CURVE((1.,0.5,1.,0.5,
1.,0.5,1.)) REPRESENTATION_ITEM('') );
#7107 = CARTESIAN_POINT('',(151.4,76.));
#7108 = CARTESIAN_POINT('',(150.36076951545,76.));
#7109 = CARTESIAN_POINT('',(150.88038475772,76.9));
#7110 = CARTESIAN_POINT('',(151.4,77.8));
#7111 = CARTESIAN_POINT('',(151.91961524227,76.9));
#7112 = CARTESIAN_POINT('',(152.43923048454,76.));
#7113 = CARTESIAN_POINT('',(151.4,76.));
#7114 = ( GEOMETRIC_REPRESENTATION_CONTEXT(2) 
PARAMETRIC_REPRESENTATION_CONTEXT() REPRESENTATION_CONTEXT('2D SPACE',''
  ) );
#7115 = ORIENTED_EDGE('',*,*,#7116,.F.);
#7116 = EDGE_CURVE('',#2834,#7089,#7117,.T.);
#7117 = SURFACE_CURVE('',#7118,(#7187,#7259),.PCURVE_S1.);
#7118 = B_SPLINE_CURVE_WITH_KNOTS('',7,(#7119,#7120,#7121,#7122,#7123,
    #7124,#7125,#7126,#7127,#7128,#7129,#7130,#7131,#7132,#7133,#7134,
    #7135,#7136,#7137,#7138,#7139,#7140,#7141,#7142,#7143,#7144,#7145,
    #7146,#7147,#7148,#7149,#7150,#7151,#7152,#7153,#7154,#7155,#7156,
    #7157,#7158,#7159,#7160,#7161,#7162,#7163,#7164,#7165,#7166,#7167,
    #7168,#7169,#7170,#7171,#7172,#7173,#7174,#7175,#7176,#7177,#7178,
    #7179,#7180,#7181,#7182,#7183,#7184,#7185,#7186),.UNSPECIFIED.,.F.,
  .F.,(8,6,6,6,6,6,6,6,6,6,6,8),(0.,6.164182224711E-04,
    1.232836303768E-03,1.849254117023E-03,2.465671526651E-03,
    3.060832654038E-03,3.634737437881E-03,4.229897225959E-03,
    4.846311810804E-03,5.420214095675E-03,0.606963901073,1.),
  .UNSPECIFIED.);
#7119 = CARTESIAN_POINT('',(82.6,7.5,158.));
#7120 = CARTESIAN_POINT('',(82.599930383725,7.50006355059,158.));
#7121 = CARTESIAN_POINT('',(82.599860767509,7.500127101231,
    157.99999999057));
#7122 = CARTESIAN_POINT('',(82.59979115131,7.500190651885,
    157.99999997172));
#7123 = CARTESIAN_POINT('',(82.599721535103,7.500254202528,
    157.99999994345));
#7124 = CARTESIAN_POINT('',(82.59965191888,7.50031775315,157.99999990576
    ));
#7125 = CARTESIAN_POINT('',(82.59958230265,7.500381303757,
    157.99999985864));
#7126 = CARTESIAN_POINT('',(82.599443070244,7.500508404968,
    157.99999974556));
#7127 = CARTESIAN_POINT('',(82.599373454054,7.50057195556,
    157.99999967959));
#7128 = CARTESIAN_POINT('',(82.599303837871,7.500635506145,
    157.9999996042));
#7129 = CARTESIAN_POINT('',(82.599234221695,7.500699056722,
    157.99999951939));
#7130 = CARTESIAN_POINT('',(82.599164605528,7.500762607288,
    157.99999942516));
#7131 = CARTESIAN_POINT('',(82.599094989371,7.500826157844,
    157.9999993215));
#7132 = CARTESIAN_POINT('',(82.59895575711,7.500953258903,
    157.99999909533));
#7133 = CARTESIAN_POINT('',(82.598886141005,7.501016809407,
    157.99999897282));
#7134 = CARTESIAN_POINT('',(82.598816524912,7.501080359897,
    157.99999884089));
#7135 = CARTESIAN_POINT('',(82.598746908833,7.501143910373,
    157.99999869954));
#7136 = CARTESIAN_POINT('',(82.598677292768,7.501207460833,
    157.99999854876));
#7137 = CARTESIAN_POINT('',(82.598607676718,7.501271011276,
    157.99999838856));
#7138 = CARTESIAN_POINT('',(82.598468444697,7.501398112084,
    157.99999804931));
#7139 = CARTESIAN_POINT('',(82.598398828726,7.501461662449,
    157.99999787026));
#7140 = CARTESIAN_POINT('',(82.598329212772,7.501525212794,
    157.99999768179));
#7141 = CARTESIAN_POINT('',(82.598259596838,7.501588763119,
    157.9999974839));
#7142 = CARTESIAN_POINT('',(82.598189980923,7.501652313422,
    157.99999727658));
#7143 = CARTESIAN_POINT('',(82.598120365028,7.501715863702,
    157.99999705984));
#7144 = CARTESIAN_POINT('',(82.597983533889,7.501840772773,
    157.9999966153));
#7145 = CARTESIAN_POINT('',(82.597916318642,7.501902131565,
    157.99999638815));
#7146 = CARTESIAN_POINT('',(82.597849103417,7.501963490334,
    157.99999615222));
#7147 = CARTESIAN_POINT('',(82.597781888214,7.502024849078,
    157.99999590749));
#7148 = CARTESIAN_POINT('',(82.597714673035,7.502086207795,
    157.99999565399));
#7149 = CARTESIAN_POINT('',(82.59764745788,7.502147566486,157.9999953917
    ));
#7150 = CARTESIAN_POINT('',(82.597515428228,7.50226809237,
    157.99999485923));
#7151 = CARTESIAN_POINT('',(82.597450613729,7.502327259565,
    157.99999458966));
#7152 = CARTESIAN_POINT('',(82.597385799255,7.502386426733,
    157.99999431193));
#7153 = CARTESIAN_POINT('',(82.597320984806,7.502445593873,
    157.99999402603));
#7154 = CARTESIAN_POINT('',(82.597256170384,7.502504760984,
    157.99999373196));
#7155 = CARTESIAN_POINT('',(82.597191355989,7.502563928065,
    157.99999342973));
#7156 = CARTESIAN_POINT('',(82.597059326805,7.502684453462,
    157.99999279742));
#7157 = CARTESIAN_POINT('',(82.596992112018,7.502745811775,
    157.99999246673));
#7158 = CARTESIAN_POINT('',(82.596924897262,7.502807170054,
    157.99999212726));
#7159 = CARTESIAN_POINT('',(82.596857682539,7.502868528298,157.999991779
    ));
#7160 = CARTESIAN_POINT('',(82.596790467849,7.502929886505,
    157.99999142196));
#7161 = CARTESIAN_POINT('',(82.596723253193,7.502991244674,
    157.99999105614));
#7162 = CARTESIAN_POINT('',(82.596586423532,7.503116152202,
    157.99999029354));
#7163 = CARTESIAN_POINT('',(82.59651680853,7.503179701559,
    157.99998989612));
#7164 = CARTESIAN_POINT('',(82.596447193567,7.503243250873,
    157.99998948929));
#7165 = CARTESIAN_POINT('',(82.596377578643,7.503306800142,
    157.99998907303));
#7166 = CARTESIAN_POINT('',(82.596307963761,7.503370349367,
    157.99998864734));
#7167 = CARTESIAN_POINT('',(82.59623834892,7.503433898545,
    157.99998821224));
#7168 = CARTESIAN_POINT('',(82.596103920454,7.503556614009,
    157.99998735383));
#7169 = CARTESIAN_POINT('',(82.596039106822,7.503615780301,
    157.99998693179));
#7170 = CARTESIAN_POINT('',(82.595974293228,7.503674946551,
    157.99998650158));
#7171 = CARTESIAN_POINT('',(82.595909479674,7.503734112758,
    157.9999860632));
#7172 = CARTESIAN_POINT('',(82.59584466616,7.50379327892,157.99998561666
    ));
#7173 = CARTESIAN_POINT('',(82.595779852687,7.503852445037,
    157.99998516194));
#7174 = CARTESIAN_POINT('',(82.527779937118,7.565927353698,
    157.99949952128));
#7175 = CARTESIAN_POINT('',(82.45985265763,7.627927238425,157.9900396963
    ));
#7176 = CARTESIAN_POINT('',(82.392925021034,7.688810618886,
    157.97158590043));
#7177 = CARTESIAN_POINT('',(82.328112771389,7.747363617434,
    157.94405892773));
#7178 = CARTESIAN_POINT('',(82.266694128249,7.802184945688,
    157.90747261199));
#7179 = CARTESIAN_POINT('',(82.210125204492,7.85167025995,
    157.86196858645));
#7180 = CARTESIAN_POINT('',(82.127373518653,7.921444121088,
    157.77274239237));
#7181 = CARTESIAN_POINT('',(82.097335601775,7.946007775771,
    157.7337416169));
#7182 = CARTESIAN_POINT('',(82.070727011374,7.966755950092,
    157.69136301708));
#7183 = CARTESIAN_POINT('',(82.048158474117,7.983012445529,
    157.64613127188));
#7184 = CARTESIAN_POINT('',(82.030084862597,7.994233466985,
    157.59867886634));
#7185 = CARTESIAN_POINT('',(82.016794966447,8.,157.54971249159));
#7186 = CARTESIAN_POINT('',(82.00839202169,8.,157.5));
#7187 = PCURVE('',#2849,#7188);
#7188 = DEFINITIONAL_REPRESENTATION('',(#7189),#7258);
#7189 = B_SPLINE_CURVE_WITH_KNOTS('',7,(#7190,#7191,#7192,#7193,#7194,
    #7195,#7196,#7197,#7198,#7199,#7200,#7201,#7202,#7203,#7204,#7205,
    #7206,#7207,#7208,#7209,#7210,#7211,#7212,#7213,#7214,#7215,#7216,
    #7217,#7218,#7219,#7220,#7221,#7222,#7223,#7224,#7225,#7226,#7227,
    #7228,#7229,#7230,#7231,#7232,#7233,#7234,#7235,#7236,#7237,#7238,
    #7239,#7240,#7241,#7242,#7243,#7244,#7245,#7246,#7247,#7248,#7249,
    #7250,#7251,#7252,#7253,#7254,#7255,#7256,#7257),.UNSPECIFIED.,.F.,
  .F.,(8,6,6,6,6,6,6,6,6,6,6,8),(0.,6.164182224711E-04,
    1.232836303768E-03,1.849254117023E-03,2.465671526651E-03,
    3.060832654038E-03,3.634737437881E-03,4.229897225959E-03,
    4.846311810804E-03,5.420214095675E-03,0.606963901073,1.),
  .UNSPECIFIED.);
#7190 = CARTESIAN_POINT('',(4.712388980385,5.5));
#7191 = CARTESIAN_POINT('',(4.71250500751,5.49993644941));
#7192 = CARTESIAN_POINT('',(4.712621034536,5.499872898769));
#7193 = CARTESIAN_POINT('',(4.712737061537,5.499809348115));
#7194 = CARTESIAN_POINT('',(4.712853088557,5.499745797472));
#7195 = CARTESIAN_POINT('',(4.712969115611,5.49968224685));
#7196 = CARTESIAN_POINT('',(4.713085142687,5.499618696243));
#7197 = CARTESIAN_POINT('',(4.713317196773,5.499491595032));
#7198 = CARTESIAN_POINT('',(4.713433223807,5.49942804444));
#7199 = CARTESIAN_POINT('',(4.713549250846,5.499364493855));
#7200 = CARTESIAN_POINT('',(4.713665277889,5.499300943278));
#7201 = CARTESIAN_POINT('',(4.713781304938,5.499237392712));
#7202 = CARTESIAN_POINT('',(4.713897331994,5.499173842156));
#7203 = CARTESIAN_POINT('',(4.71412938607,5.499046741097));
#7204 = CARTESIAN_POINT('',(4.714245413089,5.498983190593));
#7205 = CARTESIAN_POINT('',(4.714361440117,5.498919640103));
#7206 = CARTESIAN_POINT('',(4.714477467153,5.498856089627));
#7207 = CARTESIAN_POINT('',(4.714593494199,5.498792539167));
#7208 = CARTESIAN_POINT('',(4.714709521255,5.498728988724));
#7209 = CARTESIAN_POINT('',(4.714941575312,5.498601887916));
#7210 = CARTESIAN_POINT('',(4.715057602313,5.498538337551));
#7211 = CARTESIAN_POINT('',(4.715173629326,5.498474787206));
#7212 = CARTESIAN_POINT('',(4.715289656351,5.498411236881));
#7213 = CARTESIAN_POINT('',(4.715405683389,5.498347686578));
#7214 = CARTESIAN_POINT('',(4.71552171044,5.498284136298));
#7215 = CARTESIAN_POINT('',(4.715749763543,5.498159227227));
#7216 = CARTESIAN_POINT('',(4.715861789593,5.498097868435));
#7217 = CARTESIAN_POINT('',(4.715973815657,5.498036509666));
#7218 = CARTESIAN_POINT('',(4.716085841736,5.497975150922));
#7219 = CARTESIAN_POINT('',(4.71619786783,5.497913792205));
#7220 = CARTESIAN_POINT('',(4.71630989394,5.497852433514));
#7221 = CARTESIAN_POINT('',(4.716529945149,5.49773190763));
#7222 = CARTESIAN_POINT('',(4.716637970247,5.497672740435));
#7223 = CARTESIAN_POINT('',(4.716745995361,5.497613573267));
#7224 = CARTESIAN_POINT('',(4.716854020492,5.497554406127));
#7225 = CARTESIAN_POINT('',(4.71696204564,5.497495239016));
#7226 = CARTESIAN_POINT('',(4.717070070805,5.497436071935));
#7227 = CARTESIAN_POINT('',(4.717290121969,5.497315546538));
#7228 = CARTESIAN_POINT('',(4.717402147968,5.497254188225));
#7229 = CARTESIAN_POINT('',(4.717514173988,5.497192829946));
#7230 = CARTESIAN_POINT('',(4.717626200029,5.497131471702));
#7231 = CARTESIAN_POINT('',(4.717738226091,5.497070113495));
#7232 = CARTESIAN_POINT('',(4.717850252176,5.497008755326));
#7233 = CARTESIAN_POINT('',(4.718078305152,5.496883847798));
#7234 = CARTESIAN_POINT('',(4.718194332046,5.496820298441));
#7235 = CARTESIAN_POINT('',(4.718310358964,5.496756749127));
#7236 = CARTESIAN_POINT('',(4.718426385909,5.496693199858));
#7237 = CARTESIAN_POINT('',(4.718542412881,5.496629650633));
#7238 = CARTESIAN_POINT('',(4.71865843988,5.496566101455));
#7239 = CARTESIAN_POINT('',(4.718882491892,5.496443385991));
#7240 = CARTESIAN_POINT('',(4.718990516901,5.496384219699));
#7241 = CARTESIAN_POINT('',(4.719098541935,5.496325053449));
#7242 = CARTESIAN_POINT('',(4.719206566995,5.496265887242));
#7243 = CARTESIAN_POINT('',(4.719314592081,5.49620672108));
#7244 = CARTESIAN_POINT('',(4.719422617194,5.496147554963));
#7245 = CARTESIAN_POINT('',(4.832758700055,5.434072646302));
#7246 = CARTESIAN_POINT('',(4.946080879587,5.372072761575));
#7247 = CARTESIAN_POINT('',(5.06021296523,5.311189381114));
#7248 = CARTESIAN_POINT('',(5.175694205452,5.252636382566));
#7249 = CARTESIAN_POINT('',(5.293027651285,5.197815054311));
#7250 = CARTESIAN_POINT('',(5.412745836462,5.14832974005));
#7251 = CARTESIAN_POINT('',(5.61556729064,5.078555878912));
#7252 = CARTESIAN_POINT('',(5.697269435729,5.053992224229));
#7253 = CARTESIAN_POINT('',(5.780055943617,5.033244049908));
#7254 = CARTESIAN_POINT('',(5.863575186744,5.016987554471));
#7255 = CARTESIAN_POINT('',(5.947547360203,5.005766533015));
#7256 = CARTESIAN_POINT('',(6.031707780392,5.));
#7257 = CARTESIAN_POINT('',(6.11573722796,5.));
#7258 = ( GEOMETRIC_REPRESENTATION_CONTEXT(2) 
PARAMETRIC_REPRESENTATION_CONTEXT() REPRESENTATION_CONTEXT('2D SPACE',''
  ) );
#7259 = PCURVE('',#2877,#7260);
#7260 = DEFINITIONAL_REPRESENTATION('',(#7261),#7330);
#7261 = B_SPLINE_CURVE_WITH_KNOTS('',7,(#7262,#7263,#7264,#7265,#7266,
    #7267,#7268,#7269,#7270,#7271,#7272,#7273,#7274,#7275,#7276,#7277,
    #7278,#7279,#7280,#7281,#7282,#7283,#7284,#7285,#7286,#7287,#7288,
    #7289,#7290,#7291,#7292,#7293,#7294,#7295,#7296,#7297,#7298,#7299,
    #7300,#7301,#7302,#7303,#7304,#7305,#7306,#7307,#7308,#7309,#7310,
    #7311,#7312,#7313,#7314,#7315,#7316,#7317,#7318,#7319,#7320,#7321,
    #7322,#7323,#7324,#7325,#7326,#7327,#7328,#7329),.UNSPECIFIED.,.F.,
  .F.,(8,6,6,6,6,6,6,6,6,6,6,8),(0.,6.164182224711E-04,
    1.232836303768E-03,1.849254117023E-03,2.465671526651E-03,
    3.060832654038E-03,3.634737437881E-03,4.229897225959E-03,
    4.846311810804E-03,5.420214095675E-03,0.606963901073,1.),
  .UNSPECIFIED.);
#7262 = CARTESIAN_POINT('',(0.,5.4));
#7263 = CARTESIAN_POINT('',(1.27101180074E-04,5.400069616275));
#7264 = CARTESIAN_POINT('',(2.542024626261E-04,5.400139232491));
#7265 = CARTESIAN_POINT('',(3.813037736E-04,5.40020884869));
#7266 = CARTESIAN_POINT('',(5.084050685502E-04,5.400278464897));
#7267 = CARTESIAN_POINT('',(6.355063326427E-04,5.40034808112));
#7268 = CARTESIAN_POINT('',(7.626075806544E-04,5.40041769735));
#7269 = CARTESIAN_POINT('',(1.016810104183E-03,5.400556929756));
#7270 = CARTESIAN_POINT('',(1.143911355742E-03,5.400626545946));
#7271 = CARTESIAN_POINT('',(1.27101261269E-03,5.400696162129));
#7272 = CARTESIAN_POINT('',(1.398113876033E-03,5.400765778305));
#7273 = CARTESIAN_POINT('',(1.525215146739E-03,5.400835394472));
#7274 = CARTESIAN_POINT('',(1.652316425744E-03,5.400905010629));
#7275 = CARTESIAN_POINT('',(1.906518946904E-03,5.40104424289));
#7276 = CARTESIAN_POINT('',(2.033620189079E-03,5.401113858995));
#7277 = CARTESIAN_POINT('',(2.160721441409E-03,5.401183475088));
#7278 = CARTESIAN_POINT('',(2.287822704828E-03,5.401253091167));
#7279 = CARTESIAN_POINT('',(2.414923980268E-03,5.401322707232));
#7280 = CARTESIAN_POINT('',(2.542025268657E-03,5.401392323282));
#7281 = CARTESIAN_POINT('',(2.796227789939E-03,5.401531555303));
#7282 = CARTESIAN_POINT('',(2.923329022831E-03,5.401601171274));
#7283 = CARTESIAN_POINT('',(3.050430270528E-03,5.401670787228));
#7284 = CARTESIAN_POINT('',(3.177531533958E-03,5.401740403162));
#7285 = CARTESIAN_POINT('',(3.304632814046E-03,5.401810019077));
#7286 = CARTESIAN_POINT('',(3.431734111718E-03,5.401879634972));
#7287 = CARTESIAN_POINT('',(3.68155383499E-03,5.402016466111));
#7288 = CARTESIAN_POINT('',(3.804272259334E-03,5.402083681358));
#7289 = CARTESIAN_POINT('',(3.926990701768E-03,5.402150896583));
#7290 = CARTESIAN_POINT('',(4.049709163131E-03,5.402218111786));
#7291 = CARTESIAN_POINT('',(4.172427644256E-03,5.402285326965));
#7292 = CARTESIAN_POINT('',(4.295146145973E-03,5.40235254212));
#7293 = CARTESIAN_POINT('',(4.536200266387E-03,5.402484571772));
#7294 = CARTESIAN_POINT('',(4.654535883588E-03,5.402549386271));
#7295 = CARTESIAN_POINT('',(4.772871521458E-03,5.402614200745));
#7296 = CARTESIAN_POINT('',(4.891207180745E-03,5.402679015194));
#7297 = CARTESIAN_POINT('',(5.009542862193E-03,5.402743829616));
#7298 = CARTESIAN_POINT('',(5.127878566552E-03,5.402808644011));
#7299 = CARTESIAN_POINT('',(5.368932677107E-03,5.402940673195));
#7300 = CARTESIAN_POINT('',(5.491651085085E-03,5.403007887982));
#7301 = CARTESIAN_POINT('',(5.614369519338E-03,5.403075102738));
#7302 = CARTESIAN_POINT('',(5.737087980702E-03,5.403142317461));
#7303 = CARTESIAN_POINT('',(5.859806470009E-03,5.403209532151));
#7304 = CARTESIAN_POINT('',(5.982524988092E-03,5.403276746807));
#7305 = CARTESIAN_POINT('',(6.232344701152E-03,5.403413576468));
#7306 = CARTESIAN_POINT('',(6.359445898284E-03,5.40348319147));
#7307 = CARTESIAN_POINT('',(6.486547128103E-03,5.403552806433));
#7308 = CARTESIAN_POINT('',(6.613648391533E-03,5.403622421357));
#7309 = CARTESIAN_POINT('',(6.740749689501E-03,5.403692036239));
#7310 = CARTESIAN_POINT('',(6.867851022933E-03,5.40376165108));
#7311 = CARTESIAN_POINT('',(7.11328795517E-03,5.403896079546));
#7312 = CARTESIAN_POINT('',(7.231623549126E-03,5.403960893178));
#7313 = CARTESIAN_POINT('',(7.349959175373E-03,5.404025706772));
#7314 = CARTESIAN_POINT('',(7.468294834658E-03,5.404090520326));
#7315 = CARTESIAN_POINT('',(7.586630527729E-03,5.40415533384));
#7316 = CARTESIAN_POINT('',(7.704966255333E-03,5.404220147313));
#7317 = CARTESIAN_POINT('',(0.131858582911,5.472220062882));
#7318 = CARTESIAN_POINT('',(0.256002676042,5.54014734237));
#7319 = CARTESIAN_POINT('',(0.381170590221,5.607074978966));
#7320 = CARTESIAN_POINT('',(0.508081197422,5.671887228611));
#7321 = CARTESIAN_POINT('',(0.637463156959,5.733305871751));
#7322 = CARTESIAN_POINT('',(0.770120582931,5.789874795508));
#7323 = CARTESIAN_POINT('',(0.996657161946,5.872626481347));
#7324 = CARTESIAN_POINT('',(1.088364913451,5.902664398225));
#7325 = CARTESIAN_POINT('',(1.181865614859,5.929272988626));
#7326 = CARTESIAN_POINT('',(1.276928687848,5.951841525883));
#7327 = CARTESIAN_POINT('',(1.373438502887,5.969915137403));
#7328 = CARTESIAN_POINT('',(1.471371343606,5.983205033553));
#7329 = CARTESIAN_POINT('',(1.570796326795,5.99160797831));
#7330 = ( GEOMETRIC_REPRESENTATION_CONTEXT(2) 
PARAMETRIC_REPRESENTATION_CONTEXT() REPRESENTATION_CONTEXT('2D SPACE',''
  ) );
#7331 = ORIENTED_EDGE('',*,*,#2833,.F.);
#7332 = ORIENTED_EDGE('',*,*,#7058,.F.);
#7333 = ORIENTED_EDGE('',*,*,#6208,.T.);
#7334 = ADVANCED_FACE('',(#7335),#2877,.T.);
#7335 = FACE_BOUND('',#7336,.T.);
#7336 = EDGE_LOOP('',(#7337,#7338,#7339,#7360));
#7337 = ORIENTED_EDGE('',*,*,#2861,.F.);
#7338 = ORIENTED_EDGE('',*,*,#7116,.T.);
#7339 = ORIENTED_EDGE('',*,*,#7340,.T.);
#7340 = EDGE_CURVE('',#7089,#3199,#7341,.T.);
#7341 = SURFACE_CURVE('',#7342,(#7346,#7353),.PCURVE_S1.);
#7342 = LINE('',#7343,#7344);
#7343 = CARTESIAN_POINT('',(88.,8.,157.5));
#7344 = VECTOR('',#7345,1.);
#7345 = DIRECTION('',(-1.,-0.,0.));
#7346 = PCURVE('',#2877,#7347);
#7347 = DEFINITIONAL_REPRESENTATION('',(#7348),#7352);
#7348 = LINE('',#7349,#7350);
#7349 = CARTESIAN_POINT('',(1.570796326795,0.));
#7350 = VECTOR('',#7351,1.);
#7351 = DIRECTION('',(0.,1.));
#7352 = ( GEOMETRIC_REPRESENTATION_CONTEXT(2) 
PARAMETRIC_REPRESENTATION_CONTEXT() REPRESENTATION_CONTEXT('2D SPACE',''
  ) );
#7353 = PCURVE('',#3158,#7354);
#7354 = DEFINITIONAL_REPRESENTATION('',(#7355),#7359);
#7355 = LINE('',#7356,#7357);
#7356 = CARTESIAN_POINT('',(151.5,82.));
#7357 = VECTOR('',#7358,1.);
#7358 = DIRECTION('',(0.,-1.));
#7359 = ( GEOMETRIC_REPRESENTATION_CONTEXT(2) 
PARAMETRIC_REPRESENTATION_CONTEXT() REPRESENTATION_CONTEXT('2D SPACE',''
  ) );
#7360 = ORIENTED_EDGE('',*,*,#3198,.F.);
#7361 = ADVANCED_FACE('',(#7362),#2956,.T.);
#7362 = FACE_BOUND('',#7363,.T.);
#7363 = EDGE_LOOP('',(#7364,#7365,#7366,#7386));
#7364 = ORIENTED_EDGE('',*,*,#3065,.T.);
#7365 = ORIENTED_EDGE('',*,*,#3529,.T.);
#7366 = ORIENTED_EDGE('',*,*,#7367,.F.);
#7367 = EDGE_CURVE('',#2941,#3475,#7368,.T.);
#7368 = SURFACE_CURVE('',#7369,(#7374,#7380),.PCURVE_S1.);
#7369 = CIRCLE('',#7370,0.5);
#7370 = AXIS2_PLACEMENT_3D('',#7371,#7372,#7373);
#7371 = CARTESIAN_POINT('',(88.,94.5,157.5));
#7372 = DIRECTION('',(1.,0.,-0.));
#7373 = DIRECTION('',(0.,0.,1.));
#7374 = PCURVE('',#2956,#7375);
#7375 = DEFINITIONAL_REPRESENTATION('',(#7376),#7379);
#7376 = B_SPLINE_CURVE_WITH_KNOTS('',1,(#7377,#7378),.UNSPECIFIED.,.F.,
  .F.,(2,2),(0.,1.570796326795),.PIECEWISE_BEZIER_KNOTS.);
#7377 = CARTESIAN_POINT('',(0.,80.));
#7378 = CARTESIAN_POINT('',(1.570796326795,80.));
#7379 = ( GEOMETRIC_REPRESENTATION_CONTEXT(2) 
PARAMETRIC_REPRESENTATION_CONTEXT() REPRESENTATION_CONTEXT('2D SPACE',''
  ) );
#7380 = PCURVE('',#2987,#7381);
#7381 = DEFINITIONAL_REPRESENTATION('',(#7382),#7385);
#7382 = B_SPLINE_CURVE_WITH_KNOTS('',1,(#7383,#7384),.UNSPECIFIED.,.F.,
  .F.,(2,2),(0.,1.570796326795),.PIECEWISE_BEZIER_KNOTS.);
#7383 = CARTESIAN_POINT('',(6.28318530718,1.570796326795));
#7384 = CARTESIAN_POINT('',(6.28318530718,3.14159265359));
#7385 = ( GEOMETRIC_REPRESENTATION_CONTEXT(2) 
PARAMETRIC_REPRESENTATION_CONTEXT() REPRESENTATION_CONTEXT('2D SPACE',''
  ) );
#7386 = ORIENTED_EDGE('',*,*,#2940,.F.);
#7387 = ADVANCED_FACE('',(#7388),#2987,.T.);
#7388 = FACE_BOUND('',#7389,.T.);
#7389 = EDGE_LOOP('',(#7390,#7412,#7413,#7414));
#7390 = ORIENTED_EDGE('',*,*,#7391,.T.);
#7391 = EDGE_CURVE('',#3475,#5846,#7392,.T.);
#7392 = SURFACE_CURVE('',#7393,(#7398,#7405),.PCURVE_S1.);
#7393 = CIRCLE('',#7394,2.);
#7394 = AXIS2_PLACEMENT_3D('',#7395,#7396,#7397);
#7395 = CARTESIAN_POINT('',(88.,92.,157.5));
#7396 = DIRECTION('',(0.,0.,-1.));
#7397 = DIRECTION('',(0.,1.,0.));
#7398 = PCURVE('',#2987,#7399);
#7399 = DEFINITIONAL_REPRESENTATION('',(#7400),#7404);
#7400 = LINE('',#7401,#7402);
#7401 = CARTESIAN_POINT('',(6.28318530718,3.14159265359));
#7402 = VECTOR('',#7403,1.);
#7403 = DIRECTION('',(-1.,0.));
#7404 = ( GEOMETRIC_REPRESENTATION_CONTEXT(2) 
PARAMETRIC_REPRESENTATION_CONTEXT() REPRESENTATION_CONTEXT('2D SPACE',''
  ) );
#7405 = PCURVE('',#3490,#7406);
#7406 = DEFINITIONAL_REPRESENTATION('',(#7407),#7411);
#7407 = LINE('',#7408,#7409);
#7408 = CARTESIAN_POINT('',(1.570796326795,151.5));
#7409 = VECTOR('',#7410,1.);
#7410 = DIRECTION('',(-1.,-0.));
#7411 = ( GEOMETRIC_REPRESENTATION_CONTEXT(2) 
PARAMETRIC_REPRESENTATION_CONTEXT() REPRESENTATION_CONTEXT('2D SPACE',''
  ) );
#7412 = ORIENTED_EDGE('',*,*,#7004,.F.);
#7413 = ORIENTED_EDGE('',*,*,#2968,.F.);
#7414 = ORIENTED_EDGE('',*,*,#7367,.T.);
#7415 = ADVANCED_FACE('',(#7416),#3018,.F.);
#7416 = FACE_BOUND('',#7417,.F.);
#7417 = EDGE_LOOP('',(#7418,#7419,#7442,#7469));
#7418 = ORIENTED_EDGE('',*,*,#3001,.F.);
#7419 = ORIENTED_EDGE('',*,*,#7420,.F.);
#7420 = EDGE_CURVE('',#7421,#3002,#7423,.T.);
#7421 = VERTEX_POINT('',#7422);
#7422 = CARTESIAN_POINT('',(4.9,85.,151.));
#7423 = SEAM_CURVE('',#7424,(#7428,#7435),.PCURVE_S1.);
#7424 = LINE('',#7425,#7426);
#7425 = CARTESIAN_POINT('',(4.9,85.,151.));
#7426 = VECTOR('',#7427,1.);
#7427 = DIRECTION('',(0.,0.,1.));
#7428 = PCURVE('',#3018,#7429);
#7429 = DEFINITIONAL_REPRESENTATION('',(#7430),#7434);
#7430 = LINE('',#7431,#7432);
#7431 = CARTESIAN_POINT('',(0.,-0.));
#7432 = VECTOR('',#7433,1.);
#7433 = DIRECTION('',(0.,1.));
#7434 = ( GEOMETRIC_REPRESENTATION_CONTEXT(2) 
PARAMETRIC_REPRESENTATION_CONTEXT() REPRESENTATION_CONTEXT('2D SPACE',''
  ) );
#7435 = PCURVE('',#3018,#7436);
#7436 = DEFINITIONAL_REPRESENTATION('',(#7437),#7441);
#7437 = LINE('',#7438,#7439);
#7438 = CARTESIAN_POINT('',(6.28318530718,-0.));
#7439 = VECTOR('',#7440,1.);
#7440 = DIRECTION('',(0.,1.));
#7441 = ( GEOMETRIC_REPRESENTATION_CONTEXT(2) 
PARAMETRIC_REPRESENTATION_CONTEXT() REPRESENTATION_CONTEXT('2D SPACE',''
  ) );
#7442 = ORIENTED_EDGE('',*,*,#7443,.T.);
#7443 = EDGE_CURVE('',#7421,#7421,#7444,.T.);
#7444 = SURFACE_CURVE('',#7445,(#7450,#7457),.PCURVE_S1.);
#7445 = CIRCLE('',#7446,1.4);
#7446 = AXIS2_PLACEMENT_3D('',#7447,#7448,#7449);
#7447 = CARTESIAN_POINT('',(3.5,85.,151.));
#7448 = DIRECTION('',(0.,0.,1.));
#7449 = DIRECTION('',(1.,0.,-0.));
#7450 = PCURVE('',#3018,#7451);
#7451 = DEFINITIONAL_REPRESENTATION('',(#7452),#7456);
#7452 = LINE('',#7453,#7454);
#7453 = CARTESIAN_POINT('',(0.,0.));
#7454 = VECTOR('',#7455,1.);
#7455 = DIRECTION('',(1.,0.));
#7456 = ( GEOMETRIC_REPRESENTATION_CONTEXT(2) 
PARAMETRIC_REPRESENTATION_CONTEXT() REPRESENTATION_CONTEXT('2D SPACE',''
  ) );
#7457 = PCURVE('',#7458,#7463);
#7458 = PLANE('',#7459);
#7459 = AXIS2_PLACEMENT_3D('',#7460,#7461,#7462);
#7460 = CARTESIAN_POINT('',(3.5,85.,151.));
#7461 = DIRECTION('',(0.,0.,1.));
#7462 = DIRECTION('',(1.,0.,-0.));
#7463 = DEFINITIONAL_REPRESENTATION('',(#7464),#7468);
#7464 = CIRCLE('',#7465,1.4);
#7465 = AXIS2_PLACEMENT_2D('',#7466,#7467);
#7466 = CARTESIAN_POINT('',(0.,0.));
#7467 = DIRECTION('',(1.,0.));
#7468 = ( GEOMETRIC_REPRESENTATION_CONTEXT(2) 
PARAMETRIC_REPRESENTATION_CONTEXT() REPRESENTATION_CONTEXT('2D SPACE',''
  ) );
#7469 = ORIENTED_EDGE('',*,*,#7420,.T.);
#7470 = ADVANCED_FACE('',(#7471),#3049,.F.);
#7471 = FACE_BOUND('',#7472,.F.);
#7472 = EDGE_LOOP('',(#7473,#7474,#7497,#7524));
#7473 = ORIENTED_EDGE('',*,*,#3032,.F.);
#7474 = ORIENTED_EDGE('',*,*,#7475,.F.);
#7475 = EDGE_CURVE('',#7476,#3033,#7478,.T.);
#7476 = VERTEX_POINT('',#7477);
#7477 = CARTESIAN_POINT('',(93.9,85.,151.));
#7478 = SEAM_CURVE('',#7479,(#7483,#7490),.PCURVE_S1.);
#7479 = LINE('',#7480,#7481);
#7480 = CARTESIAN_POINT('',(93.9,85.,151.));
#7481 = VECTOR('',#7482,1.);
#7482 = DIRECTION('',(0.,0.,1.));
#7483 = PCURVE('',#3049,#7484);
#7484 = DEFINITIONAL_REPRESENTATION('',(#7485),#7489);
#7485 = LINE('',#7486,#7487);
#7486 = CARTESIAN_POINT('',(0.,-0.));
#7487 = VECTOR('',#7488,1.);
#7488 = DIRECTION('',(0.,1.));
#7489 = ( GEOMETRIC_REPRESENTATION_CONTEXT(2) 
PARAMETRIC_REPRESENTATION_CONTEXT() REPRESENTATION_CONTEXT('2D SPACE',''
  ) );
#7490 = PCURVE('',#3049,#7491);
#7491 = DEFINITIONAL_REPRESENTATION('',(#7492),#7496);
#7492 = LINE('',#7493,#7494);
#7493 = CARTESIAN_POINT('',(6.28318530718,-0.));
#7494 = VECTOR('',#7495,1.);
#7495 = DIRECTION('',(0.,1.));
#7496 = ( GEOMETRIC_REPRESENTATION_CONTEXT(2) 
PARAMETRIC_REPRESENTATION_CONTEXT() REPRESENTATION_CONTEXT('2D SPACE',''
  ) );
#7497 = ORIENTED_EDGE('',*,*,#7498,.T.);
#7498 = EDGE_CURVE('',#7476,#7476,#7499,.T.);
#7499 = SURFACE_CURVE('',#7500,(#7505,#7512),.PCURVE_S1.);
#7500 = CIRCLE('',#7501,1.4);
#7501 = AXIS2_PLACEMENT_3D('',#7502,#7503,#7504);
#7502 = CARTESIAN_POINT('',(92.5,85.,151.));
#7503 = DIRECTION('',(0.,0.,1.));
#7504 = DIRECTION('',(1.,0.,-0.));
#7505 = PCURVE('',#3049,#7506);
#7506 = DEFINITIONAL_REPRESENTATION('',(#7507),#7511);
#7507 = LINE('',#7508,#7509);
#7508 = CARTESIAN_POINT('',(0.,0.));
#7509 = VECTOR('',#7510,1.);
#7510 = DIRECTION('',(1.,0.));
#7511 = ( GEOMETRIC_REPRESENTATION_CONTEXT(2) 
PARAMETRIC_REPRESENTATION_CONTEXT() REPRESENTATION_CONTEXT('2D SPACE',''
  ) );
#7512 = PCURVE('',#7513,#7518);
#7513 = PLANE('',#7514);
#7514 = AXIS2_PLACEMENT_3D('',#7515,#7516,#7517);
#7515 = CARTESIAN_POINT('',(92.5,85.,151.));
#7516 = DIRECTION('',(0.,0.,1.));
#7517 = DIRECTION('',(1.,0.,-0.));
#7518 = DEFINITIONAL_REPRESENTATION('',(#7519),#7523);
#7519 = CIRCLE('',#7520,1.4);
#7520 = AXIS2_PLACEMENT_2D('',#7521,#7522);
#7521 = CARTESIAN_POINT('',(0.,0.));
#7522 = DIRECTION('',(1.,0.));
#7523 = ( GEOMETRIC_REPRESENTATION_CONTEXT(2) 
PARAMETRIC_REPRESENTATION_CONTEXT() REPRESENTATION_CONTEXT('2D SPACE',''
  ) );
#7524 = ORIENTED_EDGE('',*,*,#7475,.T.);
#7525 = ADVANCED_FACE('',(#7526),#3158,.T.);
#7526 = FACE_BOUND('',#7527,.T.);
#7527 = EDGE_LOOP('',(#7528,#7529,#7530,#7531,#7532,#7533));
#7528 = ORIENTED_EDGE('',*,*,#7340,.F.);
#7529 = ORIENTED_EDGE('',*,*,#7088,.T.);
#7530 = ORIENTED_EDGE('',*,*,#6185,.F.);
#7531 = ORIENTED_EDGE('',*,*,#6232,.F.);
#7532 = ORIENTED_EDGE('',*,*,#3142,.T.);
#7533 = ORIENTED_EDGE('',*,*,#3416,.T.);
#7534 = ADVANCED_FACE('',(#7535),#3490,.F.);
#7535 = FACE_BOUND('',#7536,.F.);
#7536 = EDGE_LOOP('',(#7537,#7538,#7594,#7621,#7675,#7676,#7698,#7699));
#7537 = ORIENTED_EDGE('',*,*,#5845,.F.);
#7538 = ORIENTED_EDGE('',*,*,#7539,.F.);
#7539 = EDGE_CURVE('',#7540,#5815,#7542,.T.);
#7540 = VERTEX_POINT('',#7541);
#7541 = CARTESIAN_POINT('',(89.,93.732050807569,84.605551275464));
#7542 = SURFACE_CURVE('',#7543,(#7558,#7576),.PCURVE_S1.);
#7543 = B_SPLINE_CURVE_WITH_KNOTS('',7,(#7544,#7545,#7546,#7547,#7548,
    #7549,#7550,#7551,#7552,#7553,#7554,#7555,#7556,#7557),
  .UNSPECIFIED.,.F.,.F.,(8,6,8),(0.,0.611048175143,1.),.UNSPECIFIED.);
#7544 = CARTESIAN_POINT('',(88.9999994,93.732051153979,84.605551109054)
  );
#7545 = CARTESIAN_POINT('',(89.139526843554,93.651495011328,
    84.64424903778));
#7546 = CARTESIAN_POINT('',(89.273163155344,93.556856082844,
    84.687127746154));
#7547 = CARTESIAN_POINT('',(89.40000226051,93.447899075562,
    84.732790578255));
#7548 = CARTESIAN_POINT('',(89.518744633061,93.324205628922,
    84.779618685603));
#7549 = CARTESIAN_POINT('',(89.627594887979,93.185318426589,
    84.825710583583));
#7550 = CARTESIAN_POINT('',(89.724146500024,93.030898329653,
    84.868787517205));
#7551 = CARTESIAN_POINT('',(89.856763183829,92.752852433715,
    84.930073419759));
#7552 = CARTESIAN_POINT('',(89.902290727399,92.637945860041,
    84.951737967368));
#7553 = CARTESIAN_POINT('',(89.940332005216,92.517238570977,
    84.970287582326));
#7554 = CARTESIAN_POINT('',(89.96978580283,92.391840035034,
    84.98489308251));
#7555 = CARTESIAN_POINT('',(89.989848932747,92.262969366313,
    84.994924382807));
#7556 = CARTESIAN_POINT('',(90.,92.131915790483,85.));
#7557 = CARTESIAN_POINT('',(90.,92.,85.));
#7558 = PCURVE('',#3490,#7559);
#7559 = DEFINITIONAL_REPRESENTATION('',(#7560),#7575);
#7560 = B_SPLINE_CURVE_WITH_KNOTS('',7,(#7561,#7562,#7563,#7564,#7565,
    #7566,#7567,#7568,#7569,#7570,#7571,#7572,#7573,#7574),
  .UNSPECIFIED.,.F.,.F.,(8,6,8),(0.,0.611048175143,1.),.UNSPECIFIED.);
#7561 = CARTESIAN_POINT('',(1.047197897607,78.605551109054));
#7562 = CARTESIAN_POINT('',(0.966641706623,78.64424903778));
#7563 = CARTESIAN_POINT('',(0.885115822968,78.687127746154));
#7564 = CARTESIAN_POINT('',(0.802099463967,78.732790578255));
#7565 = CARTESIAN_POINT('',(0.717105979309,78.779618685603));
#7566 = CARTESIAN_POINT('',(0.629635552423,78.825710583583));
#7567 = CARTESIAN_POINT('',(0.539163689877,78.868787517205));
#7568 = CARTESIAN_POINT('',(0.385137145841,78.930073419759));
#7569 = CARTESIAN_POINT('',(0.323480587831,78.951737967368));
#7570 = CARTESIAN_POINT('',(0.260466220418,78.970287582326));
#7571 = CARTESIAN_POINT('',(0.196388879993,78.98489308251));
#7572 = CARTESIAN_POINT('',(0.131484606029,78.994924382807));
#7573 = CARTESIAN_POINT('',(6.595789524148E-02,79.));
#7574 = CARTESIAN_POINT('',(0.,79.));
#7575 = ( GEOMETRIC_REPRESENTATION_CONTEXT(2) 
PARAMETRIC_REPRESENTATION_CONTEXT() REPRESENTATION_CONTEXT('2D SPACE',''
  ) );
#7576 = PCURVE('',#5833,#7577);
#7577 = DEFINITIONAL_REPRESENTATION('',(#7578),#7593);
#7578 = B_SPLINE_CURVE_WITH_KNOTS('',7,(#7579,#7580,#7581,#7582,#7583,
    #7584,#7585,#7586,#7587,#7588,#7589,#7590,#7591,#7592),
  .UNSPECIFIED.,.F.,.F.,(8,6,8),(0.,0.611048175143,1.),.UNSPECIFIED.);
#7579 = CARTESIAN_POINT('',(5.835352814174,-6.E-07));
#7580 = CARTESIAN_POINT('',(5.857695069273,0.139526843554));
#7581 = CARTESIAN_POINT('',(5.883663432805,0.273163155343));
#7582 = CARTESIAN_POINT('',(5.91317785568,0.400002260511));
#7583 = CARTESIAN_POINT('',(5.946202532495,0.518744633061));
#7584 = CARTESIAN_POINT('',(5.982725211358,0.627594887979));
#7585 = CARTESIAN_POINT('',(6.022743357098,0.724146500024));
#7586 = CARTESIAN_POINT('',(6.093923358722,0.856763183829));
#7587 = CARTESIAN_POINT('',(6.123142475162,0.902290727399));
#7588 = CARTESIAN_POINT('',(6.153644666829,0.940332005216));
#7589 = CARTESIAN_POINT('',(6.185166830027,0.96978580283));
#7590 = CARTESIAN_POINT('',(6.2174429122,0.989848932747));
#7591 = CARTESIAN_POINT('',(6.250206359559,1.));
#7592 = CARTESIAN_POINT('',(6.28318530718,1.));
#7593 = ( GEOMETRIC_REPRESENTATION_CONTEXT(2) 
PARAMETRIC_REPRESENTATION_CONTEXT() REPRESENTATION_CONTEXT('2D SPACE',''
  ) );
#7594 = ORIENTED_EDGE('',*,*,#7595,.F.);
#7595 = EDGE_CURVE('',#7596,#7540,#7598,.T.);
#7596 = VERTEX_POINT('',#7597);
#7597 = CARTESIAN_POINT('',(89.,93.732050807569,77.394448724536));
#7598 = SURFACE_CURVE('',#7599,(#7603,#7609),.PCURVE_S1.);
#7599 = LINE('',#7600,#7601);
#7600 = CARTESIAN_POINT('',(89.,93.732050807569,6.));
#7601 = VECTOR('',#7602,1.);
#7602 = DIRECTION('',(0.,0.,1.));
#7603 = PCURVE('',#3490,#7604);
#7604 = DEFINITIONAL_REPRESENTATION('',(#7605),#7608);
#7605 = B_SPLINE_CURVE_WITH_KNOTS('',1,(#7606,#7607),.UNSPECIFIED.,.F.,
  .F.,(2,2),(70.2,79.8),.PIECEWISE_BEZIER_KNOTS.);
#7606 = CARTESIAN_POINT('',(1.047197551197,70.2));
#7607 = CARTESIAN_POINT('',(1.047197551197,79.8));
#7608 = ( GEOMETRIC_REPRESENTATION_CONTEXT(2) 
PARAMETRIC_REPRESENTATION_CONTEXT() REPRESENTATION_CONTEXT('2D SPACE',''
  ) );
#7609 = PCURVE('',#7610,#7615);
#7610 = PLANE('',#7611);
#7611 = AXIS2_PLACEMENT_3D('',#7612,#7613,#7614);
#7612 = CARTESIAN_POINT('',(89.,92.,81.));
#7613 = DIRECTION('',(1.,0.,0.));
#7614 = DIRECTION('',(-0.,0.,1.));
#7615 = DEFINITIONAL_REPRESENTATION('',(#7616),#7620);
#7616 = LINE('',#7617,#7618);
#7617 = CARTESIAN_POINT('',(-75.,-1.732050807569));
#7618 = VECTOR('',#7619,1.);
#7619 = DIRECTION('',(1.,0.));
#7620 = ( GEOMETRIC_REPRESENTATION_CONTEXT(2) 
PARAMETRIC_REPRESENTATION_CONTEXT() REPRESENTATION_CONTEXT('2D SPACE',''
  ) );
#7621 = ORIENTED_EDGE('',*,*,#7622,.F.);
#7622 = EDGE_CURVE('',#5817,#7596,#7623,.T.);
#7623 = SURFACE_CURVE('',#7624,(#7639,#7657),.PCURVE_S1.);
#7624 = B_SPLINE_CURVE_WITH_KNOTS('',7,(#7625,#7626,#7627,#7628,#7629,
    #7630,#7631,#7632,#7633,#7634,#7635,#7636,#7637,#7638),
  .UNSPECIFIED.,.F.,.F.,(8,6,8),(0.,0.391298818602,1.),.UNSPECIFIED.);
#7625 = CARTESIAN_POINT('',(90.,92.,77.));
#7626 = CARTESIAN_POINT('',(90.,92.132745811496,77.));
#7627 = CARTESIAN_POINT('',(89.989720793801,92.264578649509,
    77.005139699091));
#7628 = CARTESIAN_POINT('',(89.969417012133,92.394169547015,
    77.015291295046));
#7629 = CARTESIAN_POINT('',(89.939624916178,92.520222538013,
    77.030062879295));
#7630 = CARTESIAN_POINT('',(89.901162280257,92.641513480314,
    77.048812051998));
#7631 = CARTESIAN_POINT('',(89.855145270471,92.756929878593,
    77.070696462757));
#7632 = CARTESIAN_POINT('',(89.721940290757,93.034420696247,
    77.132196301434));
#7633 = CARTESIAN_POINT('',(89.625521938336,93.187959227503,
    77.175166744899));
#7634 = CARTESIAN_POINT('',(89.516936965927,93.326086049276,
    77.221093736382));
#7635 = CARTESIAN_POINT('',(89.398555500806,93.449140915326,
    77.267729964968));
#7636 = CARTESIAN_POINT('',(89.272146983479,93.557575768432,
    77.313198323318));
#7637 = CARTESIAN_POINT('',(89.13899515343,93.651801982519,
    77.355898426446));
#7638 = CARTESIAN_POINT('',(88.9999994,93.732051153979,77.394448890946)
  );
#7639 = PCURVE('',#3490,#7640);
#7640 = DEFINITIONAL_REPRESENTATION('',(#7641),#7656);
#7641 = B_SPLINE_CURVE_WITH_KNOTS('',7,(#7642,#7643,#7644,#7645,#7646,
    #7647,#7648,#7649,#7650,#7651,#7652,#7653,#7654,#7655),
  .UNSPECIFIED.,.F.,.F.,(8,6,8),(0.,0.391298818602,1.),.UNSPECIFIED.);
#7642 = CARTESIAN_POINT('',(0.,71.));
#7643 = CARTESIAN_POINT('',(6.637290574811E-02,71.));
#7644 = CARTESIAN_POINT('',(0.132289241796,71.005139699091));
#7645 = CARTESIAN_POINT('',(0.197562543623,71.015291295046));
#7646 = CARTESIAN_POINT('',(0.261991824059,71.030062879295));
#7647 = CARTESIAN_POINT('',(0.32534373891,71.048812051998));
#7648 = CARTESIAN_POINT('',(0.387325347645,71.070696462757));
#7649 = CARTESIAN_POINT('',(0.541228499419,71.132196301434));
#7650 = CARTESIAN_POINT('',(0.631299720846,71.175166744899));
#7651 = CARTESIAN_POINT('',(0.718398984569,71.221093736382));
#7652 = CARTESIAN_POINT('',(0.803046113626,71.267729964968));
#7653 = CARTESIAN_POINT('',(0.885735761254,71.313198323318));
#7654 = CARTESIAN_POINT('',(0.966948677997,71.355898426446));
#7655 = CARTESIAN_POINT('',(1.047197897607,71.394448890946));
#7656 = ( GEOMETRIC_REPRESENTATION_CONTEXT(2) 
PARAMETRIC_REPRESENTATION_CONTEXT() REPRESENTATION_CONTEXT('2D SPACE',''
  ) );
#7657 = PCURVE('',#5833,#7658);
#7658 = DEFINITIONAL_REPRESENTATION('',(#7659),#7674);
#7659 = B_SPLINE_CURVE_WITH_KNOTS('',7,(#7660,#7661,#7662,#7663,#7664,
    #7665,#7666,#7667,#7668,#7669,#7670,#7671,#7672,#7673),
  .UNSPECIFIED.,.F.,.F.,(8,6,8),(0.,0.391298818602,1.),.UNSPECIFIED.);
#7660 = CARTESIAN_POINT('',(3.14159265359,1.));
#7661 = CARTESIAN_POINT('',(3.174779106464,1.));
#7662 = CARTESIAN_POINT('',(3.207737372857,0.989720793801));
#7663 = CARTESIAN_POINT('',(3.240194619432,0.969417012133));
#7664 = CARTESIAN_POINT('',(3.271883486715,0.939624916178));
#7665 = CARTESIAN_POINT('',(3.302537086824,0.901162280257));
#7666 = CARTESIAN_POINT('',(3.331891479407,0.855145270471));
#7667 = CARTESIAN_POINT('',(3.402947524206,0.721940290757));
#7668 = CARTESIAN_POINT('',(3.442747263524,0.625521938336));
#7669 = CARTESIAN_POINT('',(3.479077531967,0.516936965926));
#7670 = CARTESIAN_POINT('',(3.511936506839,0.398555500806));
#7671 = CARTESIAN_POINT('',(3.541312004836,0.272146983479));
#7672 = CARTESIAN_POINT('',(3.56716802999,0.13899515343));
#7673 = CARTESIAN_POINT('',(3.589425146596,-6.E-07));
#7674 = ( GEOMETRIC_REPRESENTATION_CONTEXT(2) 
PARAMETRIC_REPRESENTATION_CONTEXT() REPRESENTATION_CONTEXT('2D SPACE',''
  ) );
#7675 = ORIENTED_EDGE('',*,*,#5983,.F.);
#7676 = ORIENTED_EDGE('',*,*,#7677,.F.);
#7677 = EDGE_CURVE('',#3473,#5961,#7678,.T.);
#7678 = SURFACE_CURVE('',#7679,(#7684,#7691),.PCURVE_S1.);
#7679 = CIRCLE('',#7680,2.);
#7680 = AXIS2_PLACEMENT_3D('',#7681,#7682,#7683);
#7681 = CARTESIAN_POINT('',(88.,92.,7.));
#7682 = DIRECTION('',(0.,0.,-1.));
#7683 = DIRECTION('',(0.,1.,0.));
#7684 = PCURVE('',#3490,#7685);
#7685 = DEFINITIONAL_REPRESENTATION('',(#7686),#7690);
#7686 = LINE('',#7687,#7688);
#7687 = CARTESIAN_POINT('',(1.570796326795,1.));
#7688 = VECTOR('',#7689,1.);
#7689 = DIRECTION('',(-1.,-0.));
#7690 = ( GEOMETRIC_REPRESENTATION_CONTEXT(2) 
PARAMETRIC_REPRESENTATION_CONTEXT() REPRESENTATION_CONTEXT('2D SPACE',''
  ) );
#7691 = PCURVE('',#3978,#7692);
#7692 = DEFINITIONAL_REPRESENTATION('',(#7693),#7697);
#7693 = LINE('',#7694,#7695);
#7694 = CARTESIAN_POINT('',(0.,0.));
#7695 = VECTOR('',#7696,1.);
#7696 = DIRECTION('',(1.,0.));
#7697 = ( GEOMETRIC_REPRESENTATION_CONTEXT(2) 
PARAMETRIC_REPRESENTATION_CONTEXT() REPRESENTATION_CONTEXT('2D SPACE',''
  ) );
#7698 = ORIENTED_EDGE('',*,*,#3472,.T.);
#7699 = ORIENTED_EDGE('',*,*,#7391,.T.);
#7700 = ADVANCED_FACE('',(#7701),#3516,.F.);
#7701 = FACE_BOUND('',#7702,.F.);
#7702 = EDGE_LOOP('',(#7703,#7704,#7724,#7725));
#7703 = ORIENTED_EDGE('',*,*,#3502,.T.);
#7704 = ORIENTED_EDGE('',*,*,#7705,.T.);
#7705 = EDGE_CURVE('',#3473,#3958,#7706,.T.);
#7706 = SURFACE_CURVE('',#7707,(#7712,#7718),.PCURVE_S1.);
#7707 = CIRCLE('',#7708,1.);
#7708 = AXIS2_PLACEMENT_3D('',#7709,#7710,#7711);
#7709 = CARTESIAN_POINT('',(88.,93.,7.));
#7710 = DIRECTION('',(-1.,0.,0.));
#7711 = DIRECTION('',(0.,1.,0.));
#7712 = PCURVE('',#3516,#7713);
#7713 = DEFINITIONAL_REPRESENTATION('',(#7714),#7717);
#7714 = B_SPLINE_CURVE_WITH_KNOTS('',1,(#7715,#7716),.UNSPECIFIED.,.F.,
  .F.,(2,2),(0.,1.570796326795),.PIECEWISE_BEZIER_KNOTS.);
#7715 = CARTESIAN_POINT('',(6.28318530718,80.));
#7716 = CARTESIAN_POINT('',(4.712388980385,80.));
#7717 = ( GEOMETRIC_REPRESENTATION_CONTEXT(2) 
PARAMETRIC_REPRESENTATION_CONTEXT() REPRESENTATION_CONTEXT('2D SPACE',''
  ) );
#7718 = PCURVE('',#3978,#7719);
#7719 = DEFINITIONAL_REPRESENTATION('',(#7720),#7723);
#7720 = B_SPLINE_CURVE_WITH_KNOTS('',1,(#7721,#7722),.UNSPECIFIED.,.F.,
  .F.,(2,2),(0.,1.570796326795),.PIECEWISE_BEZIER_KNOTS.);
#7721 = CARTESIAN_POINT('',(0.,0.));
#7722 = CARTESIAN_POINT('',(0.,1.570796326795));
#7723 = ( GEOMETRIC_REPRESENTATION_CONTEXT(2) 
PARAMETRIC_REPRESENTATION_CONTEXT() REPRESENTATION_CONTEXT('2D SPACE',''
  ) );
#7724 = ORIENTED_EDGE('',*,*,#3990,.F.);
#7725 = ORIENTED_EDGE('',*,*,#3803,.F.);
#7726 = ADVANCED_FACE('',(#7727),#3569,.T.);
#7727 = FACE_BOUND('',#7728,.T.);
#7728 = EDGE_LOOP('',(#7729,#7730,#7753,#7780));
#7729 = ORIENTED_EDGE('',*,*,#3552,.F.);
#7730 = ORIENTED_EDGE('',*,*,#7731,.F.);
#7731 = EDGE_CURVE('',#7732,#3553,#7734,.T.);
#7732 = VERTEX_POINT('',#7733);
#7733 = CARTESIAN_POINT('',(23.75,76.,40.));
#7734 = SEAM_CURVE('',#7735,(#7739,#7746),.PCURVE_S1.);
#7735 = LINE('',#7736,#7737);
#7736 = CARTESIAN_POINT('',(23.75,76.,40.));
#7737 = VECTOR('',#7738,1.);
#7738 = DIRECTION('',(-9.660740586916E-18,0.999221823409,
    3.944296671351E-02));
#7739 = PCURVE('',#3569,#7740);
#7740 = DEFINITIONAL_REPRESENTATION('',(#7741),#7745);
#7741 = LINE('',#7742,#7743);
#7742 = CARTESIAN_POINT('',(0.,-0.));
#7743 = VECTOR('',#7744,1.);
#7744 = DIRECTION('',(0.,1.));
#7745 = ( GEOMETRIC_REPRESENTATION_CONTEXT(2) 
PARAMETRIC_REPRESENTATION_CONTEXT() REPRESENTATION_CONTEXT('2D SPACE',''
  ) );
#7746 = PCURVE('',#3569,#7747);
#7747 = DEFINITIONAL_REPRESENTATION('',(#7748),#7752);
#7748 = LINE('',#7749,#7750);
#7749 = CARTESIAN_POINT('',(6.28318530718,-0.));
#7750 = VECTOR('',#7751,1.);
#7751 = DIRECTION('',(0.,1.));
#7752 = ( GEOMETRIC_REPRESENTATION_CONTEXT(2) 
PARAMETRIC_REPRESENTATION_CONTEXT() REPRESENTATION_CONTEXT('2D SPACE',''
  ) );
#7753 = ORIENTED_EDGE('',*,*,#7754,.T.);
#7754 = EDGE_CURVE('',#7732,#7732,#7755,.T.);
#7755 = SURFACE_CURVE('',#7756,(#7761,#7768),.PCURVE_S1.);
#7756 = CIRCLE('',#7757,4.25);
#7757 = AXIS2_PLACEMENT_3D('',#7758,#7759,#7760);
#7758 = CARTESIAN_POINT('',(23.75,76.,35.75));
#7759 = DIRECTION('',(0.,1.,0.));
#7760 = DIRECTION('',(0.,-0.,1.));
#7761 = PCURVE('',#3569,#7762);
#7762 = DEFINITIONAL_REPRESENTATION('',(#7763),#7767);
#7763 = LINE('',#7764,#7765);
#7764 = CARTESIAN_POINT('',(0.,0.));
#7765 = VECTOR('',#7766,1.);
#7766 = DIRECTION('',(1.,0.));
#7767 = ( GEOMETRIC_REPRESENTATION_CONTEXT(2) 
PARAMETRIC_REPRESENTATION_CONTEXT() REPRESENTATION_CONTEXT('2D SPACE',''
  ) );
#7768 = PCURVE('',#7769,#7774);
#7769 = PLANE('',#7770);
#7770 = AXIS2_PLACEMENT_3D('',#7771,#7772,#7773);
#7771 = CARTESIAN_POINT('',(23.75,76.,35.75));
#7772 = DIRECTION('',(0.,1.,0.));
#7773 = DIRECTION('',(0.,-0.,1.));
#7774 = DEFINITIONAL_REPRESENTATION('',(#7775),#7779);
#7775 = CIRCLE('',#7776,4.25);
#7776 = AXIS2_PLACEMENT_2D('',#7777,#7778);
#7777 = CARTESIAN_POINT('',(0.,0.));
#7778 = DIRECTION('',(1.,0.));
#7779 = ( GEOMETRIC_REPRESENTATION_CONTEXT(2) 
PARAMETRIC_REPRESENTATION_CONTEXT() REPRESENTATION_CONTEXT('2D SPACE',''
  ) );
#7780 = ORIENTED_EDGE('',*,*,#7731,.T.);
#7781 = ADVANCED_FACE('',(#7782),#3600,.T.);
#7782 = FACE_BOUND('',#7783,.T.);
#7783 = EDGE_LOOP('',(#7784,#7785,#7808,#7835));
#7784 = ORIENTED_EDGE('',*,*,#3583,.F.);
#7785 = ORIENTED_EDGE('',*,*,#7786,.F.);
#7786 = EDGE_CURVE('',#7787,#3584,#7789,.T.);
#7787 = VERTEX_POINT('',#7788);
#7788 = CARTESIAN_POINT('',(23.75,76.,60.5));
#7789 = SEAM_CURVE('',#7790,(#7794,#7801),.PCURVE_S1.);
#7790 = LINE('',#7791,#7792);
#7791 = CARTESIAN_POINT('',(23.75,76.,60.5));
#7792 = VECTOR('',#7793,1.);
#7793 = DIRECTION('',(-9.660740586916E-18,0.999221823409,
    3.944296671351E-02));
#7794 = PCURVE('',#3600,#7795);
#7795 = DEFINITIONAL_REPRESENTATION('',(#7796),#7800);
#7796 = LINE('',#7797,#7798);
#7797 = CARTESIAN_POINT('',(0.,-0.));
#7798 = VECTOR('',#7799,1.);
#7799 = DIRECTION('',(0.,1.));
#7800 = ( GEOMETRIC_REPRESENTATION_CONTEXT(2) 
PARAMETRIC_REPRESENTATION_CONTEXT() REPRESENTATION_CONTEXT('2D SPACE',''
  ) );
#7801 = PCURVE('',#3600,#7802);
#7802 = DEFINITIONAL_REPRESENTATION('',(#7803),#7807);
#7803 = LINE('',#7804,#7805);
#7804 = CARTESIAN_POINT('',(6.28318530718,-0.));
#7805 = VECTOR('',#7806,1.);
#7806 = DIRECTION('',(0.,1.));
#7807 = ( GEOMETRIC_REPRESENTATION_CONTEXT(2) 
PARAMETRIC_REPRESENTATION_CONTEXT() REPRESENTATION_CONTEXT('2D SPACE',''
  ) );
#7808 = ORIENTED_EDGE('',*,*,#7809,.T.);
#7809 = EDGE_CURVE('',#7787,#7787,#7810,.T.);
#7810 = SURFACE_CURVE('',#7811,(#7816,#7823),.PCURVE_S1.);
#7811 = CIRCLE('',#7812,4.25);
#7812 = AXIS2_PLACEMENT_3D('',#7813,#7814,#7815);
#7813 = CARTESIAN_POINT('',(23.75,76.,56.25));
#7814 = DIRECTION('',(0.,1.,0.));
#7815 = DIRECTION('',(0.,-0.,1.));
#7816 = PCURVE('',#3600,#7817);
#7817 = DEFINITIONAL_REPRESENTATION('',(#7818),#7822);
#7818 = LINE('',#7819,#7820);
#7819 = CARTESIAN_POINT('',(0.,0.));
#7820 = VECTOR('',#7821,1.);
#7821 = DIRECTION('',(1.,0.));
#7822 = ( GEOMETRIC_REPRESENTATION_CONTEXT(2) 
PARAMETRIC_REPRESENTATION_CONTEXT() REPRESENTATION_CONTEXT('2D SPACE',''
  ) );
#7823 = PCURVE('',#7824,#7829);
#7824 = PLANE('',#7825);
#7825 = AXIS2_PLACEMENT_3D('',#7826,#7827,#7828);
#7826 = CARTESIAN_POINT('',(23.75,76.,56.25));
#7827 = DIRECTION('',(0.,1.,0.));
#7828 = DIRECTION('',(0.,-0.,1.));
#7829 = DEFINITIONAL_REPRESENTATION('',(#7830),#7834);
#7830 = CIRCLE('',#7831,4.25);
#7831 = AXIS2_PLACEMENT_2D('',#7832,#7833);
#7832 = CARTESIAN_POINT('',(0.,0.));
#7833 = DIRECTION('',(1.,0.));
#7834 = ( GEOMETRIC_REPRESENTATION_CONTEXT(2) 
PARAMETRIC_REPRESENTATION_CONTEXT() REPRESENTATION_CONTEXT('2D SPACE',''
  ) );
#7835 = ORIENTED_EDGE('',*,*,#7786,.T.);
#7836 = ADVANCED_FACE('',(#7837),#3631,.T.);
#7837 = FACE_BOUND('',#7838,.T.);
#7838 = EDGE_LOOP('',(#7839,#7840,#7863,#7890));
#7839 = ORIENTED_EDGE('',*,*,#3614,.F.);
#7840 = ORIENTED_EDGE('',*,*,#7841,.F.);
#7841 = EDGE_CURVE('',#7842,#3615,#7844,.T.);
#7842 = VERTEX_POINT('',#7843);
#7843 = CARTESIAN_POINT('',(27.68,76.,78.79));
#7844 = SEAM_CURVE('',#7845,(#7849,#7856),.PCURVE_S1.);
#7845 = LINE('',#7846,#7847);
#7846 = CARTESIAN_POINT('',(27.68,76.,78.79));
#7847 = VECTOR('',#7848,1.);
#7848 = DIRECTION('',(-9.660740586916E-18,0.999221823409,
    3.944296671351E-02));
#7849 = PCURVE('',#3631,#7850);
#7850 = DEFINITIONAL_REPRESENTATION('',(#7851),#7855);
#7851 = LINE('',#7852,#7853);
#7852 = CARTESIAN_POINT('',(0.,-0.));
#7853 = VECTOR('',#7854,1.);
#7854 = DIRECTION('',(0.,1.));
#7855 = ( GEOMETRIC_REPRESENTATION_CONTEXT(2) 
PARAMETRIC_REPRESENTATION_CONTEXT() REPRESENTATION_CONTEXT('2D SPACE',''
  ) );
#7856 = PCURVE('',#3631,#7857);
#7857 = DEFINITIONAL_REPRESENTATION('',(#7858),#7862);
#7858 = LINE('',#7859,#7860);
#7859 = CARTESIAN_POINT('',(6.28318530718,-0.));
#7860 = VECTOR('',#7861,1.);
#7861 = DIRECTION('',(0.,1.));
#7862 = ( GEOMETRIC_REPRESENTATION_CONTEXT(2) 
PARAMETRIC_REPRESENTATION_CONTEXT() REPRESENTATION_CONTEXT('2D SPACE',''
  ) );
#7863 = ORIENTED_EDGE('',*,*,#7864,.T.);
#7864 = EDGE_CURVE('',#7842,#7842,#7865,.T.);
#7865 = SURFACE_CURVE('',#7866,(#7871,#7878),.PCURVE_S1.);
#7866 = CIRCLE('',#7867,4.25);
#7867 = AXIS2_PLACEMENT_3D('',#7868,#7869,#7870);
#7868 = CARTESIAN_POINT('',(27.68,76.,74.54));
#7869 = DIRECTION('',(0.,1.,0.));
#7870 = DIRECTION('',(0.,-0.,1.));
#7871 = PCURVE('',#3631,#7872);
#7872 = DEFINITIONAL_REPRESENTATION('',(#7873),#7877);
#7873 = LINE('',#7874,#7875);
#7874 = CARTESIAN_POINT('',(0.,0.));
#7875 = VECTOR('',#7876,1.);
#7876 = DIRECTION('',(1.,0.));
#7877 = ( GEOMETRIC_REPRESENTATION_CONTEXT(2) 
PARAMETRIC_REPRESENTATION_CONTEXT() REPRESENTATION_CONTEXT('2D SPACE',''
  ) );
#7878 = PCURVE('',#7879,#7884);
#7879 = PLANE('',#7880);
#7880 = AXIS2_PLACEMENT_3D('',#7881,#7882,#7883);
#7881 = CARTESIAN_POINT('',(27.68,76.,74.54));
#7882 = DIRECTION('',(0.,1.,0.));
#7883 = DIRECTION('',(0.,-0.,1.));
#7884 = DEFINITIONAL_REPRESENTATION('',(#7885),#7889);
#7885 = CIRCLE('',#7886,4.25);
#7886 = AXIS2_PLACEMENT_2D('',#7887,#7888);
#7887 = CARTESIAN_POINT('',(0.,0.));
#7888 = DIRECTION('',(1.,0.));
#7889 = ( GEOMETRIC_REPRESENTATION_CONTEXT(2) 
PARAMETRIC_REPRESENTATION_CONTEXT() REPRESENTATION_CONTEXT('2D SPACE',''
  ) );
#7890 = ORIENTED_EDGE('',*,*,#7841,.T.);
#7891 = ADVANCED_FACE('',(#7892),#3662,.T.);
#7892 = FACE_BOUND('',#7893,.T.);
#7893 = EDGE_LOOP('',(#7894,#7895,#7918,#7945));
#7894 = ORIENTED_EDGE('',*,*,#3645,.F.);
#7895 = ORIENTED_EDGE('',*,*,#7896,.F.);
#7896 = EDGE_CURVE('',#7897,#3646,#7899,.T.);
#7897 = VERTEX_POINT('',#7898);
#7898 = CARTESIAN_POINT('',(28.95,76.,127.05));
#7899 = SEAM_CURVE('',#7900,(#7904,#7911),.PCURVE_S1.);
#7900 = LINE('',#7901,#7902);
#7901 = CARTESIAN_POINT('',(28.95,76.,127.05));
#7902 = VECTOR('',#7903,1.);
#7903 = DIRECTION('',(-9.660740586916E-18,0.999221823409,
    3.944296671351E-02));
#7904 = PCURVE('',#3662,#7905);
#7905 = DEFINITIONAL_REPRESENTATION('',(#7906),#7910);
#7906 = LINE('',#7907,#7908);
#7907 = CARTESIAN_POINT('',(0.,-0.));
#7908 = VECTOR('',#7909,1.);
#7909 = DIRECTION('',(0.,1.));
#7910 = ( GEOMETRIC_REPRESENTATION_CONTEXT(2) 
PARAMETRIC_REPRESENTATION_CONTEXT() REPRESENTATION_CONTEXT('2D SPACE',''
  ) );
#7911 = PCURVE('',#3662,#7912);
#7912 = DEFINITIONAL_REPRESENTATION('',(#7913),#7917);
#7913 = LINE('',#7914,#7915);
#7914 = CARTESIAN_POINT('',(6.28318530718,-0.));
#7915 = VECTOR('',#7916,1.);
#7916 = DIRECTION('',(0.,1.));
#7917 = ( GEOMETRIC_REPRESENTATION_CONTEXT(2) 
PARAMETRIC_REPRESENTATION_CONTEXT() REPRESENTATION_CONTEXT('2D SPACE',''
  ) );
#7918 = ORIENTED_EDGE('',*,*,#7919,.T.);
#7919 = EDGE_CURVE('',#7897,#7897,#7920,.T.);
#7920 = SURFACE_CURVE('',#7921,(#7926,#7933),.PCURVE_S1.);
#7921 = CIRCLE('',#7922,4.25);
#7922 = AXIS2_PLACEMENT_3D('',#7923,#7924,#7925);
#7923 = CARTESIAN_POINT('',(28.95,76.,122.8));
#7924 = DIRECTION('',(0.,1.,0.));
#7925 = DIRECTION('',(0.,-0.,1.));
#7926 = PCURVE('',#3662,#7927);
#7927 = DEFINITIONAL_REPRESENTATION('',(#7928),#7932);
#7928 = LINE('',#7929,#7930);
#7929 = CARTESIAN_POINT('',(0.,0.));
#7930 = VECTOR('',#7931,1.);
#7931 = DIRECTION('',(1.,0.));
#7932 = ( GEOMETRIC_REPRESENTATION_CONTEXT(2) 
PARAMETRIC_REPRESENTATION_CONTEXT() REPRESENTATION_CONTEXT('2D SPACE',''
  ) );
#7933 = PCURVE('',#7934,#7939);
#7934 = PLANE('',#7935);
#7935 = AXIS2_PLACEMENT_3D('',#7936,#7937,#7938);
#7936 = CARTESIAN_POINT('',(28.95,76.,122.8));
#7937 = DIRECTION('',(0.,1.,0.));
#7938 = DIRECTION('',(0.,-0.,1.));
#7939 = DEFINITIONAL_REPRESENTATION('',(#7940),#7944);
#7940 = CIRCLE('',#7941,4.25);
#7941 = AXIS2_PLACEMENT_2D('',#7942,#7943);
#7942 = CARTESIAN_POINT('',(0.,0.));
#7943 = DIRECTION('',(1.,0.));
#7944 = ( GEOMETRIC_REPRESENTATION_CONTEXT(2) 
PARAMETRIC_REPRESENTATION_CONTEXT() REPRESENTATION_CONTEXT('2D SPACE',''
  ) );
#7945 = ORIENTED_EDGE('',*,*,#7896,.T.);
#7946 = ADVANCED_FACE('',(#7947),#3693,.T.);
#7947 = FACE_BOUND('',#7948,.T.);
#7948 = EDGE_LOOP('',(#7949,#7950,#7973,#8000));
#7949 = ORIENTED_EDGE('',*,*,#3676,.F.);
#7950 = ORIENTED_EDGE('',*,*,#7951,.F.);
#7951 = EDGE_CURVE('',#7952,#3677,#7954,.T.);
#7952 = VERTEX_POINT('',#7953);
#7953 = CARTESIAN_POINT('',(68.25,76.,40.));
#7954 = SEAM_CURVE('',#7955,(#7959,#7966),.PCURVE_S1.);
#7955 = LINE('',#7956,#7957);
#7956 = CARTESIAN_POINT('',(68.25,76.,40.));
#7957 = VECTOR('',#7958,1.);
#7958 = DIRECTION('',(-9.660740586916E-18,0.999221823409,
    3.944296671351E-02));
#7959 = PCURVE('',#3693,#7960);
#7960 = DEFINITIONAL_REPRESENTATION('',(#7961),#7965);
#7961 = LINE('',#7962,#7963);
#7962 = CARTESIAN_POINT('',(0.,-0.));
#7963 = VECTOR('',#7964,1.);
#7964 = DIRECTION('',(0.,1.));
#7965 = ( GEOMETRIC_REPRESENTATION_CONTEXT(2) 
PARAMETRIC_REPRESENTATION_CONTEXT() REPRESENTATION_CONTEXT('2D SPACE',''
  ) );
#7966 = PCURVE('',#3693,#7967);
#7967 = DEFINITIONAL_REPRESENTATION('',(#7968),#7972);
#7968 = LINE('',#7969,#7970);
#7969 = CARTESIAN_POINT('',(6.28318530718,-0.));
#7970 = VECTOR('',#7971,1.);
#7971 = DIRECTION('',(0.,1.));
#7972 = ( GEOMETRIC_REPRESENTATION_CONTEXT(2) 
PARAMETRIC_REPRESENTATION_CONTEXT() REPRESENTATION_CONTEXT('2D SPACE',''
  ) );
#7973 = ORIENTED_EDGE('',*,*,#7974,.T.);
#7974 = EDGE_CURVE('',#7952,#7952,#7975,.T.);
#7975 = SURFACE_CURVE('',#7976,(#7981,#7988),.PCURVE_S1.);
#7976 = CIRCLE('',#7977,4.25);
#7977 = AXIS2_PLACEMENT_3D('',#7978,#7979,#7980);
#7978 = CARTESIAN_POINT('',(68.25,76.,35.75));
#7979 = DIRECTION('',(0.,1.,0.));
#7980 = DIRECTION('',(0.,-0.,1.));
#7981 = PCURVE('',#3693,#7982);
#7982 = DEFINITIONAL_REPRESENTATION('',(#7983),#7987);
#7983 = LINE('',#7984,#7985);
#7984 = CARTESIAN_POINT('',(0.,0.));
#7985 = VECTOR('',#7986,1.);
#7986 = DIRECTION('',(1.,0.));
#7987 = ( GEOMETRIC_REPRESENTATION_CONTEXT(2) 
PARAMETRIC_REPRESENTATION_CONTEXT() REPRESENTATION_CONTEXT('2D SPACE',''
  ) );
#7988 = PCURVE('',#7989,#7994);
#7989 = PLANE('',#7990);
#7990 = AXIS2_PLACEMENT_3D('',#7991,#7992,#7993);
#7991 = CARTESIAN_POINT('',(68.25,76.,35.75));
#7992 = DIRECTION('',(0.,1.,0.));
#7993 = DIRECTION('',(0.,-0.,1.));
#7994 = DEFINITIONAL_REPRESENTATION('',(#7995),#7999);
#7995 = CIRCLE('',#7996,4.25);
#7996 = AXIS2_PLACEMENT_2D('',#7997,#7998);
#7997 = CARTESIAN_POINT('',(0.,0.));
#7998 = DIRECTION('',(1.,0.));
#7999 = ( GEOMETRIC_REPRESENTATION_CONTEXT(2) 
PARAMETRIC_REPRESENTATION_CONTEXT() REPRESENTATION_CONTEXT('2D SPACE',''
  ) );
#8000 = ORIENTED_EDGE('',*,*,#7951,.T.);
#8001 = ADVANCED_FACE('',(#8002),#3724,.T.);
#8002 = FACE_BOUND('',#8003,.T.);
#8003 = EDGE_LOOP('',(#8004,#8005,#8028,#8055));
#8004 = ORIENTED_EDGE('',*,*,#3707,.F.);
#8005 = ORIENTED_EDGE('',*,*,#8006,.F.);
#8006 = EDGE_CURVE('',#8007,#3708,#8009,.T.);
#8007 = VERTEX_POINT('',#8008);
#8008 = CARTESIAN_POINT('',(68.25,76.,60.5));
#8009 = SEAM_CURVE('',#8010,(#8014,#8021),.PCURVE_S1.);
#8010 = LINE('',#8011,#8012);
#8011 = CARTESIAN_POINT('',(68.25,76.,60.5));
#8012 = VECTOR('',#8013,1.);
#8013 = DIRECTION('',(-9.660740586916E-18,0.999221823409,
    3.944296671351E-02));
#8014 = PCURVE('',#3724,#8015);
#8015 = DEFINITIONAL_REPRESENTATION('',(#8016),#8020);
#8016 = LINE('',#8017,#8018);
#8017 = CARTESIAN_POINT('',(0.,-0.));
#8018 = VECTOR('',#8019,1.);
#8019 = DIRECTION('',(0.,1.));
#8020 = ( GEOMETRIC_REPRESENTATION_CONTEXT(2) 
PARAMETRIC_REPRESENTATION_CONTEXT() REPRESENTATION_CONTEXT('2D SPACE',''
  ) );
#8021 = PCURVE('',#3724,#8022);
#8022 = DEFINITIONAL_REPRESENTATION('',(#8023),#8027);
#8023 = LINE('',#8024,#8025);
#8024 = CARTESIAN_POINT('',(6.28318530718,-0.));
#8025 = VECTOR('',#8026,1.);
#8026 = DIRECTION('',(0.,1.));
#8027 = ( GEOMETRIC_REPRESENTATION_CONTEXT(2) 
PARAMETRIC_REPRESENTATION_CONTEXT() REPRESENTATION_CONTEXT('2D SPACE',''
  ) );
#8028 = ORIENTED_EDGE('',*,*,#8029,.T.);
#8029 = EDGE_CURVE('',#8007,#8007,#8030,.T.);
#8030 = SURFACE_CURVE('',#8031,(#8036,#8043),.PCURVE_S1.);
#8031 = CIRCLE('',#8032,4.25);
#8032 = AXIS2_PLACEMENT_3D('',#8033,#8034,#8035);
#8033 = CARTESIAN_POINT('',(68.25,76.,56.25));
#8034 = DIRECTION('',(0.,1.,0.));
#8035 = DIRECTION('',(0.,-0.,1.));
#8036 = PCURVE('',#3724,#8037);
#8037 = DEFINITIONAL_REPRESENTATION('',(#8038),#8042);
#8038 = LINE('',#8039,#8040);
#8039 = CARTESIAN_POINT('',(0.,0.));
#8040 = VECTOR('',#8041,1.);
#8041 = DIRECTION('',(1.,0.));
#8042 = ( GEOMETRIC_REPRESENTATION_CONTEXT(2) 
PARAMETRIC_REPRESENTATION_CONTEXT() REPRESENTATION_CONTEXT('2D SPACE',''
  ) );
#8043 = PCURVE('',#8044,#8049);
#8044 = PLANE('',#8045);
#8045 = AXIS2_PLACEMENT_3D('',#8046,#8047,#8048);
#8046 = CARTESIAN_POINT('',(68.25,76.,56.25));
#8047 = DIRECTION('',(0.,1.,0.));
#8048 = DIRECTION('',(0.,-0.,1.));
#8049 = DEFINITIONAL_REPRESENTATION('',(#8050),#8054);
#8050 = CIRCLE('',#8051,4.25);
#8051 = AXIS2_PLACEMENT_2D('',#8052,#8053);
#8052 = CARTESIAN_POINT('',(0.,0.));
#8053 = DIRECTION('',(1.,0.));
#8054 = ( GEOMETRIC_REPRESENTATION_CONTEXT(2) 
PARAMETRIC_REPRESENTATION_CONTEXT() REPRESENTATION_CONTEXT('2D SPACE',''
  ) );
#8055 = ORIENTED_EDGE('',*,*,#8006,.T.);
#8056 = ADVANCED_FACE('',(#8057),#3755,.T.);
#8057 = FACE_BOUND('',#8058,.T.);
#8058 = EDGE_LOOP('',(#8059,#8060,#8083,#8110));
#8059 = ORIENTED_EDGE('',*,*,#3738,.F.);
#8060 = ORIENTED_EDGE('',*,*,#8061,.F.);
#8061 = EDGE_CURVE('',#8062,#3739,#8064,.T.);
#8062 = VERTEX_POINT('',#8063);
#8063 = CARTESIAN_POINT('',(79.75,76.,83.87));
#8064 = SEAM_CURVE('',#8065,(#8069,#8076),.PCURVE_S1.);
#8065 = LINE('',#8066,#8067);
#8066 = CARTESIAN_POINT('',(79.75,76.,83.87));
#8067 = VECTOR('',#8068,1.);
#8068 = DIRECTION('',(-9.660740586916E-18,0.999221823409,
    3.944296671351E-02));
#8069 = PCURVE('',#3755,#8070);
#8070 = DEFINITIONAL_REPRESENTATION('',(#8071),#8075);
#8071 = LINE('',#8072,#8073);
#8072 = CARTESIAN_POINT('',(0.,-0.));
#8073 = VECTOR('',#8074,1.);
#8074 = DIRECTION('',(0.,1.));
#8075 = ( GEOMETRIC_REPRESENTATION_CONTEXT(2) 
PARAMETRIC_REPRESENTATION_CONTEXT() REPRESENTATION_CONTEXT('2D SPACE',''
  ) );
#8076 = PCURVE('',#3755,#8077);
#8077 = DEFINITIONAL_REPRESENTATION('',(#8078),#8082);
#8078 = LINE('',#8079,#8080);
#8079 = CARTESIAN_POINT('',(6.28318530718,-0.));
#8080 = VECTOR('',#8081,1.);
#8081 = DIRECTION('',(0.,1.));
#8082 = ( GEOMETRIC_REPRESENTATION_CONTEXT(2) 
PARAMETRIC_REPRESENTATION_CONTEXT() REPRESENTATION_CONTEXT('2D SPACE',''
  ) );
#8083 = ORIENTED_EDGE('',*,*,#8084,.T.);
#8084 = EDGE_CURVE('',#8062,#8062,#8085,.T.);
#8085 = SURFACE_CURVE('',#8086,(#8091,#8098),.PCURVE_S1.);
#8086 = CIRCLE('',#8087,4.25);
#8087 = AXIS2_PLACEMENT_3D('',#8088,#8089,#8090);
#8088 = CARTESIAN_POINT('',(79.75,76.,79.62));
#8089 = DIRECTION('',(0.,1.,0.));
#8090 = DIRECTION('',(0.,-0.,1.));
#8091 = PCURVE('',#3755,#8092);
#8092 = DEFINITIONAL_REPRESENTATION('',(#8093),#8097);
#8093 = LINE('',#8094,#8095);
#8094 = CARTESIAN_POINT('',(0.,0.));
#8095 = VECTOR('',#8096,1.);
#8096 = DIRECTION('',(1.,0.));
#8097 = ( GEOMETRIC_REPRESENTATION_CONTEXT(2) 
PARAMETRIC_REPRESENTATION_CONTEXT() REPRESENTATION_CONTEXT('2D SPACE',''
  ) );
#8098 = PCURVE('',#8099,#8104);
#8099 = PLANE('',#8100);
#8100 = AXIS2_PLACEMENT_3D('',#8101,#8102,#8103);
#8101 = CARTESIAN_POINT('',(79.75,76.,79.62));
#8102 = DIRECTION('',(0.,1.,0.));
#8103 = DIRECTION('',(0.,-0.,1.));
#8104 = DEFINITIONAL_REPRESENTATION('',(#8105),#8109);
#8105 = CIRCLE('',#8106,4.25);
#8106 = AXIS2_PLACEMENT_2D('',#8107,#8108);
#8107 = CARTESIAN_POINT('',(0.,0.));
#8108 = DIRECTION('',(1.,0.));
#8109 = ( GEOMETRIC_REPRESENTATION_CONTEXT(2) 
PARAMETRIC_REPRESENTATION_CONTEXT() REPRESENTATION_CONTEXT('2D SPACE',''
  ) );
#8110 = ORIENTED_EDGE('',*,*,#8061,.T.);
#8111 = ADVANCED_FACE('',(#8112),#3786,.T.);
#8112 = FACE_BOUND('',#8113,.T.);
#8113 = EDGE_LOOP('',(#8114,#8115,#8138,#8165));
#8114 = ORIENTED_EDGE('',*,*,#3769,.F.);
#8115 = ORIENTED_EDGE('',*,*,#8116,.F.);
#8116 = EDGE_CURVE('',#8117,#3770,#8119,.T.);
#8117 = VERTEX_POINT('',#8118);
#8118 = CARTESIAN_POINT('',(79.75,76.,111.81));
#8119 = SEAM_CURVE('',#8120,(#8124,#8131),.PCURVE_S1.);
#8120 = LINE('',#8121,#8122);
#8121 = CARTESIAN_POINT('',(79.75,76.,111.81));
#8122 = VECTOR('',#8123,1.);
#8123 = DIRECTION('',(-9.660740586916E-18,0.999221823409,
    3.944296671351E-02));
#8124 = PCURVE('',#3786,#8125);
#8125 = DEFINITIONAL_REPRESENTATION('',(#8126),#8130);
#8126 = LINE('',#8127,#8128);
#8127 = CARTESIAN_POINT('',(0.,-0.));
#8128 = VECTOR('',#8129,1.);
#8129 = DIRECTION('',(0.,1.));
#8130 = ( GEOMETRIC_REPRESENTATION_CONTEXT(2) 
PARAMETRIC_REPRESENTATION_CONTEXT() REPRESENTATION_CONTEXT('2D SPACE',''
  ) );
#8131 = PCURVE('',#3786,#8132);
#8132 = DEFINITIONAL_REPRESENTATION('',(#8133),#8137);
#8133 = LINE('',#8134,#8135);
#8134 = CARTESIAN_POINT('',(6.28318530718,-0.));
#8135 = VECTOR('',#8136,1.);
#8136 = DIRECTION('',(0.,1.));
#8137 = ( GEOMETRIC_REPRESENTATION_CONTEXT(2) 
PARAMETRIC_REPRESENTATION_CONTEXT() REPRESENTATION_CONTEXT('2D SPACE',''
  ) );
#8138 = ORIENTED_EDGE('',*,*,#8139,.T.);
#8139 = EDGE_CURVE('',#8117,#8117,#8140,.T.);
#8140 = SURFACE_CURVE('',#8141,(#8146,#8153),.PCURVE_S1.);
#8141 = CIRCLE('',#8142,4.25);
#8142 = AXIS2_PLACEMENT_3D('',#8143,#8144,#8145);
#8143 = CARTESIAN_POINT('',(79.75,76.,107.56));
#8144 = DIRECTION('',(0.,1.,0.));
#8145 = DIRECTION('',(0.,-0.,1.));
#8146 = PCURVE('',#3786,#8147);
#8147 = DEFINITIONAL_REPRESENTATION('',(#8148),#8152);
#8148 = LINE('',#8149,#8150);
#8149 = CARTESIAN_POINT('',(0.,0.));
#8150 = VECTOR('',#8151,1.);
#8151 = DIRECTION('',(1.,0.));
#8152 = ( GEOMETRIC_REPRESENTATION_CONTEXT(2) 
PARAMETRIC_REPRESENTATION_CONTEXT() REPRESENTATION_CONTEXT('2D SPACE',''
  ) );
#8153 = PCURVE('',#8154,#8159);
#8154 = PLANE('',#8155);
#8155 = AXIS2_PLACEMENT_3D('',#8156,#8157,#8158);
#8156 = CARTESIAN_POINT('',(79.75,76.,107.56));
#8157 = DIRECTION('',(0.,1.,0.));
#8158 = DIRECTION('',(0.,-0.,1.));
#8159 = DEFINITIONAL_REPRESENTATION('',(#8160),#8164);
#8160 = CIRCLE('',#8161,4.25);
#8161 = AXIS2_PLACEMENT_2D('',#8162,#8163);
#8162 = CARTESIAN_POINT('',(0.,0.));
#8163 = DIRECTION('',(1.,0.));
#8164 = ( GEOMETRIC_REPRESENTATION_CONTEXT(2) 
PARAMETRIC_REPRESENTATION_CONTEXT() REPRESENTATION_CONTEXT('2D SPACE',''
  ) );
#8165 = ORIENTED_EDGE('',*,*,#8116,.T.);
#8166 = ADVANCED_FACE('',(#8167,#8200),#3917,.T.);
#8167 = FACE_BOUND('',#8168,.T.);
#8168 = EDGE_LOOP('',(#8169,#8170,#8171,#8172,#8198,#8199));
#8169 = ORIENTED_EDGE('',*,*,#5717,.F.);
#8170 = ORIENTED_EDGE('',*,*,#5765,.F.);
#8171 = ORIENTED_EDGE('',*,*,#5937,.F.);
#8172 = ORIENTED_EDGE('',*,*,#8173,.F.);
#8173 = EDGE_CURVE('',#3902,#5938,#8174,.T.);
#8174 = SURFACE_CURVE('',#8175,(#8180,#8191),.PCURVE_S1.);
#8175 = CIRCLE('',#8176,1.);
#8176 = AXIS2_PLACEMENT_3D('',#8177,#8178,#8179);
#8177 = CARTESIAN_POINT('',(89.,13.,7.));
#8178 = DIRECTION('',(0.,-1.,-0.));
#8179 = DIRECTION('',(1.,0.,0.));
#8180 = PCURVE('',#3917,#8181);
#8181 = DEFINITIONAL_REPRESENTATION('',(#8182),#8190);
#8182 = ( BOUNDED_CURVE() B_SPLINE_CURVE(2,(#8183,#8184,#8185,#8186,
#8187,#8188,#8189),.UNSPECIFIED.,.T.,.F.) B_SPLINE_CURVE_WITH_KNOTS((1,2
    ,2,2,2,1),(-2.094395102393,0.,2.094395102393,4.188790204786,
6.28318530718,8.377580409573),.UNSPECIFIED.) CURVE() 
GEOMETRIC_REPRESENTATION_ITEM() RATIONAL_B_SPLINE_CURVE((1.,0.5,1.,0.5,
1.,0.5,1.)) REPRESENTATION_ITEM('') );
#8183 = CARTESIAN_POINT('',(1.,8.));
#8184 = CARTESIAN_POINT('',(2.732050807569,8.));
#8185 = CARTESIAN_POINT('',(1.866025403784,6.5));
#8186 = CARTESIAN_POINT('',(1.,5.));
#8187 = CARTESIAN_POINT('',(0.133974596216,6.5));
#8188 = CARTESIAN_POINT('',(-0.732050807569,8.));
#8189 = CARTESIAN_POINT('',(1.,8.));
#8190 = ( GEOMETRIC_REPRESENTATION_CONTEXT(2) 
PARAMETRIC_REPRESENTATION_CONTEXT() REPRESENTATION_CONTEXT('2D SPACE',''
  ) );
#8191 = PCURVE('',#3945,#8192);
#8192 = DEFINITIONAL_REPRESENTATION('',(#8193),#8197);
#8193 = LINE('',#8194,#8195);
#8194 = CARTESIAN_POINT('',(-4.138911435803E-13,79.));
#8195 = VECTOR('',#8196,1.);
#8196 = DIRECTION('',(1.,-0.));
#8197 = ( GEOMETRIC_REPRESENTATION_CONTEXT(2) 
PARAMETRIC_REPRESENTATION_CONTEXT() REPRESENTATION_CONTEXT('2D SPACE',''
  ) );
#8198 = ORIENTED_EDGE('',*,*,#3901,.F.);
#8199 = ORIENTED_EDGE('',*,*,#6295,.T.);
#8200 = FACE_BOUND('',#8201,.T.);
#8201 = EDGE_LOOP('',(#8202));
#8202 = ORIENTED_EDGE('',*,*,#5644,.F.);
#8203 = ADVANCED_FACE('',(#8204),#3945,.F.);
#8204 = FACE_BOUND('',#8205,.F.);
#8205 = EDGE_LOOP('',(#8206,#8207,#8208,#8228));
#8206 = ORIENTED_EDGE('',*,*,#8173,.F.);
#8207 = ORIENTED_EDGE('',*,*,#3929,.F.);
#8208 = ORIENTED_EDGE('',*,*,#8209,.F.);
#8209 = EDGE_CURVE('',#5961,#3930,#8210,.T.);
#8210 = SURFACE_CURVE('',#8211,(#8216,#8222),.PCURVE_S1.);
#8211 = CIRCLE('',#8212,1.);
#8212 = AXIS2_PLACEMENT_3D('',#8213,#8214,#8215);
#8213 = CARTESIAN_POINT('',(89.,92.,7.));
#8214 = DIRECTION('',(-6.123233995737E-17,1.,0.));
#8215 = DIRECTION('',(1.,6.123233995737E-17,0.));
#8216 = PCURVE('',#3945,#8217);
#8217 = DEFINITIONAL_REPRESENTATION('',(#8218),#8221);
#8218 = B_SPLINE_CURVE_WITH_KNOTS('',1,(#8219,#8220),.UNSPECIFIED.,.F.,
  .F.,(2,2),(0.,1.570796326795),.PIECEWISE_BEZIER_KNOTS.);
#8219 = CARTESIAN_POINT('',(6.28318530718,0.));
#8220 = CARTESIAN_POINT('',(4.712388980385,0.));
#8221 = ( GEOMETRIC_REPRESENTATION_CONTEXT(2) 
PARAMETRIC_REPRESENTATION_CONTEXT() REPRESENTATION_CONTEXT('2D SPACE',''
  ) );
#8222 = PCURVE('',#3978,#8223);
#8223 = DEFINITIONAL_REPRESENTATION('',(#8224),#8227);
#8224 = B_SPLINE_CURVE_WITH_KNOTS('',1,(#8225,#8226),.UNSPECIFIED.,.F.,
  .F.,(2,2),(0.,1.570796326795),.PIECEWISE_BEZIER_KNOTS.);
#8225 = CARTESIAN_POINT('',(1.570796326795,0.));
#8226 = CARTESIAN_POINT('',(1.570796326795,1.570796326795));
#8227 = ( GEOMETRIC_REPRESENTATION_CONTEXT(2) 
PARAMETRIC_REPRESENTATION_CONTEXT() REPRESENTATION_CONTEXT('2D SPACE',''
  ) );
#8228 = ORIENTED_EDGE('',*,*,#5960,.T.);
#8229 = ADVANCED_FACE('',(#8230),#3978,.F.);
#8230 = FACE_BOUND('',#8231,.F.);
#8231 = EDGE_LOOP('',(#8232,#8233,#8234,#8235));
#8232 = ORIENTED_EDGE('',*,*,#7705,.F.);
#8233 = ORIENTED_EDGE('',*,*,#7677,.T.);
#8234 = ORIENTED_EDGE('',*,*,#8209,.T.);
#8235 = ORIENTED_EDGE('',*,*,#3957,.F.);
#8236 = ADVANCED_FACE('',(#8237,#8312),#4032,.F.);
#8237 = FACE_BOUND('',#8238,.F.);
#8238 = EDGE_LOOP('',(#8239,#8262,#8263,#8286));
#8239 = ORIENTED_EDGE('',*,*,#8240,.F.);
#8240 = EDGE_CURVE('',#4015,#8241,#8243,.T.);
#8241 = VERTEX_POINT('',#8242);
#8242 = CARTESIAN_POINT('',(84.,30.,21.));
#8243 = SURFACE_CURVE('',#8244,(#8248,#8255),.PCURVE_S1.);
#8244 = LINE('',#8245,#8246);
#8245 = CARTESIAN_POINT('',(84.,30.,6.));
#8246 = VECTOR('',#8247,1.);
#8247 = DIRECTION('',(0.,0.,1.));
#8248 = PCURVE('',#4032,#8249);
#8249 = DEFINITIONAL_REPRESENTATION('',(#8250),#8254);
#8250 = LINE('',#8251,#8252);
#8251 = CARTESIAN_POINT('',(2.5,72.));
#8252 = VECTOR('',#8253,1.);
#8253 = DIRECTION('',(1.,0.));
#8254 = ( GEOMETRIC_REPRESENTATION_CONTEXT(2) 
PARAMETRIC_REPRESENTATION_CONTEXT() REPRESENTATION_CONTEXT('2D SPACE',''
  ) );
#8255 = PCURVE('',#4114,#8256);
#8256 = DEFINITIONAL_REPRESENTATION('',(#8257),#8261);
#8257 = LINE('',#8258,#8259);
#8258 = CARTESIAN_POINT('',(2.5,0.));
#8259 = VECTOR('',#8260,1.);
#8260 = DIRECTION('',(1.,0.));
#8261 = ( GEOMETRIC_REPRESENTATION_CONTEXT(2) 
PARAMETRIC_REPRESENTATION_CONTEXT() REPRESENTATION_CONTEXT('2D SPACE',''
  ) );
#8262 = ORIENTED_EDGE('',*,*,#4014,.T.);
#8263 = ORIENTED_EDGE('',*,*,#8264,.F.);
#8264 = EDGE_CURVE('',#8265,#4017,#8267,.T.);
#8265 = VERTEX_POINT('',#8266);
#8266 = CARTESIAN_POINT('',(12.,30.,21.));
#8267 = SURFACE_CURVE('',#8268,(#8272,#8279),.PCURVE_S1.);
#8268 = LINE('',#8269,#8270);
#8269 = CARTESIAN_POINT('',(12.,30.,21.));
#8270 = VECTOR('',#8271,1.);
#8271 = DIRECTION('',(0.,0.,-1.));
#8272 = PCURVE('',#4032,#8273);
#8273 = DEFINITIONAL_REPRESENTATION('',(#8274),#8278);
#8274 = LINE('',#8275,#8276);
#8275 = CARTESIAN_POINT('',(17.5,0.));
#8276 = VECTOR('',#8277,1.);
#8277 = DIRECTION('',(-1.,0.));
#8278 = ( GEOMETRIC_REPRESENTATION_CONTEXT(2) 
PARAMETRIC_REPRESENTATION_CONTEXT() REPRESENTATION_CONTEXT('2D SPACE',''
  ) );
#8279 = PCURVE('',#4060,#8280);
#8280 = DEFINITIONAL_REPRESENTATION('',(#8281),#8285);
#8281 = LINE('',#8282,#8283);
#8282 = CARTESIAN_POINT('',(17.5,0.));
#8283 = VECTOR('',#8284,1.);
#8284 = DIRECTION('',(-1.,0.));
#8285 = ( GEOMETRIC_REPRESENTATION_CONTEXT(2) 
PARAMETRIC_REPRESENTATION_CONTEXT() REPRESENTATION_CONTEXT('2D SPACE',''
  ) );
#8286 = ORIENTED_EDGE('',*,*,#8287,.T.);
#8287 = EDGE_CURVE('',#8265,#8241,#8288,.T.);
#8288 = SURFACE_CURVE('',#8289,(#8293,#8300),.PCURVE_S1.);
#8289 = LINE('',#8290,#8291);
#8290 = CARTESIAN_POINT('',(12.,30.,21.));
#8291 = VECTOR('',#8292,1.);
#8292 = DIRECTION('',(1.,0.,-0.));
#8293 = PCURVE('',#4032,#8294);
#8294 = DEFINITIONAL_REPRESENTATION('',(#8295),#8299);
#8295 = LINE('',#8296,#8297);
#8296 = CARTESIAN_POINT('',(17.5,0.));
#8297 = VECTOR('',#8298,1.);
#8298 = DIRECTION('',(0.,1.));
#8299 = ( GEOMETRIC_REPRESENTATION_CONTEXT(2) 
PARAMETRIC_REPRESENTATION_CONTEXT() REPRESENTATION_CONTEXT('2D SPACE',''
  ) );
#8300 = PCURVE('',#8301,#8306);
#8301 = PLANE('',#8302);
#8302 = AXIS2_PLACEMENT_3D('',#8303,#8304,#8305);
#8303 = CARTESIAN_POINT('',(12.,30.,21.));
#8304 = DIRECTION('',(0.,0.,1.));
#8305 = DIRECTION('',(1.,0.,-0.));
#8306 = DEFINITIONAL_REPRESENTATION('',(#8307),#8311);
#8307 = LINE('',#8308,#8309);
#8308 = CARTESIAN_POINT('',(0.,0.));
#8309 = VECTOR('',#8310,1.);
#8310 = DIRECTION('',(1.,0.));
#8311 = ( GEOMETRIC_REPRESENTATION_CONTEXT(2) 
PARAMETRIC_REPRESENTATION_CONTEXT() REPRESENTATION_CONTEXT('2D SPACE',''
  ) );
#8312 = FACE_BOUND('',#8313,.F.);
#8313 = EDGE_LOOP('',(#8314,#8344,#8372,#8400));
#8314 = ORIENTED_EDGE('',*,*,#8315,.F.);
#8315 = EDGE_CURVE('',#8316,#8318,#8320,.T.);
#8316 = VERTEX_POINT('',#8317);
#8317 = CARTESIAN_POINT('',(45.,30.,9.5));
#8318 = VERTEX_POINT('',#8319);
#8319 = CARTESIAN_POINT('',(51.,30.,9.5));
#8320 = SURFACE_CURVE('',#8321,(#8325,#8332),.PCURVE_S1.);
#8321 = LINE('',#8322,#8323);
#8322 = CARTESIAN_POINT('',(28.5,30.,9.5));
#8323 = VECTOR('',#8324,1.);
#8324 = DIRECTION('',(1.,0.,-0.));
#8325 = PCURVE('',#4032,#8326);
#8326 = DEFINITIONAL_REPRESENTATION('',(#8327),#8331);
#8327 = LINE('',#8328,#8329);
#8328 = CARTESIAN_POINT('',(6.,16.5));
#8329 = VECTOR('',#8330,1.);
#8330 = DIRECTION('',(0.,1.));
#8331 = ( GEOMETRIC_REPRESENTATION_CONTEXT(2) 
PARAMETRIC_REPRESENTATION_CONTEXT() REPRESENTATION_CONTEXT('2D SPACE',''
  ) );
#8332 = PCURVE('',#8333,#8338);
#8333 = PLANE('',#8334);
#8334 = AXIS2_PLACEMENT_3D('',#8335,#8336,#8337);
#8335 = CARTESIAN_POINT('',(45.,29.,9.5));
#8336 = DIRECTION('',(0.,0.,1.));
#8337 = DIRECTION('',(1.,0.,-0.));
#8338 = DEFINITIONAL_REPRESENTATION('',(#8339),#8343);
#8339 = LINE('',#8340,#8341);
#8340 = CARTESIAN_POINT('',(-16.5,1.));
#8341 = VECTOR('',#8342,1.);
#8342 = DIRECTION('',(1.,0.));
#8343 = ( GEOMETRIC_REPRESENTATION_CONTEXT(2) 
PARAMETRIC_REPRESENTATION_CONTEXT() REPRESENTATION_CONTEXT('2D SPACE',''
  ) );
#8344 = ORIENTED_EDGE('',*,*,#8345,.T.);
#8345 = EDGE_CURVE('',#8316,#8346,#8348,.T.);
#8346 = VERTEX_POINT('',#8347);
#8347 = CARTESIAN_POINT('',(45.,30.,7.));
#8348 = SURFACE_CURVE('',#8349,(#8353,#8360),.PCURVE_S1.);
#8349 = LINE('',#8350,#8351);
#8350 = CARTESIAN_POINT('',(45.,30.,5.25));
#8351 = VECTOR('',#8352,1.);
#8352 = DIRECTION('',(-0.,0.,-1.));
#8353 = PCURVE('',#4032,#8354);
#8354 = DEFINITIONAL_REPRESENTATION('',(#8355),#8359);
#8355 = LINE('',#8356,#8357);
#8356 = CARTESIAN_POINT('',(1.75,33.));
#8357 = VECTOR('',#8358,1.);
#8358 = DIRECTION('',(-1.,0.));
#8359 = ( GEOMETRIC_REPRESENTATION_CONTEXT(2) 
PARAMETRIC_REPRESENTATION_CONTEXT() REPRESENTATION_CONTEXT('2D SPACE',''
  ) );
#8360 = PCURVE('',#8361,#8366);
#8361 = PLANE('',#8362);
#8362 = AXIS2_PLACEMENT_3D('',#8363,#8364,#8365);
#8363 = CARTESIAN_POINT('',(45.,29.,7.));
#8364 = DIRECTION('',(1.,0.,-0.));
#8365 = DIRECTION('',(0.,0.,1.));
#8366 = DEFINITIONAL_REPRESENTATION('',(#8367),#8371);
#8367 = LINE('',#8368,#8369);
#8368 = CARTESIAN_POINT('',(-1.75,-1.));
#8369 = VECTOR('',#8370,1.);
#8370 = DIRECTION('',(-1.,-0.));
#8371 = ( GEOMETRIC_REPRESENTATION_CONTEXT(2) 
PARAMETRIC_REPRESENTATION_CONTEXT() REPRESENTATION_CONTEXT('2D SPACE',''
  ) );
#8372 = ORIENTED_EDGE('',*,*,#8373,.T.);
#8373 = EDGE_CURVE('',#8346,#8374,#8376,.T.);
#8374 = VERTEX_POINT('',#8375);
#8375 = CARTESIAN_POINT('',(51.,30.,7.));
#8376 = SURFACE_CURVE('',#8377,(#8381,#8388),.PCURVE_S1.);
#8377 = LINE('',#8378,#8379);
#8378 = CARTESIAN_POINT('',(28.5,30.,7.));
#8379 = VECTOR('',#8380,1.);
#8380 = DIRECTION('',(1.,0.,-0.));
#8381 = PCURVE('',#4032,#8382);
#8382 = DEFINITIONAL_REPRESENTATION('',(#8383),#8387);
#8383 = LINE('',#8384,#8385);
#8384 = CARTESIAN_POINT('',(3.5,16.5));
#8385 = VECTOR('',#8386,1.);
#8386 = DIRECTION('',(0.,1.));
#8387 = ( GEOMETRIC_REPRESENTATION_CONTEXT(2) 
PARAMETRIC_REPRESENTATION_CONTEXT() REPRESENTATION_CONTEXT('2D SPACE',''
  ) );
#8388 = PCURVE('',#8389,#8394);
#8389 = PLANE('',#8390);
#8390 = AXIS2_PLACEMENT_3D('',#8391,#8392,#8393);
#8391 = CARTESIAN_POINT('',(45.,29.,7.));
#8392 = DIRECTION('',(0.,0.,1.));
#8393 = DIRECTION('',(1.,0.,-0.));
#8394 = DEFINITIONAL_REPRESENTATION('',(#8395),#8399);
#8395 = LINE('',#8396,#8397);
#8396 = CARTESIAN_POINT('',(-16.5,1.));
#8397 = VECTOR('',#8398,1.);
#8398 = DIRECTION('',(1.,0.));
#8399 = ( GEOMETRIC_REPRESENTATION_CONTEXT(2) 
PARAMETRIC_REPRESENTATION_CONTEXT() REPRESENTATION_CONTEXT('2D SPACE',''
  ) );
#8400 = ORIENTED_EDGE('',*,*,#8401,.F.);
#8401 = EDGE_CURVE('',#8318,#8374,#8402,.T.);
#8402 = SURFACE_CURVE('',#8403,(#8407,#8414),.PCURVE_S1.);
#8403 = LINE('',#8404,#8405);
#8404 = CARTESIAN_POINT('',(51.,30.,5.25));
#8405 = VECTOR('',#8406,1.);
#8406 = DIRECTION('',(-0.,0.,-1.));
#8407 = PCURVE('',#4032,#8408);
#8408 = DEFINITIONAL_REPRESENTATION('',(#8409),#8413);
#8409 = LINE('',#8410,#8411);
#8410 = CARTESIAN_POINT('',(1.75,39.));
#8411 = VECTOR('',#8412,1.);
#8412 = DIRECTION('',(-1.,0.));
#8413 = ( GEOMETRIC_REPRESENTATION_CONTEXT(2) 
PARAMETRIC_REPRESENTATION_CONTEXT() REPRESENTATION_CONTEXT('2D SPACE',''
  ) );
#8414 = PCURVE('',#8415,#8420);
#8415 = PLANE('',#8416);
#8416 = AXIS2_PLACEMENT_3D('',#8417,#8418,#8419);
#8417 = CARTESIAN_POINT('',(51.,29.,7.));
#8418 = DIRECTION('',(1.,0.,-0.));
#8419 = DIRECTION('',(0.,0.,1.));
#8420 = DEFINITIONAL_REPRESENTATION('',(#8421),#8425);
#8421 = LINE('',#8422,#8423);
#8422 = CARTESIAN_POINT('',(-1.75,-1.));
#8423 = VECTOR('',#8424,1.);
#8424 = DIRECTION('',(-1.,-0.));
#8425 = ( GEOMETRIC_REPRESENTATION_CONTEXT(2) 
PARAMETRIC_REPRESENTATION_CONTEXT() REPRESENTATION_CONTEXT('2D SPACE',''
  ) );
#8426 = ADVANCED_FACE('',(#8427),#4060,.F.);
#8427 = FACE_BOUND('',#8428,.F.);
#8428 = EDGE_LOOP('',(#8429,#8452,#8480,#8508,#8536,#8564,#8585,#8586));
#8429 = ORIENTED_EDGE('',*,*,#8430,.T.);
#8430 = EDGE_CURVE('',#4045,#8431,#8433,.T.);
#8431 = VERTEX_POINT('',#8432);
#8432 = CARTESIAN_POINT('',(12.,60.,21.));
#8433 = SURFACE_CURVE('',#8434,(#8438,#8445),.PCURVE_S1.);
#8434 = LINE('',#8435,#8436);
#8435 = CARTESIAN_POINT('',(12.,60.,6.));
#8436 = VECTOR('',#8437,1.);
#8437 = DIRECTION('',(0.,0.,1.));
#8438 = PCURVE('',#4060,#8439);
#8439 = DEFINITIONAL_REPRESENTATION('',(#8440),#8444);
#8440 = LINE('',#8441,#8442);
#8441 = CARTESIAN_POINT('',(2.5,-30.));
#8442 = VECTOR('',#8443,1.);
#8443 = DIRECTION('',(1.,0.));
#8444 = ( GEOMETRIC_REPRESENTATION_CONTEXT(2) 
PARAMETRIC_REPRESENTATION_CONTEXT() REPRESENTATION_CONTEXT('2D SPACE',''
  ) );
#8445 = PCURVE('',#4088,#8446);
#8446 = DEFINITIONAL_REPRESENTATION('',(#8447),#8451);
#8447 = LINE('',#8448,#8449);
#8448 = CARTESIAN_POINT('',(2.5,0.));
#8449 = VECTOR('',#8450,1.);
#8450 = DIRECTION('',(1.,0.));
#8451 = ( GEOMETRIC_REPRESENTATION_CONTEXT(2) 
PARAMETRIC_REPRESENTATION_CONTEXT() REPRESENTATION_CONTEXT('2D SPACE',''
  ) );
#8452 = ORIENTED_EDGE('',*,*,#8453,.F.);
#8453 = EDGE_CURVE('',#8454,#8431,#8456,.T.);
#8454 = VERTEX_POINT('',#8455);
#8455 = CARTESIAN_POINT('',(12.,56.,21.));
#8456 = SURFACE_CURVE('',#8457,(#8461,#8468),.PCURVE_S1.);
#8457 = LINE('',#8458,#8459);
#8458 = CARTESIAN_POINT('',(12.,56.,21.));
#8459 = VECTOR('',#8460,1.);
#8460 = DIRECTION('',(-0.,1.,0.));
#8461 = PCURVE('',#4060,#8462);
#8462 = DEFINITIONAL_REPRESENTATION('',(#8463),#8467);
#8463 = LINE('',#8464,#8465);
#8464 = CARTESIAN_POINT('',(17.5,-26.));
#8465 = VECTOR('',#8466,1.);
#8466 = DIRECTION('',(0.,-1.));
#8467 = ( GEOMETRIC_REPRESENTATION_CONTEXT(2) 
PARAMETRIC_REPRESENTATION_CONTEXT() REPRESENTATION_CONTEXT('2D SPACE',''
  ) );
#8468 = PCURVE('',#8469,#8474);
#8469 = PLANE('',#8470);
#8470 = AXIS2_PLACEMENT_3D('',#8471,#8472,#8473);
#8471 = CARTESIAN_POINT('',(12.,56.,21.));
#8472 = DIRECTION('',(0.,0.,1.));
#8473 = DIRECTION('',(1.,0.,-0.));
#8474 = DEFINITIONAL_REPRESENTATION('',(#8475),#8479);
#8475 = LINE('',#8476,#8477);
#8476 = CARTESIAN_POINT('',(0.,0.));
#8477 = VECTOR('',#8478,1.);
#8478 = DIRECTION('',(0.,1.));
#8479 = ( GEOMETRIC_REPRESENTATION_CONTEXT(2) 
PARAMETRIC_REPRESENTATION_CONTEXT() REPRESENTATION_CONTEXT('2D SPACE',''
  ) );
#8480 = ORIENTED_EDGE('',*,*,#8481,.F.);
#8481 = EDGE_CURVE('',#8482,#8454,#8484,.T.);
#8482 = VERTEX_POINT('',#8483);
#8483 = CARTESIAN_POINT('',(12.,56.,12.));
#8484 = SURFACE_CURVE('',#8485,(#8489,#8496),.PCURVE_S1.);
#8485 = LINE('',#8486,#8487);
#8486 = CARTESIAN_POINT('',(12.,56.,12.));
#8487 = VECTOR('',#8488,1.);
#8488 = DIRECTION('',(0.,0.,1.));
#8489 = PCURVE('',#4060,#8490);
#8490 = DEFINITIONAL_REPRESENTATION('',(#8491),#8495);
#8491 = LINE('',#8492,#8493);
#8492 = CARTESIAN_POINT('',(8.5,-26.));
#8493 = VECTOR('',#8494,1.);
#8494 = DIRECTION('',(1.,0.));
#8495 = ( GEOMETRIC_REPRESENTATION_CONTEXT(2) 
PARAMETRIC_REPRESENTATION_CONTEXT() REPRESENTATION_CONTEXT('2D SPACE',''
  ) );
#8496 = PCURVE('',#8497,#8502);
#8497 = PLANE('',#8498);
#8498 = AXIS2_PLACEMENT_3D('',#8499,#8500,#8501);
#8499 = CARTESIAN_POINT('',(12.,56.,12.));
#8500 = DIRECTION('',(-0.,1.,0.));
#8501 = DIRECTION('',(0.,0.,1.));
#8502 = DEFINITIONAL_REPRESENTATION('',(#8503),#8507);
#8503 = LINE('',#8504,#8505);
#8504 = CARTESIAN_POINT('',(0.,0.));
#8505 = VECTOR('',#8506,1.);
#8506 = DIRECTION('',(1.,0.));
#8507 = ( GEOMETRIC_REPRESENTATION_CONTEXT(2) 
PARAMETRIC_REPRESENTATION_CONTEXT() REPRESENTATION_CONTEXT('2D SPACE',''
  ) );
#8508 = ORIENTED_EDGE('',*,*,#8509,.F.);
#8509 = EDGE_CURVE('',#8510,#8482,#8512,.T.);
#8510 = VERTEX_POINT('',#8511);
#8511 = CARTESIAN_POINT('',(12.,34.,12.));
#8512 = SURFACE_CURVE('',#8513,(#8517,#8524),.PCURVE_S1.);
#8513 = LINE('',#8514,#8515);
#8514 = CARTESIAN_POINT('',(12.,30.,12.));
#8515 = VECTOR('',#8516,1.);
#8516 = DIRECTION('',(-0.,1.,0.));
#8517 = PCURVE('',#4060,#8518);
#8518 = DEFINITIONAL_REPRESENTATION('',(#8519),#8523);
#8519 = LINE('',#8520,#8521);
#8520 = CARTESIAN_POINT('',(8.5,0.));
#8521 = VECTOR('',#8522,1.);
#8522 = DIRECTION('',(0.,-1.));
#8523 = ( GEOMETRIC_REPRESENTATION_CONTEXT(2) 
PARAMETRIC_REPRESENTATION_CONTEXT() REPRESENTATION_CONTEXT('2D SPACE',''
  ) );
#8524 = PCURVE('',#8525,#8530);
#8525 = PLANE('',#8526);
#8526 = AXIS2_PLACEMENT_3D('',#8527,#8528,#8529);
#8527 = CARTESIAN_POINT('',(12.,30.,12.));
#8528 = DIRECTION('',(0.,0.,1.));
#8529 = DIRECTION('',(1.,0.,-0.));
#8530 = DEFINITIONAL_REPRESENTATION('',(#8531),#8535);
#8531 = LINE('',#8532,#8533);
#8532 = CARTESIAN_POINT('',(0.,0.));
#8533 = VECTOR('',#8534,1.);
#8534 = DIRECTION('',(0.,1.));
#8535 = ( GEOMETRIC_REPRESENTATION_CONTEXT(2) 
PARAMETRIC_REPRESENTATION_CONTEXT() REPRESENTATION_CONTEXT('2D SPACE',''
  ) );
#8536 = ORIENTED_EDGE('',*,*,#8537,.T.);
#8537 = EDGE_CURVE('',#8510,#8538,#8540,.T.);
#8538 = VERTEX_POINT('',#8539);
#8539 = CARTESIAN_POINT('',(12.,34.,21.));
#8540 = SURFACE_CURVE('',#8541,(#8545,#8552),.PCURVE_S1.);
#8541 = LINE('',#8542,#8543);
#8542 = CARTESIAN_POINT('',(12.,34.,12.));
#8543 = VECTOR('',#8544,1.);
#8544 = DIRECTION('',(0.,0.,1.));
#8545 = PCURVE('',#4060,#8546);
#8546 = DEFINITIONAL_REPRESENTATION('',(#8547),#8551);
#8547 = LINE('',#8548,#8549);
#8548 = CARTESIAN_POINT('',(8.5,-4.));
#8549 = VECTOR('',#8550,1.);
#8550 = DIRECTION('',(1.,0.));
#8551 = ( GEOMETRIC_REPRESENTATION_CONTEXT(2) 
PARAMETRIC_REPRESENTATION_CONTEXT() REPRESENTATION_CONTEXT('2D SPACE',''
  ) );
#8552 = PCURVE('',#8553,#8558);
#8553 = PLANE('',#8554);
#8554 = AXIS2_PLACEMENT_3D('',#8555,#8556,#8557);
#8555 = CARTESIAN_POINT('',(12.,34.,12.));
#8556 = DIRECTION('',(-0.,1.,0.));
#8557 = DIRECTION('',(0.,0.,1.));
#8558 = DEFINITIONAL_REPRESENTATION('',(#8559),#8563);
#8559 = LINE('',#8560,#8561);
#8560 = CARTESIAN_POINT('',(0.,0.));
#8561 = VECTOR('',#8562,1.);
#8562 = DIRECTION('',(1.,0.));
#8563 = ( GEOMETRIC_REPRESENTATION_CONTEXT(2) 
PARAMETRIC_REPRESENTATION_CONTEXT() REPRESENTATION_CONTEXT('2D SPACE',''
  ) );
#8564 = ORIENTED_EDGE('',*,*,#8565,.F.);
#8565 = EDGE_CURVE('',#8265,#8538,#8566,.T.);
#8566 = SURFACE_CURVE('',#8567,(#8571,#8578),.PCURVE_S1.);
#8567 = LINE('',#8568,#8569);
#8568 = CARTESIAN_POINT('',(12.,30.,21.));
#8569 = VECTOR('',#8570,1.);
#8570 = DIRECTION('',(-0.,1.,0.));
#8571 = PCURVE('',#4060,#8572);
#8572 = DEFINITIONAL_REPRESENTATION('',(#8573),#8577);
#8573 = LINE('',#8574,#8575);
#8574 = CARTESIAN_POINT('',(17.5,0.));
#8575 = VECTOR('',#8576,1.);
#8576 = DIRECTION('',(0.,-1.));
#8577 = ( GEOMETRIC_REPRESENTATION_CONTEXT(2) 
PARAMETRIC_REPRESENTATION_CONTEXT() REPRESENTATION_CONTEXT('2D SPACE',''
  ) );
#8578 = PCURVE('',#8301,#8579);
#8579 = DEFINITIONAL_REPRESENTATION('',(#8580),#8584);
#8580 = LINE('',#8581,#8582);
#8581 = CARTESIAN_POINT('',(0.,0.));
#8582 = VECTOR('',#8583,1.);
#8583 = DIRECTION('',(0.,1.));
#8584 = ( GEOMETRIC_REPRESENTATION_CONTEXT(2) 
PARAMETRIC_REPRESENTATION_CONTEXT() REPRESENTATION_CONTEXT('2D SPACE',''
  ) );
#8585 = ORIENTED_EDGE('',*,*,#8264,.T.);
#8586 = ORIENTED_EDGE('',*,*,#4044,.T.);
#8587 = ADVANCED_FACE('',(#8588,#8636),#4088,.T.);
#8588 = FACE_BOUND('',#8589,.T.);
#8589 = EDGE_LOOP('',(#8590,#8613,#8614,#8615));
#8590 = ORIENTED_EDGE('',*,*,#8591,.F.);
#8591 = EDGE_CURVE('',#4073,#8592,#8594,.T.);
#8592 = VERTEX_POINT('',#8593);
#8593 = CARTESIAN_POINT('',(84.,60.,21.));
#8594 = SURFACE_CURVE('',#8595,(#8599,#8606),.PCURVE_S1.);
#8595 = LINE('',#8596,#8597);
#8596 = CARTESIAN_POINT('',(84.,60.,6.));
#8597 = VECTOR('',#8598,1.);
#8598 = DIRECTION('',(0.,0.,1.));
#8599 = PCURVE('',#4088,#8600);
#8600 = DEFINITIONAL_REPRESENTATION('',(#8601),#8605);
#8601 = LINE('',#8602,#8603);
#8602 = CARTESIAN_POINT('',(2.5,72.));
#8603 = VECTOR('',#8604,1.);
#8604 = DIRECTION('',(1.,0.));
#8605 = ( GEOMETRIC_REPRESENTATION_CONTEXT(2) 
PARAMETRIC_REPRESENTATION_CONTEXT() REPRESENTATION_CONTEXT('2D SPACE',''
  ) );
#8606 = PCURVE('',#4114,#8607);
#8607 = DEFINITIONAL_REPRESENTATION('',(#8608),#8612);
#8608 = LINE('',#8609,#8610);
#8609 = CARTESIAN_POINT('',(2.5,-30.));
#8610 = VECTOR('',#8611,1.);
#8611 = DIRECTION('',(1.,0.));
#8612 = ( GEOMETRIC_REPRESENTATION_CONTEXT(2) 
PARAMETRIC_REPRESENTATION_CONTEXT() REPRESENTATION_CONTEXT('2D SPACE',''
  ) );
#8613 = ORIENTED_EDGE('',*,*,#4072,.T.);
#8614 = ORIENTED_EDGE('',*,*,#8430,.T.);
#8615 = ORIENTED_EDGE('',*,*,#8616,.T.);
#8616 = EDGE_CURVE('',#8431,#8592,#8617,.T.);
#8617 = SURFACE_CURVE('',#8618,(#8622,#8629),.PCURVE_S1.);
#8618 = LINE('',#8619,#8620);
#8619 = CARTESIAN_POINT('',(12.,60.,21.));
#8620 = VECTOR('',#8621,1.);
#8621 = DIRECTION('',(1.,0.,-0.));
#8622 = PCURVE('',#4088,#8623);
#8623 = DEFINITIONAL_REPRESENTATION('',(#8624),#8628);
#8624 = LINE('',#8625,#8626);
#8625 = CARTESIAN_POINT('',(17.5,0.));
#8626 = VECTOR('',#8627,1.);
#8627 = DIRECTION('',(0.,1.));
#8628 = ( GEOMETRIC_REPRESENTATION_CONTEXT(2) 
PARAMETRIC_REPRESENTATION_CONTEXT() REPRESENTATION_CONTEXT('2D SPACE',''
  ) );
#8629 = PCURVE('',#8469,#8630);
#8630 = DEFINITIONAL_REPRESENTATION('',(#8631),#8635);
#8631 = LINE('',#8632,#8633);
#8632 = CARTESIAN_POINT('',(0.,4.));
#8633 = VECTOR('',#8634,1.);
#8634 = DIRECTION('',(1.,0.));
#8635 = ( GEOMETRIC_REPRESENTATION_CONTEXT(2) 
PARAMETRIC_REPRESENTATION_CONTEXT() REPRESENTATION_CONTEXT('2D SPACE',''
  ) );
#8636 = FACE_BOUND('',#8637,.T.);
#8637 = EDGE_LOOP('',(#8638,#8663,#8686,#8709));
#8638 = ORIENTED_EDGE('',*,*,#8639,.F.);
#8639 = EDGE_CURVE('',#8640,#8642,#8644,.T.);
#8640 = VERTEX_POINT('',#8641);
#8641 = CARTESIAN_POINT('',(45.,60.,9.5));
#8642 = VERTEX_POINT('',#8643);
#8643 = CARTESIAN_POINT('',(51.,60.,9.5));
#8644 = SURFACE_CURVE('',#8645,(#8649,#8656),.PCURVE_S1.);
#8645 = LINE('',#8646,#8647);
#8646 = CARTESIAN_POINT('',(28.5,60.,9.5));
#8647 = VECTOR('',#8648,1.);
#8648 = DIRECTION('',(1.,0.,-0.));
#8649 = PCURVE('',#4088,#8650);
#8650 = DEFINITIONAL_REPRESENTATION('',(#8651),#8655);
#8651 = LINE('',#8652,#8653);
#8652 = CARTESIAN_POINT('',(6.,16.5));
#8653 = VECTOR('',#8654,1.);
#8654 = DIRECTION('',(0.,1.));
#8655 = ( GEOMETRIC_REPRESENTATION_CONTEXT(2) 
PARAMETRIC_REPRESENTATION_CONTEXT() REPRESENTATION_CONTEXT('2D SPACE',''
  ) );
#8656 = PCURVE('',#8333,#8657);
#8657 = DEFINITIONAL_REPRESENTATION('',(#8658),#8662);
#8658 = LINE('',#8659,#8660);
#8659 = CARTESIAN_POINT('',(-16.5,31.));
#8660 = VECTOR('',#8661,1.);
#8661 = DIRECTION('',(1.,0.));
#8662 = ( GEOMETRIC_REPRESENTATION_CONTEXT(2) 
PARAMETRIC_REPRESENTATION_CONTEXT() REPRESENTATION_CONTEXT('2D SPACE',''
  ) );
#8663 = ORIENTED_EDGE('',*,*,#8664,.T.);
#8664 = EDGE_CURVE('',#8640,#8665,#8667,.T.);
#8665 = VERTEX_POINT('',#8666);
#8666 = CARTESIAN_POINT('',(45.,60.,7.));
#8667 = SURFACE_CURVE('',#8668,(#8672,#8679),.PCURVE_S1.);
#8668 = LINE('',#8669,#8670);
#8669 = CARTESIAN_POINT('',(45.,60.,5.25));
#8670 = VECTOR('',#8671,1.);
#8671 = DIRECTION('',(-0.,0.,-1.));
#8672 = PCURVE('',#4088,#8673);
#8673 = DEFINITIONAL_REPRESENTATION('',(#8674),#8678);
#8674 = LINE('',#8675,#8676);
#8675 = CARTESIAN_POINT('',(1.75,33.));
#8676 = VECTOR('',#8677,1.);
#8677 = DIRECTION('',(-1.,0.));
#8678 = ( GEOMETRIC_REPRESENTATION_CONTEXT(2) 
PARAMETRIC_REPRESENTATION_CONTEXT() REPRESENTATION_CONTEXT('2D SPACE',''
  ) );
#8679 = PCURVE('',#8361,#8680);
#8680 = DEFINITIONAL_REPRESENTATION('',(#8681),#8685);
#8681 = LINE('',#8682,#8683);
#8682 = CARTESIAN_POINT('',(-1.75,-31.));
#8683 = VECTOR('',#8684,1.);
#8684 = DIRECTION('',(-1.,-0.));
#8685 = ( GEOMETRIC_REPRESENTATION_CONTEXT(2) 
PARAMETRIC_REPRESENTATION_CONTEXT() REPRESENTATION_CONTEXT('2D SPACE',''
  ) );
#8686 = ORIENTED_EDGE('',*,*,#8687,.T.);
#8687 = EDGE_CURVE('',#8665,#8688,#8690,.T.);
#8688 = VERTEX_POINT('',#8689);
#8689 = CARTESIAN_POINT('',(51.,60.,7.));
#8690 = SURFACE_CURVE('',#8691,(#8695,#8702),.PCURVE_S1.);
#8691 = LINE('',#8692,#8693);
#8692 = CARTESIAN_POINT('',(28.5,60.,7.));
#8693 = VECTOR('',#8694,1.);
#8694 = DIRECTION('',(1.,0.,-0.));
#8695 = PCURVE('',#4088,#8696);
#8696 = DEFINITIONAL_REPRESENTATION('',(#8697),#8701);
#8697 = LINE('',#8698,#8699);
#8698 = CARTESIAN_POINT('',(3.5,16.5));
#8699 = VECTOR('',#8700,1.);
#8700 = DIRECTION('',(0.,1.));
#8701 = ( GEOMETRIC_REPRESENTATION_CONTEXT(2) 
PARAMETRIC_REPRESENTATION_CONTEXT() REPRESENTATION_CONTEXT('2D SPACE',''
  ) );
#8702 = PCURVE('',#8389,#8703);
#8703 = DEFINITIONAL_REPRESENTATION('',(#8704),#8708);
#8704 = LINE('',#8705,#8706);
#8705 = CARTESIAN_POINT('',(-16.5,31.));
#8706 = VECTOR('',#8707,1.);
#8707 = DIRECTION('',(1.,0.));
#8708 = ( GEOMETRIC_REPRESENTATION_CONTEXT(2) 
PARAMETRIC_REPRESENTATION_CONTEXT() REPRESENTATION_CONTEXT('2D SPACE',''
  ) );
#8709 = ORIENTED_EDGE('',*,*,#8710,.F.);
#8710 = EDGE_CURVE('',#8642,#8688,#8711,.T.);
#8711 = SURFACE_CURVE('',#8712,(#8716,#8723),.PCURVE_S1.);
#8712 = LINE('',#8713,#8714);
#8713 = CARTESIAN_POINT('',(51.,60.,5.25));
#8714 = VECTOR('',#8715,1.);
#8715 = DIRECTION('',(-0.,0.,-1.));
#8716 = PCURVE('',#4088,#8717);
#8717 = DEFINITIONAL_REPRESENTATION('',(#8718),#8722);
#8718 = LINE('',#8719,#8720);
#8719 = CARTESIAN_POINT('',(1.75,39.));
#8720 = VECTOR('',#8721,1.);
#8721 = DIRECTION('',(-1.,0.));
#8722 = ( GEOMETRIC_REPRESENTATION_CONTEXT(2) 
PARAMETRIC_REPRESENTATION_CONTEXT() REPRESENTATION_CONTEXT('2D SPACE',''
  ) );
#8723 = PCURVE('',#8415,#8724);
#8724 = DEFINITIONAL_REPRESENTATION('',(#8725),#8729);
#8725 = LINE('',#8726,#8727);
#8726 = CARTESIAN_POINT('',(-1.75,-31.));
#8727 = VECTOR('',#8728,1.);
#8728 = DIRECTION('',(-1.,-0.));
#8729 = ( GEOMETRIC_REPRESENTATION_CONTEXT(2) 
PARAMETRIC_REPRESENTATION_CONTEXT() REPRESENTATION_CONTEXT('2D SPACE',''
  ) );
#8730 = ADVANCED_FACE('',(#8731),#4114,.T.);
#8731 = FACE_BOUND('',#8732,.T.);
#8732 = EDGE_LOOP('',(#8733,#8734,#8757,#8780,#8803,#8826,#8847,#8848));
#8733 = ORIENTED_EDGE('',*,*,#8591,.T.);
#8734 = ORIENTED_EDGE('',*,*,#8735,.F.);
#8735 = EDGE_CURVE('',#8736,#8592,#8738,.T.);
#8736 = VERTEX_POINT('',#8737);
#8737 = CARTESIAN_POINT('',(84.,56.,21.));
#8738 = SURFACE_CURVE('',#8739,(#8743,#8750),.PCURVE_S1.);
#8739 = LINE('',#8740,#8741);
#8740 = CARTESIAN_POINT('',(84.,56.,21.));
#8741 = VECTOR('',#8742,1.);
#8742 = DIRECTION('',(-0.,1.,0.));
#8743 = PCURVE('',#4114,#8744);
#8744 = DEFINITIONAL_REPRESENTATION('',(#8745),#8749);
#8745 = LINE('',#8746,#8747);
#8746 = CARTESIAN_POINT('',(17.5,-26.));
#8747 = VECTOR('',#8748,1.);
#8748 = DIRECTION('',(0.,-1.));
#8749 = ( GEOMETRIC_REPRESENTATION_CONTEXT(2) 
PARAMETRIC_REPRESENTATION_CONTEXT() REPRESENTATION_CONTEXT('2D SPACE',''
  ) );
#8750 = PCURVE('',#8469,#8751);
#8751 = DEFINITIONAL_REPRESENTATION('',(#8752),#8756);
#8752 = LINE('',#8753,#8754);
#8753 = CARTESIAN_POINT('',(72.,0.));
#8754 = VECTOR('',#8755,1.);
#8755 = DIRECTION('',(0.,1.));
#8756 = ( GEOMETRIC_REPRESENTATION_CONTEXT(2) 
PARAMETRIC_REPRESENTATION_CONTEXT() REPRESENTATION_CONTEXT('2D SPACE',''
  ) );
#8757 = ORIENTED_EDGE('',*,*,#8758,.F.);
#8758 = EDGE_CURVE('',#8759,#8736,#8761,.T.);
#8759 = VERTEX_POINT('',#8760);
#8760 = CARTESIAN_POINT('',(84.,56.,12.));
#8761 = SURFACE_CURVE('',#8762,(#8766,#8773),.PCURVE_S1.);
#8762 = LINE('',#8763,#8764);
#8763 = CARTESIAN_POINT('',(84.,56.,12.));
#8764 = VECTOR('',#8765,1.);
#8765 = DIRECTION('',(0.,0.,1.));
#8766 = PCURVE('',#4114,#8767);
#8767 = DEFINITIONAL_REPRESENTATION('',(#8768),#8772);
#8768 = LINE('',#8769,#8770);
#8769 = CARTESIAN_POINT('',(8.5,-26.));
#8770 = VECTOR('',#8771,1.);
#8771 = DIRECTION('',(1.,0.));
#8772 = ( GEOMETRIC_REPRESENTATION_CONTEXT(2) 
PARAMETRIC_REPRESENTATION_CONTEXT() REPRESENTATION_CONTEXT('2D SPACE',''
  ) );
#8773 = PCURVE('',#8497,#8774);
#8774 = DEFINITIONAL_REPRESENTATION('',(#8775),#8779);
#8775 = LINE('',#8776,#8777);
#8776 = CARTESIAN_POINT('',(0.,72.));
#8777 = VECTOR('',#8778,1.);
#8778 = DIRECTION('',(1.,0.));
#8779 = ( GEOMETRIC_REPRESENTATION_CONTEXT(2) 
PARAMETRIC_REPRESENTATION_CONTEXT() REPRESENTATION_CONTEXT('2D SPACE',''
  ) );
#8780 = ORIENTED_EDGE('',*,*,#8781,.F.);
#8781 = EDGE_CURVE('',#8782,#8759,#8784,.T.);
#8782 = VERTEX_POINT('',#8783);
#8783 = CARTESIAN_POINT('',(84.,34.,12.));
#8784 = SURFACE_CURVE('',#8785,(#8789,#8796),.PCURVE_S1.);
#8785 = LINE('',#8786,#8787);
#8786 = CARTESIAN_POINT('',(84.,30.,12.));
#8787 = VECTOR('',#8788,1.);
#8788 = DIRECTION('',(-0.,1.,0.));
#8789 = PCURVE('',#4114,#8790);
#8790 = DEFINITIONAL_REPRESENTATION('',(#8791),#8795);
#8791 = LINE('',#8792,#8793);
#8792 = CARTESIAN_POINT('',(8.5,0.));
#8793 = VECTOR('',#8794,1.);
#8794 = DIRECTION('',(0.,-1.));
#8795 = ( GEOMETRIC_REPRESENTATION_CONTEXT(2) 
PARAMETRIC_REPRESENTATION_CONTEXT() REPRESENTATION_CONTEXT('2D SPACE',''
  ) );
#8796 = PCURVE('',#8525,#8797);
#8797 = DEFINITIONAL_REPRESENTATION('',(#8798),#8802);
#8798 = LINE('',#8799,#8800);
#8799 = CARTESIAN_POINT('',(72.,0.));
#8800 = VECTOR('',#8801,1.);
#8801 = DIRECTION('',(0.,1.));
#8802 = ( GEOMETRIC_REPRESENTATION_CONTEXT(2) 
PARAMETRIC_REPRESENTATION_CONTEXT() REPRESENTATION_CONTEXT('2D SPACE',''
  ) );
#8803 = ORIENTED_EDGE('',*,*,#8804,.T.);
#8804 = EDGE_CURVE('',#8782,#8805,#8807,.T.);
#8805 = VERTEX_POINT('',#8806);
#8806 = CARTESIAN_POINT('',(84.,34.,21.));
#8807 = SURFACE_CURVE('',#8808,(#8812,#8819),.PCURVE_S1.);
#8808 = LINE('',#8809,#8810);
#8809 = CARTESIAN_POINT('',(84.,34.,12.));
#8810 = VECTOR('',#8811,1.);
#8811 = DIRECTION('',(0.,0.,1.));
#8812 = PCURVE('',#4114,#8813);
#8813 = DEFINITIONAL_REPRESENTATION('',(#8814),#8818);
#8814 = LINE('',#8815,#8816);
#8815 = CARTESIAN_POINT('',(8.5,-4.));
#8816 = VECTOR('',#8817,1.);
#8817 = DIRECTION('',(1.,0.));
#8818 = ( GEOMETRIC_REPRESENTATION_CONTEXT(2) 
PARAMETRIC_REPRESENTATION_CONTEXT() REPRESENTATION_CONTEXT('2D SPACE',''
  ) );
#8819 = PCURVE('',#8553,#8820);
#8820 = DEFINITIONAL_REPRESENTATION('',(#8821),#8825);
#8821 = LINE('',#8822,#8823);
#8822 = CARTESIAN_POINT('',(0.,72.));
#8823 = VECTOR('',#8824,1.);
#8824 = DIRECTION('',(1.,0.));
#8825 = ( GEOMETRIC_REPRESENTATION_CONTEXT(2) 
PARAMETRIC_REPRESENTATION_CONTEXT() REPRESENTATION_CONTEXT('2D SPACE',''
  ) );
#8826 = ORIENTED_EDGE('',*,*,#8827,.F.);
#8827 = EDGE_CURVE('',#8241,#8805,#8828,.T.);
#8828 = SURFACE_CURVE('',#8829,(#8833,#8840),.PCURVE_S1.);
#8829 = LINE('',#8830,#8831);
#8830 = CARTESIAN_POINT('',(84.,30.,21.));
#8831 = VECTOR('',#8832,1.);
#8832 = DIRECTION('',(-0.,1.,0.));
#8833 = PCURVE('',#4114,#8834);
#8834 = DEFINITIONAL_REPRESENTATION('',(#8835),#8839);
#8835 = LINE('',#8836,#8837);
#8836 = CARTESIAN_POINT('',(17.5,0.));
#8837 = VECTOR('',#8838,1.);
#8838 = DIRECTION('',(0.,-1.));
#8839 = ( GEOMETRIC_REPRESENTATION_CONTEXT(2) 
PARAMETRIC_REPRESENTATION_CONTEXT() REPRESENTATION_CONTEXT('2D SPACE',''
  ) );
#8840 = PCURVE('',#8301,#8841);
#8841 = DEFINITIONAL_REPRESENTATION('',(#8842),#8846);
#8842 = LINE('',#8843,#8844);
#8843 = CARTESIAN_POINT('',(72.,0.));
#8844 = VECTOR('',#8845,1.);
#8845 = DIRECTION('',(0.,1.));
#8846 = ( GEOMETRIC_REPRESENTATION_CONTEXT(2) 
PARAMETRIC_REPRESENTATION_CONTEXT() REPRESENTATION_CONTEXT('2D SPACE',''
  ) );
#8847 = ORIENTED_EDGE('',*,*,#8240,.F.);
#8848 = ORIENTED_EDGE('',*,*,#4100,.T.);
#8849 = ADVANCED_FACE('',(#8850),#4193,.T.);
#8850 = FACE_BOUND('',#8851,.T.);
#8851 = EDGE_LOOP('',(#8852,#8877,#8901,#8921));
#8852 = ORIENTED_EDGE('',*,*,#8853,.F.);
#8853 = EDGE_CURVE('',#8854,#4154,#8856,.T.);
#8854 = VERTEX_POINT('',#8855);
#8855 = CARTESIAN_POINT('',(5.955223880597,7.840749102309E-02,2.7));
#8856 = SURFACE_CURVE('',#8857,(#8865,#8871),.PCURVE_S1.);
#8857 = ( BOUNDED_CURVE() B_SPLINE_CURVE(6,(#8858,#8859,#8860,#8861,
#8862,#8863,#8864),.UNSPECIFIED.,.F.,.F.) B_SPLINE_CURVE_WITH_KNOTS((7,7
),(0.,4.83258533011),.PIECEWISE_BEZIER_KNOTS.) CURVE() 
GEOMETRIC_REPRESENTATION_ITEM() RATIONAL_B_SPLINE_CURVE((1.031393471788,
    1.010025407661,0.997924642725,0.993958444137,0.997924642725,
1.010025407661,1.031393471788)) REPRESENTATION_ITEM('') );
#8858 = CARTESIAN_POINT('',(5.955223880597,7.840749102309E-02,2.7));
#8859 = CARTESIAN_POINT('',(5.955223880597,7.840749102309E-02,
    2.780201034946));
#8860 = CARTESIAN_POINT('',(5.959030045551,0.103623154305,2.858312571775
    ));
#8861 = CARTESIAN_POINT('',(5.966331962095,0.151998006982,2.925575853961
    ));
#8862 = CARTESIAN_POINT('',(5.976371257944,0.218507868426,2.97449869481)
  );
#8863 = CARTESIAN_POINT('',(5.988029696277,0.295744472452,3.));
#8864 = CARTESIAN_POINT('',(6.,0.375047169979,3.));
#8865 = PCURVE('',#4193,#8866);
#8866 = DEFINITIONAL_REPRESENTATION('',(#8867),#8870);
#8867 = B_SPLINE_CURVE_WITH_KNOTS('',1,(#8868,#8869),.UNSPECIFIED.,.F.,
  .F.,(2,2),(0.,4.83258533011),.PIECEWISE_BEZIER_KNOTS.);
#8868 = CARTESIAN_POINT('',(-6.465938450576E-03,0.));
#8869 = CARTESIAN_POINT('',(-6.465938450576E-03,1.570796326795));
#8870 = ( GEOMETRIC_REPRESENTATION_CONTEXT(2) 
PARAMETRIC_REPRESENTATION_CONTEXT() REPRESENTATION_CONTEXT('2D SPACE',''
  ) );
#8871 = PCURVE('',#4345,#8872);
#8872 = DEFINITIONAL_REPRESENTATION('',(#8873),#8876);
#8873 = B_SPLINE_CURVE_WITH_KNOTS('',1,(#8874,#8875),.UNSPECIFIED.,.F.,
  .F.,(2,2),(0.,4.83258533011),.PIECEWISE_BEZIER_KNOTS.);
#8874 = CARTESIAN_POINT('',(0.,478.47642990597));
#8875 = CARTESIAN_POINT('',(4.83258533011,478.47642990597));
#8876 = ( GEOMETRIC_REPRESENTATION_CONTEXT(2) 
PARAMETRIC_REPRESENTATION_CONTEXT() REPRESENTATION_CONTEXT('2D SPACE',''
  ) );
#8877 = ORIENTED_EDGE('',*,*,#8878,.T.);
#8878 = EDGE_CURVE('',#8854,#8879,#8881,.T.);
#8879 = VERTEX_POINT('',#8880);
#8880 = CARTESIAN_POINT('',(7.,-5.551115123126E-17,2.7));
#8881 = SURFACE_CURVE('',#8882,(#8887,#8894),.PCURVE_S1.);
#8882 = CIRCLE('',#8883,7.);
#8883 = AXIS2_PLACEMENT_3D('',#8884,#8885,#8886);
#8884 = CARTESIAN_POINT('',(7.,7.,2.7));
#8885 = DIRECTION('',(0.,0.,1.));
#8886 = DIRECTION('',(-0.142857142857,-0.989743318611,0.));
#8887 = PCURVE('',#4193,#8888);
#8888 = DEFINITIONAL_REPRESENTATION('',(#8889),#8893);
#8889 = LINE('',#8890,#8891);
#8890 = CARTESIAN_POINT('',(-6.28318530718,0.));
#8891 = VECTOR('',#8892,1.);
#8892 = DIRECTION('',(1.,0.));
#8893 = ( GEOMETRIC_REPRESENTATION_CONTEXT(2) 
PARAMETRIC_REPRESENTATION_CONTEXT() REPRESENTATION_CONTEXT('2D SPACE',''
  ) );
#8894 = PCURVE('',#6393,#8895);
#8895 = DEFINITIONAL_REPRESENTATION('',(#8896),#8900);
#8896 = LINE('',#8897,#8898);
#8897 = CARTESIAN_POINT('',(-4.85573654929,2.7));
#8898 = VECTOR('',#8899,1.);
#8899 = DIRECTION('',(1.,0.));
#8900 = ( GEOMETRIC_REPRESENTATION_CONTEXT(2) 
PARAMETRIC_REPRESENTATION_CONTEXT() REPRESENTATION_CONTEXT('2D SPACE',''
  ) );
#8901 = ORIENTED_EDGE('',*,*,#8902,.T.);
#8902 = EDGE_CURVE('',#8879,#4177,#8903,.T.);
#8903 = SURFACE_CURVE('',#8904,(#8909,#8915),.PCURVE_S1.);
#8904 = CIRCLE('',#8905,0.3);
#8905 = AXIS2_PLACEMENT_3D('',#8906,#8907,#8908);
#8906 = CARTESIAN_POINT('',(7.,0.3,2.7));
#8907 = DIRECTION('',(-1.,0.,0.));
#8908 = DIRECTION('',(0.,-1.,0.));
#8909 = PCURVE('',#4193,#8910);
#8910 = DEFINITIONAL_REPRESENTATION('',(#8911),#8914);
#8911 = B_SPLINE_CURVE_WITH_KNOTS('',1,(#8912,#8913),.UNSPECIFIED.,.F.,
  .F.,(2,2),(0.,1.570796326795),.PIECEWISE_BEZIER_KNOTS.);
#8912 = CARTESIAN_POINT('',(0.143347568905,0.));
#8913 = CARTESIAN_POINT('',(0.143347568905,1.570796326795));
#8914 = ( GEOMETRIC_REPRESENTATION_CONTEXT(2) 
PARAMETRIC_REPRESENTATION_CONTEXT() REPRESENTATION_CONTEXT('2D SPACE',''
  ) );
#8915 = PCURVE('',#4221,#8916);
#8916 = DEFINITIONAL_REPRESENTATION('',(#8917),#8920);
#8917 = B_SPLINE_CURVE_WITH_KNOTS('',1,(#8918,#8919),.UNSPECIFIED.,.F.,
  .F.,(2,2),(0.,1.570796326795),.PIECEWISE_BEZIER_KNOTS.);
#8918 = CARTESIAN_POINT('',(6.28318530718,0.));
#8919 = CARTESIAN_POINT('',(4.712388980385,0.));
#8920 = ( GEOMETRIC_REPRESENTATION_CONTEXT(2) 
PARAMETRIC_REPRESENTATION_CONTEXT() REPRESENTATION_CONTEXT('2D SPACE',''
  ) );
#8921 = ORIENTED_EDGE('',*,*,#4176,.F.);
#8922 = ADVANCED_FACE('',(#8923),#4221,.T.);
#8923 = FACE_BOUND('',#8924,.T.);
#8924 = EDGE_LOOP('',(#8925,#8953,#8973,#8974));
#8925 = ORIENTED_EDGE('',*,*,#8926,.T.);
#8926 = EDGE_CURVE('',#8879,#8927,#8929,.T.);
#8927 = VERTEX_POINT('',#8928);
#8928 = CARTESIAN_POINT('',(89.,-5.551115123126E-17,2.7));
#8929 = SURFACE_CURVE('',#8930,(#8934,#8941),.PCURVE_S1.);
#8930 = LINE('',#8931,#8932);
#8931 = CARTESIAN_POINT('',(7.,-5.551115123126E-17,2.7));
#8932 = VECTOR('',#8933,1.);
#8933 = DIRECTION('',(1.,0.,-0.));
#8934 = PCURVE('',#4221,#8935);
#8935 = DEFINITIONAL_REPRESENTATION('',(#8936),#8940);
#8936 = LINE('',#8937,#8938);
#8937 = CARTESIAN_POINT('',(6.28318530718,0.));
#8938 = VECTOR('',#8939,1.);
#8939 = DIRECTION('',(-0.,1.));
#8940 = ( GEOMETRIC_REPRESENTATION_CONTEXT(2) 
PARAMETRIC_REPRESENTATION_CONTEXT() REPRESENTATION_CONTEXT('2D SPACE',''
  ) );
#8941 = PCURVE('',#8942,#8947);
#8942 = PLANE('',#8943);
#8943 = AXIS2_PLACEMENT_3D('',#8944,#8945,#8946);
#8944 = CARTESIAN_POINT('',(0.,0.,0.));
#8945 = DIRECTION('',(-0.,1.,0.));
#8946 = DIRECTION('',(0.,0.,1.));
#8947 = DEFINITIONAL_REPRESENTATION('',(#8948),#8952);
#8948 = LINE('',#8949,#8950);
#8949 = CARTESIAN_POINT('',(2.7,7.));
#8950 = VECTOR('',#8951,1.);
#8951 = DIRECTION('',(0.,1.));
#8952 = ( GEOMETRIC_REPRESENTATION_CONTEXT(2) 
PARAMETRIC_REPRESENTATION_CONTEXT() REPRESENTATION_CONTEXT('2D SPACE',''
  ) );
#8953 = ORIENTED_EDGE('',*,*,#8954,.T.);
#8954 = EDGE_CURVE('',#8927,#4206,#8955,.T.);
#8955 = SURFACE_CURVE('',#8956,(#8961,#8967),.PCURVE_S1.);
#8956 = CIRCLE('',#8957,0.3);
#8957 = AXIS2_PLACEMENT_3D('',#8958,#8959,#8960);
#8958 = CARTESIAN_POINT('',(89.,0.3,2.7));
#8959 = DIRECTION('',(-1.,0.,0.));
#8960 = DIRECTION('',(0.,-1.,0.));
#8961 = PCURVE('',#4221,#8962);
#8962 = DEFINITIONAL_REPRESENTATION('',(#8963),#8966);
#8963 = B_SPLINE_CURVE_WITH_KNOTS('',1,(#8964,#8965),.UNSPECIFIED.,.F.,
  .F.,(2,2),(0.,1.570796326795),.PIECEWISE_BEZIER_KNOTS.);
#8964 = CARTESIAN_POINT('',(6.28318530718,82.));
#8965 = CARTESIAN_POINT('',(4.712388980385,82.));
#8966 = ( GEOMETRIC_REPRESENTATION_CONTEXT(2) 
PARAMETRIC_REPRESENTATION_CONTEXT() REPRESENTATION_CONTEXT('2D SPACE',''
  ) );
#8967 = PCURVE('',#4248,#8968);
#8968 = DEFINITIONAL_REPRESENTATION('',(#8969),#8972);
#8969 = B_SPLINE_CURVE_WITH_KNOTS('',1,(#8970,#8971),.UNSPECIFIED.,.F.,
  .F.,(2,2),(0.,1.570796326795),.PIECEWISE_BEZIER_KNOTS.);
#8970 = CARTESIAN_POINT('',(0.,0.));
#8971 = CARTESIAN_POINT('',(0.,1.570796326795));
#8972 = ( GEOMETRIC_REPRESENTATION_CONTEXT(2) 
PARAMETRIC_REPRESENTATION_CONTEXT() REPRESENTATION_CONTEXT('2D SPACE',''
  ) );
#8973 = ORIENTED_EDGE('',*,*,#4205,.F.);
#8974 = ORIENTED_EDGE('',*,*,#8902,.F.);
#8975 = ADVANCED_FACE('',(#8976),#4248,.T.);
#8976 = FACE_BOUND('',#8977,.T.);
#8977 = EDGE_LOOP('',(#8978,#8979,#9003,#9023));
#8978 = ORIENTED_EDGE('',*,*,#8954,.F.);
#8979 = ORIENTED_EDGE('',*,*,#8980,.T.);
#8980 = EDGE_CURVE('',#8927,#8981,#8983,.T.);
#8981 = VERTEX_POINT('',#8982);
#8982 = CARTESIAN_POINT('',(90.044776119403,7.840749102309E-02,2.7));
#8983 = SURFACE_CURVE('',#8984,(#8989,#8996),.PCURVE_S1.);
#8984 = CIRCLE('',#8985,7.);
#8985 = AXIS2_PLACEMENT_3D('',#8986,#8987,#8988);
#8986 = CARTESIAN_POINT('',(89.,7.,2.7));
#8987 = DIRECTION('',(0.,0.,1.));
#8988 = DIRECTION('',(0.,-1.,0.));
#8989 = PCURVE('',#4248,#8990);
#8990 = DEFINITIONAL_REPRESENTATION('',(#8991),#8995);
#8991 = LINE('',#8992,#8993);
#8992 = CARTESIAN_POINT('',(0.,0.));
#8993 = VECTOR('',#8994,1.);
#8994 = DIRECTION('',(1.,0.));
#8995 = ( GEOMETRIC_REPRESENTATION_CONTEXT(2) 
PARAMETRIC_REPRESENTATION_CONTEXT() REPRESENTATION_CONTEXT('2D SPACE',''
  ) );
#8996 = PCURVE('',#6564,#8997);
#8997 = DEFINITIONAL_REPRESENTATION('',(#8998),#9002);
#8998 = LINE('',#8999,#9000);
#8999 = CARTESIAN_POINT('',(4.712388980385,2.7));
#9000 = VECTOR('',#9001,1.);
#9001 = DIRECTION('',(1.,-0.));
#9002 = ( GEOMETRIC_REPRESENTATION_CONTEXT(2) 
PARAMETRIC_REPRESENTATION_CONTEXT() REPRESENTATION_CONTEXT('2D SPACE',''
  ) );
#9003 = ORIENTED_EDGE('',*,*,#9004,.T.);
#9004 = EDGE_CURVE('',#8981,#4130,#9005,.T.);
#9005 = SURFACE_CURVE('',#9006,(#9011,#9017),.PCURVE_S1.);
#9006 = CIRCLE('',#9007,0.3);
#9007 = AXIS2_PLACEMENT_3D('',#9008,#9009,#9010);
#9008 = CARTESIAN_POINT('',(90.,0.375047169979,2.7));
#9009 = DIRECTION('',(-0.988798929854,-0.149253731343,0.));
#9010 = DIRECTION('',(0.149253731343,-0.988798929854,0.));
#9011 = PCURVE('',#4248,#9012);
#9012 = DEFINITIONAL_REPRESENTATION('',(#9013),#9016);
#9013 = B_SPLINE_CURVE_WITH_KNOTS('',1,(#9014,#9015),.UNSPECIFIED.,.F.,
  .F.,(2,2),(0.,1.570796326795),.PIECEWISE_BEZIER_KNOTS.);
#9014 = CARTESIAN_POINT('',(0.149813507356,0.));
#9015 = CARTESIAN_POINT('',(0.149813507356,1.570796326795));
#9016 = ( GEOMETRIC_REPRESENTATION_CONTEXT(2) 
PARAMETRIC_REPRESENTATION_CONTEXT() REPRESENTATION_CONTEXT('2D SPACE',''
  ) );
#9017 = PCURVE('',#5422,#9018);
#9018 = DEFINITIONAL_REPRESENTATION('',(#9019),#9022);
#9019 = B_SPLINE_CURVE_WITH_KNOTS('',1,(#9020,#9021),.UNSPECIFIED.,.F.,
  .F.,(2,2),(0.,1.570796326795),.PIECEWISE_BEZIER_KNOTS.);
#9020 = CARTESIAN_POINT('',(0.,83.048696195869));
#9021 = CARTESIAN_POINT('',(4.832585329074,83.048696195869));
#9022 = ( GEOMETRIC_REPRESENTATION_CONTEXT(2) 
PARAMETRIC_REPRESENTATION_CONTEXT() REPRESENTATION_CONTEXT('2D SPACE',''
  ) );
#9023 = ORIENTED_EDGE('',*,*,#4233,.F.);
#9024 = ADVANCED_FACE('',(#9025),#4345,.F.);
#9025 = FACE_BOUND('',#9026,.F.);
#9026 = EDGE_LOOP('',(#9027,#9069,#9070,#9071));
#9027 = ORIENTED_EDGE('',*,*,#9028,.T.);
#9028 = EDGE_CURVE('',#9029,#4266,#9031,.T.);
#9029 = VERTEX_POINT('',#9030);
#9030 = CARTESIAN_POINT('',(2.507462686567,1.631843101453,6.));
#9031 = SURFACE_CURVE('',#9032,(#9037,#9063),.PCURVE_S1.);
#9032 = CIRCLE('',#9033,0.3);
#9033 = AXIS2_PLACEMENT_3D('',#9034,#9035,#9036);
#9034 = CARTESIAN_POINT('',(2.7,1.861906968534,6.));
#9035 = DIRECTION('',(0.,0.,1.));
#9036 = DIRECTION('',(-0.641791044776,-0.766879556935,0.));
#9037 = PCURVE('',#4345,#9038);
#9038 = DEFINITIONAL_REPRESENTATION('',(#9039),#9062);
#9039 = B_SPLINE_CURVE_WITH_KNOTS('',6,(#9040,#9041,#9042,#9043,#9044,
    #9045,#9046,#9047,#9048,#9049,#9050,#9051,#9052,#9053,#9054,#9055,
    #9056,#9057,#9058,#9059,#9060,#9061),.UNSPECIFIED.,.F.,.F.,(7,5,5,5,
    7),(0.,0.56690695335,1.1338139067,1.700720860051,2.267627813401),
  .UNSPECIFIED.);
#9040 = CARTESIAN_POINT('',(0.,473.64384457586));
#9041 = CARTESIAN_POINT('',(0.20136591201,473.64384457586));
#9042 = CARTESIAN_POINT('',(0.40272304594,473.64384457586));
#9043 = CARTESIAN_POINT('',(0.604078429686,473.64384457586));
#9044 = CARTESIAN_POINT('',(0.805434319525,473.64384457586));
#9045 = CARTESIAN_POINT('',(1.006790663119,473.64384457586));
#9046 = CARTESIAN_POINT('',(1.40950446189,473.64384457586));
#9047 = CARTESIAN_POINT('',(1.610860483371,473.64384457586));
#9048 = CARTESIAN_POINT('',(1.812220427604,473.64384457586));
#9049 = CARTESIAN_POINT('',(2.013576955081,473.64384457586));
#9050 = CARTESIAN_POINT('',(2.214934946629,473.64384457586));
#9051 = CARTESIAN_POINT('',(2.617650383481,473.64384457586));
#9052 = CARTESIAN_POINT('',(2.819008375029,473.64384457586));
#9053 = CARTESIAN_POINT('',(3.020364902506,473.64384457586));
#9054 = CARTESIAN_POINT('',(3.22172484674,473.64384457586));
#9055 = CARTESIAN_POINT('',(3.42308086822,473.64384457586));
#9056 = CARTESIAN_POINT('',(3.825794666992,473.64384457586));
#9057 = CARTESIAN_POINT('',(4.027151010585,473.64384457586));
#9058 = CARTESIAN_POINT('',(4.228506900425,473.64384457586));
#9059 = CARTESIAN_POINT('',(4.42986228417,473.64384457586));
#9060 = CARTESIAN_POINT('',(4.6312194181,473.64384457586));
#9061 = CARTESIAN_POINT('',(4.83258533011,473.64384457586));
#9062 = ( GEOMETRIC_REPRESENTATION_CONTEXT(2) 
PARAMETRIC_REPRESENTATION_CONTEXT() REPRESENTATION_CONTEXT('2D SPACE',''
  ) );
#9063 = PCURVE('',#4575,#9064);
#9064 = DEFINITIONAL_REPRESENTATION('',(#9065),#9068);
#9065 = B_SPLINE_CURVE_WITH_KNOTS('',1,(#9066,#9067),.UNSPECIFIED.,.F.,
  .F.,(2,2),(0.,2.267627813401),.PIECEWISE_BEZIER_KNOTS.);
#9066 = CARTESIAN_POINT('',(6.28318530718,146.));
#9067 = CARTESIAN_POINT('',(4.015557493779,146.));
#9068 = ( GEOMETRIC_REPRESENTATION_CONTEXT(2) 
PARAMETRIC_REPRESENTATION_CONTEXT() REPRESENTATION_CONTEXT('2D SPACE',''
  ) );
#9069 = ORIENTED_EDGE('',*,*,#4265,.T.);
#9070 = ORIENTED_EDGE('',*,*,#8853,.F.);
#9071 = ORIENTED_EDGE('',*,*,#9072,.F.);
#9072 = EDGE_CURVE('',#9029,#8854,#9073,.T.);
#9073 = SURFACE_CURVE('',#9074,(#9098,#9105),.PCURVE_S1.);
#9074 = ( BOUNDED_CURVE() B_SPLINE_CURVE(8,(#9075,#9076,#9077,#9078,
    #9079,#9080,#9081,#9082,#9083,#9084,#9085,#9086,#9087,#9088,#9089,
    #9090,#9091,#9092,#9093,#9094,#9095,#9096,#9097),.UNSPECIFIED.,.F.,
.F.) B_SPLINE_CURVE_WITH_KNOTS((9,7,7,9),(473.64384457586,
    476.33362002711,477.51663021031,478.47642990597),.UNSPECIFIED.) 
CURVE() GEOMETRIC_REPRESENTATION_ITEM() RATIONAL_B_SPLINE_CURVE((
    1.066705203297,1.066705203297,1.065448760828,1.062903411914,
    1.059584075668,1.056165472882,1.052611614944,1.049176748099,
    1.044486315583,1.043088749082,1.04173624281,1.0404351781,
    1.039193117982,1.038020254328,1.036927649785,1.035106593554,
    1.034347515227,1.033653731598,1.033032863531,1.032491460676,
1.032035001478,1.031667893173,1.031393471788)) REPRESENTATION_ITEM('') 
  );
#9075 = CARTESIAN_POINT('',(2.507462686567,1.631843101453,6.));
#9076 = CARTESIAN_POINT('',(2.507462686567,1.631843101453,5.629172140084
    ));
#9077 = CARTESIAN_POINT('',(2.557115404959,1.590331792239,5.257551344591
    ));
#9078 = CARTESIAN_POINT('',(2.657471990806,1.506093930461,4.898379167195
    ));
#9079 = CARTESIAN_POINT('',(2.800200839404,1.391738005393,4.573032843886
    ));
#9080 = CARTESIAN_POINT('',(2.971622492302,1.265206791854,4.273943448098
    ));
#9081 = CARTESIAN_POINT('',(3.175787214472,1.126457530584,3.999074630572
    ));
#9082 = CARTESIAN_POINT('',(3.408663285286,0.983960066492,3.749645730164
    ));
#9083 = CARTESIAN_POINT('',(3.790152670875,0.777899755232,3.427340324345
    ));
#9084 = CARTESIAN_POINT('',(3.913209476237,0.714714372451,3.333681932403
    ));
#9085 = CARTESIAN_POINT('',(4.042392240131,0.651937969519,3.245317903334
    ));
#9086 = CARTESIAN_POINT('',(4.178049845169,0.589905825002,3.162420905264
    ));
#9087 = CARTESIAN_POINT('',(4.320418113471,0.529026697708,3.085330882675
    ));
#9088 = CARTESIAN_POINT('',(4.469470303632,0.46984072541,3.014606378323)
  );
#9089 = CARTESIAN_POINT('',(4.625121304508,0.412940801833,2.950937034317
    ));
#9090 = CARTESIAN_POINT('',(4.920001342565,0.314715827105,2.849382751524
    ));
#9091 = CARTESIAN_POINT('',(5.057019294832,0.272408893877,2.808852085364
    ));
#9092 = CARTESIAN_POINT('',(5.198448911273,0.23231875003,2.773911589835)
  );
#9093 = CARTESIAN_POINT('',(5.343855010269,0.194878101243,2.745098551201
    ));
#9094 = CARTESIAN_POINT('',(5.492764308128,0.160467066099,2.722897538972
    ));
#9095 = CARTESIAN_POINT('',(5.644666169914,0.129412366409,2.707739340011
    ));
#9096 = CARTESIAN_POINT('',(5.799013517267,0.101986581673,2.7));
#9097 = CARTESIAN_POINT('',(5.955223880597,7.840749102309E-02,2.7));
#9098 = PCURVE('',#4345,#9099);
#9099 = DEFINITIONAL_REPRESENTATION('',(#9100),#9104);
#9100 = LINE('',#9101,#9102);
#9101 = CARTESIAN_POINT('',(0.,0.));
#9102 = VECTOR('',#9103,1.);
#9103 = DIRECTION('',(0.,1.));
#9104 = ( GEOMETRIC_REPRESENTATION_CONTEXT(2) 
PARAMETRIC_REPRESENTATION_CONTEXT() REPRESENTATION_CONTEXT('2D SPACE',''
  ) );
#9105 = PCURVE('',#6393,#9106);
#9106 = DEFINITIONAL_REPRESENTATION('',(#9107),#9155);
#9107 = B_SPLINE_CURVE_WITH_KNOTS('',3,(#9108,#9109,#9110,#9111,#9112,
    #9113,#9114,#9115,#9116,#9117,#9118,#9119,#9120,#9121,#9122,#9123,
    #9124,#9125,#9126,#9127,#9128,#9129,#9130,#9131,#9132,#9133,#9134,
    #9135,#9136,#9137,#9138,#9139,#9140,#9141,#9142,#9143,#9144,#9145,
    #9146,#9147,#9148,#9149,#9150,#9151,#9152,#9153,#9154),
  .UNSPECIFIED.,.F.,.F.,(4,1,1,1,1,1,1,1,1,1,1,1,1,1,1,1,1,1,1,1,1,1,1,1
    ,1,1,1,1,1,1,1,1,1,1,1,1,1,1,1,1,1,1,1,1,4),(473.64384457586,
    473.75367606063,473.86350754541,473.97333903018,474.08317051496,
    474.19300199973,474.30283348451,474.41266496928,474.52249645406,
    474.63232793883,474.74215942361,474.85199090838,474.96182239316,
    475.07165387793,475.18148536271,475.29131684748,475.40114833226,
    475.51097981703,475.62081130181,475.73064278658,475.84047427136,
    475.95030575614,476.06013724091,476.16996872569,476.27980021046,
    476.38963169524,476.49946318001,476.60929466479,476.71912614956,
    476.82895763434,476.93878911911,477.04862060389,477.15845208866,
    477.26828357344,477.37811505821,477.48794654299,477.59777802776,
    477.70760951254,477.81744099731,477.92727248209,478.03710396686,
    478.14693545164,478.25676693642,478.36659842119,478.47642990597),
  .UNSPECIFIED.);
#9108 = CARTESIAN_POINT('',(0.873964840189,6.));
#9109 = CARTESIAN_POINT('',(0.873964099364,5.959621890024));
#9110 = CARTESIAN_POINT('',(0.874252879984,5.878865549632));
#9111 = CARTESIAN_POINT('',(0.875545695241,5.758044483982));
#9112 = CARTESIAN_POINT('',(0.877690200558,5.63785221795));
#9113 = CARTESIAN_POINT('',(0.880667282902,5.518598686722));
#9114 = CARTESIAN_POINT('',(0.884452279138,5.400572852554));
#9115 = CARTESIAN_POINT('',(0.889015304557,5.284034903244));
#9116 = CARTESIAN_POINT('',(0.894322987046,5.169210925525));
#9117 = CARTESIAN_POINT('',(0.90033975133,5.056290661705));
#9118 = CARTESIAN_POINT('',(0.90702909703,4.945427466361));
#9119 = CARTESIAN_POINT('',(0.914354708113,4.836740056412));
#9120 = CARTESIAN_POINT('',(0.922281403254,4.730315588973));
#9121 = CARTESIAN_POINT('',(0.930775900227,4.626213678861));
#9122 = CARTESIAN_POINT('',(0.939807387244,4.524471002644));
#9123 = CARTESIAN_POINT('',(0.949347899568,4.425106177968));
#9124 = CARTESIAN_POINT('',(0.959372509663,4.328124643647));
#9125 = CARTESIAN_POINT('',(0.969859348531,4.233523301984));
#9126 = CARTESIAN_POINT('',(0.980789486193,4.14129471922));
#9127 = CARTESIAN_POINT('',(0.992146709229,4.051430716273));
#9128 = CARTESIAN_POINT('',(1.003917245578,3.963925209618));
#9129 = CARTESIAN_POINT('',(1.016089491358,3.878776222035));
#9130 = CARTESIAN_POINT('',(1.028653827764,3.795986923402));
#9131 = CARTESIAN_POINT('',(1.04160254117,3.715565949395));
#9132 = CARTESIAN_POINT('',(1.054930186786,3.637525966548));
#9133 = CARTESIAN_POINT('',(1.068633559594,3.561884397035));
#9134 = CARTESIAN_POINT('',(1.082714867989,3.488651935114));
#9135 = CARTESIAN_POINT('',(1.09717261832,3.417879301036));
#9136 = CARTESIAN_POINT('',(1.112005302106,3.349624145628));
#9137 = CARTESIAN_POINT('',(1.127215713083,3.283950228412));
#9138 = CARTESIAN_POINT('',(1.142807161737,3.220935952594));
#9139 = CARTESIAN_POINT('',(1.158782525065,3.16067677008));
#9140 = CARTESIAN_POINT('',(1.175143366143,3.103287075357));
#9141 = CARTESIAN_POINT('',(1.191889994195,3.048899785311));
#9142 = CARTESIAN_POINT('',(1.209021854237,2.997664992814));
#9143 = CARTESIAN_POINT('',(1.226539902396,2.949743763404));
#9144 = CARTESIAN_POINT('',(1.244445005481,2.905311255022));
#9145 = CARTESIAN_POINT('',(1.26275456702,2.864516249717));
#9146 = CARTESIAN_POINT('',(1.281471452553,2.827576357772));
#9147 = CARTESIAN_POINT('',(1.300555601851,2.79479077284));
#9148 = CARTESIAN_POINT('',(1.319976645603,2.766421054824));
#9149 = CARTESIAN_POINT('',(1.339701161876,2.742719440888));
#9150 = CARTESIAN_POINT('',(1.359695998944,2.72392093479));
#9151 = CARTESIAN_POINT('',(1.379927273939,2.710244446268));
#9152 = CARTESIAN_POINT('',(1.40036063957,2.701894055191));
#9153 = CARTESIAN_POINT('',(1.414094109815,2.699998589963));
#9154 = CARTESIAN_POINT('',(1.420982819439,2.7));
#9155 = ( GEOMETRIC_REPRESENTATION_CONTEXT(2) 
PARAMETRIC_REPRESENTATION_CONTEXT() REPRESENTATION_CONTEXT('2D SPACE',''
  ) );
#9156 = ADVANCED_FACE('',(#9157),#4575,.T.);
#9157 = FACE_BOUND('',#9158,.T.);
#9158 = EDGE_LOOP('',(#9159,#9182,#9183,#9184));
#9159 = ORIENTED_EDGE('',*,*,#9160,.T.);
#9160 = EDGE_CURVE('',#9161,#9029,#9163,.T.);
#9161 = VERTEX_POINT('',#9162);
#9162 = CARTESIAN_POINT('',(2.507462686567,1.631843101453,152.));
#9163 = SURFACE_CURVE('',#9164,(#9168,#9175),.PCURVE_S1.);
#9164 = LINE('',#9165,#9166);
#9165 = CARTESIAN_POINT('',(2.507462686567,1.631843101453,152.));
#9166 = VECTOR('',#9167,1.);
#9167 = DIRECTION('',(-0.,-0.,-1.));
#9168 = PCURVE('',#4575,#9169);
#9169 = DEFINITIONAL_REPRESENTATION('',(#9170),#9174);
#9170 = LINE('',#9171,#9172);
#9171 = CARTESIAN_POINT('',(6.28318530718,0.));
#9172 = VECTOR('',#9173,1.);
#9173 = DIRECTION('',(-0.,1.));
#9174 = ( GEOMETRIC_REPRESENTATION_CONTEXT(2) 
PARAMETRIC_REPRESENTATION_CONTEXT() REPRESENTATION_CONTEXT('2D SPACE',''
  ) );
#9175 = PCURVE('',#6393,#9176);
#9176 = DEFINITIONAL_REPRESENTATION('',(#9177),#9181);
#9177 = LINE('',#9178,#9179);
#9178 = CARTESIAN_POINT('',(0.873964840189,152.));
#9179 = VECTOR('',#9180,1.);
#9180 = DIRECTION('',(-0.,-1.));
#9181 = ( GEOMETRIC_REPRESENTATION_CONTEXT(2) 
PARAMETRIC_REPRESENTATION_CONTEXT() REPRESENTATION_CONTEXT('2D SPACE',''
  ) );
#9182 = ORIENTED_EDGE('',*,*,#9028,.T.);
#9183 = ORIENTED_EDGE('',*,*,#4561,.F.);
#9184 = ORIENTED_EDGE('',*,*,#9185,.F.);
#9185 = EDGE_CURVE('',#9161,#4539,#9186,.T.);
#9186 = SURFACE_CURVE('',#9187,(#9195,#9207),.PCURVE_S1.);
#9187 = ( BOUNDED_CURVE() B_SPLINE_CURVE(6,(#9188,#9189,#9190,#9191,
#9192,#9193,#9194),.UNSPECIFIED.,.F.,.F.) B_SPLINE_CURVE_WITH_KNOTS((7,7
),(0.,4.83258533011),.PIECEWISE_BEZIER_KNOTS.) CURVE() 
GEOMETRIC_REPRESENTATION_ITEM() RATIONAL_B_SPLINE_CURVE((1.066705203297,
    1.020249745885,0.995713300237,0.987609681784,0.995713300237,
1.020249745885,1.066705203297)) REPRESENTATION_ITEM('') );
#9188 = CARTESIAN_POINT('',(2.507462686567,1.631843101453,152.));
#9189 = CARTESIAN_POINT('',(2.598367984515,1.555765697097,152.));
#9190 = CARTESIAN_POINT('',(2.719386023246,1.526314919407,152.));
#9191 = CARTESIAN_POINT('',(2.844241804173,1.55310371484,152.));
#9192 = CARTESIAN_POINT('',(2.944916905833,1.631660251788,152.));
#9193 = CARTESIAN_POINT('',(3.,1.743367757094,152.));
#9194 = CARTESIAN_POINT('',(3.,1.861906968534,152.));
#9195 = PCURVE('',#4575,#9196);
#9196 = DEFINITIONAL_REPRESENTATION('',(#9197),#9206);
#9197 = B_SPLINE_CURVE_WITH_KNOTS('',7,(#9198,#9199,#9200,#9201,#9202,
    #9203,#9204,#9205),.UNSPECIFIED.,.F.,.F.,(8,8),(0.,4.83258533011),
  .PIECEWISE_BEZIER_KNOTS.);
#9198 = CARTESIAN_POINT('',(6.28318530718,0.));
#9199 = CARTESIAN_POINT('',(5.959251652207,0.));
#9200 = CARTESIAN_POINT('',(5.635270386493,0.));
#9201 = CARTESIAN_POINT('',(5.311369356802,0.));
#9202 = CARTESIAN_POINT('',(4.987373444158,0.));
#9203 = CARTESIAN_POINT('',(4.663472414466,0.));
#9204 = CARTESIAN_POINT('',(4.339491148752,0.));
#9205 = CARTESIAN_POINT('',(4.015557493779,0.));
#9206 = ( GEOMETRIC_REPRESENTATION_CONTEXT(2) 
PARAMETRIC_REPRESENTATION_CONTEXT() REPRESENTATION_CONTEXT('2D SPACE',''
  ) );
#9207 = PCURVE('',#4676,#9208);
#9208 = DEFINITIONAL_REPRESENTATION('',(#9209),#9212);
#9209 = B_SPLINE_CURVE_WITH_KNOTS('',1,(#9210,#9211),.UNSPECIFIED.,.F.,
  .F.,(2,2),(0.,4.83258533011),.PIECEWISE_BEZIER_KNOTS.);
#9210 = CARTESIAN_POINT('',(0.,327.64384457586));
#9211 = CARTESIAN_POINT('',(4.83258533011,327.64384457586));
#9212 = ( GEOMETRIC_REPRESENTATION_CONTEXT(2) 
PARAMETRIC_REPRESENTATION_CONTEXT() REPRESENTATION_CONTEXT('2D SPACE',''
  ) );
#9213 = ADVANCED_FACE('',(#9214),#4676,.F.);
#9214 = FACE_BOUND('',#9215,.F.);
#9215 = EDGE_LOOP('',(#9216,#9238,#9239,#9240));
#9216 = ORIENTED_EDGE('',*,*,#9217,.T.);
#9217 = EDGE_CURVE('',#9218,#4594,#9220,.T.);
#9218 = VERTEX_POINT('',#9219);
#9219 = CARTESIAN_POINT('',(5.955223880597,7.840749102309E-02,155.3));
#9220 = SURFACE_CURVE('',#9221,(#9226,#9232),.PCURVE_S1.);
#9221 = CIRCLE('',#9222,0.3);
#9222 = AXIS2_PLACEMENT_3D('',#9223,#9224,#9225);
#9223 = CARTESIAN_POINT('',(6.,0.375047169979,155.3));
#9224 = DIRECTION('',(0.988798929854,-0.149253731343,0.));
#9225 = DIRECTION('',(-0.149253731343,-0.988798929854,0.));
#9226 = PCURVE('',#4676,#9227);
#9227 = DEFINITIONAL_REPRESENTATION('',(#9228),#9231);
#9228 = B_SPLINE_CURVE_WITH_KNOTS('',1,(#9229,#9230),.UNSPECIFIED.,.F.,
  .F.,(2,2),(0.,1.570796326795),.PIECEWISE_BEZIER_KNOTS.);
#9229 = CARTESIAN_POINT('',(0.,322.81125924575));
#9230 = CARTESIAN_POINT('',(4.83258533011,322.81125924575));
#9231 = ( GEOMETRIC_REPRESENTATION_CONTEXT(2) 
PARAMETRIC_REPRESENTATION_CONTEXT() REPRESENTATION_CONTEXT('2D SPACE',''
  ) );
#9232 = PCURVE('',#4937,#9233);
#9233 = DEFINITIONAL_REPRESENTATION('',(#9234),#9237);
#9234 = B_SPLINE_CURVE_WITH_KNOTS('',1,(#9235,#9236),.UNSPECIFIED.,.F.,
  .F.,(2,2),(0.,1.570796326795),.PIECEWISE_BEZIER_KNOTS.);
#9235 = CARTESIAN_POINT('',(0.149813507356,0.));
#9236 = CARTESIAN_POINT('',(0.149813507356,1.570796326795));
#9237 = ( GEOMETRIC_REPRESENTATION_CONTEXT(2) 
PARAMETRIC_REPRESENTATION_CONTEXT() REPRESENTATION_CONTEXT('2D SPACE',''
  ) );
#9238 = ORIENTED_EDGE('',*,*,#4593,.T.);
#9239 = ORIENTED_EDGE('',*,*,#9185,.F.);
#9240 = ORIENTED_EDGE('',*,*,#9241,.F.);
#9241 = EDGE_CURVE('',#9218,#9161,#9242,.T.);
#9242 = SURFACE_CURVE('',#9243,(#9270,#9277),.PCURVE_S1.);
#9243 = ( BOUNDED_CURVE() B_SPLINE_CURVE(9,(#9244,#9245,#9246,#9247,
    #9248,#9249,#9250,#9251,#9252,#9253,#9254,#9255,#9256,#9257,#9258,
    #9259,#9260,#9261,#9262,#9263,#9264,#9265,#9266,#9267,#9268,#9269),
.UNSPECIFIED.,.F.,.F.) B_SPLINE_CURVE_WITH_KNOTS((10,8,8,10),(
    322.81125924575,323.7710589414,324.9540691246,327.64384457586),
.UNSPECIFIED.) CURVE() GEOMETRIC_REPRESENTATION_ITEM() 
RATIONAL_B_SPLINE_CURVE((1.031393471788,1.031637401908,1.031953421855,
    1.03233930761,1.03279224004,1.033308804894,1.033884992808,
    1.034516199299,1.035197224772,1.036815941421,1.037777277759,
    1.038802052938,1.039883181913,1.041013454243,1.04218694196,
    1.043399086231,1.044645462829,1.048815345153,1.051855844639,
    1.054957862223,1.058099720761,1.061026850812,1.063769620343,
1.065723463357,1.066705203297,1.066705203297)) REPRESENTATION_ITEM('') 
  );
#9244 = CARTESIAN_POINT('',(5.955223880597,7.840749102309E-02,155.3));
#9245 = CARTESIAN_POINT('',(5.816366120319,9.93673021856E-02,155.3));
#9246 = CARTESIAN_POINT('',(5.678956090216,0.123319433884,
    155.29398003746));
#9247 = CARTESIAN_POINT('',(5.543383336516,0.150118550902,155.2821537046
    ));
#9248 = CARTESIAN_POINT('',(5.410017646317,0.179588761847,
    155.26476569175));
#9249 = CARTESIAN_POINT('',(5.279208505065,0.211523944254,
    155.24209137917));
#9250 = CARTESIAN_POINT('',(5.151284615643,0.245688109602,
    155.21443636795));
#9251 = CARTESIAN_POINT('',(5.026553484196,0.281815800016,
    155.18213595978));
#9252 = CARTESIAN_POINT('',(4.905301076726,0.319612507294,
    155.14555459668));
#9253 = CARTESIAN_POINT('',(4.643180197166,0.406925358106,
    155.05528230119));
#9254 = CARTESIAN_POINT('',(4.504053961785,0.457197534944,
    154.99954186801));
#9255 = CARTESIAN_POINT('',(4.370079778946,0.509307198158,
    154.93823283835));
#9256 = CARTESIAN_POINT('',(4.241278765646,0.562868291496,
    154.87181581521));
#9257 = CARTESIAN_POINT('',(4.117709814339,0.617496987062,
    154.80070767579));
#9258 = CARTESIAN_POINT('',(3.99930543089,0.672875920143,154.72520963504
    ));
#9259 = CARTESIAN_POINT('',(3.885857602594,0.728759615682,
    154.64549799119));
#9260 = CARTESIAN_POINT('',(3.777151457875,0.784922046079,
    154.56167643911));
#9261 = CARTESIAN_POINT('',(3.43793366301,0.968150383383,154.27508165846
    ));
#9262 = CARTESIAN_POINT('',(3.227111216237,1.095111522125,
    154.05583188581));
#9263 = CARTESIAN_POINT('',(3.040343724884,1.218352920922,
    153.81850010874));
#9264 = CARTESIAN_POINT('',(2.875148138702,1.336631228777,
    153.55830718144));
#9265 = CARTESIAN_POINT('',(2.737591207569,1.441731479012,
    153.28321420537));
#9266 = CARTESIAN_POINT('',(2.623480084367,1.534709654185,
    152.98118132872));
#9267 = CARTESIAN_POINT('',(2.54619173529,1.599441488635,152.65989389291
    ));
#9268 = CARTESIAN_POINT('',(2.507462686567,1.631843101453,
    152.32962476436));
#9269 = CARTESIAN_POINT('',(2.507462686567,1.631843101453,152.));
#9270 = PCURVE('',#4676,#9271);
#9271 = DEFINITIONAL_REPRESENTATION('',(#9272),#9276);
#9272 = LINE('',#9273,#9274);
#9273 = CARTESIAN_POINT('',(0.,0.));
#9274 = VECTOR('',#9275,1.);
#9275 = DIRECTION('',(0.,1.));
#9276 = ( GEOMETRIC_REPRESENTATION_CONTEXT(2) 
PARAMETRIC_REPRESENTATION_CONTEXT() REPRESENTATION_CONTEXT('2D SPACE',''
  ) );
#9277 = PCURVE('',#6393,#9278);
#9278 = DEFINITIONAL_REPRESENTATION('',(#9279),#9327);
#9279 = B_SPLINE_CURVE_WITH_KNOTS('',3,(#9280,#9281,#9282,#9283,#9284,
    #9285,#9286,#9287,#9288,#9289,#9290,#9291,#9292,#9293,#9294,#9295,
    #9296,#9297,#9298,#9299,#9300,#9301,#9302,#9303,#9304,#9305,#9306,
    #9307,#9308,#9309,#9310,#9311,#9312,#9313,#9314,#9315,#9316,#9317,
    #9318,#9319,#9320,#9321,#9322,#9323,#9324,#9325,#9326),
  .UNSPECIFIED.,.F.,.F.,(4,1,1,1,1,1,1,1,1,1,1,1,1,1,1,1,1,1,1,1,1,1,1,1
    ,1,1,1,1,1,1,1,1,1,1,1,1,1,1,1,1,1,1,1,1,4),(322.81125924575,
    322.92109073052,323.0309222153,323.14075370007,323.25058518485,
    323.36041666962,323.4702481544,323.58007963917,323.68991112395,
    323.79974260872,323.9095740935,324.01940557827,324.12923706305,
    324.23906854782,324.3489000326,324.45873151737,324.56856300215,
    324.67839448692,324.7882259717,324.89805745647,325.00788894125,
    325.11772042603,325.2275519108,325.33738339558,325.44721488035,
    325.55704636513,325.6668778499,325.77670933468,325.88654081945,
    325.99637230423,326.106203789,326.21603527378,326.32586675855,
    326.43569824333,326.5455297281,326.65536121288,326.76519269765,
    326.87502418243,326.9848556672,327.09468715198,327.20451863675,
    327.31435012153,327.42418160631,327.53401309108,327.64384457586),
  .UNSPECIFIED.);
#9280 = CARTESIAN_POINT('',(1.420982819439,155.3));
#9281 = CARTESIAN_POINT('',(1.414094109815,155.30000141003));
#9282 = CARTESIAN_POINT('',(1.400360639566,155.29810594479));
#9283 = CARTESIAN_POINT('',(1.379927273953,155.28975555377));
#9284 = CARTESIAN_POINT('',(1.359695998889,155.27607906503));
#9285 = CARTESIAN_POINT('',(1.339701162079,155.25728055974));
#9286 = CARTESIAN_POINT('',(1.319976644842,155.23357894281));
#9287 = CARTESIAN_POINT('',(1.300555604688,155.20520923596));
#9288 = CARTESIAN_POINT('',(1.281471441958,155.17242360934));
#9289 = CARTESIAN_POINT('',(1.262754606553,155.13548387297));
#9290 = CARTESIAN_POINT('',(1.244444857935,155.09468828706));
#9291 = CARTESIAN_POINT('',(1.226540844058,155.05025917562));
#9292 = CARTESIAN_POINT('',(1.209023423657,155.00233978288));
#9293 = CARTESIAN_POINT('',(1.191891473871,154.95110460781));
#9294 = CARTESIAN_POINT('',(1.175144406242,154.896716031));
#9295 = CARTESIAN_POINT('',(1.158783268725,154.83932578604));
#9296 = CARTESIAN_POINT('',(1.142808015265,154.77906757148));
#9297 = CARTESIAN_POINT('',(1.127216962763,154.71605517454));
#9298 = CARTESIAN_POINT('',(1.112006762151,154.65038217068));
#9299 = CARTESIAN_POINT('',(1.097173494343,154.5821243755));
#9300 = CARTESIAN_POINT('',(1.082714019307,154.51134404754));
#9301 = CARTESIAN_POINT('',(1.068630322558,154.43809841102));
#9302 = CARTESIAN_POINT('',(1.054923042577,154.36242954259));
#9303 = CARTESIAN_POINT('',(1.041594482694,154.28438188605));
#9304 = CARTESIAN_POINT('',(1.028647194437,154.20396923157));
#9305 = CARTESIAN_POINT('',(1.016085407533,154.12119653662));
#9306 = CARTESIAN_POINT('',(1.003915571112,154.03606383861));
#9307 = CARTESIAN_POINT('',(0.992146614822,153.94856938362));
#9308 = CARTESIAN_POINT('',(0.980790014296,153.8587099877));
#9309 = CARTESIAN_POINT('',(0.969859807595,153.76648109605));
#9310 = CARTESIAN_POINT('',(0.959372624324,153.67187722186));
#9311 = CARTESIAN_POINT('',(0.949347754372,153.5748934119));
#9312 = CARTESIAN_POINT('',(0.939807246225,153.47552796083));
#9313 = CARTESIAN_POINT('',(0.930775999726,153.37378635209));
#9314 = CARTESIAN_POINT('',(0.922281801325,153.2696861858));
#9315 = CARTESIAN_POINT('',(0.914355241961,153.16326270249));
#9316 = CARTESIAN_POINT('',(0.907029458415,153.05457441213));
#9317 = CARTESIAN_POINT('',(0.900339647748,152.94370829271));
#9318 = CARTESIAN_POINT('',(0.894322321914,152.83078402586));
#9319 = CARTESIAN_POINT('',(0.889014291952,152.71595679017));
#9320 = CARTESIAN_POINT('',(0.884451411851,152.59941821961));
#9321 = CARTESIAN_POINT('',(0.880667120006,152.481395298));
#9322 = CARTESIAN_POINT('',(0.87769098322,152.36214702879));
#9323 = CARTESIAN_POINT('',(0.875547058977,152.24195931765));
#9324 = CARTESIAN_POINT('',(0.87425361976,152.12113729857));
#9325 = CARTESIAN_POINT('',(0.873964309483,152.04037911861));
#9326 = CARTESIAN_POINT('',(0.873964840189,152.));
#9327 = ( GEOMETRIC_REPRESENTATION_CONTEXT(2) 
PARAMETRIC_REPRESENTATION_CONTEXT() REPRESENTATION_CONTEXT('2D SPACE',''
  ) );
#9328 = ADVANCED_FACE('',(#9329),#4937,.T.);
#9329 = FACE_BOUND('',#9330,.T.);
#9330 = EDGE_LOOP('',(#9331,#9353,#9375,#9376));
#9331 = ORIENTED_EDGE('',*,*,#9332,.F.);
#9332 = EDGE_CURVE('',#9333,#4917,#9335,.T.);
#9333 = VERTEX_POINT('',#9334);
#9334 = CARTESIAN_POINT('',(7.,-5.551115123126E-17,155.3));
#9335 = SURFACE_CURVE('',#9336,(#9341,#9347),.PCURVE_S1.);
#9336 = CIRCLE('',#9337,0.3);
#9337 = AXIS2_PLACEMENT_3D('',#9338,#9339,#9340);
#9338 = CARTESIAN_POINT('',(7.,0.3,155.3));
#9339 = DIRECTION('',(1.,0.,0.));
#9340 = DIRECTION('',(0.,-1.,0.));
#9341 = PCURVE('',#4937,#9342);
#9342 = DEFINITIONAL_REPRESENTATION('',(#9343),#9346);
#9343 = B_SPLINE_CURVE_WITH_KNOTS('',1,(#9344,#9345),.UNSPECIFIED.,.F.,
  .F.,(2,2),(0.,1.570796326795),.PIECEWISE_BEZIER_KNOTS.);
#9344 = CARTESIAN_POINT('',(0.,0.));
#9345 = CARTESIAN_POINT('',(0.,1.570796326795));
#9346 = ( GEOMETRIC_REPRESENTATION_CONTEXT(2) 
PARAMETRIC_REPRESENTATION_CONTEXT() REPRESENTATION_CONTEXT('2D SPACE',''
  ) );
#9347 = PCURVE('',#4965,#9348);
#9348 = DEFINITIONAL_REPRESENTATION('',(#9349),#9352);
#9349 = B_SPLINE_CURVE_WITH_KNOTS('',1,(#9350,#9351),.UNSPECIFIED.,.F.,
  .F.,(2,2),(0.,1.570796326795),.PIECEWISE_BEZIER_KNOTS.);
#9350 = CARTESIAN_POINT('',(6.28318530718,82.));
#9351 = CARTESIAN_POINT('',(4.712388980385,82.));
#9352 = ( GEOMETRIC_REPRESENTATION_CONTEXT(2) 
PARAMETRIC_REPRESENTATION_CONTEXT() REPRESENTATION_CONTEXT('2D SPACE',''
  ) );
#9353 = ORIENTED_EDGE('',*,*,#9354,.T.);
#9354 = EDGE_CURVE('',#9333,#9218,#9355,.T.);
#9355 = SURFACE_CURVE('',#9356,(#9361,#9368),.PCURVE_S1.);
#9356 = CIRCLE('',#9357,7.);
#9357 = AXIS2_PLACEMENT_3D('',#9358,#9359,#9360);
#9358 = CARTESIAN_POINT('',(7.,7.,155.3));
#9359 = DIRECTION('',(-0.,-0.,-1.));
#9360 = DIRECTION('',(0.,-1.,0.));
#9361 = PCURVE('',#4937,#9362);
#9362 = DEFINITIONAL_REPRESENTATION('',(#9363),#9367);
#9363 = LINE('',#9364,#9365);
#9364 = CARTESIAN_POINT('',(0.,0.));
#9365 = VECTOR('',#9366,1.);
#9366 = DIRECTION('',(1.,0.));
#9367 = ( GEOMETRIC_REPRESENTATION_CONTEXT(2) 
PARAMETRIC_REPRESENTATION_CONTEXT() REPRESENTATION_CONTEXT('2D SPACE',''
  ) );
#9368 = PCURVE('',#6393,#9369);
#9369 = DEFINITIONAL_REPRESENTATION('',(#9370),#9374);
#9370 = LINE('',#9371,#9372);
#9371 = CARTESIAN_POINT('',(1.570796326795,155.3));
#9372 = VECTOR('',#9373,1.);
#9373 = DIRECTION('',(-1.,-0.));
#9374 = ( GEOMETRIC_REPRESENTATION_CONTEXT(2) 
PARAMETRIC_REPRESENTATION_CONTEXT() REPRESENTATION_CONTEXT('2D SPACE',''
  ) );
#9375 = ORIENTED_EDGE('',*,*,#9217,.T.);
#9376 = ORIENTED_EDGE('',*,*,#4916,.F.);
#9377 = ADVANCED_FACE('',(#9378),#4965,.T.);
#9378 = FACE_BOUND('',#9379,.T.);
#9379 = EDGE_LOOP('',(#9380,#9403,#9404,#9405));
#9380 = ORIENTED_EDGE('',*,*,#9381,.T.);
#9381 = EDGE_CURVE('',#9382,#9333,#9384,.T.);
#9382 = VERTEX_POINT('',#9383);
#9383 = CARTESIAN_POINT('',(89.,-8.881784197001E-16,155.3));
#9384 = SURFACE_CURVE('',#9385,(#9389,#9396),.PCURVE_S1.);
#9385 = LINE('',#9386,#9387);
#9386 = CARTESIAN_POINT('',(89.,-5.551115123126E-17,155.3));
#9387 = VECTOR('',#9388,1.);
#9388 = DIRECTION('',(-1.,-0.,0.));
#9389 = PCURVE('',#4965,#9390);
#9390 = DEFINITIONAL_REPRESENTATION('',(#9391),#9395);
#9391 = LINE('',#9392,#9393);
#9392 = CARTESIAN_POINT('',(6.28318530718,0.));
#9393 = VECTOR('',#9394,1.);
#9394 = DIRECTION('',(-0.,1.));
#9395 = ( GEOMETRIC_REPRESENTATION_CONTEXT(2) 
PARAMETRIC_REPRESENTATION_CONTEXT() REPRESENTATION_CONTEXT('2D SPACE',''
  ) );
#9396 = PCURVE('',#6877,#9397);
#9397 = DEFINITIONAL_REPRESENTATION('',(#9398),#9402);
#9398 = LINE('',#9399,#9400);
#9399 = CARTESIAN_POINT('',(155.3,89.));
#9400 = VECTOR('',#9401,1.);
#9401 = DIRECTION('',(0.,-1.));
#9402 = ( GEOMETRIC_REPRESENTATION_CONTEXT(2) 
PARAMETRIC_REPRESENTATION_CONTEXT() REPRESENTATION_CONTEXT('2D SPACE',''
  ) );
#9403 = ORIENTED_EDGE('',*,*,#9332,.T.);
#9404 = ORIENTED_EDGE('',*,*,#4949,.F.);
#9405 = ORIENTED_EDGE('',*,*,#9406,.F.);
#9406 = EDGE_CURVE('',#9382,#4950,#9407,.T.);
#9407 = SURFACE_CURVE('',#9408,(#9413,#9419),.PCURVE_S1.);
#9408 = CIRCLE('',#9409,0.3);
#9409 = AXIS2_PLACEMENT_3D('',#9410,#9411,#9412);
#9410 = CARTESIAN_POINT('',(89.,0.3,155.3));
#9411 = DIRECTION('',(1.,-2.775557561563E-17,0.));
#9412 = DIRECTION('',(-2.775557561563E-17,-1.,0.));
#9413 = PCURVE('',#4965,#9414);
#9414 = DEFINITIONAL_REPRESENTATION('',(#9415),#9418);
#9415 = B_SPLINE_CURVE_WITH_KNOTS('',1,(#9416,#9417),.UNSPECIFIED.,.F.,
  .F.,(2,2),(0.,1.570796326795),.PIECEWISE_BEZIER_KNOTS.);
#9416 = CARTESIAN_POINT('',(6.28318530718,0.));
#9417 = CARTESIAN_POINT('',(4.712388980385,0.));
#9418 = ( GEOMETRIC_REPRESENTATION_CONTEXT(2) 
PARAMETRIC_REPRESENTATION_CONTEXT() REPRESENTATION_CONTEXT('2D SPACE',''
  ) );
#9419 = PCURVE('',#4996,#9420);
#9420 = DEFINITIONAL_REPRESENTATION('',(#9421),#9424);
#9421 = B_SPLINE_CURVE_WITH_KNOTS('',1,(#9422,#9423),.UNSPECIFIED.,.F.,
  .F.,(2,2),(0.,1.570796326795),.PIECEWISE_BEZIER_KNOTS.);
#9422 = CARTESIAN_POINT('',(0.143347568905,0.));
#9423 = CARTESIAN_POINT('',(0.143347568905,1.570796326795));
#9424 = ( GEOMETRIC_REPRESENTATION_CONTEXT(2) 
PARAMETRIC_REPRESENTATION_CONTEXT() REPRESENTATION_CONTEXT('2D SPACE',''
  ) );
#9425 = ADVANCED_FACE('',(#9426),#4996,.T.);
#9426 = FACE_BOUND('',#9427,.T.);
#9427 = EDGE_LOOP('',(#9428,#9453,#9475,#9476));
#9428 = ORIENTED_EDGE('',*,*,#9429,.F.);
#9429 = EDGE_CURVE('',#9430,#4892,#9432,.T.);
#9430 = VERTEX_POINT('',#9431);
#9431 = CARTESIAN_POINT('',(90.044776119403,7.840749102309E-02,155.3));
#9432 = SURFACE_CURVE('',#9433,(#9441,#9447),.PCURVE_S1.);
#9433 = ( BOUNDED_CURVE() B_SPLINE_CURVE(6,(#9434,#9435,#9436,#9437,
#9438,#9439,#9440),.UNSPECIFIED.,.F.,.F.) B_SPLINE_CURVE_WITH_KNOTS((7,7
),(0.,4.832585329073),.PIECEWISE_BEZIER_KNOTS.) CURVE() 
GEOMETRIC_REPRESENTATION_ITEM() RATIONAL_B_SPLINE_CURVE((1.031393471788,
    1.010025407661,0.997924642725,0.993958444137,0.997924642725,
1.010025407661,1.031393471788)) REPRESENTATION_ITEM('') );
#9434 = CARTESIAN_POINT('',(90.044776119403,7.840749102309E-02,155.3));
#9435 = CARTESIAN_POINT('',(90.044776119403,7.84074910231E-02,
    155.21979896505));
#9436 = CARTESIAN_POINT('',(90.040969954449,0.103623154305,
    155.14168742822));
#9437 = CARTESIAN_POINT('',(90.033668037905,0.151998006982,
    155.07442414603));
#9438 = CARTESIAN_POINT('',(90.023628742056,0.218507868426,
    155.02550130519));
#9439 = CARTESIAN_POINT('',(90.011970303723,0.295744472452,155.));
#9440 = CARTESIAN_POINT('',(90.,0.375047169979,155.));
#9441 = PCURVE('',#4996,#9442);
#9442 = DEFINITIONAL_REPRESENTATION('',(#9443),#9446);
#9443 = B_SPLINE_CURVE_WITH_KNOTS('',1,(#9444,#9445),.UNSPECIFIED.,.F.,
  .F.,(2,2),(0.,4.832585329073),.PIECEWISE_BEZIER_KNOTS.);
#9444 = CARTESIAN_POINT('',(-6.465938450577E-03,0.));
#9445 = CARTESIAN_POINT('',(-6.465938450577E-03,1.570796326795));
#9446 = ( GEOMETRIC_REPRESENTATION_CONTEXT(2) 
PARAMETRIC_REPRESENTATION_CONTEXT() REPRESENTATION_CONTEXT('2D SPACE',''
  ) );
#9447 = PCURVE('',#5093,#9448);
#9448 = DEFINITIONAL_REPRESENTATION('',(#9449),#9452);
#9449 = B_SPLINE_CURVE_WITH_KNOTS('',1,(#9450,#9451),.UNSPECIFIED.,.F.,
  .F.,(2,2),(0.,4.832585329073),.PIECEWISE_BEZIER_KNOTS.);
#9450 = CARTESIAN_POINT('',(0.,238.71386685401));
#9451 = CARTESIAN_POINT('',(4.832585329073,238.71386685401));
#9452 = ( GEOMETRIC_REPRESENTATION_CONTEXT(2) 
PARAMETRIC_REPRESENTATION_CONTEXT() REPRESENTATION_CONTEXT('2D SPACE',''
  ) );
#9453 = ORIENTED_EDGE('',*,*,#9454,.T.);
#9454 = EDGE_CURVE('',#9430,#9382,#9455,.T.);
#9455 = SURFACE_CURVE('',#9456,(#9461,#9468),.PCURVE_S1.);
#9456 = CIRCLE('',#9457,7.);
#9457 = AXIS2_PLACEMENT_3D('',#9458,#9459,#9460);
#9458 = CARTESIAN_POINT('',(89.,7.,155.3));
#9459 = DIRECTION('',(0.,-0.,-1.));
#9460 = DIRECTION('',(0.142857142857,-0.989743318611,0.));
#9461 = PCURVE('',#4996,#9462);
#9462 = DEFINITIONAL_REPRESENTATION('',(#9463),#9467);
#9463 = LINE('',#9464,#9465);
#9464 = CARTESIAN_POINT('',(-6.28318530718,0.));
#9465 = VECTOR('',#9466,1.);
#9466 = DIRECTION('',(1.,0.));
#9467 = ( GEOMETRIC_REPRESENTATION_CONTEXT(2) 
PARAMETRIC_REPRESENTATION_CONTEXT() REPRESENTATION_CONTEXT('2D SPACE',''
  ) );
#9468 = PCURVE('',#6564,#9469);
#9469 = DEFINITIONAL_REPRESENTATION('',(#9470),#9474);
#9470 = LINE('',#9471,#9472);
#9471 = CARTESIAN_POINT('',(11.138921856469,155.3));
#9472 = VECTOR('',#9473,1.);
#9473 = DIRECTION('',(-1.,0.));
#9474 = ( GEOMETRIC_REPRESENTATION_CONTEXT(2) 
PARAMETRIC_REPRESENTATION_CONTEXT() REPRESENTATION_CONTEXT('2D SPACE',''
  ) );
#9475 = ORIENTED_EDGE('',*,*,#9406,.T.);
#9476 = ORIENTED_EDGE('',*,*,#4977,.F.);
#9477 = ADVANCED_FACE('',(#9478),#5093,.F.);
#9478 = FACE_BOUND('',#9479,.F.);
#9479 = EDGE_LOOP('',(#9480,#9522,#9523,#9524));
#9480 = ORIENTED_EDGE('',*,*,#9481,.T.);
#9481 = EDGE_CURVE('',#9482,#5014,#9484,.T.);
#9482 = VERTEX_POINT('',#9483);
#9483 = CARTESIAN_POINT('',(93.492537313433,1.631843101453,152.));
#9484 = SURFACE_CURVE('',#9485,(#9490,#9516),.PCURVE_S1.);
#9485 = CIRCLE('',#9486,0.3);
#9486 = AXIS2_PLACEMENT_3D('',#9487,#9488,#9489);
#9487 = CARTESIAN_POINT('',(93.3,1.861906968534,152.));
#9488 = DIRECTION('',(0.,-0.,-1.));
#9489 = DIRECTION('',(0.641791044776,-0.766879556935,0.));
#9490 = PCURVE('',#5093,#9491);
#9491 = DEFINITIONAL_REPRESENTATION('',(#9492),#9515);
#9492 = B_SPLINE_CURVE_WITH_KNOTS('',6,(#9493,#9494,#9495,#9496,#9497,
    #9498,#9499,#9500,#9501,#9502,#9503,#9504,#9505,#9506,#9507,#9508,
    #9509,#9510,#9511,#9512,#9513,#9514),.UNSPECIFIED.,.F.,.F.,(7,5,5,5,
    7),(0.,0.56690695335,1.1338139067,1.700720860051,2.267627813401),
  .UNSPECIFIED.);
#9493 = CARTESIAN_POINT('',(-1.110223024625E-16,233.88128152494));
#9494 = CARTESIAN_POINT('',(0.201365911967,233.88128152494));
#9495 = CARTESIAN_POINT('',(0.402723045853,233.88128152494));
#9496 = CARTESIAN_POINT('',(0.604078429556,233.88128152494));
#9497 = CARTESIAN_POINT('',(0.805434319353,233.88128152494));
#9498 = CARTESIAN_POINT('',(1.006790662902,233.88128152494));
#9499 = CARTESIAN_POINT('',(1.409504461588,233.88128152494));
#9500 = CARTESIAN_POINT('',(1.610860483025,233.88128152494));
#9501 = CARTESIAN_POINT('',(1.812220427215,233.88128152494));
#9502 = CARTESIAN_POINT('',(2.013576954649,233.88128152494));
#9503 = CARTESIAN_POINT('',(2.214934946154,233.88128152494));
#9504 = CARTESIAN_POINT('',(2.617650382919,233.88128152494));
#9505 = CARTESIAN_POINT('',(2.819008374424,233.88128152494));
#9506 = CARTESIAN_POINT('',(3.020364901858,233.88128152494));
#9507 = CARTESIAN_POINT('',(3.221724846048,233.88128152494));
#9508 = CARTESIAN_POINT('',(3.423080867486,233.88128152494));
#9509 = CARTESIAN_POINT('',(3.825794666171,233.88128152494));
#9510 = CARTESIAN_POINT('',(4.027151009721,233.88128152494));
#9511 = CARTESIAN_POINT('',(4.228506899517,233.88128152494));
#9512 = CARTESIAN_POINT('',(4.42986228322,233.88128152494));
#9513 = CARTESIAN_POINT('',(4.631219417107,233.88128152494));
#9514 = CARTESIAN_POINT('',(4.832585329073,233.88128152494));
#9515 = ( GEOMETRIC_REPRESENTATION_CONTEXT(2) 
PARAMETRIC_REPRESENTATION_CONTEXT() REPRESENTATION_CONTEXT('2D SPACE',''
  ) );
#9516 = PCURVE('',#5303,#9517);
#9517 = DEFINITIONAL_REPRESENTATION('',(#9518),#9521);
#9518 = B_SPLINE_CURVE_WITH_KNOTS('',1,(#9519,#9520),.UNSPECIFIED.,.F.,
  .F.,(2,2),(0.,2.267627813401),.PIECEWISE_BEZIER_KNOTS.);
#9519 = CARTESIAN_POINT('',(6.28318530718,146.));
#9520 = CARTESIAN_POINT('',(4.015557493779,146.));
#9521 = ( GEOMETRIC_REPRESENTATION_CONTEXT(2) 
PARAMETRIC_REPRESENTATION_CONTEXT() REPRESENTATION_CONTEXT('2D SPACE',''
  ) );
#9522 = ORIENTED_EDGE('',*,*,#5013,.T.);
#9523 = ORIENTED_EDGE('',*,*,#9429,.F.);
#9524 = ORIENTED_EDGE('',*,*,#9525,.F.);
#9525 = EDGE_CURVE('',#9482,#9430,#9526,.T.);
#9526 = SURFACE_CURVE('',#9527,(#9551,#9558),.PCURVE_S1.);
#9527 = ( BOUNDED_CURVE() B_SPLINE_CURVE(8,(#9528,#9529,#9530,#9531,
    #9532,#9533,#9534,#9535,#9536,#9537,#9538,#9539,#9540,#9541,#9542,
    #9543,#9544,#9545,#9546,#9547,#9548,#9549,#9550),.UNSPECIFIED.,.F.,
.F.) B_SPLINE_CURVE_WITH_KNOTS((9,7,7,9),(233.88128152494,
    236.55848024727,237.75405107597,238.71386685401),.UNSPECIFIED.) 
CURVE() GEOMETRIC_REPRESENTATION_ITEM() RATIONAL_B_SPLINE_CURVE((
    1.066705203297,1.066705203297,1.065460421876,1.062939111701,
    1.059644782994,1.056246195727,1.052710635672,1.049289782754,
    1.044590333528,1.043174869974,1.041805200352,1.040487838626,
    1.039230436247,1.038043440795,1.036938309114,1.035106592889,
    1.034347514235,1.033653730721,1.033032862959,1.032491460424,
1.032035001447,1.031667893218,1.031393471788)) REPRESENTATION_ITEM('') 
  );
#9528 = CARTESIAN_POINT('',(93.492537313433,1.631843101453,152.));
#9529 = CARTESIAN_POINT('',(93.492537313433,1.631843101453,152.369091749
    ));
#9530 = CARTESIAN_POINT('',(93.443348668312,1.590718610438,
    152.73898446021));
#9531 = CARTESIAN_POINT('',(93.343930210717,1.507274705278,
    153.09662289052));
#9532 = CARTESIAN_POINT('',(93.202431454329,1.39384141464,
    153.42088859979));
#9533 = CARTESIAN_POINT('',(93.032411794852,1.26819451148,
    153.71902825392));
#9534 = CARTESIAN_POINT('',(92.829918091249,1.130337049111,
    153.99319738618));
#9535 = CARTESIAN_POINT('',(92.599004527781,0.988658343529,
    154.24212185007));
#9536 = CARTESIAN_POINT('',(92.218971730787,0.782593564853,
    154.56569072298));
#9537 = CARTESIAN_POINT('',(92.094989770968,0.718704068258,
    154.66069604319));
#9538 = CARTESIAN_POINT('',(91.964775668125,0.655219641345,
    154.75029268782));
#9539 = CARTESIAN_POINT('',(91.827968002115,0.592482598137,
    154.83431294307));
#9540 = CARTESIAN_POINT('',(91.684312126222,0.530907093854,
    154.91242012637));
#9541 = CARTESIAN_POINT('',(91.533827310573,0.471046684705,
    154.98404385238));
#9542 = CARTESIAN_POINT('',(91.376601688225,0.413514735197,
    155.04846957659));
#9543 = CARTESIAN_POINT('',(91.079998559105,0.314715792785,
    155.15061728523));
#9544 = CARTESIAN_POINT('',(90.94298052246,0.272408839719,
    155.19114796465));
#9545 = CARTESIAN_POINT('',(90.801550893598,0.232318699878,
    155.22608844878));
#9546 = CARTESIAN_POINT('',(90.656144835942,0.194878067114,
    155.25490146878));
#9547 = CARTESIAN_POINT('',(90.507235609669,0.160467050636,
    155.27710246623));
#9548 = CARTESIAN_POINT('',(90.355333820921,0.129412365359,
    155.29226065906));
#9549 = CARTESIAN_POINT('',(90.200986514031,0.101986586397,155.3));
#9550 = CARTESIAN_POINT('',(90.044776119403,7.840749102309E-02,155.3));
#9551 = PCURVE('',#5093,#9552);
#9552 = DEFINITIONAL_REPRESENTATION('',(#9553),#9557);
#9553 = LINE('',#9554,#9555);
#9554 = CARTESIAN_POINT('',(0.,0.));
#9555 = VECTOR('',#9556,1.);
#9556 = DIRECTION('',(0.,1.));
#9557 = ( GEOMETRIC_REPRESENTATION_CONTEXT(2) 
PARAMETRIC_REPRESENTATION_CONTEXT() REPRESENTATION_CONTEXT('2D SPACE',''
  ) );
#9558 = PCURVE('',#6564,#9559);
#9559 = DEFINITIONAL_REPRESENTATION('',(#9560),#9608);
#9560 = B_SPLINE_CURVE_WITH_KNOTS('',3,(#9561,#9562,#9563,#9564,#9565,
    #9566,#9567,#9568,#9569,#9570,#9571,#9572,#9573,#9574,#9575,#9576,
    #9577,#9578,#9579,#9580,#9581,#9582,#9583,#9584,#9585,#9586,#9587,
    #9588,#9589,#9590,#9591,#9592,#9593,#9594,#9595,#9596,#9597,#9598,
    #9599,#9600,#9601,#9602,#9603,#9604,#9605,#9606,#9607),
  .UNSPECIFIED.,.F.,.F.,(4,1,1,1,1,1,1,1,1,1,1,1,1,1,1,1,1,1,1,1,1,1,1,1
    ,1,1,1,1,1,1,1,1,1,1,1,1,1,1,1,1,1,1,1,1,4),(233.88128152494,
    233.99111300969,234.10094449444,234.21077597919,234.32060746394,
    234.43043894869,234.54027043345,234.6501019182,234.75993340295,
    234.8697648877,234.97959637245,235.0894278572,235.19925934195,
    235.30909082671,235.41892231146,235.52875379621,235.63858528096,
    235.74841676571,235.85824825046,235.96807973522,236.07791121997,
    236.18774270472,236.29757418947,236.40740567422,236.51723715897,
    236.62706864373,236.73690012848,236.84673161323,236.95656309798,
    237.06639458273,237.17622606748,237.28605755223,237.39588903699,
    237.50572052174,237.61555200649,237.72538349124,237.83521497599,
    237.94504646074,238.0548779455,238.16470943025,238.274540915,
    238.38437239975,238.4942038845,238.60403536925,238.71386685401),
  .UNSPECIFIED.);
#9561 = CARTESIAN_POINT('',(5.40922046699,152.));
#9562 = CARTESIAN_POINT('',(5.409221207765,152.04037784963));
#9563 = CARTESIAN_POINT('',(5.408932426095,152.1211343536));
#9564 = CARTESIAN_POINT('',(5.407639583935,152.24195732211));
#9565 = CARTESIAN_POINT('',(5.405495001103,152.3621528105));
#9566 = CARTESIAN_POINT('',(5.402517775149,152.48141034511));
#9567 = CARTESIAN_POINT('',(5.39873256864,152.59944042332));
#9568 = CARTESIAN_POINT('',(5.39416928054,152.71598235661));
#9569 = CARTESIAN_POINT('',(5.38886130862,152.83080965058));
#9570 = CARTESIAN_POINT('',(5.382844260073,152.94373227231));
#9571 = CARTESIAN_POINT('',(5.376154667885,153.05459670332));
#9572 = CARTESIAN_POINT('',(5.368828876418,153.16328418427));
#9573 = CARTESIAN_POINT('',(5.360902087429,153.2697076211));
#9574 = CARTESIAN_POINT('',(5.352407593841,153.37380754319));
#9575 = CARTESIAN_POINT('',(5.343376208496,153.47554747004));
#9576 = CARTESIAN_POINT('',(5.333835889427,153.57490900108));
#9577 = CARTESIAN_POINT('',(5.323811552893,153.67188690669));
#9578 = CARTESIAN_POINT('',(5.313325055744,153.76648446319));
#9579 = CARTESIAN_POINT('',(5.302395318044,153.85870923996));
#9580 = CARTESIAN_POINT('',(5.291038546611,153.94856951171));
#9581 = CARTESIAN_POINT('',(5.279268507423,154.03607144061));
#9582 = CARTESIAN_POINT('',(5.267096790361,154.12121711629));
#9583 = CARTESIAN_POINT('',(5.254532974772,154.20400359182));
#9584 = CARTESIAN_POINT('',(5.241584684002,154.28442270402));
#9585 = CARTESIAN_POINT('',(5.228257170995,154.36246260638));
#9586 = CARTESIAN_POINT('',(5.214553322715,154.43810752027));
#9587 = CARTESIAN_POINT('',(5.200470280782,154.51134854534));
#9588 = CARTESIAN_POINT('',(5.186011024749,154.58212840293));
#9589 = CARTESIAN_POINT('',(5.171177079547,154.65038899904));
#9590 = CARTESIAN_POINT('',(5.155965827272,154.71606571175));
#9591 = CARTESIAN_POINT('',(5.140373968272,154.77908048612));
#9592 = CARTESIAN_POINT('',(5.124398577801,154.83933850937));
#9593 = CARTESIAN_POINT('',(5.108037983443,154.89672617552));
#9594 = CARTESIAN_POINT('',(5.091291738201,154.95111125177));
#9595 = CARTESIAN_POINT('',(5.074160260956,155.00234409883));
#9596 = CARTESIAN_POINT('',(5.056642502463,155.05026381162));
#9597 = CARTESIAN_POINT('',(5.038737583384,155.09469512242));
#9598 = CARTESIAN_POINT('',(5.020428250171,155.13548895783));
#9599 = CARTESIAN_POINT('',(5.001711617344,155.17242774565));
#9600 = CARTESIAN_POINT('',(4.982627744791,155.20521231575));
#9601 = CARTESIAN_POINT('',(4.963206997945,155.23358113168));
#9602 = CARTESIAN_POINT('',(4.943482795568,155.2572819762));
#9603 = CARTESIAN_POINT('',(4.923488285764,155.27607986287));
#9604 = CARTESIAN_POINT('',(4.90325734762,155.28975589626));
#9605 = CARTESIAN_POINT('',(4.88282432442,155.29810600821));
#9606 = CARTESIAN_POINT('',(4.869091083299,155.30000140978));
#9607 = CARTESIAN_POINT('',(4.862202487741,155.3));
#9608 = ( GEOMETRIC_REPRESENTATION_CONTEXT(2) 
PARAMETRIC_REPRESENTATION_CONTEXT() REPRESENTATION_CONTEXT('2D SPACE',''
  ) );
#9609 = ADVANCED_FACE('',(#9610),#5303,.T.);
#9610 = FACE_BOUND('',#9611,.T.);
#9611 = EDGE_LOOP('',(#9612,#9635,#9636,#9637));
#9612 = ORIENTED_EDGE('',*,*,#9613,.T.);
#9613 = EDGE_CURVE('',#9614,#9482,#9616,.T.);
#9614 = VERTEX_POINT('',#9615);
#9615 = CARTESIAN_POINT('',(93.492537313433,1.631843101453,6.));
#9616 = SURFACE_CURVE('',#9617,(#9621,#9628),.PCURVE_S1.);
#9617 = LINE('',#9618,#9619);
#9618 = CARTESIAN_POINT('',(93.492537313433,1.631843101453,6.));
#9619 = VECTOR('',#9620,1.);
#9620 = DIRECTION('',(0.,0.,1.));
#9621 = PCURVE('',#5303,#9622);
#9622 = DEFINITIONAL_REPRESENTATION('',(#9623),#9627);
#9623 = LINE('',#9624,#9625);
#9624 = CARTESIAN_POINT('',(6.28318530718,0.));
#9625 = VECTOR('',#9626,1.);
#9626 = DIRECTION('',(-0.,1.));
#9627 = ( GEOMETRIC_REPRESENTATION_CONTEXT(2) 
PARAMETRIC_REPRESENTATION_CONTEXT() REPRESENTATION_CONTEXT('2D SPACE',''
  ) );
#9628 = PCURVE('',#6564,#9629);
#9629 = DEFINITIONAL_REPRESENTATION('',(#9630),#9634);
#9630 = LINE('',#9631,#9632);
#9631 = CARTESIAN_POINT('',(5.409220466991,6.));
#9632 = VECTOR('',#9633,1.);
#9633 = DIRECTION('',(-0.,1.));
#9634 = ( GEOMETRIC_REPRESENTATION_CONTEXT(2) 
PARAMETRIC_REPRESENTATION_CONTEXT() REPRESENTATION_CONTEXT('2D SPACE',''
  ) );
#9635 = ORIENTED_EDGE('',*,*,#9481,.T.);
#9636 = ORIENTED_EDGE('',*,*,#5287,.F.);
#9637 = ORIENTED_EDGE('',*,*,#9638,.F.);
#9638 = EDGE_CURVE('',#9614,#5288,#9639,.T.);
#9639 = SURFACE_CURVE('',#9640,(#9648,#9660),.PCURVE_S1.);
#9640 = ( BOUNDED_CURVE() B_SPLINE_CURVE(6,(#9641,#9642,#9643,#9644,
#9645,#9646,#9647),.UNSPECIFIED.,.F.,.F.) B_SPLINE_CURVE_WITH_KNOTS((7,7
),(0.,4.832585329074),.PIECEWISE_BEZIER_KNOTS.) CURVE() 
GEOMETRIC_REPRESENTATION_ITEM() RATIONAL_B_SPLINE_CURVE((1.066705203297,
    1.020249745885,0.995713300237,0.987609681784,0.995713300237,
1.020249745885,1.066705203297)) REPRESENTATION_ITEM('') );
#9641 = CARTESIAN_POINT('',(93.492537313433,1.631843101453,6.));
#9642 = CARTESIAN_POINT('',(93.401632015484,1.555765697097,6.));
#9643 = CARTESIAN_POINT('',(93.280613976754,1.526314919407,6.));
#9644 = CARTESIAN_POINT('',(93.155758195827,1.55310371484,6.));
#9645 = CARTESIAN_POINT('',(93.055083094167,1.631660251788,6.));
#9646 = CARTESIAN_POINT('',(93.,1.743367757094,6.));
#9647 = CARTESIAN_POINT('',(93.,1.861906968534,6.));
#9648 = PCURVE('',#5303,#9649);
#9649 = DEFINITIONAL_REPRESENTATION('',(#9650),#9659);
#9650 = B_SPLINE_CURVE_WITH_KNOTS('',7,(#9651,#9652,#9653,#9654,#9655,
    #9656,#9657,#9658),.UNSPECIFIED.,.F.,.F.,(8,8),(0.,4.832585329074),
  .PIECEWISE_BEZIER_KNOTS.);
#9651 = CARTESIAN_POINT('',(6.28318530718,0.));
#9652 = CARTESIAN_POINT('',(5.959251652207,0.));
#9653 = CARTESIAN_POINT('',(5.635270386493,0.));
#9654 = CARTESIAN_POINT('',(5.311369356802,0.));
#9655 = CARTESIAN_POINT('',(4.987373444158,0.));
#9656 = CARTESIAN_POINT('',(4.663472414466,0.));
#9657 = CARTESIAN_POINT('',(4.339491148752,0.));
#9658 = CARTESIAN_POINT('',(4.015557493779,0.));
#9659 = ( GEOMETRIC_REPRESENTATION_CONTEXT(2) 
PARAMETRIC_REPRESENTATION_CONTEXT() REPRESENTATION_CONTEXT('2D SPACE',''
  ) );
#9660 = PCURVE('',#5422,#9661);
#9661 = DEFINITIONAL_REPRESENTATION('',(#9662),#9665);
#9662 = B_SPLINE_CURVE_WITH_KNOTS('',1,(#9663,#9664),.UNSPECIFIED.,.F.,
  .F.,(2,2),(0.,4.832585329074),.PIECEWISE_BEZIER_KNOTS.);
#9663 = CARTESIAN_POINT('',(0.,87.881281524942));
#9664 = CARTESIAN_POINT('',(4.832585329074,87.881281524942));
#9665 = ( GEOMETRIC_REPRESENTATION_CONTEXT(2) 
PARAMETRIC_REPRESENTATION_CONTEXT() REPRESENTATION_CONTEXT('2D SPACE',''
  ) );
#9666 = ADVANCED_FACE('',(#9667),#5422,.F.);
#9667 = FACE_BOUND('',#9668,.F.);
#9668 = EDGE_LOOP('',(#9669,#9670,#9671,#9672));
#9669 = ORIENTED_EDGE('',*,*,#9004,.T.);
#9670 = ORIENTED_EDGE('',*,*,#5341,.T.);
#9671 = ORIENTED_EDGE('',*,*,#9638,.F.);
#9672 = ORIENTED_EDGE('',*,*,#9673,.F.);
#9673 = EDGE_CURVE('',#8981,#9614,#9674,.T.);
#9674 = SURFACE_CURVE('',#9675,(#9702,#9709),.PCURVE_S1.);
#9675 = ( BOUNDED_CURVE() B_SPLINE_CURVE(9,(#9676,#9677,#9678,#9679,
    #9680,#9681,#9682,#9683,#9684,#9685,#9686,#9687,#9688,#9689,#9690,
    #9691,#9692,#9693,#9694,#9695,#9696,#9697,#9698,#9699,#9700,#9701),
.UNSPECIFIED.,.F.,.F.) B_SPLINE_CURVE_WITH_KNOTS((10,8,8,10),(
    83.048696195869,84.008511974067,85.204082802717,87.881281524942),
.UNSPECIFIED.) CURVE() GEOMETRIC_REPRESENTATION_ITEM() 
RATIONAL_B_SPLINE_CURVE((1.031393471788,1.031637401948,1.03195342184,
    1.032339307431,1.03279223961,1.033308804186,1.033884991892,
    1.034516198381,1.035197224226,1.036825416426,1.037797735611,
    1.038834672378,1.039928996088,1.041073391311,1.042261780581,
    1.043489384159,1.044751516811,1.048928887162,1.051958378008,
    1.055045142325,1.058167088508,1.061081124498,1.063793901962,
1.06573348299,1.066705203297,1.066705203297)) REPRESENTATION_ITEM('') );
#9676 = CARTESIAN_POINT('',(90.044776119403,7.840749102309E-02,2.7));
#9677 = CARTESIAN_POINT('',(90.183633907485,9.936730638256E-02,2.7));
#9678 = CARTESIAN_POINT('',(90.3210439096,0.123319434117,2.706019963258)
  );
#9679 = CARTESIAN_POINT('',(90.456616605627,0.150118540245,
    2.717846292236));
#9680 = CARTESIAN_POINT('',(90.589982231717,0.179588736016,
    2.735234294834));
#9681 = CARTESIAN_POINT('',(90.720791322783,0.211523903004,
    2.757908592557));
#9682 = CARTESIAN_POINT('',(90.848715193382,0.245688058115,
    2.785563589623));
#9683 = CARTESIAN_POINT('',(90.973446351861,0.281815750268,2.81786399315
    ));
#9684 = CARTESIAN_POINT('',(91.094698843754,0.319612479413,2.8544453734)
  );
#9685 = CARTESIAN_POINT('',(91.35835169157,0.407435634232,2.945245272784
    ));
#9686 = CARTESIAN_POINT('',(91.498900269168,0.458265932246,
    3.001643586704));
#9687 = CARTESIAN_POINT('',(91.634176320145,0.510964002085,
    3.063717825866));
#9688 = CARTESIAN_POINT('',(91.764166460568,0.565134964805,3.13099711207
    ));
#9689 = CARTESIAN_POINT('',(91.888823201421,0.620388733919,
    3.203059643485));
#9690 = CARTESIAN_POINT('',(92.008220264014,0.676400420092,
    3.279599855195));
#9691 = CARTESIAN_POINT('',(92.122564007886,0.732914271135,
    3.360435477765));
#9692 = CARTESIAN_POINT('',(92.23206313672,0.789692060175,3.445455579165
    ));
#9693 = CARTESIAN_POINT('',(92.56994334864,0.972900628947,3.733134997569
    ));
#9694 = CARTESIAN_POINT('',(92.779069984415,1.099194130491,
    3.952056927623));
#9695 = CARTESIAN_POINT('',(92.964270664401,1.221653833114,
    4.188756300565));
#9696 = CARTESIAN_POINT('',(93.127966994001,1.339033897995,4.44800783232
    ));
#9697 = CARTESIAN_POINT('',(93.264751346151,1.443605841722,
    4.722844752679));
#9698 = CARTESIAN_POINT('',(93.377427347604,1.535495127942,
    5.022958413718));
#9699 = CARTESIAN_POINT('',(93.454218527417,1.599777966957,
    5.343281405348));
#9700 = CARTESIAN_POINT('',(93.492537313433,1.631843101453,
    5.671918445329));
#9701 = CARTESIAN_POINT('',(93.492537313433,1.631843101453,6.));
#9702 = PCURVE('',#5422,#9703);
#9703 = DEFINITIONAL_REPRESENTATION('',(#9704),#9708);
#9704 = LINE('',#9705,#9706);
#9705 = CARTESIAN_POINT('',(0.,0.));
#9706 = VECTOR('',#9707,1.);
#9707 = DIRECTION('',(0.,1.));
#9708 = ( GEOMETRIC_REPRESENTATION_CONTEXT(2) 
PARAMETRIC_REPRESENTATION_CONTEXT() REPRESENTATION_CONTEXT('2D SPACE',''
  ) );
#9709 = PCURVE('',#6564,#9710);
#9710 = DEFINITIONAL_REPRESENTATION('',(#9711),#9759);
#9711 = B_SPLINE_CURVE_WITH_KNOTS('',3,(#9712,#9713,#9714,#9715,#9716,
    #9717,#9718,#9719,#9720,#9721,#9722,#9723,#9724,#9725,#9726,#9727,
    #9728,#9729,#9730,#9731,#9732,#9733,#9734,#9735,#9736,#9737,#9738,
    #9739,#9740,#9741,#9742,#9743,#9744,#9745,#9746,#9747,#9748,#9749,
    #9750,#9751,#9752,#9753,#9754,#9755,#9756,#9757,#9758),
  .UNSPECIFIED.,.F.,.F.,(4,1,1,1,1,1,1,1,1,1,1,1,1,1,1,1,1,1,1,1,1,1,1,1
    ,1,1,1,1,1,1,1,1,1,1,1,1,1,1,1,1,1,1,1,1,4),(83.048696195869,
    83.158527680621,83.268359165372,83.378190650124,83.488022134876,
    83.597853619627,83.707685104379,83.817516589131,83.927348073882,
    84.037179558634,84.147011043386,84.256842528137,84.366674012889,
    84.476505497641,84.586336982392,84.696168467144,84.805999951896,
    84.915831436647,85.025662921399,85.135494406151,85.245325890902,
    85.355157375654,85.464988860405,85.574820345157,85.684651829909,
    85.79448331466,85.904314799412,86.014146284164,86.123977768915,
    86.233809253667,86.343640738419,86.45347222317,86.563303707922,
    86.673135192674,86.782966677425,86.892798162177,87.002629646929,
    87.11246113168,87.222292616432,87.332124101184,87.441955585935,
    87.551787070687,87.661618555439,87.77145004019,87.881281524942),
  .UNSPECIFIED.);
#9712 = CARTESIAN_POINT('',(4.862202487741,2.7));
#9713 = CARTESIAN_POINT('',(4.869091083297,2.69999859021));
#9714 = CARTESIAN_POINT('',(4.882824324418,2.701893991793));
#9715 = CARTESIAN_POINT('',(4.903257347602,2.7102441037));
#9716 = CARTESIAN_POINT('',(4.923488285797,2.72392013724));
#9717 = CARTESIAN_POINT('',(4.943482795406,2.742718023338));
#9718 = CARTESIAN_POINT('',(4.963206998498,2.766418869957));
#9719 = CARTESIAN_POINT('',(4.98262774266,2.794787677997));
#9720 = CARTESIAN_POINT('',(5.00171162521,2.827572277472));
#9721 = CARTESIAN_POINT('',(5.02042822071,2.86451095562));
#9722 = CARTESIAN_POINT('',(5.038737693216,2.90530520028));
#9723 = CARTESIAN_POINT('',(5.056641808763,2.949734151886));
#9724 = CARTESIAN_POINT('',(5.074159075718,2.997652404611));
#9725 = CARTESIAN_POINT('',(5.091290646293,3.048885501356));
#9726 = CARTESIAN_POINT('',(5.108037370049,3.103271962987));
#9727 = CARTESIAN_POINT('',(5.124398473273,3.160661111876));
#9728 = CARTESIAN_POINT('',(5.140374129021,3.220919907348));
#9729 = CARTESIAN_POINT('',(5.155965933912,3.283934503183));
#9730 = CARTESIAN_POINT('',(5.171176972848,3.349610608657));
#9731 = CARTESIAN_POINT('',(5.186010786357,3.41787079431));
#9732 = CARTESIAN_POINT('',(5.200470391933,3.488652304663));
#9733 = CARTESIAN_POINT('',(5.214553557462,3.561893222045));
#9734 = CARTESIAN_POINT('',(5.22826136548,3.637566382961));
#9735 = CARTESIAN_POINT('',(5.241590755978,3.715619720024));
#9736 = CARTESIAN_POINT('',(5.254538622995,3.796035518024));
#9737 = CARTESIAN_POINT('',(5.267100608025,3.878808237354));
#9738 = CARTESIAN_POINT('',(5.279270322651,3.963938877346));
#9739 = CARTESIAN_POINT('',(5.291038995199,4.051430787172));
#9740 = CARTESIAN_POINT('',(5.302395309784,4.141288481188));
#9741 = CARTESIAN_POINT('',(5.313325336931,4.233517146411));
#9742 = CARTESIAN_POINT('',(5.323812481487,4.328122094367));
#9743 = CARTESIAN_POINT('',(5.33383741875,4.425107454289));
#9744 = CARTESIAN_POINT('',(5.343378020328,4.524473793663));
#9745 = CARTESIAN_POINT('',(5.352409295808,4.62621458687));
#9746 = CARTESIAN_POINT('',(5.360903392591,4.730311668299));
#9747 = CARTESIAN_POINT('',(5.368829704899,4.836729968289));
#9748 = CARTESIAN_POINT('',(5.376155144001,4.945411950054));
#9749 = CARTESIAN_POINT('',(5.382844615709,5.056272243033));
#9750 = CARTESIAN_POINT('',(5.388861737254,5.169193005542));
#9751 = CARTESIAN_POINT('',(5.394169808255,5.284020551967));
#9752 = CARTESIAN_POINT('',(5.398733014131,5.400563742367));
#9753 = CARTESIAN_POINT('',(5.402517843004,5.518594587573));
#9754 = CARTESIAN_POINT('',(5.405494522377,5.637851364337));
#9755 = CARTESIAN_POINT('',(5.407638735985,5.758044673062));
#9756 = CARTESIAN_POINT('',(5.408931952827,5.87886578347));
#9757 = CARTESIAN_POINT('',(5.409221067335,5.959621917892));
#9758 = CARTESIAN_POINT('',(5.40922046699,6.));
#9759 = ( GEOMETRIC_REPRESENTATION_CONTEXT(2) 
PARAMETRIC_REPRESENTATION_CONTEXT() REPRESENTATION_CONTEXT('2D SPACE',''
  ) );
#9760 = ADVANCED_FACE('',(#9761),#5833,.F.);
#9761 = FACE_BOUND('',#9762,.F.);
#9762 = EDGE_LOOP('',(#9763,#9820,#9856,#9877,#9878,#9879,#9901,#9902,
    #9903));
#9763 = ORIENTED_EDGE('',*,*,#9764,.T.);
#9764 = EDGE_CURVE('',#9765,#9767,#9769,.T.);
#9765 = VERTEX_POINT('',#9766);
#9766 = CARTESIAN_POINT('',(110.,96.,81.));
#9767 = VERTEX_POINT('',#9768);
#9768 = CARTESIAN_POINT('',(110.,88.,81.));
#9769 = SURFACE_CURVE('',#9770,(#9775,#9795),.PCURVE_S1.);
#9770 = ELLIPSE('',#9771,5.656854249492,4.);
#9771 = AXIS2_PLACEMENT_3D('',#9772,#9773,#9774);
#9772 = CARTESIAN_POINT('',(110.,92.,81.));
#9773 = DIRECTION('',(-0.707106781187,0.,0.707106781187));
#9774 = DIRECTION('',(0.707106781187,0.,0.707106781187));
#9775 = PCURVE('',#5833,#9776);
#9776 = DEFINITIONAL_REPRESENTATION('',(#9777),#9794);
#9777 = B_SPLINE_CURVE_WITH_KNOTS('',8,(#9778,#9779,#9780,#9781,#9782,
    #9783,#9784,#9785,#9786,#9787,#9788,#9789,#9790,#9791,#9792,#9793),
  .UNSPECIFIED.,.F.,.F.,(9,7,9),(1.570796251795,3.14159265359,
    4.712389055385),.UNSPECIFIED.);
#9778 = CARTESIAN_POINT('',(4.712389055385,21.0000003));
#9779 = CARTESIAN_POINT('',(4.51603950516,20.214602099103));
#9780 = CARTESIAN_POINT('',(4.319689954936,19.429203698521));
#9781 = CARTESIAN_POINT('',(4.123340404691,18.689947109568));
#9782 = CARTESIAN_POINT('',(3.926990854496,18.042965095912));
#9783 = CARTESIAN_POINT('',(3.730641304253,17.528727865058));
#9784 = CARTESIAN_POINT('',(3.534291754036,17.176243120779));
#9785 = CARTESIAN_POINT('',(3.337942203814,17.));
#9786 = CARTESIAN_POINT('',(2.945243103365,17.));
#9787 = CARTESIAN_POINT('',(2.748893553141,17.17624312077));
#9788 = CARTESIAN_POINT('',(2.552544002911,17.528727865065));
#9789 = CARTESIAN_POINT('',(2.356194452694,18.042965095869));
#9790 = CARTESIAN_POINT('',(2.159844902465,18.689947109553));
#9791 = CARTESIAN_POINT('',(1.963495352243,19.429203698513));
#9792 = CARTESIAN_POINT('',(1.767145802019,20.214602099103));
#9793 = CARTESIAN_POINT('',(1.570796251795,21.0000003));
#9794 = ( GEOMETRIC_REPRESENTATION_CONTEXT(2) 
PARAMETRIC_REPRESENTATION_CONTEXT() REPRESENTATION_CONTEXT('2D SPACE',''
  ) );
#9795 = PCURVE('',#9796,#9801);
#9796 = CYLINDRICAL_SURFACE('',#9797,4.);
#9797 = AXIS2_PLACEMENT_3D('',#9798,#9799,#9800);
#9798 = CARTESIAN_POINT('',(110.,92.,18.));
#9799 = DIRECTION('',(0.,0.,1.));
#9800 = DIRECTION('',(1.,0.,-0.));
#9801 = DEFINITIONAL_REPRESENTATION('',(#9802),#9819);
#9802 = B_SPLINE_CURVE_WITH_KNOTS('',8,(#9803,#9804,#9805,#9806,#9807,
    #9808,#9809,#9810,#9811,#9812,#9813,#9814,#9815,#9816,#9817,#9818),
  .UNSPECIFIED.,.F.,.F.,(9,7,9),(1.570796251795,3.14159265359,
    4.712389055385),.UNSPECIFIED.);
#9803 = CARTESIAN_POINT('',(1.570796251795,63.0000003));
#9804 = CARTESIAN_POINT('',(1.767145802019,62.214602099103));
#9805 = CARTESIAN_POINT('',(1.963495352239,61.429203698513));
#9806 = CARTESIAN_POINT('',(2.159844902475,60.689947109378));
#9807 = CARTESIAN_POINT('',(2.356194452677,60.042965096014));
#9808 = CARTESIAN_POINT('',(2.552544002925,59.528727865079));
#9809 = CARTESIAN_POINT('',(2.748893553138,59.176243120761));
#9810 = CARTESIAN_POINT('',(2.945243103365,59.));
#9811 = CARTESIAN_POINT('',(3.337942203814,59.));
#9812 = CARTESIAN_POINT('',(3.534291754036,59.17624312079));
#9813 = CARTESIAN_POINT('',(3.730641304257,59.528727865079));
#9814 = CARTESIAN_POINT('',(3.926990854481,60.042965095956));
#9815 = CARTESIAN_POINT('',(4.123340404694,60.689947109349));
#9816 = CARTESIAN_POINT('',(4.319689954935,61.429203698513));
#9817 = CARTESIAN_POINT('',(4.51603950516,62.214602099103));
#9818 = CARTESIAN_POINT('',(4.712389055385,63.0000003));
#9819 = ( GEOMETRIC_REPRESENTATION_CONTEXT(2) 
PARAMETRIC_REPRESENTATION_CONTEXT() REPRESENTATION_CONTEXT('2D SPACE',''
  ) );
#9820 = ORIENTED_EDGE('',*,*,#9821,.F.);
#9821 = EDGE_CURVE('',#9822,#9767,#9824,.T.);
#9822 = VERTEX_POINT('',#9823);
#9823 = CARTESIAN_POINT('',(106.,92.,85.));
#9824 = SURFACE_CURVE('',#9825,(#9830,#9843),.PCURVE_S1.);
#9825 = ELLIPSE('',#9826,5.656854249492,4.);
#9826 = AXIS2_PLACEMENT_3D('',#9827,#9828,#9829);
#9827 = CARTESIAN_POINT('',(110.,92.,81.));
#9828 = DIRECTION('',(0.707106781187,0.,0.707106781187));
#9829 = DIRECTION('',(-0.707106781187,0.,0.707106781187));
#9830 = PCURVE('',#5833,#9831);
#9831 = DEFINITIONAL_REPRESENTATION('',(#9832),#9842);
#9832 = B_SPLINE_CURVE_WITH_KNOTS('',8,(#9833,#9834,#9835,#9836,#9837,
    #9838,#9839,#9840,#9841),.UNSPECIFIED.,.F.,.F.,(9,9),(0.,
    1.570796401795),.PIECEWISE_BEZIER_KNOTS.);
#9833 = CARTESIAN_POINT('',(0.,17.));
#9834 = CARTESIAN_POINT('',(0.196349550224,17.));
#9835 = CARTESIAN_POINT('',(0.392699100448,17.17624312077));
#9836 = CARTESIAN_POINT('',(0.589048650672,17.528727865065));
#9837 = CARTESIAN_POINT('',(0.785398200895,18.042965095869));
#9838 = CARTESIAN_POINT('',(0.981747751121,18.689947109553));
#9839 = CARTESIAN_POINT('',(1.178097301346,19.429203698513));
#9840 = CARTESIAN_POINT('',(1.374446851571,20.214602099103));
#9841 = CARTESIAN_POINT('',(1.570796401795,21.0000003));
#9842 = ( GEOMETRIC_REPRESENTATION_CONTEXT(2) 
PARAMETRIC_REPRESENTATION_CONTEXT() REPRESENTATION_CONTEXT('2D SPACE',''
  ) );
#9843 = PCURVE('',#9796,#9844);
#9844 = DEFINITIONAL_REPRESENTATION('',(#9845),#9855);
#9845 = B_SPLINE_CURVE_WITH_KNOTS('',8,(#9846,#9847,#9848,#9849,#9850,
    #9851,#9852,#9853,#9854),.UNSPECIFIED.,.F.,.F.,(9,9),(0.,
    1.570796401795),.PIECEWISE_BEZIER_KNOTS.);
#9846 = CARTESIAN_POINT('',(3.14159265359,67.));
#9847 = CARTESIAN_POINT('',(3.337942203814,67.));
#9848 = CARTESIAN_POINT('',(3.534291754036,66.823756879101));
#9849 = CARTESIAN_POINT('',(3.730641304257,66.471272135037));
#9850 = CARTESIAN_POINT('',(3.926990854481,65.95703490352));
#9851 = CARTESIAN_POINT('',(4.123340404694,65.310052890563));
#9852 = CARTESIAN_POINT('',(4.319689954935,64.570796301341));
#9853 = CARTESIAN_POINT('',(4.51603950516,63.785397900897));
#9854 = CARTESIAN_POINT('',(4.712389055385,62.9999997));
#9855 = ( GEOMETRIC_REPRESENTATION_CONTEXT(2) 
PARAMETRIC_REPRESENTATION_CONTEXT() REPRESENTATION_CONTEXT('2D SPACE',''
  ) );
#9856 = ORIENTED_EDGE('',*,*,#9857,.F.);
#9857 = EDGE_CURVE('',#5815,#9822,#9858,.T.);
#9858 = SEAM_CURVE('',#9859,(#9863,#9870),.PCURVE_S1.);
#9859 = LINE('',#9860,#9861);
#9860 = CARTESIAN_POINT('',(89.,92.,85.));
#9861 = VECTOR('',#9862,1.);
#9862 = DIRECTION('',(1.,0.,0.));
#9863 = PCURVE('',#5833,#9864);
#9864 = DEFINITIONAL_REPRESENTATION('',(#9865),#9869);
#9865 = LINE('',#9866,#9867);
#9866 = CARTESIAN_POINT('',(0.,-0.));
#9867 = VECTOR('',#9868,1.);
#9868 = DIRECTION('',(0.,1.));
#9869 = ( GEOMETRIC_REPRESENTATION_CONTEXT(2) 
PARAMETRIC_REPRESENTATION_CONTEXT() REPRESENTATION_CONTEXT('2D SPACE',''
  ) );
#9870 = PCURVE('',#5833,#9871);
#9871 = DEFINITIONAL_REPRESENTATION('',(#9872),#9876);
#9872 = LINE('',#9873,#9874);
#9873 = CARTESIAN_POINT('',(6.28318530718,-0.));
#9874 = VECTOR('',#9875,1.);
#9875 = DIRECTION('',(0.,1.));
#9876 = ( GEOMETRIC_REPRESENTATION_CONTEXT(2) 
PARAMETRIC_REPRESENTATION_CONTEXT() REPRESENTATION_CONTEXT('2D SPACE',''
  ) );
#9877 = ORIENTED_EDGE('',*,*,#5814,.T.);
#9878 = ORIENTED_EDGE('',*,*,#7622,.T.);
#9879 = ORIENTED_EDGE('',*,*,#9880,.T.);
#9880 = EDGE_CURVE('',#7596,#7540,#9881,.T.);
#9881 = SURFACE_CURVE('',#9882,(#9887,#9894),.PCURVE_S1.);
#9882 = CIRCLE('',#9883,4.);
#9883 = AXIS2_PLACEMENT_3D('',#9884,#9885,#9886);
#9884 = CARTESIAN_POINT('',(89.,92.,81.));
#9885 = DIRECTION('',(1.,0.,0.));
#9886 = DIRECTION('',(-0.,0.,1.));
#9887 = PCURVE('',#5833,#9888);
#9888 = DEFINITIONAL_REPRESENTATION('',(#9889),#9893);
#9889 = LINE('',#9890,#9891);
#9890 = CARTESIAN_POINT('',(0.,0.));
#9891 = VECTOR('',#9892,1.);
#9892 = DIRECTION('',(1.,0.));
#9893 = ( GEOMETRIC_REPRESENTATION_CONTEXT(2) 
PARAMETRIC_REPRESENTATION_CONTEXT() REPRESENTATION_CONTEXT('2D SPACE',''
  ) );
#9894 = PCURVE('',#7610,#9895);
#9895 = DEFINITIONAL_REPRESENTATION('',(#9896),#9900);
#9896 = CIRCLE('',#9897,4.);
#9897 = AXIS2_PLACEMENT_2D('',#9898,#9899);
#9898 = CARTESIAN_POINT('',(0.,0.));
#9899 = DIRECTION('',(1.,0.));
#9900 = ( GEOMETRIC_REPRESENTATION_CONTEXT(2) 
PARAMETRIC_REPRESENTATION_CONTEXT() REPRESENTATION_CONTEXT('2D SPACE',''
  ) );
#9901 = ORIENTED_EDGE('',*,*,#7539,.T.);
#9902 = ORIENTED_EDGE('',*,*,#9857,.T.);
#9903 = ORIENTED_EDGE('',*,*,#9904,.F.);
#9904 = EDGE_CURVE('',#9765,#9822,#9905,.T.);
#9905 = SURFACE_CURVE('',#9906,(#9911,#9924),.PCURVE_S1.);
#9906 = ELLIPSE('',#9907,5.656854249492,4.);
#9907 = AXIS2_PLACEMENT_3D('',#9908,#9909,#9910);
#9908 = CARTESIAN_POINT('',(110.,92.,81.));
#9909 = DIRECTION('',(0.707106781187,0.,0.707106781187));
#9910 = DIRECTION('',(-0.707106781187,0.,0.707106781187));
#9911 = PCURVE('',#5833,#9912);
#9912 = DEFINITIONAL_REPRESENTATION('',(#9913),#9923);
#9913 = B_SPLINE_CURVE_WITH_KNOTS('',8,(#9914,#9915,#9916,#9917,#9918,
    #9919,#9920,#9921,#9922),.UNSPECIFIED.,.F.,.F.,(9,9),(4.712388905385
    ,6.28318530718),.PIECEWISE_BEZIER_KNOTS.);
#9914 = CARTESIAN_POINT('',(4.712388905385,21.0000003));
#9915 = CARTESIAN_POINT('',(4.908738455609,20.214602099103));
#9916 = CARTESIAN_POINT('',(5.105088005834,19.429203698521));
#9917 = CARTESIAN_POINT('',(5.301437556061,18.689947109568));
#9918 = CARTESIAN_POINT('',(5.49778710628,18.042965095912));
#9919 = CARTESIAN_POINT('',(5.69413665651,17.528727865058));
#9920 = CARTESIAN_POINT('',(5.890486206731,17.176243120779));
#9921 = CARTESIAN_POINT('',(6.086835756955,17.));
#9922 = CARTESIAN_POINT('',(6.28318530718,17.));
#9923 = ( GEOMETRIC_REPRESENTATION_CONTEXT(2) 
PARAMETRIC_REPRESENTATION_CONTEXT() REPRESENTATION_CONTEXT('2D SPACE',''
  ) );
#9924 = PCURVE('',#9796,#9925);
#9925 = DEFINITIONAL_REPRESENTATION('',(#9926),#9936);
#9926 = B_SPLINE_CURVE_WITH_KNOTS('',8,(#9927,#9928,#9929,#9930,#9931,
    #9932,#9933,#9934,#9935),.UNSPECIFIED.,.F.,.F.,(9,9),(4.712388905385
    ,6.28318530718),.PIECEWISE_BEZIER_KNOTS.);
#9927 = CARTESIAN_POINT('',(1.570796251795,62.9999997));
#9928 = CARTESIAN_POINT('',(1.767145802019,63.785397900897));
#9929 = CARTESIAN_POINT('',(1.963495352239,64.570796301494));
#9930 = CARTESIAN_POINT('',(2.159844902475,65.31005289036));
#9931 = CARTESIAN_POINT('',(2.356194452677,65.957034904044));
#9932 = CARTESIAN_POINT('',(2.552544002925,66.471272134804));
#9933 = CARTESIAN_POINT('',(2.748893553138,66.823756879247));
#9934 = CARTESIAN_POINT('',(2.945243103365,67.));
#9935 = CARTESIAN_POINT('',(3.14159265359,67.));
#9936 = ( GEOMETRIC_REPRESENTATION_CONTEXT(2) 
PARAMETRIC_REPRESENTATION_CONTEXT() REPRESENTATION_CONTEXT('2D SPACE',''
  ) );
#9937 = ADVANCED_FACE('',(#9938),#6023,.F.);
#9938 = FACE_BOUND('',#9939,.F.);
#9939 = EDGE_LOOP('',(#9940,#9964,#9985,#9986));
#9940 = ORIENTED_EDGE('',*,*,#9941,.F.);
#9941 = EDGE_CURVE('',#9942,#9942,#9944,.T.);
#9942 = VERTEX_POINT('',#9943);
#9943 = CARTESIAN_POINT('',(96.,65.,68.));
#9944 = SURFACE_CURVE('',#9945,(#9950,#9957),.PCURVE_S1.);
#9945 = CIRCLE('',#9946,4.);
#9946 = AXIS2_PLACEMENT_3D('',#9947,#9948,#9949);
#9947 = CARTESIAN_POINT('',(96.,65.,64.));
#9948 = DIRECTION('',(1.,0.,0.));
#9949 = DIRECTION('',(-0.,0.,1.));
#9950 = PCURVE('',#6023,#9951);
#9951 = DEFINITIONAL_REPRESENTATION('',(#9952),#9956);
#9952 = LINE('',#9953,#9954);
#9953 = CARTESIAN_POINT('',(0.,7.));
#9954 = VECTOR('',#9955,1.);
#9955 = DIRECTION('',(1.,0.));
#9956 = ( GEOMETRIC_REPRESENTATION_CONTEXT(2) 
PARAMETRIC_REPRESENTATION_CONTEXT() REPRESENTATION_CONTEXT('2D SPACE',''
  ) );
#9957 = PCURVE('',#6597,#9958);
#9958 = DEFINITIONAL_REPRESENTATION('',(#9959),#9963);
#9959 = CIRCLE('',#9960,4.);
#9960 = AXIS2_PLACEMENT_2D('',#9961,#9962);
#9961 = CARTESIAN_POINT('',(64.,-65.));
#9962 = DIRECTION('',(1.,0.));
#9963 = ( GEOMETRIC_REPRESENTATION_CONTEXT(2) 
PARAMETRIC_REPRESENTATION_CONTEXT() REPRESENTATION_CONTEXT('2D SPACE',''
  ) );
#9964 = ORIENTED_EDGE('',*,*,#9965,.F.);
#9965 = EDGE_CURVE('',#6007,#9942,#9966,.T.);
#9966 = SEAM_CURVE('',#9967,(#9971,#9978),.PCURVE_S1.);
#9967 = LINE('',#9968,#9969);
#9968 = CARTESIAN_POINT('',(89.,65.,68.));
#9969 = VECTOR('',#9970,1.);
#9970 = DIRECTION('',(1.,0.,0.));
#9971 = PCURVE('',#6023,#9972);
#9972 = DEFINITIONAL_REPRESENTATION('',(#9973),#9977);
#9973 = LINE('',#9974,#9975);
#9974 = CARTESIAN_POINT('',(0.,-0.));
#9975 = VECTOR('',#9976,1.);
#9976 = DIRECTION('',(0.,1.));
#9977 = ( GEOMETRIC_REPRESENTATION_CONTEXT(2) 
PARAMETRIC_REPRESENTATION_CONTEXT() REPRESENTATION_CONTEXT('2D SPACE',''
  ) );
#9978 = PCURVE('',#6023,#9979);
#9979 = DEFINITIONAL_REPRESENTATION('',(#9980),#9984);
#9980 = LINE('',#9981,#9982);
#9981 = CARTESIAN_POINT('',(6.28318530718,-0.));
#9982 = VECTOR('',#9983,1.);
#9983 = DIRECTION('',(0.,1.));
#9984 = ( GEOMETRIC_REPRESENTATION_CONTEXT(2) 
PARAMETRIC_REPRESENTATION_CONTEXT() REPRESENTATION_CONTEXT('2D SPACE',''
  ) );
#9985 = ORIENTED_EDGE('',*,*,#6006,.T.);
#9986 = ORIENTED_EDGE('',*,*,#9965,.T.);
#9987 = ADVANCED_FACE('',(#9988),#6393,.T.);
#9988 = FACE_BOUND('',#9989,.T.);
#9989 = EDGE_LOOP('',(#9990,#10013,#10014,#10015,#10016,#10017,#10018,
    #10039,#10040,#10041));
#9990 = ORIENTED_EDGE('',*,*,#9991,.T.);
#9991 = EDGE_CURVE('',#9992,#8879,#9994,.T.);
#9992 = VERTEX_POINT('',#9993);
#9993 = CARTESIAN_POINT('',(7.,-1.110223024625E-16,0.5));
#9994 = SURFACE_CURVE('',#9995,(#9999,#10006),.PCURVE_S1.);
#9995 = LINE('',#9996,#9997);
#9996 = CARTESIAN_POINT('',(7.,-8.881784197001E-16,0.));
#9997 = VECTOR('',#9998,1.);
#9998 = DIRECTION('',(0.,0.,1.));
#9999 = PCURVE('',#6393,#10000);
#10000 = DEFINITIONAL_REPRESENTATION('',(#10001),#10005);
#10001 = LINE('',#10002,#10003);
#10002 = CARTESIAN_POINT('',(1.570796326795,0.));
#10003 = VECTOR('',#10004,1.);
#10004 = DIRECTION('',(0.,1.));
#10005 = ( GEOMETRIC_REPRESENTATION_CONTEXT(2) 
PARAMETRIC_REPRESENTATION_CONTEXT() REPRESENTATION_CONTEXT('2D SPACE',''
  ) );
#10006 = PCURVE('',#8942,#10007);
#10007 = DEFINITIONAL_REPRESENTATION('',(#10008),#10012);
#10008 = LINE('',#10009,#10010);
#10009 = CARTESIAN_POINT('',(0.,7.));
#10010 = VECTOR('',#10011,1.);
#10011 = DIRECTION('',(1.,0.));
#10012 = ( GEOMETRIC_REPRESENTATION_CONTEXT(2) 
PARAMETRIC_REPRESENTATION_CONTEXT() REPRESENTATION_CONTEXT('2D SPACE',''
  ) );
#10013 = ORIENTED_EDGE('',*,*,#8878,.F.);
#10014 = ORIENTED_EDGE('',*,*,#9072,.F.);
#10015 = ORIENTED_EDGE('',*,*,#9160,.F.);
#10016 = ORIENTED_EDGE('',*,*,#9241,.F.);
#10017 = ORIENTED_EDGE('',*,*,#9354,.F.);
#10018 = ORIENTED_EDGE('',*,*,#10019,.T.);
#10019 = EDGE_CURVE('',#9333,#6813,#10020,.T.);
#10020 = SURFACE_CURVE('',#10021,(#10025,#10032),.PCURVE_S1.);
#10021 = LINE('',#10022,#10023);
#10022 = CARTESIAN_POINT('',(7.,-8.881784197001E-16,0.));
#10023 = VECTOR('',#10024,1.);
#10024 = DIRECTION('',(0.,0.,1.));
#10025 = PCURVE('',#6393,#10026);
#10026 = DEFINITIONAL_REPRESENTATION('',(#10027),#10031);
#10027 = LINE('',#10028,#10029);
#10028 = CARTESIAN_POINT('',(1.570796326795,0.));
#10029 = VECTOR('',#10030,1.);
#10030 = DIRECTION('',(0.,1.));
#10031 = ( GEOMETRIC_REPRESENTATION_CONTEXT(2) 
PARAMETRIC_REPRESENTATION_CONTEXT() REPRESENTATION_CONTEXT('2D SPACE',''
  ) );
#10032 = PCURVE('',#6877,#10033);
#10033 = DEFINITIONAL_REPRESENTATION('',(#10034),#10038);
#10034 = LINE('',#10035,#10036);
#10035 = CARTESIAN_POINT('',(0.,7.));
#10036 = VECTOR('',#10037,1.);
#10037 = DIRECTION('',(1.,0.));
#10038 = ( GEOMETRIC_REPRESENTATION_CONTEXT(2) 
PARAMETRIC_REPRESENTATION_CONTEXT() REPRESENTATION_CONTEXT('2D SPACE',''
  ) );
#10039 = ORIENTED_EDGE('',*,*,#6836,.T.);
#10040 = ORIENTED_EDGE('',*,*,#6375,.F.);
#10041 = ORIENTED_EDGE('',*,*,#10042,.F.);
#10042 = EDGE_CURVE('',#9992,#6376,#10043,.T.);
#10043 = SURFACE_CURVE('',#10044,(#10049,#10056),.PCURVE_S1.);
#10044 = CIRCLE('',#10045,7.);
#10045 = AXIS2_PLACEMENT_3D('',#10046,#10047,#10048);
#10046 = CARTESIAN_POINT('',(7.,7.,0.5));
#10047 = DIRECTION('',(-0.,0.,-1.));
#10048 = DIRECTION('',(-2.537652627715E-16,-1.,0.));
#10049 = PCURVE('',#6393,#10050);
#10050 = DEFINITIONAL_REPRESENTATION('',(#10051),#10055);
#10051 = LINE('',#10052,#10053);
#10052 = CARTESIAN_POINT('',(1.570796326795,0.5));
#10053 = VECTOR('',#10054,1.);
#10054 = DIRECTION('',(-1.,-0.));
#10055 = ( GEOMETRIC_REPRESENTATION_CONTEXT(2) 
PARAMETRIC_REPRESENTATION_CONTEXT() REPRESENTATION_CONTEXT('2D SPACE',''
  ) );
#10056 = PCURVE('',#10057,#10062);
#10057 = TOROIDAL_SURFACE('',#10058,6.5,0.5);
#10058 = AXIS2_PLACEMENT_3D('',#10059,#10060,#10061);
#10059 = CARTESIAN_POINT('',(7.,7.,0.5));
#10060 = DIRECTION('',(-0.,-0.,-1.));
#10061 = DIRECTION('',(-2.537652627715E-16,-1.,0.));
#10062 = DEFINITIONAL_REPRESENTATION('',(#10063),#10067);
#10063 = LINE('',#10064,#10065);
#10064 = CARTESIAN_POINT('',(0.,0.));
#10065 = VECTOR('',#10066,1.);
#10066 = DIRECTION('',(1.,0.));
#10067 = ( GEOMETRIC_REPRESENTATION_CONTEXT(2) 
PARAMETRIC_REPRESENTATION_CONTEXT() REPRESENTATION_CONTEXT('2D SPACE',''
  ) );
#10068 = ADVANCED_FACE('',(#10069),#6421,.T.);
#10069 = FACE_BOUND('',#10070,.T.);
#10070 = EDGE_LOOP('',(#10071,#10072,#10099,#10127));
#10071 = ORIENTED_EDGE('',*,*,#6405,.T.);
#10072 = ORIENTED_EDGE('',*,*,#10073,.T.);
#10073 = EDGE_CURVE('',#6406,#10074,#10076,.T.);
#10074 = VERTEX_POINT('',#10075);
#10075 = CARTESIAN_POINT('',(0.5,93.,-1.110223024625E-16));
#10076 = SURFACE_CURVE('',#10077,(#10082,#10088),.PCURVE_S1.);
#10077 = CIRCLE('',#10078,0.5);
#10078 = AXIS2_PLACEMENT_3D('',#10079,#10080,#10081);
#10079 = CARTESIAN_POINT('',(0.5,93.,0.5));
#10080 = DIRECTION('',(0.,-1.,-0.));
#10081 = DIRECTION('',(-1.,-0.,0.));
#10082 = PCURVE('',#6421,#10083);
#10083 = DEFINITIONAL_REPRESENTATION('',(#10084),#10087);
#10084 = B_SPLINE_CURVE_WITH_KNOTS('',1,(#10085,#10086),.UNSPECIFIED.,
  .F.,.F.,(2,2),(0.,1.570796326795),.PIECEWISE_BEZIER_KNOTS.);
#10085 = CARTESIAN_POINT('',(6.28318530718,86.));
#10086 = CARTESIAN_POINT('',(4.712388980385,86.));
#10087 = ( GEOMETRIC_REPRESENTATION_CONTEXT(2) 
PARAMETRIC_REPRESENTATION_CONTEXT() REPRESENTATION_CONTEXT('2D SPACE',''
  ) );
#10088 = PCURVE('',#10089,#10094);
#10089 = TOROIDAL_SURFACE('',#10090,6.5,0.5);
#10090 = AXIS2_PLACEMENT_3D('',#10091,#10092,#10093);
#10091 = CARTESIAN_POINT('',(7.,93.,0.5));
#10092 = DIRECTION('',(-0.,-0.,-1.));
#10093 = DIRECTION('',(-1.,0.,0.));
#10094 = DEFINITIONAL_REPRESENTATION('',(#10095),#10098);
#10095 = B_SPLINE_CURVE_WITH_KNOTS('',1,(#10096,#10097),.UNSPECIFIED.,
  .F.,.F.,(2,2),(0.,1.570796326795),.PIECEWISE_BEZIER_KNOTS.);
#10096 = CARTESIAN_POINT('',(0.,0.));
#10097 = CARTESIAN_POINT('',(0.,1.570796326795));
#10098 = ( GEOMETRIC_REPRESENTATION_CONTEXT(2) 
PARAMETRIC_REPRESENTATION_CONTEXT() REPRESENTATION_CONTEXT('2D SPACE',''
  ) );
#10099 = ORIENTED_EDGE('',*,*,#10100,.F.);
#10100 = EDGE_CURVE('',#10101,#10074,#10103,.T.);
#10101 = VERTEX_POINT('',#10102);
#10102 = CARTESIAN_POINT('',(0.5,7.,-1.110223024625E-16));
#10103 = SURFACE_CURVE('',#10104,(#10108,#10115),.PCURVE_S1.);
#10104 = LINE('',#10105,#10106);
#10105 = CARTESIAN_POINT('',(0.5,7.,-1.110223024625E-16));
#10106 = VECTOR('',#10107,1.);
#10107 = DIRECTION('',(-0.,1.,0.));
#10108 = PCURVE('',#6421,#10109);
#10109 = DEFINITIONAL_REPRESENTATION('',(#10110),#10114);
#10110 = LINE('',#10111,#10112);
#10111 = CARTESIAN_POINT('',(4.712388980385,0.));
#10112 = VECTOR('',#10113,1.);
#10113 = DIRECTION('',(-0.,1.));
#10114 = ( GEOMETRIC_REPRESENTATION_CONTEXT(2) 
PARAMETRIC_REPRESENTATION_CONTEXT() REPRESENTATION_CONTEXT('2D SPACE',''
  ) );
#10115 = PCURVE('',#10116,#10121);
#10116 = PLANE('',#10117);
#10117 = AXIS2_PLACEMENT_3D('',#10118,#10119,#10120);
#10118 = CARTESIAN_POINT('',(0.,0.,0.));
#10119 = DIRECTION('',(0.,0.,1.));
#10120 = DIRECTION('',(1.,0.,-0.));
#10121 = DEFINITIONAL_REPRESENTATION('',(#10122),#10126);
#10122 = LINE('',#10123,#10124);
#10123 = CARTESIAN_POINT('',(0.5,7.));
#10124 = VECTOR('',#10125,1.);
#10125 = DIRECTION('',(0.,1.));
#10126 = ( GEOMETRIC_REPRESENTATION_CONTEXT(2) 
PARAMETRIC_REPRESENTATION_CONTEXT() REPRESENTATION_CONTEXT('2D SPACE',''
  ) );
#10127 = ORIENTED_EDGE('',*,*,#10128,.F.);
#10128 = EDGE_CURVE('',#6376,#10101,#10129,.T.);
#10129 = SURFACE_CURVE('',#10130,(#10135,#10141),.PCURVE_S1.);
#10130 = CIRCLE('',#10131,0.5);
#10131 = AXIS2_PLACEMENT_3D('',#10132,#10133,#10134);
#10132 = CARTESIAN_POINT('',(0.5,7.,0.5));
#10133 = DIRECTION('',(0.,-1.,-0.));
#10134 = DIRECTION('',(-1.,-0.,0.));
#10135 = PCURVE('',#6421,#10136);
#10136 = DEFINITIONAL_REPRESENTATION('',(#10137),#10140);
#10137 = B_SPLINE_CURVE_WITH_KNOTS('',1,(#10138,#10139),.UNSPECIFIED.,
  .F.,.F.,(2,2),(0.,1.570796326795),.PIECEWISE_BEZIER_KNOTS.);
#10138 = CARTESIAN_POINT('',(6.28318530718,0.));
#10139 = CARTESIAN_POINT('',(4.712388980385,0.));
#10140 = ( GEOMETRIC_REPRESENTATION_CONTEXT(2) 
PARAMETRIC_REPRESENTATION_CONTEXT() REPRESENTATION_CONTEXT('2D SPACE',''
  ) );
#10141 = PCURVE('',#10057,#10142);
#10142 = DEFINITIONAL_REPRESENTATION('',(#10143),#10146);
#10143 = B_SPLINE_CURVE_WITH_KNOTS('',1,(#10144,#10145),.UNSPECIFIED.,
  .F.,.F.,(2,2),(0.,1.570796326795),.PIECEWISE_BEZIER_KNOTS.);
#10144 = CARTESIAN_POINT('',(1.570796326795,0.));
#10145 = CARTESIAN_POINT('',(1.570796326795,1.570796326795));
#10146 = ( GEOMETRIC_REPRESENTATION_CONTEXT(2) 
PARAMETRIC_REPRESENTATION_CONTEXT() REPRESENTATION_CONTEXT('2D SPACE',''
  ) );
#10147 = ADVANCED_FACE('',(#10148),#6449,.T.);
#10148 = FACE_BOUND('',#10149,.T.);
#10149 = EDGE_LOOP('',(#10150,#10151,#10174,#10196));
#10150 = ORIENTED_EDGE('',*,*,#6761,.T.);
#10151 = ORIENTED_EDGE('',*,*,#10152,.F.);
#10152 = EDGE_CURVE('',#10153,#6689,#10155,.T.);
#10153 = VERTEX_POINT('',#10154);
#10154 = CARTESIAN_POINT('',(7.,100.,0.5));
#10155 = SURFACE_CURVE('',#10156,(#10160,#10167),.PCURVE_S1.);
#10156 = LINE('',#10157,#10158);
#10157 = CARTESIAN_POINT('',(7.,100.,0.));
#10158 = VECTOR('',#10159,1.);
#10159 = DIRECTION('',(0.,0.,1.));
#10160 = PCURVE('',#6449,#10161);
#10161 = DEFINITIONAL_REPRESENTATION('',(#10162),#10166);
#10162 = LINE('',#10163,#10164);
#10163 = CARTESIAN_POINT('',(4.712388980385,0.));
#10164 = VECTOR('',#10165,1.);
#10165 = DIRECTION('',(-0.,1.));
#10166 = ( GEOMETRIC_REPRESENTATION_CONTEXT(2) 
PARAMETRIC_REPRESENTATION_CONTEXT() REPRESENTATION_CONTEXT('2D SPACE',''
  ) );
#10167 = PCURVE('',#6704,#10168);
#10168 = DEFINITIONAL_REPRESENTATION('',(#10169),#10173);
#10169 = LINE('',#10170,#10171);
#10170 = CARTESIAN_POINT('',(0.,7.));
#10171 = VECTOR('',#10172,1.);
#10172 = DIRECTION('',(1.,0.));
#10173 = ( GEOMETRIC_REPRESENTATION_CONTEXT(2) 
PARAMETRIC_REPRESENTATION_CONTEXT() REPRESENTATION_CONTEXT('2D SPACE',''
  ) );
#10174 = ORIENTED_EDGE('',*,*,#10175,.F.);
#10175 = EDGE_CURVE('',#6406,#10153,#10176,.T.);
#10176 = SURFACE_CURVE('',#10177,(#10182,#10189),.PCURVE_S1.);
#10177 = CIRCLE('',#10178,7.);
#10178 = AXIS2_PLACEMENT_3D('',#10179,#10180,#10181);
#10179 = CARTESIAN_POINT('',(7.,93.,0.5));
#10180 = DIRECTION('',(0.,0.,-1.));
#10181 = DIRECTION('',(-1.,0.,0.));
#10182 = PCURVE('',#6449,#10183);
#10183 = DEFINITIONAL_REPRESENTATION('',(#10184),#10188);
#10184 = LINE('',#10185,#10186);
#10185 = CARTESIAN_POINT('',(6.28318530718,0.5));
#10186 = VECTOR('',#10187,1.);
#10187 = DIRECTION('',(-1.,0.));
#10188 = ( GEOMETRIC_REPRESENTATION_CONTEXT(2) 
PARAMETRIC_REPRESENTATION_CONTEXT() REPRESENTATION_CONTEXT('2D SPACE',''
  ) );
#10189 = PCURVE('',#10089,#10190);
#10190 = DEFINITIONAL_REPRESENTATION('',(#10191),#10195);
#10191 = LINE('',#10192,#10193);
#10192 = CARTESIAN_POINT('',(0.,0.));
#10193 = VECTOR('',#10194,1.);
#10194 = DIRECTION('',(1.,0.));
#10195 = ( GEOMETRIC_REPRESENTATION_CONTEXT(2) 
PARAMETRIC_REPRESENTATION_CONTEXT() REPRESENTATION_CONTEXT('2D SPACE',''
  ) );
#10196 = ORIENTED_EDGE('',*,*,#6433,.T.);
#10197 = ADVANCED_FACE('',(#10198),#6564,.T.);
#10198 = FACE_BOUND('',#10199,.T.);
#10199 = EDGE_LOOP('',(#10200,#10231,#10252,#10253,#10274,#10275,#10276,
    #10277,#10278,#10279));
#10200 = ORIENTED_EDGE('',*,*,#10201,.F.);
#10201 = EDGE_CURVE('',#10202,#10204,#10206,.T.);
#10202 = VERTEX_POINT('',#10203);
#10203 = CARTESIAN_POINT('',(96.,7.,0.5));
#10204 = VERTEX_POINT('',#10205);
#10205 = CARTESIAN_POINT('',(89.,-8.881784197001E-16,0.5));
#10206 = SURFACE_CURVE('',#10207,(#10212,#10219),.PCURVE_S1.);
#10207 = CIRCLE('',#10208,7.);
#10208 = AXIS2_PLACEMENT_3D('',#10209,#10210,#10211);
#10209 = CARTESIAN_POINT('',(89.,7.,0.5));
#10210 = DIRECTION('',(0.,0.,-1.));
#10211 = DIRECTION('',(1.,0.,0.));
#10212 = PCURVE('',#6564,#10213);
#10213 = DEFINITIONAL_REPRESENTATION('',(#10214),#10218);
#10214 = LINE('',#10215,#10216);
#10215 = CARTESIAN_POINT('',(6.28318530718,0.5));
#10216 = VECTOR('',#10217,1.);
#10217 = DIRECTION('',(-1.,0.));
#10218 = ( GEOMETRIC_REPRESENTATION_CONTEXT(2) 
PARAMETRIC_REPRESENTATION_CONTEXT() REPRESENTATION_CONTEXT('2D SPACE',''
  ) );
#10219 = PCURVE('',#10220,#10225);
#10220 = TOROIDAL_SURFACE('',#10221,6.5,0.5);
#10221 = AXIS2_PLACEMENT_3D('',#10222,#10223,#10224);
#10222 = CARTESIAN_POINT('',(89.,7.,0.5));
#10223 = DIRECTION('',(-0.,-0.,-1.));
#10224 = DIRECTION('',(1.,0.,-0.));
#10225 = DEFINITIONAL_REPRESENTATION('',(#10226),#10230);
#10226 = LINE('',#10227,#10228);
#10227 = CARTESIAN_POINT('',(0.,0.));
#10228 = VECTOR('',#10229,1.);
#10229 = DIRECTION('',(1.,0.));
#10230 = ( GEOMETRIC_REPRESENTATION_CONTEXT(2) 
PARAMETRIC_REPRESENTATION_CONTEXT() REPRESENTATION_CONTEXT('2D SPACE',''
  ) );
#10231 = ORIENTED_EDGE('',*,*,#10232,.T.);
#10232 = EDGE_CURVE('',#10202,#6505,#10233,.T.);
#10233 = SURFACE_CURVE('',#10234,(#10238,#10245),.PCURVE_S1.);
#10234 = LINE('',#10235,#10236);
#10235 = CARTESIAN_POINT('',(96.,7.,0.));
#10236 = VECTOR('',#10237,1.);
#10237 = DIRECTION('',(0.,0.,1.));
#10238 = PCURVE('',#6564,#10239);
#10239 = DEFINITIONAL_REPRESENTATION('',(#10240),#10244);
#10240 = LINE('',#10241,#10242);
#10241 = CARTESIAN_POINT('',(6.28318530718,0.));
#10242 = VECTOR('',#10243,1.);
#10243 = DIRECTION('',(-0.,1.));
#10244 = ( GEOMETRIC_REPRESENTATION_CONTEXT(2) 
PARAMETRIC_REPRESENTATION_CONTEXT() REPRESENTATION_CONTEXT('2D SPACE',''
  ) );
#10245 = PCURVE('',#6597,#10246);
#10246 = DEFINITIONAL_REPRESENTATION('',(#10247),#10251);
#10247 = LINE('',#10248,#10249);
#10248 = CARTESIAN_POINT('',(0.,-7.));
#10249 = VECTOR('',#10250,1.);
#10250 = DIRECTION('',(1.,0.));
#10251 = ( GEOMETRIC_REPRESENTATION_CONTEXT(2) 
PARAMETRIC_REPRESENTATION_CONTEXT() REPRESENTATION_CONTEXT('2D SPACE',''
  ) );
#10252 = ORIENTED_EDGE('',*,*,#6549,.T.);
#10253 = ORIENTED_EDGE('',*,*,#10254,.F.);
#10254 = EDGE_CURVE('',#9382,#6528,#10255,.T.);
#10255 = SURFACE_CURVE('',#10256,(#10260,#10267),.PCURVE_S1.);
#10256 = LINE('',#10257,#10258);
#10257 = CARTESIAN_POINT('',(89.,-8.881784197001E-16,0.));
#10258 = VECTOR('',#10259,1.);
#10259 = DIRECTION('',(0.,0.,1.));
#10260 = PCURVE('',#6564,#10261);
#10261 = DEFINITIONAL_REPRESENTATION('',(#10262),#10266);
#10262 = LINE('',#10263,#10264);
#10263 = CARTESIAN_POINT('',(4.712388980385,0.));
#10264 = VECTOR('',#10265,1.);
#10265 = DIRECTION('',(-0.,1.));
#10266 = ( GEOMETRIC_REPRESENTATION_CONTEXT(2) 
PARAMETRIC_REPRESENTATION_CONTEXT() REPRESENTATION_CONTEXT('2D SPACE',''
  ) );
#10267 = PCURVE('',#6877,#10268);
#10268 = DEFINITIONAL_REPRESENTATION('',(#10269),#10273);
#10269 = LINE('',#10270,#10271);
#10270 = CARTESIAN_POINT('',(0.,89.));
#10271 = VECTOR('',#10272,1.);
#10272 = DIRECTION('',(1.,0.));
#10273 = ( GEOMETRIC_REPRESENTATION_CONTEXT(2) 
PARAMETRIC_REPRESENTATION_CONTEXT() REPRESENTATION_CONTEXT('2D SPACE',''
  ) );
#10274 = ORIENTED_EDGE('',*,*,#9454,.F.);
#10275 = ORIENTED_EDGE('',*,*,#9525,.F.);
#10276 = ORIENTED_EDGE('',*,*,#9613,.F.);
#10277 = ORIENTED_EDGE('',*,*,#9673,.F.);
#10278 = ORIENTED_EDGE('',*,*,#8980,.F.);
#10279 = ORIENTED_EDGE('',*,*,#10280,.F.);
#10280 = EDGE_CURVE('',#10204,#8927,#10281,.T.);
#10281 = SURFACE_CURVE('',#10282,(#10286,#10293),.PCURVE_S1.);
#10282 = LINE('',#10283,#10284);
#10283 = CARTESIAN_POINT('',(89.,-8.881784197001E-16,0.));
#10284 = VECTOR('',#10285,1.);
#10285 = DIRECTION('',(0.,0.,1.));
#10286 = PCURVE('',#6564,#10287);
#10287 = DEFINITIONAL_REPRESENTATION('',(#10288),#10292);
#10288 = LINE('',#10289,#10290);
#10289 = CARTESIAN_POINT('',(4.712388980385,0.));
#10290 = VECTOR('',#10291,1.);
#10291 = DIRECTION('',(-0.,1.));
#10292 = ( GEOMETRIC_REPRESENTATION_CONTEXT(2) 
PARAMETRIC_REPRESENTATION_CONTEXT() REPRESENTATION_CONTEXT('2D SPACE',''
  ) );
#10293 = PCURVE('',#8942,#10294);
#10294 = DEFINITIONAL_REPRESENTATION('',(#10295),#10299);
#10295 = LINE('',#10296,#10297);
#10296 = CARTESIAN_POINT('',(0.,89.));
#10297 = VECTOR('',#10298,1.);
#10298 = DIRECTION('',(1.,0.));
#10299 = ( GEOMETRIC_REPRESENTATION_CONTEXT(2) 
PARAMETRIC_REPRESENTATION_CONTEXT() REPRESENTATION_CONTEXT('2D SPACE',''
  ) );
#10300 = ADVANCED_FACE('',(#10301,#10579),#6597,.T.);
#10301 = FACE_BOUND('',#10302,.T.);
#10302 = EDGE_LOOP('',(#10303,#10304,#10332,#10360,#10388,#10415,#10530,
    #10557,#10578));
#10303 = ORIENTED_EDGE('',*,*,#10232,.F.);
#10304 = ORIENTED_EDGE('',*,*,#10305,.F.);
#10305 = EDGE_CURVE('',#10306,#10202,#10308,.T.);
#10306 = VERTEX_POINT('',#10307);
#10307 = CARTESIAN_POINT('',(96.,8.,0.5));
#10308 = SURFACE_CURVE('',#10309,(#10313,#10320),.PCURVE_S1.);
#10309 = LINE('',#10310,#10311);
#10310 = CARTESIAN_POINT('',(96.,93.,0.5));
#10311 = VECTOR('',#10312,1.);
#10312 = DIRECTION('',(0.,-1.,-0.));
#10313 = PCURVE('',#6597,#10314);
#10314 = DEFINITIONAL_REPRESENTATION('',(#10315),#10319);
#10315 = LINE('',#10316,#10317);
#10316 = CARTESIAN_POINT('',(0.5,-93.));
#10317 = VECTOR('',#10318,1.);
#10318 = DIRECTION('',(0.,1.));
#10319 = ( GEOMETRIC_REPRESENTATION_CONTEXT(2) 
PARAMETRIC_REPRESENTATION_CONTEXT() REPRESENTATION_CONTEXT('2D SPACE',''
  ) );
#10320 = PCURVE('',#10321,#10326);
#10321 = CYLINDRICAL_SURFACE('',#10322,0.5);
#10322 = AXIS2_PLACEMENT_3D('',#10323,#10324,#10325);
#10323 = CARTESIAN_POINT('',(95.5,93.,0.5));
#10324 = DIRECTION('',(0.,-1.,-0.));
#10325 = DIRECTION('',(1.,0.,0.));
#10326 = DEFINITIONAL_REPRESENTATION('',(#10327),#10331);
#10327 = LINE('',#10328,#10329);
#10328 = CARTESIAN_POINT('',(6.28318530718,0.));
#10329 = VECTOR('',#10330,1.);
#10330 = DIRECTION('',(-0.,1.));
#10331 = ( GEOMETRIC_REPRESENTATION_CONTEXT(2) 
PARAMETRIC_REPRESENTATION_CONTEXT() REPRESENTATION_CONTEXT('2D SPACE',''
  ) );
#10332 = ORIENTED_EDGE('',*,*,#10333,.T.);
#10333 = EDGE_CURVE('',#10306,#10334,#10336,.T.);
#10334 = VERTEX_POINT('',#10335);
#10335 = CARTESIAN_POINT('',(96.,8.,56.));
#10336 = SURFACE_CURVE('',#10337,(#10341,#10348),.PCURVE_S1.);
#10337 = LINE('',#10338,#10339);
#10338 = CARTESIAN_POINT('',(96.,8.,0.));
#10339 = VECTOR('',#10340,1.);
#10340 = DIRECTION('',(0.,0.,1.));
#10341 = PCURVE('',#6597,#10342);
#10342 = DEFINITIONAL_REPRESENTATION('',(#10343),#10347);
#10343 = LINE('',#10344,#10345);
#10344 = CARTESIAN_POINT('',(0.,-8.));
#10345 = VECTOR('',#10346,1.);
#10346 = DIRECTION('',(1.,0.));
#10347 = ( GEOMETRIC_REPRESENTATION_CONTEXT(2) 
PARAMETRIC_REPRESENTATION_CONTEXT() REPRESENTATION_CONTEXT('2D SPACE',''
  ) );
#10348 = PCURVE('',#10349,#10354);
#10349 = PLANE('',#10350);
#10350 = AXIS2_PLACEMENT_3D('',#10351,#10352,#10353);
#10351 = CARTESIAN_POINT('',(94.,8.,0.));
#10352 = DIRECTION('',(-0.,1.,0.));
#10353 = DIRECTION('',(0.,0.,1.));
#10354 = DEFINITIONAL_REPRESENTATION('',(#10355),#10359);
#10355 = LINE('',#10356,#10357);
#10356 = CARTESIAN_POINT('',(0.,2.));
#10357 = VECTOR('',#10358,1.);
#10358 = DIRECTION('',(1.,0.));
#10359 = ( GEOMETRIC_REPRESENTATION_CONTEXT(2) 
PARAMETRIC_REPRESENTATION_CONTEXT() REPRESENTATION_CONTEXT('2D SPACE',''
  ) );
#10360 = ORIENTED_EDGE('',*,*,#10361,.F.);
#10361 = EDGE_CURVE('',#10362,#10334,#10364,.T.);
#10362 = VERTEX_POINT('',#10363);
#10363 = CARTESIAN_POINT('',(96.,86.101020514434,56.));
#10364 = SURFACE_CURVE('',#10365,(#10369,#10376),.PCURVE_S1.);
#10365 = LINE('',#10366,#10367);
#10366 = CARTESIAN_POINT('',(96.,4.,56.));
#10367 = VECTOR('',#10368,1.);
#10368 = DIRECTION('',(0.,-1.,0.));
#10369 = PCURVE('',#6597,#10370);
#10370 = DEFINITIONAL_REPRESENTATION('',(#10371),#10375);
#10371 = LINE('',#10372,#10373);
#10372 = CARTESIAN_POINT('',(56.,-4.));
#10373 = VECTOR('',#10374,1.);
#10374 = DIRECTION('',(0.,1.));
#10375 = ( GEOMETRIC_REPRESENTATION_CONTEXT(2) 
PARAMETRIC_REPRESENTATION_CONTEXT() REPRESENTATION_CONTEXT('2D SPACE',''
  ) );
#10376 = PCURVE('',#10377,#10382);
#10377 = PLANE('',#10378);
#10378 = AXIS2_PLACEMENT_3D('',#10379,#10380,#10381);
#10379 = CARTESIAN_POINT('',(94.,8.,56.));
#10380 = DIRECTION('',(0.,0.,1.));
#10381 = DIRECTION('',(1.,0.,-0.));
#10382 = DEFINITIONAL_REPRESENTATION('',(#10383),#10387);
#10383 = LINE('',#10384,#10385);
#10384 = CARTESIAN_POINT('',(2.,-4.));
#10385 = VECTOR('',#10386,1.);
#10386 = DIRECTION('',(0.,-1.));
#10387 = ( GEOMETRIC_REPRESENTATION_CONTEXT(2) 
PARAMETRIC_REPRESENTATION_CONTEXT() REPRESENTATION_CONTEXT('2D SPACE',''
  ) );
#10388 = ORIENTED_EDGE('',*,*,#10389,.T.);
#10389 = EDGE_CURVE('',#10362,#10390,#10392,.T.);
#10390 = VERTEX_POINT('',#10391);
#10391 = CARTESIAN_POINT('',(96.,86.101020514434,125.));
#10392 = SURFACE_CURVE('',#10393,(#10397,#10404),.PCURVE_S1.);
#10393 = LINE('',#10394,#10395);
#10394 = CARTESIAN_POINT('',(96.,86.101020514434,4.));
#10395 = VECTOR('',#10396,1.);
#10396 = DIRECTION('',(0.,0.,1.));
#10397 = PCURVE('',#6597,#10398);
#10398 = DEFINITIONAL_REPRESENTATION('',(#10399),#10403);
#10399 = LINE('',#10400,#10401);
#10400 = CARTESIAN_POINT('',(4.,-86.10102051443));
#10401 = VECTOR('',#10402,1.);
#10402 = DIRECTION('',(1.,0.));
#10403 = ( GEOMETRIC_REPRESENTATION_CONTEXT(2) 
PARAMETRIC_REPRESENTATION_CONTEXT() REPRESENTATION_CONTEXT('2D SPACE',''
  ) );
#10404 = PCURVE('',#10405,#10410);
#10405 = CYLINDRICAL_SURFACE('',#10406,7.);
#10406 = AXIS2_PLACEMENT_3D('',#10407,#10408,#10409);
#10407 = CARTESIAN_POINT('',(101.,91.,4.));
#10408 = DIRECTION('',(0.,0.,1.));
#10409 = DIRECTION('',(-1.,-0.,0.));
#10410 = DEFINITIONAL_REPRESENTATION('',(#10411),#10414);
#10411 = B_SPLINE_CURVE_WITH_KNOTS('',1,(#10412,#10413),.UNSPECIFIED.,
  .F.,.F.,(2,2),(-5.999999999062E-07,121.0000006),
  .PIECEWISE_BEZIER_KNOTS.);
#10412 = CARTESIAN_POINT('',(0.77519337331,-5.999999999062E-07));
#10413 = CARTESIAN_POINT('',(0.77519337331,121.0000006));
#10414 = ( GEOMETRIC_REPRESENTATION_CONTEXT(2) 
PARAMETRIC_REPRESENTATION_CONTEXT() REPRESENTATION_CONTEXT('2D SPACE',''
  ) );
#10415 = ORIENTED_EDGE('',*,*,#10416,.T.);
#10416 = EDGE_CURVE('',#10390,#10417,#10419,.T.);
#10417 = VERTEX_POINT('',#10418);
#10418 = CARTESIAN_POINT('',(96.,91.,127.82842712474));
#10419 = SURFACE_CURVE('',#10420,(#10453,#10489),.PCURVE_S1.);
#10420 = B_SPLINE_CURVE_WITH_KNOTS('',7,(#10421,#10422,#10423,#10424,
    #10425,#10426,#10427,#10428,#10429,#10430,#10431,#10432,#10433,
    #10434,#10435,#10436,#10437,#10438,#10439,#10440,#10441,#10442,
    #10443,#10444,#10445,#10446,#10447,#10448,#10449,#10450,#10451,
    #10452),.UNSPECIFIED.,.F.,.F.,(8,6,6,6,6,8),(0.,0.18006013548,
    0.268586986099,0.427585809326,0.716381824535,1.),.UNSPECIFIED.);
#10421 = CARTESIAN_POINT('',(96.,86.101020514434,125.));
#10422 = CARTESIAN_POINT('',(96.,86.101020514434,125.15857503623));
#10423 = CARTESIAN_POINT('',(96.,86.114993928495,125.31721184003));
#10424 = CARTESIAN_POINT('',(96.,86.142957606817,125.47436606049));
#10425 = CARTESIAN_POINT('',(96.,86.18453667196,125.62866860383));
#10426 = CARTESIAN_POINT('',(96.,86.239093091191,125.7789114766));
#10427 = CARTESIAN_POINT('',(96.,86.305779156695,125.92404512013));
#10428 = CARTESIAN_POINT('',(96.,86.421735253541,126.13159667814));
#10429 = CARTESIAN_POINT('',(96.,86.462636442781,126.19857658447));
#10430 = CARTESIAN_POINT('',(96.,86.506101186959,126.26403372458));
#10431 = CARTESIAN_POINT('',(96.,86.55200604497,126.32789103453));
#10432 = CARTESIAN_POINT('',(96.,86.600224416743,126.39008633989));
#10433 = CARTESIAN_POINT('',(96.,86.650628570998,126.4505710784));
#10434 = CARTESIAN_POINT('',(96.,86.797318129999,126.61480542216));
#10435 = CARTESIAN_POINT('',(96.,86.898182631454,126.71466292));
#10436 = CARTESIAN_POINT('',(96.,87.00495855611,126.80868473052));
#10437 = CARTESIAN_POINT('',(96.,87.116938112873,126.89680652917));
#10438 = CARTESIAN_POINT('',(96.,87.233456360002,126.97906943632));
#10439 = CARTESIAN_POINT('',(96.,87.353910302966,127.05559703327));
#10440 = CARTESIAN_POINT('',(96.,87.702750043249,127.25549913381));
#10441 = CARTESIAN_POINT('',(96.,87.938802013088,127.36601956465));
#10442 = CARTESIAN_POINT('',(96.,88.183008646615,127.45945920679));
#10443 = CARTESIAN_POINT('',(96.,88.432975479073,127.53745073577));
#10444 = CARTESIAN_POINT('',(96.,88.686842846119,127.60186827236));
#10445 = CARTESIAN_POINT('',(96.,88.943358596537,127.65456810269));
#10446 = CARTESIAN_POINT('',(96.,89.45587830076,127.73902774174));
#10447 = CARTESIAN_POINT('',(96.,89.711601877199,127.77111202056));
#10448 = CARTESIAN_POINT('',(96.,89.968478276411,127.79499238606));
#10449 = CARTESIAN_POINT('',(96.,90.226025876487,127.81194749577));
#10450 = CARTESIAN_POINT('',(96.,90.483906401393,127.82293267626));
#10451 = CARTESIAN_POINT('',(96.,90.741921188176,127.82842712474));
#10452 = CARTESIAN_POINT('',(96.,91.,127.82842712474));
#10453 = PCURVE('',#6597,#10454);
#10454 = DEFINITIONAL_REPRESENTATION('',(#10455),#10488);
#10455 = B_SPLINE_CURVE_WITH_KNOTS('',7,(#10456,#10457,#10458,#10459,
    #10460,#10461,#10462,#10463,#10464,#10465,#10466,#10467,#10468,
    #10469,#10470,#10471,#10472,#10473,#10474,#10475,#10476,#10477,
    #10478,#10479,#10480,#10481,#10482,#10483,#10484,#10485,#10486,
    #10487),.UNSPECIFIED.,.F.,.F.,(8,6,6,6,6,8),(0.,0.18006013548,
    0.268586986099,0.427585809326,0.716381824535,1.),.UNSPECIFIED.);
#10456 = CARTESIAN_POINT('',(125.,-86.10102051443));
#10457 = CARTESIAN_POINT('',(125.15857503623,-86.10102051443));
#10458 = CARTESIAN_POINT('',(125.31721184003,-86.11499392849));
#10459 = CARTESIAN_POINT('',(125.47436606049,-86.14295760681));
#10460 = CARTESIAN_POINT('',(125.62866860383,-86.18453667196));
#10461 = CARTESIAN_POINT('',(125.7789114766,-86.23909309119));
#10462 = CARTESIAN_POINT('',(125.92404512013,-86.30577915669));
#10463 = CARTESIAN_POINT('',(126.13159667814,-86.42173525354));
#10464 = CARTESIAN_POINT('',(126.19857658447,-86.46263644278));
#10465 = CARTESIAN_POINT('',(126.26403372458,-86.50610118695));
#10466 = CARTESIAN_POINT('',(126.32789103453,-86.55200604497));
#10467 = CARTESIAN_POINT('',(126.39008633989,-86.60022441674));
#10468 = CARTESIAN_POINT('',(126.4505710784,-86.65062857099));
#10469 = CARTESIAN_POINT('',(126.61480542216,-86.79731812999));
#10470 = CARTESIAN_POINT('',(126.71466292,-86.89818263145));
#10471 = CARTESIAN_POINT('',(126.80868473052,-87.00495855611));
#10472 = CARTESIAN_POINT('',(126.89680652917,-87.11693811287));
#10473 = CARTESIAN_POINT('',(126.97906943632,-87.23345636));
#10474 = CARTESIAN_POINT('',(127.05559703327,-87.35391030296));
#10475 = CARTESIAN_POINT('',(127.25549913381,-87.70275004324));
#10476 = CARTESIAN_POINT('',(127.36601956465,-87.93880201308));
#10477 = CARTESIAN_POINT('',(127.45945920679,-88.18300864661));
#10478 = CARTESIAN_POINT('',(127.53745073577,-88.43297547907));
#10479 = CARTESIAN_POINT('',(127.60186827236,-88.68684284611));
#10480 = CARTESIAN_POINT('',(127.65456810269,-88.94335859653));
#10481 = CARTESIAN_POINT('',(127.73902774174,-89.45587830076));
#10482 = CARTESIAN_POINT('',(127.77111202056,-89.71160187719));
#10483 = CARTESIAN_POINT('',(127.79499238606,-89.96847827641));
#10484 = CARTESIAN_POINT('',(127.81194749577,-90.22602587648));
#10485 = CARTESIAN_POINT('',(127.82293267626,-90.48390640139));
#10486 = CARTESIAN_POINT('',(127.82842712474,-90.74192118817));
#10487 = CARTESIAN_POINT('',(127.82842712474,-91.));
#10488 = ( GEOMETRIC_REPRESENTATION_CONTEXT(2) 
PARAMETRIC_REPRESENTATION_CONTEXT() REPRESENTATION_CONTEXT('2D SPACE',''
  ) );
#10489 = PCURVE('',#10490,#10495);
#10490 = TOROIDAL_SURFACE('',#10491,4.,3.);
#10491 = AXIS2_PLACEMENT_3D('',#10492,#10493,#10494);
#10492 = CARTESIAN_POINT('',(101.,91.,125.));
#10493 = DIRECTION('',(0.,0.,1.));
#10494 = DIRECTION('',(0.,-1.,0.));
#10495 = DEFINITIONAL_REPRESENTATION('',(#10496),#10529);
#10496 = B_SPLINE_CURVE_WITH_KNOTS('',7,(#10497,#10498,#10499,#10500,
    #10501,#10502,#10503,#10504,#10505,#10506,#10507,#10508,#10509,
    #10510,#10511,#10512,#10513,#10514,#10515,#10516,#10517,#10518,
    #10519,#10520,#10521,#10522,#10523,#10524,#10525,#10526,#10527,
    #10528),.UNSPECIFIED.,.F.,.F.,(8,6,6,6,6,8),(0.,0.18006013548,
    0.268586986099,0.427585809326,0.716381824535,1.),.UNSPECIFIED.);
#10497 = CARTESIAN_POINT('',(5.487582353695,0.));
#10498 = CARTESIAN_POINT('',(5.487582353695,5.285834540997E-02));
#10499 = CARTESIAN_POINT('',(5.486156481921,0.10573720621));
#10500 = CARTESIAN_POINT('',(5.483303104022,0.158363443643));
#10501 = CARTESIAN_POINT('',(5.479035108133,0.210521674124));
#10502 = CARTESIAN_POINT('',(5.473367825113,0.2620199039));
#10503 = CARTESIAN_POINT('',(5.466319908868,0.312667827869));
#10504 = CARTESIAN_POINT('',(5.45380087677,0.386653693739));
#10505 = CARTESIAN_POINT('',(5.449348359781,0.410792939266));
#10506 = CARTESIAN_POINT('',(5.444572763946,0.434666444739));
#10507 = CARTESIAN_POINT('',(5.439477281604,0.45825717102));
#10508 = CARTESIAN_POINT('',(5.434065167911,0.481549770872));
#10509 = CARTESIAN_POINT('',(5.428339749438,0.504530235571));
#10510 = CARTESIAN_POINT('',(5.411464690474,0.567875648104));
#10511 = CARTESIAN_POINT('',(5.399625695096,0.607515300578));
#10512 = CARTESIAN_POINT('',(5.38680624392,0.646034171909));
#10513 = CARTESIAN_POINT('',(5.373024494086,0.683375125666));
#10514 = CARTESIAN_POINT('',(5.358298983337,0.7194895876));
#10515 = CARTESIAN_POINT('',(5.342648699482,0.75433565972));
#10516 = CARTESIAN_POINT('',(5.296019954021,0.848805065068));
#10517 = CARTESIAN_POINT('',(5.262980834647,0.905386860266));
#10518 = CARTESIAN_POINT('',(5.227058578886,0.95750076778));
#10519 = CARTESIAN_POINT('',(5.188362614946,1.004961741461));
#10520 = CARTESIAN_POINT('',(5.147063792468,1.047574781784));
#10521 = CARTESIAN_POINT('',(5.103395159118,1.085175714491));
#10522 = CARTESIAN_POINT('',(5.012629191017,1.149478075103));
#10523 = CARTESIAN_POINT('',(4.965644029201,1.176336804861));
#10524 = CARTESIAN_POINT('',(4.91689698434,1.19806053302));
#10525 = CARTESIAN_POINT('',(4.866734811014,1.214480565979));
#10526 = CARTESIAN_POINT('',(4.81560764875,1.22546480216));
#10527 = CARTESIAN_POINT('',(4.76400474275,1.230959417341));
#10528 = CARTESIAN_POINT('',(4.712388980385,1.230959417341));
#10529 = ( GEOMETRIC_REPRESENTATION_CONTEXT(2) 
PARAMETRIC_REPRESENTATION_CONTEXT() REPRESENTATION_CONTEXT('2D SPACE',''
  ) );
#10530 = ORIENTED_EDGE('',*,*,#10531,.T.);
#10531 = EDGE_CURVE('',#10417,#10532,#10534,.T.);
#10532 = VERTEX_POINT('',#10533);
#10533 = CARTESIAN_POINT('',(96.,93.,127.82842712474));
#10534 = SURFACE_CURVE('',#10535,(#10539,#10546),.PCURVE_S1.);
#10535 = LINE('',#10536,#10537);
#10536 = CARTESIAN_POINT('',(96.,91.,127.82842712474));
#10537 = VECTOR('',#10538,1.);
#10538 = DIRECTION('',(-0.,1.,0.));
#10539 = PCURVE('',#6597,#10540);
#10540 = DEFINITIONAL_REPRESENTATION('',(#10541),#10545);
#10541 = LINE('',#10542,#10543);
#10542 = CARTESIAN_POINT('',(127.82842712474,-91.));
#10543 = VECTOR('',#10544,1.);
#10544 = DIRECTION('',(0.,-1.));
#10545 = ( GEOMETRIC_REPRESENTATION_CONTEXT(2) 
PARAMETRIC_REPRESENTATION_CONTEXT() REPRESENTATION_CONTEXT('2D SPACE',''
  ) );
#10546 = PCURVE('',#10547,#10552);
#10547 = CYLINDRICAL_SURFACE('',#10548,3.);
#10548 = AXIS2_PLACEMENT_3D('',#10549,#10550,#10551);
#10549 = CARTESIAN_POINT('',(97.,91.,125.));
#10550 = DIRECTION('',(-0.,1.,0.));
#10551 = DIRECTION('',(-1.,-0.,0.));
#10552 = DEFINITIONAL_REPRESENTATION('',(#10553),#10556);
#10553 = B_SPLINE_CURVE_WITH_KNOTS('',1,(#10554,#10555),.UNSPECIFIED.,
  .F.,.F.,(2,2),(-6.000000070117E-07,2.0000006),
  .PIECEWISE_BEZIER_KNOTS.);
#10554 = CARTESIAN_POINT('',(1.230959417341,-6.000000070117E-07));
#10555 = CARTESIAN_POINT('',(1.230959417341,2.0000006));
#10556 = ( GEOMETRIC_REPRESENTATION_CONTEXT(2) 
PARAMETRIC_REPRESENTATION_CONTEXT() REPRESENTATION_CONTEXT('2D SPACE',''
  ) );
#10557 = ORIENTED_EDGE('',*,*,#10558,.T.);
#10558 = EDGE_CURVE('',#10532,#6582,#10559,.T.);
#10559 = SURFACE_CURVE('',#10560,(#10564,#10571),.PCURVE_S1.);
#10560 = LINE('',#10561,#10562);
#10561 = CARTESIAN_POINT('',(96.,93.,0.));
#10562 = VECTOR('',#10563,1.);
#10563 = DIRECTION('',(0.,0.,1.));
#10564 = PCURVE('',#6597,#10565);
#10565 = DEFINITIONAL_REPRESENTATION('',(#10566),#10570);
#10566 = LINE('',#10567,#10568);
#10567 = CARTESIAN_POINT('',(0.,-93.));
#10568 = VECTOR('',#10569,1.);
#10569 = DIRECTION('',(1.,0.));
#10570 = ( GEOMETRIC_REPRESENTATION_CONTEXT(2) 
PARAMETRIC_REPRESENTATION_CONTEXT() REPRESENTATION_CONTEXT('2D SPACE',''
  ) );
#10571 = PCURVE('',#6671,#10572);
#10572 = DEFINITIONAL_REPRESENTATION('',(#10573),#10577);
#10573 = LINE('',#10574,#10575);
#10574 = CARTESIAN_POINT('',(0.,0.));
#10575 = VECTOR('',#10576,1.);
#10576 = DIRECTION('',(0.,1.));
#10577 = ( GEOMETRIC_REPRESENTATION_CONTEXT(2) 
PARAMETRIC_REPRESENTATION_CONTEXT() REPRESENTATION_CONTEXT('2D SPACE',''
  ) );
#10578 = ORIENTED_EDGE('',*,*,#6581,.T.);
#10579 = FACE_BOUND('',#10580,.T.);
#10580 = EDGE_LOOP('',(#10581));
#10581 = ORIENTED_EDGE('',*,*,#9941,.F.);
#10582 = ADVANCED_FACE('',(#10583),#6671,.T.);
#10583 = FACE_BOUND('',#10584,.T.);
#10584 = EDGE_LOOP('',(#10585,#10586,#10719,#10745,#10774,#10802,#10831,
    #10852));
#10585 = ORIENTED_EDGE('',*,*,#10558,.F.);
#10586 = ORIENTED_EDGE('',*,*,#10587,.F.);
#10587 = EDGE_CURVE('',#10588,#10532,#10590,.T.);
#10588 = VERTEX_POINT('',#10589);
#10589 = CARTESIAN_POINT('',(95.,96.605551275464,125.));
#10590 = SURFACE_CURVE('',#10591,(#10630,#10672),.PCURVE_S1.);
#10591 = B_SPLINE_CURVE_WITH_KNOTS('',7,(#10592,#10593,#10594,#10595,
    #10596,#10597,#10598,#10599,#10600,#10601,#10602,#10603,#10604,
    #10605,#10606,#10607,#10608,#10609,#10610,#10611,#10612,#10613,
    #10614,#10615,#10616,#10617,#10618,#10619,#10620,#10621,#10622,
    #10623,#10624,#10625,#10626,#10627,#10628,#10629),.UNSPECIFIED.,.F.,
  .F.,(8,6,6,6,6,6,8),(0.,0.402999283855,0.495702470556,0.647536247549,
    0.758293255412,0.81461331511,1.),.UNSPECIFIED.);
#10592 = CARTESIAN_POINT('',(95.,96.605551275464,125.));
#10593 = CARTESIAN_POINT('',(95.,96.605551275464,125.25519773744));
#10594 = CARTESIAN_POINT('',(95.014774118782,96.58096652908,
    125.51000445185));
#10595 = CARTESIAN_POINT('',(95.04423966264,96.531927917094,
    125.76309785311));
#10596 = CARTESIAN_POINT('',(95.088308022496,96.457171889195,
    126.0123189993));
#10597 = CARTESIAN_POINT('',(95.146382116257,96.354781217683,
    126.25478400412));
#10598 = CARTESIAN_POINT('',(95.217151630821,96.222013708024,
    126.48684970823));
#10599 = CARTESIAN_POINT('',(95.316648875703,96.016913065843,
    126.75423631141));
#10600 = CARTESIAN_POINT('',(95.335781177891,95.976780221126,
    126.80343593423));
#10601 = CARTESIAN_POINT('',(95.355401827398,95.934839854272,
    126.8517685271));
#10602 = CARTESIAN_POINT('',(95.375468591085,95.891063307763,
    126.89916803978));
#10603 = CARTESIAN_POINT('',(95.395933176358,95.845426844305,
    126.94556534582));
#10604 = CARTESIAN_POINT('',(95.416740804619,95.797913903282,
    126.99088953987));
#10605 = CARTESIAN_POINT('',(95.472370339559,95.667613297392,
    127.10742888339));
#10606 = CARTESIAN_POINT('',(95.507673319326,95.581638730047,
    127.17673427733));
#10607 = CARTESIAN_POINT('',(95.543456964277,95.490586000491,
    127.24264649041));
#10608 = CARTESIAN_POINT('',(95.579398454628,95.394508314408,
    127.3048476222));
#10609 = CARTESIAN_POINT('',(95.61513485374,95.293542114875,
    127.36306132311));
#10610 = CARTESIAN_POINT('',(95.650274888287,95.187938274043,
    127.41707561742));
#10611 = CARTESIAN_POINT('',(95.709330277172,94.99798075698,
    127.50301675974));
#10612 = CARTESIAN_POINT('',(95.733714714388,94.915593794462,
    127.53697201983));
#10613 = CARTESIAN_POINT('',(95.757421623675,94.831092719384,
    127.56858586125));
#10614 = CARTESIAN_POINT('',(95.780305445745,94.744643767444,
    127.59784887436));
#10615 = CARTESIAN_POINT('',(95.802231221591,94.656425326198,
    127.6247846745));
#10616 = CARTESIAN_POINT('',(95.823077498684,94.566625358681,
    127.64944439279));
#10617 = CARTESIAN_POINT('',(95.852737252685,94.429070375885,
    127.68332046128));
#10618 = CARTESIAN_POINT('',(95.862429381085,94.382341440286,
    127.69417056294));
#10619 = CARTESIAN_POINT('',(95.87180203184,94.335276138051,
    127.7044612635));
#10620 = CARTESIAN_POINT('',(95.880842822735,94.287898059244,
    127.71420384337));
#10621 = CARTESIAN_POINT('',(95.88954054603,94.240230116963,
    127.72341069774));
#10622 = CARTESIAN_POINT('',(95.897885134626,94.192294398133,
    127.73209496246));
#10623 = CARTESIAN_POINT('',(95.932143311097,93.985511820086,
    127.76718007283));
#10624 = CARTESIAN_POINT('',(95.954485917692,93.824298108884,
    127.7885642636));
#10625 = CARTESIAN_POINT('',(95.972594518902,93.661143191167,
    127.80492447912));
#10626 = CARTESIAN_POINT('',(95.986275698157,93.49665469967,
    127.81678190354));
#10627 = CARTESIAN_POINT('',(95.995424285524,93.33135903069,
    127.82454436994));
#10628 = CARTESIAN_POINT('',(96.,93.165692469515,127.82842712474));
#10629 = CARTESIAN_POINT('',(96.,93.,127.82842712474));
#10630 = PCURVE('',#6671,#10631);
#10631 = DEFINITIONAL_REPRESENTATION('',(#10632),#10671);
#10632 = B_SPLINE_CURVE_WITH_KNOTS('',7,(#10633,#10634,#10635,#10636,
    #10637,#10638,#10639,#10640,#10641,#10642,#10643,#10644,#10645,
    #10646,#10647,#10648,#10649,#10650,#10651,#10652,#10653,#10654,
    #10655,#10656,#10657,#10658,#10659,#10660,#10661,#10662,#10663,
    #10664,#10665,#10666,#10667,#10668,#10669,#10670),.UNSPECIFIED.,.F.,
  .F.,(8,6,6,6,6,6,8),(0.,0.402999283855,0.495702470556,0.647536247549,
    0.758293255412,0.81461331511,1.),.UNSPECIFIED.);
#10633 = CARTESIAN_POINT('',(0.541099525957,125.));
#10634 = CARTESIAN_POINT('',(0.541099525957,125.25519773744));
#10635 = CARTESIAN_POINT('',(0.537002052994,125.51000445185));
#10636 = CARTESIAN_POINT('',(0.528829046747,125.76309785311));
#10637 = CARTESIAN_POINT('',(0.51643292629,126.0123189993));
#10638 = CARTESIAN_POINT('',(0.49962126096,126.25478400412));
#10639 = CARTESIAN_POINT('',(0.478143784384,126.48684970823));
#10640 = CARTESIAN_POINT('',(0.445578003181,126.75423631141));
#10641 = CARTESIAN_POINT('',(0.439226724153,126.80343593423));
#10642 = CARTESIAN_POINT('',(0.432612303326,126.8517685271));
#10643 = CARTESIAN_POINT('',(0.425733179289,126.89916803978));
#10644 = CARTESIAN_POINT('',(0.418588623922,126.94556534582));
#10645 = CARTESIAN_POINT('',(0.411179024879,126.99088953987));
#10646 = CARTESIAN_POINT('',(0.390939190921,127.10742888339));
#10647 = CARTESIAN_POINT('',(0.377663267566,127.17673427733));
#10648 = CARTESIAN_POINT('',(0.363689928613,127.24264649041));
#10649 = CARTESIAN_POINT('',(0.349039445601,127.3048476222));
#10650 = CARTESIAN_POINT('',(0.333743109788,127.36306132311));
#10651 = CARTESIAN_POINT('',(0.317846682609,127.41707561742));
#10652 = CARTESIAN_POINT('',(0.289428738707,127.50301675974));
#10653 = CARTESIAN_POINT('',(0.277155621177,127.53697201983));
#10654 = CARTESIAN_POINT('',(0.26462003785,127.56858586125));
#10655 = CARTESIAN_POINT('',(0.251847397742,127.59784887436));
#10656 = CARTESIAN_POINT('',(0.238863810582,127.6247846745));
#10657 = CARTESIAN_POINT('',(0.225695751144,127.64944439279));
#10658 = CARTESIAN_POINT('',(0.205593423987,127.68332046128));
#10659 = CARTESIAN_POINT('',(0.19877599415,127.69417056294));
#10660 = CARTESIAN_POINT('',(0.19192070295,127.7044612635));
#10661 = CARTESIAN_POINT('',(0.185030681674,127.71420384337));
#10662 = CARTESIAN_POINT('',(0.178108909258,127.72341069774));
#10663 = CARTESIAN_POINT('',(0.171158197537,127.73209496246));
#10664 = CARTESIAN_POINT('',(0.141215170943,127.76718007283));
#10665 = CARTESIAN_POINT('',(0.117972658973,127.7885642636));
#10666 = CARTESIAN_POINT('',(9.453564609826E-02,127.80492447912));
#10667 = CARTESIAN_POINT('',(7.097232761889E-02,127.81678190354));
#10668 = CARTESIAN_POINT('',(4.733700671649E-02,127.82454436994));
#10669 = CARTESIAN_POINT('',(2.36703527878E-02,127.82842712474));
#10670 = CARTESIAN_POINT('',(0.,127.82842712474));
#10671 = ( GEOMETRIC_REPRESENTATION_CONTEXT(2) 
PARAMETRIC_REPRESENTATION_CONTEXT() REPRESENTATION_CONTEXT('2D SPACE',''
  ) );
#10672 = PCURVE('',#10673,#10678);
#10673 = TOROIDAL_SURFACE('',#10674,4.,3.);
#10674 = AXIS2_PLACEMENT_3D('',#10675,#10676,#10677);
#10675 = CARTESIAN_POINT('',(101.,93.,125.));
#10676 = DIRECTION('',(0.,0.,1.));
#10677 = DIRECTION('',(-1.,0.,0.));
#10678 = DEFINITIONAL_REPRESENTATION('',(#10679),#10718);
#10679 = B_SPLINE_CURVE_WITH_KNOTS('',7,(#10680,#10681,#10682,#10683,
    #10684,#10685,#10686,#10687,#10688,#10689,#10690,#10691,#10692,
    #10693,#10694,#10695,#10696,#10697,#10698,#10699,#10700,#10701,
    #10702,#10703,#10704,#10705,#10706,#10707,#10708,#10709,#10710,
    #10711,#10712,#10713,#10714,#10715,#10716,#10717),.UNSPECIFIED.,.F.,
  .F.,(8,6,6,6,6,6,8),(0.,0.402999283855,0.495702470556,0.647536247549,
    0.758293255412,0.81461331511,1.),.UNSPECIFIED.);
#10680 = CARTESIAN_POINT('',(5.742085781223,0.));
#10681 = CARTESIAN_POINT('',(5.742085781223,8.506591248064E-02));
#10682 = CARTESIAN_POINT('',(5.74400899287,0.170002138764));
#10683 = CARTESIAN_POINT('',(5.747845873349,0.255368569283));
#10684 = CARTESIAN_POINT('',(5.753843522747,0.341453986931));
#10685 = CARTESIAN_POINT('',(5.762459865834,0.428369705635));
#10686 = CARTESIAN_POINT('',(5.774473410369,0.516120417509));
#10687 = CARTESIAN_POINT('',(5.795155522706,0.624421194449));
#10688 = CARTESIAN_POINT('',(5.799275221721,0.644679105697));
#10689 = CARTESIAN_POINT('',(5.803662406115,0.664929955835));
#10690 = CARTESIAN_POINT('',(5.808333876222,0.685159488251));
#10691 = CARTESIAN_POINT('',(5.813307283814,0.705349998429));
#10692 = CARTESIAN_POINT('',(5.818600809329,0.725479906659));
#10693 = CARTESIAN_POINT('',(5.833457250707,0.778351423162));
#10694 = CARTESIAN_POINT('',(5.843591667778,0.810954788451));
#10695 = CARTESIAN_POINT('',(5.854714313595,0.843208286801));
#10696 = CARTESIAN_POINT('',(5.866903784586,0.874965266538));
#10697 = CARTESIAN_POINT('',(5.880234497672,0.90605030463));
#10698 = CARTESIAN_POINT('',(5.894763510978,0.936258852426));
#10699 = CARTESIAN_POINT('',(5.921994251909,0.98659473725));
#10700 = CARTESIAN_POINT('',(5.934128839249,1.007241997529));
#10701 = CARTESIAN_POINT('',(5.946920541652,1.027218634741));
#10702 = CARTESIAN_POINT('',(5.960370355877,1.046438383246));
#10703 = CARTESIAN_POINT('',(5.974470604338,1.064817229072));
#10704 = CARTESIAN_POINT('',(5.989203325708,1.082274994502));
#10705 = CARTESIAN_POINT('',(6.012336702622,1.10710783117));
#10706 = CARTESIAN_POINT('',(6.020290900086,1.115221613567));
#10707 = CARTESIAN_POINT('',(6.02839763398,1.123068698813));
#10708 = CARTESIAN_POINT('',(6.036652687154,1.130640033074));
#10709 = CARTESIAN_POINT('',(6.045051275851,1.13792710441));
#10710 = CARTESIAN_POINT('',(6.053588076291,1.144921967438));
#10711 = CARTESIAN_POINT('',(6.090793258104,1.173655944499));
#10712 = CARTESIAN_POINT('',(6.120752756388,1.192440472309));
#10713 = CARTESIAN_POINT('',(6.151941962299,1.20772547333));
#10714 = CARTESIAN_POINT('',(6.184100054206,1.219313588234));
#10715 = CARTESIAN_POINT('',(6.216913711009,1.227076957176));
#10716 = CARTESIAN_POINT('',(6.250046813277,1.230959417341));
#10717 = CARTESIAN_POINT('',(6.28318530718,1.230959417341));
#10718 = ( GEOMETRIC_REPRESENTATION_CONTEXT(2) 
PARAMETRIC_REPRESENTATION_CONTEXT() REPRESENTATION_CONTEXT('2D SPACE',''
  ) );
#10719 = ORIENTED_EDGE('',*,*,#10720,.F.);
#10720 = EDGE_CURVE('',#10721,#10588,#10723,.T.);
#10721 = VERTEX_POINT('',#10722);
#10722 = CARTESIAN_POINT('',(95.,96.605551275464,4.));
#10723 = SURFACE_CURVE('',#10724,(#10728,#10734),.PCURVE_S1.);
#10724 = LINE('',#10725,#10726);
#10725 = CARTESIAN_POINT('',(95.,96.605551275464,0.));
#10726 = VECTOR('',#10727,1.);
#10727 = DIRECTION('',(0.,0.,1.));
#10728 = PCURVE('',#6671,#10729);
#10729 = DEFINITIONAL_REPRESENTATION('',(#10730),#10733);
#10730 = B_SPLINE_CURVE_WITH_KNOTS('',1,(#10731,#10732),.UNSPECIFIED.,
  .F.,.F.,(2,2),(3.9999994,125.0000006),.PIECEWISE_BEZIER_KNOTS.);
#10731 = CARTESIAN_POINT('',(0.541099525957,3.9999994));
#10732 = CARTESIAN_POINT('',(0.541099525957,125.0000006));
#10733 = ( GEOMETRIC_REPRESENTATION_CONTEXT(2) 
PARAMETRIC_REPRESENTATION_CONTEXT() REPRESENTATION_CONTEXT('2D SPACE',''
  ) );
#10734 = PCURVE('',#10735,#10740);
#10735 = CYLINDRICAL_SURFACE('',#10736,7.);
#10736 = AXIS2_PLACEMENT_3D('',#10737,#10738,#10739);
#10737 = CARTESIAN_POINT('',(101.,93.,4.));
#10738 = DIRECTION('',(0.,0.,1.));
#10739 = DIRECTION('',(-1.,-0.,0.));
#10740 = DEFINITIONAL_REPRESENTATION('',(#10741),#10744);
#10741 = B_SPLINE_CURVE_WITH_KNOTS('',1,(#10742,#10743),.UNSPECIFIED.,
  .F.,.F.,(2,2),(3.9999994,125.0000006),.PIECEWISE_BEZIER_KNOTS.);
#10742 = CARTESIAN_POINT('',(5.742085781223,-5.999999999062E-07));
#10743 = CARTESIAN_POINT('',(5.742085781223,121.0000006));
#10744 = ( GEOMETRIC_REPRESENTATION_CONTEXT(2) 
PARAMETRIC_REPRESENTATION_CONTEXT() REPRESENTATION_CONTEXT('2D SPACE',''
  ) );
#10745 = ORIENTED_EDGE('',*,*,#10746,.F.);
#10746 = EDGE_CURVE('',#10747,#10721,#10749,.T.);
#10747 = VERTEX_POINT('',#10748);
#10748 = CARTESIAN_POINT('',(96.,93.,4.));
#10749 = SURFACE_CURVE('',#10750,(#10755,#10762),.PCURVE_S1.);
#10750 = CIRCLE('',#10751,7.);
#10751 = AXIS2_PLACEMENT_3D('',#10752,#10753,#10754);
#10752 = CARTESIAN_POINT('',(89.,93.,4.));
#10753 = DIRECTION('',(0.,0.,1.));
#10754 = DIRECTION('',(1.,0.,-0.));
#10755 = PCURVE('',#6671,#10756);
#10756 = DEFINITIONAL_REPRESENTATION('',(#10757),#10761);
#10757 = LINE('',#10758,#10759);
#10758 = CARTESIAN_POINT('',(0.,4.));
#10759 = VECTOR('',#10760,1.);
#10760 = DIRECTION('',(1.,0.));
#10761 = ( GEOMETRIC_REPRESENTATION_CONTEXT(2) 
PARAMETRIC_REPRESENTATION_CONTEXT() REPRESENTATION_CONTEXT('2D SPACE',''
  ) );
#10762 = PCURVE('',#10763,#10768);
#10763 = PLANE('',#10764);
#10764 = AXIS2_PLACEMENT_3D('',#10765,#10766,#10767);
#10765 = CARTESIAN_POINT('',(94.,84.,4.));
#10766 = DIRECTION('',(0.,0.,1.));
#10767 = DIRECTION('',(1.,0.,-0.));
#10768 = DEFINITIONAL_REPRESENTATION('',(#10769),#10773);
#10769 = CIRCLE('',#10770,7.);
#10770 = AXIS2_PLACEMENT_2D('',#10771,#10772);
#10771 = CARTESIAN_POINT('',(-5.,9.));
#10772 = DIRECTION('',(1.,0.));
#10773 = ( GEOMETRIC_REPRESENTATION_CONTEXT(2) 
PARAMETRIC_REPRESENTATION_CONTEXT() REPRESENTATION_CONTEXT('2D SPACE',''
  ) );
#10774 = ORIENTED_EDGE('',*,*,#10775,.F.);
#10775 = EDGE_CURVE('',#10776,#10747,#10778,.T.);
#10776 = VERTEX_POINT('',#10777);
#10777 = CARTESIAN_POINT('',(96.,93.,0.5));
#10778 = SURFACE_CURVE('',#10779,(#10783,#10790),.PCURVE_S1.);
#10779 = LINE('',#10780,#10781);
#10780 = CARTESIAN_POINT('',(96.,93.,0.));
#10781 = VECTOR('',#10782,1.);
#10782 = DIRECTION('',(0.,0.,1.));
#10783 = PCURVE('',#6671,#10784);
#10784 = DEFINITIONAL_REPRESENTATION('',(#10785),#10789);
#10785 = LINE('',#10786,#10787);
#10786 = CARTESIAN_POINT('',(0.,0.));
#10787 = VECTOR('',#10788,1.);
#10788 = DIRECTION('',(0.,1.));
#10789 = ( GEOMETRIC_REPRESENTATION_CONTEXT(2) 
PARAMETRIC_REPRESENTATION_CONTEXT() REPRESENTATION_CONTEXT('2D SPACE',''
  ) );
#10790 = PCURVE('',#10791,#10796);
#10791 = PLANE('',#10792);
#10792 = AXIS2_PLACEMENT_3D('',#10793,#10794,#10795);
#10793 = CARTESIAN_POINT('',(96.,0.,0.));
#10794 = DIRECTION('',(1.,0.,-0.));
#10795 = DIRECTION('',(0.,0.,1.));
#10796 = DEFINITIONAL_REPRESENTATION('',(#10797),#10801);
#10797 = LINE('',#10798,#10799);
#10798 = CARTESIAN_POINT('',(0.,-93.));
#10799 = VECTOR('',#10800,1.);
#10800 = DIRECTION('',(1.,0.));
#10801 = ( GEOMETRIC_REPRESENTATION_CONTEXT(2) 
PARAMETRIC_REPRESENTATION_CONTEXT() REPRESENTATION_CONTEXT('2D SPACE',''
  ) );
#10802 = ORIENTED_EDGE('',*,*,#10803,.F.);
#10803 = EDGE_CURVE('',#10804,#10776,#10806,.T.);
#10804 = VERTEX_POINT('',#10805);
#10805 = CARTESIAN_POINT('',(89.,100.,0.5));
#10806 = SURFACE_CURVE('',#10807,(#10812,#10819),.PCURVE_S1.);
#10807 = CIRCLE('',#10808,7.);
#10808 = AXIS2_PLACEMENT_3D('',#10809,#10810,#10811);
#10809 = CARTESIAN_POINT('',(89.,93.,0.5));
#10810 = DIRECTION('',(0.,0.,-1.));
#10811 = DIRECTION('',(0.,1.,0.));
#10812 = PCURVE('',#6671,#10813);
#10813 = DEFINITIONAL_REPRESENTATION('',(#10814),#10818);
#10814 = LINE('',#10815,#10816);
#10815 = CARTESIAN_POINT('',(1.570796326795,0.5));
#10816 = VECTOR('',#10817,1.);
#10817 = DIRECTION('',(-1.,-0.));
#10818 = ( GEOMETRIC_REPRESENTATION_CONTEXT(2) 
PARAMETRIC_REPRESENTATION_CONTEXT() REPRESENTATION_CONTEXT('2D SPACE',''
  ) );
#10819 = PCURVE('',#10820,#10825);
#10820 = TOROIDAL_SURFACE('',#10821,6.5,0.5);
#10821 = AXIS2_PLACEMENT_3D('',#10822,#10823,#10824);
#10822 = CARTESIAN_POINT('',(89.,93.,0.5));
#10823 = DIRECTION('',(-0.,-0.,-1.));
#10824 = DIRECTION('',(0.,1.,-0.));
#10825 = DEFINITIONAL_REPRESENTATION('',(#10826),#10830);
#10826 = LINE('',#10827,#10828);
#10827 = CARTESIAN_POINT('',(0.,0.));
#10828 = VECTOR('',#10829,1.);
#10829 = DIRECTION('',(1.,0.));
#10830 = ( GEOMETRIC_REPRESENTATION_CONTEXT(2) 
PARAMETRIC_REPRESENTATION_CONTEXT() REPRESENTATION_CONTEXT('2D SPACE',''
  ) );
#10831 = ORIENTED_EDGE('',*,*,#10832,.T.);
#10832 = EDGE_CURVE('',#10804,#6633,#10833,.T.);
#10833 = SURFACE_CURVE('',#10834,(#10838,#10845),.PCURVE_S1.);
#10834 = LINE('',#10835,#10836);
#10835 = CARTESIAN_POINT('',(89.,100.,0.));
#10836 = VECTOR('',#10837,1.);
#10837 = DIRECTION('',(0.,0.,1.));
#10838 = PCURVE('',#6671,#10839);
#10839 = DEFINITIONAL_REPRESENTATION('',(#10840),#10844);
#10840 = LINE('',#10841,#10842);
#10841 = CARTESIAN_POINT('',(1.570796326795,0.));
#10842 = VECTOR('',#10843,1.);
#10843 = DIRECTION('',(0.,1.));
#10844 = ( GEOMETRIC_REPRESENTATION_CONTEXT(2) 
PARAMETRIC_REPRESENTATION_CONTEXT() REPRESENTATION_CONTEXT('2D SPACE',''
  ) );
#10845 = PCURVE('',#6704,#10846);
#10846 = DEFINITIONAL_REPRESENTATION('',(#10847),#10851);
#10847 = LINE('',#10848,#10849);
#10848 = CARTESIAN_POINT('',(0.,89.));
#10849 = VECTOR('',#10850,1.);
#10850 = DIRECTION('',(1.,0.));
#10851 = ( GEOMETRIC_REPRESENTATION_CONTEXT(2) 
PARAMETRIC_REPRESENTATION_CONTEXT() REPRESENTATION_CONTEXT('2D SPACE',''
  ) );
#10852 = ORIENTED_EDGE('',*,*,#6656,.T.);
#10853 = ADVANCED_FACE('',(#10854),#6704,.T.);
#10854 = FACE_BOUND('',#10855,.T.);
#10855 = EDGE_LOOP('',(#10856,#10857,#10858,#10859));
#10856 = ORIENTED_EDGE('',*,*,#10152,.T.);
#10857 = ORIENTED_EDGE('',*,*,#6688,.T.);
#10858 = ORIENTED_EDGE('',*,*,#10832,.F.);
#10859 = ORIENTED_EDGE('',*,*,#10860,.F.);
#10860 = EDGE_CURVE('',#10153,#10804,#10861,.T.);
#10861 = SURFACE_CURVE('',#10862,(#10866,#10873),.PCURVE_S1.);
#10862 = LINE('',#10863,#10864);
#10863 = CARTESIAN_POINT('',(7.,100.,0.5));
#10864 = VECTOR('',#10865,1.);
#10865 = DIRECTION('',(1.,0.,-0.));
#10866 = PCURVE('',#6704,#10867);
#10867 = DEFINITIONAL_REPRESENTATION('',(#10868),#10872);
#10868 = LINE('',#10869,#10870);
#10869 = CARTESIAN_POINT('',(0.5,7.));
#10870 = VECTOR('',#10871,1.);
#10871 = DIRECTION('',(0.,1.));
#10872 = ( GEOMETRIC_REPRESENTATION_CONTEXT(2) 
PARAMETRIC_REPRESENTATION_CONTEXT() REPRESENTATION_CONTEXT('2D SPACE',''
  ) );
#10873 = PCURVE('',#10874,#10879);
#10874 = CYLINDRICAL_SURFACE('',#10875,0.5);
#10875 = AXIS2_PLACEMENT_3D('',#10876,#10877,#10878);
#10876 = CARTESIAN_POINT('',(7.,99.5,0.5));
#10877 = DIRECTION('',(1.,0.,-0.));
#10878 = DIRECTION('',(0.,1.,0.));
#10879 = DEFINITIONAL_REPRESENTATION('',(#10880),#10884);
#10880 = LINE('',#10881,#10882);
#10881 = CARTESIAN_POINT('',(6.28318530718,0.));
#10882 = VECTOR('',#10883,1.);
#10883 = DIRECTION('',(-0.,1.));
#10884 = ( GEOMETRIC_REPRESENTATION_CONTEXT(2) 
PARAMETRIC_REPRESENTATION_CONTEXT() REPRESENTATION_CONTEXT('2D SPACE',''
  ) );
#10885 = ADVANCED_FACE('',(#10886),#6877,.F.);
#10886 = FACE_BOUND('',#10887,.F.);
#10887 = EDGE_LOOP('',(#10888,#10889,#10890,#10891));
#10888 = ORIENTED_EDGE('',*,*,#10254,.F.);
#10889 = ORIENTED_EDGE('',*,*,#9381,.T.);
#10890 = ORIENTED_EDGE('',*,*,#10019,.T.);
#10891 = ORIENTED_EDGE('',*,*,#6863,.F.);
#10892 = ADVANCED_FACE('',(#10893),#6932,.T.);
#10893 = FACE_BOUND('',#10894,.F.);
#10894 = EDGE_LOOP('',(#10895));
#10895 = ORIENTED_EDGE('',*,*,#6917,.F.);
#10896 = ADVANCED_FACE('',(#10897),#6987,.T.);
#10897 = FACE_BOUND('',#10898,.F.);
#10898 = EDGE_LOOP('',(#10899));
#10899 = ORIENTED_EDGE('',*,*,#6972,.F.);
#10900 = ADVANCED_FACE('',(#10901),#7458,.T.);
#10901 = FACE_BOUND('',#10902,.F.);
#10902 = EDGE_LOOP('',(#10903));
#10903 = ORIENTED_EDGE('',*,*,#7443,.F.);
#10904 = ADVANCED_FACE('',(#10905),#7513,.T.);
#10905 = FACE_BOUND('',#10906,.F.);
#10906 = EDGE_LOOP('',(#10907));
#10907 = ORIENTED_EDGE('',*,*,#7498,.F.);
#10908 = ADVANCED_FACE('',(#10909),#7610,.T.);
#10909 = FACE_BOUND('',#10910,.T.);
#10910 = EDGE_LOOP('',(#10911,#10912));
#10911 = ORIENTED_EDGE('',*,*,#7595,.F.);
#10912 = ORIENTED_EDGE('',*,*,#9880,.T.);
#10913 = ADVANCED_FACE('',(#10914,#10917),#7769,.F.);
#10914 = FACE_BOUND('',#10915,.F.);
#10915 = EDGE_LOOP('',(#10916));
#10916 = ORIENTED_EDGE('',*,*,#7754,.T.);
#10917 = FACE_BOUND('',#10918,.F.);
#10918 = EDGE_LOOP('',(#10919));
#10919 = ORIENTED_EDGE('',*,*,#10920,.F.);
#10920 = EDGE_CURVE('',#10921,#10921,#10923,.T.);
#10921 = VERTEX_POINT('',#10922);
#10922 = CARTESIAN_POINT('',(23.75,76.,37.15));
#10923 = SURFACE_CURVE('',#10924,(#10929,#10936),.PCURVE_S1.);
#10924 = CIRCLE('',#10925,1.4);
#10925 = AXIS2_PLACEMENT_3D('',#10926,#10927,#10928);
#10926 = CARTESIAN_POINT('',(23.75,76.,35.75));
#10927 = DIRECTION('',(0.,1.,0.));
#10928 = DIRECTION('',(0.,-0.,1.));
#10929 = PCURVE('',#7769,#10930);
#10930 = DEFINITIONAL_REPRESENTATION('',(#10931),#10935);
#10931 = CIRCLE('',#10932,1.4);
#10932 = AXIS2_PLACEMENT_2D('',#10933,#10934);
#10933 = CARTESIAN_POINT('',(0.,0.));
#10934 = DIRECTION('',(1.,0.));
#10935 = ( GEOMETRIC_REPRESENTATION_CONTEXT(2) 
PARAMETRIC_REPRESENTATION_CONTEXT() REPRESENTATION_CONTEXT('2D SPACE',''
  ) );
#10936 = PCURVE('',#10937,#10942);
#10937 = CYLINDRICAL_SURFACE('',#10938,1.4);
#10938 = AXIS2_PLACEMENT_3D('',#10939,#10940,#10941);
#10939 = CARTESIAN_POINT('',(23.75,75.,35.75));
#10940 = DIRECTION('',(0.,1.,0.));
#10941 = DIRECTION('',(0.,-0.,1.));
#10942 = DEFINITIONAL_REPRESENTATION('',(#10943),#10947);
#10943 = LINE('',#10944,#10945);
#10944 = CARTESIAN_POINT('',(0.,1.));
#10945 = VECTOR('',#10946,1.);
#10946 = DIRECTION('',(1.,0.));
#10947 = ( GEOMETRIC_REPRESENTATION_CONTEXT(2) 
PARAMETRIC_REPRESENTATION_CONTEXT() REPRESENTATION_CONTEXT('2D SPACE',''
  ) );
#10948 = ADVANCED_FACE('',(#10949,#10952),#7824,.F.);
#10949 = FACE_BOUND('',#10950,.F.);
#10950 = EDGE_LOOP('',(#10951));
#10951 = ORIENTED_EDGE('',*,*,#7809,.T.);
#10952 = FACE_BOUND('',#10953,.F.);
#10953 = EDGE_LOOP('',(#10954));
#10954 = ORIENTED_EDGE('',*,*,#10955,.F.);
#10955 = EDGE_CURVE('',#10956,#10956,#10958,.T.);
#10956 = VERTEX_POINT('',#10957);
#10957 = CARTESIAN_POINT('',(23.75,76.,57.65));
#10958 = SURFACE_CURVE('',#10959,(#10964,#10971),.PCURVE_S1.);
#10959 = CIRCLE('',#10960,1.4);
#10960 = AXIS2_PLACEMENT_3D('',#10961,#10962,#10963);
#10961 = CARTESIAN_POINT('',(23.75,76.,56.25));
#10962 = DIRECTION('',(0.,1.,0.));
#10963 = DIRECTION('',(0.,-0.,1.));
#10964 = PCURVE('',#7824,#10965);
#10965 = DEFINITIONAL_REPRESENTATION('',(#10966),#10970);
#10966 = CIRCLE('',#10967,1.4);
#10967 = AXIS2_PLACEMENT_2D('',#10968,#10969);
#10968 = CARTESIAN_POINT('',(0.,0.));
#10969 = DIRECTION('',(1.,0.));
#10970 = ( GEOMETRIC_REPRESENTATION_CONTEXT(2) 
PARAMETRIC_REPRESENTATION_CONTEXT() REPRESENTATION_CONTEXT('2D SPACE',''
  ) );
#10971 = PCURVE('',#10972,#10977);
#10972 = CYLINDRICAL_SURFACE('',#10973,1.4);
#10973 = AXIS2_PLACEMENT_3D('',#10974,#10975,#10976);
#10974 = CARTESIAN_POINT('',(23.75,75.,56.25));
#10975 = DIRECTION('',(0.,1.,0.));
#10976 = DIRECTION('',(0.,-0.,1.));
#10977 = DEFINITIONAL_REPRESENTATION('',(#10978),#10982);
#10978 = LINE('',#10979,#10980);
#10979 = CARTESIAN_POINT('',(0.,1.));
#10980 = VECTOR('',#10981,1.);
#10981 = DIRECTION('',(1.,0.));
#10982 = ( GEOMETRIC_REPRESENTATION_CONTEXT(2) 
PARAMETRIC_REPRESENTATION_CONTEXT() REPRESENTATION_CONTEXT('2D SPACE',''
  ) );
#10983 = ADVANCED_FACE('',(#10984,#10987),#7879,.F.);
#10984 = FACE_BOUND('',#10985,.F.);
#10985 = EDGE_LOOP('',(#10986));
#10986 = ORIENTED_EDGE('',*,*,#7864,.T.);
#10987 = FACE_BOUND('',#10988,.F.);
#10988 = EDGE_LOOP('',(#10989));
#10989 = ORIENTED_EDGE('',*,*,#10990,.F.);
#10990 = EDGE_CURVE('',#10991,#10991,#10993,.T.);
#10991 = VERTEX_POINT('',#10992);
#10992 = CARTESIAN_POINT('',(27.68,76.,75.94));
#10993 = SURFACE_CURVE('',#10994,(#10999,#11006),.PCURVE_S1.);
#10994 = CIRCLE('',#10995,1.4);
#10995 = AXIS2_PLACEMENT_3D('',#10996,#10997,#10998);
#10996 = CARTESIAN_POINT('',(27.68,76.,74.54));
#10997 = DIRECTION('',(0.,1.,0.));
#10998 = DIRECTION('',(0.,-0.,1.));
#10999 = PCURVE('',#7879,#11000);
#11000 = DEFINITIONAL_REPRESENTATION('',(#11001),#11005);
#11001 = CIRCLE('',#11002,1.4);
#11002 = AXIS2_PLACEMENT_2D('',#11003,#11004);
#11003 = CARTESIAN_POINT('',(0.,0.));
#11004 = DIRECTION('',(1.,0.));
#11005 = ( GEOMETRIC_REPRESENTATION_CONTEXT(2) 
PARAMETRIC_REPRESENTATION_CONTEXT() REPRESENTATION_CONTEXT('2D SPACE',''
  ) );
#11006 = PCURVE('',#11007,#11012);
#11007 = CYLINDRICAL_SURFACE('',#11008,1.4);
#11008 = AXIS2_PLACEMENT_3D('',#11009,#11010,#11011);
#11009 = CARTESIAN_POINT('',(27.68,75.,74.54));
#11010 = DIRECTION('',(0.,1.,0.));
#11011 = DIRECTION('',(0.,-0.,1.));
#11012 = DEFINITIONAL_REPRESENTATION('',(#11013),#11017);
#11013 = LINE('',#11014,#11015);
#11014 = CARTESIAN_POINT('',(0.,1.));
#11015 = VECTOR('',#11016,1.);
#11016 = DIRECTION('',(1.,0.));
#11017 = ( GEOMETRIC_REPRESENTATION_CONTEXT(2) 
PARAMETRIC_REPRESENTATION_CONTEXT() REPRESENTATION_CONTEXT('2D SPACE',''
  ) );
#11018 = ADVANCED_FACE('',(#11019,#11022),#7934,.F.);
#11019 = FACE_BOUND('',#11020,.F.);
#11020 = EDGE_LOOP('',(#11021));
#11021 = ORIENTED_EDGE('',*,*,#7919,.T.);
#11022 = FACE_BOUND('',#11023,.F.);
#11023 = EDGE_LOOP('',(#11024));
#11024 = ORIENTED_EDGE('',*,*,#11025,.F.);
#11025 = EDGE_CURVE('',#11026,#11026,#11028,.T.);
#11026 = VERTEX_POINT('',#11027);
#11027 = CARTESIAN_POINT('',(28.95,76.,124.2));
#11028 = SURFACE_CURVE('',#11029,(#11034,#11041),.PCURVE_S1.);
#11029 = CIRCLE('',#11030,1.4);
#11030 = AXIS2_PLACEMENT_3D('',#11031,#11032,#11033);
#11031 = CARTESIAN_POINT('',(28.95,76.,122.8));
#11032 = DIRECTION('',(0.,1.,0.));
#11033 = DIRECTION('',(0.,-0.,1.));
#11034 = PCURVE('',#7934,#11035);
#11035 = DEFINITIONAL_REPRESENTATION('',(#11036),#11040);
#11036 = CIRCLE('',#11037,1.4);
#11037 = AXIS2_PLACEMENT_2D('',#11038,#11039);
#11038 = CARTESIAN_POINT('',(0.,0.));
#11039 = DIRECTION('',(1.,0.));
#11040 = ( GEOMETRIC_REPRESENTATION_CONTEXT(2) 
PARAMETRIC_REPRESENTATION_CONTEXT() REPRESENTATION_CONTEXT('2D SPACE',''
  ) );
#11041 = PCURVE('',#11042,#11047);
#11042 = CYLINDRICAL_SURFACE('',#11043,1.4);
#11043 = AXIS2_PLACEMENT_3D('',#11044,#11045,#11046);
#11044 = CARTESIAN_POINT('',(28.95,75.,122.8));
#11045 = DIRECTION('',(0.,1.,0.));
#11046 = DIRECTION('',(0.,-0.,1.));
#11047 = DEFINITIONAL_REPRESENTATION('',(#11048),#11052);
#11048 = LINE('',#11049,#11050);
#11049 = CARTESIAN_POINT('',(0.,1.));
#11050 = VECTOR('',#11051,1.);
#11051 = DIRECTION('',(1.,0.));
#11052 = ( GEOMETRIC_REPRESENTATION_CONTEXT(2) 
PARAMETRIC_REPRESENTATION_CONTEXT() REPRESENTATION_CONTEXT('2D SPACE',''
  ) );
#11053 = ADVANCED_FACE('',(#11054,#11057),#7989,.F.);
#11054 = FACE_BOUND('',#11055,.F.);
#11055 = EDGE_LOOP('',(#11056));
#11056 = ORIENTED_EDGE('',*,*,#7974,.T.);
#11057 = FACE_BOUND('',#11058,.F.);
#11058 = EDGE_LOOP('',(#11059));
#11059 = ORIENTED_EDGE('',*,*,#11060,.F.);
#11060 = EDGE_CURVE('',#11061,#11061,#11063,.T.);
#11061 = VERTEX_POINT('',#11062);
#11062 = CARTESIAN_POINT('',(68.25,76.,37.15));
#11063 = SURFACE_CURVE('',#11064,(#11069,#11076),.PCURVE_S1.);
#11064 = CIRCLE('',#11065,1.4);
#11065 = AXIS2_PLACEMENT_3D('',#11066,#11067,#11068);
#11066 = CARTESIAN_POINT('',(68.25,76.,35.75));
#11067 = DIRECTION('',(0.,1.,0.));
#11068 = DIRECTION('',(0.,-0.,1.));
#11069 = PCURVE('',#7989,#11070);
#11070 = DEFINITIONAL_REPRESENTATION('',(#11071),#11075);
#11071 = CIRCLE('',#11072,1.4);
#11072 = AXIS2_PLACEMENT_2D('',#11073,#11074);
#11073 = CARTESIAN_POINT('',(0.,0.));
#11074 = DIRECTION('',(1.,0.));
#11075 = ( GEOMETRIC_REPRESENTATION_CONTEXT(2) 
PARAMETRIC_REPRESENTATION_CONTEXT() REPRESENTATION_CONTEXT('2D SPACE',''
  ) );
#11076 = PCURVE('',#11077,#11082);
#11077 = CYLINDRICAL_SURFACE('',#11078,1.4);
#11078 = AXIS2_PLACEMENT_3D('',#11079,#11080,#11081);
#11079 = CARTESIAN_POINT('',(68.25,75.,35.75));
#11080 = DIRECTION('',(0.,1.,0.));
#11081 = DIRECTION('',(0.,-0.,1.));
#11082 = DEFINITIONAL_REPRESENTATION('',(#11083),#11087);
#11083 = LINE('',#11084,#11085);
#11084 = CARTESIAN_POINT('',(0.,1.));
#11085 = VECTOR('',#11086,1.);
#11086 = DIRECTION('',(1.,0.));
#11087 = ( GEOMETRIC_REPRESENTATION_CONTEXT(2) 
PARAMETRIC_REPRESENTATION_CONTEXT() REPRESENTATION_CONTEXT('2D SPACE',''
  ) );
#11088 = ADVANCED_FACE('',(#11089,#11092),#8044,.F.);
#11089 = FACE_BOUND('',#11090,.F.);
#11090 = EDGE_LOOP('',(#11091));
#11091 = ORIENTED_EDGE('',*,*,#8029,.T.);
#11092 = FACE_BOUND('',#11093,.F.);
#11093 = EDGE_LOOP('',(#11094));
#11094 = ORIENTED_EDGE('',*,*,#11095,.F.);
#11095 = EDGE_CURVE('',#11096,#11096,#11098,.T.);
#11096 = VERTEX_POINT('',#11097);
#11097 = CARTESIAN_POINT('',(68.25,76.,57.65));
#11098 = SURFACE_CURVE('',#11099,(#11104,#11111),.PCURVE_S1.);
#11099 = CIRCLE('',#11100,1.4);
#11100 = AXIS2_PLACEMENT_3D('',#11101,#11102,#11103);
#11101 = CARTESIAN_POINT('',(68.25,76.,56.25));
#11102 = DIRECTION('',(0.,1.,0.));
#11103 = DIRECTION('',(0.,-0.,1.));
#11104 = PCURVE('',#8044,#11105);
#11105 = DEFINITIONAL_REPRESENTATION('',(#11106),#11110);
#11106 = CIRCLE('',#11107,1.4);
#11107 = AXIS2_PLACEMENT_2D('',#11108,#11109);
#11108 = CARTESIAN_POINT('',(0.,0.));
#11109 = DIRECTION('',(1.,0.));
#11110 = ( GEOMETRIC_REPRESENTATION_CONTEXT(2) 
PARAMETRIC_REPRESENTATION_CONTEXT() REPRESENTATION_CONTEXT('2D SPACE',''
  ) );
#11111 = PCURVE('',#11112,#11117);
#11112 = CYLINDRICAL_SURFACE('',#11113,1.4);
#11113 = AXIS2_PLACEMENT_3D('',#11114,#11115,#11116);
#11114 = CARTESIAN_POINT('',(68.25,75.,56.25));
#11115 = DIRECTION('',(0.,1.,0.));
#11116 = DIRECTION('',(0.,-0.,1.));
#11117 = DEFINITIONAL_REPRESENTATION('',(#11118),#11122);
#11118 = LINE('',#11119,#11120);
#11119 = CARTESIAN_POINT('',(0.,1.));
#11120 = VECTOR('',#11121,1.);
#11121 = DIRECTION('',(1.,0.));
#11122 = ( GEOMETRIC_REPRESENTATION_CONTEXT(2) 
PARAMETRIC_REPRESENTATION_CONTEXT() REPRESENTATION_CONTEXT('2D SPACE',''
  ) );
#11123 = ADVANCED_FACE('',(#11124,#11127),#8099,.F.);
#11124 = FACE_BOUND('',#11125,.F.);
#11125 = EDGE_LOOP('',(#11126));
#11126 = ORIENTED_EDGE('',*,*,#8084,.T.);
#11127 = FACE_BOUND('',#11128,.F.);
#11128 = EDGE_LOOP('',(#11129));
#11129 = ORIENTED_EDGE('',*,*,#11130,.F.);
#11130 = EDGE_CURVE('',#11131,#11131,#11133,.T.);
#11131 = VERTEX_POINT('',#11132);
#11132 = CARTESIAN_POINT('',(79.75,76.,81.02));
#11133 = SURFACE_CURVE('',#11134,(#11139,#11146),.PCURVE_S1.);
#11134 = CIRCLE('',#11135,1.4);
#11135 = AXIS2_PLACEMENT_3D('',#11136,#11137,#11138);
#11136 = CARTESIAN_POINT('',(79.75,76.,79.62));
#11137 = DIRECTION('',(0.,1.,0.));
#11138 = DIRECTION('',(0.,-0.,1.));
#11139 = PCURVE('',#8099,#11140);
#11140 = DEFINITIONAL_REPRESENTATION('',(#11141),#11145);
#11141 = CIRCLE('',#11142,1.4);
#11142 = AXIS2_PLACEMENT_2D('',#11143,#11144);
#11143 = CARTESIAN_POINT('',(0.,0.));
#11144 = DIRECTION('',(1.,0.));
#11145 = ( GEOMETRIC_REPRESENTATION_CONTEXT(2) 
PARAMETRIC_REPRESENTATION_CONTEXT() REPRESENTATION_CONTEXT('2D SPACE',''
  ) );
#11146 = PCURVE('',#11147,#11152);
#11147 = CYLINDRICAL_SURFACE('',#11148,1.4);
#11148 = AXIS2_PLACEMENT_3D('',#11149,#11150,#11151);
#11149 = CARTESIAN_POINT('',(79.75,75.,79.62));
#11150 = DIRECTION('',(0.,1.,0.));
#11151 = DIRECTION('',(0.,-0.,1.));
#11152 = DEFINITIONAL_REPRESENTATION('',(#11153),#11157);
#11153 = LINE('',#11154,#11155);
#11154 = CARTESIAN_POINT('',(0.,1.));
#11155 = VECTOR('',#11156,1.);
#11156 = DIRECTION('',(1.,0.));
#11157 = ( GEOMETRIC_REPRESENTATION_CONTEXT(2) 
PARAMETRIC_REPRESENTATION_CONTEXT() REPRESENTATION_CONTEXT('2D SPACE',''
  ) );
#11158 = ADVANCED_FACE('',(#11159,#11162),#8154,.F.);
#11159 = FACE_BOUND('',#11160,.F.);
#11160 = EDGE_LOOP('',(#11161));
#11161 = ORIENTED_EDGE('',*,*,#8139,.T.);
#11162 = FACE_BOUND('',#11163,.F.);
#11163 = EDGE_LOOP('',(#11164));
#11164 = ORIENTED_EDGE('',*,*,#11165,.F.);
#11165 = EDGE_CURVE('',#11166,#11166,#11168,.T.);
#11166 = VERTEX_POINT('',#11167);
#11167 = CARTESIAN_POINT('',(79.75,76.,108.96));
#11168 = SURFACE_CURVE('',#11169,(#11174,#11181),.PCURVE_S1.);
#11169 = CIRCLE('',#11170,1.4);
#11170 = AXIS2_PLACEMENT_3D('',#11171,#11172,#11173);
#11171 = CARTESIAN_POINT('',(79.75,76.,107.56));
#11172 = DIRECTION('',(0.,1.,0.));
#11173 = DIRECTION('',(0.,-0.,1.));
#11174 = PCURVE('',#8154,#11175);
#11175 = DEFINITIONAL_REPRESENTATION('',(#11176),#11180);
#11176 = CIRCLE('',#11177,1.4);
#11177 = AXIS2_PLACEMENT_2D('',#11178,#11179);
#11178 = CARTESIAN_POINT('',(0.,0.));
#11179 = DIRECTION('',(1.,0.));
#11180 = ( GEOMETRIC_REPRESENTATION_CONTEXT(2) 
PARAMETRIC_REPRESENTATION_CONTEXT() REPRESENTATION_CONTEXT('2D SPACE',''
  ) );
#11181 = PCURVE('',#11182,#11187);
#11182 = CYLINDRICAL_SURFACE('',#11183,1.4);
#11183 = AXIS2_PLACEMENT_3D('',#11184,#11185,#11186);
#11184 = CARTESIAN_POINT('',(79.75,75.,107.56));
#11185 = DIRECTION('',(0.,1.,0.));
#11186 = DIRECTION('',(0.,-0.,1.));
#11187 = DEFINITIONAL_REPRESENTATION('',(#11188),#11192);
#11188 = LINE('',#11189,#11190);
#11189 = CARTESIAN_POINT('',(0.,1.));
#11190 = VECTOR('',#11191,1.);
#11191 = DIRECTION('',(1.,0.));
#11192 = ( GEOMETRIC_REPRESENTATION_CONTEXT(2) 
PARAMETRIC_REPRESENTATION_CONTEXT() REPRESENTATION_CONTEXT('2D SPACE',''
  ) );
#11193 = ADVANCED_FACE('',(#11194),#8301,.T.);
#11194 = FACE_BOUND('',#11195,.T.);
#11195 = EDGE_LOOP('',(#11196,#11197,#11198,#11199));
#11196 = ORIENTED_EDGE('',*,*,#8565,.F.);
#11197 = ORIENTED_EDGE('',*,*,#8287,.T.);
#11198 = ORIENTED_EDGE('',*,*,#8827,.T.);
#11199 = ORIENTED_EDGE('',*,*,#11200,.F.);
#11200 = EDGE_CURVE('',#8538,#8805,#11201,.T.);
#11201 = SURFACE_CURVE('',#11202,(#11206,#11213),.PCURVE_S1.);
#11202 = LINE('',#11203,#11204);
#11203 = CARTESIAN_POINT('',(12.,34.,21.));
#11204 = VECTOR('',#11205,1.);
#11205 = DIRECTION('',(1.,0.,-0.));
#11206 = PCURVE('',#8301,#11207);
#11207 = DEFINITIONAL_REPRESENTATION('',(#11208),#11212);
#11208 = LINE('',#11209,#11210);
#11209 = CARTESIAN_POINT('',(0.,4.));
#11210 = VECTOR('',#11211,1.);
#11211 = DIRECTION('',(1.,0.));
#11212 = ( GEOMETRIC_REPRESENTATION_CONTEXT(2) 
PARAMETRIC_REPRESENTATION_CONTEXT() REPRESENTATION_CONTEXT('2D SPACE',''
  ) );
#11213 = PCURVE('',#8553,#11214);
#11214 = DEFINITIONAL_REPRESENTATION('',(#11215),#11219);
#11215 = LINE('',#11216,#11217);
#11216 = CARTESIAN_POINT('',(9.,0.));
#11217 = VECTOR('',#11218,1.);
#11218 = DIRECTION('',(0.,1.));
#11219 = ( GEOMETRIC_REPRESENTATION_CONTEXT(2) 
PARAMETRIC_REPRESENTATION_CONTEXT() REPRESENTATION_CONTEXT('2D SPACE',''
  ) );
#11220 = ADVANCED_FACE('',(#11221),#8333,.F.);
#11221 = FACE_BOUND('',#11222,.F.);
#11222 = EDGE_LOOP('',(#11223,#11244,#11245,#11266));
#11223 = ORIENTED_EDGE('',*,*,#11224,.F.);
#11224 = EDGE_CURVE('',#8316,#8640,#11225,.T.);
#11225 = SURFACE_CURVE('',#11226,(#11230,#11237),.PCURVE_S1.);
#11226 = LINE('',#11227,#11228);
#11227 = CARTESIAN_POINT('',(45.,29.,9.5));
#11228 = VECTOR('',#11229,1.);
#11229 = DIRECTION('',(-0.,1.,0.));
#11230 = PCURVE('',#8333,#11231);
#11231 = DEFINITIONAL_REPRESENTATION('',(#11232),#11236);
#11232 = LINE('',#11233,#11234);
#11233 = CARTESIAN_POINT('',(0.,0.));
#11234 = VECTOR('',#11235,1.);
#11235 = DIRECTION('',(0.,1.));
#11236 = ( GEOMETRIC_REPRESENTATION_CONTEXT(2) 
PARAMETRIC_REPRESENTATION_CONTEXT() REPRESENTATION_CONTEXT('2D SPACE',''
  ) );
#11237 = PCURVE('',#8361,#11238);
#11238 = DEFINITIONAL_REPRESENTATION('',(#11239),#11243);
#11239 = LINE('',#11240,#11241);
#11240 = CARTESIAN_POINT('',(2.5,0.));
#11241 = VECTOR('',#11242,1.);
#11242 = DIRECTION('',(0.,-1.));
#11243 = ( GEOMETRIC_REPRESENTATION_CONTEXT(2) 
PARAMETRIC_REPRESENTATION_CONTEXT() REPRESENTATION_CONTEXT('2D SPACE',''
  ) );
#11244 = ORIENTED_EDGE('',*,*,#8315,.T.);
#11245 = ORIENTED_EDGE('',*,*,#11246,.T.);
#11246 = EDGE_CURVE('',#8318,#8642,#11247,.T.);
#11247 = SURFACE_CURVE('',#11248,(#11252,#11259),.PCURVE_S1.);
#11248 = LINE('',#11249,#11250);
#11249 = CARTESIAN_POINT('',(51.,29.,9.5));
#11250 = VECTOR('',#11251,1.);
#11251 = DIRECTION('',(-0.,1.,0.));
#11252 = PCURVE('',#8333,#11253);
#11253 = DEFINITIONAL_REPRESENTATION('',(#11254),#11258);
#11254 = LINE('',#11255,#11256);
#11255 = CARTESIAN_POINT('',(6.,0.));
#11256 = VECTOR('',#11257,1.);
#11257 = DIRECTION('',(0.,1.));
#11258 = ( GEOMETRIC_REPRESENTATION_CONTEXT(2) 
PARAMETRIC_REPRESENTATION_CONTEXT() REPRESENTATION_CONTEXT('2D SPACE',''
  ) );
#11259 = PCURVE('',#8415,#11260);
#11260 = DEFINITIONAL_REPRESENTATION('',(#11261),#11265);
#11261 = LINE('',#11262,#11263);
#11262 = CARTESIAN_POINT('',(2.5,0.));
#11263 = VECTOR('',#11264,1.);
#11264 = DIRECTION('',(0.,-1.));
#11265 = ( GEOMETRIC_REPRESENTATION_CONTEXT(2) 
PARAMETRIC_REPRESENTATION_CONTEXT() REPRESENTATION_CONTEXT('2D SPACE',''
  ) );
#11266 = ORIENTED_EDGE('',*,*,#8639,.F.);
#11267 = ADVANCED_FACE('',(#11268),#8361,.T.);
#11268 = FACE_BOUND('',#11269,.T.);
#11269 = EDGE_LOOP('',(#11270,#11271,#11272,#11293));
#11270 = ORIENTED_EDGE('',*,*,#11224,.F.);
#11271 = ORIENTED_EDGE('',*,*,#8345,.T.);
#11272 = ORIENTED_EDGE('',*,*,#11273,.T.);
#11273 = EDGE_CURVE('',#8346,#8665,#11274,.T.);
#11274 = SURFACE_CURVE('',#11275,(#11279,#11286),.PCURVE_S1.);
#11275 = LINE('',#11276,#11277);
#11276 = CARTESIAN_POINT('',(45.,29.,7.));
#11277 = VECTOR('',#11278,1.);
#11278 = DIRECTION('',(-0.,1.,0.));
#11279 = PCURVE('',#8361,#11280);
#11280 = DEFINITIONAL_REPRESENTATION('',(#11281),#11285);
#11281 = LINE('',#11282,#11283);
#11282 = CARTESIAN_POINT('',(0.,0.));
#11283 = VECTOR('',#11284,1.);
#11284 = DIRECTION('',(0.,-1.));
#11285 = ( GEOMETRIC_REPRESENTATION_CONTEXT(2) 
PARAMETRIC_REPRESENTATION_CONTEXT() REPRESENTATION_CONTEXT('2D SPACE',''
  ) );
#11286 = PCURVE('',#8389,#11287);
#11287 = DEFINITIONAL_REPRESENTATION('',(#11288),#11292);
#11288 = LINE('',#11289,#11290);
#11289 = CARTESIAN_POINT('',(0.,0.));
#11290 = VECTOR('',#11291,1.);
#11291 = DIRECTION('',(0.,1.));
#11292 = ( GEOMETRIC_REPRESENTATION_CONTEXT(2) 
PARAMETRIC_REPRESENTATION_CONTEXT() REPRESENTATION_CONTEXT('2D SPACE',''
  ) );
#11293 = ORIENTED_EDGE('',*,*,#8664,.F.);
#11294 = ADVANCED_FACE('',(#11295),#8389,.T.);
#11295 = FACE_BOUND('',#11296,.T.);
#11296 = EDGE_LOOP('',(#11297,#11298,#11299,#11320));
#11297 = ORIENTED_EDGE('',*,*,#11273,.F.);
#11298 = ORIENTED_EDGE('',*,*,#8373,.T.);
#11299 = ORIENTED_EDGE('',*,*,#11300,.T.);
#11300 = EDGE_CURVE('',#8374,#8688,#11301,.T.);
#11301 = SURFACE_CURVE('',#11302,(#11306,#11313),.PCURVE_S1.);
#11302 = LINE('',#11303,#11304);
#11303 = CARTESIAN_POINT('',(51.,29.,7.));
#11304 = VECTOR('',#11305,1.);
#11305 = DIRECTION('',(-0.,1.,0.));
#11306 = PCURVE('',#8389,#11307);
#11307 = DEFINITIONAL_REPRESENTATION('',(#11308),#11312);
#11308 = LINE('',#11309,#11310);
#11309 = CARTESIAN_POINT('',(6.,0.));
#11310 = VECTOR('',#11311,1.);
#11311 = DIRECTION('',(0.,1.));
#11312 = ( GEOMETRIC_REPRESENTATION_CONTEXT(2) 
PARAMETRIC_REPRESENTATION_CONTEXT() REPRESENTATION_CONTEXT('2D SPACE',''
  ) );
#11313 = PCURVE('',#8415,#11314);
#11314 = DEFINITIONAL_REPRESENTATION('',(#11315),#11319);
#11315 = LINE('',#11316,#11317);
#11316 = CARTESIAN_POINT('',(0.,0.));
#11317 = VECTOR('',#11318,1.);
#11318 = DIRECTION('',(0.,-1.));
#11319 = ( GEOMETRIC_REPRESENTATION_CONTEXT(2) 
PARAMETRIC_REPRESENTATION_CONTEXT() REPRESENTATION_CONTEXT('2D SPACE',''
  ) );
#11320 = ORIENTED_EDGE('',*,*,#8687,.F.);
#11321 = ADVANCED_FACE('',(#11322),#8415,.F.);
#11322 = FACE_BOUND('',#11323,.F.);
#11323 = EDGE_LOOP('',(#11324,#11325,#11326,#11327));
#11324 = ORIENTED_EDGE('',*,*,#11246,.F.);
#11325 = ORIENTED_EDGE('',*,*,#8401,.T.);
#11326 = ORIENTED_EDGE('',*,*,#11300,.T.);
#11327 = ORIENTED_EDGE('',*,*,#8710,.F.);
#11328 = ADVANCED_FACE('',(#11329),#8469,.T.);
#11329 = FACE_BOUND('',#11330,.T.);
#11330 = EDGE_LOOP('',(#11331,#11332,#11353,#11354));
#11331 = ORIENTED_EDGE('',*,*,#8453,.F.);
#11332 = ORIENTED_EDGE('',*,*,#11333,.T.);
#11333 = EDGE_CURVE('',#8454,#8736,#11334,.T.);
#11334 = SURFACE_CURVE('',#11335,(#11339,#11346),.PCURVE_S1.);
#11335 = LINE('',#11336,#11337);
#11336 = CARTESIAN_POINT('',(12.,56.,21.));
#11337 = VECTOR('',#11338,1.);
#11338 = DIRECTION('',(1.,0.,-0.));
#11339 = PCURVE('',#8469,#11340);
#11340 = DEFINITIONAL_REPRESENTATION('',(#11341),#11345);
#11341 = LINE('',#11342,#11343);
#11342 = CARTESIAN_POINT('',(0.,0.));
#11343 = VECTOR('',#11344,1.);
#11344 = DIRECTION('',(1.,0.));
#11345 = ( GEOMETRIC_REPRESENTATION_CONTEXT(2) 
PARAMETRIC_REPRESENTATION_CONTEXT() REPRESENTATION_CONTEXT('2D SPACE',''
  ) );
#11346 = PCURVE('',#8497,#11347);
#11347 = DEFINITIONAL_REPRESENTATION('',(#11348),#11352);
#11348 = LINE('',#11349,#11350);
#11349 = CARTESIAN_POINT('',(9.,0.));
#11350 = VECTOR('',#11351,1.);
#11351 = DIRECTION('',(0.,1.));
#11352 = ( GEOMETRIC_REPRESENTATION_CONTEXT(2) 
PARAMETRIC_REPRESENTATION_CONTEXT() REPRESENTATION_CONTEXT('2D SPACE',''
  ) );
#11353 = ORIENTED_EDGE('',*,*,#8735,.T.);
#11354 = ORIENTED_EDGE('',*,*,#8616,.F.);
#11355 = ADVANCED_FACE('',(#11356),#8497,.F.);
#11356 = FACE_BOUND('',#11357,.F.);
#11357 = EDGE_LOOP('',(#11358,#11379,#11380,#11381));
#11358 = ORIENTED_EDGE('',*,*,#11359,.F.);
#11359 = EDGE_CURVE('',#8482,#8759,#11360,.T.);
#11360 = SURFACE_CURVE('',#11361,(#11365,#11372),.PCURVE_S1.);
#11361 = LINE('',#11362,#11363);
#11362 = CARTESIAN_POINT('',(12.,56.,12.));
#11363 = VECTOR('',#11364,1.);
#11364 = DIRECTION('',(1.,0.,-0.));
#11365 = PCURVE('',#8497,#11366);
#11366 = DEFINITIONAL_REPRESENTATION('',(#11367),#11371);
#11367 = LINE('',#11368,#11369);
#11368 = CARTESIAN_POINT('',(0.,0.));
#11369 = VECTOR('',#11370,1.);
#11370 = DIRECTION('',(0.,1.));
#11371 = ( GEOMETRIC_REPRESENTATION_CONTEXT(2) 
PARAMETRIC_REPRESENTATION_CONTEXT() REPRESENTATION_CONTEXT('2D SPACE',''
  ) );
#11372 = PCURVE('',#8525,#11373);
#11373 = DEFINITIONAL_REPRESENTATION('',(#11374),#11378);
#11374 = LINE('',#11375,#11376);
#11375 = CARTESIAN_POINT('',(0.,26.));
#11376 = VECTOR('',#11377,1.);
#11377 = DIRECTION('',(1.,0.));
#11378 = ( GEOMETRIC_REPRESENTATION_CONTEXT(2) 
PARAMETRIC_REPRESENTATION_CONTEXT() REPRESENTATION_CONTEXT('2D SPACE',''
  ) );
#11379 = ORIENTED_EDGE('',*,*,#8481,.T.);
#11380 = ORIENTED_EDGE('',*,*,#11333,.T.);
#11381 = ORIENTED_EDGE('',*,*,#8758,.F.);
#11382 = ADVANCED_FACE('',(#11383),#8525,.T.);
#11383 = FACE_BOUND('',#11384,.T.);
#11384 = EDGE_LOOP('',(#11385,#11386,#11407,#11408));
#11385 = ORIENTED_EDGE('',*,*,#8509,.F.);
#11386 = ORIENTED_EDGE('',*,*,#11387,.T.);
#11387 = EDGE_CURVE('',#8510,#8782,#11388,.T.);
#11388 = SURFACE_CURVE('',#11389,(#11393,#11400),.PCURVE_S1.);
#11389 = LINE('',#11390,#11391);
#11390 = CARTESIAN_POINT('',(12.,34.,12.));
#11391 = VECTOR('',#11392,1.);
#11392 = DIRECTION('',(1.,0.,-0.));
#11393 = PCURVE('',#8525,#11394);
#11394 = DEFINITIONAL_REPRESENTATION('',(#11395),#11399);
#11395 = LINE('',#11396,#11397);
#11396 = CARTESIAN_POINT('',(0.,4.));
#11397 = VECTOR('',#11398,1.);
#11398 = DIRECTION('',(1.,0.));
#11399 = ( GEOMETRIC_REPRESENTATION_CONTEXT(2) 
PARAMETRIC_REPRESENTATION_CONTEXT() REPRESENTATION_CONTEXT('2D SPACE',''
  ) );
#11400 = PCURVE('',#8553,#11401);
#11401 = DEFINITIONAL_REPRESENTATION('',(#11402),#11406);
#11402 = LINE('',#11403,#11404);
#11403 = CARTESIAN_POINT('',(0.,0.));
#11404 = VECTOR('',#11405,1.);
#11405 = DIRECTION('',(0.,1.));
#11406 = ( GEOMETRIC_REPRESENTATION_CONTEXT(2) 
PARAMETRIC_REPRESENTATION_CONTEXT() REPRESENTATION_CONTEXT('2D SPACE',''
  ) );
#11407 = ORIENTED_EDGE('',*,*,#8781,.T.);
#11408 = ORIENTED_EDGE('',*,*,#11359,.F.);
#11409 = ADVANCED_FACE('',(#11410),#8553,.T.);
#11410 = FACE_BOUND('',#11411,.T.);
#11411 = EDGE_LOOP('',(#11412,#11413,#11414,#11415));
#11412 = ORIENTED_EDGE('',*,*,#11387,.F.);
#11413 = ORIENTED_EDGE('',*,*,#8537,.T.);
#11414 = ORIENTED_EDGE('',*,*,#11200,.T.);
#11415 = ORIENTED_EDGE('',*,*,#8804,.F.);
#11416 = ADVANCED_FACE('',(#11417),#8942,.F.);
#11417 = FACE_BOUND('',#11418,.F.);
#11418 = EDGE_LOOP('',(#11419,#11420,#11446,#11447));
#11419 = ORIENTED_EDGE('',*,*,#10280,.F.);
#11420 = ORIENTED_EDGE('',*,*,#11421,.T.);
#11421 = EDGE_CURVE('',#10204,#9992,#11422,.T.);
#11422 = SURFACE_CURVE('',#11423,(#11427,#11434),.PCURVE_S1.);
#11423 = LINE('',#11424,#11425);
#11424 = CARTESIAN_POINT('',(89.,-1.110223024625E-16,0.5));
#11425 = VECTOR('',#11426,1.);
#11426 = DIRECTION('',(-1.,-0.,0.));
#11427 = PCURVE('',#8942,#11428);
#11428 = DEFINITIONAL_REPRESENTATION('',(#11429),#11433);
#11429 = LINE('',#11430,#11431);
#11430 = CARTESIAN_POINT('',(0.5,89.));
#11431 = VECTOR('',#11432,1.);
#11432 = DIRECTION('',(0.,-1.));
#11433 = ( GEOMETRIC_REPRESENTATION_CONTEXT(2) 
PARAMETRIC_REPRESENTATION_CONTEXT() REPRESENTATION_CONTEXT('2D SPACE',''
  ) );
#11434 = PCURVE('',#11435,#11440);
#11435 = CYLINDRICAL_SURFACE('',#11436,0.5);
#11436 = AXIS2_PLACEMENT_3D('',#11437,#11438,#11439);
#11437 = CARTESIAN_POINT('',(89.,0.5,0.5));
#11438 = DIRECTION('',(-1.,-0.,0.));
#11439 = DIRECTION('',(0.,-1.,-0.));
#11440 = DEFINITIONAL_REPRESENTATION('',(#11441),#11445);
#11441 = LINE('',#11442,#11443);
#11442 = CARTESIAN_POINT('',(6.28318530718,0.));
#11443 = VECTOR('',#11444,1.);
#11444 = DIRECTION('',(-0.,1.));
#11445 = ( GEOMETRIC_REPRESENTATION_CONTEXT(2) 
PARAMETRIC_REPRESENTATION_CONTEXT() REPRESENTATION_CONTEXT('2D SPACE',''
  ) );
#11446 = ORIENTED_EDGE('',*,*,#9991,.T.);
#11447 = ORIENTED_EDGE('',*,*,#8926,.T.);
#11448 = ADVANCED_FACE('',(#11449,#11740),#9796,.F.);
#11449 = FACE_BOUND('',#11450,.F.);
#11450 = EDGE_LOOP('',(#11451,#11482,#11505,#11532,#11533,#11557,#11584,
    #11613,#11635,#11664,#11691,#11720));
#11451 = ORIENTED_EDGE('',*,*,#11452,.T.);
#11452 = EDGE_CURVE('',#11453,#11455,#11457,.T.);
#11453 = VERTEX_POINT('',#11454);
#11454 = CARTESIAN_POINT('',(106.5,90.063508326896,52.));
#11455 = VERTEX_POINT('',#11456);
#11456 = CARTESIAN_POINT('',(114.,92.,52.));
#11457 = SURFACE_CURVE('',#11458,(#11463,#11470),.PCURVE_S1.);
#11458 = CIRCLE('',#11459,4.);
#11459 = AXIS2_PLACEMENT_3D('',#11460,#11461,#11462);
#11460 = CARTESIAN_POINT('',(110.,92.,52.));
#11461 = DIRECTION('',(0.,0.,1.));
#11462 = DIRECTION('',(1.,0.,-0.));
#11463 = PCURVE('',#9796,#11464);
#11464 = DEFINITIONAL_REPRESENTATION('',(#11465),#11469);
#11465 = LINE('',#11466,#11467);
#11466 = CARTESIAN_POINT('',(0.,34.));
#11467 = VECTOR('',#11468,1.);
#11468 = DIRECTION('',(1.,0.));
#11469 = ( GEOMETRIC_REPRESENTATION_CONTEXT(2) 
PARAMETRIC_REPRESENTATION_CONTEXT() REPRESENTATION_CONTEXT('2D SPACE',''
  ) );
#11470 = PCURVE('',#11471,#11476);
#11471 = PLANE('',#11472);
#11472 = AXIS2_PLACEMENT_3D('',#11473,#11474,#11475);
#11473 = CARTESIAN_POINT('',(106.5,83.,52.));
#11474 = DIRECTION('',(0.,0.,1.));
#11475 = DIRECTION('',(1.,0.,-0.));
#11476 = DEFINITIONAL_REPRESENTATION('',(#11477),#11481);
#11477 = CIRCLE('',#11478,4.);
#11478 = AXIS2_PLACEMENT_2D('',#11479,#11480);
#11479 = CARTESIAN_POINT('',(3.5,9.));
#11480 = DIRECTION('',(1.,0.));
#11481 = ( GEOMETRIC_REPRESENTATION_CONTEXT(2) 
PARAMETRIC_REPRESENTATION_CONTEXT() REPRESENTATION_CONTEXT('2D SPACE',''
  ) );
#11482 = ORIENTED_EDGE('',*,*,#11483,.T.);
#11483 = EDGE_CURVE('',#11455,#11484,#11486,.T.);
#11484 = VERTEX_POINT('',#11485);
#11485 = CARTESIAN_POINT('',(114.,92.,88.));
#11486 = SEAM_CURVE('',#11487,(#11491,#11498),.PCURVE_S1.);
#11487 = LINE('',#11488,#11489);
#11488 = CARTESIAN_POINT('',(114.,92.,18.));
#11489 = VECTOR('',#11490,1.);
#11490 = DIRECTION('',(0.,0.,1.));
#11491 = PCURVE('',#9796,#11492);
#11492 = DEFINITIONAL_REPRESENTATION('',(#11493),#11497);
#11493 = LINE('',#11494,#11495);
#11494 = CARTESIAN_POINT('',(6.28318530718,0.));
#11495 = VECTOR('',#11496,1.);
#11496 = DIRECTION('',(0.,1.));
#11497 = ( GEOMETRIC_REPRESENTATION_CONTEXT(2) 
PARAMETRIC_REPRESENTATION_CONTEXT() REPRESENTATION_CONTEXT('2D SPACE',''
  ) );
#11498 = PCURVE('',#9796,#11499);
#11499 = DEFINITIONAL_REPRESENTATION('',(#11500),#11504);
#11500 = LINE('',#11501,#11502);
#11501 = CARTESIAN_POINT('',(4.138911435803E-13,0.));
#11502 = VECTOR('',#11503,1.);
#11503 = DIRECTION('',(0.,1.));
#11504 = ( GEOMETRIC_REPRESENTATION_CONTEXT(2) 
PARAMETRIC_REPRESENTATION_CONTEXT() REPRESENTATION_CONTEXT('2D SPACE',''
  ) );
#11505 = ORIENTED_EDGE('',*,*,#11506,.F.);
#11506 = EDGE_CURVE('',#11484,#11484,#11507,.T.);
#11507 = SURFACE_CURVE('',#11508,(#11513,#11520),.PCURVE_S1.);
#11508 = CIRCLE('',#11509,4.);
#11509 = AXIS2_PLACEMENT_3D('',#11510,#11511,#11512);
#11510 = CARTESIAN_POINT('',(110.,92.,88.));
#11511 = DIRECTION('',(0.,0.,1.));
#11512 = DIRECTION('',(1.,0.,-0.));
#11513 = PCURVE('',#9796,#11514);
#11514 = DEFINITIONAL_REPRESENTATION('',(#11515),#11519);
#11515 = LINE('',#11516,#11517);
#11516 = CARTESIAN_POINT('',(0.,70.));
#11517 = VECTOR('',#11518,1.);
#11518 = DIRECTION('',(1.,0.));
#11519 = ( GEOMETRIC_REPRESENTATION_CONTEXT(2) 
PARAMETRIC_REPRESENTATION_CONTEXT() REPRESENTATION_CONTEXT('2D SPACE',''
  ) );
#11520 = PCURVE('',#11521,#11526);
#11521 = PLANE('',#11522);
#11522 = AXIS2_PLACEMENT_3D('',#11523,#11524,#11525);
#11523 = CARTESIAN_POINT('',(110.,92.,88.));
#11524 = DIRECTION('',(0.,0.,1.));
#11525 = DIRECTION('',(1.,0.,-0.));
#11526 = DEFINITIONAL_REPRESENTATION('',(#11527),#11531);
#11527 = CIRCLE('',#11528,4.);
#11528 = AXIS2_PLACEMENT_2D('',#11529,#11530);
#11529 = CARTESIAN_POINT('',(0.,0.));
#11530 = DIRECTION('',(1.,0.));
#11531 = ( GEOMETRIC_REPRESENTATION_CONTEXT(2) 
PARAMETRIC_REPRESENTATION_CONTEXT() REPRESENTATION_CONTEXT('2D SPACE',''
  ) );
#11532 = ORIENTED_EDGE('',*,*,#11483,.F.);
#11533 = ORIENTED_EDGE('',*,*,#11534,.T.);
#11534 = EDGE_CURVE('',#11455,#11535,#11537,.T.);
#11535 = VERTEX_POINT('',#11536);
#11536 = CARTESIAN_POINT('',(113.46410161513,94.,52.));
#11537 = SURFACE_CURVE('',#11538,(#11543,#11550),.PCURVE_S1.);
#11538 = CIRCLE('',#11539,4.);
#11539 = AXIS2_PLACEMENT_3D('',#11540,#11541,#11542);
#11540 = CARTESIAN_POINT('',(110.,92.,52.));
#11541 = DIRECTION('',(0.,0.,1.));
#11542 = DIRECTION('',(1.,0.,-0.));
#11543 = PCURVE('',#9796,#11544);
#11544 = DEFINITIONAL_REPRESENTATION('',(#11545),#11549);
#11545 = LINE('',#11546,#11547);
#11546 = CARTESIAN_POINT('',(0.,34.));
#11547 = VECTOR('',#11548,1.);
#11548 = DIRECTION('',(1.,0.));
#11549 = ( GEOMETRIC_REPRESENTATION_CONTEXT(2) 
PARAMETRIC_REPRESENTATION_CONTEXT() REPRESENTATION_CONTEXT('2D SPACE',''
  ) );
#11550 = PCURVE('',#11471,#11551);
#11551 = DEFINITIONAL_REPRESENTATION('',(#11552),#11556);
#11552 = CIRCLE('',#11553,4.);
#11553 = AXIS2_PLACEMENT_2D('',#11554,#11555);
#11554 = CARTESIAN_POINT('',(3.5,9.));
#11555 = DIRECTION('',(1.,0.));
#11556 = ( GEOMETRIC_REPRESENTATION_CONTEXT(2) 
PARAMETRIC_REPRESENTATION_CONTEXT() REPRESENTATION_CONTEXT('2D SPACE',''
  ) );
#11557 = ORIENTED_EDGE('',*,*,#11558,.F.);
#11558 = EDGE_CURVE('',#11559,#11535,#11561,.T.);
#11559 = VERTEX_POINT('',#11560);
#11560 = CARTESIAN_POINT('',(113.46410161513,94.,18.));
#11561 = SURFACE_CURVE('',#11562,(#11566,#11572),.PCURVE_S1.);
#11562 = LINE('',#11563,#11564);
#11563 = CARTESIAN_POINT('',(113.46410161513,94.,18.));
#11564 = VECTOR('',#11565,1.);
#11565 = DIRECTION('',(0.,0.,1.));
#11566 = PCURVE('',#9796,#11567);
#11567 = DEFINITIONAL_REPRESENTATION('',(#11568),#11571);
#11568 = B_SPLINE_CURVE_WITH_KNOTS('',1,(#11569,#11570),.UNSPECIFIED.,
  .F.,.F.,(2,2),(-5.999999999062E-07,37.4),.PIECEWISE_BEZIER_KNOTS.);
#11569 = CARTESIAN_POINT('',(0.523598775598,-5.999999999062E-07));
#11570 = CARTESIAN_POINT('',(0.523598775598,37.4));
#11571 = ( GEOMETRIC_REPRESENTATION_CONTEXT(2) 
PARAMETRIC_REPRESENTATION_CONTEXT() REPRESENTATION_CONTEXT('2D SPACE',''
  ) );
#11572 = PCURVE('',#11573,#11578);
#11573 = PLANE('',#11574);
#11574 = AXIS2_PLACEMENT_3D('',#11575,#11576,#11577);
#11575 = CARTESIAN_POINT('',(106.5,94.,18.));
#11576 = DIRECTION('',(-0.,1.,0.));
#11577 = DIRECTION('',(0.,0.,1.));
#11578 = DEFINITIONAL_REPRESENTATION('',(#11579),#11583);
#11579 = LINE('',#11580,#11581);
#11580 = CARTESIAN_POINT('',(0.,6.96410161513));
#11581 = VECTOR('',#11582,1.);
#11582 = DIRECTION('',(1.,0.));
#11583 = ( GEOMETRIC_REPRESENTATION_CONTEXT(2) 
PARAMETRIC_REPRESENTATION_CONTEXT() REPRESENTATION_CONTEXT('2D SPACE',''
  ) );
#11584 = ORIENTED_EDGE('',*,*,#11585,.T.);
#11585 = EDGE_CURVE('',#11559,#11586,#11588,.T.);
#11586 = VERTEX_POINT('',#11587);
#11587 = CARTESIAN_POINT('',(106.53589838486,94.,18.));
#11588 = SURFACE_CURVE('',#11589,(#11594,#11601),.PCURVE_S1.);
#11589 = CIRCLE('',#11590,4.);
#11590 = AXIS2_PLACEMENT_3D('',#11591,#11592,#11593);
#11591 = CARTESIAN_POINT('',(110.,92.,18.));
#11592 = DIRECTION('',(0.,0.,1.));
#11593 = DIRECTION('',(1.,0.,-0.));
#11594 = PCURVE('',#9796,#11595);
#11595 = DEFINITIONAL_REPRESENTATION('',(#11596),#11600);
#11596 = LINE('',#11597,#11598);
#11597 = CARTESIAN_POINT('',(0.,0.));
#11598 = VECTOR('',#11599,1.);
#11599 = DIRECTION('',(1.,0.));
#11600 = ( GEOMETRIC_REPRESENTATION_CONTEXT(2) 
PARAMETRIC_REPRESENTATION_CONTEXT() REPRESENTATION_CONTEXT('2D SPACE',''
  ) );
#11601 = PCURVE('',#11602,#11607);
#11602 = PLANE('',#11603);
#11603 = AXIS2_PLACEMENT_3D('',#11604,#11605,#11606);
#11604 = CARTESIAN_POINT('',(110.,92.,18.));
#11605 = DIRECTION('',(0.,0.,1.));
#11606 = DIRECTION('',(1.,0.,-0.));
#11607 = DEFINITIONAL_REPRESENTATION('',(#11608),#11612);
#11608 = CIRCLE('',#11609,4.);
#11609 = AXIS2_PLACEMENT_2D('',#11610,#11611);
#11610 = CARTESIAN_POINT('',(0.,0.));
#11611 = DIRECTION('',(1.,0.));
#11612 = ( GEOMETRIC_REPRESENTATION_CONTEXT(2) 
PARAMETRIC_REPRESENTATION_CONTEXT() REPRESENTATION_CONTEXT('2D SPACE',''
  ) );
#11613 = ORIENTED_EDGE('',*,*,#11614,.T.);
#11614 = EDGE_CURVE('',#11586,#11615,#11617,.T.);
#11615 = VERTEX_POINT('',#11616);
#11616 = CARTESIAN_POINT('',(106.53589838486,94.,52.));
#11617 = SURFACE_CURVE('',#11618,(#11622,#11628),.PCURVE_S1.);
#11618 = LINE('',#11619,#11620);
#11619 = CARTESIAN_POINT('',(106.53589838486,94.,18.));
#11620 = VECTOR('',#11621,1.);
#11621 = DIRECTION('',(0.,0.,1.));
#11622 = PCURVE('',#9796,#11623);
#11623 = DEFINITIONAL_REPRESENTATION('',(#11624),#11627);
#11624 = B_SPLINE_CURVE_WITH_KNOTS('',1,(#11625,#11626),.UNSPECIFIED.,
  .F.,.F.,(2,2),(-5.999999999062E-07,37.4),.PIECEWISE_BEZIER_KNOTS.);
#11625 = CARTESIAN_POINT('',(2.617993877991,-5.999999999062E-07));
#11626 = CARTESIAN_POINT('',(2.617993877991,37.4));
#11627 = ( GEOMETRIC_REPRESENTATION_CONTEXT(2) 
PARAMETRIC_REPRESENTATION_CONTEXT() REPRESENTATION_CONTEXT('2D SPACE',''
  ) );
#11628 = PCURVE('',#11573,#11629);
#11629 = DEFINITIONAL_REPRESENTATION('',(#11630),#11634);
#11630 = LINE('',#11631,#11632);
#11631 = CARTESIAN_POINT('',(0.,3.589838486E-02));
#11632 = VECTOR('',#11633,1.);
#11633 = DIRECTION('',(1.,0.));
#11634 = ( GEOMETRIC_REPRESENTATION_CONTEXT(2) 
PARAMETRIC_REPRESENTATION_CONTEXT() REPRESENTATION_CONTEXT('2D SPACE',''
  ) );
#11635 = ORIENTED_EDGE('',*,*,#11636,.T.);
#11636 = EDGE_CURVE('',#11615,#11637,#11639,.T.);
#11637 = VERTEX_POINT('',#11638);
#11638 = CARTESIAN_POINT('',(106.5,93.936491673104,52.));
#11639 = SURFACE_CURVE('',#11640,(#11645,#11652),.PCURVE_S1.);
#11640 = CIRCLE('',#11641,4.);
#11641 = AXIS2_PLACEMENT_3D('',#11642,#11643,#11644);
#11642 = CARTESIAN_POINT('',(110.,92.,52.));
#11643 = DIRECTION('',(0.,0.,1.));
#11644 = DIRECTION('',(1.,0.,-0.));
#11645 = PCURVE('',#9796,#11646);
#11646 = DEFINITIONAL_REPRESENTATION('',(#11647),#11651);
#11647 = LINE('',#11648,#11649);
#11648 = CARTESIAN_POINT('',(0.,34.));
#11649 = VECTOR('',#11650,1.);
#11650 = DIRECTION('',(1.,0.));
#11651 = ( GEOMETRIC_REPRESENTATION_CONTEXT(2) 
PARAMETRIC_REPRESENTATION_CONTEXT() REPRESENTATION_CONTEXT('2D SPACE',''
  ) );
#11652 = PCURVE('',#11653,#11658);
#11653 = PLANE('',#11654);
#11654 = AXIS2_PLACEMENT_3D('',#11655,#11656,#11657);
#11655 = CARTESIAN_POINT('',(106.5,83.,52.));
#11656 = DIRECTION('',(0.,0.,1.));
#11657 = DIRECTION('',(1.,0.,-0.));
#11658 = DEFINITIONAL_REPRESENTATION('',(#11659),#11663);
#11659 = CIRCLE('',#11660,4.);
#11660 = AXIS2_PLACEMENT_2D('',#11661,#11662);
#11661 = CARTESIAN_POINT('',(3.5,9.));
#11662 = DIRECTION('',(1.,0.));
#11663 = ( GEOMETRIC_REPRESENTATION_CONTEXT(2) 
PARAMETRIC_REPRESENTATION_CONTEXT() REPRESENTATION_CONTEXT('2D SPACE',''
  ) );
#11664 = ORIENTED_EDGE('',*,*,#11665,.F.);
#11665 = EDGE_CURVE('',#11666,#11637,#11668,.T.);
#11666 = VERTEX_POINT('',#11667);
#11667 = CARTESIAN_POINT('',(106.5,93.936491673104,18.));
#11668 = SURFACE_CURVE('',#11669,(#11673,#11679),.PCURVE_S1.);
#11669 = LINE('',#11670,#11671);
#11670 = CARTESIAN_POINT('',(106.5,93.936491673104,18.));
#11671 = VECTOR('',#11672,1.);
#11672 = DIRECTION('',(0.,0.,1.));
#11673 = PCURVE('',#9796,#11674);
#11674 = DEFINITIONAL_REPRESENTATION('',(#11675),#11678);
#11675 = B_SPLINE_CURVE_WITH_KNOTS('',1,(#11676,#11677),.UNSPECIFIED.,
  .F.,.F.,(2,2),(-5.999999999062E-07,37.4),.PIECEWISE_BEZIER_KNOTS.);
#11676 = CARTESIAN_POINT('',(2.636232143306,-5.999999999062E-07));
#11677 = CARTESIAN_POINT('',(2.636232143306,37.4));
#11678 = ( GEOMETRIC_REPRESENTATION_CONTEXT(2) 
PARAMETRIC_REPRESENTATION_CONTEXT() REPRESENTATION_CONTEXT('2D SPACE',''
  ) );
#11679 = PCURVE('',#11680,#11685);
#11680 = PLANE('',#11681);
#11681 = AXIS2_PLACEMENT_3D('',#11682,#11683,#11684);
#11682 = CARTESIAN_POINT('',(106.5,83.,18.));
#11683 = DIRECTION('',(1.,0.,-0.));
#11684 = DIRECTION('',(0.,0.,1.));
#11685 = DEFINITIONAL_REPRESENTATION('',(#11686),#11690);
#11686 = LINE('',#11687,#11688);
#11687 = CARTESIAN_POINT('',(0.,-10.9364916731));
#11688 = VECTOR('',#11689,1.);
#11689 = DIRECTION('',(1.,0.));
#11690 = ( GEOMETRIC_REPRESENTATION_CONTEXT(2) 
PARAMETRIC_REPRESENTATION_CONTEXT() REPRESENTATION_CONTEXT('2D SPACE',''
  ) );
#11691 = ORIENTED_EDGE('',*,*,#11692,.T.);
#11692 = EDGE_CURVE('',#11666,#11693,#11695,.T.);
#11693 = VERTEX_POINT('',#11694);
#11694 = CARTESIAN_POINT('',(106.5,90.063508326896,18.));
#11695 = SURFACE_CURVE('',#11696,(#11701,#11708),.PCURVE_S1.);
#11696 = CIRCLE('',#11697,4.);
#11697 = AXIS2_PLACEMENT_3D('',#11698,#11699,#11700);
#11698 = CARTESIAN_POINT('',(110.,92.,18.));
#11699 = DIRECTION('',(0.,0.,1.));
#11700 = DIRECTION('',(1.,0.,-0.));
#11701 = PCURVE('',#9796,#11702);
#11702 = DEFINITIONAL_REPRESENTATION('',(#11703),#11707);
#11703 = LINE('',#11704,#11705);
#11704 = CARTESIAN_POINT('',(0.,0.));
#11705 = VECTOR('',#11706,1.);
#11706 = DIRECTION('',(1.,0.));
#11707 = ( GEOMETRIC_REPRESENTATION_CONTEXT(2) 
PARAMETRIC_REPRESENTATION_CONTEXT() REPRESENTATION_CONTEXT('2D SPACE',''
  ) );
#11708 = PCURVE('',#11709,#11714);
#11709 = PLANE('',#11710);
#11710 = AXIS2_PLACEMENT_3D('',#11711,#11712,#11713);
#11711 = CARTESIAN_POINT('',(110.,92.,18.));
#11712 = DIRECTION('',(0.,0.,1.));
#11713 = DIRECTION('',(1.,0.,-0.));
#11714 = DEFINITIONAL_REPRESENTATION('',(#11715),#11719);
#11715 = CIRCLE('',#11716,4.);
#11716 = AXIS2_PLACEMENT_2D('',#11717,#11718);
#11717 = CARTESIAN_POINT('',(0.,0.));
#11718 = DIRECTION('',(1.,0.));
#11719 = ( GEOMETRIC_REPRESENTATION_CONTEXT(2) 
PARAMETRIC_REPRESENTATION_CONTEXT() REPRESENTATION_CONTEXT('2D SPACE',''
  ) );
#11720 = ORIENTED_EDGE('',*,*,#11721,.T.);
#11721 = EDGE_CURVE('',#11693,#11453,#11722,.T.);
#11722 = SURFACE_CURVE('',#11723,(#11727,#11733),.PCURVE_S1.);
#11723 = LINE('',#11724,#11725);
#11724 = CARTESIAN_POINT('',(106.5,90.063508326896,18.));
#11725 = VECTOR('',#11726,1.);
#11726 = DIRECTION('',(0.,0.,1.));
#11727 = PCURVE('',#9796,#11728);
#11728 = DEFINITIONAL_REPRESENTATION('',(#11729),#11732);
#11729 = B_SPLINE_CURVE_WITH_KNOTS('',1,(#11730,#11731),.UNSPECIFIED.,
  .F.,.F.,(2,2),(-5.999999999062E-07,37.4),.PIECEWISE_BEZIER_KNOTS.);
#11730 = CARTESIAN_POINT('',(3.646953163874,-5.999999999062E-07));
#11731 = CARTESIAN_POINT('',(3.646953163874,37.4));
#11732 = ( GEOMETRIC_REPRESENTATION_CONTEXT(2) 
PARAMETRIC_REPRESENTATION_CONTEXT() REPRESENTATION_CONTEXT('2D SPACE',''
  ) );
#11733 = PCURVE('',#11680,#11734);
#11734 = DEFINITIONAL_REPRESENTATION('',(#11735),#11739);
#11735 = LINE('',#11736,#11737);
#11736 = CARTESIAN_POINT('',(0.,-7.063508326896));
#11737 = VECTOR('',#11738,1.);
#11738 = DIRECTION('',(1.,0.));
#11739 = ( GEOMETRIC_REPRESENTATION_CONTEXT(2) 
PARAMETRIC_REPRESENTATION_CONTEXT() REPRESENTATION_CONTEXT('2D SPACE',''
  ) );
#11740 = FACE_BOUND('',#11741,.F.);
#11741 = EDGE_LOOP('',(#11742,#11743,#11744));
#11742 = ORIENTED_EDGE('',*,*,#9904,.T.);
#11743 = ORIENTED_EDGE('',*,*,#9821,.T.);
#11744 = ORIENTED_EDGE('',*,*,#9764,.F.);
#11745 = ADVANCED_FACE('',(#11746),#10057,.T.);
#11746 = FACE_BOUND('',#11747,.T.);
#11747 = EDGE_LOOP('',(#11748,#11770,#11771,#11772));
#11748 = ORIENTED_EDGE('',*,*,#11749,.F.);
#11749 = EDGE_CURVE('',#9992,#11750,#11752,.T.);
#11750 = VERTEX_POINT('',#11751);
#11751 = CARTESIAN_POINT('',(7.,0.5,-1.110223024625E-16));
#11752 = SURFACE_CURVE('',#11753,(#11758,#11764),.PCURVE_S1.);
#11753 = CIRCLE('',#11754,0.5);
#11754 = AXIS2_PLACEMENT_3D('',#11755,#11756,#11757);
#11755 = CARTESIAN_POINT('',(7.,0.5,0.5));
#11756 = DIRECTION('',(1.,0.,0.));
#11757 = DIRECTION('',(0.,-1.,0.));
#11758 = PCURVE('',#10057,#11759);
#11759 = DEFINITIONAL_REPRESENTATION('',(#11760),#11763);
#11760 = B_SPLINE_CURVE_WITH_KNOTS('',1,(#11761,#11762),.UNSPECIFIED.,
  .F.,.F.,(2,2),(0.,1.570796326795),.PIECEWISE_BEZIER_KNOTS.);
#11761 = CARTESIAN_POINT('',(-2.22044604925E-16,0.));
#11762 = CARTESIAN_POINT('',(-2.22044604925E-16,1.570796326795));
#11763 = ( GEOMETRIC_REPRESENTATION_CONTEXT(2) 
PARAMETRIC_REPRESENTATION_CONTEXT() REPRESENTATION_CONTEXT('2D SPACE',''
  ) );
#11764 = PCURVE('',#11435,#11765);
#11765 = DEFINITIONAL_REPRESENTATION('',(#11766),#11769);
#11766 = B_SPLINE_CURVE_WITH_KNOTS('',1,(#11767,#11768),.UNSPECIFIED.,
  .F.,.F.,(2,2),(0.,1.570796326795),.PIECEWISE_BEZIER_KNOTS.);
#11767 = CARTESIAN_POINT('',(6.28318530718,82.));
#11768 = CARTESIAN_POINT('',(4.712388980385,82.));
#11769 = ( GEOMETRIC_REPRESENTATION_CONTEXT(2) 
PARAMETRIC_REPRESENTATION_CONTEXT() REPRESENTATION_CONTEXT('2D SPACE',''
  ) );
#11770 = ORIENTED_EDGE('',*,*,#10042,.T.);
#11771 = ORIENTED_EDGE('',*,*,#10128,.T.);
#11772 = ORIENTED_EDGE('',*,*,#11773,.F.);
#11773 = EDGE_CURVE('',#11750,#10101,#11774,.T.);
#11774 = SURFACE_CURVE('',#11775,(#11780,#11787),.PCURVE_S1.);
#11775 = CIRCLE('',#11776,6.5);
#11776 = AXIS2_PLACEMENT_3D('',#11777,#11778,#11779);
#11777 = CARTESIAN_POINT('',(7.,7.,0.));
#11778 = DIRECTION('',(-0.,0.,-1.));
#11779 = DIRECTION('',(-2.537652627715E-16,-1.,0.));
#11780 = PCURVE('',#10057,#11781);
#11781 = DEFINITIONAL_REPRESENTATION('',(#11782),#11786);
#11782 = LINE('',#11783,#11784);
#11783 = CARTESIAN_POINT('',(0.,1.570796326795));
#11784 = VECTOR('',#11785,1.);
#11785 = DIRECTION('',(1.,0.));
#11786 = ( GEOMETRIC_REPRESENTATION_CONTEXT(2) 
PARAMETRIC_REPRESENTATION_CONTEXT() REPRESENTATION_CONTEXT('2D SPACE',''
  ) );
#11787 = PCURVE('',#10116,#11788);
#11788 = DEFINITIONAL_REPRESENTATION('',(#11789),#11797);
#11789 = ( BOUNDED_CURVE() B_SPLINE_CURVE(2,(#11790,#11791,#11792,#11793
    ,#11794,#11795,#11796),.UNSPECIFIED.,.T.,.F.) 
B_SPLINE_CURVE_WITH_KNOTS((1,2,2,2,2,1),(-2.094395102393,0.,
    2.094395102393,4.188790204786,6.28318530718,8.377580409573),
.UNSPECIFIED.) CURVE() GEOMETRIC_REPRESENTATION_ITEM() 
RATIONAL_B_SPLINE_CURVE((1.,0.5,1.,0.5,1.,0.5,1.)) REPRESENTATION_ITEM(
  '') );
#11790 = CARTESIAN_POINT('',(7.,0.5));
#11791 = CARTESIAN_POINT('',(-4.258330249198,0.5));
#11792 = CARTESIAN_POINT('',(1.370834875401,10.25));
#11793 = CARTESIAN_POINT('',(7.,20.));
#11794 = CARTESIAN_POINT('',(12.629165124599,10.25));
#11795 = CARTESIAN_POINT('',(18.258330249198,0.5));
#11796 = CARTESIAN_POINT('',(7.,0.5));
#11797 = ( GEOMETRIC_REPRESENTATION_CONTEXT(2) 
PARAMETRIC_REPRESENTATION_CONTEXT() REPRESENTATION_CONTEXT('2D SPACE',''
  ) );
#11798 = ADVANCED_FACE('',(#11799),#10089,.T.);
#11799 = FACE_BOUND('',#11800,.T.);
#11800 = EDGE_LOOP('',(#11801,#11802,#11803,#11825));
#11801 = ORIENTED_EDGE('',*,*,#10073,.F.);
#11802 = ORIENTED_EDGE('',*,*,#10175,.T.);
#11803 = ORIENTED_EDGE('',*,*,#11804,.T.);
#11804 = EDGE_CURVE('',#10153,#11805,#11807,.T.);
#11805 = VERTEX_POINT('',#11806);
#11806 = CARTESIAN_POINT('',(7.,99.5,0.));
#11807 = SURFACE_CURVE('',#11808,(#11813,#11819),.PCURVE_S1.);
#11808 = CIRCLE('',#11809,0.5);
#11809 = AXIS2_PLACEMENT_3D('',#11810,#11811,#11812);
#11810 = CARTESIAN_POINT('',(7.,99.5,0.5));
#11811 = DIRECTION('',(-1.,-6.123233995737E-17,0.));
#11812 = DIRECTION('',(-6.123233995737E-17,1.,0.));
#11813 = PCURVE('',#10089,#11814);
#11814 = DEFINITIONAL_REPRESENTATION('',(#11815),#11818);
#11815 = B_SPLINE_CURVE_WITH_KNOTS('',1,(#11816,#11817),.UNSPECIFIED.,
  .F.,.F.,(2,2),(0.,1.570796326795),.PIECEWISE_BEZIER_KNOTS.);
#11816 = CARTESIAN_POINT('',(1.570796326795,0.));
#11817 = CARTESIAN_POINT('',(1.570796326795,1.570796326795));
#11818 = ( GEOMETRIC_REPRESENTATION_CONTEXT(2) 
PARAMETRIC_REPRESENTATION_CONTEXT() REPRESENTATION_CONTEXT('2D SPACE',''
  ) );
#11819 = PCURVE('',#10874,#11820);
#11820 = DEFINITIONAL_REPRESENTATION('',(#11821),#11824);
#11821 = B_SPLINE_CURVE_WITH_KNOTS('',1,(#11822,#11823),.UNSPECIFIED.,
  .F.,.F.,(2,2),(0.,1.570796326795),.PIECEWISE_BEZIER_KNOTS.);
#11822 = CARTESIAN_POINT('',(6.28318530718,0.));
#11823 = CARTESIAN_POINT('',(4.712388980385,0.));
#11824 = ( GEOMETRIC_REPRESENTATION_CONTEXT(2) 
PARAMETRIC_REPRESENTATION_CONTEXT() REPRESENTATION_CONTEXT('2D SPACE',''
  ) );
#11825 = ORIENTED_EDGE('',*,*,#11826,.F.);
#11826 = EDGE_CURVE('',#10074,#11805,#11827,.T.);
#11827 = SURFACE_CURVE('',#11828,(#11833,#11840),.PCURVE_S1.);
#11828 = CIRCLE('',#11829,6.5);
#11829 = AXIS2_PLACEMENT_3D('',#11830,#11831,#11832);
#11830 = CARTESIAN_POINT('',(7.,93.,0.));
#11831 = DIRECTION('',(0.,0.,-1.));
#11832 = DIRECTION('',(-1.,0.,0.));
#11833 = PCURVE('',#10089,#11834);
#11834 = DEFINITIONAL_REPRESENTATION('',(#11835),#11839);
#11835 = LINE('',#11836,#11837);
#11836 = CARTESIAN_POINT('',(0.,1.570796326795));
#11837 = VECTOR('',#11838,1.);
#11838 = DIRECTION('',(1.,0.));
#11839 = ( GEOMETRIC_REPRESENTATION_CONTEXT(2) 
PARAMETRIC_REPRESENTATION_CONTEXT() REPRESENTATION_CONTEXT('2D SPACE',''
  ) );
#11840 = PCURVE('',#10116,#11841);
#11841 = DEFINITIONAL_REPRESENTATION('',(#11842),#11850);
#11842 = ( BOUNDED_CURVE() B_SPLINE_CURVE(2,(#11843,#11844,#11845,#11846
    ,#11847,#11848,#11849),.UNSPECIFIED.,.T.,.F.) 
B_SPLINE_CURVE_WITH_KNOTS((1,2,2,2,2,1),(-2.094395102393,0.,
    2.094395102393,4.188790204786,6.28318530718,8.377580409573),
.UNSPECIFIED.) CURVE() GEOMETRIC_REPRESENTATION_ITEM() 
RATIONAL_B_SPLINE_CURVE((1.,0.5,1.,0.5,1.,0.5,1.)) REPRESENTATION_ITEM(
  '') );
#11843 = CARTESIAN_POINT('',(0.5,93.));
#11844 = CARTESIAN_POINT('',(0.5,104.25833024919));
#11845 = CARTESIAN_POINT('',(10.25,98.629165124599));
#11846 = CARTESIAN_POINT('',(20.,93.));
#11847 = CARTESIAN_POINT('',(10.25,87.370834875401));
#11848 = CARTESIAN_POINT('',(0.5,81.741669750802));
#11849 = CARTESIAN_POINT('',(0.5,93.));
#11850 = ( GEOMETRIC_REPRESENTATION_CONTEXT(2) 
PARAMETRIC_REPRESENTATION_CONTEXT() REPRESENTATION_CONTEXT('2D SPACE',''
  ) );
#11851 = ADVANCED_FACE('',(#11852),#10116,.F.);
#11852 = FACE_BOUND('',#11853,.F.);
#11853 = EDGE_LOOP('',(#11854,#11855,#11856,#11879,#11907,#11930,#11953,
    #11981,#12010,#12038,#12071,#12099,#12128,#12156,#12189,#12217,
    #12245,#12273,#12301,#12322));
#11854 = ORIENTED_EDGE('',*,*,#10100,.F.);
#11855 = ORIENTED_EDGE('',*,*,#11773,.F.);
#11856 = ORIENTED_EDGE('',*,*,#11857,.F.);
#11857 = EDGE_CURVE('',#11858,#11750,#11860,.T.);
#11858 = VERTEX_POINT('',#11859);
#11859 = CARTESIAN_POINT('',(89.,0.5,0.));
#11860 = SURFACE_CURVE('',#11861,(#11865,#11872),.PCURVE_S1.);
#11861 = LINE('',#11862,#11863);
#11862 = CARTESIAN_POINT('',(89.,0.5,-1.110223024625E-16));
#11863 = VECTOR('',#11864,1.);
#11864 = DIRECTION('',(-1.,-0.,0.));
#11865 = PCURVE('',#10116,#11866);
#11866 = DEFINITIONAL_REPRESENTATION('',(#11867),#11871);
#11867 = LINE('',#11868,#11869);
#11868 = CARTESIAN_POINT('',(89.,0.5));
#11869 = VECTOR('',#11870,1.);
#11870 = DIRECTION('',(-1.,0.));
#11871 = ( GEOMETRIC_REPRESENTATION_CONTEXT(2) 
PARAMETRIC_REPRESENTATION_CONTEXT() REPRESENTATION_CONTEXT('2D SPACE',''
  ) );
#11872 = PCURVE('',#11435,#11873);
#11873 = DEFINITIONAL_REPRESENTATION('',(#11874),#11878);
#11874 = LINE('',#11875,#11876);
#11875 = CARTESIAN_POINT('',(4.712388980385,0.));
#11876 = VECTOR('',#11877,1.);
#11877 = DIRECTION('',(-0.,1.));
#11878 = ( GEOMETRIC_REPRESENTATION_CONTEXT(2) 
PARAMETRIC_REPRESENTATION_CONTEXT() REPRESENTATION_CONTEXT('2D SPACE',''
  ) );
#11879 = ORIENTED_EDGE('',*,*,#11880,.F.);
#11880 = EDGE_CURVE('',#11881,#11858,#11883,.T.);
#11881 = VERTEX_POINT('',#11882);
#11882 = CARTESIAN_POINT('',(95.5,7.,-1.110223024625E-16));
#11883 = SURFACE_CURVE('',#11884,(#11889,#11900),.PCURVE_S1.);
#11884 = CIRCLE('',#11885,6.5);
#11885 = AXIS2_PLACEMENT_3D('',#11886,#11887,#11888);
#11886 = CARTESIAN_POINT('',(89.,7.,0.));
#11887 = DIRECTION('',(0.,0.,-1.));
#11888 = DIRECTION('',(1.,0.,0.));
#11889 = PCURVE('',#10116,#11890);
#11890 = DEFINITIONAL_REPRESENTATION('',(#11891),#11899);
#11891 = ( BOUNDED_CURVE() B_SPLINE_CURVE(2,(#11892,#11893,#11894,#11895
    ,#11896,#11897,#11898),.UNSPECIFIED.,.T.,.F.) 
B_SPLINE_CURVE_WITH_KNOTS((1,2,2,2,2,1),(-2.094395102393,0.,
    2.094395102393,4.188790204786,6.28318530718,8.377580409573),
.UNSPECIFIED.) CURVE() GEOMETRIC_REPRESENTATION_ITEM() 
RATIONAL_B_SPLINE_CURVE((1.,0.5,1.,0.5,1.,0.5,1.)) REPRESENTATION_ITEM(
  '') );
#11892 = CARTESIAN_POINT('',(95.5,7.));
#11893 = CARTESIAN_POINT('',(95.5,-4.258330249198));
#11894 = CARTESIAN_POINT('',(85.75,1.370834875401));
#11895 = CARTESIAN_POINT('',(76.,7.));
#11896 = CARTESIAN_POINT('',(85.75,12.629165124599));
#11897 = CARTESIAN_POINT('',(95.5,18.258330249198));
#11898 = CARTESIAN_POINT('',(95.5,7.));
#11899 = ( GEOMETRIC_REPRESENTATION_CONTEXT(2) 
PARAMETRIC_REPRESENTATION_CONTEXT() REPRESENTATION_CONTEXT('2D SPACE',''
  ) );
#11900 = PCURVE('',#10220,#11901);
#11901 = DEFINITIONAL_REPRESENTATION('',(#11902),#11906);
#11902 = LINE('',#11903,#11904);
#11903 = CARTESIAN_POINT('',(0.,1.570796326795));
#11904 = VECTOR('',#11905,1.);
#11905 = DIRECTION('',(1.,0.));
#11906 = ( GEOMETRIC_REPRESENTATION_CONTEXT(2) 
PARAMETRIC_REPRESENTATION_CONTEXT() REPRESENTATION_CONTEXT('2D SPACE',''
  ) );
#11907 = ORIENTED_EDGE('',*,*,#11908,.F.);
#11908 = EDGE_CURVE('',#11909,#11881,#11911,.T.);
#11909 = VERTEX_POINT('',#11910);
#11910 = CARTESIAN_POINT('',(95.5,8.,-5.551115123126E-17));
#11911 = SURFACE_CURVE('',#11912,(#11916,#11923),.PCURVE_S1.);
#11912 = LINE('',#11913,#11914);
#11913 = CARTESIAN_POINT('',(95.5,93.,-1.110223024625E-16));
#11914 = VECTOR('',#11915,1.);
#11915 = DIRECTION('',(0.,-1.,-0.));
#11916 = PCURVE('',#10116,#11917);
#11917 = DEFINITIONAL_REPRESENTATION('',(#11918),#11922);
#11918 = LINE('',#11919,#11920);
#11919 = CARTESIAN_POINT('',(95.5,93.));
#11920 = VECTOR('',#11921,1.);
#11921 = DIRECTION('',(0.,-1.));
#11922 = ( GEOMETRIC_REPRESENTATION_CONTEXT(2) 
PARAMETRIC_REPRESENTATION_CONTEXT() REPRESENTATION_CONTEXT('2D SPACE',''
  ) );
#11923 = PCURVE('',#10321,#11924);
#11924 = DEFINITIONAL_REPRESENTATION('',(#11925),#11929);
#11925 = LINE('',#11926,#11927);
#11926 = CARTESIAN_POINT('',(4.712388980385,0.));
#11927 = VECTOR('',#11928,1.);
#11928 = DIRECTION('',(-0.,1.));
#11929 = ( GEOMETRIC_REPRESENTATION_CONTEXT(2) 
PARAMETRIC_REPRESENTATION_CONTEXT() REPRESENTATION_CONTEXT('2D SPACE',''
  ) );
#11930 = ORIENTED_EDGE('',*,*,#11931,.T.);
#11931 = EDGE_CURVE('',#11909,#11932,#11934,.T.);
#11932 = VERTEX_POINT('',#11933);
#11933 = CARTESIAN_POINT('',(101.,8.,0.));
#11934 = SURFACE_CURVE('',#11935,(#11939,#11946),.PCURVE_S1.);
#11935 = LINE('',#11936,#11937);
#11936 = CARTESIAN_POINT('',(94.,8.,0.));
#11937 = VECTOR('',#11938,1.);
#11938 = DIRECTION('',(1.,0.,-0.));
#11939 = PCURVE('',#10116,#11940);
#11940 = DEFINITIONAL_REPRESENTATION('',(#11941),#11945);
#11941 = LINE('',#11942,#11943);
#11942 = CARTESIAN_POINT('',(94.,8.));
#11943 = VECTOR('',#11944,1.);
#11944 = DIRECTION('',(1.,0.));
#11945 = ( GEOMETRIC_REPRESENTATION_CONTEXT(2) 
PARAMETRIC_REPRESENTATION_CONTEXT() REPRESENTATION_CONTEXT('2D SPACE',''
  ) );
#11946 = PCURVE('',#10349,#11947);
#11947 = DEFINITIONAL_REPRESENTATION('',(#11948),#11952);
#11948 = LINE('',#11949,#11950);
#11949 = CARTESIAN_POINT('',(0.,0.));
#11950 = VECTOR('',#11951,1.);
#11951 = DIRECTION('',(0.,1.));
#11952 = ( GEOMETRIC_REPRESENTATION_CONTEXT(2) 
PARAMETRIC_REPRESENTATION_CONTEXT() REPRESENTATION_CONTEXT('2D SPACE',''
  ) );
#11953 = ORIENTED_EDGE('',*,*,#11954,.F.);
#11954 = EDGE_CURVE('',#11955,#11932,#11957,.T.);
#11955 = VERTEX_POINT('',#11956);
#11956 = CARTESIAN_POINT('',(101.,7.,0.));
#11957 = SURFACE_CURVE('',#11958,(#11962,#11969),.PCURVE_S1.);
#11958 = LINE('',#11959,#11960);
#11959 = CARTESIAN_POINT('',(101.,0.,0.));
#11960 = VECTOR('',#11961,1.);
#11961 = DIRECTION('',(-0.,1.,0.));
#11962 = PCURVE('',#10116,#11963);
#11963 = DEFINITIONAL_REPRESENTATION('',(#11964),#11968);
#11964 = LINE('',#11965,#11966);
#11965 = CARTESIAN_POINT('',(101.,0.));
#11966 = VECTOR('',#11967,1.);
#11967 = DIRECTION('',(0.,1.));
#11968 = ( GEOMETRIC_REPRESENTATION_CONTEXT(2) 
PARAMETRIC_REPRESENTATION_CONTEXT() REPRESENTATION_CONTEXT('2D SPACE',''
  ) );
#11969 = PCURVE('',#11970,#11975);
#11970 = PLANE('',#11971);
#11971 = AXIS2_PLACEMENT_3D('',#11972,#11973,#11974);
#11972 = CARTESIAN_POINT('',(101.,0.,0.));
#11973 = DIRECTION('',(1.,0.,-0.));
#11974 = DIRECTION('',(0.,0.,1.));
#11975 = DEFINITIONAL_REPRESENTATION('',(#11976),#11980);
#11976 = LINE('',#11977,#11978);
#11977 = CARTESIAN_POINT('',(0.,0.));
#11978 = VECTOR('',#11979,1.);
#11979 = DIRECTION('',(0.,-1.));
#11980 = ( GEOMETRIC_REPRESENTATION_CONTEXT(2) 
PARAMETRIC_REPRESENTATION_CONTEXT() REPRESENTATION_CONTEXT('2D SPACE',''
  ) );
#11981 = ORIENTED_EDGE('',*,*,#11982,.T.);
#11982 = EDGE_CURVE('',#11955,#11983,#11985,.T.);
#11983 = VERTEX_POINT('',#11984);
#11984 = CARTESIAN_POINT('',(108.,-8.881784197001E-16,0.));
#11985 = SURFACE_CURVE('',#11986,(#11991,#11998),.PCURVE_S1.);
#11986 = CIRCLE('',#11987,7.);
#11987 = AXIS2_PLACEMENT_3D('',#11988,#11989,#11990);
#11988 = CARTESIAN_POINT('',(108.,7.,0.));
#11989 = DIRECTION('',(0.,0.,1.));
#11990 = DIRECTION('',(0.,-1.,0.));
#11991 = PCURVE('',#10116,#11992);
#11992 = DEFINITIONAL_REPRESENTATION('',(#11993),#11997);
#11993 = CIRCLE('',#11994,7.);
#11994 = AXIS2_PLACEMENT_2D('',#11995,#11996);
#11995 = CARTESIAN_POINT('',(108.,7.));
#11996 = DIRECTION('',(0.,-1.));
#11997 = ( GEOMETRIC_REPRESENTATION_CONTEXT(2) 
PARAMETRIC_REPRESENTATION_CONTEXT() REPRESENTATION_CONTEXT('2D SPACE',''
  ) );
#11998 = PCURVE('',#11999,#12004);
#11999 = CYLINDRICAL_SURFACE('',#12000,7.);
#12000 = AXIS2_PLACEMENT_3D('',#12001,#12002,#12003);
#12001 = CARTESIAN_POINT('',(108.,7.,0.));
#12002 = DIRECTION('',(0.,0.,1.));
#12003 = DIRECTION('',(-1.,-0.,0.));
#12004 = DEFINITIONAL_REPRESENTATION('',(#12005),#12009);
#12005 = LINE('',#12006,#12007);
#12006 = CARTESIAN_POINT('',(-4.712388980385,0.));
#12007 = VECTOR('',#12008,1.);
#12008 = DIRECTION('',(1.,0.));
#12009 = ( GEOMETRIC_REPRESENTATION_CONTEXT(2) 
PARAMETRIC_REPRESENTATION_CONTEXT() REPRESENTATION_CONTEXT('2D SPACE',''
  ) );
#12010 = ORIENTED_EDGE('',*,*,#12011,.T.);
#12011 = EDGE_CURVE('',#11983,#12012,#12014,.T.);
#12012 = VERTEX_POINT('',#12013);
#12013 = CARTESIAN_POINT('',(200.,-8.881784197001E-16,0.));
#12014 = SURFACE_CURVE('',#12015,(#12019,#12026),.PCURVE_S1.);
#12015 = LINE('',#12016,#12017);
#12016 = CARTESIAN_POINT('',(101.,0.,0.));
#12017 = VECTOR('',#12018,1.);
#12018 = DIRECTION('',(1.,0.,-0.));
#12019 = PCURVE('',#10116,#12020);
#12020 = DEFINITIONAL_REPRESENTATION('',(#12021),#12025);
#12021 = LINE('',#12022,#12023);
#12022 = CARTESIAN_POINT('',(101.,0.));
#12023 = VECTOR('',#12024,1.);
#12024 = DIRECTION('',(1.,0.));
#12025 = ( GEOMETRIC_REPRESENTATION_CONTEXT(2) 
PARAMETRIC_REPRESENTATION_CONTEXT() REPRESENTATION_CONTEXT('2D SPACE',''
  ) );
#12026 = PCURVE('',#12027,#12032);
#12027 = PLANE('',#12028);
#12028 = AXIS2_PLACEMENT_3D('',#12029,#12030,#12031);
#12029 = CARTESIAN_POINT('',(101.,0.,0.));
#12030 = DIRECTION('',(-0.,1.,0.));
#12031 = DIRECTION('',(0.,0.,1.));
#12032 = DEFINITIONAL_REPRESENTATION('',(#12033),#12037);
#12033 = LINE('',#12034,#12035);
#12034 = CARTESIAN_POINT('',(0.,0.));
#12035 = VECTOR('',#12036,1.);
#12036 = DIRECTION('',(0.,1.));
#12037 = ( GEOMETRIC_REPRESENTATION_CONTEXT(2) 
PARAMETRIC_REPRESENTATION_CONTEXT() REPRESENTATION_CONTEXT('2D SPACE',''
  ) );
#12038 = ORIENTED_EDGE('',*,*,#12039,.F.);
#12039 = EDGE_CURVE('',#12040,#12012,#12042,.T.);
#12040 = VERTEX_POINT('',#12041);
#12041 = CARTESIAN_POINT('',(207.,7.,0.));
#12042 = SURFACE_CURVE('',#12043,(#12048,#12059),.PCURVE_S1.);
#12043 = CIRCLE('',#12044,7.);
#12044 = AXIS2_PLACEMENT_3D('',#12045,#12046,#12047);
#12045 = CARTESIAN_POINT('',(200.,7.,0.));
#12046 = DIRECTION('',(-0.,-0.,-1.));
#12047 = DIRECTION('',(0.,-1.,0.));
#12048 = PCURVE('',#10116,#12049);
#12049 = DEFINITIONAL_REPRESENTATION('',(#12050),#12058);
#12050 = ( BOUNDED_CURVE() B_SPLINE_CURVE(2,(#12051,#12052,#12053,#12054
    ,#12055,#12056,#12057),.UNSPECIFIED.,.T.,.F.) 
B_SPLINE_CURVE_WITH_KNOTS((1,2,2,2,2,1),(-2.094395102393,0.,
    2.094395102393,4.188790204786,6.28318530718,8.377580409573),
.UNSPECIFIED.) CURVE() GEOMETRIC_REPRESENTATION_ITEM() 
RATIONAL_B_SPLINE_CURVE((1.,0.5,1.,0.5,1.,0.5,1.)) REPRESENTATION_ITEM(
  '') );
#12051 = CARTESIAN_POINT('',(200.,0.));
#12052 = CARTESIAN_POINT('',(187.87564434701,0.));
#12053 = CARTESIAN_POINT('',(193.9378221735,10.5));
#12054 = CARTESIAN_POINT('',(200.,21.));
#12055 = CARTESIAN_POINT('',(206.06217782649,10.5));
#12056 = CARTESIAN_POINT('',(212.12435565298,1.06581410364E-14));
#12057 = CARTESIAN_POINT('',(200.,0.));
#12058 = ( GEOMETRIC_REPRESENTATION_CONTEXT(2) 
PARAMETRIC_REPRESENTATION_CONTEXT() REPRESENTATION_CONTEXT('2D SPACE',''
  ) );
#12059 = PCURVE('',#12060,#12065);
#12060 = CYLINDRICAL_SURFACE('',#12061,7.);
#12061 = AXIS2_PLACEMENT_3D('',#12062,#12063,#12064);
#12062 = CARTESIAN_POINT('',(200.,7.,0.));
#12063 = DIRECTION('',(0.,0.,1.));
#12064 = DIRECTION('',(1.,0.,-0.));
#12065 = DEFINITIONAL_REPRESENTATION('',(#12066),#12070);
#12066 = LINE('',#12067,#12068);
#12067 = CARTESIAN_POINT('',(10.995574287565,0.));
#12068 = VECTOR('',#12069,1.);
#12069 = DIRECTION('',(-1.,0.));
#12070 = ( GEOMETRIC_REPRESENTATION_CONTEXT(2) 
PARAMETRIC_REPRESENTATION_CONTEXT() REPRESENTATION_CONTEXT('2D SPACE',''
  ) );
#12071 = ORIENTED_EDGE('',*,*,#12072,.T.);
#12072 = EDGE_CURVE('',#12040,#12073,#12075,.T.);
#12073 = VERTEX_POINT('',#12074);
#12074 = CARTESIAN_POINT('',(207.,93.,0.));
#12075 = SURFACE_CURVE('',#12076,(#12080,#12087),.PCURVE_S1.);
#12076 = LINE('',#12077,#12078);
#12077 = CARTESIAN_POINT('',(207.,0.,0.));
#12078 = VECTOR('',#12079,1.);
#12079 = DIRECTION('',(-0.,1.,0.));
#12080 = PCURVE('',#10116,#12081);
#12081 = DEFINITIONAL_REPRESENTATION('',(#12082),#12086);
#12082 = LINE('',#12083,#12084);
#12083 = CARTESIAN_POINT('',(207.,0.));
#12084 = VECTOR('',#12085,1.);
#12085 = DIRECTION('',(0.,1.));
#12086 = ( GEOMETRIC_REPRESENTATION_CONTEXT(2) 
PARAMETRIC_REPRESENTATION_CONTEXT() REPRESENTATION_CONTEXT('2D SPACE',''
  ) );
#12087 = PCURVE('',#12088,#12093);
#12088 = PLANE('',#12089);
#12089 = AXIS2_PLACEMENT_3D('',#12090,#12091,#12092);
#12090 = CARTESIAN_POINT('',(207.,0.,0.));
#12091 = DIRECTION('',(1.,0.,-0.));
#12092 = DIRECTION('',(0.,0.,1.));
#12093 = DEFINITIONAL_REPRESENTATION('',(#12094),#12098);
#12094 = LINE('',#12095,#12096);
#12095 = CARTESIAN_POINT('',(0.,0.));
#12096 = VECTOR('',#12097,1.);
#12097 = DIRECTION('',(0.,-1.));
#12098 = ( GEOMETRIC_REPRESENTATION_CONTEXT(2) 
PARAMETRIC_REPRESENTATION_CONTEXT() REPRESENTATION_CONTEXT('2D SPACE',''
  ) );
#12099 = ORIENTED_EDGE('',*,*,#12100,.T.);
#12100 = EDGE_CURVE('',#12073,#12101,#12103,.T.);
#12101 = VERTEX_POINT('',#12102);
#12102 = CARTESIAN_POINT('',(200.,100.,0.));
#12103 = SURFACE_CURVE('',#12104,(#12109,#12116),.PCURVE_S1.);
#12104 = CIRCLE('',#12105,7.);
#12105 = AXIS2_PLACEMENT_3D('',#12106,#12107,#12108);
#12106 = CARTESIAN_POINT('',(200.,93.,0.));
#12107 = DIRECTION('',(0.,0.,1.));
#12108 = DIRECTION('',(0.,-1.,0.));
#12109 = PCURVE('',#10116,#12110);
#12110 = DEFINITIONAL_REPRESENTATION('',(#12111),#12115);
#12111 = CIRCLE('',#12112,7.);
#12112 = AXIS2_PLACEMENT_2D('',#12113,#12114);
#12113 = CARTESIAN_POINT('',(200.,93.));
#12114 = DIRECTION('',(0.,-1.));
#12115 = ( GEOMETRIC_REPRESENTATION_CONTEXT(2) 
PARAMETRIC_REPRESENTATION_CONTEXT() REPRESENTATION_CONTEXT('2D SPACE',''
  ) );
#12116 = PCURVE('',#12117,#12122);
#12117 = CYLINDRICAL_SURFACE('',#12118,7.);
#12118 = AXIS2_PLACEMENT_3D('',#12119,#12120,#12121);
#12119 = CARTESIAN_POINT('',(200.,93.,0.));
#12120 = DIRECTION('',(0.,0.,1.));
#12121 = DIRECTION('',(1.,0.,-0.));
#12122 = DEFINITIONAL_REPRESENTATION('',(#12123),#12127);
#12123 = LINE('',#12124,#12125);
#12124 = CARTESIAN_POINT('',(-1.570796326795,0.));
#12125 = VECTOR('',#12126,1.);
#12126 = DIRECTION('',(1.,0.));
#12127 = ( GEOMETRIC_REPRESENTATION_CONTEXT(2) 
PARAMETRIC_REPRESENTATION_CONTEXT() REPRESENTATION_CONTEXT('2D SPACE',''
  ) );
#12128 = ORIENTED_EDGE('',*,*,#12129,.F.);
#12129 = EDGE_CURVE('',#12130,#12101,#12132,.T.);
#12130 = VERTEX_POINT('',#12131);
#12131 = CARTESIAN_POINT('',(108.,100.,0.));
#12132 = SURFACE_CURVE('',#12133,(#12137,#12144),.PCURVE_S1.);
#12133 = LINE('',#12134,#12135);
#12134 = CARTESIAN_POINT('',(101.,100.,0.));
#12135 = VECTOR('',#12136,1.);
#12136 = DIRECTION('',(1.,0.,-0.));
#12137 = PCURVE('',#10116,#12138);
#12138 = DEFINITIONAL_REPRESENTATION('',(#12139),#12143);
#12139 = LINE('',#12140,#12141);
#12140 = CARTESIAN_POINT('',(101.,100.));
#12141 = VECTOR('',#12142,1.);
#12142 = DIRECTION('',(1.,0.));
#12143 = ( GEOMETRIC_REPRESENTATION_CONTEXT(2) 
PARAMETRIC_REPRESENTATION_CONTEXT() REPRESENTATION_CONTEXT('2D SPACE',''
  ) );
#12144 = PCURVE('',#12145,#12150);
#12145 = PLANE('',#12146);
#12146 = AXIS2_PLACEMENT_3D('',#12147,#12148,#12149);
#12147 = CARTESIAN_POINT('',(94.,100.,4.));
#12148 = DIRECTION('',(-0.,1.,0.));
#12149 = DIRECTION('',(0.,0.,1.));
#12150 = DEFINITIONAL_REPRESENTATION('',(#12151),#12155);
#12151 = LINE('',#12152,#12153);
#12152 = CARTESIAN_POINT('',(-4.,7.));
#12153 = VECTOR('',#12154,1.);
#12154 = DIRECTION('',(0.,1.));
#12155 = ( GEOMETRIC_REPRESENTATION_CONTEXT(2) 
PARAMETRIC_REPRESENTATION_CONTEXT() REPRESENTATION_CONTEXT('2D SPACE',''
  ) );
#12156 = ORIENTED_EDGE('',*,*,#12157,.F.);
#12157 = EDGE_CURVE('',#12158,#12130,#12160,.T.);
#12158 = VERTEX_POINT('',#12159);
#12159 = CARTESIAN_POINT('',(101.,93.,0.));
#12160 = SURFACE_CURVE('',#12161,(#12166,#12177),.PCURVE_S1.);
#12161 = CIRCLE('',#12162,7.);
#12162 = AXIS2_PLACEMENT_3D('',#12163,#12164,#12165);
#12163 = CARTESIAN_POINT('',(108.,93.,0.));
#12164 = DIRECTION('',(-0.,-0.,-1.));
#12165 = DIRECTION('',(0.,-1.,0.));
#12166 = PCURVE('',#10116,#12167);
#12167 = DEFINITIONAL_REPRESENTATION('',(#12168),#12176);
#12168 = ( BOUNDED_CURVE() B_SPLINE_CURVE(2,(#12169,#12170,#12171,#12172
    ,#12173,#12174,#12175),.UNSPECIFIED.,.T.,.F.) 
B_SPLINE_CURVE_WITH_KNOTS((1,2,2,2,2,1),(-2.094395102393,0.,
    2.094395102393,4.188790204786,6.28318530718,8.377580409573),
.UNSPECIFIED.) CURVE() GEOMETRIC_REPRESENTATION_ITEM() 
RATIONAL_B_SPLINE_CURVE((1.,0.5,1.,0.5,1.,0.5,1.)) REPRESENTATION_ITEM(
  '') );
#12169 = CARTESIAN_POINT('',(108.,86.));
#12170 = CARTESIAN_POINT('',(95.875644347018,86.));
#12171 = CARTESIAN_POINT('',(101.9378221735,96.5));
#12172 = CARTESIAN_POINT('',(108.,107.));
#12173 = CARTESIAN_POINT('',(114.06217782649,96.5));
#12174 = CARTESIAN_POINT('',(120.12435565298,86.));
#12175 = CARTESIAN_POINT('',(108.,86.));
#12176 = ( GEOMETRIC_REPRESENTATION_CONTEXT(2) 
PARAMETRIC_REPRESENTATION_CONTEXT() REPRESENTATION_CONTEXT('2D SPACE',''
  ) );
#12177 = PCURVE('',#12178,#12183);
#12178 = CYLINDRICAL_SURFACE('',#12179,7.);
#12179 = AXIS2_PLACEMENT_3D('',#12180,#12181,#12182);
#12180 = CARTESIAN_POINT('',(108.,93.,0.));
#12181 = DIRECTION('',(0.,0.,1.));
#12182 = DIRECTION('',(-1.,-0.,0.));
#12183 = DEFINITIONAL_REPRESENTATION('',(#12184),#12188);
#12184 = LINE('',#12185,#12186);
#12185 = CARTESIAN_POINT('',(7.853981633975,0.));
#12186 = VECTOR('',#12187,1.);
#12187 = DIRECTION('',(-1.,0.));
#12188 = ( GEOMETRIC_REPRESENTATION_CONTEXT(2) 
PARAMETRIC_REPRESENTATION_CONTEXT() REPRESENTATION_CONTEXT('2D SPACE',''
  ) );
#12189 = ORIENTED_EDGE('',*,*,#12190,.F.);
#12190 = EDGE_CURVE('',#12191,#12158,#12193,.T.);
#12191 = VERTEX_POINT('',#12192);
#12192 = CARTESIAN_POINT('',(101.,92.,0.));
#12193 = SURFACE_CURVE('',#12194,(#12198,#12205),.PCURVE_S1.);
#12194 = LINE('',#12195,#12196);
#12195 = CARTESIAN_POINT('',(101.,0.,0.));
#12196 = VECTOR('',#12197,1.);
#12197 = DIRECTION('',(-0.,1.,0.));
#12198 = PCURVE('',#10116,#12199);
#12199 = DEFINITIONAL_REPRESENTATION('',(#12200),#12204);
#12200 = LINE('',#12201,#12202);
#12201 = CARTESIAN_POINT('',(101.,0.));
#12202 = VECTOR('',#12203,1.);
#12203 = DIRECTION('',(0.,1.));
#12204 = ( GEOMETRIC_REPRESENTATION_CONTEXT(2) 
PARAMETRIC_REPRESENTATION_CONTEXT() REPRESENTATION_CONTEXT('2D SPACE',''
  ) );
#12205 = PCURVE('',#12206,#12211);
#12206 = PLANE('',#12207);
#12207 = AXIS2_PLACEMENT_3D('',#12208,#12209,#12210);
#12208 = CARTESIAN_POINT('',(101.,0.,0.));
#12209 = DIRECTION('',(1.,0.,-0.));
#12210 = DIRECTION('',(0.,0.,1.));
#12211 = DEFINITIONAL_REPRESENTATION('',(#12212),#12216);
#12212 = LINE('',#12213,#12214);
#12213 = CARTESIAN_POINT('',(0.,0.));
#12214 = VECTOR('',#12215,1.);
#12215 = DIRECTION('',(0.,-1.));
#12216 = ( GEOMETRIC_REPRESENTATION_CONTEXT(2) 
PARAMETRIC_REPRESENTATION_CONTEXT() REPRESENTATION_CONTEXT('2D SPACE',''
  ) );
#12217 = ORIENTED_EDGE('',*,*,#12218,.F.);
#12218 = EDGE_CURVE('',#12219,#12191,#12221,.T.);
#12219 = VERTEX_POINT('',#12220);
#12220 = CARTESIAN_POINT('',(95.5,92.,-5.551115123126E-17));
#12221 = SURFACE_CURVE('',#12222,(#12226,#12233),.PCURVE_S1.);
#12222 = LINE('',#12223,#12224);
#12223 = CARTESIAN_POINT('',(94.,92.,0.));
#12224 = VECTOR('',#12225,1.);
#12225 = DIRECTION('',(1.,0.,-0.));
#12226 = PCURVE('',#10116,#12227);
#12227 = DEFINITIONAL_REPRESENTATION('',(#12228),#12232);
#12228 = LINE('',#12229,#12230);
#12229 = CARTESIAN_POINT('',(94.,92.));
#12230 = VECTOR('',#12231,1.);
#12231 = DIRECTION('',(1.,0.));
#12232 = ( GEOMETRIC_REPRESENTATION_CONTEXT(2) 
PARAMETRIC_REPRESENTATION_CONTEXT() REPRESENTATION_CONTEXT('2D SPACE',''
  ) );
#12233 = PCURVE('',#12234,#12239);
#12234 = PLANE('',#12235);
#12235 = AXIS2_PLACEMENT_3D('',#12236,#12237,#12238);
#12236 = CARTESIAN_POINT('',(94.,92.,0.));
#12237 = DIRECTION('',(-0.,1.,0.));
#12238 = DIRECTION('',(0.,0.,1.));
#12239 = DEFINITIONAL_REPRESENTATION('',(#12240),#12244);
#12240 = LINE('',#12241,#12242);
#12241 = CARTESIAN_POINT('',(0.,0.));
#12242 = VECTOR('',#12243,1.);
#12243 = DIRECTION('',(0.,1.));
#12244 = ( GEOMETRIC_REPRESENTATION_CONTEXT(2) 
PARAMETRIC_REPRESENTATION_CONTEXT() REPRESENTATION_CONTEXT('2D SPACE',''
  ) );
#12245 = ORIENTED_EDGE('',*,*,#12246,.F.);
#12246 = EDGE_CURVE('',#12247,#12219,#12249,.T.);
#12247 = VERTEX_POINT('',#12248);
#12248 = CARTESIAN_POINT('',(95.5,93.,0.));
#12249 = SURFACE_CURVE('',#12250,(#12254,#12261),.PCURVE_S1.);
#12250 = LINE('',#12251,#12252);
#12251 = CARTESIAN_POINT('',(95.5,93.,-1.110223024625E-16));
#12252 = VECTOR('',#12253,1.);
#12253 = DIRECTION('',(0.,-1.,-0.));
#12254 = PCURVE('',#10116,#12255);
#12255 = DEFINITIONAL_REPRESENTATION('',(#12256),#12260);
#12256 = LINE('',#12257,#12258);
#12257 = CARTESIAN_POINT('',(95.5,93.));
#12258 = VECTOR('',#12259,1.);
#12259 = DIRECTION('',(0.,-1.));
#12260 = ( GEOMETRIC_REPRESENTATION_CONTEXT(2) 
PARAMETRIC_REPRESENTATION_CONTEXT() REPRESENTATION_CONTEXT('2D SPACE',''
  ) );
#12261 = PCURVE('',#12262,#12267);
#12262 = CYLINDRICAL_SURFACE('',#12263,0.5);
#12263 = AXIS2_PLACEMENT_3D('',#12264,#12265,#12266);
#12264 = CARTESIAN_POINT('',(95.5,93.,0.5));
#12265 = DIRECTION('',(0.,-1.,-0.));
#12266 = DIRECTION('',(1.,0.,0.));
#12267 = DEFINITIONAL_REPRESENTATION('',(#12268),#12272);
#12268 = LINE('',#12269,#12270);
#12269 = CARTESIAN_POINT('',(4.712388980385,0.));
#12270 = VECTOR('',#12271,1.);
#12271 = DIRECTION('',(-0.,1.));
#12272 = ( GEOMETRIC_REPRESENTATION_CONTEXT(2) 
PARAMETRIC_REPRESENTATION_CONTEXT() REPRESENTATION_CONTEXT('2D SPACE',''
  ) );
#12273 = ORIENTED_EDGE('',*,*,#12274,.F.);
#12274 = EDGE_CURVE('',#12275,#12247,#12277,.T.);
#12275 = VERTEX_POINT('',#12276);
#12276 = CARTESIAN_POINT('',(89.,99.5,-1.110223024625E-16));
#12277 = SURFACE_CURVE('',#12278,(#12283,#12294),.PCURVE_S1.);
#12278 = CIRCLE('',#12279,6.5);
#12279 = AXIS2_PLACEMENT_3D('',#12280,#12281,#12282);
#12280 = CARTESIAN_POINT('',(89.,93.,0.));
#12281 = DIRECTION('',(0.,0.,-1.));
#12282 = DIRECTION('',(0.,1.,0.));
#12283 = PCURVE('',#10116,#12284);
#12284 = DEFINITIONAL_REPRESENTATION('',(#12285),#12293);
#12285 = ( BOUNDED_CURVE() B_SPLINE_CURVE(2,(#12286,#12287,#12288,#12289
    ,#12290,#12291,#12292),.UNSPECIFIED.,.T.,.F.) 
B_SPLINE_CURVE_WITH_KNOTS((1,2,2,2,2,1),(-2.094395102393,0.,
    2.094395102393,4.188790204786,6.28318530718,8.377580409573),
.UNSPECIFIED.) CURVE() GEOMETRIC_REPRESENTATION_ITEM() 
RATIONAL_B_SPLINE_CURVE((1.,0.5,1.,0.5,1.,0.5,1.)) REPRESENTATION_ITEM(
  '') );
#12286 = CARTESIAN_POINT('',(89.,99.5));
#12287 = CARTESIAN_POINT('',(100.25833024919,99.5));
#12288 = CARTESIAN_POINT('',(94.629165124599,89.75));
#12289 = CARTESIAN_POINT('',(89.,80.));
#12290 = CARTESIAN_POINT('',(83.370834875401,89.75));
#12291 = CARTESIAN_POINT('',(77.741669750802,99.5));
#12292 = CARTESIAN_POINT('',(89.,99.5));
#12293 = ( GEOMETRIC_REPRESENTATION_CONTEXT(2) 
PARAMETRIC_REPRESENTATION_CONTEXT() REPRESENTATION_CONTEXT('2D SPACE',''
  ) );
#12294 = PCURVE('',#10820,#12295);
#12295 = DEFINITIONAL_REPRESENTATION('',(#12296),#12300);
#12296 = LINE('',#12297,#12298);
#12297 = CARTESIAN_POINT('',(0.,1.570796326795));
#12298 = VECTOR('',#12299,1.);
#12299 = DIRECTION('',(1.,0.));
#12300 = ( GEOMETRIC_REPRESENTATION_CONTEXT(2) 
PARAMETRIC_REPRESENTATION_CONTEXT() REPRESENTATION_CONTEXT('2D SPACE',''
  ) );
#12301 = ORIENTED_EDGE('',*,*,#12302,.F.);
#12302 = EDGE_CURVE('',#11805,#12275,#12303,.T.);
#12303 = SURFACE_CURVE('',#12304,(#12308,#12315),.PCURVE_S1.);
#12304 = LINE('',#12305,#12306);
#12305 = CARTESIAN_POINT('',(7.,99.5,-1.110223024625E-16));
#12306 = VECTOR('',#12307,1.);
#12307 = DIRECTION('',(1.,0.,-0.));
#12308 = PCURVE('',#10116,#12309);
#12309 = DEFINITIONAL_REPRESENTATION('',(#12310),#12314);
#12310 = LINE('',#12311,#12312);
#12311 = CARTESIAN_POINT('',(7.,99.5));
#12312 = VECTOR('',#12313,1.);
#12313 = DIRECTION('',(1.,0.));
#12314 = ( GEOMETRIC_REPRESENTATION_CONTEXT(2) 
PARAMETRIC_REPRESENTATION_CONTEXT() REPRESENTATION_CONTEXT('2D SPACE',''
  ) );
#12315 = PCURVE('',#10874,#12316);
#12316 = DEFINITIONAL_REPRESENTATION('',(#12317),#12321);
#12317 = LINE('',#12318,#12319);
#12318 = CARTESIAN_POINT('',(4.712388980385,0.));
#12319 = VECTOR('',#12320,1.);
#12320 = DIRECTION('',(-0.,1.));
#12321 = ( GEOMETRIC_REPRESENTATION_CONTEXT(2) 
PARAMETRIC_REPRESENTATION_CONTEXT() REPRESENTATION_CONTEXT('2D SPACE',''
  ) );
#12322 = ORIENTED_EDGE('',*,*,#11826,.F.);
#12323 = ADVANCED_FACE('',(#12324),#10220,.T.);
#12324 = FACE_BOUND('',#12325,.T.);
#12325 = EDGE_LOOP('',(#12326,#12346,#12347,#12367));
#12326 = ORIENTED_EDGE('',*,*,#12327,.F.);
#12327 = EDGE_CURVE('',#10202,#11881,#12328,.T.);
#12328 = SURFACE_CURVE('',#12329,(#12334,#12340),.PCURVE_S1.);
#12329 = CIRCLE('',#12330,0.5);
#12330 = AXIS2_PLACEMENT_3D('',#12331,#12332,#12333);
#12331 = CARTESIAN_POINT('',(95.5,7.,0.5));
#12332 = DIRECTION('',(-0.,1.,0.));
#12333 = DIRECTION('',(1.,0.,0.));
#12334 = PCURVE('',#10220,#12335);
#12335 = DEFINITIONAL_REPRESENTATION('',(#12336),#12339);
#12336 = B_SPLINE_CURVE_WITH_KNOTS('',1,(#12337,#12338),.UNSPECIFIED.,
  .F.,.F.,(2,2),(0.,1.570796326795),.PIECEWISE_BEZIER_KNOTS.);
#12337 = CARTESIAN_POINT('',(0.,0.));
#12338 = CARTESIAN_POINT('',(0.,1.570796326795));
#12339 = ( GEOMETRIC_REPRESENTATION_CONTEXT(2) 
PARAMETRIC_REPRESENTATION_CONTEXT() REPRESENTATION_CONTEXT('2D SPACE',''
  ) );
#12340 = PCURVE('',#10321,#12341);
#12341 = DEFINITIONAL_REPRESENTATION('',(#12342),#12345);
#12342 = B_SPLINE_CURVE_WITH_KNOTS('',1,(#12343,#12344),.UNSPECIFIED.,
  .F.,.F.,(2,2),(0.,1.570796326795),.PIECEWISE_BEZIER_KNOTS.);
#12343 = CARTESIAN_POINT('',(6.28318530718,86.));
#12344 = CARTESIAN_POINT('',(4.712388980385,86.));
#12345 = ( GEOMETRIC_REPRESENTATION_CONTEXT(2) 
PARAMETRIC_REPRESENTATION_CONTEXT() REPRESENTATION_CONTEXT('2D SPACE',''
  ) );
#12346 = ORIENTED_EDGE('',*,*,#10201,.T.);
#12347 = ORIENTED_EDGE('',*,*,#12348,.T.);
#12348 = EDGE_CURVE('',#10204,#11858,#12349,.T.);
#12349 = SURFACE_CURVE('',#12350,(#12355,#12361),.PCURVE_S1.);
#12350 = CIRCLE('',#12351,0.5);
#12351 = AXIS2_PLACEMENT_3D('',#12352,#12353,#12354);
#12352 = CARTESIAN_POINT('',(89.,0.5,0.5));
#12353 = DIRECTION('',(1.,6.123233995737E-17,0.));
#12354 = DIRECTION('',(6.123233995737E-17,-1.,0.));
#12355 = PCURVE('',#10220,#12356);
#12356 = DEFINITIONAL_REPRESENTATION('',(#12357),#12360);
#12357 = B_SPLINE_CURVE_WITH_KNOTS('',1,(#12358,#12359),.UNSPECIFIED.,
  .F.,.F.,(2,2),(0.,1.570796326795),.PIECEWISE_BEZIER_KNOTS.);
#12358 = CARTESIAN_POINT('',(1.570796326795,0.));
#12359 = CARTESIAN_POINT('',(1.570796326795,1.570796326795));
#12360 = ( GEOMETRIC_REPRESENTATION_CONTEXT(2) 
PARAMETRIC_REPRESENTATION_CONTEXT() REPRESENTATION_CONTEXT('2D SPACE',''
  ) );
#12361 = PCURVE('',#11435,#12362);
#12362 = DEFINITIONAL_REPRESENTATION('',(#12363),#12366);
#12363 = B_SPLINE_CURVE_WITH_KNOTS('',1,(#12364,#12365),.UNSPECIFIED.,
  .F.,.F.,(2,2),(0.,1.570796326795),.PIECEWISE_BEZIER_KNOTS.);
#12364 = CARTESIAN_POINT('',(6.28318530718,0.));
#12365 = CARTESIAN_POINT('',(4.712388980385,0.));
#12366 = ( GEOMETRIC_REPRESENTATION_CONTEXT(2) 
PARAMETRIC_REPRESENTATION_CONTEXT() REPRESENTATION_CONTEXT('2D SPACE',''
  ) );
#12367 = ORIENTED_EDGE('',*,*,#11880,.F.);
#12368 = ADVANCED_FACE('',(#12369),#10321,.T.);
#12369 = FACE_BOUND('',#12370,.T.);
#12370 = EDGE_LOOP('',(#12371,#12372,#12373,#12399));
#12371 = ORIENTED_EDGE('',*,*,#12327,.T.);
#12372 = ORIENTED_EDGE('',*,*,#11908,.F.);
#12373 = ORIENTED_EDGE('',*,*,#12374,.T.);
#12374 = EDGE_CURVE('',#11909,#10306,#12375,.T.);
#12375 = SURFACE_CURVE('',#12376,(#12381,#12388),.PCURVE_S1.);
#12376 = CIRCLE('',#12377,0.5);
#12377 = AXIS2_PLACEMENT_3D('',#12378,#12379,#12380);
#12378 = CARTESIAN_POINT('',(95.5,8.,0.5));
#12379 = DIRECTION('',(0.,-1.,-0.));
#12380 = DIRECTION('',(1.,0.,0.));
#12381 = PCURVE('',#10321,#12382);
#12382 = DEFINITIONAL_REPRESENTATION('',(#12383),#12387);
#12383 = LINE('',#12384,#12385);
#12384 = CARTESIAN_POINT('',(-4.138911435803E-13,85.));
#12385 = VECTOR('',#12386,1.);
#12386 = DIRECTION('',(1.,-0.));
#12387 = ( GEOMETRIC_REPRESENTATION_CONTEXT(2) 
PARAMETRIC_REPRESENTATION_CONTEXT() REPRESENTATION_CONTEXT('2D SPACE',''
  ) );
#12388 = PCURVE('',#10349,#12389);
#12389 = DEFINITIONAL_REPRESENTATION('',(#12390),#12398);
#12390 = ( BOUNDED_CURVE() B_SPLINE_CURVE(2,(#12391,#12392,#12393,#12394
    ,#12395,#12396,#12397),.UNSPECIFIED.,.T.,.F.) 
B_SPLINE_CURVE_WITH_KNOTS((1,2,2,2,2,1),(-2.094395102393,0.,
    2.094395102393,4.188790204786,6.28318530718,8.377580409573),
.UNSPECIFIED.) CURVE() GEOMETRIC_REPRESENTATION_ITEM() 
RATIONAL_B_SPLINE_CURVE((1.,0.5,1.,0.5,1.,0.5,1.)) REPRESENTATION_ITEM(
  '') );
#12391 = CARTESIAN_POINT('',(0.5,2.));
#12392 = CARTESIAN_POINT('',(1.366025403784,2.));
#12393 = CARTESIAN_POINT('',(0.933012701892,1.25));
#12394 = CARTESIAN_POINT('',(0.5,0.5));
#12395 = CARTESIAN_POINT('',(6.698729810778E-02,1.25));
#12396 = CARTESIAN_POINT('',(-0.366025403784,2.));
#12397 = CARTESIAN_POINT('',(0.5,2.));
#12398 = ( GEOMETRIC_REPRESENTATION_CONTEXT(2) 
PARAMETRIC_REPRESENTATION_CONTEXT() REPRESENTATION_CONTEXT('2D SPACE',''
  ) );
#12399 = ORIENTED_EDGE('',*,*,#10305,.T.);
#12400 = ADVANCED_FACE('',(#12401),#10349,.F.);
#12401 = FACE_BOUND('',#12402,.F.);
#12402 = EDGE_LOOP('',(#12403,#12404,#12405,#12406,#12429));
#12403 = ORIENTED_EDGE('',*,*,#11931,.F.);
#12404 = ORIENTED_EDGE('',*,*,#12374,.T.);
#12405 = ORIENTED_EDGE('',*,*,#10333,.T.);
#12406 = ORIENTED_EDGE('',*,*,#12407,.T.);
#12407 = EDGE_CURVE('',#10334,#12408,#12410,.T.);
#12408 = VERTEX_POINT('',#12409);
#12409 = CARTESIAN_POINT('',(101.,8.,56.));
#12410 = SURFACE_CURVE('',#12411,(#12415,#12422),.PCURVE_S1.);
#12411 = LINE('',#12412,#12413);
#12412 = CARTESIAN_POINT('',(94.,8.,56.));
#12413 = VECTOR('',#12414,1.);
#12414 = DIRECTION('',(1.,0.,-0.));
#12415 = PCURVE('',#10349,#12416);
#12416 = DEFINITIONAL_REPRESENTATION('',(#12417),#12421);
#12417 = LINE('',#12418,#12419);
#12418 = CARTESIAN_POINT('',(56.,0.));
#12419 = VECTOR('',#12420,1.);
#12420 = DIRECTION('',(0.,1.));
#12421 = ( GEOMETRIC_REPRESENTATION_CONTEXT(2) 
PARAMETRIC_REPRESENTATION_CONTEXT() REPRESENTATION_CONTEXT('2D SPACE',''
  ) );
#12422 = PCURVE('',#10377,#12423);
#12423 = DEFINITIONAL_REPRESENTATION('',(#12424),#12428);
#12424 = LINE('',#12425,#12426);
#12425 = CARTESIAN_POINT('',(0.,0.));
#12426 = VECTOR('',#12427,1.);
#12427 = DIRECTION('',(1.,0.));
#12428 = ( GEOMETRIC_REPRESENTATION_CONTEXT(2) 
PARAMETRIC_REPRESENTATION_CONTEXT() REPRESENTATION_CONTEXT('2D SPACE',''
  ) );
#12429 = ORIENTED_EDGE('',*,*,#12430,.F.);
#12430 = EDGE_CURVE('',#11932,#12408,#12431,.T.);
#12431 = SURFACE_CURVE('',#12432,(#12436,#12443),.PCURVE_S1.);
#12432 = LINE('',#12433,#12434);
#12433 = CARTESIAN_POINT('',(101.,8.,0.));
#12434 = VECTOR('',#12435,1.);
#12435 = DIRECTION('',(0.,0.,1.));
#12436 = PCURVE('',#10349,#12437);
#12437 = DEFINITIONAL_REPRESENTATION('',(#12438),#12442);
#12438 = LINE('',#12439,#12440);
#12439 = CARTESIAN_POINT('',(0.,7.));
#12440 = VECTOR('',#12441,1.);
#12441 = DIRECTION('',(1.,0.));
#12442 = ( GEOMETRIC_REPRESENTATION_CONTEXT(2) 
PARAMETRIC_REPRESENTATION_CONTEXT() REPRESENTATION_CONTEXT('2D SPACE',''
  ) );
#12443 = PCURVE('',#11970,#12444);
#12444 = DEFINITIONAL_REPRESENTATION('',(#12445),#12449);
#12445 = LINE('',#12446,#12447);
#12446 = CARTESIAN_POINT('',(0.,-8.));
#12447 = VECTOR('',#12448,1.);
#12448 = DIRECTION('',(1.,0.));
#12449 = ( GEOMETRIC_REPRESENTATION_CONTEXT(2) 
PARAMETRIC_REPRESENTATION_CONTEXT() REPRESENTATION_CONTEXT('2D SPACE',''
  ) );
#12450 = ADVANCED_FACE('',(#12451),#10377,.T.);
#12451 = FACE_BOUND('',#12452,.T.);
#12452 = EDGE_LOOP('',(#12453,#12477,#12478,#12479));
#12453 = ORIENTED_EDGE('',*,*,#12454,.F.);
#12454 = EDGE_CURVE('',#10362,#12455,#12457,.T.);
#12455 = VERTEX_POINT('',#12456);
#12456 = CARTESIAN_POINT('',(101.,84.,56.));
#12457 = SURFACE_CURVE('',#12458,(#12463,#12470),.PCURVE_S1.);
#12458 = CIRCLE('',#12459,7.);
#12459 = AXIS2_PLACEMENT_3D('',#12460,#12461,#12462);
#12460 = CARTESIAN_POINT('',(101.,91.,56.));
#12461 = DIRECTION('',(0.,0.,1.));
#12462 = DIRECTION('',(-1.,-0.,0.));
#12463 = PCURVE('',#10377,#12464);
#12464 = DEFINITIONAL_REPRESENTATION('',(#12465),#12469);
#12465 = CIRCLE('',#12466,7.);
#12466 = AXIS2_PLACEMENT_2D('',#12467,#12468);
#12467 = CARTESIAN_POINT('',(7.,83.));
#12468 = DIRECTION('',(-1.,0.));
#12469 = ( GEOMETRIC_REPRESENTATION_CONTEXT(2) 
PARAMETRIC_REPRESENTATION_CONTEXT() REPRESENTATION_CONTEXT('2D SPACE',''
  ) );
#12470 = PCURVE('',#10405,#12471);
#12471 = DEFINITIONAL_REPRESENTATION('',(#12472),#12476);
#12472 = LINE('',#12473,#12474);
#12473 = CARTESIAN_POINT('',(0.,52.));
#12474 = VECTOR('',#12475,1.);
#12475 = DIRECTION('',(1.,0.));
#12476 = ( GEOMETRIC_REPRESENTATION_CONTEXT(2) 
PARAMETRIC_REPRESENTATION_CONTEXT() REPRESENTATION_CONTEXT('2D SPACE',''
  ) );
#12477 = ORIENTED_EDGE('',*,*,#10361,.T.);
#12478 = ORIENTED_EDGE('',*,*,#12407,.T.);
#12479 = ORIENTED_EDGE('',*,*,#12480,.F.);
#12480 = EDGE_CURVE('',#12455,#12408,#12481,.T.);
#12481 = SURFACE_CURVE('',#12482,(#12486,#12493),.PCURVE_S1.);
#12482 = LINE('',#12483,#12484);
#12483 = CARTESIAN_POINT('',(101.,4.,56.));
#12484 = VECTOR('',#12485,1.);
#12485 = DIRECTION('',(0.,-1.,0.));
#12486 = PCURVE('',#10377,#12487);
#12487 = DEFINITIONAL_REPRESENTATION('',(#12488),#12492);
#12488 = LINE('',#12489,#12490);
#12489 = CARTESIAN_POINT('',(7.,-4.));
#12490 = VECTOR('',#12491,1.);
#12491 = DIRECTION('',(0.,-1.));
#12492 = ( GEOMETRIC_REPRESENTATION_CONTEXT(2) 
PARAMETRIC_REPRESENTATION_CONTEXT() REPRESENTATION_CONTEXT('2D SPACE',''
  ) );
#12493 = PCURVE('',#11970,#12494);
#12494 = DEFINITIONAL_REPRESENTATION('',(#12495),#12499);
#12495 = LINE('',#12496,#12497);
#12496 = CARTESIAN_POINT('',(56.,-4.));
#12497 = VECTOR('',#12498,1.);
#12498 = DIRECTION('',(0.,1.));
#12499 = ( GEOMETRIC_REPRESENTATION_CONTEXT(2) 
PARAMETRIC_REPRESENTATION_CONTEXT() REPRESENTATION_CONTEXT('2D SPACE',''
  ) );
#12500 = ADVANCED_FACE('',(#12501),#10405,.T.);
#12501 = FACE_BOUND('',#12502,.T.);
#12502 = EDGE_LOOP('',(#12503,#12527,#12528,#12529,#12552));
#12503 = ORIENTED_EDGE('',*,*,#12504,.T.);
#12504 = EDGE_CURVE('',#12505,#10390,#12507,.T.);
#12505 = VERTEX_POINT('',#12506);
#12506 = CARTESIAN_POINT('',(101.,84.,125.));
#12507 = SURFACE_CURVE('',#12508,(#12513,#12520),.PCURVE_S1.);
#12508 = CIRCLE('',#12509,7.);
#12509 = AXIS2_PLACEMENT_3D('',#12510,#12511,#12512);
#12510 = CARTESIAN_POINT('',(101.,91.,125.));
#12511 = DIRECTION('',(-0.,-0.,-1.));
#12512 = DIRECTION('',(0.,-1.,0.));
#12513 = PCURVE('',#10405,#12514);
#12514 = DEFINITIONAL_REPRESENTATION('',(#12515),#12519);
#12515 = LINE('',#12516,#12517);
#12516 = CARTESIAN_POINT('',(1.570796326795,121.));
#12517 = VECTOR('',#12518,1.);
#12518 = DIRECTION('',(-1.,-0.));
#12519 = ( GEOMETRIC_REPRESENTATION_CONTEXT(2) 
PARAMETRIC_REPRESENTATION_CONTEXT() REPRESENTATION_CONTEXT('2D SPACE',''
  ) );
#12520 = PCURVE('',#10490,#12521);
#12521 = DEFINITIONAL_REPRESENTATION('',(#12522),#12526);
#12522 = LINE('',#12523,#12524);
#12523 = CARTESIAN_POINT('',(6.28318530718,0.));
#12524 = VECTOR('',#12525,1.);
#12525 = DIRECTION('',(-1.,0.));
#12526 = ( GEOMETRIC_REPRESENTATION_CONTEXT(2) 
PARAMETRIC_REPRESENTATION_CONTEXT() REPRESENTATION_CONTEXT('2D SPACE',''
  ) );
#12527 = ORIENTED_EDGE('',*,*,#10389,.F.);
#12528 = ORIENTED_EDGE('',*,*,#12454,.T.);
#12529 = ORIENTED_EDGE('',*,*,#12530,.T.);
#12530 = EDGE_CURVE('',#12455,#12531,#12533,.T.);
#12531 = VERTEX_POINT('',#12532);
#12532 = CARTESIAN_POINT('',(101.,84.,60.));
#12533 = SURFACE_CURVE('',#12534,(#12538,#12545),.PCURVE_S1.);
#12534 = LINE('',#12535,#12536);
#12535 = CARTESIAN_POINT('',(101.,84.,4.));
#12536 = VECTOR('',#12537,1.);
#12537 = DIRECTION('',(0.,0.,1.));
#12538 = PCURVE('',#10405,#12539);
#12539 = DEFINITIONAL_REPRESENTATION('',(#12540),#12544);
#12540 = LINE('',#12541,#12542);
#12541 = CARTESIAN_POINT('',(1.570796326795,0.));
#12542 = VECTOR('',#12543,1.);
#12543 = DIRECTION('',(0.,1.));
#12544 = ( GEOMETRIC_REPRESENTATION_CONTEXT(2) 
PARAMETRIC_REPRESENTATION_CONTEXT() REPRESENTATION_CONTEXT('2D SPACE',''
  ) );
#12545 = PCURVE('',#11970,#12546);
#12546 = DEFINITIONAL_REPRESENTATION('',(#12547),#12551);
#12547 = LINE('',#12548,#12549);
#12548 = CARTESIAN_POINT('',(4.,-84.));
#12549 = VECTOR('',#12550,1.);
#12550 = DIRECTION('',(1.,0.));
#12551 = ( GEOMETRIC_REPRESENTATION_CONTEXT(2) 
PARAMETRIC_REPRESENTATION_CONTEXT() REPRESENTATION_CONTEXT('2D SPACE',''
  ) );
#12552 = ORIENTED_EDGE('',*,*,#12553,.T.);
#12553 = EDGE_CURVE('',#12531,#12505,#12554,.T.);
#12554 = SURFACE_CURVE('',#12555,(#12559,#12566),.PCURVE_S1.);
#12555 = LINE('',#12556,#12557);
#12556 = CARTESIAN_POINT('',(101.,84.,4.));
#12557 = VECTOR('',#12558,1.);
#12558 = DIRECTION('',(0.,0.,1.));
#12559 = PCURVE('',#10405,#12560);
#12560 = DEFINITIONAL_REPRESENTATION('',(#12561),#12565);
#12561 = LINE('',#12562,#12563);
#12562 = CARTESIAN_POINT('',(1.570796326795,0.));
#12563 = VECTOR('',#12564,1.);
#12564 = DIRECTION('',(0.,1.));
#12565 = ( GEOMETRIC_REPRESENTATION_CONTEXT(2) 
PARAMETRIC_REPRESENTATION_CONTEXT() REPRESENTATION_CONTEXT('2D SPACE',''
  ) );
#12566 = PCURVE('',#12567,#12572);
#12567 = PLANE('',#12568);
#12568 = AXIS2_PLACEMENT_3D('',#12569,#12570,#12571);
#12569 = CARTESIAN_POINT('',(94.,84.,4.));
#12570 = DIRECTION('',(-0.,1.,0.));
#12571 = DIRECTION('',(0.,0.,1.));
#12572 = DEFINITIONAL_REPRESENTATION('',(#12573),#12577);
#12573 = LINE('',#12574,#12575);
#12574 = CARTESIAN_POINT('',(0.,7.));
#12575 = VECTOR('',#12576,1.);
#12576 = DIRECTION('',(1.,0.));
#12577 = ( GEOMETRIC_REPRESENTATION_CONTEXT(2) 
PARAMETRIC_REPRESENTATION_CONTEXT() REPRESENTATION_CONTEXT('2D SPACE',''
  ) );
#12578 = ADVANCED_FACE('',(#12579),#10490,.T.);
#12579 = FACE_BOUND('',#12580,.T.);
#12580 = EDGE_LOOP('',(#12581,#12616,#12636,#12637,#12638));
#12581 = ORIENTED_EDGE('',*,*,#12582,.T.);
#12582 = EDGE_CURVE('',#12583,#12585,#12587,.T.);
#12583 = VERTEX_POINT('',#12584);
#12584 = CARTESIAN_POINT('',(101.,87.,128.));
#12585 = VERTEX_POINT('',#12586);
#12586 = CARTESIAN_POINT('',(97.,91.,128.));
#12587 = SURFACE_CURVE('',#12588,(#12593,#12600),.PCURVE_S1.);
#12588 = CIRCLE('',#12589,4.);
#12589 = AXIS2_PLACEMENT_3D('',#12590,#12591,#12592);
#12590 = CARTESIAN_POINT('',(101.,91.,128.));
#12591 = DIRECTION('',(-0.,-0.,-1.));
#12592 = DIRECTION('',(0.,-1.,0.));
#12593 = PCURVE('',#10490,#12594);
#12594 = DEFINITIONAL_REPRESENTATION('',(#12595),#12599);
#12595 = LINE('',#12596,#12597);
#12596 = CARTESIAN_POINT('',(6.28318530718,1.570796326795));
#12597 = VECTOR('',#12598,1.);
#12598 = DIRECTION('',(-1.,0.));
#12599 = ( GEOMETRIC_REPRESENTATION_CONTEXT(2) 
PARAMETRIC_REPRESENTATION_CONTEXT() REPRESENTATION_CONTEXT('2D SPACE',''
  ) );
#12600 = PCURVE('',#12601,#12606);
#12601 = PLANE('',#12602);
#12602 = AXIS2_PLACEMENT_3D('',#12603,#12604,#12605);
#12603 = CARTESIAN_POINT('',(94.,84.,128.));
#12604 = DIRECTION('',(0.,0.,1.));
#12605 = DIRECTION('',(1.,0.,-0.));
#12606 = DEFINITIONAL_REPRESENTATION('',(#12607),#12615);
#12607 = ( BOUNDED_CURVE() B_SPLINE_CURVE(2,(#12608,#12609,#12610,#12611
    ,#12612,#12613,#12614),.UNSPECIFIED.,.T.,.F.) 
B_SPLINE_CURVE_WITH_KNOTS((1,2,2,2,2,1),(-2.094395102393,0.,
    2.094395102393,4.188790204786,6.28318530718,8.377580409573),
.UNSPECIFIED.) CURVE() GEOMETRIC_REPRESENTATION_ITEM() 
RATIONAL_B_SPLINE_CURVE((1.,0.5,1.,0.5,1.,0.5,1.)) REPRESENTATION_ITEM(
  '') );
#12608 = CARTESIAN_POINT('',(7.,3.));
#12609 = CARTESIAN_POINT('',(7.179676972449E-02,3.));
#12610 = CARTESIAN_POINT('',(3.535898384862,9.));
#12611 = CARTESIAN_POINT('',(7.,15.));
#12612 = CARTESIAN_POINT('',(10.464101615138,9.));
#12613 = CARTESIAN_POINT('',(13.928203230276,3.));
#12614 = CARTESIAN_POINT('',(7.,3.));
#12615 = ( GEOMETRIC_REPRESENTATION_CONTEXT(2) 
PARAMETRIC_REPRESENTATION_CONTEXT() REPRESENTATION_CONTEXT('2D SPACE',''
  ) );
#12616 = ORIENTED_EDGE('',*,*,#12617,.F.);
#12617 = EDGE_CURVE('',#10417,#12585,#12618,.T.);
#12618 = SURFACE_CURVE('',#12619,(#12624,#12630),.PCURVE_S1.);
#12619 = CIRCLE('',#12620,3.);
#12620 = AXIS2_PLACEMENT_3D('',#12621,#12622,#12623);
#12621 = CARTESIAN_POINT('',(97.,91.,125.));
#12622 = DIRECTION('',(-0.,1.,0.));
#12623 = DIRECTION('',(-1.,-0.,0.));
#12624 = PCURVE('',#10490,#12625);
#12625 = DEFINITIONAL_REPRESENTATION('',(#12626),#12629);
#12626 = B_SPLINE_CURVE_WITH_KNOTS('',1,(#12627,#12628),.UNSPECIFIED.,
  .F.,.F.,(2,2),(0.,1.570796326795),.PIECEWISE_BEZIER_KNOTS.);
#12627 = CARTESIAN_POINT('',(4.712388980385,0.));
#12628 = CARTESIAN_POINT('',(4.712388980385,1.570796326795));
#12629 = ( GEOMETRIC_REPRESENTATION_CONTEXT(2) 
PARAMETRIC_REPRESENTATION_CONTEXT() REPRESENTATION_CONTEXT('2D SPACE',''
  ) );
#12630 = PCURVE('',#10547,#12631);
#12631 = DEFINITIONAL_REPRESENTATION('',(#12632),#12635);
#12632 = B_SPLINE_CURVE_WITH_KNOTS('',1,(#12633,#12634),.UNSPECIFIED.,
  .F.,.F.,(2,2),(0.,1.570796326795),.PIECEWISE_BEZIER_KNOTS.);
#12633 = CARTESIAN_POINT('',(0.,0.));
#12634 = CARTESIAN_POINT('',(1.570796326795,0.));
#12635 = ( GEOMETRIC_REPRESENTATION_CONTEXT(2) 
PARAMETRIC_REPRESENTATION_CONTEXT() REPRESENTATION_CONTEXT('2D SPACE',''
  ) );
#12636 = ORIENTED_EDGE('',*,*,#10416,.F.);
#12637 = ORIENTED_EDGE('',*,*,#12504,.F.);
#12638 = ORIENTED_EDGE('',*,*,#12639,.T.);
#12639 = EDGE_CURVE('',#12505,#12583,#12640,.T.);
#12640 = SURFACE_CURVE('',#12641,(#12646,#12652),.PCURVE_S1.);
#12641 = CIRCLE('',#12642,3.);
#12642 = AXIS2_PLACEMENT_3D('',#12643,#12644,#12645);
#12643 = CARTESIAN_POINT('',(101.,87.,125.));
#12644 = DIRECTION('',(-1.,-0.,0.));
#12645 = DIRECTION('',(0.,-1.,-0.));
#12646 = PCURVE('',#10490,#12647);
#12647 = DEFINITIONAL_REPRESENTATION('',(#12648),#12651);
#12648 = B_SPLINE_CURVE_WITH_KNOTS('',1,(#12649,#12650),.UNSPECIFIED.,
  .F.,.F.,(2,2),(0.,1.570796326795),.PIECEWISE_BEZIER_KNOTS.);
#12649 = CARTESIAN_POINT('',(6.28318530718,0.));
#12650 = CARTESIAN_POINT('',(6.28318530718,1.570796326795));
#12651 = ( GEOMETRIC_REPRESENTATION_CONTEXT(2) 
PARAMETRIC_REPRESENTATION_CONTEXT() REPRESENTATION_CONTEXT('2D SPACE',''
  ) );
#12652 = PCURVE('',#12653,#12658);
#12653 = CYLINDRICAL_SURFACE('',#12654,3.);
#12654 = AXIS2_PLACEMENT_3D('',#12655,#12656,#12657);
#12655 = CARTESIAN_POINT('',(125.,87.,125.));
#12656 = DIRECTION('',(-1.,-0.,0.));
#12657 = DIRECTION('',(0.,-1.,-0.));
#12658 = DEFINITIONAL_REPRESENTATION('',(#12659),#12662);
#12659 = B_SPLINE_CURVE_WITH_KNOTS('',1,(#12660,#12661),.UNSPECIFIED.,
  .F.,.F.,(2,2),(0.,1.570796326795),.PIECEWISE_BEZIER_KNOTS.);
#12660 = CARTESIAN_POINT('',(0.,24.));
#12661 = CARTESIAN_POINT('',(1.570796326795,24.));
#12662 = ( GEOMETRIC_REPRESENTATION_CONTEXT(2) 
PARAMETRIC_REPRESENTATION_CONTEXT() REPRESENTATION_CONTEXT('2D SPACE',''
  ) );
#12663 = ADVANCED_FACE('',(#12664),#10547,.T.);
#12664 = FACE_BOUND('',#12665,.T.);
#12665 = EDGE_LOOP('',(#12666,#12667,#12668,#12691));
#12666 = ORIENTED_EDGE('',*,*,#10531,.F.);
#12667 = ORIENTED_EDGE('',*,*,#12617,.T.);
#12668 = ORIENTED_EDGE('',*,*,#12669,.T.);
#12669 = EDGE_CURVE('',#12585,#12670,#12672,.T.);
#12670 = VERTEX_POINT('',#12671);
#12671 = CARTESIAN_POINT('',(97.,93.,128.));
#12672 = SURFACE_CURVE('',#12673,(#12677,#12684),.PCURVE_S1.);
#12673 = LINE('',#12674,#12675);
#12674 = CARTESIAN_POINT('',(97.,91.,128.));
#12675 = VECTOR('',#12676,1.);
#12676 = DIRECTION('',(-0.,1.,0.));
#12677 = PCURVE('',#10547,#12678);
#12678 = DEFINITIONAL_REPRESENTATION('',(#12679),#12683);
#12679 = LINE('',#12680,#12681);
#12680 = CARTESIAN_POINT('',(1.570796326795,0.));
#12681 = VECTOR('',#12682,1.);
#12682 = DIRECTION('',(0.,1.));
#12683 = ( GEOMETRIC_REPRESENTATION_CONTEXT(2) 
PARAMETRIC_REPRESENTATION_CONTEXT() REPRESENTATION_CONTEXT('2D SPACE',''
  ) );
#12684 = PCURVE('',#12601,#12685);
#12685 = DEFINITIONAL_REPRESENTATION('',(#12686),#12690);
#12686 = LINE('',#12687,#12688);
#12687 = CARTESIAN_POINT('',(3.,7.));
#12688 = VECTOR('',#12689,1.);
#12689 = DIRECTION('',(0.,1.));
#12690 = ( GEOMETRIC_REPRESENTATION_CONTEXT(2) 
PARAMETRIC_REPRESENTATION_CONTEXT() REPRESENTATION_CONTEXT('2D SPACE',''
  ) );
#12691 = ORIENTED_EDGE('',*,*,#12692,.F.);
#12692 = EDGE_CURVE('',#10532,#12670,#12693,.T.);
#12693 = SURFACE_CURVE('',#12694,(#12699,#12705),.PCURVE_S1.);
#12694 = CIRCLE('',#12695,3.);
#12695 = AXIS2_PLACEMENT_3D('',#12696,#12697,#12698);
#12696 = CARTESIAN_POINT('',(97.,93.,125.));
#12697 = DIRECTION('',(-0.,1.,0.));
#12698 = DIRECTION('',(-1.,-0.,0.));
#12699 = PCURVE('',#10547,#12700);
#12700 = DEFINITIONAL_REPRESENTATION('',(#12701),#12704);
#12701 = B_SPLINE_CURVE_WITH_KNOTS('',1,(#12702,#12703),.UNSPECIFIED.,
  .F.,.F.,(2,2),(0.,1.570796326795),.PIECEWISE_BEZIER_KNOTS.);
#12702 = CARTESIAN_POINT('',(0.,2.));
#12703 = CARTESIAN_POINT('',(1.570796326795,2.));
#12704 = ( GEOMETRIC_REPRESENTATION_CONTEXT(2) 
PARAMETRIC_REPRESENTATION_CONTEXT() REPRESENTATION_CONTEXT('2D SPACE',''
  ) );
#12705 = PCURVE('',#10673,#12706);
#12706 = DEFINITIONAL_REPRESENTATION('',(#12707),#12710);
#12707 = B_SPLINE_CURVE_WITH_KNOTS('',1,(#12708,#12709),.UNSPECIFIED.,
  .F.,.F.,(2,2),(0.,1.570796326795),.PIECEWISE_BEZIER_KNOTS.);
#12708 = CARTESIAN_POINT('',(6.28318530718,0.));
#12709 = CARTESIAN_POINT('',(6.28318530718,1.570796326795));
#12710 = ( GEOMETRIC_REPRESENTATION_CONTEXT(2) 
PARAMETRIC_REPRESENTATION_CONTEXT() REPRESENTATION_CONTEXT('2D SPACE',''
  ) );
#12711 = ADVANCED_FACE('',(#12712),#10673,.T.);
#12712 = FACE_BOUND('',#12713,.T.);
#12713 = EDGE_LOOP('',(#12714,#12742,#12769,#12791,#12792));
#12714 = ORIENTED_EDGE('',*,*,#12715,.T.);
#12715 = EDGE_CURVE('',#12670,#12716,#12718,.T.);
#12716 = VERTEX_POINT('',#12717);
#12717 = CARTESIAN_POINT('',(101.,97.,128.));
#12718 = SURFACE_CURVE('',#12719,(#12724,#12731),.PCURVE_S1.);
#12719 = CIRCLE('',#12720,4.);
#12720 = AXIS2_PLACEMENT_3D('',#12721,#12722,#12723);
#12721 = CARTESIAN_POINT('',(101.,93.,128.));
#12722 = DIRECTION('',(0.,0.,-1.));
#12723 = DIRECTION('',(-1.,0.,0.));
#12724 = PCURVE('',#10673,#12725);
#12725 = DEFINITIONAL_REPRESENTATION('',(#12726),#12730);
#12726 = LINE('',#12727,#12728);
#12727 = CARTESIAN_POINT('',(6.28318530718,1.570796326795));
#12728 = VECTOR('',#12729,1.);
#12729 = DIRECTION('',(-1.,0.));
#12730 = ( GEOMETRIC_REPRESENTATION_CONTEXT(2) 
PARAMETRIC_REPRESENTATION_CONTEXT() REPRESENTATION_CONTEXT('2D SPACE',''
  ) );
#12731 = PCURVE('',#12601,#12732);
#12732 = DEFINITIONAL_REPRESENTATION('',(#12733),#12741);
#12733 = ( BOUNDED_CURVE() B_SPLINE_CURVE(2,(#12734,#12735,#12736,#12737
    ,#12738,#12739,#12740),.UNSPECIFIED.,.T.,.F.) 
B_SPLINE_CURVE_WITH_KNOTS((1,2,2,2,2,1),(-2.094395102393,0.,
    2.094395102393,4.188790204786,6.28318530718,8.377580409573),
.UNSPECIFIED.) CURVE() GEOMETRIC_REPRESENTATION_ITEM() 
RATIONAL_B_SPLINE_CURVE((1.,0.5,1.,0.5,1.,0.5,1.)) REPRESENTATION_ITEM(
  '') );
#12734 = CARTESIAN_POINT('',(3.,9.));
#12735 = CARTESIAN_POINT('',(3.,15.928203230276));
#12736 = CARTESIAN_POINT('',(9.,12.464101615138));
#12737 = CARTESIAN_POINT('',(15.,9.));
#12738 = CARTESIAN_POINT('',(9.,5.535898384862));
#12739 = CARTESIAN_POINT('',(3.,2.071796769724));
#12740 = CARTESIAN_POINT('',(3.,9.));
#12741 = ( GEOMETRIC_REPRESENTATION_CONTEXT(2) 
PARAMETRIC_REPRESENTATION_CONTEXT() REPRESENTATION_CONTEXT('2D SPACE',''
  ) );
#12742 = ORIENTED_EDGE('',*,*,#12743,.F.);
#12743 = EDGE_CURVE('',#12744,#12716,#12746,.T.);
#12744 = VERTEX_POINT('',#12745);
#12745 = CARTESIAN_POINT('',(101.,100.,125.));
#12746 = SURFACE_CURVE('',#12747,(#12752,#12758),.PCURVE_S1.);
#12747 = CIRCLE('',#12748,3.);
#12748 = AXIS2_PLACEMENT_3D('',#12749,#12750,#12751);
#12749 = CARTESIAN_POINT('',(101.,97.,125.));
#12750 = DIRECTION('',(1.,6.123233995737E-17,-0.));
#12751 = DIRECTION('',(-6.123233995737E-17,1.,0.));
#12752 = PCURVE('',#10673,#12753);
#12753 = DEFINITIONAL_REPRESENTATION('',(#12754),#12757);
#12754 = B_SPLINE_CURVE_WITH_KNOTS('',1,(#12755,#12756),.UNSPECIFIED.,
  .F.,.F.,(2,2),(0.,1.570796326795),.PIECEWISE_BEZIER_KNOTS.);
#12755 = CARTESIAN_POINT('',(4.712388980385,0.));
#12756 = CARTESIAN_POINT('',(4.712388980385,1.570796326795));
#12757 = ( GEOMETRIC_REPRESENTATION_CONTEXT(2) 
PARAMETRIC_REPRESENTATION_CONTEXT() REPRESENTATION_CONTEXT('2D SPACE',''
  ) );
#12758 = PCURVE('',#12759,#12764);
#12759 = CYLINDRICAL_SURFACE('',#12760,3.);
#12760 = AXIS2_PLACEMENT_3D('',#12761,#12762,#12763);
#12761 = CARTESIAN_POINT('',(101.,97.,125.));
#12762 = DIRECTION('',(1.,0.,-0.));
#12763 = DIRECTION('',(0.,1.,0.));
#12764 = DEFINITIONAL_REPRESENTATION('',(#12765),#12768);
#12765 = B_SPLINE_CURVE_WITH_KNOTS('',1,(#12766,#12767),.UNSPECIFIED.,
  .F.,.F.,(2,2),(0.,1.570796326795),.PIECEWISE_BEZIER_KNOTS.);
#12766 = CARTESIAN_POINT('',(0.,0.));
#12767 = CARTESIAN_POINT('',(1.570796326795,0.));
#12768 = ( GEOMETRIC_REPRESENTATION_CONTEXT(2) 
PARAMETRIC_REPRESENTATION_CONTEXT() REPRESENTATION_CONTEXT('2D SPACE',''
  ) );
#12769 = ORIENTED_EDGE('',*,*,#12770,.F.);
#12770 = EDGE_CURVE('',#10588,#12744,#12771,.T.);
#12771 = SURFACE_CURVE('',#12772,(#12777,#12784),.PCURVE_S1.);
#12772 = CIRCLE('',#12773,7.);
#12773 = AXIS2_PLACEMENT_3D('',#12774,#12775,#12776);
#12774 = CARTESIAN_POINT('',(101.,93.,125.));
#12775 = DIRECTION('',(0.,0.,-1.));
#12776 = DIRECTION('',(-1.,0.,0.));
#12777 = PCURVE('',#10673,#12778);
#12778 = DEFINITIONAL_REPRESENTATION('',(#12779),#12783);
#12779 = LINE('',#12780,#12781);
#12780 = CARTESIAN_POINT('',(6.28318530718,0.));
#12781 = VECTOR('',#12782,1.);
#12782 = DIRECTION('',(-1.,0.));
#12783 = ( GEOMETRIC_REPRESENTATION_CONTEXT(2) 
PARAMETRIC_REPRESENTATION_CONTEXT() REPRESENTATION_CONTEXT('2D SPACE',''
  ) );
#12784 = PCURVE('',#10735,#12785);
#12785 = DEFINITIONAL_REPRESENTATION('',(#12786),#12790);
#12786 = LINE('',#12787,#12788);
#12787 = CARTESIAN_POINT('',(6.28318530718,121.));
#12788 = VECTOR('',#12789,1.);
#12789 = DIRECTION('',(-1.,0.));
#12790 = ( GEOMETRIC_REPRESENTATION_CONTEXT(2) 
PARAMETRIC_REPRESENTATION_CONTEXT() REPRESENTATION_CONTEXT('2D SPACE',''
  ) );
#12791 = ORIENTED_EDGE('',*,*,#10587,.T.);
#12792 = ORIENTED_EDGE('',*,*,#12692,.T.);
#12793 = ADVANCED_FACE('',(#12794),#10735,.T.);
#12794 = FACE_BOUND('',#12795,.T.);
#12795 = EDGE_LOOP('',(#12796,#12819,#12845,#12846));
#12796 = ORIENTED_EDGE('',*,*,#12797,.F.);
#12797 = EDGE_CURVE('',#12798,#12744,#12800,.T.);
#12798 = VERTEX_POINT('',#12799);
#12799 = CARTESIAN_POINT('',(101.,100.,4.));
#12800 = SURFACE_CURVE('',#12801,(#12805,#12812),.PCURVE_S1.);
#12801 = LINE('',#12802,#12803);
#12802 = CARTESIAN_POINT('',(101.,100.,4.));
#12803 = VECTOR('',#12804,1.);
#12804 = DIRECTION('',(0.,0.,1.));
#12805 = PCURVE('',#10735,#12806);
#12806 = DEFINITIONAL_REPRESENTATION('',(#12807),#12811);
#12807 = LINE('',#12808,#12809);
#12808 = CARTESIAN_POINT('',(4.712388980385,0.));
#12809 = VECTOR('',#12810,1.);
#12810 = DIRECTION('',(-0.,1.));
#12811 = ( GEOMETRIC_REPRESENTATION_CONTEXT(2) 
PARAMETRIC_REPRESENTATION_CONTEXT() REPRESENTATION_CONTEXT('2D SPACE',''
  ) );
#12812 = PCURVE('',#12145,#12813);
#12813 = DEFINITIONAL_REPRESENTATION('',(#12814),#12818);
#12814 = LINE('',#12815,#12816);
#12815 = CARTESIAN_POINT('',(0.,7.));
#12816 = VECTOR('',#12817,1.);
#12817 = DIRECTION('',(1.,0.));
#12818 = ( GEOMETRIC_REPRESENTATION_CONTEXT(2) 
PARAMETRIC_REPRESENTATION_CONTEXT() REPRESENTATION_CONTEXT('2D SPACE',''
  ) );
#12819 = ORIENTED_EDGE('',*,*,#12820,.F.);
#12820 = EDGE_CURVE('',#10721,#12798,#12821,.T.);
#12821 = SURFACE_CURVE('',#12822,(#12827,#12834),.PCURVE_S1.);
#12822 = CIRCLE('',#12823,7.);
#12823 = AXIS2_PLACEMENT_3D('',#12824,#12825,#12826);
#12824 = CARTESIAN_POINT('',(101.,93.,4.));
#12825 = DIRECTION('',(-0.,-0.,-1.));
#12826 = DIRECTION('',(0.,-1.,0.));
#12827 = PCURVE('',#10735,#12828);
#12828 = DEFINITIONAL_REPRESENTATION('',(#12829),#12833);
#12829 = LINE('',#12830,#12831);
#12830 = CARTESIAN_POINT('',(7.853981633975,0.));
#12831 = VECTOR('',#12832,1.);
#12832 = DIRECTION('',(-1.,0.));
#12833 = ( GEOMETRIC_REPRESENTATION_CONTEXT(2) 
PARAMETRIC_REPRESENTATION_CONTEXT() REPRESENTATION_CONTEXT('2D SPACE',''
  ) );
#12834 = PCURVE('',#10763,#12835);
#12835 = DEFINITIONAL_REPRESENTATION('',(#12836),#12844);
#12836 = ( BOUNDED_CURVE() B_SPLINE_CURVE(2,(#12837,#12838,#12839,#12840
    ,#12841,#12842,#12843),.UNSPECIFIED.,.T.,.F.) 
B_SPLINE_CURVE_WITH_KNOTS((1,2,2,2,2,1),(-2.094395102393,0.,
    2.094395102393,4.188790204786,6.28318530718,8.377580409573),
.UNSPECIFIED.) CURVE() GEOMETRIC_REPRESENTATION_ITEM() 
RATIONAL_B_SPLINE_CURVE((1.,0.5,1.,0.5,1.,0.5,1.)) REPRESENTATION_ITEM(
  '') );
#12837 = CARTESIAN_POINT('',(7.,2.));
#12838 = CARTESIAN_POINT('',(-5.124355652982,2.));
#12839 = CARTESIAN_POINT('',(0.937822173509,12.5));
#12840 = CARTESIAN_POINT('',(7.,23.));
#12841 = CARTESIAN_POINT('',(13.062177826491,12.5));
#12842 = CARTESIAN_POINT('',(19.124355652982,2.));
#12843 = CARTESIAN_POINT('',(7.,2.));
#12844 = ( GEOMETRIC_REPRESENTATION_CONTEXT(2) 
PARAMETRIC_REPRESENTATION_CONTEXT() REPRESENTATION_CONTEXT('2D SPACE',''
  ) );
#12845 = ORIENTED_EDGE('',*,*,#10720,.T.);
#12846 = ORIENTED_EDGE('',*,*,#12770,.T.);
#12847 = ADVANCED_FACE('',(#12848),#10763,.F.);
#12848 = FACE_BOUND('',#12849,.F.);
#12849 = EDGE_LOOP('',(#12850,#12851,#12852,#12875,#12898,#12921,#12945)
  );
#12850 = ORIENTED_EDGE('',*,*,#12820,.F.);
#12851 = ORIENTED_EDGE('',*,*,#10746,.F.);
#12852 = ORIENTED_EDGE('',*,*,#12853,.T.);
#12853 = EDGE_CURVE('',#10747,#12854,#12856,.T.);
#12854 = VERTEX_POINT('',#12855);
#12855 = CARTESIAN_POINT('',(96.,92.,4.));
#12856 = SURFACE_CURVE('',#12857,(#12861,#12868),.PCURVE_S1.);
#12857 = LINE('',#12858,#12859);
#12858 = CARTESIAN_POINT('',(96.,42.,4.));
#12859 = VECTOR('',#12860,1.);
#12860 = DIRECTION('',(0.,-1.,0.));
#12861 = PCURVE('',#10763,#12862);
#12862 = DEFINITIONAL_REPRESENTATION('',(#12863),#12867);
#12863 = LINE('',#12864,#12865);
#12864 = CARTESIAN_POINT('',(2.,-42.));
#12865 = VECTOR('',#12866,1.);
#12866 = DIRECTION('',(0.,-1.));
#12867 = ( GEOMETRIC_REPRESENTATION_CONTEXT(2) 
PARAMETRIC_REPRESENTATION_CONTEXT() REPRESENTATION_CONTEXT('2D SPACE',''
  ) );
#12868 = PCURVE('',#10791,#12869);
#12869 = DEFINITIONAL_REPRESENTATION('',(#12870),#12874);
#12870 = LINE('',#12871,#12872);
#12871 = CARTESIAN_POINT('',(4.,-42.));
#12872 = VECTOR('',#12873,1.);
#12873 = DIRECTION('',(0.,1.));
#12874 = ( GEOMETRIC_REPRESENTATION_CONTEXT(2) 
PARAMETRIC_REPRESENTATION_CONTEXT() REPRESENTATION_CONTEXT('2D SPACE',''
  ) );
#12875 = ORIENTED_EDGE('',*,*,#12876,.T.);
#12876 = EDGE_CURVE('',#12854,#12877,#12879,.T.);
#12877 = VERTEX_POINT('',#12878);
#12878 = CARTESIAN_POINT('',(101.,92.,4.));
#12879 = SURFACE_CURVE('',#12880,(#12884,#12891),.PCURVE_S1.);
#12880 = LINE('',#12881,#12882);
#12881 = CARTESIAN_POINT('',(94.,92.,4.));
#12882 = VECTOR('',#12883,1.);
#12883 = DIRECTION('',(1.,0.,-0.));
#12884 = PCURVE('',#10763,#12885);
#12885 = DEFINITIONAL_REPRESENTATION('',(#12886),#12890);
#12886 = LINE('',#12887,#12888);
#12887 = CARTESIAN_POINT('',(0.,8.));
#12888 = VECTOR('',#12889,1.);
#12889 = DIRECTION('',(1.,0.));
#12890 = ( GEOMETRIC_REPRESENTATION_CONTEXT(2) 
PARAMETRIC_REPRESENTATION_CONTEXT() REPRESENTATION_CONTEXT('2D SPACE',''
  ) );
#12891 = PCURVE('',#12234,#12892);
#12892 = DEFINITIONAL_REPRESENTATION('',(#12893),#12897);
#12893 = LINE('',#12894,#12895);
#12894 = CARTESIAN_POINT('',(4.,0.));
#12895 = VECTOR('',#12896,1.);
#12896 = DIRECTION('',(0.,1.));
#12897 = ( GEOMETRIC_REPRESENTATION_CONTEXT(2) 
PARAMETRIC_REPRESENTATION_CONTEXT() REPRESENTATION_CONTEXT('2D SPACE',''
  ) );
#12898 = ORIENTED_EDGE('',*,*,#12899,.F.);
#12899 = EDGE_CURVE('',#12900,#12877,#12902,.T.);
#12900 = VERTEX_POINT('',#12901);
#12901 = CARTESIAN_POINT('',(101.,93.,4.));
#12902 = SURFACE_CURVE('',#12903,(#12907,#12914),.PCURVE_S1.);
#12903 = LINE('',#12904,#12905);
#12904 = CARTESIAN_POINT('',(101.,42.,4.));
#12905 = VECTOR('',#12906,1.);
#12906 = DIRECTION('',(0.,-1.,0.));
#12907 = PCURVE('',#10763,#12908);
#12908 = DEFINITIONAL_REPRESENTATION('',(#12909),#12913);
#12909 = LINE('',#12910,#12911);
#12910 = CARTESIAN_POINT('',(7.,-42.));
#12911 = VECTOR('',#12912,1.);
#12912 = DIRECTION('',(0.,-1.));
#12913 = ( GEOMETRIC_REPRESENTATION_CONTEXT(2) 
PARAMETRIC_REPRESENTATION_CONTEXT() REPRESENTATION_CONTEXT('2D SPACE',''
  ) );
#12914 = PCURVE('',#12206,#12915);
#12915 = DEFINITIONAL_REPRESENTATION('',(#12916),#12920);
#12916 = LINE('',#12917,#12918);
#12917 = CARTESIAN_POINT('',(4.,-42.));
#12918 = VECTOR('',#12919,1.);
#12919 = DIRECTION('',(0.,1.));
#12920 = ( GEOMETRIC_REPRESENTATION_CONTEXT(2) 
PARAMETRIC_REPRESENTATION_CONTEXT() REPRESENTATION_CONTEXT('2D SPACE',''
  ) );
#12921 = ORIENTED_EDGE('',*,*,#12922,.F.);
#12922 = EDGE_CURVE('',#12923,#12900,#12925,.T.);
#12923 = VERTEX_POINT('',#12924);
#12924 = CARTESIAN_POINT('',(108.,100.,4.));
#12925 = SURFACE_CURVE('',#12926,(#12931,#12938),.PCURVE_S1.);
#12926 = CIRCLE('',#12927,7.);
#12927 = AXIS2_PLACEMENT_3D('',#12928,#12929,#12930);
#12928 = CARTESIAN_POINT('',(108.,93.,4.));
#12929 = DIRECTION('',(0.,0.,1.));
#12930 = DIRECTION('',(-1.,-0.,0.));
#12931 = PCURVE('',#10763,#12932);
#12932 = DEFINITIONAL_REPRESENTATION('',(#12933),#12937);
#12933 = CIRCLE('',#12934,7.);
#12934 = AXIS2_PLACEMENT_2D('',#12935,#12936);
#12935 = CARTESIAN_POINT('',(14.,9.));
#12936 = DIRECTION('',(-1.,0.));
#12937 = ( GEOMETRIC_REPRESENTATION_CONTEXT(2) 
PARAMETRIC_REPRESENTATION_CONTEXT() REPRESENTATION_CONTEXT('2D SPACE',''
  ) );
#12938 = PCURVE('',#12178,#12939);
#12939 = DEFINITIONAL_REPRESENTATION('',(#12940),#12944);
#12940 = LINE('',#12941,#12942);
#12941 = CARTESIAN_POINT('',(-4.138911435803E-13,4.));
#12942 = VECTOR('',#12943,1.);
#12943 = DIRECTION('',(1.,-0.));
#12944 = ( GEOMETRIC_REPRESENTATION_CONTEXT(2) 
PARAMETRIC_REPRESENTATION_CONTEXT() REPRESENTATION_CONTEXT('2D SPACE',''
  ) );
#12945 = ORIENTED_EDGE('',*,*,#12946,.F.);
#12946 = EDGE_CURVE('',#12798,#12923,#12947,.T.);
#12947 = SURFACE_CURVE('',#12948,(#12952,#12959),.PCURVE_S1.);
#12948 = LINE('',#12949,#12950);
#12949 = CARTESIAN_POINT('',(94.,100.,4.));
#12950 = VECTOR('',#12951,1.);
#12951 = DIRECTION('',(1.,0.,-0.));
#12952 = PCURVE('',#10763,#12953);
#12953 = DEFINITIONAL_REPRESENTATION('',(#12954),#12958);
#12954 = LINE('',#12955,#12956);
#12955 = CARTESIAN_POINT('',(0.,16.));
#12956 = VECTOR('',#12957,1.);
#12957 = DIRECTION('',(1.,0.));
#12958 = ( GEOMETRIC_REPRESENTATION_CONTEXT(2) 
PARAMETRIC_REPRESENTATION_CONTEXT() REPRESENTATION_CONTEXT('2D SPACE',''
  ) );
#12959 = PCURVE('',#12145,#12960);
#12960 = DEFINITIONAL_REPRESENTATION('',(#12961),#12965);
#12961 = LINE('',#12962,#12963);
#12962 = CARTESIAN_POINT('',(0.,0.));
#12963 = VECTOR('',#12964,1.);
#12964 = DIRECTION('',(0.,1.));
#12965 = ( GEOMETRIC_REPRESENTATION_CONTEXT(2) 
PARAMETRIC_REPRESENTATION_CONTEXT() REPRESENTATION_CONTEXT('2D SPACE',''
  ) );
#12966 = ADVANCED_FACE('',(#12967),#10791,.T.);
#12967 = FACE_BOUND('',#12968,.T.);
#12968 = EDGE_LOOP('',(#12969,#12970,#12971,#12994));
#12969 = ORIENTED_EDGE('',*,*,#10775,.T.);
#12970 = ORIENTED_EDGE('',*,*,#12853,.T.);
#12971 = ORIENTED_EDGE('',*,*,#12972,.F.);
#12972 = EDGE_CURVE('',#12973,#12854,#12975,.T.);
#12973 = VERTEX_POINT('',#12974);
#12974 = CARTESIAN_POINT('',(96.,92.,0.5));
#12975 = SURFACE_CURVE('',#12976,(#12980,#12987),.PCURVE_S1.);
#12976 = LINE('',#12977,#12978);
#12977 = CARTESIAN_POINT('',(96.,92.,0.));
#12978 = VECTOR('',#12979,1.);
#12979 = DIRECTION('',(0.,0.,1.));
#12980 = PCURVE('',#10791,#12981);
#12981 = DEFINITIONAL_REPRESENTATION('',(#12982),#12986);
#12982 = LINE('',#12983,#12984);
#12983 = CARTESIAN_POINT('',(0.,-92.));
#12984 = VECTOR('',#12985,1.);
#12985 = DIRECTION('',(1.,0.));
#12986 = ( GEOMETRIC_REPRESENTATION_CONTEXT(2) 
PARAMETRIC_REPRESENTATION_CONTEXT() REPRESENTATION_CONTEXT('2D SPACE',''
  ) );
#12987 = PCURVE('',#12234,#12988);
#12988 = DEFINITIONAL_REPRESENTATION('',(#12989),#12993);
#12989 = LINE('',#12990,#12991);
#12990 = CARTESIAN_POINT('',(0.,2.));
#12991 = VECTOR('',#12992,1.);
#12992 = DIRECTION('',(1.,0.));
#12993 = ( GEOMETRIC_REPRESENTATION_CONTEXT(2) 
PARAMETRIC_REPRESENTATION_CONTEXT() REPRESENTATION_CONTEXT('2D SPACE',''
  ) );
#12994 = ORIENTED_EDGE('',*,*,#12995,.F.);
#12995 = EDGE_CURVE('',#10776,#12973,#12996,.T.);
#12996 = SURFACE_CURVE('',#12997,(#13001,#13008),.PCURVE_S1.);
#12997 = LINE('',#12998,#12999);
#12998 = CARTESIAN_POINT('',(96.,93.,0.5));
#12999 = VECTOR('',#13000,1.);
#13000 = DIRECTION('',(0.,-1.,-0.));
#13001 = PCURVE('',#10791,#13002);
#13002 = DEFINITIONAL_REPRESENTATION('',(#13003),#13007);
#13003 = LINE('',#13004,#13005);
#13004 = CARTESIAN_POINT('',(0.5,-93.));
#13005 = VECTOR('',#13006,1.);
#13006 = DIRECTION('',(0.,1.));
#13007 = ( GEOMETRIC_REPRESENTATION_CONTEXT(2) 
PARAMETRIC_REPRESENTATION_CONTEXT() REPRESENTATION_CONTEXT('2D SPACE',''
  ) );
#13008 = PCURVE('',#12262,#13009);
#13009 = DEFINITIONAL_REPRESENTATION('',(#13010),#13014);
#13010 = LINE('',#13011,#13012);
#13011 = CARTESIAN_POINT('',(6.28318530718,0.));
#13012 = VECTOR('',#13013,1.);
#13013 = DIRECTION('',(-0.,1.));
#13014 = ( GEOMETRIC_REPRESENTATION_CONTEXT(2) 
PARAMETRIC_REPRESENTATION_CONTEXT() REPRESENTATION_CONTEXT('2D SPACE',''
  ) );
#13015 = ADVANCED_FACE('',(#13016),#10820,.T.);
#13016 = FACE_BOUND('',#13017,.T.);
#13017 = EDGE_LOOP('',(#13018,#13038,#13039,#13059));
#13018 = ORIENTED_EDGE('',*,*,#13019,.F.);
#13019 = EDGE_CURVE('',#10804,#12275,#13020,.T.);
#13020 = SURFACE_CURVE('',#13021,(#13026,#13032),.PCURVE_S1.);
#13021 = CIRCLE('',#13022,0.5);
#13022 = AXIS2_PLACEMENT_3D('',#13023,#13024,#13025);
#13023 = CARTESIAN_POINT('',(89.,99.5,0.5));
#13024 = DIRECTION('',(-1.,0.,0.));
#13025 = DIRECTION('',(0.,1.,0.));
#13026 = PCURVE('',#10820,#13027);
#13027 = DEFINITIONAL_REPRESENTATION('',(#13028),#13031);
#13028 = B_SPLINE_CURVE_WITH_KNOTS('',1,(#13029,#13030),.UNSPECIFIED.,
  .F.,.F.,(2,2),(0.,1.570796326795),.PIECEWISE_BEZIER_KNOTS.);
#13029 = CARTESIAN_POINT('',(0.,0.));
#13030 = CARTESIAN_POINT('',(0.,1.570796326795));
#13031 = ( GEOMETRIC_REPRESENTATION_CONTEXT(2) 
PARAMETRIC_REPRESENTATION_CONTEXT() REPRESENTATION_CONTEXT('2D SPACE',''
  ) );
#13032 = PCURVE('',#10874,#13033);
#13033 = DEFINITIONAL_REPRESENTATION('',(#13034),#13037);
#13034 = B_SPLINE_CURVE_WITH_KNOTS('',1,(#13035,#13036),.UNSPECIFIED.,
  .F.,.F.,(2,2),(0.,1.570796326795),.PIECEWISE_BEZIER_KNOTS.);
#13035 = CARTESIAN_POINT('',(6.28318530718,82.));
#13036 = CARTESIAN_POINT('',(4.712388980385,82.));
#13037 = ( GEOMETRIC_REPRESENTATION_CONTEXT(2) 
PARAMETRIC_REPRESENTATION_CONTEXT() REPRESENTATION_CONTEXT('2D SPACE',''
  ) );
#13038 = ORIENTED_EDGE('',*,*,#10803,.T.);
#13039 = ORIENTED_EDGE('',*,*,#13040,.T.);
#13040 = EDGE_CURVE('',#10776,#12247,#13041,.T.);
#13041 = SURFACE_CURVE('',#13042,(#13047,#13053),.PCURVE_S1.);
#13042 = CIRCLE('',#13043,0.5);
#13043 = AXIS2_PLACEMENT_3D('',#13044,#13045,#13046);
#13044 = CARTESIAN_POINT('',(95.5,93.,0.5));
#13045 = DIRECTION('',(-6.123233995737E-17,1.,0.));
#13046 = DIRECTION('',(1.,6.123233995737E-17,0.));
#13047 = PCURVE('',#10820,#13048);
#13048 = DEFINITIONAL_REPRESENTATION('',(#13049),#13052);
#13049 = B_SPLINE_CURVE_WITH_KNOTS('',1,(#13050,#13051),.UNSPECIFIED.,
  .F.,.F.,(2,2),(0.,1.570796326795),.PIECEWISE_BEZIER_KNOTS.);
#13050 = CARTESIAN_POINT('',(1.570796326795,0.));
#13051 = CARTESIAN_POINT('',(1.570796326795,1.570796326795));
#13052 = ( GEOMETRIC_REPRESENTATION_CONTEXT(2) 
PARAMETRIC_REPRESENTATION_CONTEXT() REPRESENTATION_CONTEXT('2D SPACE',''
  ) );
#13053 = PCURVE('',#12262,#13054);
#13054 = DEFINITIONAL_REPRESENTATION('',(#13055),#13058);
#13055 = B_SPLINE_CURVE_WITH_KNOTS('',1,(#13056,#13057),.UNSPECIFIED.,
  .F.,.F.,(2,2),(0.,1.570796326795),.PIECEWISE_BEZIER_KNOTS.);
#13056 = CARTESIAN_POINT('',(6.28318530718,0.));
#13057 = CARTESIAN_POINT('',(4.712388980385,0.));
#13058 = ( GEOMETRIC_REPRESENTATION_CONTEXT(2) 
PARAMETRIC_REPRESENTATION_CONTEXT() REPRESENTATION_CONTEXT('2D SPACE',''
  ) );
#13059 = ORIENTED_EDGE('',*,*,#12274,.F.);
#13060 = ADVANCED_FACE('',(#13061),#10874,.T.);
#13061 = FACE_BOUND('',#13062,.T.);
#13062 = EDGE_LOOP('',(#13063,#13064,#13065,#13066));
#13063 = ORIENTED_EDGE('',*,*,#10860,.T.);
#13064 = ORIENTED_EDGE('',*,*,#13019,.T.);
#13065 = ORIENTED_EDGE('',*,*,#12302,.F.);
#13066 = ORIENTED_EDGE('',*,*,#11804,.F.);
#13067 = ADVANCED_FACE('',(#13068),#10937,.F.);
#13068 = FACE_BOUND('',#13069,.F.);
#13069 = EDGE_LOOP('',(#13070,#13093,#13120,#13121));
#13070 = ORIENTED_EDGE('',*,*,#13071,.T.);
#13071 = EDGE_CURVE('',#10921,#13072,#13074,.T.);
#13072 = VERTEX_POINT('',#13073);
#13073 = CARTESIAN_POINT('',(23.75,87.,37.15));
#13074 = SEAM_CURVE('',#13075,(#13079,#13086),.PCURVE_S1.);
#13075 = LINE('',#13076,#13077);
#13076 = CARTESIAN_POINT('',(23.75,75.,37.15));
#13077 = VECTOR('',#13078,1.);
#13078 = DIRECTION('',(0.,1.,0.));
#13079 = PCURVE('',#10937,#13080);
#13080 = DEFINITIONAL_REPRESENTATION('',(#13081),#13085);
#13081 = LINE('',#13082,#13083);
#13082 = CARTESIAN_POINT('',(6.28318530718,0.));
#13083 = VECTOR('',#13084,1.);
#13084 = DIRECTION('',(0.,1.));
#13085 = ( GEOMETRIC_REPRESENTATION_CONTEXT(2) 
PARAMETRIC_REPRESENTATION_CONTEXT() REPRESENTATION_CONTEXT('2D SPACE',''
  ) );
#13086 = PCURVE('',#10937,#13087);
#13087 = DEFINITIONAL_REPRESENTATION('',(#13088),#13092);
#13088 = LINE('',#13089,#13090);
#13089 = CARTESIAN_POINT('',(4.138911435803E-13,0.));
#13090 = VECTOR('',#13091,1.);
#13091 = DIRECTION('',(0.,1.));
#13092 = ( GEOMETRIC_REPRESENTATION_CONTEXT(2) 
PARAMETRIC_REPRESENTATION_CONTEXT() REPRESENTATION_CONTEXT('2D SPACE',''
  ) );
#13093 = ORIENTED_EDGE('',*,*,#13094,.F.);
#13094 = EDGE_CURVE('',#13072,#13072,#13095,.T.);
#13095 = SURFACE_CURVE('',#13096,(#13101,#13108),.PCURVE_S1.);
#13096 = CIRCLE('',#13097,1.4);
#13097 = AXIS2_PLACEMENT_3D('',#13098,#13099,#13100);
#13098 = CARTESIAN_POINT('',(23.75,87.,35.75));
#13099 = DIRECTION('',(0.,1.,0.));
#13100 = DIRECTION('',(0.,-0.,1.));
#13101 = PCURVE('',#10937,#13102);
#13102 = DEFINITIONAL_REPRESENTATION('',(#13103),#13107);
#13103 = LINE('',#13104,#13105);
#13104 = CARTESIAN_POINT('',(0.,12.));
#13105 = VECTOR('',#13106,1.);
#13106 = DIRECTION('',(1.,0.));
#13107 = ( GEOMETRIC_REPRESENTATION_CONTEXT(2) 
PARAMETRIC_REPRESENTATION_CONTEXT() REPRESENTATION_CONTEXT('2D SPACE',''
  ) );
#13108 = PCURVE('',#13109,#13114);
#13109 = PLANE('',#13110);
#13110 = AXIS2_PLACEMENT_3D('',#13111,#13112,#13113);
#13111 = CARTESIAN_POINT('',(23.75,87.,35.75));
#13112 = DIRECTION('',(0.,1.,0.));
#13113 = DIRECTION('',(0.,-0.,1.));
#13114 = DEFINITIONAL_REPRESENTATION('',(#13115),#13119);
#13115 = CIRCLE('',#13116,1.4);
#13116 = AXIS2_PLACEMENT_2D('',#13117,#13118);
#13117 = CARTESIAN_POINT('',(0.,0.));
#13118 = DIRECTION('',(1.,0.));
#13119 = ( GEOMETRIC_REPRESENTATION_CONTEXT(2) 
PARAMETRIC_REPRESENTATION_CONTEXT() REPRESENTATION_CONTEXT('2D SPACE',''
  ) );
#13120 = ORIENTED_EDGE('',*,*,#13071,.F.);
#13121 = ORIENTED_EDGE('',*,*,#10920,.T.);
#13122 = ADVANCED_FACE('',(#13123),#10972,.F.);
#13123 = FACE_BOUND('',#13124,.F.);
#13124 = EDGE_LOOP('',(#13125,#13148,#13175,#13176));
#13125 = ORIENTED_EDGE('',*,*,#13126,.T.);
#13126 = EDGE_CURVE('',#10956,#13127,#13129,.T.);
#13127 = VERTEX_POINT('',#13128);
#13128 = CARTESIAN_POINT('',(23.75,87.,57.65));
#13129 = SEAM_CURVE('',#13130,(#13134,#13141),.PCURVE_S1.);
#13130 = LINE('',#13131,#13132);
#13131 = CARTESIAN_POINT('',(23.75,75.,57.65));
#13132 = VECTOR('',#13133,1.);
#13133 = DIRECTION('',(0.,1.,0.));
#13134 = PCURVE('',#10972,#13135);
#13135 = DEFINITIONAL_REPRESENTATION('',(#13136),#13140);
#13136 = LINE('',#13137,#13138);
#13137 = CARTESIAN_POINT('',(6.28318530718,0.));
#13138 = VECTOR('',#13139,1.);
#13139 = DIRECTION('',(0.,1.));
#13140 = ( GEOMETRIC_REPRESENTATION_CONTEXT(2) 
PARAMETRIC_REPRESENTATION_CONTEXT() REPRESENTATION_CONTEXT('2D SPACE',''
  ) );
#13141 = PCURVE('',#10972,#13142);
#13142 = DEFINITIONAL_REPRESENTATION('',(#13143),#13147);
#13143 = LINE('',#13144,#13145);
#13144 = CARTESIAN_POINT('',(4.138911435803E-13,0.));
#13145 = VECTOR('',#13146,1.);
#13146 = DIRECTION('',(0.,1.));
#13147 = ( GEOMETRIC_REPRESENTATION_CONTEXT(2) 
PARAMETRIC_REPRESENTATION_CONTEXT() REPRESENTATION_CONTEXT('2D SPACE',''
  ) );
#13148 = ORIENTED_EDGE('',*,*,#13149,.F.);
#13149 = EDGE_CURVE('',#13127,#13127,#13150,.T.);
#13150 = SURFACE_CURVE('',#13151,(#13156,#13163),.PCURVE_S1.);
#13151 = CIRCLE('',#13152,1.4);
#13152 = AXIS2_PLACEMENT_3D('',#13153,#13154,#13155);
#13153 = CARTESIAN_POINT('',(23.75,87.,56.25));
#13154 = DIRECTION('',(0.,1.,0.));
#13155 = DIRECTION('',(0.,-0.,1.));
#13156 = PCURVE('',#10972,#13157);
#13157 = DEFINITIONAL_REPRESENTATION('',(#13158),#13162);
#13158 = LINE('',#13159,#13160);
#13159 = CARTESIAN_POINT('',(0.,12.));
#13160 = VECTOR('',#13161,1.);
#13161 = DIRECTION('',(1.,0.));
#13162 = ( GEOMETRIC_REPRESENTATION_CONTEXT(2) 
PARAMETRIC_REPRESENTATION_CONTEXT() REPRESENTATION_CONTEXT('2D SPACE',''
  ) );
#13163 = PCURVE('',#13164,#13169);
#13164 = PLANE('',#13165);
#13165 = AXIS2_PLACEMENT_3D('',#13166,#13167,#13168);
#13166 = CARTESIAN_POINT('',(23.75,87.,56.25));
#13167 = DIRECTION('',(0.,1.,0.));
#13168 = DIRECTION('',(0.,-0.,1.));
#13169 = DEFINITIONAL_REPRESENTATION('',(#13170),#13174);
#13170 = CIRCLE('',#13171,1.4);
#13171 = AXIS2_PLACEMENT_2D('',#13172,#13173);
#13172 = CARTESIAN_POINT('',(0.,0.));
#13173 = DIRECTION('',(1.,0.));
#13174 = ( GEOMETRIC_REPRESENTATION_CONTEXT(2) 
PARAMETRIC_REPRESENTATION_CONTEXT() REPRESENTATION_CONTEXT('2D SPACE',''
  ) );
#13175 = ORIENTED_EDGE('',*,*,#13126,.F.);
#13176 = ORIENTED_EDGE('',*,*,#10955,.T.);
#13177 = ADVANCED_FACE('',(#13178),#11007,.F.);
#13178 = FACE_BOUND('',#13179,.F.);
#13179 = EDGE_LOOP('',(#13180,#13203,#13230,#13231));
#13180 = ORIENTED_EDGE('',*,*,#13181,.T.);
#13181 = EDGE_CURVE('',#10991,#13182,#13184,.T.);
#13182 = VERTEX_POINT('',#13183);
#13183 = CARTESIAN_POINT('',(27.68,87.,75.94));
#13184 = SEAM_CURVE('',#13185,(#13189,#13196),.PCURVE_S1.);
#13185 = LINE('',#13186,#13187);
#13186 = CARTESIAN_POINT('',(27.68,75.,75.94));
#13187 = VECTOR('',#13188,1.);
#13188 = DIRECTION('',(0.,1.,0.));
#13189 = PCURVE('',#11007,#13190);
#13190 = DEFINITIONAL_REPRESENTATION('',(#13191),#13195);
#13191 = LINE('',#13192,#13193);
#13192 = CARTESIAN_POINT('',(6.28318530718,0.));
#13193 = VECTOR('',#13194,1.);
#13194 = DIRECTION('',(0.,1.));
#13195 = ( GEOMETRIC_REPRESENTATION_CONTEXT(2) 
PARAMETRIC_REPRESENTATION_CONTEXT() REPRESENTATION_CONTEXT('2D SPACE',''
  ) );
#13196 = PCURVE('',#11007,#13197);
#13197 = DEFINITIONAL_REPRESENTATION('',(#13198),#13202);
#13198 = LINE('',#13199,#13200);
#13199 = CARTESIAN_POINT('',(4.138911435803E-13,0.));
#13200 = VECTOR('',#13201,1.);
#13201 = DIRECTION('',(0.,1.));
#13202 = ( GEOMETRIC_REPRESENTATION_CONTEXT(2) 
PARAMETRIC_REPRESENTATION_CONTEXT() REPRESENTATION_CONTEXT('2D SPACE',''
  ) );
#13203 = ORIENTED_EDGE('',*,*,#13204,.F.);
#13204 = EDGE_CURVE('',#13182,#13182,#13205,.T.);
#13205 = SURFACE_CURVE('',#13206,(#13211,#13218),.PCURVE_S1.);
#13206 = CIRCLE('',#13207,1.4);
#13207 = AXIS2_PLACEMENT_3D('',#13208,#13209,#13210);
#13208 = CARTESIAN_POINT('',(27.68,87.,74.54));
#13209 = DIRECTION('',(0.,1.,0.));
#13210 = DIRECTION('',(0.,-0.,1.));
#13211 = PCURVE('',#11007,#13212);
#13212 = DEFINITIONAL_REPRESENTATION('',(#13213),#13217);
#13213 = LINE('',#13214,#13215);
#13214 = CARTESIAN_POINT('',(0.,12.));
#13215 = VECTOR('',#13216,1.);
#13216 = DIRECTION('',(1.,0.));
#13217 = ( GEOMETRIC_REPRESENTATION_CONTEXT(2) 
PARAMETRIC_REPRESENTATION_CONTEXT() REPRESENTATION_CONTEXT('2D SPACE',''
  ) );
#13218 = PCURVE('',#13219,#13224);
#13219 = PLANE('',#13220);
#13220 = AXIS2_PLACEMENT_3D('',#13221,#13222,#13223);
#13221 = CARTESIAN_POINT('',(27.68,87.,74.54));
#13222 = DIRECTION('',(0.,1.,0.));
#13223 = DIRECTION('',(0.,-0.,1.));
#13224 = DEFINITIONAL_REPRESENTATION('',(#13225),#13229);
#13225 = CIRCLE('',#13226,1.4);
#13226 = AXIS2_PLACEMENT_2D('',#13227,#13228);
#13227 = CARTESIAN_POINT('',(0.,0.));
#13228 = DIRECTION('',(1.,0.));
#13229 = ( GEOMETRIC_REPRESENTATION_CONTEXT(2) 
PARAMETRIC_REPRESENTATION_CONTEXT() REPRESENTATION_CONTEXT('2D SPACE',''
  ) );
#13230 = ORIENTED_EDGE('',*,*,#13181,.F.);
#13231 = ORIENTED_EDGE('',*,*,#10990,.T.);
#13232 = ADVANCED_FACE('',(#13233),#11042,.F.);
#13233 = FACE_BOUND('',#13234,.F.);
#13234 = EDGE_LOOP('',(#13235,#13258,#13285,#13286));
#13235 = ORIENTED_EDGE('',*,*,#13236,.T.);
#13236 = EDGE_CURVE('',#11026,#13237,#13239,.T.);
#13237 = VERTEX_POINT('',#13238);
#13238 = CARTESIAN_POINT('',(28.95,87.,124.2));
#13239 = SEAM_CURVE('',#13240,(#13244,#13251),.PCURVE_S1.);
#13240 = LINE('',#13241,#13242);
#13241 = CARTESIAN_POINT('',(28.95,75.,124.2));
#13242 = VECTOR('',#13243,1.);
#13243 = DIRECTION('',(0.,1.,0.));
#13244 = PCURVE('',#11042,#13245);
#13245 = DEFINITIONAL_REPRESENTATION('',(#13246),#13250);
#13246 = LINE('',#13247,#13248);
#13247 = CARTESIAN_POINT('',(6.28318530718,0.));
#13248 = VECTOR('',#13249,1.);
#13249 = DIRECTION('',(0.,1.));
#13250 = ( GEOMETRIC_REPRESENTATION_CONTEXT(2) 
PARAMETRIC_REPRESENTATION_CONTEXT() REPRESENTATION_CONTEXT('2D SPACE',''
  ) );
#13251 = PCURVE('',#11042,#13252);
#13252 = DEFINITIONAL_REPRESENTATION('',(#13253),#13257);
#13253 = LINE('',#13254,#13255);
#13254 = CARTESIAN_POINT('',(4.138911435803E-13,0.));
#13255 = VECTOR('',#13256,1.);
#13256 = DIRECTION('',(0.,1.));
#13257 = ( GEOMETRIC_REPRESENTATION_CONTEXT(2) 
PARAMETRIC_REPRESENTATION_CONTEXT() REPRESENTATION_CONTEXT('2D SPACE',''
  ) );
#13258 = ORIENTED_EDGE('',*,*,#13259,.F.);
#13259 = EDGE_CURVE('',#13237,#13237,#13260,.T.);
#13260 = SURFACE_CURVE('',#13261,(#13266,#13273),.PCURVE_S1.);
#13261 = CIRCLE('',#13262,1.4);
#13262 = AXIS2_PLACEMENT_3D('',#13263,#13264,#13265);
#13263 = CARTESIAN_POINT('',(28.95,87.,122.8));
#13264 = DIRECTION('',(0.,1.,0.));
#13265 = DIRECTION('',(0.,-0.,1.));
#13266 = PCURVE('',#11042,#13267);
#13267 = DEFINITIONAL_REPRESENTATION('',(#13268),#13272);
#13268 = LINE('',#13269,#13270);
#13269 = CARTESIAN_POINT('',(0.,12.));
#13270 = VECTOR('',#13271,1.);
#13271 = DIRECTION('',(1.,0.));
#13272 = ( GEOMETRIC_REPRESENTATION_CONTEXT(2) 
PARAMETRIC_REPRESENTATION_CONTEXT() REPRESENTATION_CONTEXT('2D SPACE',''
  ) );
#13273 = PCURVE('',#13274,#13279);
#13274 = PLANE('',#13275);
#13275 = AXIS2_PLACEMENT_3D('',#13276,#13277,#13278);
#13276 = CARTESIAN_POINT('',(28.95,87.,122.8));
#13277 = DIRECTION('',(0.,1.,0.));
#13278 = DIRECTION('',(0.,-0.,1.));
#13279 = DEFINITIONAL_REPRESENTATION('',(#13280),#13284);
#13280 = CIRCLE('',#13281,1.4);
#13281 = AXIS2_PLACEMENT_2D('',#13282,#13283);
#13282 = CARTESIAN_POINT('',(0.,0.));
#13283 = DIRECTION('',(1.,0.));
#13284 = ( GEOMETRIC_REPRESENTATION_CONTEXT(2) 
PARAMETRIC_REPRESENTATION_CONTEXT() REPRESENTATION_CONTEXT('2D SPACE',''
  ) );
#13285 = ORIENTED_EDGE('',*,*,#13236,.F.);
#13286 = ORIENTED_EDGE('',*,*,#11025,.T.);
#13287 = ADVANCED_FACE('',(#13288),#11077,.F.);
#13288 = FACE_BOUND('',#13289,.F.);
#13289 = EDGE_LOOP('',(#13290,#13313,#13340,#13341));
#13290 = ORIENTED_EDGE('',*,*,#13291,.T.);
#13291 = EDGE_CURVE('',#11061,#13292,#13294,.T.);
#13292 = VERTEX_POINT('',#13293);
#13293 = CARTESIAN_POINT('',(68.25,87.,37.15));
#13294 = SEAM_CURVE('',#13295,(#13299,#13306),.PCURVE_S1.);
#13295 = LINE('',#13296,#13297);
#13296 = CARTESIAN_POINT('',(68.25,75.,37.15));
#13297 = VECTOR('',#13298,1.);
#13298 = DIRECTION('',(0.,1.,0.));
#13299 = PCURVE('',#11077,#13300);
#13300 = DEFINITIONAL_REPRESENTATION('',(#13301),#13305);
#13301 = LINE('',#13302,#13303);
#13302 = CARTESIAN_POINT('',(6.28318530718,0.));
#13303 = VECTOR('',#13304,1.);
#13304 = DIRECTION('',(0.,1.));
#13305 = ( GEOMETRIC_REPRESENTATION_CONTEXT(2) 
PARAMETRIC_REPRESENTATION_CONTEXT() REPRESENTATION_CONTEXT('2D SPACE',''
  ) );
#13306 = PCURVE('',#11077,#13307);
#13307 = DEFINITIONAL_REPRESENTATION('',(#13308),#13312);
#13308 = LINE('',#13309,#13310);
#13309 = CARTESIAN_POINT('',(4.138911435803E-13,0.));
#13310 = VECTOR('',#13311,1.);
#13311 = DIRECTION('',(0.,1.));
#13312 = ( GEOMETRIC_REPRESENTATION_CONTEXT(2) 
PARAMETRIC_REPRESENTATION_CONTEXT() REPRESENTATION_CONTEXT('2D SPACE',''
  ) );
#13313 = ORIENTED_EDGE('',*,*,#13314,.F.);
#13314 = EDGE_CURVE('',#13292,#13292,#13315,.T.);
#13315 = SURFACE_CURVE('',#13316,(#13321,#13328),.PCURVE_S1.);
#13316 = CIRCLE('',#13317,1.4);
#13317 = AXIS2_PLACEMENT_3D('',#13318,#13319,#13320);
#13318 = CARTESIAN_POINT('',(68.25,87.,35.75));
#13319 = DIRECTION('',(0.,1.,0.));
#13320 = DIRECTION('',(0.,-0.,1.));
#13321 = PCURVE('',#11077,#13322);
#13322 = DEFINITIONAL_REPRESENTATION('',(#13323),#13327);
#13323 = LINE('',#13324,#13325);
#13324 = CARTESIAN_POINT('',(0.,12.));
#13325 = VECTOR('',#13326,1.);
#13326 = DIRECTION('',(1.,0.));
#13327 = ( GEOMETRIC_REPRESENTATION_CONTEXT(2) 
PARAMETRIC_REPRESENTATION_CONTEXT() REPRESENTATION_CONTEXT('2D SPACE',''
  ) );
#13328 = PCURVE('',#13329,#13334);
#13329 = PLANE('',#13330);
#13330 = AXIS2_PLACEMENT_3D('',#13331,#13332,#13333);
#13331 = CARTESIAN_POINT('',(68.25,87.,35.75));
#13332 = DIRECTION('',(0.,1.,0.));
#13333 = DIRECTION('',(0.,-0.,1.));
#13334 = DEFINITIONAL_REPRESENTATION('',(#13335),#13339);
#13335 = CIRCLE('',#13336,1.4);
#13336 = AXIS2_PLACEMENT_2D('',#13337,#13338);
#13337 = CARTESIAN_POINT('',(0.,0.));
#13338 = DIRECTION('',(1.,0.));
#13339 = ( GEOMETRIC_REPRESENTATION_CONTEXT(2) 
PARAMETRIC_REPRESENTATION_CONTEXT() REPRESENTATION_CONTEXT('2D SPACE',''
  ) );
#13340 = ORIENTED_EDGE('',*,*,#13291,.F.);
#13341 = ORIENTED_EDGE('',*,*,#11060,.T.);
#13342 = ADVANCED_FACE('',(#13343),#11112,.F.);
#13343 = FACE_BOUND('',#13344,.F.);
#13344 = EDGE_LOOP('',(#13345,#13368,#13395,#13396));
#13345 = ORIENTED_EDGE('',*,*,#13346,.T.);
#13346 = EDGE_CURVE('',#11096,#13347,#13349,.T.);
#13347 = VERTEX_POINT('',#13348);
#13348 = CARTESIAN_POINT('',(68.25,87.,57.65));
#13349 = SEAM_CURVE('',#13350,(#13354,#13361),.PCURVE_S1.);
#13350 = LINE('',#13351,#13352);
#13351 = CARTESIAN_POINT('',(68.25,75.,57.65));
#13352 = VECTOR('',#13353,1.);
#13353 = DIRECTION('',(0.,1.,0.));
#13354 = PCURVE('',#11112,#13355);
#13355 = DEFINITIONAL_REPRESENTATION('',(#13356),#13360);
#13356 = LINE('',#13357,#13358);
#13357 = CARTESIAN_POINT('',(6.28318530718,0.));
#13358 = VECTOR('',#13359,1.);
#13359 = DIRECTION('',(0.,1.));
#13360 = ( GEOMETRIC_REPRESENTATION_CONTEXT(2) 
PARAMETRIC_REPRESENTATION_CONTEXT() REPRESENTATION_CONTEXT('2D SPACE',''
  ) );
#13361 = PCURVE('',#11112,#13362);
#13362 = DEFINITIONAL_REPRESENTATION('',(#13363),#13367);
#13363 = LINE('',#13364,#13365);
#13364 = CARTESIAN_POINT('',(4.138911435803E-13,0.));
#13365 = VECTOR('',#13366,1.);
#13366 = DIRECTION('',(0.,1.));
#13367 = ( GEOMETRIC_REPRESENTATION_CONTEXT(2) 
PARAMETRIC_REPRESENTATION_CONTEXT() REPRESENTATION_CONTEXT('2D SPACE',''
  ) );
#13368 = ORIENTED_EDGE('',*,*,#13369,.F.);
#13369 = EDGE_CURVE('',#13347,#13347,#13370,.T.);
#13370 = SURFACE_CURVE('',#13371,(#13376,#13383),.PCURVE_S1.);
#13371 = CIRCLE('',#13372,1.4);
#13372 = AXIS2_PLACEMENT_3D('',#13373,#13374,#13375);
#13373 = CARTESIAN_POINT('',(68.25,87.,56.25));
#13374 = DIRECTION('',(0.,1.,0.));
#13375 = DIRECTION('',(0.,-0.,1.));
#13376 = PCURVE('',#11112,#13377);
#13377 = DEFINITIONAL_REPRESENTATION('',(#13378),#13382);
#13378 = LINE('',#13379,#13380);
#13379 = CARTESIAN_POINT('',(0.,12.));
#13380 = VECTOR('',#13381,1.);
#13381 = DIRECTION('',(1.,0.));
#13382 = ( GEOMETRIC_REPRESENTATION_CONTEXT(2) 
PARAMETRIC_REPRESENTATION_CONTEXT() REPRESENTATION_CONTEXT('2D SPACE',''
  ) );
#13383 = PCURVE('',#13384,#13389);
#13384 = PLANE('',#13385);
#13385 = AXIS2_PLACEMENT_3D('',#13386,#13387,#13388);
#13386 = CARTESIAN_POINT('',(68.25,87.,56.25));
#13387 = DIRECTION('',(0.,1.,0.));
#13388 = DIRECTION('',(0.,-0.,1.));
#13389 = DEFINITIONAL_REPRESENTATION('',(#13390),#13394);
#13390 = CIRCLE('',#13391,1.4);
#13391 = AXIS2_PLACEMENT_2D('',#13392,#13393);
#13392 = CARTESIAN_POINT('',(0.,0.));
#13393 = DIRECTION('',(1.,0.));
#13394 = ( GEOMETRIC_REPRESENTATION_CONTEXT(2) 
PARAMETRIC_REPRESENTATION_CONTEXT() REPRESENTATION_CONTEXT('2D SPACE',''
  ) );
#13395 = ORIENTED_EDGE('',*,*,#13346,.F.);
#13396 = ORIENTED_EDGE('',*,*,#11095,.T.);
#13397 = ADVANCED_FACE('',(#13398),#11147,.F.);
#13398 = FACE_BOUND('',#13399,.F.);
#13399 = EDGE_LOOP('',(#13400,#13423,#13450,#13451));
#13400 = ORIENTED_EDGE('',*,*,#13401,.T.);
#13401 = EDGE_CURVE('',#11131,#13402,#13404,.T.);
#13402 = VERTEX_POINT('',#13403);
#13403 = CARTESIAN_POINT('',(79.75,87.,81.02));
#13404 = SEAM_CURVE('',#13405,(#13409,#13416),.PCURVE_S1.);
#13405 = LINE('',#13406,#13407);
#13406 = CARTESIAN_POINT('',(79.75,75.,81.02));
#13407 = VECTOR('',#13408,1.);
#13408 = DIRECTION('',(0.,1.,0.));
#13409 = PCURVE('',#11147,#13410);
#13410 = DEFINITIONAL_REPRESENTATION('',(#13411),#13415);
#13411 = LINE('',#13412,#13413);
#13412 = CARTESIAN_POINT('',(6.28318530718,0.));
#13413 = VECTOR('',#13414,1.);
#13414 = DIRECTION('',(0.,1.));
#13415 = ( GEOMETRIC_REPRESENTATION_CONTEXT(2) 
PARAMETRIC_REPRESENTATION_CONTEXT() REPRESENTATION_CONTEXT('2D SPACE',''
  ) );
#13416 = PCURVE('',#11147,#13417);
#13417 = DEFINITIONAL_REPRESENTATION('',(#13418),#13422);
#13418 = LINE('',#13419,#13420);
#13419 = CARTESIAN_POINT('',(4.138911435803E-13,0.));
#13420 = VECTOR('',#13421,1.);
#13421 = DIRECTION('',(0.,1.));
#13422 = ( GEOMETRIC_REPRESENTATION_CONTEXT(2) 
PARAMETRIC_REPRESENTATION_CONTEXT() REPRESENTATION_CONTEXT('2D SPACE',''
  ) );
#13423 = ORIENTED_EDGE('',*,*,#13424,.F.);
#13424 = EDGE_CURVE('',#13402,#13402,#13425,.T.);
#13425 = SURFACE_CURVE('',#13426,(#13431,#13438),.PCURVE_S1.);
#13426 = CIRCLE('',#13427,1.4);
#13427 = AXIS2_PLACEMENT_3D('',#13428,#13429,#13430);
#13428 = CARTESIAN_POINT('',(79.75,87.,79.62));
#13429 = DIRECTION('',(0.,1.,0.));
#13430 = DIRECTION('',(0.,-0.,1.));
#13431 = PCURVE('',#11147,#13432);
#13432 = DEFINITIONAL_REPRESENTATION('',(#13433),#13437);
#13433 = LINE('',#13434,#13435);
#13434 = CARTESIAN_POINT('',(0.,12.));
#13435 = VECTOR('',#13436,1.);
#13436 = DIRECTION('',(1.,0.));
#13437 = ( GEOMETRIC_REPRESENTATION_CONTEXT(2) 
PARAMETRIC_REPRESENTATION_CONTEXT() REPRESENTATION_CONTEXT('2D SPACE',''
  ) );
#13438 = PCURVE('',#13439,#13444);
#13439 = PLANE('',#13440);
#13440 = AXIS2_PLACEMENT_3D('',#13441,#13442,#13443);
#13441 = CARTESIAN_POINT('',(79.75,87.,79.62));
#13442 = DIRECTION('',(0.,1.,0.));
#13443 = DIRECTION('',(0.,-0.,1.));
#13444 = DEFINITIONAL_REPRESENTATION('',(#13445),#13449);
#13445 = CIRCLE('',#13446,1.4);
#13446 = AXIS2_PLACEMENT_2D('',#13447,#13448);
#13447 = CARTESIAN_POINT('',(0.,0.));
#13448 = DIRECTION('',(1.,0.));
#13449 = ( GEOMETRIC_REPRESENTATION_CONTEXT(2) 
PARAMETRIC_REPRESENTATION_CONTEXT() REPRESENTATION_CONTEXT('2D SPACE',''
  ) );
#13450 = ORIENTED_EDGE('',*,*,#13401,.F.);
#13451 = ORIENTED_EDGE('',*,*,#11130,.T.);
#13452 = ADVANCED_FACE('',(#13453),#11182,.F.);
#13453 = FACE_BOUND('',#13454,.F.);
#13454 = EDGE_LOOP('',(#13455,#13478,#13505,#13506));
#13455 = ORIENTED_EDGE('',*,*,#13456,.T.);
#13456 = EDGE_CURVE('',#11166,#13457,#13459,.T.);
#13457 = VERTEX_POINT('',#13458);
#13458 = CARTESIAN_POINT('',(79.75,87.,108.96));
#13459 = SEAM_CURVE('',#13460,(#13464,#13471),.PCURVE_S1.);
#13460 = LINE('',#13461,#13462);
#13461 = CARTESIAN_POINT('',(79.75,75.,108.96));
#13462 = VECTOR('',#13463,1.);
#13463 = DIRECTION('',(0.,1.,0.));
#13464 = PCURVE('',#11182,#13465);
#13465 = DEFINITIONAL_REPRESENTATION('',(#13466),#13470);
#13466 = LINE('',#13467,#13468);
#13467 = CARTESIAN_POINT('',(6.28318530718,0.));
#13468 = VECTOR('',#13469,1.);
#13469 = DIRECTION('',(0.,1.));
#13470 = ( GEOMETRIC_REPRESENTATION_CONTEXT(2) 
PARAMETRIC_REPRESENTATION_CONTEXT() REPRESENTATION_CONTEXT('2D SPACE',''
  ) );
#13471 = PCURVE('',#11182,#13472);
#13472 = DEFINITIONAL_REPRESENTATION('',(#13473),#13477);
#13473 = LINE('',#13474,#13475);
#13474 = CARTESIAN_POINT('',(4.138911435803E-13,0.));
#13475 = VECTOR('',#13476,1.);
#13476 = DIRECTION('',(0.,1.));
#13477 = ( GEOMETRIC_REPRESENTATION_CONTEXT(2) 
PARAMETRIC_REPRESENTATION_CONTEXT() REPRESENTATION_CONTEXT('2D SPACE',''
  ) );
#13478 = ORIENTED_EDGE('',*,*,#13479,.F.);
#13479 = EDGE_CURVE('',#13457,#13457,#13480,.T.);
#13480 = SURFACE_CURVE('',#13481,(#13486,#13493),.PCURVE_S1.);
#13481 = CIRCLE('',#13482,1.4);
#13482 = AXIS2_PLACEMENT_3D('',#13483,#13484,#13485);
#13483 = CARTESIAN_POINT('',(79.75,87.,107.56));
#13484 = DIRECTION('',(0.,1.,0.));
#13485 = DIRECTION('',(0.,-0.,1.));
#13486 = PCURVE('',#11182,#13487);
#13487 = DEFINITIONAL_REPRESENTATION('',(#13488),#13492);
#13488 = LINE('',#13489,#13490);
#13489 = CARTESIAN_POINT('',(0.,12.));
#13490 = VECTOR('',#13491,1.);
#13491 = DIRECTION('',(1.,0.));
#13492 = ( GEOMETRIC_REPRESENTATION_CONTEXT(2) 
PARAMETRIC_REPRESENTATION_CONTEXT() REPRESENTATION_CONTEXT('2D SPACE',''
  ) );
#13493 = PCURVE('',#13494,#13499);
#13494 = PLANE('',#13495);
#13495 = AXIS2_PLACEMENT_3D('',#13496,#13497,#13498);
#13496 = CARTESIAN_POINT('',(79.75,87.,107.56));
#13497 = DIRECTION('',(0.,1.,0.));
#13498 = DIRECTION('',(0.,-0.,1.));
#13499 = DEFINITIONAL_REPRESENTATION('',(#13500),#13504);
#13500 = CIRCLE('',#13501,1.4);
#13501 = AXIS2_PLACEMENT_2D('',#13502,#13503);
#13502 = CARTESIAN_POINT('',(0.,0.));
#13503 = DIRECTION('',(1.,0.));
#13504 = ( GEOMETRIC_REPRESENTATION_CONTEXT(2) 
PARAMETRIC_REPRESENTATION_CONTEXT() REPRESENTATION_CONTEXT('2D SPACE',''
  ) );
#13505 = ORIENTED_EDGE('',*,*,#13456,.F.);
#13506 = ORIENTED_EDGE('',*,*,#11165,.T.);
#13507 = ADVANCED_FACE('',(#13508),#11435,.T.);
#13508 = FACE_BOUND('',#13509,.T.);
#13509 = EDGE_LOOP('',(#13510,#13511,#13512,#13513));
#13510 = ORIENTED_EDGE('',*,*,#11421,.T.);
#13511 = ORIENTED_EDGE('',*,*,#11749,.T.);
#13512 = ORIENTED_EDGE('',*,*,#11857,.F.);
#13513 = ORIENTED_EDGE('',*,*,#12348,.F.);
#13514 = ADVANCED_FACE('',(#13515),#11471,.F.);
#13515 = FACE_BOUND('',#13516,.F.);
#13516 = EDGE_LOOP('',(#13517,#13540,#13568,#13596,#13619,#13652,#13680,
    #13709,#13732,#13761,#13785,#13806,#13807));
#13517 = ORIENTED_EDGE('',*,*,#13518,.F.);
#13518 = EDGE_CURVE('',#13519,#11453,#13521,.T.);
#13519 = VERTEX_POINT('',#13520);
#13520 = CARTESIAN_POINT('',(106.5,83.,52.));
#13521 = SURFACE_CURVE('',#13522,(#13526,#13533),.PCURVE_S1.);
#13522 = LINE('',#13523,#13524);
#13523 = CARTESIAN_POINT('',(106.5,83.,52.));
#13524 = VECTOR('',#13525,1.);
#13525 = DIRECTION('',(-0.,1.,0.));
#13526 = PCURVE('',#11471,#13527);
#13527 = DEFINITIONAL_REPRESENTATION('',(#13528),#13532);
#13528 = LINE('',#13529,#13530);
#13529 = CARTESIAN_POINT('',(0.,0.));
#13530 = VECTOR('',#13531,1.);
#13531 = DIRECTION('',(0.,1.));
#13532 = ( GEOMETRIC_REPRESENTATION_CONTEXT(2) 
PARAMETRIC_REPRESENTATION_CONTEXT() REPRESENTATION_CONTEXT('2D SPACE',''
  ) );
#13533 = PCURVE('',#11680,#13534);
#13534 = DEFINITIONAL_REPRESENTATION('',(#13535),#13539);
#13535 = LINE('',#13536,#13537);
#13536 = CARTESIAN_POINT('',(34.,0.));
#13537 = VECTOR('',#13538,1.);
#13538 = DIRECTION('',(0.,-1.));
#13539 = ( GEOMETRIC_REPRESENTATION_CONTEXT(2) 
PARAMETRIC_REPRESENTATION_CONTEXT() REPRESENTATION_CONTEXT('2D SPACE',''
  ) );
#13540 = ORIENTED_EDGE('',*,*,#13541,.T.);
#13541 = EDGE_CURVE('',#13519,#13542,#13544,.T.);
#13542 = VERTEX_POINT('',#13543);
#13543 = CARTESIAN_POINT('',(107.,83.,52.));
#13544 = SURFACE_CURVE('',#13545,(#13549,#13556),.PCURVE_S1.);
#13545 = LINE('',#13546,#13547);
#13546 = CARTESIAN_POINT('',(106.5,83.,52.));
#13547 = VECTOR('',#13548,1.);
#13548 = DIRECTION('',(1.,0.,-0.));
#13549 = PCURVE('',#11471,#13550);
#13550 = DEFINITIONAL_REPRESENTATION('',(#13551),#13555);
#13551 = LINE('',#13552,#13553);
#13552 = CARTESIAN_POINT('',(0.,0.));
#13553 = VECTOR('',#13554,1.);
#13554 = DIRECTION('',(1.,0.));
#13555 = ( GEOMETRIC_REPRESENTATION_CONTEXT(2) 
PARAMETRIC_REPRESENTATION_CONTEXT() REPRESENTATION_CONTEXT('2D SPACE',''
  ) );
#13556 = PCURVE('',#13557,#13562);
#13557 = PLANE('',#13558);
#13558 = AXIS2_PLACEMENT_3D('',#13559,#13560,#13561);
#13559 = CARTESIAN_POINT('',(106.5,83.,18.));
#13560 = DIRECTION('',(-0.,1.,0.));
#13561 = DIRECTION('',(0.,0.,1.));
#13562 = DEFINITIONAL_REPRESENTATION('',(#13563),#13567);
#13563 = LINE('',#13564,#13565);
#13564 = CARTESIAN_POINT('',(34.,0.));
#13565 = VECTOR('',#13566,1.);
#13566 = DIRECTION('',(0.,1.));
#13567 = ( GEOMETRIC_REPRESENTATION_CONTEXT(2) 
PARAMETRIC_REPRESENTATION_CONTEXT() REPRESENTATION_CONTEXT('2D SPACE',''
  ) );
#13568 = ORIENTED_EDGE('',*,*,#13569,.F.);
#13569 = EDGE_CURVE('',#13570,#13542,#13572,.T.);
#13570 = VERTEX_POINT('',#13571);
#13571 = CARTESIAN_POINT('',(107.,84.,52.));
#13572 = SURFACE_CURVE('',#13573,(#13577,#13584),.PCURVE_S1.);
#13573 = LINE('',#13574,#13575);
#13574 = CARTESIAN_POINT('',(107.,44.5,52.));
#13575 = VECTOR('',#13576,1.);
#13576 = DIRECTION('',(0.,-1.,0.));
#13577 = PCURVE('',#11471,#13578);
#13578 = DEFINITIONAL_REPRESENTATION('',(#13579),#13583);
#13579 = LINE('',#13580,#13581);
#13580 = CARTESIAN_POINT('',(0.5,-38.5));
#13581 = VECTOR('',#13582,1.);
#13582 = DIRECTION('',(0.,-1.));
#13583 = ( GEOMETRIC_REPRESENTATION_CONTEXT(2) 
PARAMETRIC_REPRESENTATION_CONTEXT() REPRESENTATION_CONTEXT('2D SPACE',''
  ) );
#13584 = PCURVE('',#13585,#13590);
#13585 = PLANE('',#13586);
#13586 = AXIS2_PLACEMENT_3D('',#13587,#13588,#13589);
#13587 = CARTESIAN_POINT('',(107.,6.,4.));
#13588 = DIRECTION('',(1.,0.,-0.));
#13589 = DIRECTION('',(0.,0.,1.));
#13590 = DEFINITIONAL_REPRESENTATION('',(#13591),#13595);
#13591 = LINE('',#13592,#13593);
#13592 = CARTESIAN_POINT('',(48.,-38.5));
#13593 = VECTOR('',#13594,1.);
#13594 = DIRECTION('',(0.,1.));
#13595 = ( GEOMETRIC_REPRESENTATION_CONTEXT(2) 
PARAMETRIC_REPRESENTATION_CONTEXT() REPRESENTATION_CONTEXT('2D SPACE',''
  ) );
#13596 = ORIENTED_EDGE('',*,*,#13597,.T.);
#13597 = EDGE_CURVE('',#13570,#13598,#13600,.T.);
#13598 = VERTEX_POINT('',#13599);
#13599 = CARTESIAN_POINT('',(125.,84.,52.));
#13600 = SURFACE_CURVE('',#13601,(#13605,#13612),.PCURVE_S1.);
#13601 = LINE('',#13602,#13603);
#13602 = CARTESIAN_POINT('',(100.25,84.,52.));
#13603 = VECTOR('',#13604,1.);
#13604 = DIRECTION('',(1.,0.,-0.));
#13605 = PCURVE('',#11471,#13606);
#13606 = DEFINITIONAL_REPRESENTATION('',(#13607),#13611);
#13607 = LINE('',#13608,#13609);
#13608 = CARTESIAN_POINT('',(-6.25,1.));
#13609 = VECTOR('',#13610,1.);
#13610 = DIRECTION('',(1.,0.));
#13611 = ( GEOMETRIC_REPRESENTATION_CONTEXT(2) 
PARAMETRIC_REPRESENTATION_CONTEXT() REPRESENTATION_CONTEXT('2D SPACE',''
  ) );
#13612 = PCURVE('',#12567,#13613);
#13613 = DEFINITIONAL_REPRESENTATION('',(#13614),#13618);
#13614 = LINE('',#13615,#13616);
#13615 = CARTESIAN_POINT('',(48.,6.25));
#13616 = VECTOR('',#13617,1.);
#13617 = DIRECTION('',(0.,1.));
#13618 = ( GEOMETRIC_REPRESENTATION_CONTEXT(2) 
PARAMETRIC_REPRESENTATION_CONTEXT() REPRESENTATION_CONTEXT('2D SPACE',''
  ) );
#13619 = ORIENTED_EDGE('',*,*,#13620,.F.);
#13620 = EDGE_CURVE('',#13621,#13598,#13623,.T.);
#13621 = VERTEX_POINT('',#13622);
#13622 = CARTESIAN_POINT('',(132.,91.,52.));
#13623 = SURFACE_CURVE('',#13624,(#13629,#13640),.PCURVE_S1.);
#13624 = CIRCLE('',#13625,7.);
#13625 = AXIS2_PLACEMENT_3D('',#13626,#13627,#13628);
#13626 = CARTESIAN_POINT('',(125.,91.,52.));
#13627 = DIRECTION('',(0.,0.,-1.));
#13628 = DIRECTION('',(1.,0.,0.));
#13629 = PCURVE('',#11471,#13630);
#13630 = DEFINITIONAL_REPRESENTATION('',(#13631),#13639);
#13631 = ( BOUNDED_CURVE() B_SPLINE_CURVE(2,(#13632,#13633,#13634,#13635
    ,#13636,#13637,#13638),.UNSPECIFIED.,.T.,.F.) 
B_SPLINE_CURVE_WITH_KNOTS((1,2,2,2,2,1),(-2.094395102393,0.,
    2.094395102393,4.188790204786,6.28318530718,8.377580409573),
.UNSPECIFIED.) CURVE() GEOMETRIC_REPRESENTATION_ITEM() 
RATIONAL_B_SPLINE_CURVE((1.,0.5,1.,0.5,1.,0.5,1.)) REPRESENTATION_ITEM(
  '') );
#13632 = CARTESIAN_POINT('',(25.5,8.));
#13633 = CARTESIAN_POINT('',(25.5,-4.124355652982));
#13634 = CARTESIAN_POINT('',(15.,1.937822173509));
#13635 = CARTESIAN_POINT('',(4.5,8.));
#13636 = CARTESIAN_POINT('',(15.,14.062177826491));
#13637 = CARTESIAN_POINT('',(25.5,20.124355652982));
#13638 = CARTESIAN_POINT('',(25.5,8.));
#13639 = ( GEOMETRIC_REPRESENTATION_CONTEXT(2) 
PARAMETRIC_REPRESENTATION_CONTEXT() REPRESENTATION_CONTEXT('2D SPACE',''
  ) );
#13640 = PCURVE('',#13641,#13646);
#13641 = CYLINDRICAL_SURFACE('',#13642,7.);
#13642 = AXIS2_PLACEMENT_3D('',#13643,#13644,#13645);
#13643 = CARTESIAN_POINT('',(125.,91.,4.));
#13644 = DIRECTION('',(0.,0.,1.));
#13645 = DIRECTION('',(1.,0.,-0.));
#13646 = DEFINITIONAL_REPRESENTATION('',(#13647),#13651);
#13647 = LINE('',#13648,#13649);
#13648 = CARTESIAN_POINT('',(6.28318530718,48.));
#13649 = VECTOR('',#13650,1.);
#13650 = DIRECTION('',(-1.,-0.));
#13651 = ( GEOMETRIC_REPRESENTATION_CONTEXT(2) 
PARAMETRIC_REPRESENTATION_CONTEXT() REPRESENTATION_CONTEXT('2D SPACE',''
  ) );
#13652 = ORIENTED_EDGE('',*,*,#13653,.T.);
#13653 = EDGE_CURVE('',#13621,#13654,#13656,.T.);
#13654 = VERTEX_POINT('',#13655);
#13655 = CARTESIAN_POINT('',(132.,93.,52.));
#13656 = SURFACE_CURVE('',#13657,(#13661,#13668),.PCURVE_S1.);
#13657 = LINE('',#13658,#13659);
#13658 = CARTESIAN_POINT('',(132.,83.,52.));
#13659 = VECTOR('',#13660,1.);
#13660 = DIRECTION('',(-0.,1.,0.));
#13661 = PCURVE('',#11471,#13662);
#13662 = DEFINITIONAL_REPRESENTATION('',(#13663),#13667);
#13663 = LINE('',#13664,#13665);
#13664 = CARTESIAN_POINT('',(25.5,0.));
#13665 = VECTOR('',#13666,1.);
#13666 = DIRECTION('',(0.,1.));
#13667 = ( GEOMETRIC_REPRESENTATION_CONTEXT(2) 
PARAMETRIC_REPRESENTATION_CONTEXT() REPRESENTATION_CONTEXT('2D SPACE',''
  ) );
#13668 = PCURVE('',#13669,#13674);
#13669 = PLANE('',#13670);
#13670 = AXIS2_PLACEMENT_3D('',#13671,#13672,#13673);
#13671 = CARTESIAN_POINT('',(132.,84.,4.));
#13672 = DIRECTION('',(1.,0.,-0.));
#13673 = DIRECTION('',(0.,0.,1.));
#13674 = DEFINITIONAL_REPRESENTATION('',(#13675),#13679);
#13675 = LINE('',#13676,#13677);
#13676 = CARTESIAN_POINT('',(48.,1.));
#13677 = VECTOR('',#13678,1.);
#13678 = DIRECTION('',(0.,-1.));
#13679 = ( GEOMETRIC_REPRESENTATION_CONTEXT(2) 
PARAMETRIC_REPRESENTATION_CONTEXT() REPRESENTATION_CONTEXT('2D SPACE',''
  ) );
#13680 = ORIENTED_EDGE('',*,*,#13681,.T.);
#13681 = EDGE_CURVE('',#13654,#13682,#13684,.T.);
#13682 = VERTEX_POINT('',#13683);
#13683 = CARTESIAN_POINT('',(131.92820323027,94.,52.));
#13684 = SURFACE_CURVE('',#13685,(#13690,#13697),.PCURVE_S1.);
#13685 = CIRCLE('',#13686,7.);
#13686 = AXIS2_PLACEMENT_3D('',#13687,#13688,#13689);
#13687 = CARTESIAN_POINT('',(125.,93.,52.));
#13688 = DIRECTION('',(0.,0.,1.));
#13689 = DIRECTION('',(1.,0.,-0.));
#13690 = PCURVE('',#11471,#13691);
#13691 = DEFINITIONAL_REPRESENTATION('',(#13692),#13696);
#13692 = CIRCLE('',#13693,7.);
#13693 = AXIS2_PLACEMENT_2D('',#13694,#13695);
#13694 = CARTESIAN_POINT('',(18.5,10.));
#13695 = DIRECTION('',(1.,0.));
#13696 = ( GEOMETRIC_REPRESENTATION_CONTEXT(2) 
PARAMETRIC_REPRESENTATION_CONTEXT() REPRESENTATION_CONTEXT('2D SPACE',''
  ) );
#13697 = PCURVE('',#13698,#13703);
#13698 = CYLINDRICAL_SURFACE('',#13699,7.);
#13699 = AXIS2_PLACEMENT_3D('',#13700,#13701,#13702);
#13700 = CARTESIAN_POINT('',(125.,93.,4.));
#13701 = DIRECTION('',(0.,0.,1.));
#13702 = DIRECTION('',(1.,0.,-0.));
#13703 = DEFINITIONAL_REPRESENTATION('',(#13704),#13708);
#13704 = LINE('',#13705,#13706);
#13705 = CARTESIAN_POINT('',(0.,48.));
#13706 = VECTOR('',#13707,1.);
#13707 = DIRECTION('',(1.,0.));
#13708 = ( GEOMETRIC_REPRESENTATION_CONTEXT(2) 
PARAMETRIC_REPRESENTATION_CONTEXT() REPRESENTATION_CONTEXT('2D SPACE',''
  ) );
#13709 = ORIENTED_EDGE('',*,*,#13710,.F.);
#13710 = EDGE_CURVE('',#13711,#13682,#13713,.T.);
#13711 = VERTEX_POINT('',#13712);
#13712 = CARTESIAN_POINT('',(127.58257569495,94.,52.));
#13713 = SURFACE_CURVE('',#13714,(#13718,#13725),.PCURVE_S1.);
#13714 = LINE('',#13715,#13716);
#13715 = CARTESIAN_POINT('',(127.58257569495,94.,52.));
#13716 = VECTOR('',#13717,1.);
#13717 = DIRECTION('',(1.,0.,0.));
#13718 = PCURVE('',#11471,#13719);
#13719 = DEFINITIONAL_REPRESENTATION('',(#13720),#13724);
#13720 = LINE('',#13721,#13722);
#13721 = CARTESIAN_POINT('',(21.08257569495,11.));
#13722 = VECTOR('',#13723,1.);
#13723 = DIRECTION('',(1.,0.));
#13724 = ( GEOMETRIC_REPRESENTATION_CONTEXT(2) 
PARAMETRIC_REPRESENTATION_CONTEXT() REPRESENTATION_CONTEXT('2D SPACE',''
  ) );
#13725 = PCURVE('',#11573,#13726);
#13726 = DEFINITIONAL_REPRESENTATION('',(#13727),#13731);
#13727 = LINE('',#13728,#13729);
#13728 = CARTESIAN_POINT('',(34.,21.08257569495));
#13729 = VECTOR('',#13730,1.);
#13730 = DIRECTION('',(0.,1.));
#13731 = ( GEOMETRIC_REPRESENTATION_CONTEXT(2) 
PARAMETRIC_REPRESENTATION_CONTEXT() REPRESENTATION_CONTEXT('2D SPACE',''
  ) );
#13732 = ORIENTED_EDGE('',*,*,#13733,.F.);
#13733 = EDGE_CURVE('',#13734,#13711,#13736,.T.);
#13734 = VERTEX_POINT('',#13735);
#13735 = CARTESIAN_POINT('',(128.,92.,52.));
#13736 = SURFACE_CURVE('',#13737,(#13742,#13749),.PCURVE_S1.);
#13737 = CIRCLE('',#13738,5.);
#13738 = AXIS2_PLACEMENT_3D('',#13739,#13740,#13741);
#13739 = CARTESIAN_POINT('',(123.,92.,52.));
#13740 = DIRECTION('',(0.,0.,1.));
#13741 = DIRECTION('',(1.,0.,-0.));
#13742 = PCURVE('',#11471,#13743);
#13743 = DEFINITIONAL_REPRESENTATION('',(#13744),#13748);
#13744 = CIRCLE('',#13745,5.);
#13745 = AXIS2_PLACEMENT_2D('',#13746,#13747);
#13746 = CARTESIAN_POINT('',(16.5,9.));
#13747 = DIRECTION('',(1.,0.));
#13748 = ( GEOMETRIC_REPRESENTATION_CONTEXT(2) 
PARAMETRIC_REPRESENTATION_CONTEXT() REPRESENTATION_CONTEXT('2D SPACE',''
  ) );
#13749 = PCURVE('',#13750,#13755);
#13750 = CYLINDRICAL_SURFACE('',#13751,5.);
#13751 = AXIS2_PLACEMENT_3D('',#13752,#13753,#13754);
#13752 = CARTESIAN_POINT('',(123.,92.,18.));
#13753 = DIRECTION('',(0.,0.,1.));
#13754 = DIRECTION('',(1.,0.,-0.));
#13755 = DEFINITIONAL_REPRESENTATION('',(#13756),#13760);
#13756 = LINE('',#13757,#13758);
#13757 = CARTESIAN_POINT('',(0.,34.));
#13758 = VECTOR('',#13759,1.);
#13759 = DIRECTION('',(1.,0.));
#13760 = ( GEOMETRIC_REPRESENTATION_CONTEXT(2) 
PARAMETRIC_REPRESENTATION_CONTEXT() REPRESENTATION_CONTEXT('2D SPACE',''
  ) );
#13761 = ORIENTED_EDGE('',*,*,#13762,.F.);
#13762 = EDGE_CURVE('',#13763,#13734,#13765,.T.);
#13763 = VERTEX_POINT('',#13764);
#13764 = CARTESIAN_POINT('',(118.41742430504,94.,52.));
#13765 = SURFACE_CURVE('',#13766,(#13771,#13778),.PCURVE_S1.);
#13766 = CIRCLE('',#13767,5.);
#13767 = AXIS2_PLACEMENT_3D('',#13768,#13769,#13770);
#13768 = CARTESIAN_POINT('',(123.,92.,52.));
#13769 = DIRECTION('',(0.,0.,1.));
#13770 = DIRECTION('',(1.,0.,-0.));
#13771 = PCURVE('',#11471,#13772);
#13772 = DEFINITIONAL_REPRESENTATION('',(#13773),#13777);
#13773 = CIRCLE('',#13774,5.);
#13774 = AXIS2_PLACEMENT_2D('',#13775,#13776);
#13775 = CARTESIAN_POINT('',(16.5,9.));
#13776 = DIRECTION('',(1.,0.));
#13777 = ( GEOMETRIC_REPRESENTATION_CONTEXT(2) 
PARAMETRIC_REPRESENTATION_CONTEXT() REPRESENTATION_CONTEXT('2D SPACE',''
  ) );
#13778 = PCURVE('',#13750,#13779);
#13779 = DEFINITIONAL_REPRESENTATION('',(#13780),#13784);
#13780 = LINE('',#13781,#13782);
#13781 = CARTESIAN_POINT('',(0.,34.));
#13782 = VECTOR('',#13783,1.);
#13783 = DIRECTION('',(1.,0.));
#13784 = ( GEOMETRIC_REPRESENTATION_CONTEXT(2) 
PARAMETRIC_REPRESENTATION_CONTEXT() REPRESENTATION_CONTEXT('2D SPACE',''
  ) );
#13785 = ORIENTED_EDGE('',*,*,#13786,.F.);
#13786 = EDGE_CURVE('',#11535,#13763,#13787,.T.);
#13787 = SURFACE_CURVE('',#13788,(#13792,#13799),.PCURVE_S1.);
#13788 = LINE('',#13789,#13790);
#13789 = CARTESIAN_POINT('',(106.5,94.,52.));
#13790 = VECTOR('',#13791,1.);
#13791 = DIRECTION('',(1.,0.,-0.));
#13792 = PCURVE('',#11471,#13793);
#13793 = DEFINITIONAL_REPRESENTATION('',(#13794),#13798);
#13794 = LINE('',#13795,#13796);
#13795 = CARTESIAN_POINT('',(0.,11.));
#13796 = VECTOR('',#13797,1.);
#13797 = DIRECTION('',(1.,0.));
#13798 = ( GEOMETRIC_REPRESENTATION_CONTEXT(2) 
PARAMETRIC_REPRESENTATION_CONTEXT() REPRESENTATION_CONTEXT('2D SPACE',''
  ) );
#13799 = PCURVE('',#11573,#13800);
#13800 = DEFINITIONAL_REPRESENTATION('',(#13801),#13805);
#13801 = LINE('',#13802,#13803);
#13802 = CARTESIAN_POINT('',(34.,0.));
#13803 = VECTOR('',#13804,1.);
#13804 = DIRECTION('',(0.,1.));
#13805 = ( GEOMETRIC_REPRESENTATION_CONTEXT(2) 
PARAMETRIC_REPRESENTATION_CONTEXT() REPRESENTATION_CONTEXT('2D SPACE',''
  ) );
#13806 = ORIENTED_EDGE('',*,*,#11534,.F.);
#13807 = ORIENTED_EDGE('',*,*,#11452,.F.);
#13808 = ADVANCED_FACE('',(#13809),#11521,.F.);
#13809 = FACE_BOUND('',#13810,.F.);
#13810 = EDGE_LOOP('',(#13811));
#13811 = ORIENTED_EDGE('',*,*,#11506,.T.);
#13812 = ADVANCED_FACE('',(#13813),#11573,.F.);
#13813 = FACE_BOUND('',#13814,.F.);
#13814 = EDGE_LOOP('',(#13815,#13816,#13817,#13839,#13867,#13887,#13888,
    #13910,#13938,#13966,#13994,#14017,#14038,#14039));
#13815 = ORIENTED_EDGE('',*,*,#11558,.T.);
#13816 = ORIENTED_EDGE('',*,*,#13786,.T.);
#13817 = ORIENTED_EDGE('',*,*,#13818,.F.);
#13818 = EDGE_CURVE('',#13819,#13763,#13821,.T.);
#13819 = VERTEX_POINT('',#13820);
#13820 = CARTESIAN_POINT('',(118.41742430504,94.,18.));
#13821 = SURFACE_CURVE('',#13822,(#13826,#13833),.PCURVE_S1.);
#13822 = LINE('',#13823,#13824);
#13823 = CARTESIAN_POINT('',(118.41742430504,94.,18.));
#13824 = VECTOR('',#13825,1.);
#13825 = DIRECTION('',(0.,0.,1.));
#13826 = PCURVE('',#11573,#13827);
#13827 = DEFINITIONAL_REPRESENTATION('',(#13828),#13832);
#13828 = LINE('',#13829,#13830);
#13829 = CARTESIAN_POINT('',(0.,11.91742430504));
#13830 = VECTOR('',#13831,1.);
#13831 = DIRECTION('',(1.,0.));
#13832 = ( GEOMETRIC_REPRESENTATION_CONTEXT(2) 
PARAMETRIC_REPRESENTATION_CONTEXT() REPRESENTATION_CONTEXT('2D SPACE',''
  ) );
#13833 = PCURVE('',#13750,#13834);
#13834 = DEFINITIONAL_REPRESENTATION('',(#13835),#13838);
#13835 = B_SPLINE_CURVE_WITH_KNOTS('',1,(#13836,#13837),.UNSPECIFIED.,
  .F.,.F.,(2,2),(-5.999999999062E-07,37.4),.PIECEWISE_BEZIER_KNOTS.);
#13836 = CARTESIAN_POINT('',(2.730075807522,-5.999999999062E-07));
#13837 = CARTESIAN_POINT('',(2.730075807522,37.4));
#13838 = ( GEOMETRIC_REPRESENTATION_CONTEXT(2) 
PARAMETRIC_REPRESENTATION_CONTEXT() REPRESENTATION_CONTEXT('2D SPACE',''
  ) );
#13839 = ORIENTED_EDGE('',*,*,#13840,.F.);
#13840 = EDGE_CURVE('',#13841,#13819,#13843,.T.);
#13841 = VERTEX_POINT('',#13842);
#13842 = CARTESIAN_POINT('',(127.58257569495,94.,18.));
#13843 = SURFACE_CURVE('',#13844,(#13848,#13855),.PCURVE_S1.);
#13844 = LINE('',#13845,#13846);
#13845 = CARTESIAN_POINT('',(108.25,94.,18.));
#13846 = VECTOR('',#13847,1.);
#13847 = DIRECTION('',(-1.,-0.,0.));
#13848 = PCURVE('',#11573,#13849);
#13849 = DEFINITIONAL_REPRESENTATION('',(#13850),#13854);
#13850 = LINE('',#13851,#13852);
#13851 = CARTESIAN_POINT('',(0.,1.75));
#13852 = VECTOR('',#13853,1.);
#13853 = DIRECTION('',(0.,-1.));
#13854 = ( GEOMETRIC_REPRESENTATION_CONTEXT(2) 
PARAMETRIC_REPRESENTATION_CONTEXT() REPRESENTATION_CONTEXT('2D SPACE',''
  ) );
#13855 = PCURVE('',#13856,#13861);
#13856 = PLANE('',#13857);
#13857 = AXIS2_PLACEMENT_3D('',#13858,#13859,#13860);
#13858 = CARTESIAN_POINT('',(110.,92.,18.));
#13859 = DIRECTION('',(0.,0.,1.));
#13860 = DIRECTION('',(1.,0.,-0.));
#13861 = DEFINITIONAL_REPRESENTATION('',(#13862),#13866);
#13862 = LINE('',#13863,#13864);
#13863 = CARTESIAN_POINT('',(-1.75,2.));
#13864 = VECTOR('',#13865,1.);
#13865 = DIRECTION('',(-1.,0.));
#13866 = ( GEOMETRIC_REPRESENTATION_CONTEXT(2) 
PARAMETRIC_REPRESENTATION_CONTEXT() REPRESENTATION_CONTEXT('2D SPACE',''
  ) );
#13867 = ORIENTED_EDGE('',*,*,#13868,.T.);
#13868 = EDGE_CURVE('',#13841,#13711,#13869,.T.);
#13869 = SURFACE_CURVE('',#13870,(#13874,#13881),.PCURVE_S1.);
#13870 = LINE('',#13871,#13872);
#13871 = CARTESIAN_POINT('',(127.58257569495,94.,18.));
#13872 = VECTOR('',#13873,1.);
#13873 = DIRECTION('',(0.,0.,1.));
#13874 = PCURVE('',#11573,#13875);
#13875 = DEFINITIONAL_REPRESENTATION('',(#13876),#13880);
#13876 = LINE('',#13877,#13878);
#13877 = CARTESIAN_POINT('',(0.,21.08257569495));
#13878 = VECTOR('',#13879,1.);
#13879 = DIRECTION('',(1.,0.));
#13880 = ( GEOMETRIC_REPRESENTATION_CONTEXT(2) 
PARAMETRIC_REPRESENTATION_CONTEXT() REPRESENTATION_CONTEXT('2D SPACE',''
  ) );
#13881 = PCURVE('',#13750,#13882);
#13882 = DEFINITIONAL_REPRESENTATION('',(#13883),#13886);
#13883 = B_SPLINE_CURVE_WITH_KNOTS('',1,(#13884,#13885),.UNSPECIFIED.,
  .F.,.F.,(2,2),(-5.999999999062E-07,37.4),.PIECEWISE_BEZIER_KNOTS.);
#13884 = CARTESIAN_POINT('',(0.411516846067,-5.999999999062E-07));
#13885 = CARTESIAN_POINT('',(0.411516846067,37.4));
#13886 = ( GEOMETRIC_REPRESENTATION_CONTEXT(2) 
PARAMETRIC_REPRESENTATION_CONTEXT() REPRESENTATION_CONTEXT('2D SPACE',''
  ) );
#13887 = ORIENTED_EDGE('',*,*,#13710,.T.);
#13888 = ORIENTED_EDGE('',*,*,#13889,.T.);
#13889 = EDGE_CURVE('',#13682,#13890,#13892,.T.);
#13890 = VERTEX_POINT('',#13891);
#13891 = CARTESIAN_POINT('',(131.92820323027,94.,60.));
#13892 = SURFACE_CURVE('',#13893,(#13897,#13904),.PCURVE_S1.);
#13893 = LINE('',#13894,#13895);
#13894 = CARTESIAN_POINT('',(131.92820323027,94.,4.));
#13895 = VECTOR('',#13896,1.);
#13896 = DIRECTION('',(0.,0.,1.));
#13897 = PCURVE('',#11573,#13898);
#13898 = DEFINITIONAL_REPRESENTATION('',(#13899),#13903);
#13899 = LINE('',#13900,#13901);
#13900 = CARTESIAN_POINT('',(-14.,25.42820323027));
#13901 = VECTOR('',#13902,1.);
#13902 = DIRECTION('',(1.,0.));
#13903 = ( GEOMETRIC_REPRESENTATION_CONTEXT(2) 
PARAMETRIC_REPRESENTATION_CONTEXT() REPRESENTATION_CONTEXT('2D SPACE',''
  ) );
#13904 = PCURVE('',#13698,#13905);
#13905 = DEFINITIONAL_REPRESENTATION('',(#13906),#13909);
#13906 = B_SPLINE_CURVE_WITH_KNOTS('',1,(#13907,#13908),.UNSPECIFIED.,
  .F.,.F.,(2,2),(-5.999999999062E-07,61.6),.PIECEWISE_BEZIER_KNOTS.);
#13907 = CARTESIAN_POINT('',(0.143347568905,-5.999999999062E-07));
#13908 = CARTESIAN_POINT('',(0.143347568905,61.6));
#13909 = ( GEOMETRIC_REPRESENTATION_CONTEXT(2) 
PARAMETRIC_REPRESENTATION_CONTEXT() REPRESENTATION_CONTEXT('2D SPACE',''
  ) );
#13910 = ORIENTED_EDGE('',*,*,#13911,.F.);
#13911 = EDGE_CURVE('',#13912,#13890,#13914,.T.);
#13912 = VERTEX_POINT('',#13913);
#13913 = CARTESIAN_POINT('',(198.,94.,60.));
#13914 = SURFACE_CURVE('',#13915,(#13919,#13926),.PCURVE_S1.);
#13915 = LINE('',#13916,#13917);
#13916 = CARTESIAN_POINT('',(104.,94.,60.));
#13917 = VECTOR('',#13918,1.);
#13918 = DIRECTION('',(-1.,-0.,0.));
#13919 = PCURVE('',#11573,#13920);
#13920 = DEFINITIONAL_REPRESENTATION('',(#13921),#13925);
#13921 = LINE('',#13922,#13923);
#13922 = CARTESIAN_POINT('',(42.,-2.5));
#13923 = VECTOR('',#13924,1.);
#13924 = DIRECTION('',(0.,-1.));
#13925 = ( GEOMETRIC_REPRESENTATION_CONTEXT(2) 
PARAMETRIC_REPRESENTATION_CONTEXT() REPRESENTATION_CONTEXT('2D SPACE',''
  ) );
#13926 = PCURVE('',#13927,#13932);
#13927 = PLANE('',#13928);
#13928 = AXIS2_PLACEMENT_3D('',#13929,#13930,#13931);
#13929 = CARTESIAN_POINT('',(101.,0.,60.));
#13930 = DIRECTION('',(0.,0.,1.));
#13931 = DIRECTION('',(1.,0.,-0.));
#13932 = DEFINITIONAL_REPRESENTATION('',(#13933),#13937);
#13933 = LINE('',#13934,#13935);
#13934 = CARTESIAN_POINT('',(3.,94.));
#13935 = VECTOR('',#13936,1.);
#13936 = DIRECTION('',(-1.,0.));
#13937 = ( GEOMETRIC_REPRESENTATION_CONTEXT(2) 
PARAMETRIC_REPRESENTATION_CONTEXT() REPRESENTATION_CONTEXT('2D SPACE',''
  ) );
#13938 = ORIENTED_EDGE('',*,*,#13939,.F.);
#13939 = EDGE_CURVE('',#13940,#13912,#13942,.T.);
#13940 = VERTEX_POINT('',#13941);
#13941 = CARTESIAN_POINT('',(198.,94.,4.));
#13942 = SURFACE_CURVE('',#13943,(#13947,#13954),.PCURVE_S1.);
#13943 = LINE('',#13944,#13945);
#13944 = CARTESIAN_POINT('',(198.,94.,4.));
#13945 = VECTOR('',#13946,1.);
#13946 = DIRECTION('',(0.,0.,1.));
#13947 = PCURVE('',#11573,#13948);
#13948 = DEFINITIONAL_REPRESENTATION('',(#13949),#13953);
#13949 = LINE('',#13950,#13951);
#13950 = CARTESIAN_POINT('',(-14.,91.5));
#13951 = VECTOR('',#13952,1.);
#13952 = DIRECTION('',(1.,0.));
#13953 = ( GEOMETRIC_REPRESENTATION_CONTEXT(2) 
PARAMETRIC_REPRESENTATION_CONTEXT() REPRESENTATION_CONTEXT('2D SPACE',''
  ) );
#13954 = PCURVE('',#13955,#13960);
#13955 = CYLINDRICAL_SURFACE('',#13956,3.);
#13956 = AXIS2_PLACEMENT_3D('',#13957,#13958,#13959);
#13957 = CARTESIAN_POINT('',(198.,91.,4.));
#13958 = DIRECTION('',(0.,0.,1.));
#13959 = DIRECTION('',(1.,0.,-0.));
#13960 = DEFINITIONAL_REPRESENTATION('',(#13961),#13965);
#13961 = LINE('',#13962,#13963);
#13962 = CARTESIAN_POINT('',(1.570796326795,0.));
#13963 = VECTOR('',#13964,1.);
#13964 = DIRECTION('',(0.,1.));
#13965 = ( GEOMETRIC_REPRESENTATION_CONTEXT(2) 
PARAMETRIC_REPRESENTATION_CONTEXT() REPRESENTATION_CONTEXT('2D SPACE',''
  ) );
#13966 = ORIENTED_EDGE('',*,*,#13967,.F.);
#13967 = EDGE_CURVE('',#13968,#13940,#13970,.T.);
#13968 = VERTEX_POINT('',#13969);
#13969 = CARTESIAN_POINT('',(106.5,94.,4.));
#13970 = SURFACE_CURVE('',#13971,(#13975,#13982),.PCURVE_S1.);
#13971 = LINE('',#13972,#13973);
#13972 = CARTESIAN_POINT('',(106.5,94.,4.));
#13973 = VECTOR('',#13974,1.);
#13974 = DIRECTION('',(1.,0.,0.));
#13975 = PCURVE('',#11573,#13976);
#13976 = DEFINITIONAL_REPRESENTATION('',(#13977),#13981);
#13977 = LINE('',#13978,#13979);
#13978 = CARTESIAN_POINT('',(-14.,0.));
#13979 = VECTOR('',#13980,1.);
#13980 = DIRECTION('',(0.,1.));
#13981 = ( GEOMETRIC_REPRESENTATION_CONTEXT(2) 
PARAMETRIC_REPRESENTATION_CONTEXT() REPRESENTATION_CONTEXT('2D SPACE',''
  ) );
#13982 = PCURVE('',#13983,#13988);
#13983 = PLANE('',#13984);
#13984 = AXIS2_PLACEMENT_3D('',#13985,#13986,#13987);
#13985 = CARTESIAN_POINT('',(107.,6.,4.));
#13986 = DIRECTION('',(0.,0.,1.));
#13987 = DIRECTION('',(1.,0.,-0.));
#13988 = DEFINITIONAL_REPRESENTATION('',(#13989),#13993);
#13989 = LINE('',#13990,#13991);
#13990 = CARTESIAN_POINT('',(-0.5,88.));
#13991 = VECTOR('',#13992,1.);
#13992 = DIRECTION('',(1.,0.));
#13993 = ( GEOMETRIC_REPRESENTATION_CONTEXT(2) 
PARAMETRIC_REPRESENTATION_CONTEXT() REPRESENTATION_CONTEXT('2D SPACE',''
  ) );
#13994 = ORIENTED_EDGE('',*,*,#13995,.F.);
#13995 = EDGE_CURVE('',#13996,#13968,#13998,.T.);
#13996 = VERTEX_POINT('',#13997);
#13997 = CARTESIAN_POINT('',(106.5,94.,52.));
#13998 = SURFACE_CURVE('',#13999,(#14003,#14010),.PCURVE_S1.);
#13999 = LINE('',#14000,#14001);
#14000 = CARTESIAN_POINT('',(106.5,94.,52.));
#14001 = VECTOR('',#14002,1.);
#14002 = DIRECTION('',(0.,0.,-1.));
#14003 = PCURVE('',#11573,#14004);
#14004 = DEFINITIONAL_REPRESENTATION('',(#14005),#14009);
#14005 = LINE('',#14006,#14007);
#14006 = CARTESIAN_POINT('',(34.,0.));
#14007 = VECTOR('',#14008,1.);
#14008 = DIRECTION('',(-1.,0.));
#14009 = ( GEOMETRIC_REPRESENTATION_CONTEXT(2) 
PARAMETRIC_REPRESENTATION_CONTEXT() REPRESENTATION_CONTEXT('2D SPACE',''
  ) );
#14010 = PCURVE('',#11680,#14011);
#14011 = DEFINITIONAL_REPRESENTATION('',(#14012),#14016);
#14012 = LINE('',#14013,#14014);
#14013 = CARTESIAN_POINT('',(34.,-11.));
#14014 = VECTOR('',#14015,1.);
#14015 = DIRECTION('',(-1.,0.));
#14016 = ( GEOMETRIC_REPRESENTATION_CONTEXT(2) 
PARAMETRIC_REPRESENTATION_CONTEXT() REPRESENTATION_CONTEXT('2D SPACE',''
  ) );
#14017 = ORIENTED_EDGE('',*,*,#14018,.T.);
#14018 = EDGE_CURVE('',#13996,#11615,#14019,.T.);
#14019 = SURFACE_CURVE('',#14020,(#14024,#14031),.PCURVE_S1.);
#14020 = LINE('',#14021,#14022);
#14021 = CARTESIAN_POINT('',(106.5,94.,52.));
#14022 = VECTOR('',#14023,1.);
#14023 = DIRECTION('',(1.,0.,-0.));
#14024 = PCURVE('',#11573,#14025);
#14025 = DEFINITIONAL_REPRESENTATION('',(#14026),#14030);
#14026 = LINE('',#14027,#14028);
#14027 = CARTESIAN_POINT('',(34.,0.));
#14028 = VECTOR('',#14029,1.);
#14029 = DIRECTION('',(0.,1.));
#14030 = ( GEOMETRIC_REPRESENTATION_CONTEXT(2) 
PARAMETRIC_REPRESENTATION_CONTEXT() REPRESENTATION_CONTEXT('2D SPACE',''
  ) );
#14031 = PCURVE('',#11653,#14032);
#14032 = DEFINITIONAL_REPRESENTATION('',(#14033),#14037);
#14033 = LINE('',#14034,#14035);
#14034 = CARTESIAN_POINT('',(0.,11.));
#14035 = VECTOR('',#14036,1.);
#14036 = DIRECTION('',(1.,0.));
#14037 = ( GEOMETRIC_REPRESENTATION_CONTEXT(2) 
PARAMETRIC_REPRESENTATION_CONTEXT() REPRESENTATION_CONTEXT('2D SPACE',''
  ) );
#14038 = ORIENTED_EDGE('',*,*,#11614,.F.);
#14039 = ORIENTED_EDGE('',*,*,#14040,.F.);
#14040 = EDGE_CURVE('',#11559,#11586,#14041,.T.);
#14041 = SURFACE_CURVE('',#14042,(#14046,#14053),.PCURVE_S1.);
#14042 = LINE('',#14043,#14044);
#14043 = CARTESIAN_POINT('',(108.25,94.,18.));
#14044 = VECTOR('',#14045,1.);
#14045 = DIRECTION('',(-1.,-0.,0.));
#14046 = PCURVE('',#11573,#14047);
#14047 = DEFINITIONAL_REPRESENTATION('',(#14048),#14052);
#14048 = LINE('',#14049,#14050);
#14049 = CARTESIAN_POINT('',(0.,1.75));
#14050 = VECTOR('',#14051,1.);
#14051 = DIRECTION('',(0.,-1.));
#14052 = ( GEOMETRIC_REPRESENTATION_CONTEXT(2) 
PARAMETRIC_REPRESENTATION_CONTEXT() REPRESENTATION_CONTEXT('2D SPACE',''
  ) );
#14053 = PCURVE('',#11602,#14054);
#14054 = DEFINITIONAL_REPRESENTATION('',(#14055),#14059);
#14055 = LINE('',#14056,#14057);
#14056 = CARTESIAN_POINT('',(-1.75,2.));
#14057 = VECTOR('',#14058,1.);
#14058 = DIRECTION('',(-1.,0.));
#14059 = ( GEOMETRIC_REPRESENTATION_CONTEXT(2) 
PARAMETRIC_REPRESENTATION_CONTEXT() REPRESENTATION_CONTEXT('2D SPACE',''
  ) );
#14060 = ADVANCED_FACE('',(#14061),#11602,.T.);
#14061 = FACE_BOUND('',#14062,.T.);
#14062 = EDGE_LOOP('',(#14063,#14064));
#14063 = ORIENTED_EDGE('',*,*,#11585,.T.);
#14064 = ORIENTED_EDGE('',*,*,#14040,.F.);
#14065 = ADVANCED_FACE('',(#14066),#11653,.F.);
#14066 = FACE_BOUND('',#14067,.F.);
#14067 = EDGE_LOOP('',(#14068,#14089,#14090));
#14068 = ORIENTED_EDGE('',*,*,#14069,.F.);
#14069 = EDGE_CURVE('',#11637,#13996,#14070,.T.);
#14070 = SURFACE_CURVE('',#14071,(#14075,#14082),.PCURVE_S1.);
#14071 = LINE('',#14072,#14073);
#14072 = CARTESIAN_POINT('',(106.5,83.,52.));
#14073 = VECTOR('',#14074,1.);
#14074 = DIRECTION('',(-0.,1.,0.));
#14075 = PCURVE('',#11653,#14076);
#14076 = DEFINITIONAL_REPRESENTATION('',(#14077),#14081);
#14077 = LINE('',#14078,#14079);
#14078 = CARTESIAN_POINT('',(0.,0.));
#14079 = VECTOR('',#14080,1.);
#14080 = DIRECTION('',(0.,1.));
#14081 = ( GEOMETRIC_REPRESENTATION_CONTEXT(2) 
PARAMETRIC_REPRESENTATION_CONTEXT() REPRESENTATION_CONTEXT('2D SPACE',''
  ) );
#14082 = PCURVE('',#11680,#14083);
#14083 = DEFINITIONAL_REPRESENTATION('',(#14084),#14088);
#14084 = LINE('',#14085,#14086);
#14085 = CARTESIAN_POINT('',(34.,0.));
#14086 = VECTOR('',#14087,1.);
#14087 = DIRECTION('',(0.,-1.));
#14088 = ( GEOMETRIC_REPRESENTATION_CONTEXT(2) 
PARAMETRIC_REPRESENTATION_CONTEXT() REPRESENTATION_CONTEXT('2D SPACE',''
  ) );
#14089 = ORIENTED_EDGE('',*,*,#11636,.F.);
#14090 = ORIENTED_EDGE('',*,*,#14018,.F.);
#14091 = ADVANCED_FACE('',(#14092),#11680,.T.);
#14092 = FACE_BOUND('',#14093,.T.);
#14093 = EDGE_LOOP('',(#14094,#14095,#14096,#14117,#14118,#14119,#14142,
    #14163));
#14094 = ORIENTED_EDGE('',*,*,#14069,.F.);
#14095 = ORIENTED_EDGE('',*,*,#11665,.F.);
#14096 = ORIENTED_EDGE('',*,*,#14097,.F.);
#14097 = EDGE_CURVE('',#11693,#11666,#14098,.T.);
#14098 = SURFACE_CURVE('',#14099,(#14103,#14110),.PCURVE_S1.);
#14099 = LINE('',#14100,#14101);
#14100 = CARTESIAN_POINT('',(106.5,87.5,18.));
#14101 = VECTOR('',#14102,1.);
#14102 = DIRECTION('',(-0.,1.,0.));
#14103 = PCURVE('',#11680,#14104);
#14104 = DEFINITIONAL_REPRESENTATION('',(#14105),#14109);
#14105 = LINE('',#14106,#14107);
#14106 = CARTESIAN_POINT('',(0.,-4.5));
#14107 = VECTOR('',#14108,1.);
#14108 = DIRECTION('',(0.,-1.));
#14109 = ( GEOMETRIC_REPRESENTATION_CONTEXT(2) 
PARAMETRIC_REPRESENTATION_CONTEXT() REPRESENTATION_CONTEXT('2D SPACE',''
  ) );
#14110 = PCURVE('',#11709,#14111);
#14111 = DEFINITIONAL_REPRESENTATION('',(#14112),#14116);
#14112 = LINE('',#14113,#14114);
#14113 = CARTESIAN_POINT('',(-3.5,-4.5));
#14114 = VECTOR('',#14115,1.);
#14115 = DIRECTION('',(0.,1.));
#14116 = ( GEOMETRIC_REPRESENTATION_CONTEXT(2) 
PARAMETRIC_REPRESENTATION_CONTEXT() REPRESENTATION_CONTEXT('2D SPACE',''
  ) );
#14117 = ORIENTED_EDGE('',*,*,#11721,.T.);
#14118 = ORIENTED_EDGE('',*,*,#13518,.F.);
#14119 = ORIENTED_EDGE('',*,*,#14120,.T.);
#14120 = EDGE_CURVE('',#13519,#14121,#14123,.T.);
#14121 = VERTEX_POINT('',#14122);
#14122 = CARTESIAN_POINT('',(106.5,83.,4.));
#14123 = SURFACE_CURVE('',#14124,(#14128,#14135),.PCURVE_S1.);
#14124 = LINE('',#14125,#14126);
#14125 = CARTESIAN_POINT('',(106.5,83.,52.));
#14126 = VECTOR('',#14127,1.);
#14127 = DIRECTION('',(0.,0.,-1.));
#14128 = PCURVE('',#11680,#14129);
#14129 = DEFINITIONAL_REPRESENTATION('',(#14130),#14134);
#14130 = LINE('',#14131,#14132);
#14131 = CARTESIAN_POINT('',(34.,0.));
#14132 = VECTOR('',#14133,1.);
#14133 = DIRECTION('',(-1.,0.));
#14134 = ( GEOMETRIC_REPRESENTATION_CONTEXT(2) 
PARAMETRIC_REPRESENTATION_CONTEXT() REPRESENTATION_CONTEXT('2D SPACE',''
  ) );
#14135 = PCURVE('',#13557,#14136);
#14136 = DEFINITIONAL_REPRESENTATION('',(#14137),#14141);
#14137 = LINE('',#14138,#14139);
#14138 = CARTESIAN_POINT('',(34.,0.));
#14139 = VECTOR('',#14140,1.);
#14140 = DIRECTION('',(-1.,0.));
#14141 = ( GEOMETRIC_REPRESENTATION_CONTEXT(2) 
PARAMETRIC_REPRESENTATION_CONTEXT() REPRESENTATION_CONTEXT('2D SPACE',''
  ) );
#14142 = ORIENTED_EDGE('',*,*,#14143,.T.);
#14143 = EDGE_CURVE('',#14121,#13968,#14144,.T.);
#14144 = SURFACE_CURVE('',#14145,(#14149,#14156),.PCURVE_S1.);
#14145 = LINE('',#14146,#14147);
#14146 = CARTESIAN_POINT('',(106.5,83.,4.));
#14147 = VECTOR('',#14148,1.);
#14148 = DIRECTION('',(-0.,1.,0.));
#14149 = PCURVE('',#11680,#14150);
#14150 = DEFINITIONAL_REPRESENTATION('',(#14151),#14155);
#14151 = LINE('',#14152,#14153);
#14152 = CARTESIAN_POINT('',(-14.,0.));
#14153 = VECTOR('',#14154,1.);
#14154 = DIRECTION('',(0.,-1.));
#14155 = ( GEOMETRIC_REPRESENTATION_CONTEXT(2) 
PARAMETRIC_REPRESENTATION_CONTEXT() REPRESENTATION_CONTEXT('2D SPACE',''
  ) );
#14156 = PCURVE('',#13983,#14157);
#14157 = DEFINITIONAL_REPRESENTATION('',(#14158),#14162);
#14158 = LINE('',#14159,#14160);
#14159 = CARTESIAN_POINT('',(-0.5,77.));
#14160 = VECTOR('',#14161,1.);
#14161 = DIRECTION('',(0.,1.));
#14162 = ( GEOMETRIC_REPRESENTATION_CONTEXT(2) 
PARAMETRIC_REPRESENTATION_CONTEXT() REPRESENTATION_CONTEXT('2D SPACE',''
  ) );
#14163 = ORIENTED_EDGE('',*,*,#13995,.F.);
#14164 = ADVANCED_FACE('',(#14165),#11709,.T.);
#14165 = FACE_BOUND('',#14166,.T.);
#14166 = EDGE_LOOP('',(#14167,#14168));
#14167 = ORIENTED_EDGE('',*,*,#14097,.T.);
#14168 = ORIENTED_EDGE('',*,*,#11692,.T.);
#14169 = ADVANCED_FACE('',(#14170),#11970,.F.);
#14170 = FACE_BOUND('',#14171,.F.);
#14171 = EDGE_LOOP('',(#14172,#14195,#14216,#14217,#14218,#14219));
#14172 = ORIENTED_EDGE('',*,*,#14173,.F.);
#14173 = EDGE_CURVE('',#14174,#12531,#14176,.T.);
#14174 = VERTEX_POINT('',#14175);
#14175 = CARTESIAN_POINT('',(101.,7.,60.));
#14176 = SURFACE_CURVE('',#14177,(#14181,#14188),.PCURVE_S1.);
#14177 = LINE('',#14178,#14179);
#14178 = CARTESIAN_POINT('',(101.,0.,60.));
#14179 = VECTOR('',#14180,1.);
#14180 = DIRECTION('',(-0.,1.,0.));
#14181 = PCURVE('',#11970,#14182);
#14182 = DEFINITIONAL_REPRESENTATION('',(#14183),#14187);
#14183 = LINE('',#14184,#14185);
#14184 = CARTESIAN_POINT('',(60.,0.));
#14185 = VECTOR('',#14186,1.);
#14186 = DIRECTION('',(0.,-1.));
#14187 = ( GEOMETRIC_REPRESENTATION_CONTEXT(2) 
PARAMETRIC_REPRESENTATION_CONTEXT() REPRESENTATION_CONTEXT('2D SPACE',''
  ) );
#14188 = PCURVE('',#13927,#14189);
#14189 = DEFINITIONAL_REPRESENTATION('',(#14190),#14194);
#14190 = LINE('',#14191,#14192);
#14191 = CARTESIAN_POINT('',(0.,0.));
#14192 = VECTOR('',#14193,1.);
#14193 = DIRECTION('',(0.,1.));
#14194 = ( GEOMETRIC_REPRESENTATION_CONTEXT(2) 
PARAMETRIC_REPRESENTATION_CONTEXT() REPRESENTATION_CONTEXT('2D SPACE',''
  ) );
#14195 = ORIENTED_EDGE('',*,*,#14196,.F.);
#14196 = EDGE_CURVE('',#11955,#14174,#14197,.T.);
#14197 = SURFACE_CURVE('',#14198,(#14202,#14209),.PCURVE_S1.);
#14198 = LINE('',#14199,#14200);
#14199 = CARTESIAN_POINT('',(101.,7.,0.));
#14200 = VECTOR('',#14201,1.);
#14201 = DIRECTION('',(0.,0.,1.));
#14202 = PCURVE('',#11970,#14203);
#14203 = DEFINITIONAL_REPRESENTATION('',(#14204),#14208);
#14204 = LINE('',#14205,#14206);
#14205 = CARTESIAN_POINT('',(0.,-7.));
#14206 = VECTOR('',#14207,1.);
#14207 = DIRECTION('',(1.,0.));
#14208 = ( GEOMETRIC_REPRESENTATION_CONTEXT(2) 
PARAMETRIC_REPRESENTATION_CONTEXT() REPRESENTATION_CONTEXT('2D SPACE',''
  ) );
#14209 = PCURVE('',#11999,#14210);
#14210 = DEFINITIONAL_REPRESENTATION('',(#14211),#14215);
#14211 = LINE('',#14212,#14213);
#14212 = CARTESIAN_POINT('',(0.,0.));
#14213 = VECTOR('',#14214,1.);
#14214 = DIRECTION('',(0.,1.));
#14215 = ( GEOMETRIC_REPRESENTATION_CONTEXT(2) 
PARAMETRIC_REPRESENTATION_CONTEXT() REPRESENTATION_CONTEXT('2D SPACE',''
  ) );
#14216 = ORIENTED_EDGE('',*,*,#11954,.T.);
#14217 = ORIENTED_EDGE('',*,*,#12430,.T.);
#14218 = ORIENTED_EDGE('',*,*,#12480,.F.);
#14219 = ORIENTED_EDGE('',*,*,#12530,.T.);
#14220 = ADVANCED_FACE('',(#14221),#11999,.T.);
#14221 = FACE_BOUND('',#14222,.T.);
#14222 = EDGE_LOOP('',(#14223,#14224,#14247,#14269));
#14223 = ORIENTED_EDGE('',*,*,#11982,.T.);
#14224 = ORIENTED_EDGE('',*,*,#14225,.T.);
#14225 = EDGE_CURVE('',#11983,#14226,#14228,.T.);
#14226 = VERTEX_POINT('',#14227);
#14227 = CARTESIAN_POINT('',(108.,-8.881784197001E-16,60.));
#14228 = SURFACE_CURVE('',#14229,(#14233,#14240),.PCURVE_S1.);
#14229 = LINE('',#14230,#14231);
#14230 = CARTESIAN_POINT('',(108.,-8.881784197001E-16,0.));
#14231 = VECTOR('',#14232,1.);
#14232 = DIRECTION('',(0.,0.,1.));
#14233 = PCURVE('',#11999,#14234);
#14234 = DEFINITIONAL_REPRESENTATION('',(#14235),#14239);
#14235 = LINE('',#14236,#14237);
#14236 = CARTESIAN_POINT('',(1.570796326795,0.));
#14237 = VECTOR('',#14238,1.);
#14238 = DIRECTION('',(0.,1.));
#14239 = ( GEOMETRIC_REPRESENTATION_CONTEXT(2) 
PARAMETRIC_REPRESENTATION_CONTEXT() REPRESENTATION_CONTEXT('2D SPACE',''
  ) );
#14240 = PCURVE('',#12027,#14241);
#14241 = DEFINITIONAL_REPRESENTATION('',(#14242),#14246);
#14242 = LINE('',#14243,#14244);
#14243 = CARTESIAN_POINT('',(0.,7.));
#14244 = VECTOR('',#14245,1.);
#14245 = DIRECTION('',(1.,0.));
#14246 = ( GEOMETRIC_REPRESENTATION_CONTEXT(2) 
PARAMETRIC_REPRESENTATION_CONTEXT() REPRESENTATION_CONTEXT('2D SPACE',''
  ) );
#14247 = ORIENTED_EDGE('',*,*,#14248,.F.);
#14248 = EDGE_CURVE('',#14174,#14226,#14249,.T.);
#14249 = SURFACE_CURVE('',#14250,(#14255,#14262),.PCURVE_S1.);
#14250 = CIRCLE('',#14251,7.);
#14251 = AXIS2_PLACEMENT_3D('',#14252,#14253,#14254);
#14252 = CARTESIAN_POINT('',(108.,7.,60.));
#14253 = DIRECTION('',(0.,0.,1.));
#14254 = DIRECTION('',(0.,-1.,0.));
#14255 = PCURVE('',#11999,#14256);
#14256 = DEFINITIONAL_REPRESENTATION('',(#14257),#14261);
#14257 = LINE('',#14258,#14259);
#14258 = CARTESIAN_POINT('',(-4.712388980385,60.));
#14259 = VECTOR('',#14260,1.);
#14260 = DIRECTION('',(1.,0.));
#14261 = ( GEOMETRIC_REPRESENTATION_CONTEXT(2) 
PARAMETRIC_REPRESENTATION_CONTEXT() REPRESENTATION_CONTEXT('2D SPACE',''
  ) );
#14262 = PCURVE('',#13927,#14263);
#14263 = DEFINITIONAL_REPRESENTATION('',(#14264),#14268);
#14264 = CIRCLE('',#14265,7.);
#14265 = AXIS2_PLACEMENT_2D('',#14266,#14267);
#14266 = CARTESIAN_POINT('',(7.,7.));
#14267 = DIRECTION('',(0.,-1.));
#14268 = ( GEOMETRIC_REPRESENTATION_CONTEXT(2) 
PARAMETRIC_REPRESENTATION_CONTEXT() REPRESENTATION_CONTEXT('2D SPACE',''
  ) );
#14269 = ORIENTED_EDGE('',*,*,#14196,.F.);
#14270 = ADVANCED_FACE('',(#14271),#12027,.F.);
#14271 = FACE_BOUND('',#14272,.F.);
#14272 = EDGE_LOOP('',(#14273,#14274,#14275,#14298));
#14273 = ORIENTED_EDGE('',*,*,#12011,.F.);
#14274 = ORIENTED_EDGE('',*,*,#14225,.T.);
#14275 = ORIENTED_EDGE('',*,*,#14276,.T.);
#14276 = EDGE_CURVE('',#14226,#14277,#14279,.T.);
#14277 = VERTEX_POINT('',#14278);
#14278 = CARTESIAN_POINT('',(200.,-8.881784197001E-16,60.));
#14279 = SURFACE_CURVE('',#14280,(#14284,#14291),.PCURVE_S1.);
#14280 = LINE('',#14281,#14282);
#14281 = CARTESIAN_POINT('',(101.,0.,60.));
#14282 = VECTOR('',#14283,1.);
#14283 = DIRECTION('',(1.,0.,-0.));
#14284 = PCURVE('',#12027,#14285);
#14285 = DEFINITIONAL_REPRESENTATION('',(#14286),#14290);
#14286 = LINE('',#14287,#14288);
#14287 = CARTESIAN_POINT('',(60.,0.));
#14288 = VECTOR('',#14289,1.);
#14289 = DIRECTION('',(0.,1.));
#14290 = ( GEOMETRIC_REPRESENTATION_CONTEXT(2) 
PARAMETRIC_REPRESENTATION_CONTEXT() REPRESENTATION_CONTEXT('2D SPACE',''
  ) );
#14291 = PCURVE('',#13927,#14292);
#14292 = DEFINITIONAL_REPRESENTATION('',(#14293),#14297);
#14293 = LINE('',#14294,#14295);
#14294 = CARTESIAN_POINT('',(0.,0.));
#14295 = VECTOR('',#14296,1.);
#14296 = DIRECTION('',(1.,0.));
#14297 = ( GEOMETRIC_REPRESENTATION_CONTEXT(2) 
PARAMETRIC_REPRESENTATION_CONTEXT() REPRESENTATION_CONTEXT('2D SPACE',''
  ) );
#14298 = ORIENTED_EDGE('',*,*,#14299,.F.);
#14299 = EDGE_CURVE('',#12012,#14277,#14300,.T.);
#14300 = SURFACE_CURVE('',#14301,(#14305,#14312),.PCURVE_S1.);
#14301 = LINE('',#14302,#14303);
#14302 = CARTESIAN_POINT('',(200.,-8.881784197001E-16,0.));
#14303 = VECTOR('',#14304,1.);
#14304 = DIRECTION('',(0.,0.,1.));
#14305 = PCURVE('',#12027,#14306);
#14306 = DEFINITIONAL_REPRESENTATION('',(#14307),#14311);
#14307 = LINE('',#14308,#14309);
#14308 = CARTESIAN_POINT('',(0.,99.));
#14309 = VECTOR('',#14310,1.);
#14310 = DIRECTION('',(1.,0.));
#14311 = ( GEOMETRIC_REPRESENTATION_CONTEXT(2) 
PARAMETRIC_REPRESENTATION_CONTEXT() REPRESENTATION_CONTEXT('2D SPACE',''
  ) );
#14312 = PCURVE('',#12060,#14313);
#14313 = DEFINITIONAL_REPRESENTATION('',(#14314),#14318);
#14314 = LINE('',#14315,#14316);
#14315 = CARTESIAN_POINT('',(4.712388980385,0.));
#14316 = VECTOR('',#14317,1.);
#14317 = DIRECTION('',(-0.,1.));
#14318 = ( GEOMETRIC_REPRESENTATION_CONTEXT(2) 
PARAMETRIC_REPRESENTATION_CONTEXT() REPRESENTATION_CONTEXT('2D SPACE',''
  ) );
#14319 = ADVANCED_FACE('',(#14320),#12060,.T.);
#14320 = FACE_BOUND('',#14321,.T.);
#14321 = EDGE_LOOP('',(#14322,#14345,#14371,#14372));
#14322 = ORIENTED_EDGE('',*,*,#14323,.T.);
#14323 = EDGE_CURVE('',#12040,#14324,#14326,.T.);
#14324 = VERTEX_POINT('',#14325);
#14325 = CARTESIAN_POINT('',(207.,7.,60.));
#14326 = SURFACE_CURVE('',#14327,(#14331,#14338),.PCURVE_S1.);
#14327 = LINE('',#14328,#14329);
#14328 = CARTESIAN_POINT('',(207.,7.,0.));
#14329 = VECTOR('',#14330,1.);
#14330 = DIRECTION('',(0.,0.,1.));
#14331 = PCURVE('',#12060,#14332);
#14332 = DEFINITIONAL_REPRESENTATION('',(#14333),#14337);
#14333 = LINE('',#14334,#14335);
#14334 = CARTESIAN_POINT('',(6.28318530718,0.));
#14335 = VECTOR('',#14336,1.);
#14336 = DIRECTION('',(-0.,1.));
#14337 = ( GEOMETRIC_REPRESENTATION_CONTEXT(2) 
PARAMETRIC_REPRESENTATION_CONTEXT() REPRESENTATION_CONTEXT('2D SPACE',''
  ) );
#14338 = PCURVE('',#12088,#14339);
#14339 = DEFINITIONAL_REPRESENTATION('',(#14340),#14344);
#14340 = LINE('',#14341,#14342);
#14341 = CARTESIAN_POINT('',(0.,-7.));
#14342 = VECTOR('',#14343,1.);
#14343 = DIRECTION('',(1.,0.));
#14344 = ( GEOMETRIC_REPRESENTATION_CONTEXT(2) 
PARAMETRIC_REPRESENTATION_CONTEXT() REPRESENTATION_CONTEXT('2D SPACE',''
  ) );
#14345 = ORIENTED_EDGE('',*,*,#14346,.T.);
#14346 = EDGE_CURVE('',#14324,#14277,#14347,.T.);
#14347 = SURFACE_CURVE('',#14348,(#14353,#14360),.PCURVE_S1.);
#14348 = CIRCLE('',#14349,7.);
#14349 = AXIS2_PLACEMENT_3D('',#14350,#14351,#14352);
#14350 = CARTESIAN_POINT('',(200.,7.,60.));
#14351 = DIRECTION('',(-0.,-0.,-1.));
#14352 = DIRECTION('',(0.,-1.,0.));
#14353 = PCURVE('',#12060,#14354);
#14354 = DEFINITIONAL_REPRESENTATION('',(#14355),#14359);
#14355 = LINE('',#14356,#14357);
#14356 = CARTESIAN_POINT('',(10.995574287565,60.));
#14357 = VECTOR('',#14358,1.);
#14358 = DIRECTION('',(-1.,0.));
#14359 = ( GEOMETRIC_REPRESENTATION_CONTEXT(2) 
PARAMETRIC_REPRESENTATION_CONTEXT() REPRESENTATION_CONTEXT('2D SPACE',''
  ) );
#14360 = PCURVE('',#13927,#14361);
#14361 = DEFINITIONAL_REPRESENTATION('',(#14362),#14370);
#14362 = ( BOUNDED_CURVE() B_SPLINE_CURVE(2,(#14363,#14364,#14365,#14366
    ,#14367,#14368,#14369),.UNSPECIFIED.,.T.,.F.) 
B_SPLINE_CURVE_WITH_KNOTS((1,2,2,2,2,1),(-2.094395102393,0.,
    2.094395102393,4.188790204786,6.28318530718,8.377580409573),
.UNSPECIFIED.) CURVE() GEOMETRIC_REPRESENTATION_ITEM() 
RATIONAL_B_SPLINE_CURVE((1.,0.5,1.,0.5,1.,0.5,1.)) REPRESENTATION_ITEM(
  '') );
#14363 = CARTESIAN_POINT('',(99.,0.));
#14364 = CARTESIAN_POINT('',(86.875644347018,0.));
#14365 = CARTESIAN_POINT('',(92.937822173509,10.5));
#14366 = CARTESIAN_POINT('',(99.,21.));
#14367 = CARTESIAN_POINT('',(105.06217782649,10.5));
#14368 = CARTESIAN_POINT('',(111.12435565298,1.06581410364E-14));
#14369 = CARTESIAN_POINT('',(99.,0.));
#14370 = ( GEOMETRIC_REPRESENTATION_CONTEXT(2) 
PARAMETRIC_REPRESENTATION_CONTEXT() REPRESENTATION_CONTEXT('2D SPACE',''
  ) );
#14371 = ORIENTED_EDGE('',*,*,#14299,.F.);
#14372 = ORIENTED_EDGE('',*,*,#12039,.F.);
#14373 = ADVANCED_FACE('',(#14374),#12088,.T.);
#14374 = FACE_BOUND('',#14375,.T.);
#14375 = EDGE_LOOP('',(#14376,#14399,#14400,#14401));
#14376 = ORIENTED_EDGE('',*,*,#14377,.F.);
#14377 = EDGE_CURVE('',#14324,#14378,#14380,.T.);
#14378 = VERTEX_POINT('',#14379);
#14379 = CARTESIAN_POINT('',(207.,93.,60.));
#14380 = SURFACE_CURVE('',#14381,(#14385,#14392),.PCURVE_S1.);
#14381 = LINE('',#14382,#14383);
#14382 = CARTESIAN_POINT('',(207.,0.,60.));
#14383 = VECTOR('',#14384,1.);
#14384 = DIRECTION('',(-0.,1.,0.));
#14385 = PCURVE('',#12088,#14386);
#14386 = DEFINITIONAL_REPRESENTATION('',(#14387),#14391);
#14387 = LINE('',#14388,#14389);
#14388 = CARTESIAN_POINT('',(60.,0.));
#14389 = VECTOR('',#14390,1.);
#14390 = DIRECTION('',(0.,-1.));
#14391 = ( GEOMETRIC_REPRESENTATION_CONTEXT(2) 
PARAMETRIC_REPRESENTATION_CONTEXT() REPRESENTATION_CONTEXT('2D SPACE',''
  ) );
#14392 = PCURVE('',#13927,#14393);
#14393 = DEFINITIONAL_REPRESENTATION('',(#14394),#14398);
#14394 = LINE('',#14395,#14396);
#14395 = CARTESIAN_POINT('',(106.,0.));
#14396 = VECTOR('',#14397,1.);
#14397 = DIRECTION('',(0.,1.));
#14398 = ( GEOMETRIC_REPRESENTATION_CONTEXT(2) 
PARAMETRIC_REPRESENTATION_CONTEXT() REPRESENTATION_CONTEXT('2D SPACE',''
  ) );
#14399 = ORIENTED_EDGE('',*,*,#14323,.F.);
#14400 = ORIENTED_EDGE('',*,*,#12072,.T.);
#14401 = ORIENTED_EDGE('',*,*,#14402,.T.);
#14402 = EDGE_CURVE('',#12073,#14378,#14403,.T.);
#14403 = SURFACE_CURVE('',#14404,(#14408,#14415),.PCURVE_S1.);
#14404 = LINE('',#14405,#14406);
#14405 = CARTESIAN_POINT('',(207.,93.,0.));
#14406 = VECTOR('',#14407,1.);
#14407 = DIRECTION('',(0.,0.,1.));
#14408 = PCURVE('',#12088,#14409);
#14409 = DEFINITIONAL_REPRESENTATION('',(#14410),#14414);
#14410 = LINE('',#14411,#14412);
#14411 = CARTESIAN_POINT('',(0.,-93.));
#14412 = VECTOR('',#14413,1.);
#14413 = DIRECTION('',(1.,0.));
#14414 = ( GEOMETRIC_REPRESENTATION_CONTEXT(2) 
PARAMETRIC_REPRESENTATION_CONTEXT() REPRESENTATION_CONTEXT('2D SPACE',''
  ) );
#14415 = PCURVE('',#12117,#14416);
#14416 = DEFINITIONAL_REPRESENTATION('',(#14417),#14421);
#14417 = LINE('',#14418,#14419);
#14418 = CARTESIAN_POINT('',(0.,0.));
#14419 = VECTOR('',#14420,1.);
#14420 = DIRECTION('',(0.,1.));
#14421 = ( GEOMETRIC_REPRESENTATION_CONTEXT(2) 
PARAMETRIC_REPRESENTATION_CONTEXT() REPRESENTATION_CONTEXT('2D SPACE',''
  ) );
#14422 = ADVANCED_FACE('',(#14423),#12117,.T.);
#14423 = FACE_BOUND('',#14424,.T.);
#14424 = EDGE_LOOP('',(#14425,#14426,#14449,#14471));
#14425 = ORIENTED_EDGE('',*,*,#12100,.T.);
#14426 = ORIENTED_EDGE('',*,*,#14427,.T.);
#14427 = EDGE_CURVE('',#12101,#14428,#14430,.T.);
#14428 = VERTEX_POINT('',#14429);
#14429 = CARTESIAN_POINT('',(200.,100.,60.));
#14430 = SURFACE_CURVE('',#14431,(#14435,#14442),.PCURVE_S1.);
#14431 = LINE('',#14432,#14433);
#14432 = CARTESIAN_POINT('',(200.,100.,0.));
#14433 = VECTOR('',#14434,1.);
#14434 = DIRECTION('',(0.,0.,1.));
#14435 = PCURVE('',#12117,#14436);
#14436 = DEFINITIONAL_REPRESENTATION('',(#14437),#14441);
#14437 = LINE('',#14438,#14439);
#14438 = CARTESIAN_POINT('',(1.570796326795,0.));
#14439 = VECTOR('',#14440,1.);
#14440 = DIRECTION('',(0.,1.));
#14441 = ( GEOMETRIC_REPRESENTATION_CONTEXT(2) 
PARAMETRIC_REPRESENTATION_CONTEXT() REPRESENTATION_CONTEXT('2D SPACE',''
  ) );
#14442 = PCURVE('',#12145,#14443);
#14443 = DEFINITIONAL_REPRESENTATION('',(#14444),#14448);
#14444 = LINE('',#14445,#14446);
#14445 = CARTESIAN_POINT('',(-4.,106.));
#14446 = VECTOR('',#14447,1.);
#14447 = DIRECTION('',(1.,0.));
#14448 = ( GEOMETRIC_REPRESENTATION_CONTEXT(2) 
PARAMETRIC_REPRESENTATION_CONTEXT() REPRESENTATION_CONTEXT('2D SPACE',''
  ) );
#14449 = ORIENTED_EDGE('',*,*,#14450,.F.);
#14450 = EDGE_CURVE('',#14378,#14428,#14451,.T.);
#14451 = SURFACE_CURVE('',#14452,(#14457,#14464),.PCURVE_S1.);
#14452 = CIRCLE('',#14453,7.);
#14453 = AXIS2_PLACEMENT_3D('',#14454,#14455,#14456);
#14454 = CARTESIAN_POINT('',(200.,93.,60.));
#14455 = DIRECTION('',(0.,0.,1.));
#14456 = DIRECTION('',(0.,-1.,0.));
#14457 = PCURVE('',#12117,#14458);
#14458 = DEFINITIONAL_REPRESENTATION('',(#14459),#14463);
#14459 = LINE('',#14460,#14461);
#14460 = CARTESIAN_POINT('',(-1.570796326795,60.));
#14461 = VECTOR('',#14462,1.);
#14462 = DIRECTION('',(1.,0.));
#14463 = ( GEOMETRIC_REPRESENTATION_CONTEXT(2) 
PARAMETRIC_REPRESENTATION_CONTEXT() REPRESENTATION_CONTEXT('2D SPACE',''
  ) );
#14464 = PCURVE('',#13927,#14465);
#14465 = DEFINITIONAL_REPRESENTATION('',(#14466),#14470);
#14466 = CIRCLE('',#14467,7.);
#14467 = AXIS2_PLACEMENT_2D('',#14468,#14469);
#14468 = CARTESIAN_POINT('',(99.,93.));
#14469 = DIRECTION('',(0.,-1.));
#14470 = ( GEOMETRIC_REPRESENTATION_CONTEXT(2) 
PARAMETRIC_REPRESENTATION_CONTEXT() REPRESENTATION_CONTEXT('2D SPACE',''
  ) );
#14471 = ORIENTED_EDGE('',*,*,#14402,.F.);
#14472 = ADVANCED_FACE('',(#14473),#12145,.T.);
#14473 = FACE_BOUND('',#14474,.T.);
#14474 = EDGE_LOOP('',(#14475,#14476,#14499,#14522,#14543,#14544,#14545,
    #14566));
#14475 = ORIENTED_EDGE('',*,*,#12797,.T.);
#14476 = ORIENTED_EDGE('',*,*,#14477,.T.);
#14477 = EDGE_CURVE('',#12744,#14478,#14480,.T.);
#14478 = VERTEX_POINT('',#14479);
#14479 = CARTESIAN_POINT('',(125.,100.,125.));
#14480 = SURFACE_CURVE('',#14481,(#14485,#14492),.PCURVE_S1.);
#14481 = LINE('',#14482,#14483);
#14482 = CARTESIAN_POINT('',(101.,100.,125.));
#14483 = VECTOR('',#14484,1.);
#14484 = DIRECTION('',(1.,0.,-0.));
#14485 = PCURVE('',#12145,#14486);
#14486 = DEFINITIONAL_REPRESENTATION('',(#14487),#14491);
#14487 = LINE('',#14488,#14489);
#14488 = CARTESIAN_POINT('',(121.,7.));
#14489 = VECTOR('',#14490,1.);
#14490 = DIRECTION('',(0.,1.));
#14491 = ( GEOMETRIC_REPRESENTATION_CONTEXT(2) 
PARAMETRIC_REPRESENTATION_CONTEXT() REPRESENTATION_CONTEXT('2D SPACE',''
  ) );
#14492 = PCURVE('',#12759,#14493);
#14493 = DEFINITIONAL_REPRESENTATION('',(#14494),#14498);
#14494 = LINE('',#14495,#14496);
#14495 = CARTESIAN_POINT('',(0.,0.));
#14496 = VECTOR('',#14497,1.);
#14497 = DIRECTION('',(0.,1.));
#14498 = ( GEOMETRIC_REPRESENTATION_CONTEXT(2) 
PARAMETRIC_REPRESENTATION_CONTEXT() REPRESENTATION_CONTEXT('2D SPACE',''
  ) );
#14499 = ORIENTED_EDGE('',*,*,#14500,.F.);
#14500 = EDGE_CURVE('',#14501,#14478,#14503,.T.);
#14501 = VERTEX_POINT('',#14502);
#14502 = CARTESIAN_POINT('',(125.,100.,60.));
#14503 = SURFACE_CURVE('',#14504,(#14508,#14515),.PCURVE_S1.);
#14504 = LINE('',#14505,#14506);
#14505 = CARTESIAN_POINT('',(125.,100.,4.));
#14506 = VECTOR('',#14507,1.);
#14507 = DIRECTION('',(0.,0.,1.));
#14508 = PCURVE('',#12145,#14509);
#14509 = DEFINITIONAL_REPRESENTATION('',(#14510),#14514);
#14510 = LINE('',#14511,#14512);
#14511 = CARTESIAN_POINT('',(0.,31.));
#14512 = VECTOR('',#14513,1.);
#14513 = DIRECTION('',(1.,0.));
#14514 = ( GEOMETRIC_REPRESENTATION_CONTEXT(2) 
PARAMETRIC_REPRESENTATION_CONTEXT() REPRESENTATION_CONTEXT('2D SPACE',''
  ) );
#14515 = PCURVE('',#13698,#14516);
#14516 = DEFINITIONAL_REPRESENTATION('',(#14517),#14521);
#14517 = LINE('',#14518,#14519);
#14518 = CARTESIAN_POINT('',(1.570796326795,0.));
#14519 = VECTOR('',#14520,1.);
#14520 = DIRECTION('',(0.,1.));
#14521 = ( GEOMETRIC_REPRESENTATION_CONTEXT(2) 
PARAMETRIC_REPRESENTATION_CONTEXT() REPRESENTATION_CONTEXT('2D SPACE',''
  ) );
#14522 = ORIENTED_EDGE('',*,*,#14523,.T.);
#14523 = EDGE_CURVE('',#14501,#14428,#14524,.T.);
#14524 = SURFACE_CURVE('',#14525,(#14529,#14536),.PCURVE_S1.);
#14525 = LINE('',#14526,#14527);
#14526 = CARTESIAN_POINT('',(101.,100.,60.));
#14527 = VECTOR('',#14528,1.);
#14528 = DIRECTION('',(1.,0.,-0.));
#14529 = PCURVE('',#12145,#14530);
#14530 = DEFINITIONAL_REPRESENTATION('',(#14531),#14535);
#14531 = LINE('',#14532,#14533);
#14532 = CARTESIAN_POINT('',(56.,7.));
#14533 = VECTOR('',#14534,1.);
#14534 = DIRECTION('',(0.,1.));
#14535 = ( GEOMETRIC_REPRESENTATION_CONTEXT(2) 
PARAMETRIC_REPRESENTATION_CONTEXT() REPRESENTATION_CONTEXT('2D SPACE',''
  ) );
#14536 = PCURVE('',#13927,#14537);
#14537 = DEFINITIONAL_REPRESENTATION('',(#14538),#14542);
#14538 = LINE('',#14539,#14540);
#14539 = CARTESIAN_POINT('',(0.,100.));
#14540 = VECTOR('',#14541,1.);
#14541 = DIRECTION('',(1.,0.));
#14542 = ( GEOMETRIC_REPRESENTATION_CONTEXT(2) 
PARAMETRIC_REPRESENTATION_CONTEXT() REPRESENTATION_CONTEXT('2D SPACE',''
  ) );
#14543 = ORIENTED_EDGE('',*,*,#14427,.F.);
#14544 = ORIENTED_EDGE('',*,*,#12129,.F.);
#14545 = ORIENTED_EDGE('',*,*,#14546,.T.);
#14546 = EDGE_CURVE('',#12130,#12923,#14547,.T.);
#14547 = SURFACE_CURVE('',#14548,(#14552,#14559),.PCURVE_S1.);
#14548 = LINE('',#14549,#14550);
#14549 = CARTESIAN_POINT('',(108.,100.,0.));
#14550 = VECTOR('',#14551,1.);
#14551 = DIRECTION('',(0.,0.,1.));
#14552 = PCURVE('',#12145,#14553);
#14553 = DEFINITIONAL_REPRESENTATION('',(#14554),#14558);
#14554 = LINE('',#14555,#14556);
#14555 = CARTESIAN_POINT('',(-4.,14.));
#14556 = VECTOR('',#14557,1.);
#14557 = DIRECTION('',(1.,0.));
#14558 = ( GEOMETRIC_REPRESENTATION_CONTEXT(2) 
PARAMETRIC_REPRESENTATION_CONTEXT() REPRESENTATION_CONTEXT('2D SPACE',''
  ) );
#14559 = PCURVE('',#12178,#14560);
#14560 = DEFINITIONAL_REPRESENTATION('',(#14561),#14565);
#14561 = LINE('',#14562,#14563);
#14562 = CARTESIAN_POINT('',(4.712388980385,0.));
#14563 = VECTOR('',#14564,1.);
#14564 = DIRECTION('',(-0.,1.));
#14565 = ( GEOMETRIC_REPRESENTATION_CONTEXT(2) 
PARAMETRIC_REPRESENTATION_CONTEXT() REPRESENTATION_CONTEXT('2D SPACE',''
  ) );
#14566 = ORIENTED_EDGE('',*,*,#12946,.F.);
#14567 = ADVANCED_FACE('',(#14568),#12178,.T.);
#14568 = FACE_BOUND('',#14569,.T.);
#14569 = EDGE_LOOP('',(#14570,#14571,#14572,#14573));
#14570 = ORIENTED_EDGE('',*,*,#12922,.F.);
#14571 = ORIENTED_EDGE('',*,*,#14546,.F.);
#14572 = ORIENTED_EDGE('',*,*,#12157,.F.);
#14573 = ORIENTED_EDGE('',*,*,#14574,.T.);
#14574 = EDGE_CURVE('',#12158,#12900,#14575,.T.);
#14575 = SURFACE_CURVE('',#14576,(#14580,#14587),.PCURVE_S1.);
#14576 = LINE('',#14577,#14578);
#14577 = CARTESIAN_POINT('',(101.,93.,0.));
#14578 = VECTOR('',#14579,1.);
#14579 = DIRECTION('',(0.,0.,1.));
#14580 = PCURVE('',#12178,#14581);
#14581 = DEFINITIONAL_REPRESENTATION('',(#14582),#14586);
#14582 = LINE('',#14583,#14584);
#14583 = CARTESIAN_POINT('',(6.28318530718,0.));
#14584 = VECTOR('',#14585,1.);
#14585 = DIRECTION('',(-0.,1.));
#14586 = ( GEOMETRIC_REPRESENTATION_CONTEXT(2) 
PARAMETRIC_REPRESENTATION_CONTEXT() REPRESENTATION_CONTEXT('2D SPACE',''
  ) );
#14587 = PCURVE('',#12206,#14588);
#14588 = DEFINITIONAL_REPRESENTATION('',(#14589),#14593);
#14589 = LINE('',#14590,#14591);
#14590 = CARTESIAN_POINT('',(0.,-93.));
#14591 = VECTOR('',#14592,1.);
#14592 = DIRECTION('',(1.,0.));
#14593 = ( GEOMETRIC_REPRESENTATION_CONTEXT(2) 
PARAMETRIC_REPRESENTATION_CONTEXT() REPRESENTATION_CONTEXT('2D SPACE',''
  ) );
#14594 = ADVANCED_FACE('',(#14595),#12206,.F.);
#14595 = FACE_BOUND('',#14596,.F.);
#14596 = EDGE_LOOP('',(#14597,#14598,#14599,#14620));
#14597 = ORIENTED_EDGE('',*,*,#14574,.T.);
#14598 = ORIENTED_EDGE('',*,*,#12899,.T.);
#14599 = ORIENTED_EDGE('',*,*,#14600,.F.);
#14600 = EDGE_CURVE('',#12191,#12877,#14601,.T.);
#14601 = SURFACE_CURVE('',#14602,(#14606,#14613),.PCURVE_S1.);
#14602 = LINE('',#14603,#14604);
#14603 = CARTESIAN_POINT('',(101.,92.,0.));
#14604 = VECTOR('',#14605,1.);
#14605 = DIRECTION('',(0.,0.,1.));
#14606 = PCURVE('',#12206,#14607);
#14607 = DEFINITIONAL_REPRESENTATION('',(#14608),#14612);
#14608 = LINE('',#14609,#14610);
#14609 = CARTESIAN_POINT('',(0.,-92.));
#14610 = VECTOR('',#14611,1.);
#14611 = DIRECTION('',(1.,0.));
#14612 = ( GEOMETRIC_REPRESENTATION_CONTEXT(2) 
PARAMETRIC_REPRESENTATION_CONTEXT() REPRESENTATION_CONTEXT('2D SPACE',''
  ) );
#14613 = PCURVE('',#12234,#14614);
#14614 = DEFINITIONAL_REPRESENTATION('',(#14615),#14619);
#14615 = LINE('',#14616,#14617);
#14616 = CARTESIAN_POINT('',(0.,7.));
#14617 = VECTOR('',#14618,1.);
#14618 = DIRECTION('',(1.,0.));
#14619 = ( GEOMETRIC_REPRESENTATION_CONTEXT(2) 
PARAMETRIC_REPRESENTATION_CONTEXT() REPRESENTATION_CONTEXT('2D SPACE',''
  ) );
#14620 = ORIENTED_EDGE('',*,*,#12190,.T.);
#14621 = ADVANCED_FACE('',(#14622),#12234,.T.);
#14622 = FACE_BOUND('',#14623,.T.);
#14623 = EDGE_LOOP('',(#14624,#14625,#14651,#14652,#14653));
#14624 = ORIENTED_EDGE('',*,*,#12218,.F.);
#14625 = ORIENTED_EDGE('',*,*,#14626,.T.);
#14626 = EDGE_CURVE('',#12219,#12973,#14627,.T.);
#14627 = SURFACE_CURVE('',#14628,(#14633,#14644),.PCURVE_S1.);
#14628 = CIRCLE('',#14629,0.5);
#14629 = AXIS2_PLACEMENT_3D('',#14630,#14631,#14632);
#14630 = CARTESIAN_POINT('',(95.5,92.,0.5));
#14631 = DIRECTION('',(0.,-1.,-0.));
#14632 = DIRECTION('',(1.,0.,0.));
#14633 = PCURVE('',#12234,#14634);
#14634 = DEFINITIONAL_REPRESENTATION('',(#14635),#14643);
#14635 = ( BOUNDED_CURVE() B_SPLINE_CURVE(2,(#14636,#14637,#14638,#14639
    ,#14640,#14641,#14642),.UNSPECIFIED.,.T.,.F.) 
B_SPLINE_CURVE_WITH_KNOTS((1,2,2,2,2,1),(-2.094395102393,0.,
    2.094395102393,4.188790204786,6.28318530718,8.377580409573),
.UNSPECIFIED.) CURVE() GEOMETRIC_REPRESENTATION_ITEM() 
RATIONAL_B_SPLINE_CURVE((1.,0.5,1.,0.5,1.,0.5,1.)) REPRESENTATION_ITEM(
  '') );
#14636 = CARTESIAN_POINT('',(0.5,2.));
#14637 = CARTESIAN_POINT('',(1.366025403784,2.));
#14638 = CARTESIAN_POINT('',(0.933012701892,1.25));
#14639 = CARTESIAN_POINT('',(0.5,0.5));
#14640 = CARTESIAN_POINT('',(6.698729810778E-02,1.25));
#14641 = CARTESIAN_POINT('',(-0.366025403784,2.));
#14642 = CARTESIAN_POINT('',(0.5,2.));
#14643 = ( GEOMETRIC_REPRESENTATION_CONTEXT(2) 
PARAMETRIC_REPRESENTATION_CONTEXT() REPRESENTATION_CONTEXT('2D SPACE',''
  ) );
#14644 = PCURVE('',#12262,#14645);
#14645 = DEFINITIONAL_REPRESENTATION('',(#14646),#14650);
#14646 = LINE('',#14647,#14648);
#14647 = CARTESIAN_POINT('',(-4.138911435803E-13,1.));
#14648 = VECTOR('',#14649,1.);
#14649 = DIRECTION('',(1.,-0.));
#14650 = ( GEOMETRIC_REPRESENTATION_CONTEXT(2) 
PARAMETRIC_REPRESENTATION_CONTEXT() REPRESENTATION_CONTEXT('2D SPACE',''
  ) );
#14651 = ORIENTED_EDGE('',*,*,#12972,.T.);
#14652 = ORIENTED_EDGE('',*,*,#12876,.T.);
#14653 = ORIENTED_EDGE('',*,*,#14600,.F.);
#14654 = ADVANCED_FACE('',(#14655),#12262,.T.);
#14655 = FACE_BOUND('',#14656,.T.);
#14656 = EDGE_LOOP('',(#14657,#14658,#14659,#14660));
#14657 = ORIENTED_EDGE('',*,*,#14626,.F.);
#14658 = ORIENTED_EDGE('',*,*,#12246,.F.);
#14659 = ORIENTED_EDGE('',*,*,#13040,.F.);
#14660 = ORIENTED_EDGE('',*,*,#12995,.T.);
#14661 = ADVANCED_FACE('',(#14662),#12567,.F.);
#14662 = FACE_BOUND('',#14663,.F.);
#14663 = EDGE_LOOP('',(#14664,#14665,#14688,#14709,#14710,#14733));
#14664 = ORIENTED_EDGE('',*,*,#13597,.F.);
#14665 = ORIENTED_EDGE('',*,*,#14666,.F.);
#14666 = EDGE_CURVE('',#14667,#13570,#14669,.T.);
#14667 = VERTEX_POINT('',#14668);
#14668 = CARTESIAN_POINT('',(107.,84.,60.));
#14669 = SURFACE_CURVE('',#14670,(#14674,#14681),.PCURVE_S1.);
#14670 = LINE('',#14671,#14672);
#14671 = CARTESIAN_POINT('',(107.,84.,60.));
#14672 = VECTOR('',#14673,1.);
#14673 = DIRECTION('',(0.,0.,-1.));
#14674 = PCURVE('',#12567,#14675);
#14675 = DEFINITIONAL_REPRESENTATION('',(#14676),#14680);
#14676 = LINE('',#14677,#14678);
#14677 = CARTESIAN_POINT('',(56.,13.));
#14678 = VECTOR('',#14679,1.);
#14679 = DIRECTION('',(-1.,0.));
#14680 = ( GEOMETRIC_REPRESENTATION_CONTEXT(2) 
PARAMETRIC_REPRESENTATION_CONTEXT() REPRESENTATION_CONTEXT('2D SPACE',''
  ) );
#14681 = PCURVE('',#13585,#14682);
#14682 = DEFINITIONAL_REPRESENTATION('',(#14683),#14687);
#14683 = LINE('',#14684,#14685);
#14684 = CARTESIAN_POINT('',(56.,-78.));
#14685 = VECTOR('',#14686,1.);
#14686 = DIRECTION('',(-1.,0.));
#14687 = ( GEOMETRIC_REPRESENTATION_CONTEXT(2) 
PARAMETRIC_REPRESENTATION_CONTEXT() REPRESENTATION_CONTEXT('2D SPACE',''
  ) );
#14688 = ORIENTED_EDGE('',*,*,#14689,.T.);
#14689 = EDGE_CURVE('',#14667,#12531,#14690,.T.);
#14690 = SURFACE_CURVE('',#14691,(#14695,#14702),.PCURVE_S1.);
#14691 = LINE('',#14692,#14693);
#14692 = CARTESIAN_POINT('',(97.5,84.,60.));
#14693 = VECTOR('',#14694,1.);
#14694 = DIRECTION('',(-1.,-0.,0.));
#14695 = PCURVE('',#12567,#14696);
#14696 = DEFINITIONAL_REPRESENTATION('',(#14697),#14701);
#14697 = LINE('',#14698,#14699);
#14698 = CARTESIAN_POINT('',(56.,3.5));
#14699 = VECTOR('',#14700,1.);
#14700 = DIRECTION('',(0.,-1.));
#14701 = ( GEOMETRIC_REPRESENTATION_CONTEXT(2) 
PARAMETRIC_REPRESENTATION_CONTEXT() REPRESENTATION_CONTEXT('2D SPACE',''
  ) );
#14702 = PCURVE('',#13927,#14703);
#14703 = DEFINITIONAL_REPRESENTATION('',(#14704),#14708);
#14704 = LINE('',#14705,#14706);
#14705 = CARTESIAN_POINT('',(-3.5,84.));
#14706 = VECTOR('',#14707,1.);
#14707 = DIRECTION('',(-1.,0.));
#14708 = ( GEOMETRIC_REPRESENTATION_CONTEXT(2) 
PARAMETRIC_REPRESENTATION_CONTEXT() REPRESENTATION_CONTEXT('2D SPACE',''
  ) );
#14709 = ORIENTED_EDGE('',*,*,#12553,.T.);
#14710 = ORIENTED_EDGE('',*,*,#14711,.F.);
#14711 = EDGE_CURVE('',#14712,#12505,#14714,.T.);
#14712 = VERTEX_POINT('',#14713);
#14713 = CARTESIAN_POINT('',(125.,84.,125.));
#14714 = SURFACE_CURVE('',#14715,(#14719,#14726),.PCURVE_S1.);
#14715 = LINE('',#14716,#14717);
#14716 = CARTESIAN_POINT('',(125.,84.,125.));
#14717 = VECTOR('',#14718,1.);
#14718 = DIRECTION('',(-1.,-0.,0.));
#14719 = PCURVE('',#12567,#14720);
#14720 = DEFINITIONAL_REPRESENTATION('',(#14721),#14725);
#14721 = LINE('',#14722,#14723);
#14722 = CARTESIAN_POINT('',(121.,31.));
#14723 = VECTOR('',#14724,1.);
#14724 = DIRECTION('',(0.,-1.));
#14725 = ( GEOMETRIC_REPRESENTATION_CONTEXT(2) 
PARAMETRIC_REPRESENTATION_CONTEXT() REPRESENTATION_CONTEXT('2D SPACE',''
  ) );
#14726 = PCURVE('',#12653,#14727);
#14727 = DEFINITIONAL_REPRESENTATION('',(#14728),#14732);
#14728 = LINE('',#14729,#14730);
#14729 = CARTESIAN_POINT('',(0.,0.));
#14730 = VECTOR('',#14731,1.);
#14731 = DIRECTION('',(0.,1.));
#14732 = ( GEOMETRIC_REPRESENTATION_CONTEXT(2) 
PARAMETRIC_REPRESENTATION_CONTEXT() REPRESENTATION_CONTEXT('2D SPACE',''
  ) );
#14733 = ORIENTED_EDGE('',*,*,#14734,.F.);
#14734 = EDGE_CURVE('',#13598,#14712,#14735,.T.);
#14735 = SURFACE_CURVE('',#14736,(#14740,#14747),.PCURVE_S1.);
#14736 = LINE('',#14737,#14738);
#14737 = CARTESIAN_POINT('',(125.,84.,4.));
#14738 = VECTOR('',#14739,1.);
#14739 = DIRECTION('',(0.,0.,1.));
#14740 = PCURVE('',#12567,#14741);
#14741 = DEFINITIONAL_REPRESENTATION('',(#14742),#14746);
#14742 = LINE('',#14743,#14744);
#14743 = CARTESIAN_POINT('',(0.,31.));
#14744 = VECTOR('',#14745,1.);
#14745 = DIRECTION('',(1.,0.));
#14746 = ( GEOMETRIC_REPRESENTATION_CONTEXT(2) 
PARAMETRIC_REPRESENTATION_CONTEXT() REPRESENTATION_CONTEXT('2D SPACE',''
  ) );
#14747 = PCURVE('',#13641,#14748);
#14748 = DEFINITIONAL_REPRESENTATION('',(#14749),#14753);
#14749 = LINE('',#14750,#14751);
#14750 = CARTESIAN_POINT('',(4.712388980385,0.));
#14751 = VECTOR('',#14752,1.);
#14752 = DIRECTION('',(-0.,1.));
#14753 = ( GEOMETRIC_REPRESENTATION_CONTEXT(2) 
PARAMETRIC_REPRESENTATION_CONTEXT() REPRESENTATION_CONTEXT('2D SPACE',''
  ) );
#14754 = ADVANCED_FACE('',(#14755),#12601,.T.);
#14755 = FACE_BOUND('',#14756,.T.);
#14756 = EDGE_LOOP('',(#14757,#14758,#14759,#14782,#14806,#14827));
#14757 = ORIENTED_EDGE('',*,*,#12669,.F.);
#14758 = ORIENTED_EDGE('',*,*,#12582,.F.);
#14759 = ORIENTED_EDGE('',*,*,#14760,.F.);
#14760 = EDGE_CURVE('',#14761,#12583,#14763,.T.);
#14761 = VERTEX_POINT('',#14762);
#14762 = CARTESIAN_POINT('',(123.,87.,128.));
#14763 = SURFACE_CURVE('',#14764,(#14768,#14775),.PCURVE_S1.);
#14764 = LINE('',#14765,#14766);
#14765 = CARTESIAN_POINT('',(125.,87.,128.));
#14766 = VECTOR('',#14767,1.);
#14767 = DIRECTION('',(-1.,-0.,0.));
#14768 = PCURVE('',#12601,#14769);
#14769 = DEFINITIONAL_REPRESENTATION('',(#14770),#14774);
#14770 = LINE('',#14771,#14772);
#14771 = CARTESIAN_POINT('',(31.,3.));
#14772 = VECTOR('',#14773,1.);
#14773 = DIRECTION('',(-1.,0.));
#14774 = ( GEOMETRIC_REPRESENTATION_CONTEXT(2) 
PARAMETRIC_REPRESENTATION_CONTEXT() REPRESENTATION_CONTEXT('2D SPACE',''
  ) );
#14775 = PCURVE('',#12653,#14776);
#14776 = DEFINITIONAL_REPRESENTATION('',(#14777),#14781);
#14777 = LINE('',#14778,#14779);
#14778 = CARTESIAN_POINT('',(1.570796326795,0.));
#14779 = VECTOR('',#14780,1.);
#14780 = DIRECTION('',(0.,1.));
#14781 = ( GEOMETRIC_REPRESENTATION_CONTEXT(2) 
PARAMETRIC_REPRESENTATION_CONTEXT() REPRESENTATION_CONTEXT('2D SPACE',''
  ) );
#14782 = ORIENTED_EDGE('',*,*,#14783,.F.);
#14783 = EDGE_CURVE('',#14784,#14761,#14786,.T.);
#14784 = VERTEX_POINT('',#14785);
#14785 = CARTESIAN_POINT('',(123.,97.,128.));
#14786 = SURFACE_CURVE('',#14787,(#14792,#14799),.PCURVE_S1.);
#14787 = CIRCLE('',#14788,5.);
#14788 = AXIS2_PLACEMENT_3D('',#14789,#14790,#14791);
#14789 = CARTESIAN_POINT('',(123.,92.,128.));
#14790 = DIRECTION('',(0.,0.,1.));
#14791 = DIRECTION('',(1.,0.,-0.));
#14792 = PCURVE('',#12601,#14793);
#14793 = DEFINITIONAL_REPRESENTATION('',(#14794),#14798);
#14794 = CIRCLE('',#14795,5.);
#14795 = AXIS2_PLACEMENT_2D('',#14796,#14797);
#14796 = CARTESIAN_POINT('',(29.,8.));
#14797 = DIRECTION('',(1.,0.));
#14798 = ( GEOMETRIC_REPRESENTATION_CONTEXT(2) 
PARAMETRIC_REPRESENTATION_CONTEXT() REPRESENTATION_CONTEXT('2D SPACE',''
  ) );
#14799 = PCURVE('',#13750,#14800);
#14800 = DEFINITIONAL_REPRESENTATION('',(#14801),#14805);
#14801 = LINE('',#14802,#14803);
#14802 = CARTESIAN_POINT('',(0.,110.));
#14803 = VECTOR('',#14804,1.);
#14804 = DIRECTION('',(1.,0.));
#14805 = ( GEOMETRIC_REPRESENTATION_CONTEXT(2) 
PARAMETRIC_REPRESENTATION_CONTEXT() REPRESENTATION_CONTEXT('2D SPACE',''
  ) );
#14806 = ORIENTED_EDGE('',*,*,#14807,.F.);
#14807 = EDGE_CURVE('',#12716,#14784,#14808,.T.);
#14808 = SURFACE_CURVE('',#14809,(#14813,#14820),.PCURVE_S1.);
#14809 = LINE('',#14810,#14811);
#14810 = CARTESIAN_POINT('',(101.,97.,128.));
#14811 = VECTOR('',#14812,1.);
#14812 = DIRECTION('',(1.,0.,-0.));
#14813 = PCURVE('',#12601,#14814);
#14814 = DEFINITIONAL_REPRESENTATION('',(#14815),#14819);
#14815 = LINE('',#14816,#14817);
#14816 = CARTESIAN_POINT('',(7.,13.));
#14817 = VECTOR('',#14818,1.);
#14818 = DIRECTION('',(1.,0.));
#14819 = ( GEOMETRIC_REPRESENTATION_CONTEXT(2) 
PARAMETRIC_REPRESENTATION_CONTEXT() REPRESENTATION_CONTEXT('2D SPACE',''
  ) );
#14820 = PCURVE('',#12759,#14821);
#14821 = DEFINITIONAL_REPRESENTATION('',(#14822),#14826);
#14822 = LINE('',#14823,#14824);
#14823 = CARTESIAN_POINT('',(1.570796326795,0.));
#14824 = VECTOR('',#14825,1.);
#14825 = DIRECTION('',(0.,1.));
#14826 = ( GEOMETRIC_REPRESENTATION_CONTEXT(2) 
PARAMETRIC_REPRESENTATION_CONTEXT() REPRESENTATION_CONTEXT('2D SPACE',''
  ) );
#14827 = ORIENTED_EDGE('',*,*,#12715,.F.);
#14828 = ADVANCED_FACE('',(#14829),#12653,.T.);
#14829 = FACE_BOUND('',#14830,.T.);
#14830 = EDGE_LOOP('',(#14831,#14858,#14884,#14885,#14886));
#14831 = ORIENTED_EDGE('',*,*,#14832,.T.);
#14832 = EDGE_CURVE('',#14712,#14833,#14835,.T.);
#14833 = VERTEX_POINT('',#14834);
#14834 = CARTESIAN_POINT('',(125.,87.,128.));
#14835 = SURFACE_CURVE('',#14836,(#14841,#14847),.PCURVE_S1.);
#14836 = CIRCLE('',#14837,3.);
#14837 = AXIS2_PLACEMENT_3D('',#14838,#14839,#14840);
#14838 = CARTESIAN_POINT('',(125.,87.,125.));
#14839 = DIRECTION('',(-1.,-6.123233995737E-17,0.));
#14840 = DIRECTION('',(6.123233995737E-17,-1.,-0.));
#14841 = PCURVE('',#12653,#14842);
#14842 = DEFINITIONAL_REPRESENTATION('',(#14843),#14846);
#14843 = B_SPLINE_CURVE_WITH_KNOTS('',1,(#14844,#14845),.UNSPECIFIED.,
  .F.,.F.,(2,2),(0.,1.570796326795),.PIECEWISE_BEZIER_KNOTS.);
#14844 = CARTESIAN_POINT('',(0.,0.));
#14845 = CARTESIAN_POINT('',(1.570796326795,0.));
#14846 = ( GEOMETRIC_REPRESENTATION_CONTEXT(2) 
PARAMETRIC_REPRESENTATION_CONTEXT() REPRESENTATION_CONTEXT('2D SPACE',''
  ) );
#14847 = PCURVE('',#14848,#14853);
#14848 = TOROIDAL_SURFACE('',#14849,4.,3.);
#14849 = AXIS2_PLACEMENT_3D('',#14850,#14851,#14852);
#14850 = CARTESIAN_POINT('',(125.,91.,125.));
#14851 = DIRECTION('',(0.,0.,1.));
#14852 = DIRECTION('',(1.,0.,-0.));
#14853 = DEFINITIONAL_REPRESENTATION('',(#14854),#14857);
#14854 = B_SPLINE_CURVE_WITH_KNOTS('',1,(#14855,#14856),.UNSPECIFIED.,
  .F.,.F.,(2,2),(0.,1.570796326795),.PIECEWISE_BEZIER_KNOTS.);
#14855 = CARTESIAN_POINT('',(4.712388980385,0.));
#14856 = CARTESIAN_POINT('',(4.712388980385,1.570796326795));
#14857 = ( GEOMETRIC_REPRESENTATION_CONTEXT(2) 
PARAMETRIC_REPRESENTATION_CONTEXT() REPRESENTATION_CONTEXT('2D SPACE',''
  ) );
#14858 = ORIENTED_EDGE('',*,*,#14859,.T.);
#14859 = EDGE_CURVE('',#14833,#14761,#14860,.T.);
#14860 = SURFACE_CURVE('',#14861,(#14865,#14872),.PCURVE_S1.);
#14861 = LINE('',#14862,#14863);
#14862 = CARTESIAN_POINT('',(125.,87.,128.));
#14863 = VECTOR('',#14864,1.);
#14864 = DIRECTION('',(-1.,-0.,0.));
#14865 = PCURVE('',#12653,#14866);
#14866 = DEFINITIONAL_REPRESENTATION('',(#14867),#14871);
#14867 = LINE('',#14868,#14869);
#14868 = CARTESIAN_POINT('',(1.570796326795,0.));
#14869 = VECTOR('',#14870,1.);
#14870 = DIRECTION('',(0.,1.));
#14871 = ( GEOMETRIC_REPRESENTATION_CONTEXT(2) 
PARAMETRIC_REPRESENTATION_CONTEXT() REPRESENTATION_CONTEXT('2D SPACE',''
  ) );
#14872 = PCURVE('',#14873,#14878);
#14873 = PLANE('',#14874);
#14874 = AXIS2_PLACEMENT_3D('',#14875,#14876,#14877);
#14875 = CARTESIAN_POINT('',(94.,84.,128.));
#14876 = DIRECTION('',(0.,0.,1.));
#14877 = DIRECTION('',(1.,0.,-0.));
#14878 = DEFINITIONAL_REPRESENTATION('',(#14879),#14883);
#14879 = LINE('',#14880,#14881);
#14880 = CARTESIAN_POINT('',(31.,3.));
#14881 = VECTOR('',#14882,1.);
#14882 = DIRECTION('',(-1.,0.));
#14883 = ( GEOMETRIC_REPRESENTATION_CONTEXT(2) 
PARAMETRIC_REPRESENTATION_CONTEXT() REPRESENTATION_CONTEXT('2D SPACE',''
  ) );
#14884 = ORIENTED_EDGE('',*,*,#14760,.T.);
#14885 = ORIENTED_EDGE('',*,*,#12639,.F.);
#14886 = ORIENTED_EDGE('',*,*,#14711,.F.);
#14887 = ADVANCED_FACE('',(#14888),#12759,.T.);
#14888 = FACE_BOUND('',#14889,.T.);
#14889 = EDGE_LOOP('',(#14890,#14891,#14892,#14915,#14940));
#14890 = ORIENTED_EDGE('',*,*,#12743,.T.);
#14891 = ORIENTED_EDGE('',*,*,#14807,.T.);
#14892 = ORIENTED_EDGE('',*,*,#14893,.T.);
#14893 = EDGE_CURVE('',#14784,#14894,#14896,.T.);
#14894 = VERTEX_POINT('',#14895);
#14895 = CARTESIAN_POINT('',(125.,97.,128.));
#14896 = SURFACE_CURVE('',#14897,(#14901,#14908),.PCURVE_S1.);
#14897 = LINE('',#14898,#14899);
#14898 = CARTESIAN_POINT('',(101.,97.,128.));
#14899 = VECTOR('',#14900,1.);
#14900 = DIRECTION('',(1.,0.,-0.));
#14901 = PCURVE('',#12759,#14902);
#14902 = DEFINITIONAL_REPRESENTATION('',(#14903),#14907);
#14903 = LINE('',#14904,#14905);
#14904 = CARTESIAN_POINT('',(1.570796326795,0.));
#14905 = VECTOR('',#14906,1.);
#14906 = DIRECTION('',(0.,1.));
#14907 = ( GEOMETRIC_REPRESENTATION_CONTEXT(2) 
PARAMETRIC_REPRESENTATION_CONTEXT() REPRESENTATION_CONTEXT('2D SPACE',''
  ) );
#14908 = PCURVE('',#14873,#14909);
#14909 = DEFINITIONAL_REPRESENTATION('',(#14910),#14914);
#14910 = LINE('',#14911,#14912);
#14911 = CARTESIAN_POINT('',(7.,13.));
#14912 = VECTOR('',#14913,1.);
#14913 = DIRECTION('',(1.,0.));
#14914 = ( GEOMETRIC_REPRESENTATION_CONTEXT(2) 
PARAMETRIC_REPRESENTATION_CONTEXT() REPRESENTATION_CONTEXT('2D SPACE',''
  ) );
#14915 = ORIENTED_EDGE('',*,*,#14916,.F.);
#14916 = EDGE_CURVE('',#14478,#14894,#14917,.T.);
#14917 = SURFACE_CURVE('',#14918,(#14923,#14929),.PCURVE_S1.);
#14918 = CIRCLE('',#14919,3.);
#14919 = AXIS2_PLACEMENT_3D('',#14920,#14921,#14922);
#14920 = CARTESIAN_POINT('',(125.,97.,125.));
#14921 = DIRECTION('',(1.,0.,-0.));
#14922 = DIRECTION('',(0.,1.,0.));
#14923 = PCURVE('',#12759,#14924);
#14924 = DEFINITIONAL_REPRESENTATION('',(#14925),#14928);
#14925 = B_SPLINE_CURVE_WITH_KNOTS('',1,(#14926,#14927),.UNSPECIFIED.,
  .F.,.F.,(2,2),(0.,1.570796326795),.PIECEWISE_BEZIER_KNOTS.);
#14926 = CARTESIAN_POINT('',(0.,24.));
#14927 = CARTESIAN_POINT('',(1.570796326795,24.));
#14928 = ( GEOMETRIC_REPRESENTATION_CONTEXT(2) 
PARAMETRIC_REPRESENTATION_CONTEXT() REPRESENTATION_CONTEXT('2D SPACE',''
  ) );
#14929 = PCURVE('',#14930,#14935);
#14930 = TOROIDAL_SURFACE('',#14931,4.,3.);
#14931 = AXIS2_PLACEMENT_3D('',#14932,#14933,#14934);
#14932 = CARTESIAN_POINT('',(125.,93.,125.));
#14933 = DIRECTION('',(0.,0.,1.));
#14934 = DIRECTION('',(0.,1.,-0.));
#14935 = DEFINITIONAL_REPRESENTATION('',(#14936),#14939);
#14936 = B_SPLINE_CURVE_WITH_KNOTS('',1,(#14937,#14938),.UNSPECIFIED.,
  .F.,.F.,(2,2),(0.,1.570796326795),.PIECEWISE_BEZIER_KNOTS.);
#14937 = CARTESIAN_POINT('',(6.28318530718,0.));
#14938 = CARTESIAN_POINT('',(6.28318530718,1.570796326795));
#14939 = ( GEOMETRIC_REPRESENTATION_CONTEXT(2) 
PARAMETRIC_REPRESENTATION_CONTEXT() REPRESENTATION_CONTEXT('2D SPACE',''
  ) );
#14940 = ORIENTED_EDGE('',*,*,#14477,.F.);
#14941 = ADVANCED_FACE('',(#14942),#13109,.F.);
#14942 = FACE_BOUND('',#14943,.F.);
#14943 = EDGE_LOOP('',(#14944));
#14944 = ORIENTED_EDGE('',*,*,#13094,.T.);
#14945 = ADVANCED_FACE('',(#14946),#13164,.F.);
#14946 = FACE_BOUND('',#14947,.F.);
#14947 = EDGE_LOOP('',(#14948));
#14948 = ORIENTED_EDGE('',*,*,#13149,.T.);
#14949 = ADVANCED_FACE('',(#14950),#13219,.F.);
#14950 = FACE_BOUND('',#14951,.F.);
#14951 = EDGE_LOOP('',(#14952));
#14952 = ORIENTED_EDGE('',*,*,#13204,.T.);
#14953 = ADVANCED_FACE('',(#14954),#13274,.F.);
#14954 = FACE_BOUND('',#14955,.F.);
#14955 = EDGE_LOOP('',(#14956));
#14956 = ORIENTED_EDGE('',*,*,#13259,.T.);
#14957 = ADVANCED_FACE('',(#14958),#13329,.F.);
#14958 = FACE_BOUND('',#14959,.F.);
#14959 = EDGE_LOOP('',(#14960));
#14960 = ORIENTED_EDGE('',*,*,#13314,.T.);
#14961 = ADVANCED_FACE('',(#14962),#13384,.F.);
#14962 = FACE_BOUND('',#14963,.F.);
#14963 = EDGE_LOOP('',(#14964));
#14964 = ORIENTED_EDGE('',*,*,#13369,.T.);
#14965 = ADVANCED_FACE('',(#14966),#13439,.F.);
#14966 = FACE_BOUND('',#14967,.F.);
#14967 = EDGE_LOOP('',(#14968));
#14968 = ORIENTED_EDGE('',*,*,#13424,.T.);
#14969 = ADVANCED_FACE('',(#14970),#13494,.F.);
#14970 = FACE_BOUND('',#14971,.F.);
#14971 = EDGE_LOOP('',(#14972));
#14972 = ORIENTED_EDGE('',*,*,#13479,.T.);
#14973 = ADVANCED_FACE('',(#14974),#13557,.T.);
#14974 = FACE_BOUND('',#14975,.T.);
#14975 = EDGE_LOOP('',(#14976,#14977,#14978,#15001));
#14976 = ORIENTED_EDGE('',*,*,#14120,.F.);
#14977 = ORIENTED_EDGE('',*,*,#13541,.T.);
#14978 = ORIENTED_EDGE('',*,*,#14979,.T.);
#14979 = EDGE_CURVE('',#13542,#14980,#14982,.T.);
#14980 = VERTEX_POINT('',#14981);
#14981 = CARTESIAN_POINT('',(107.,83.,4.));
#14982 = SURFACE_CURVE('',#14983,(#14987,#14994),.PCURVE_S1.);
#14983 = LINE('',#14984,#14985);
#14984 = CARTESIAN_POINT('',(107.,83.,52.));
#14985 = VECTOR('',#14986,1.);
#14986 = DIRECTION('',(0.,0.,-1.));
#14987 = PCURVE('',#13557,#14988);
#14988 = DEFINITIONAL_REPRESENTATION('',(#14989),#14993);
#14989 = LINE('',#14990,#14991);
#14990 = CARTESIAN_POINT('',(34.,0.5));
#14991 = VECTOR('',#14992,1.);
#14992 = DIRECTION('',(-1.,0.));
#14993 = ( GEOMETRIC_REPRESENTATION_CONTEXT(2) 
PARAMETRIC_REPRESENTATION_CONTEXT() REPRESENTATION_CONTEXT('2D SPACE',''
  ) );
#14994 = PCURVE('',#13585,#14995);
#14995 = DEFINITIONAL_REPRESENTATION('',(#14996),#15000);
#14996 = LINE('',#14997,#14998);
#14997 = CARTESIAN_POINT('',(48.,-77.));
#14998 = VECTOR('',#14999,1.);
#14999 = DIRECTION('',(-1.,0.));
#15000 = ( GEOMETRIC_REPRESENTATION_CONTEXT(2) 
PARAMETRIC_REPRESENTATION_CONTEXT() REPRESENTATION_CONTEXT('2D SPACE',''
  ) );
#15001 = ORIENTED_EDGE('',*,*,#15002,.F.);
#15002 = EDGE_CURVE('',#14121,#14980,#15003,.T.);
#15003 = SURFACE_CURVE('',#15004,(#15008,#15015),.PCURVE_S1.);
#15004 = LINE('',#15005,#15006);
#15005 = CARTESIAN_POINT('',(106.5,83.,4.));
#15006 = VECTOR('',#15007,1.);
#15007 = DIRECTION('',(1.,0.,-0.));
#15008 = PCURVE('',#13557,#15009);
#15009 = DEFINITIONAL_REPRESENTATION('',(#15010),#15014);
#15010 = LINE('',#15011,#15012);
#15011 = CARTESIAN_POINT('',(-14.,0.));
#15012 = VECTOR('',#15013,1.);
#15013 = DIRECTION('',(0.,1.));
#15014 = ( GEOMETRIC_REPRESENTATION_CONTEXT(2) 
PARAMETRIC_REPRESENTATION_CONTEXT() REPRESENTATION_CONTEXT('2D SPACE',''
  ) );
#15015 = PCURVE('',#13983,#15016);
#15016 = DEFINITIONAL_REPRESENTATION('',(#15017),#15021);
#15017 = LINE('',#15018,#15019);
#15018 = CARTESIAN_POINT('',(-0.5,77.));
#15019 = VECTOR('',#15020,1.);
#15020 = DIRECTION('',(1.,0.));
#15021 = ( GEOMETRIC_REPRESENTATION_CONTEXT(2) 
PARAMETRIC_REPRESENTATION_CONTEXT() REPRESENTATION_CONTEXT('2D SPACE',''
  ) );
#15022 = ADVANCED_FACE('',(#15023),#13585,.T.);
#15023 = FACE_BOUND('',#15024,.T.);
#15024 = EDGE_LOOP('',(#15025,#15048,#15076,#15097,#15098,#15099));
#15025 = ORIENTED_EDGE('',*,*,#15026,.F.);
#15026 = EDGE_CURVE('',#15027,#14667,#15029,.T.);
#15027 = VERTEX_POINT('',#15028);
#15028 = CARTESIAN_POINT('',(107.,9.,60.));
#15029 = SURFACE_CURVE('',#15030,(#15034,#15041),.PCURVE_S1.);
#15030 = LINE('',#15031,#15032);
#15031 = CARTESIAN_POINT('',(107.,3.,60.));
#15032 = VECTOR('',#15033,1.);
#15033 = DIRECTION('',(-0.,1.,0.));
#15034 = PCURVE('',#13585,#15035);
#15035 = DEFINITIONAL_REPRESENTATION('',(#15036),#15040);
#15036 = LINE('',#15037,#15038);
#15037 = CARTESIAN_POINT('',(56.,3.));
#15038 = VECTOR('',#15039,1.);
#15039 = DIRECTION('',(0.,-1.));
#15040 = ( GEOMETRIC_REPRESENTATION_CONTEXT(2) 
PARAMETRIC_REPRESENTATION_CONTEXT() REPRESENTATION_CONTEXT('2D SPACE',''
  ) );
#15041 = PCURVE('',#13927,#15042);
#15042 = DEFINITIONAL_REPRESENTATION('',(#15043),#15047);
#15043 = LINE('',#15044,#15045);
#15044 = CARTESIAN_POINT('',(6.,3.));
#15045 = VECTOR('',#15046,1.);
#15046 = DIRECTION('',(0.,1.));
#15047 = ( GEOMETRIC_REPRESENTATION_CONTEXT(2) 
PARAMETRIC_REPRESENTATION_CONTEXT() REPRESENTATION_CONTEXT('2D SPACE',''
  ) );
#15048 = ORIENTED_EDGE('',*,*,#15049,.T.);
#15049 = EDGE_CURVE('',#15027,#15050,#15052,.T.);
#15050 = VERTEX_POINT('',#15051);
#15051 = CARTESIAN_POINT('',(107.,9.,4.));
#15052 = SURFACE_CURVE('',#15053,(#15057,#15064),.PCURVE_S1.);
#15053 = LINE('',#15054,#15055);
#15054 = CARTESIAN_POINT('',(107.,9.,60.));
#15055 = VECTOR('',#15056,1.);
#15056 = DIRECTION('',(0.,0.,-1.));
#15057 = PCURVE('',#13585,#15058);
#15058 = DEFINITIONAL_REPRESENTATION('',(#15059),#15063);
#15059 = LINE('',#15060,#15061);
#15060 = CARTESIAN_POINT('',(56.,-3.));
#15061 = VECTOR('',#15062,1.);
#15062 = DIRECTION('',(-1.,0.));
#15063 = ( GEOMETRIC_REPRESENTATION_CONTEXT(2) 
PARAMETRIC_REPRESENTATION_CONTEXT() REPRESENTATION_CONTEXT('2D SPACE',''
  ) );
#15064 = PCURVE('',#15065,#15070);
#15065 = CYLINDRICAL_SURFACE('',#15066,3.);
#15066 = AXIS2_PLACEMENT_3D('',#15067,#15068,#15069);
#15067 = CARTESIAN_POINT('',(110.,9.,4.));
#15068 = DIRECTION('',(0.,0.,1.));
#15069 = DIRECTION('',(-1.,-0.,0.));
#15070 = DEFINITIONAL_REPRESENTATION('',(#15071),#15075);
#15071 = LINE('',#15072,#15073);
#15072 = CARTESIAN_POINT('',(0.,56.));
#15073 = VECTOR('',#15074,1.);
#15074 = DIRECTION('',(-0.,-1.));
#15075 = ( GEOMETRIC_REPRESENTATION_CONTEXT(2) 
PARAMETRIC_REPRESENTATION_CONTEXT() REPRESENTATION_CONTEXT('2D SPACE',''
  ) );
#15076 = ORIENTED_EDGE('',*,*,#15077,.T.);
#15077 = EDGE_CURVE('',#15050,#14980,#15078,.T.);
#15078 = SURFACE_CURVE('',#15079,(#15083,#15090),.PCURVE_S1.);
#15079 = LINE('',#15080,#15081);
#15080 = CARTESIAN_POINT('',(107.,6.,4.));
#15081 = VECTOR('',#15082,1.);
#15082 = DIRECTION('',(-0.,1.,0.));
#15083 = PCURVE('',#13585,#15084);
#15084 = DEFINITIONAL_REPRESENTATION('',(#15085),#15089);
#15085 = LINE('',#15086,#15087);
#15086 = CARTESIAN_POINT('',(0.,0.));
#15087 = VECTOR('',#15088,1.);
#15088 = DIRECTION('',(0.,-1.));
#15089 = ( GEOMETRIC_REPRESENTATION_CONTEXT(2) 
PARAMETRIC_REPRESENTATION_CONTEXT() REPRESENTATION_CONTEXT('2D SPACE',''
  ) );
#15090 = PCURVE('',#13983,#15091);
#15091 = DEFINITIONAL_REPRESENTATION('',(#15092),#15096);
#15092 = LINE('',#15093,#15094);
#15093 = CARTESIAN_POINT('',(0.,0.));
#15094 = VECTOR('',#15095,1.);
#15095 = DIRECTION('',(0.,1.));
#15096 = ( GEOMETRIC_REPRESENTATION_CONTEXT(2) 
PARAMETRIC_REPRESENTATION_CONTEXT() REPRESENTATION_CONTEXT('2D SPACE',''
  ) );
#15097 = ORIENTED_EDGE('',*,*,#14979,.F.);
#15098 = ORIENTED_EDGE('',*,*,#13569,.F.);
#15099 = ORIENTED_EDGE('',*,*,#14666,.F.);
#15100 = ADVANCED_FACE('',(#15101),#13641,.T.);
#15101 = FACE_BOUND('',#15102,.T.);
#15102 = EDGE_LOOP('',(#15103,#15104,#15105,#15128));
#15103 = ORIENTED_EDGE('',*,*,#14734,.F.);
#15104 = ORIENTED_EDGE('',*,*,#13620,.F.);
#15105 = ORIENTED_EDGE('',*,*,#15106,.T.);
#15106 = EDGE_CURVE('',#13621,#15107,#15109,.T.);
#15107 = VERTEX_POINT('',#15108);
#15108 = CARTESIAN_POINT('',(132.,91.,125.));
#15109 = SURFACE_CURVE('',#15110,(#15114,#15121),.PCURVE_S1.);
#15110 = LINE('',#15111,#15112);
#15111 = CARTESIAN_POINT('',(132.,91.,4.));
#15112 = VECTOR('',#15113,1.);
#15113 = DIRECTION('',(0.,0.,1.));
#15114 = PCURVE('',#13641,#15115);
#15115 = DEFINITIONAL_REPRESENTATION('',(#15116),#15120);
#15116 = LINE('',#15117,#15118);
#15117 = CARTESIAN_POINT('',(6.28318530718,0.));
#15118 = VECTOR('',#15119,1.);
#15119 = DIRECTION('',(-0.,1.));
#15120 = ( GEOMETRIC_REPRESENTATION_CONTEXT(2) 
PARAMETRIC_REPRESENTATION_CONTEXT() REPRESENTATION_CONTEXT('2D SPACE',''
  ) );
#15121 = PCURVE('',#13669,#15122);
#15122 = DEFINITIONAL_REPRESENTATION('',(#15123),#15127);
#15123 = LINE('',#15124,#15125);
#15124 = CARTESIAN_POINT('',(0.,-7.));
#15125 = VECTOR('',#15126,1.);
#15126 = DIRECTION('',(1.,0.));
#15127 = ( GEOMETRIC_REPRESENTATION_CONTEXT(2) 
PARAMETRIC_REPRESENTATION_CONTEXT() REPRESENTATION_CONTEXT('2D SPACE',''
  ) );
#15128 = ORIENTED_EDGE('',*,*,#15129,.T.);
#15129 = EDGE_CURVE('',#15107,#14712,#15130,.T.);
#15130 = SURFACE_CURVE('',#15131,(#15136,#15143),.PCURVE_S1.);
#15131 = CIRCLE('',#15132,7.);
#15132 = AXIS2_PLACEMENT_3D('',#15133,#15134,#15135);
#15133 = CARTESIAN_POINT('',(125.,91.,125.));
#15134 = DIRECTION('',(0.,0.,-1.));
#15135 = DIRECTION('',(1.,0.,0.));
#15136 = PCURVE('',#13641,#15137);
#15137 = DEFINITIONAL_REPRESENTATION('',(#15138),#15142);
#15138 = LINE('',#15139,#15140);
#15139 = CARTESIAN_POINT('',(6.28318530718,121.));
#15140 = VECTOR('',#15141,1.);
#15141 = DIRECTION('',(-1.,0.));
#15142 = ( GEOMETRIC_REPRESENTATION_CONTEXT(2) 
PARAMETRIC_REPRESENTATION_CONTEXT() REPRESENTATION_CONTEXT('2D SPACE',''
  ) );
#15143 = PCURVE('',#14848,#15144);
#15144 = DEFINITIONAL_REPRESENTATION('',(#15145),#15149);
#15145 = LINE('',#15146,#15147);
#15146 = CARTESIAN_POINT('',(6.28318530718,0.));
#15147 = VECTOR('',#15148,1.);
#15148 = DIRECTION('',(-1.,0.));
#15149 = ( GEOMETRIC_REPRESENTATION_CONTEXT(2) 
PARAMETRIC_REPRESENTATION_CONTEXT() REPRESENTATION_CONTEXT('2D SPACE',''
  ) );
#15150 = ADVANCED_FACE('',(#15151),#13669,.T.);
#15151 = FACE_BOUND('',#15152,.T.);
#15152 = EDGE_LOOP('',(#15153,#15154,#15155,#15178));
#15153 = ORIENTED_EDGE('',*,*,#15106,.F.);
#15154 = ORIENTED_EDGE('',*,*,#13653,.T.);
#15155 = ORIENTED_EDGE('',*,*,#15156,.T.);
#15156 = EDGE_CURVE('',#13654,#15157,#15159,.T.);
#15157 = VERTEX_POINT('',#15158);
#15158 = CARTESIAN_POINT('',(132.,93.,125.));
#15159 = SURFACE_CURVE('',#15160,(#15164,#15171),.PCURVE_S1.);
#15160 = LINE('',#15161,#15162);
#15161 = CARTESIAN_POINT('',(132.,93.,4.));
#15162 = VECTOR('',#15163,1.);
#15163 = DIRECTION('',(0.,0.,1.));
#15164 = PCURVE('',#13669,#15165);
#15165 = DEFINITIONAL_REPRESENTATION('',(#15166),#15170);
#15166 = LINE('',#15167,#15168);
#15167 = CARTESIAN_POINT('',(0.,-9.));
#15168 = VECTOR('',#15169,1.);
#15169 = DIRECTION('',(1.,0.));
#15170 = ( GEOMETRIC_REPRESENTATION_CONTEXT(2) 
PARAMETRIC_REPRESENTATION_CONTEXT() REPRESENTATION_CONTEXT('2D SPACE',''
  ) );
#15171 = PCURVE('',#13698,#15172);
#15172 = DEFINITIONAL_REPRESENTATION('',(#15173),#15177);
#15173 = LINE('',#15174,#15175);
#15174 = CARTESIAN_POINT('',(0.,0.));
#15175 = VECTOR('',#15176,1.);
#15176 = DIRECTION('',(0.,1.));
#15177 = ( GEOMETRIC_REPRESENTATION_CONTEXT(2) 
PARAMETRIC_REPRESENTATION_CONTEXT() REPRESENTATION_CONTEXT('2D SPACE',''
  ) );
#15178 = ORIENTED_EDGE('',*,*,#15179,.T.);
#15179 = EDGE_CURVE('',#15157,#15107,#15180,.T.);
#15180 = SURFACE_CURVE('',#15181,(#15185,#15192),.PCURVE_S1.);
#15181 = LINE('',#15182,#15183);
#15182 = CARTESIAN_POINT('',(132.,93.,125.));
#15183 = VECTOR('',#15184,1.);
#15184 = DIRECTION('',(0.,-1.,-0.));
#15185 = PCURVE('',#13669,#15186);
#15186 = DEFINITIONAL_REPRESENTATION('',(#15187),#15191);
#15187 = LINE('',#15188,#15189);
#15188 = CARTESIAN_POINT('',(121.,-9.));
#15189 = VECTOR('',#15190,1.);
#15190 = DIRECTION('',(0.,1.));
#15191 = ( GEOMETRIC_REPRESENTATION_CONTEXT(2) 
PARAMETRIC_REPRESENTATION_CONTEXT() REPRESENTATION_CONTEXT('2D SPACE',''
  ) );
#15192 = PCURVE('',#15193,#15198);
#15193 = CYLINDRICAL_SURFACE('',#15194,3.);
#15194 = AXIS2_PLACEMENT_3D('',#15195,#15196,#15197);
#15195 = CARTESIAN_POINT('',(129.,93.,125.));
#15196 = DIRECTION('',(0.,-1.,-0.));
#15197 = DIRECTION('',(1.,0.,0.));
#15198 = DEFINITIONAL_REPRESENTATION('',(#15199),#15203);
#15199 = LINE('',#15200,#15201);
#15200 = CARTESIAN_POINT('',(0.,0.));
#15201 = VECTOR('',#15202,1.);
#15202 = DIRECTION('',(0.,1.));
#15203 = ( GEOMETRIC_REPRESENTATION_CONTEXT(2) 
PARAMETRIC_REPRESENTATION_CONTEXT() REPRESENTATION_CONTEXT('2D SPACE',''
  ) );
#15204 = ADVANCED_FACE('',(#15205),#13698,.T.);
#15205 = FACE_BOUND('',#15206,.T.);
#15206 = EDGE_LOOP('',(#15207,#15208,#15230,#15231,#15232,#15233));
#15207 = ORIENTED_EDGE('',*,*,#14500,.T.);
#15208 = ORIENTED_EDGE('',*,*,#15209,.T.);
#15209 = EDGE_CURVE('',#14478,#15157,#15210,.T.);
#15210 = SURFACE_CURVE('',#15211,(#15216,#15223),.PCURVE_S1.);
#15211 = CIRCLE('',#15212,7.);
#15212 = AXIS2_PLACEMENT_3D('',#15213,#15214,#15215);
#15213 = CARTESIAN_POINT('',(125.,93.,125.));
#15214 = DIRECTION('',(0.,0.,-1.));
#15215 = DIRECTION('',(0.,1.,0.));
#15216 = PCURVE('',#13698,#15217);
#15217 = DEFINITIONAL_REPRESENTATION('',(#15218),#15222);
#15218 = LINE('',#15219,#15220);
#15219 = CARTESIAN_POINT('',(1.570796326795,121.));
#15220 = VECTOR('',#15221,1.);
#15221 = DIRECTION('',(-1.,-0.));
#15222 = ( GEOMETRIC_REPRESENTATION_CONTEXT(2) 
PARAMETRIC_REPRESENTATION_CONTEXT() REPRESENTATION_CONTEXT('2D SPACE',''
  ) );
#15223 = PCURVE('',#14930,#15224);
#15224 = DEFINITIONAL_REPRESENTATION('',(#15225),#15229);
#15225 = LINE('',#15226,#15227);
#15226 = CARTESIAN_POINT('',(6.28318530718,0.));
#15227 = VECTOR('',#15228,1.);
#15228 = DIRECTION('',(-1.,0.));
#15229 = ( GEOMETRIC_REPRESENTATION_CONTEXT(2) 
PARAMETRIC_REPRESENTATION_CONTEXT() REPRESENTATION_CONTEXT('2D SPACE',''
  ) );
#15230 = ORIENTED_EDGE('',*,*,#15156,.F.);
#15231 = ORIENTED_EDGE('',*,*,#13681,.T.);
#15232 = ORIENTED_EDGE('',*,*,#13889,.T.);
#15233 = ORIENTED_EDGE('',*,*,#15234,.T.);
#15234 = EDGE_CURVE('',#13890,#14501,#15235,.T.);
#15235 = SURFACE_CURVE('',#15236,(#15241,#15248),.PCURVE_S1.);
#15236 = CIRCLE('',#15237,7.);
#15237 = AXIS2_PLACEMENT_3D('',#15238,#15239,#15240);
#15238 = CARTESIAN_POINT('',(125.,93.,60.));
#15239 = DIRECTION('',(0.,0.,1.));
#15240 = DIRECTION('',(1.,0.,-0.));
#15241 = PCURVE('',#13698,#15242);
#15242 = DEFINITIONAL_REPRESENTATION('',(#15243),#15247);
#15243 = LINE('',#15244,#15245);
#15244 = CARTESIAN_POINT('',(0.,56.));
#15245 = VECTOR('',#15246,1.);
#15246 = DIRECTION('',(1.,0.));
#15247 = ( GEOMETRIC_REPRESENTATION_CONTEXT(2) 
PARAMETRIC_REPRESENTATION_CONTEXT() REPRESENTATION_CONTEXT('2D SPACE',''
  ) );
#15248 = PCURVE('',#13927,#15249);
#15249 = DEFINITIONAL_REPRESENTATION('',(#15250),#15254);
#15250 = CIRCLE('',#15251,7.);
#15251 = AXIS2_PLACEMENT_2D('',#15252,#15253);
#15252 = CARTESIAN_POINT('',(24.,93.));
#15253 = DIRECTION('',(1.,0.));
#15254 = ( GEOMETRIC_REPRESENTATION_CONTEXT(2) 
PARAMETRIC_REPRESENTATION_CONTEXT() REPRESENTATION_CONTEXT('2D SPACE',''
  ) );
#15255 = ADVANCED_FACE('',(#15256),#13750,.F.);
#15256 = FACE_BOUND('',#15257,.F.);
#15257 = EDGE_LOOP('',(#15258,#15281,#15303,#15304,#15326,#15327,#15328,
    #15329,#15351,#15352));
#15258 = ORIENTED_EDGE('',*,*,#15259,.T.);
#15259 = EDGE_CURVE('',#13734,#15260,#15262,.T.);
#15260 = VERTEX_POINT('',#15261);
#15261 = CARTESIAN_POINT('',(128.,92.,128.));
#15262 = SEAM_CURVE('',#15263,(#15267,#15274),.PCURVE_S1.);
#15263 = LINE('',#15264,#15265);
#15264 = CARTESIAN_POINT('',(128.,92.,18.));
#15265 = VECTOR('',#15266,1.);
#15266 = DIRECTION('',(0.,0.,1.));
#15267 = PCURVE('',#13750,#15268);
#15268 = DEFINITIONAL_REPRESENTATION('',(#15269),#15273);
#15269 = LINE('',#15270,#15271);
#15270 = CARTESIAN_POINT('',(6.28318530718,0.));
#15271 = VECTOR('',#15272,1.);
#15272 = DIRECTION('',(0.,1.));
#15273 = ( GEOMETRIC_REPRESENTATION_CONTEXT(2) 
PARAMETRIC_REPRESENTATION_CONTEXT() REPRESENTATION_CONTEXT('2D SPACE',''
  ) );
#15274 = PCURVE('',#13750,#15275);
#15275 = DEFINITIONAL_REPRESENTATION('',(#15276),#15280);
#15276 = LINE('',#15277,#15278);
#15277 = CARTESIAN_POINT('',(4.138911435803E-13,0.));
#15278 = VECTOR('',#15279,1.);
#15279 = DIRECTION('',(0.,1.));
#15280 = ( GEOMETRIC_REPRESENTATION_CONTEXT(2) 
PARAMETRIC_REPRESENTATION_CONTEXT() REPRESENTATION_CONTEXT('2D SPACE',''
  ) );
#15281 = ORIENTED_EDGE('',*,*,#15282,.F.);
#15282 = EDGE_CURVE('',#14761,#15260,#15283,.T.);
#15283 = SURFACE_CURVE('',#15284,(#15289,#15296),.PCURVE_S1.);
#15284 = CIRCLE('',#15285,5.);
#15285 = AXIS2_PLACEMENT_3D('',#15286,#15287,#15288);
#15286 = CARTESIAN_POINT('',(123.,92.,128.));
#15287 = DIRECTION('',(0.,0.,1.));
#15288 = DIRECTION('',(1.,0.,-0.));
#15289 = PCURVE('',#13750,#15290);
#15290 = DEFINITIONAL_REPRESENTATION('',(#15291),#15295);
#15291 = LINE('',#15292,#15293);
#15292 = CARTESIAN_POINT('',(0.,110.));
#15293 = VECTOR('',#15294,1.);
#15294 = DIRECTION('',(1.,0.));
#15295 = ( GEOMETRIC_REPRESENTATION_CONTEXT(2) 
PARAMETRIC_REPRESENTATION_CONTEXT() REPRESENTATION_CONTEXT('2D SPACE',''
  ) );
#15296 = PCURVE('',#14873,#15297);
#15297 = DEFINITIONAL_REPRESENTATION('',(#15298),#15302);
#15298 = CIRCLE('',#15299,5.);
#15299 = AXIS2_PLACEMENT_2D('',#15300,#15301);
#15300 = CARTESIAN_POINT('',(29.,8.));
#15301 = DIRECTION('',(1.,0.));
#15302 = ( GEOMETRIC_REPRESENTATION_CONTEXT(2) 
PARAMETRIC_REPRESENTATION_CONTEXT() REPRESENTATION_CONTEXT('2D SPACE',''
  ) );
#15303 = ORIENTED_EDGE('',*,*,#14783,.F.);
#15304 = ORIENTED_EDGE('',*,*,#15305,.F.);
#15305 = EDGE_CURVE('',#15260,#14784,#15306,.T.);
#15306 = SURFACE_CURVE('',#15307,(#15312,#15319),.PCURVE_S1.);
#15307 = CIRCLE('',#15308,5.);
#15308 = AXIS2_PLACEMENT_3D('',#15309,#15310,#15311);
#15309 = CARTESIAN_POINT('',(123.,92.,128.));
#15310 = DIRECTION('',(0.,0.,1.));
#15311 = DIRECTION('',(1.,0.,-0.));
#15312 = PCURVE('',#13750,#15313);
#15313 = DEFINITIONAL_REPRESENTATION('',(#15314),#15318);
#15314 = LINE('',#15315,#15316);
#15315 = CARTESIAN_POINT('',(0.,110.));
#15316 = VECTOR('',#15317,1.);
#15317 = DIRECTION('',(1.,0.));
#15318 = ( GEOMETRIC_REPRESENTATION_CONTEXT(2) 
PARAMETRIC_REPRESENTATION_CONTEXT() REPRESENTATION_CONTEXT('2D SPACE',''
  ) );
#15319 = PCURVE('',#14873,#15320);
#15320 = DEFINITIONAL_REPRESENTATION('',(#15321),#15325);
#15321 = CIRCLE('',#15322,5.);
#15322 = AXIS2_PLACEMENT_2D('',#15323,#15324);
#15323 = CARTESIAN_POINT('',(29.,8.));
#15324 = DIRECTION('',(1.,0.));
#15325 = ( GEOMETRIC_REPRESENTATION_CONTEXT(2) 
PARAMETRIC_REPRESENTATION_CONTEXT() REPRESENTATION_CONTEXT('2D SPACE',''
  ) );
#15326 = ORIENTED_EDGE('',*,*,#15259,.F.);
#15327 = ORIENTED_EDGE('',*,*,#13733,.T.);
#15328 = ORIENTED_EDGE('',*,*,#13868,.F.);
#15329 = ORIENTED_EDGE('',*,*,#15330,.T.);
#15330 = EDGE_CURVE('',#13841,#13819,#15331,.T.);
#15331 = SURFACE_CURVE('',#15332,(#15337,#15344),.PCURVE_S1.);
#15332 = CIRCLE('',#15333,5.);
#15333 = AXIS2_PLACEMENT_3D('',#15334,#15335,#15336);
#15334 = CARTESIAN_POINT('',(123.,92.,18.));
#15335 = DIRECTION('',(0.,0.,1.));
#15336 = DIRECTION('',(1.,0.,-0.));
#15337 = PCURVE('',#13750,#15338);
#15338 = DEFINITIONAL_REPRESENTATION('',(#15339),#15343);
#15339 = LINE('',#15340,#15341);
#15340 = CARTESIAN_POINT('',(0.,0.));
#15341 = VECTOR('',#15342,1.);
#15342 = DIRECTION('',(1.,0.));
#15343 = ( GEOMETRIC_REPRESENTATION_CONTEXT(2) 
PARAMETRIC_REPRESENTATION_CONTEXT() REPRESENTATION_CONTEXT('2D SPACE',''
  ) );
#15344 = PCURVE('',#13856,#15345);
#15345 = DEFINITIONAL_REPRESENTATION('',(#15346),#15350);
#15346 = CIRCLE('',#15347,5.);
#15347 = AXIS2_PLACEMENT_2D('',#15348,#15349);
#15348 = CARTESIAN_POINT('',(13.,0.));
#15349 = DIRECTION('',(1.,0.));
#15350 = ( GEOMETRIC_REPRESENTATION_CONTEXT(2) 
PARAMETRIC_REPRESENTATION_CONTEXT() REPRESENTATION_CONTEXT('2D SPACE',''
  ) );
#15351 = ORIENTED_EDGE('',*,*,#13818,.T.);
#15352 = ORIENTED_EDGE('',*,*,#13762,.T.);
#15353 = ADVANCED_FACE('',(#15354),#13856,.T.);
#15354 = FACE_BOUND('',#15355,.T.);
#15355 = EDGE_LOOP('',(#15356,#15357));
#15356 = ORIENTED_EDGE('',*,*,#15330,.T.);
#15357 = ORIENTED_EDGE('',*,*,#13840,.F.);
#15358 = ADVANCED_FACE('',(#15359),#13927,.T.);
#15359 = FACE_BOUND('',#15360,.T.);
#15360 = EDGE_LOOP('',(#15361,#15362,#15363,#15364,#15365,#15366,#15367,
    #15368,#15369,#15370,#15394,#15422,#15451,#15479,#15501,#15502));
#15361 = ORIENTED_EDGE('',*,*,#14173,.F.);
#15362 = ORIENTED_EDGE('',*,*,#14248,.T.);
#15363 = ORIENTED_EDGE('',*,*,#14276,.T.);
#15364 = ORIENTED_EDGE('',*,*,#14346,.F.);
#15365 = ORIENTED_EDGE('',*,*,#14377,.T.);
#15366 = ORIENTED_EDGE('',*,*,#14450,.T.);
#15367 = ORIENTED_EDGE('',*,*,#14523,.F.);
#15368 = ORIENTED_EDGE('',*,*,#15234,.F.);
#15369 = ORIENTED_EDGE('',*,*,#13911,.F.);
#15370 = ORIENTED_EDGE('',*,*,#15371,.F.);
#15371 = EDGE_CURVE('',#15372,#13912,#15374,.T.);
#15372 = VERTEX_POINT('',#15373);
#15373 = CARTESIAN_POINT('',(201.,91.,60.));
#15374 = SURFACE_CURVE('',#15375,(#15380,#15387),.PCURVE_S1.);
#15375 = CIRCLE('',#15376,3.);
#15376 = AXIS2_PLACEMENT_3D('',#15377,#15378,#15379);
#15377 = CARTESIAN_POINT('',(198.,91.,60.));
#15378 = DIRECTION('',(0.,0.,1.));
#15379 = DIRECTION('',(1.,0.,-0.));
#15380 = PCURVE('',#13927,#15381);
#15381 = DEFINITIONAL_REPRESENTATION('',(#15382),#15386);
#15382 = CIRCLE('',#15383,3.);
#15383 = AXIS2_PLACEMENT_2D('',#15384,#15385);
#15384 = CARTESIAN_POINT('',(97.,91.));
#15385 = DIRECTION('',(1.,0.));
#15386 = ( GEOMETRIC_REPRESENTATION_CONTEXT(2) 
PARAMETRIC_REPRESENTATION_CONTEXT() REPRESENTATION_CONTEXT('2D SPACE',''
  ) );
#15387 = PCURVE('',#13955,#15388);
#15388 = DEFINITIONAL_REPRESENTATION('',(#15389),#15393);
#15389 = LINE('',#15390,#15391);
#15390 = CARTESIAN_POINT('',(0.,56.));
#15391 = VECTOR('',#15392,1.);
#15392 = DIRECTION('',(1.,0.));
#15393 = ( GEOMETRIC_REPRESENTATION_CONTEXT(2) 
PARAMETRIC_REPRESENTATION_CONTEXT() REPRESENTATION_CONTEXT('2D SPACE',''
  ) );
#15394 = ORIENTED_EDGE('',*,*,#15395,.F.);
#15395 = EDGE_CURVE('',#15396,#15372,#15398,.T.);
#15396 = VERTEX_POINT('',#15397);
#15397 = CARTESIAN_POINT('',(201.,9.,60.));
#15398 = SURFACE_CURVE('',#15399,(#15403,#15410),.PCURVE_S1.);
#15399 = LINE('',#15400,#15401);
#15400 = CARTESIAN_POINT('',(201.,3.,60.));
#15401 = VECTOR('',#15402,1.);
#15402 = DIRECTION('',(-0.,1.,0.));
#15403 = PCURVE('',#13927,#15404);
#15404 = DEFINITIONAL_REPRESENTATION('',(#15405),#15409);
#15405 = LINE('',#15406,#15407);
#15406 = CARTESIAN_POINT('',(100.,3.));
#15407 = VECTOR('',#15408,1.);
#15408 = DIRECTION('',(0.,1.));
#15409 = ( GEOMETRIC_REPRESENTATION_CONTEXT(2) 
PARAMETRIC_REPRESENTATION_CONTEXT() REPRESENTATION_CONTEXT('2D SPACE',''
  ) );
#15410 = PCURVE('',#15411,#15416);
#15411 = PLANE('',#15412);
#15412 = AXIS2_PLACEMENT_3D('',#15413,#15414,#15415);
#15413 = CARTESIAN_POINT('',(201.,6.,4.));
#15414 = DIRECTION('',(1.,0.,-0.));
#15415 = DIRECTION('',(0.,0.,1.));
#15416 = DEFINITIONAL_REPRESENTATION('',(#15417),#15421);
#15417 = LINE('',#15418,#15419);
#15418 = CARTESIAN_POINT('',(56.,3.));
#15419 = VECTOR('',#15420,1.);
#15420 = DIRECTION('',(0.,-1.));
#15421 = ( GEOMETRIC_REPRESENTATION_CONTEXT(2) 
PARAMETRIC_REPRESENTATION_CONTEXT() REPRESENTATION_CONTEXT('2D SPACE',''
  ) );
#15422 = ORIENTED_EDGE('',*,*,#15423,.F.);
#15423 = EDGE_CURVE('',#15424,#15396,#15426,.T.);
#15424 = VERTEX_POINT('',#15425);
#15425 = CARTESIAN_POINT('',(198.,6.,60.));
#15426 = SURFACE_CURVE('',#15427,(#15432,#15439),.PCURVE_S1.);
#15427 = CIRCLE('',#15428,3.);
#15428 = AXIS2_PLACEMENT_3D('',#15429,#15430,#15431);
#15429 = CARTESIAN_POINT('',(198.,9.,60.));
#15430 = DIRECTION('',(0.,0.,1.));
#15431 = DIRECTION('',(1.,0.,-0.));
#15432 = PCURVE('',#13927,#15433);
#15433 = DEFINITIONAL_REPRESENTATION('',(#15434),#15438);
#15434 = CIRCLE('',#15435,3.);
#15435 = AXIS2_PLACEMENT_2D('',#15436,#15437);
#15436 = CARTESIAN_POINT('',(97.,9.));
#15437 = DIRECTION('',(1.,0.));
#15438 = ( GEOMETRIC_REPRESENTATION_CONTEXT(2) 
PARAMETRIC_REPRESENTATION_CONTEXT() REPRESENTATION_CONTEXT('2D SPACE',''
  ) );
#15439 = PCURVE('',#15440,#15445);
#15440 = CYLINDRICAL_SURFACE('',#15441,3.);
#15441 = AXIS2_PLACEMENT_3D('',#15442,#15443,#15444);
#15442 = CARTESIAN_POINT('',(198.,9.,4.));
#15443 = DIRECTION('',(0.,0.,1.));
#15444 = DIRECTION('',(1.,0.,-0.));
#15445 = DEFINITIONAL_REPRESENTATION('',(#15446),#15450);
#15446 = LINE('',#15447,#15448);
#15447 = CARTESIAN_POINT('',(-4.138911435803E-13,56.));
#15448 = VECTOR('',#15449,1.);
#15449 = DIRECTION('',(1.,-0.));
#15450 = ( GEOMETRIC_REPRESENTATION_CONTEXT(2) 
PARAMETRIC_REPRESENTATION_CONTEXT() REPRESENTATION_CONTEXT('2D SPACE',''
  ) );
#15451 = ORIENTED_EDGE('',*,*,#15452,.T.);
#15452 = EDGE_CURVE('',#15424,#15453,#15455,.T.);
#15453 = VERTEX_POINT('',#15454);
#15454 = CARTESIAN_POINT('',(110.,6.,60.));
#15455 = SURFACE_CURVE('',#15456,(#15460,#15467),.PCURVE_S1.);
#15456 = LINE('',#15457,#15458);
#15457 = CARTESIAN_POINT('',(104.,6.,60.));
#15458 = VECTOR('',#15459,1.);
#15459 = DIRECTION('',(-1.,-0.,0.));
#15460 = PCURVE('',#13927,#15461);
#15461 = DEFINITIONAL_REPRESENTATION('',(#15462),#15466);
#15462 = LINE('',#15463,#15464);
#15463 = CARTESIAN_POINT('',(3.,6.));
#15464 = VECTOR('',#15465,1.);
#15465 = DIRECTION('',(-1.,0.));
#15466 = ( GEOMETRIC_REPRESENTATION_CONTEXT(2) 
PARAMETRIC_REPRESENTATION_CONTEXT() REPRESENTATION_CONTEXT('2D SPACE',''
  ) );
#15467 = PCURVE('',#15468,#15473);
#15468 = PLANE('',#15469);
#15469 = AXIS2_PLACEMENT_3D('',#15470,#15471,#15472);
#15470 = CARTESIAN_POINT('',(107.,6.,4.));
#15471 = DIRECTION('',(-0.,1.,0.));
#15472 = DIRECTION('',(0.,0.,1.));
#15473 = DEFINITIONAL_REPRESENTATION('',(#15474),#15478);
#15474 = LINE('',#15475,#15476);
#15475 = CARTESIAN_POINT('',(56.,-3.));
#15476 = VECTOR('',#15477,1.);
#15477 = DIRECTION('',(0.,-1.));
#15478 = ( GEOMETRIC_REPRESENTATION_CONTEXT(2) 
PARAMETRIC_REPRESENTATION_CONTEXT() REPRESENTATION_CONTEXT('2D SPACE',''
  ) );
#15479 = ORIENTED_EDGE('',*,*,#15480,.F.);
#15480 = EDGE_CURVE('',#15027,#15453,#15481,.T.);
#15481 = SURFACE_CURVE('',#15482,(#15487,#15494),.PCURVE_S1.);
#15482 = CIRCLE('',#15483,3.);
#15483 = AXIS2_PLACEMENT_3D('',#15484,#15485,#15486);
#15484 = CARTESIAN_POINT('',(110.,9.,60.));
#15485 = DIRECTION('',(0.,0.,1.));
#15486 = DIRECTION('',(-1.,-0.,0.));
#15487 = PCURVE('',#13927,#15488);
#15488 = DEFINITIONAL_REPRESENTATION('',(#15489),#15493);
#15489 = CIRCLE('',#15490,3.);
#15490 = AXIS2_PLACEMENT_2D('',#15491,#15492);
#15491 = CARTESIAN_POINT('',(9.,9.));
#15492 = DIRECTION('',(-1.,0.));
#15493 = ( GEOMETRIC_REPRESENTATION_CONTEXT(2) 
PARAMETRIC_REPRESENTATION_CONTEXT() REPRESENTATION_CONTEXT('2D SPACE',''
  ) );
#15494 = PCURVE('',#15065,#15495);
#15495 = DEFINITIONAL_REPRESENTATION('',(#15496),#15500);
#15496 = LINE('',#15497,#15498);
#15497 = CARTESIAN_POINT('',(0.,56.));
#15498 = VECTOR('',#15499,1.);
#15499 = DIRECTION('',(1.,0.));
#15500 = ( GEOMETRIC_REPRESENTATION_CONTEXT(2) 
PARAMETRIC_REPRESENTATION_CONTEXT() REPRESENTATION_CONTEXT('2D SPACE',''
  ) );
#15501 = ORIENTED_EDGE('',*,*,#15026,.T.);
#15502 = ORIENTED_EDGE('',*,*,#14689,.T.);
#15503 = ADVANCED_FACE('',(#15504),#13955,.F.);
#15504 = FACE_BOUND('',#15505,.F.);
#15505 = EDGE_LOOP('',(#15506,#15529,#15551,#15552));
#15506 = ORIENTED_EDGE('',*,*,#15507,.F.);
#15507 = EDGE_CURVE('',#15508,#15372,#15510,.T.);
#15508 = VERTEX_POINT('',#15509);
#15509 = CARTESIAN_POINT('',(201.,91.,4.));
#15510 = SURFACE_CURVE('',#15511,(#15515,#15522),.PCURVE_S1.);
#15511 = LINE('',#15512,#15513);
#15512 = CARTESIAN_POINT('',(201.,91.,4.));
#15513 = VECTOR('',#15514,1.);
#15514 = DIRECTION('',(0.,0.,1.));
#15515 = PCURVE('',#13955,#15516);
#15516 = DEFINITIONAL_REPRESENTATION('',(#15517),#15521);
#15517 = LINE('',#15518,#15519);
#15518 = CARTESIAN_POINT('',(0.,0.));
#15519 = VECTOR('',#15520,1.);
#15520 = DIRECTION('',(0.,1.));
#15521 = ( GEOMETRIC_REPRESENTATION_CONTEXT(2) 
PARAMETRIC_REPRESENTATION_CONTEXT() REPRESENTATION_CONTEXT('2D SPACE',''
  ) );
#15522 = PCURVE('',#15411,#15523);
#15523 = DEFINITIONAL_REPRESENTATION('',(#15524),#15528);
#15524 = LINE('',#15525,#15526);
#15525 = CARTESIAN_POINT('',(0.,-85.));
#15526 = VECTOR('',#15527,1.);
#15527 = DIRECTION('',(1.,0.));
#15528 = ( GEOMETRIC_REPRESENTATION_CONTEXT(2) 
PARAMETRIC_REPRESENTATION_CONTEXT() REPRESENTATION_CONTEXT('2D SPACE',''
  ) );
#15529 = ORIENTED_EDGE('',*,*,#15530,.T.);
#15530 = EDGE_CURVE('',#15508,#13940,#15531,.T.);
#15531 = SURFACE_CURVE('',#15532,(#15537,#15544),.PCURVE_S1.);
#15532 = CIRCLE('',#15533,3.);
#15533 = AXIS2_PLACEMENT_3D('',#15534,#15535,#15536);
#15534 = CARTESIAN_POINT('',(198.,91.,4.));
#15535 = DIRECTION('',(0.,0.,1.));
#15536 = DIRECTION('',(0.,-1.,0.));
#15537 = PCURVE('',#13955,#15538);
#15538 = DEFINITIONAL_REPRESENTATION('',(#15539),#15543);
#15539 = LINE('',#15540,#15541);
#15540 = CARTESIAN_POINT('',(-1.570796326795,0.));
#15541 = VECTOR('',#15542,1.);
#15542 = DIRECTION('',(1.,0.));
#15543 = ( GEOMETRIC_REPRESENTATION_CONTEXT(2) 
PARAMETRIC_REPRESENTATION_CONTEXT() REPRESENTATION_CONTEXT('2D SPACE',''
  ) );
#15544 = PCURVE('',#13983,#15545);
#15545 = DEFINITIONAL_REPRESENTATION('',(#15546),#15550);
#15546 = CIRCLE('',#15547,3.);
#15547 = AXIS2_PLACEMENT_2D('',#15548,#15549);
#15548 = CARTESIAN_POINT('',(91.,85.));
#15549 = DIRECTION('',(0.,-1.));
#15550 = ( GEOMETRIC_REPRESENTATION_CONTEXT(2) 
PARAMETRIC_REPRESENTATION_CONTEXT() REPRESENTATION_CONTEXT('2D SPACE',''
  ) );
#15551 = ORIENTED_EDGE('',*,*,#13939,.T.);
#15552 = ORIENTED_EDGE('',*,*,#15371,.F.);
#15553 = ADVANCED_FACE('',(#15554),#13983,.T.);
#15554 = FACE_BOUND('',#15555,.T.);
#15555 = EDGE_LOOP('',(#15556,#15557,#15581,#15604,#15632,#15653,#15654,
    #15655,#15656));
#15556 = ORIENTED_EDGE('',*,*,#15077,.F.);
#15557 = ORIENTED_EDGE('',*,*,#15558,.T.);
#15558 = EDGE_CURVE('',#15050,#15559,#15561,.T.);
#15559 = VERTEX_POINT('',#15560);
#15560 = CARTESIAN_POINT('',(110.,6.,4.));
#15561 = SURFACE_CURVE('',#15562,(#15567,#15574),.PCURVE_S1.);
#15562 = CIRCLE('',#15563,3.);
#15563 = AXIS2_PLACEMENT_3D('',#15564,#15565,#15566);
#15564 = CARTESIAN_POINT('',(110.,9.,4.));
#15565 = DIRECTION('',(0.,0.,1.));
#15566 = DIRECTION('',(0.,-1.,0.));
#15567 = PCURVE('',#13983,#15568);
#15568 = DEFINITIONAL_REPRESENTATION('',(#15569),#15573);
#15569 = CIRCLE('',#15570,3.);
#15570 = AXIS2_PLACEMENT_2D('',#15571,#15572);
#15571 = CARTESIAN_POINT('',(3.,3.));
#15572 = DIRECTION('',(0.,-1.));
#15573 = ( GEOMETRIC_REPRESENTATION_CONTEXT(2) 
PARAMETRIC_REPRESENTATION_CONTEXT() REPRESENTATION_CONTEXT('2D SPACE',''
  ) );
#15574 = PCURVE('',#15065,#15575);
#15575 = DEFINITIONAL_REPRESENTATION('',(#15576),#15580);
#15576 = LINE('',#15577,#15578);
#15577 = CARTESIAN_POINT('',(-4.712388980385,0.));
#15578 = VECTOR('',#15579,1.);
#15579 = DIRECTION('',(1.,0.));
#15580 = ( GEOMETRIC_REPRESENTATION_CONTEXT(2) 
PARAMETRIC_REPRESENTATION_CONTEXT() REPRESENTATION_CONTEXT('2D SPACE',''
  ) );
#15581 = ORIENTED_EDGE('',*,*,#15582,.T.);
#15582 = EDGE_CURVE('',#15559,#15583,#15585,.T.);
#15583 = VERTEX_POINT('',#15584);
#15584 = CARTESIAN_POINT('',(198.,6.,4.));
#15585 = SURFACE_CURVE('',#15586,(#15590,#15597),.PCURVE_S1.);
#15586 = LINE('',#15587,#15588);
#15587 = CARTESIAN_POINT('',(107.,6.,4.));
#15588 = VECTOR('',#15589,1.);
#15589 = DIRECTION('',(1.,0.,-0.));
#15590 = PCURVE('',#13983,#15591);
#15591 = DEFINITIONAL_REPRESENTATION('',(#15592),#15596);
#15592 = LINE('',#15593,#15594);
#15593 = CARTESIAN_POINT('',(0.,0.));
#15594 = VECTOR('',#15595,1.);
#15595 = DIRECTION('',(1.,0.));
#15596 = ( GEOMETRIC_REPRESENTATION_CONTEXT(2) 
PARAMETRIC_REPRESENTATION_CONTEXT() REPRESENTATION_CONTEXT('2D SPACE',''
  ) );
#15597 = PCURVE('',#15468,#15598);
#15598 = DEFINITIONAL_REPRESENTATION('',(#15599),#15603);
#15599 = LINE('',#15600,#15601);
#15600 = CARTESIAN_POINT('',(0.,0.));
#15601 = VECTOR('',#15602,1.);
#15602 = DIRECTION('',(0.,1.));
#15603 = ( GEOMETRIC_REPRESENTATION_CONTEXT(2) 
PARAMETRIC_REPRESENTATION_CONTEXT() REPRESENTATION_CONTEXT('2D SPACE',''
  ) );
#15604 = ORIENTED_EDGE('',*,*,#15605,.F.);
#15605 = EDGE_CURVE('',#15606,#15583,#15608,.T.);
#15606 = VERTEX_POINT('',#15607);
#15607 = CARTESIAN_POINT('',(201.,9.,4.));
#15608 = SURFACE_CURVE('',#15609,(#15614,#15625),.PCURVE_S1.);
#15609 = CIRCLE('',#15610,3.);
#15610 = AXIS2_PLACEMENT_3D('',#15611,#15612,#15613);
#15611 = CARTESIAN_POINT('',(198.,9.,4.));
#15612 = DIRECTION('',(-0.,-0.,-1.));
#15613 = DIRECTION('',(0.,-1.,0.));
#15614 = PCURVE('',#13983,#15615);
#15615 = DEFINITIONAL_REPRESENTATION('',(#15616),#15624);
#15616 = ( BOUNDED_CURVE() B_SPLINE_CURVE(2,(#15617,#15618,#15619,#15620
    ,#15621,#15622,#15623),.UNSPECIFIED.,.T.,.F.) 
B_SPLINE_CURVE_WITH_KNOTS((1,2,2,2,2,1),(-2.094395102393,0.,
    2.094395102393,4.188790204786,6.28318530718,8.377580409573),
.UNSPECIFIED.) CURVE() GEOMETRIC_REPRESENTATION_ITEM() 
RATIONAL_B_SPLINE_CURVE((1.,0.5,1.,0.5,1.,0.5,1.)) REPRESENTATION_ITEM(
  '') );
#15617 = CARTESIAN_POINT('',(91.,0.));
#15618 = CARTESIAN_POINT('',(85.803847577293,0.));
#15619 = CARTESIAN_POINT('',(88.401923788647,4.5));
#15620 = CARTESIAN_POINT('',(91.,9.));
#15621 = CARTESIAN_POINT('',(93.598076211353,4.5));
#15622 = CARTESIAN_POINT('',(96.196152422707,4.440892098501E-15));
#15623 = CARTESIAN_POINT('',(91.,0.));
#15624 = ( GEOMETRIC_REPRESENTATION_CONTEXT(2) 
PARAMETRIC_REPRESENTATION_CONTEXT() REPRESENTATION_CONTEXT('2D SPACE',''
  ) );
#15625 = PCURVE('',#15440,#15626);
#15626 = DEFINITIONAL_REPRESENTATION('',(#15627),#15631);
#15627 = LINE('',#15628,#15629);
#15628 = CARTESIAN_POINT('',(10.995574287565,0.));
#15629 = VECTOR('',#15630,1.);
#15630 = DIRECTION('',(-1.,0.));
#15631 = ( GEOMETRIC_REPRESENTATION_CONTEXT(2) 
PARAMETRIC_REPRESENTATION_CONTEXT() REPRESENTATION_CONTEXT('2D SPACE',''
  ) );
#15632 = ORIENTED_EDGE('',*,*,#15633,.T.);
#15633 = EDGE_CURVE('',#15606,#15508,#15634,.T.);
#15634 = SURFACE_CURVE('',#15635,(#15639,#15646),.PCURVE_S1.);
#15635 = LINE('',#15636,#15637);
#15636 = CARTESIAN_POINT('',(201.,6.,4.));
#15637 = VECTOR('',#15638,1.);
#15638 = DIRECTION('',(-0.,1.,0.));
#15639 = PCURVE('',#13983,#15640);
#15640 = DEFINITIONAL_REPRESENTATION('',(#15641),#15645);
#15641 = LINE('',#15642,#15643);
#15642 = CARTESIAN_POINT('',(94.,0.));
#15643 = VECTOR('',#15644,1.);
#15644 = DIRECTION('',(0.,1.));
#15645 = ( GEOMETRIC_REPRESENTATION_CONTEXT(2) 
PARAMETRIC_REPRESENTATION_CONTEXT() REPRESENTATION_CONTEXT('2D SPACE',''
  ) );
#15646 = PCURVE('',#15411,#15647);
#15647 = DEFINITIONAL_REPRESENTATION('',(#15648),#15652);
#15648 = LINE('',#15649,#15650);
#15649 = CARTESIAN_POINT('',(0.,0.));
#15650 = VECTOR('',#15651,1.);
#15651 = DIRECTION('',(0.,-1.));
#15652 = ( GEOMETRIC_REPRESENTATION_CONTEXT(2) 
PARAMETRIC_REPRESENTATION_CONTEXT() REPRESENTATION_CONTEXT('2D SPACE',''
  ) );
#15653 = ORIENTED_EDGE('',*,*,#15530,.T.);
#15654 = ORIENTED_EDGE('',*,*,#13967,.F.);
#15655 = ORIENTED_EDGE('',*,*,#14143,.F.);
#15656 = ORIENTED_EDGE('',*,*,#15002,.T.);
#15657 = ADVANCED_FACE('',(#15658),#14848,.T.);
#15658 = FACE_BOUND('',#15659,.T.);
#15659 = EDGE_LOOP('',(#15660,#15688,#15689,#15690));
#15660 = ORIENTED_EDGE('',*,*,#15661,.T.);
#15661 = EDGE_CURVE('',#15662,#14833,#15664,.T.);
#15662 = VERTEX_POINT('',#15663);
#15663 = CARTESIAN_POINT('',(129.,91.,128.));
#15664 = SURFACE_CURVE('',#15665,(#15670,#15677),.PCURVE_S1.);
#15665 = CIRCLE('',#15666,4.);
#15666 = AXIS2_PLACEMENT_3D('',#15667,#15668,#15669);
#15667 = CARTESIAN_POINT('',(125.,91.,128.));
#15668 = DIRECTION('',(0.,0.,-1.));
#15669 = DIRECTION('',(1.,0.,0.));
#15670 = PCURVE('',#14848,#15671);
#15671 = DEFINITIONAL_REPRESENTATION('',(#15672),#15676);
#15672 = LINE('',#15673,#15674);
#15673 = CARTESIAN_POINT('',(6.28318530718,1.570796326795));
#15674 = VECTOR('',#15675,1.);
#15675 = DIRECTION('',(-1.,0.));
#15676 = ( GEOMETRIC_REPRESENTATION_CONTEXT(2) 
PARAMETRIC_REPRESENTATION_CONTEXT() REPRESENTATION_CONTEXT('2D SPACE',''
  ) );
#15677 = PCURVE('',#14873,#15678);
#15678 = DEFINITIONAL_REPRESENTATION('',(#15679),#15687);
#15679 = ( BOUNDED_CURVE() B_SPLINE_CURVE(2,(#15680,#15681,#15682,#15683
    ,#15684,#15685,#15686),.UNSPECIFIED.,.T.,.F.) 
B_SPLINE_CURVE_WITH_KNOTS((1,2,2,2,2,1),(-2.094395102393,0.,
    2.094395102393,4.188790204786,6.28318530718,8.377580409573),
.UNSPECIFIED.) CURVE() GEOMETRIC_REPRESENTATION_ITEM() 
RATIONAL_B_SPLINE_CURVE((1.,0.5,1.,0.5,1.,0.5,1.)) REPRESENTATION_ITEM(
  '') );
#15680 = CARTESIAN_POINT('',(35.,7.));
#15681 = CARTESIAN_POINT('',(35.,7.179676972449E-02));
#15682 = CARTESIAN_POINT('',(29.,3.535898384862));
#15683 = CARTESIAN_POINT('',(23.,7.));
#15684 = CARTESIAN_POINT('',(29.,10.464101615138));
#15685 = CARTESIAN_POINT('',(35.,13.928203230276));
#15686 = CARTESIAN_POINT('',(35.,7.));
#15687 = ( GEOMETRIC_REPRESENTATION_CONTEXT(2) 
PARAMETRIC_REPRESENTATION_CONTEXT() REPRESENTATION_CONTEXT('2D SPACE',''
  ) );
#15688 = ORIENTED_EDGE('',*,*,#14832,.F.);
#15689 = ORIENTED_EDGE('',*,*,#15129,.F.);
#15690 = ORIENTED_EDGE('',*,*,#15691,.T.);
#15691 = EDGE_CURVE('',#15107,#15662,#15692,.T.);
#15692 = SURFACE_CURVE('',#15693,(#15698,#15704),.PCURVE_S1.);
#15693 = CIRCLE('',#15694,3.);
#15694 = AXIS2_PLACEMENT_3D('',#15695,#15696,#15697);
#15695 = CARTESIAN_POINT('',(129.,91.,125.));
#15696 = DIRECTION('',(0.,-1.,-0.));
#15697 = DIRECTION('',(1.,0.,0.));
#15698 = PCURVE('',#14848,#15699);
#15699 = DEFINITIONAL_REPRESENTATION('',(#15700),#15703);
#15700 = B_SPLINE_CURVE_WITH_KNOTS('',1,(#15701,#15702),.UNSPECIFIED.,
  .F.,.F.,(2,2),(0.,1.570796326795),.PIECEWISE_BEZIER_KNOTS.);
#15701 = CARTESIAN_POINT('',(6.28318530718,0.));
#15702 = CARTESIAN_POINT('',(6.28318530718,1.570796326795));
#15703 = ( GEOMETRIC_REPRESENTATION_CONTEXT(2) 
PARAMETRIC_REPRESENTATION_CONTEXT() REPRESENTATION_CONTEXT('2D SPACE',''
  ) );
#15704 = PCURVE('',#15193,#15705);
#15705 = DEFINITIONAL_REPRESENTATION('',(#15706),#15709);
#15706 = B_SPLINE_CURVE_WITH_KNOTS('',1,(#15707,#15708),.UNSPECIFIED.,
  .F.,.F.,(2,2),(0.,1.570796326795),.PIECEWISE_BEZIER_KNOTS.);
#15707 = CARTESIAN_POINT('',(0.,2.));
#15708 = CARTESIAN_POINT('',(1.570796326795,2.));
#15709 = ( GEOMETRIC_REPRESENTATION_CONTEXT(2) 
PARAMETRIC_REPRESENTATION_CONTEXT() REPRESENTATION_CONTEXT('2D SPACE',''
  ) );
#15710 = ADVANCED_FACE('',(#15711),#14873,.T.);
#15711 = FACE_BOUND('',#15712,.T.);
#15712 = EDGE_LOOP('',(#15713,#15714,#15715,#15716,#15739,#15765,#15766)
  );
#15713 = ORIENTED_EDGE('',*,*,#15282,.F.);
#15714 = ORIENTED_EDGE('',*,*,#14859,.F.);
#15715 = ORIENTED_EDGE('',*,*,#15661,.F.);
#15716 = ORIENTED_EDGE('',*,*,#15717,.F.);
#15717 = EDGE_CURVE('',#15718,#15662,#15720,.T.);
#15718 = VERTEX_POINT('',#15719);
#15719 = CARTESIAN_POINT('',(129.,93.,128.));
#15720 = SURFACE_CURVE('',#15721,(#15725,#15732),.PCURVE_S1.);
#15721 = LINE('',#15722,#15723);
#15722 = CARTESIAN_POINT('',(129.,93.,128.));
#15723 = VECTOR('',#15724,1.);
#15724 = DIRECTION('',(0.,-1.,-0.));
#15725 = PCURVE('',#14873,#15726);
#15726 = DEFINITIONAL_REPRESENTATION('',(#15727),#15731);
#15727 = LINE('',#15728,#15729);
#15728 = CARTESIAN_POINT('',(35.,9.));
#15729 = VECTOR('',#15730,1.);
#15730 = DIRECTION('',(0.,-1.));
#15731 = ( GEOMETRIC_REPRESENTATION_CONTEXT(2) 
PARAMETRIC_REPRESENTATION_CONTEXT() REPRESENTATION_CONTEXT('2D SPACE',''
  ) );
#15732 = PCURVE('',#15193,#15733);
#15733 = DEFINITIONAL_REPRESENTATION('',(#15734),#15738);
#15734 = LINE('',#15735,#15736);
#15735 = CARTESIAN_POINT('',(1.570796326795,0.));
#15736 = VECTOR('',#15737,1.);
#15737 = DIRECTION('',(0.,1.));
#15738 = ( GEOMETRIC_REPRESENTATION_CONTEXT(2) 
PARAMETRIC_REPRESENTATION_CONTEXT() REPRESENTATION_CONTEXT('2D SPACE',''
  ) );
#15739 = ORIENTED_EDGE('',*,*,#15740,.F.);
#15740 = EDGE_CURVE('',#14894,#15718,#15741,.T.);
#15741 = SURFACE_CURVE('',#15742,(#15747,#15758),.PCURVE_S1.);
#15742 = CIRCLE('',#15743,4.);
#15743 = AXIS2_PLACEMENT_3D('',#15744,#15745,#15746);
#15744 = CARTESIAN_POINT('',(125.,93.,128.));
#15745 = DIRECTION('',(0.,0.,-1.));
#15746 = DIRECTION('',(0.,1.,0.));
#15747 = PCURVE('',#14873,#15748);
#15748 = DEFINITIONAL_REPRESENTATION('',(#15749),#15757);
#15749 = ( BOUNDED_CURVE() B_SPLINE_CURVE(2,(#15750,#15751,#15752,#15753
    ,#15754,#15755,#15756),.UNSPECIFIED.,.T.,.F.) 
B_SPLINE_CURVE_WITH_KNOTS((1,2,2,2,2,1),(-2.094395102393,0.,
    2.094395102393,4.188790204786,6.28318530718,8.377580409573),
.UNSPECIFIED.) CURVE() GEOMETRIC_REPRESENTATION_ITEM() 
RATIONAL_B_SPLINE_CURVE((1.,0.5,1.,0.5,1.,0.5,1.)) REPRESENTATION_ITEM(
  '') );
#15750 = CARTESIAN_POINT('',(31.,13.));
#15751 = CARTESIAN_POINT('',(37.928203230276,13.));
#15752 = CARTESIAN_POINT('',(34.464101615138,7.));
#15753 = CARTESIAN_POINT('',(31.,1.));
#15754 = CARTESIAN_POINT('',(27.535898384862,7.));
#15755 = CARTESIAN_POINT('',(24.071796769724,13.));
#15756 = CARTESIAN_POINT('',(31.,13.));
#15757 = ( GEOMETRIC_REPRESENTATION_CONTEXT(2) 
PARAMETRIC_REPRESENTATION_CONTEXT() REPRESENTATION_CONTEXT('2D SPACE',''
  ) );
#15758 = PCURVE('',#14930,#15759);
#15759 = DEFINITIONAL_REPRESENTATION('',(#15760),#15764);
#15760 = LINE('',#15761,#15762);
#15761 = CARTESIAN_POINT('',(6.28318530718,1.570796326795));
#15762 = VECTOR('',#15763,1.);
#15763 = DIRECTION('',(-1.,0.));
#15764 = ( GEOMETRIC_REPRESENTATION_CONTEXT(2) 
PARAMETRIC_REPRESENTATION_CONTEXT() REPRESENTATION_CONTEXT('2D SPACE',''
  ) );
#15765 = ORIENTED_EDGE('',*,*,#14893,.F.);
#15766 = ORIENTED_EDGE('',*,*,#15305,.F.);
#15767 = ADVANCED_FACE('',(#15768),#14930,.T.);
#15768 = FACE_BOUND('',#15769,.T.);
#15769 = EDGE_LOOP('',(#15770,#15771,#15791,#15792));
#15770 = ORIENTED_EDGE('',*,*,#15740,.T.);
#15771 = ORIENTED_EDGE('',*,*,#15772,.F.);
#15772 = EDGE_CURVE('',#15157,#15718,#15773,.T.);
#15773 = SURFACE_CURVE('',#15774,(#15779,#15785),.PCURVE_S1.);
#15774 = CIRCLE('',#15775,3.);
#15775 = AXIS2_PLACEMENT_3D('',#15776,#15777,#15778);
#15776 = CARTESIAN_POINT('',(129.,93.,125.));
#15777 = DIRECTION('',(6.123233995737E-17,-1.,0.));
#15778 = DIRECTION('',(1.,6.123233995737E-17,0.));
#15779 = PCURVE('',#14930,#15780);
#15780 = DEFINITIONAL_REPRESENTATION('',(#15781),#15784);
#15781 = B_SPLINE_CURVE_WITH_KNOTS('',1,(#15782,#15783),.UNSPECIFIED.,
  .F.,.F.,(2,2),(0.,1.570796326795),.PIECEWISE_BEZIER_KNOTS.);
#15782 = CARTESIAN_POINT('',(4.712388980385,0.));
#15783 = CARTESIAN_POINT('',(4.712388980385,1.570796326795));
#15784 = ( GEOMETRIC_REPRESENTATION_CONTEXT(2) 
PARAMETRIC_REPRESENTATION_CONTEXT() REPRESENTATION_CONTEXT('2D SPACE',''
  ) );
#15785 = PCURVE('',#15193,#15786);
#15786 = DEFINITIONAL_REPRESENTATION('',(#15787),#15790);
#15787 = B_SPLINE_CURVE_WITH_KNOTS('',1,(#15788,#15789),.UNSPECIFIED.,
  .F.,.F.,(2,2),(0.,1.570796326795),.PIECEWISE_BEZIER_KNOTS.);
#15788 = CARTESIAN_POINT('',(0.,0.));
#15789 = CARTESIAN_POINT('',(1.570796326795,0.));
#15790 = ( GEOMETRIC_REPRESENTATION_CONTEXT(2) 
PARAMETRIC_REPRESENTATION_CONTEXT() REPRESENTATION_CONTEXT('2D SPACE',''
  ) );
#15791 = ORIENTED_EDGE('',*,*,#15209,.F.);
#15792 = ORIENTED_EDGE('',*,*,#14916,.T.);
#15793 = ADVANCED_FACE('',(#15794),#15065,.F.);
#15794 = FACE_BOUND('',#15795,.F.);
#15795 = EDGE_LOOP('',(#15796,#15797,#15798,#15819));
#15796 = ORIENTED_EDGE('',*,*,#15049,.T.);
#15797 = ORIENTED_EDGE('',*,*,#15558,.T.);
#15798 = ORIENTED_EDGE('',*,*,#15799,.T.);
#15799 = EDGE_CURVE('',#15559,#15453,#15800,.T.);
#15800 = SURFACE_CURVE('',#15801,(#15805,#15812),.PCURVE_S1.);
#15801 = LINE('',#15802,#15803);
#15802 = CARTESIAN_POINT('',(110.,6.,4.));
#15803 = VECTOR('',#15804,1.);
#15804 = DIRECTION('',(0.,0.,1.));
#15805 = PCURVE('',#15065,#15806);
#15806 = DEFINITIONAL_REPRESENTATION('',(#15807),#15811);
#15807 = LINE('',#15808,#15809);
#15808 = CARTESIAN_POINT('',(1.570796326795,0.));
#15809 = VECTOR('',#15810,1.);
#15810 = DIRECTION('',(0.,1.));
#15811 = ( GEOMETRIC_REPRESENTATION_CONTEXT(2) 
PARAMETRIC_REPRESENTATION_CONTEXT() REPRESENTATION_CONTEXT('2D SPACE',''
  ) );
#15812 = PCURVE('',#15468,#15813);
#15813 = DEFINITIONAL_REPRESENTATION('',(#15814),#15818);
#15814 = LINE('',#15815,#15816);
#15815 = CARTESIAN_POINT('',(0.,3.));
#15816 = VECTOR('',#15817,1.);
#15817 = DIRECTION('',(1.,0.));
#15818 = ( GEOMETRIC_REPRESENTATION_CONTEXT(2) 
PARAMETRIC_REPRESENTATION_CONTEXT() REPRESENTATION_CONTEXT('2D SPACE',''
  ) );
#15819 = ORIENTED_EDGE('',*,*,#15480,.F.);
#15820 = ADVANCED_FACE('',(#15821),#15193,.T.);
#15821 = FACE_BOUND('',#15822,.T.);
#15822 = EDGE_LOOP('',(#15823,#15824,#15825,#15826));
#15823 = ORIENTED_EDGE('',*,*,#15772,.T.);
#15824 = ORIENTED_EDGE('',*,*,#15717,.T.);
#15825 = ORIENTED_EDGE('',*,*,#15691,.F.);
#15826 = ORIENTED_EDGE('',*,*,#15179,.F.);
#15827 = ADVANCED_FACE('',(#15828),#15411,.F.);
#15828 = FACE_BOUND('',#15829,.F.);
#15829 = EDGE_LOOP('',(#15830,#15831,#15852,#15853));
#15830 = ORIENTED_EDGE('',*,*,#15395,.F.);
#15831 = ORIENTED_EDGE('',*,*,#15832,.F.);
#15832 = EDGE_CURVE('',#15606,#15396,#15833,.T.);
#15833 = SURFACE_CURVE('',#15834,(#15838,#15845),.PCURVE_S1.);
#15834 = LINE('',#15835,#15836);
#15835 = CARTESIAN_POINT('',(201.,9.,4.));
#15836 = VECTOR('',#15837,1.);
#15837 = DIRECTION('',(0.,0.,1.));
#15838 = PCURVE('',#15411,#15839);
#15839 = DEFINITIONAL_REPRESENTATION('',(#15840),#15844);
#15840 = LINE('',#15841,#15842);
#15841 = CARTESIAN_POINT('',(0.,-3.));
#15842 = VECTOR('',#15843,1.);
#15843 = DIRECTION('',(1.,0.));
#15844 = ( GEOMETRIC_REPRESENTATION_CONTEXT(2) 
PARAMETRIC_REPRESENTATION_CONTEXT() REPRESENTATION_CONTEXT('2D SPACE',''
  ) );
#15845 = PCURVE('',#15440,#15846);
#15846 = DEFINITIONAL_REPRESENTATION('',(#15847),#15851);
#15847 = LINE('',#15848,#15849);
#15848 = CARTESIAN_POINT('',(6.28318530718,0.));
#15849 = VECTOR('',#15850,1.);
#15850 = DIRECTION('',(-0.,1.));
#15851 = ( GEOMETRIC_REPRESENTATION_CONTEXT(2) 
PARAMETRIC_REPRESENTATION_CONTEXT() REPRESENTATION_CONTEXT('2D SPACE',''
  ) );
#15852 = ORIENTED_EDGE('',*,*,#15633,.T.);
#15853 = ORIENTED_EDGE('',*,*,#15507,.T.);
#15854 = ADVANCED_FACE('',(#15855),#15440,.F.);
#15855 = FACE_BOUND('',#15856,.F.);
#15856 = EDGE_LOOP('',(#15857,#15858,#15879,#15880));
#15857 = ORIENTED_EDGE('',*,*,#15423,.F.);
#15858 = ORIENTED_EDGE('',*,*,#15859,.F.);
#15859 = EDGE_CURVE('',#15583,#15424,#15860,.T.);
#15860 = SURFACE_CURVE('',#15861,(#15865,#15872),.PCURVE_S1.);
#15861 = LINE('',#15862,#15863);
#15862 = CARTESIAN_POINT('',(198.,6.,4.));
#15863 = VECTOR('',#15864,1.);
#15864 = DIRECTION('',(0.,0.,1.));
#15865 = PCURVE('',#15440,#15866);
#15866 = DEFINITIONAL_REPRESENTATION('',(#15867),#15871);
#15867 = LINE('',#15868,#15869);
#15868 = CARTESIAN_POINT('',(4.712388980385,0.));
#15869 = VECTOR('',#15870,1.);
#15870 = DIRECTION('',(-0.,1.));
#15871 = ( GEOMETRIC_REPRESENTATION_CONTEXT(2) 
PARAMETRIC_REPRESENTATION_CONTEXT() REPRESENTATION_CONTEXT('2D SPACE',''
  ) );
#15872 = PCURVE('',#15468,#15873);
#15873 = DEFINITIONAL_REPRESENTATION('',(#15874),#15878);
#15874 = LINE('',#15875,#15876);
#15875 = CARTESIAN_POINT('',(0.,91.));
#15876 = VECTOR('',#15877,1.);
#15877 = DIRECTION('',(1.,0.));
#15878 = ( GEOMETRIC_REPRESENTATION_CONTEXT(2) 
PARAMETRIC_REPRESENTATION_CONTEXT() REPRESENTATION_CONTEXT('2D SPACE',''
  ) );
#15879 = ORIENTED_EDGE('',*,*,#15605,.F.);
#15880 = ORIENTED_EDGE('',*,*,#15832,.T.);
#15881 = ADVANCED_FACE('',(#15882),#15468,.T.);
#15882 = FACE_BOUND('',#15883,.T.);
#15883 = EDGE_LOOP('',(#15884,#15885,#15886,#15887));
#15884 = ORIENTED_EDGE('',*,*,#15582,.F.);
#15885 = ORIENTED_EDGE('',*,*,#15799,.T.);
#15886 = ORIENTED_EDGE('',*,*,#15452,.F.);
#15887 = ORIENTED_EDGE('',*,*,#15859,.F.);
#15888 = ( GEOMETRIC_REPRESENTATION_CONTEXT(3) 
GLOBAL_UNCERTAINTY_ASSIGNED_CONTEXT((#15892)) 
GLOBAL_UNIT_ASSIGNED_CONTEXT((#15889,#15890,#15891)) 
REPRESENTATION_CONTEXT('Context #1',
  '3D Context with UNIT and UNCERTAINTY') );
#15889 = ( LENGTH_UNIT() NAMED_UNIT(*) SI_UNIT(.MILLI.,.METRE.) );
#15890 = ( NAMED_UNIT(*) PLANE_ANGLE_UNIT() SI_UNIT($,.RADIAN.) );
#15891 = ( NAMED_UNIT(*) SI_UNIT($,.STERADIAN.) SOLID_ANGLE_UNIT() );
#15892 = UNCERTAINTY_MEASURE_WITH_UNIT(LENGTH_MEASURE(2.E-07),#15889,
  'distance_accuracy_value','confusion accuracy');
#15893 = PRODUCT_RELATED_PRODUCT_CATEGORY('part',$,(#7));
ENDSEC;
END-ISO-10303-21;
