ISO-10303-21;
HEADER;
FILE_DESCRIPTION(('Open CASCADE Model'),'2;1');
FILE_NAME('Open CASCADE Shape Model','2026-09-13T14:17:57',('Author'),(
    'Open CASCADE'),'Open CASCADE STEP processor 7.9','Open CASCADE 7.9'
  ,'Unknown');
FILE_SCHEMA(('AUTOMOTIVE_DESIGN { 1 0 10303 214 1 1 1 1 }'));
ENDSEC;
DATA;
#1 = APPLICATION_PROTOCOL_DEFINITION('international standard',
  'automotive_design',2000,#2);
#2 = APPLICATION_CONTEXT(
  'core data for automotive mechanical design processes');
#3 = SHAPE_DEFINITION_REPRESENTATION(#4,#10);
#4 = PRODUCT_DEFINITION_SHAPE('','',#5);
#5 = PRODUCT_DEFINITION('design','',#6,#9);
#6 = PRODUCT_DEFINITION_FORMATION('','',#7);
#7 = PRODUCT('Open CASCADE STEP translator 7.9 1',
  'Open CASCADE STEP translator 7.9 1','',(#8));
#8 = PRODUCT_CONTEXT('',#2,'mechanical');
#9 = PRODUCT_DEFINITION_CONTEXT('part definition',#2,'design');
#10 = ADVANCED_BREP_SHAPE_REPRESENTATION('',(#11,#15),#13492);
#11 = AXIS2_PLACEMENT_3D('',#12,#13,#14);
#12 = CARTESIAN_POINT('',(0.,0.,0.));
#13 = DIRECTION('',(0.,0.,1.));
#14 = DIRECTION('',(1.,0.,-0.));
#15 = MANIFOLD_SOLID_BREP('',#16);
#16 = CLOSED_SHELL('',(#17,#377,#431,#507,#677,#731,#781,#834,#1633,
    #1687,#1741,#1795,#1918,#1972,#2027,#2264,#2291,#2318,#2325,#2352,
    #2407,#2585,#2719,#2981,#3267,#3321,#3375,#3665,#3927,#4025,#4079,
    #4106,#4133,#4160,#4185,#4290,#4339,#4389,#4490,#4535,#4633,#4682,
    #4710,#4760,#4793,#4848,#4901,#4977,#5031,#5085,#5117,#5193,#5249,
    #5298,#5352,#5400,#5454,#5508,#5562,#5637,#5690,#5747,#5874,#5989,
    #6046,#6114,#6220,#6330,#6379,#6432,#6460,#6531,#6587,#6675,#6920,
    #7165,#7193,#7246,#7281,#7357,#7411,#7465,#7497,#7884,#7939,#7994,
    #8049,#8104,#8237,#8291,#8402,#8429,#8436,#8471,#8526,#8597,#8646,
    #8695,#8722,#8797,#8843,#8896,#8922,#8976,#9002,#9048,#9055,#9110,
    #9165,#9220,#9275,#9328,#9381,#9434,#9487,#9571,#10205,#10253,#10311
    ,#10366,#10421,#10425,#10617,#10671,#10704,#10708,#10712,#10716,
    #10720,#10755,#10790,#10825,#10860,#10914,#11215,#11351,#11405,
    #11459,#11513,#11596,#11647,#11697,#11746,#11799,#11831,#11881,
    #11930,#11958,#12034,#12083,#12132,#12159,#12235,#12284,#12333,
    #12360,#12386,#12390,#12444,#12498,#12530,#12556,#12582,#12589,
    #12644,#12699,#12754,#12809,#12816,#12823,#12904,#12980,#13035,
    #13061,#13110,#13136,#13212,#13261,#13268,#13275,#13301,#13348,
    #13354,#13358,#13362,#13366,#13370,#13402,#13428,#13455,#13459,
    #13485));
#17 = ADVANCED_FACE('',(#18,#54,#346),#31,.T.);
#18 = FACE_BOUND('',#19,.T.);
#19 = EDGE_LOOP('',(#20));
#20 = ORIENTED_EDGE('',*,*,#21,.F.);
#21 = EDGE_CURVE('',#22,#22,#24,.T.);
#22 = VERTEX_POINT('',#23);
#23 = CARTESIAN_POINT('',(82.6,45.,6.));
#24 = SURFACE_CURVE('',#25,(#30,#42),.PCURVE_S1.);
#25 = CIRCLE('',#26,4.6);
#26 = AXIS2_PLACEMENT_3D('',#27,#28,#29);
#27 = CARTESIAN_POINT('',(78.,45.,6.));
#28 = DIRECTION('',(0.,0.,1.));
#29 = DIRECTION('',(1.,0.,-0.));
#30 = PCURVE('',#31,#36);
#31 = PLANE('',#32);
#32 = AXIS2_PLACEMENT_3D('',#33,#34,#35);
#33 = CARTESIAN_POINT('',(6.,8.,6.));
#34 = DIRECTION('',(0.,0.,1.));
#35 = DIRECTION('',(1.,0.,-0.));
#36 = DEFINITIONAL_REPRESENTATION('',(#37),#41);
#37 = CIRCLE('',#38,4.6);
#38 = AXIS2_PLACEMENT_2D('',#39,#40);
#39 = CARTESIAN_POINT('',(72.,37.));
#40 = DIRECTION('',(1.,0.));
#41 = ( GEOMETRIC_REPRESENTATION_CONTEXT(2)
PARAMETRIC_REPRESENTATION_CONTEXT() REPRESENTATION_CONTEXT('2D SPACE',''
  ) );
#42 = PCURVE('',#43,#48);
#43 = TOROIDAL_SURFACE('',#44,4.6,0.6);
#44 = AXIS2_PLACEMENT_3D('',#45,#46,#47);
#45 = CARTESIAN_POINT('',(78.,45.,6.6));
#46 = DIRECTION('',(-0.,-0.,-1.));
#47 = DIRECTION('',(1.,0.,-0.));
#48 = DEFINITIONAL_REPRESENTATION('',(#49),#53);
#49 = LINE('',#50,#51);
#50 = CARTESIAN_POINT('',(-0.,1.570796326795));
#51 = VECTOR('',#52,1.);
#52 = DIRECTION('',(-1.,0.));
#53 = ( GEOMETRIC_REPRESENTATION_CONTEXT(2)
PARAMETRIC_REPRESENTATION_CONTEXT() REPRESENTATION_CONTEXT('2D SPACE',''
  ) );
#54 = FACE_BOUND('',#55,.T.);
#55 = EDGE_LOOP('',(#56,#86,#114,#142,#170,#198,#226,#254,#287,#315));
#56 = ORIENTED_EDGE('',*,*,#57,.F.);
#57 = EDGE_CURVE('',#58,#60,#62,.T.);
#58 = VERTEX_POINT('',#59);
#59 = CARTESIAN_POINT('',(7.,13.,6.));
#60 = VERTEX_POINT('',#61);
#61 = CARTESIAN_POINT('',(7.,92.,6.));
#62 = SURFACE_CURVE('',#63,(#67,#74),.PCURVE_S1.);
#63 = LINE('',#64,#65);
#64 = CARTESIAN_POINT('',(7.,10.,6.));
#65 = VECTOR('',#66,1.);
#66 = DIRECTION('',(-0.,1.,0.));
#67 = PCURVE('',#31,#68);
#68 = DEFINITIONAL_REPRESENTATION('',(#69),#73);
#69 = LINE('',#70,#71);
#70 = CARTESIAN_POINT('',(1.,2.));
#71 = VECTOR('',#72,1.);
#72 = DIRECTION('',(0.,1.));
#73 = ( GEOMETRIC_REPRESENTATION_CONTEXT(2)
PARAMETRIC_REPRESENTATION_CONTEXT() REPRESENTATION_CONTEXT('2D SPACE',''
  ) );
#74 = PCURVE('',#75,#80);
#75 = CYLINDRICAL_SURFACE('',#76,1.);
#76 = AXIS2_PLACEMENT_3D('',#77,#78,#79);
#77 = CARTESIAN_POINT('',(7.,10.,7.));
#78 = DIRECTION('',(-0.,1.,0.));
#79 = DIRECTION('',(-1.,-0.,0.));
#80 = DEFINITIONAL_REPRESENTATION('',(#81),#85);
#81 = LINE('',#82,#83);
#82 = CARTESIAN_POINT('',(-1.570796326795,0.));
#83 = VECTOR('',#84,1.);
#84 = DIRECTION('',(-0.,1.));
#85 = ( GEOMETRIC_REPRESENTATION_CONTEXT(2)
PARAMETRIC_REPRESENTATION_CONTEXT() REPRESENTATION_CONTEXT('2D SPACE',''
  ) );
#86 = ORIENTED_EDGE('',*,*,#87,.T.);
#87 = EDGE_CURVE('',#58,#88,#90,.T.);
#88 = VERTEX_POINT('',#89);
#89 = CARTESIAN_POINT('',(13.4,13.,6.));
#90 = SURFACE_CURVE('',#91,(#95,#102),.PCURVE_S1.);
#91 = LINE('',#92,#93);
#92 = CARTESIAN_POINT('',(7.,13.,6.));
#93 = VECTOR('',#94,1.);
#94 = DIRECTION('',(1.,0.,0.));
#95 = PCURVE('',#31,#96);
#96 = DEFINITIONAL_REPRESENTATION('',(#97),#101);
#97 = LINE('',#98,#99);
#98 = CARTESIAN_POINT('',(1.,5.));
#99 = VECTOR('',#100,1.);
#100 = DIRECTION('',(1.,0.));
#101 = ( GEOMETRIC_REPRESENTATION_CONTEXT(2)
PARAMETRIC_REPRESENTATION_CONTEXT() REPRESENTATION_CONTEXT('2D SPACE',''
  ) );
#102 = PCURVE('',#103,#108);
#103 = PLANE('',#104);
#104 = AXIS2_PLACEMENT_3D('',#105,#106,#107);
#105 = CARTESIAN_POINT('',(4.,13.,6.));
#106 = DIRECTION('',(-0.,1.,0.));
#107 = DIRECTION('',(0.,0.,1.));
#108 = DEFINITIONAL_REPRESENTATION('',(#109),#113);
#109 = LINE('',#110,#111);
#110 = CARTESIAN_POINT('',(0.,3.));
#111 = VECTOR('',#112,1.);
#112 = DIRECTION('',(0.,1.));
#113 = ( GEOMETRIC_REPRESENTATION_CONTEXT(2)
PARAMETRIC_REPRESENTATION_CONTEXT() REPRESENTATION_CONTEXT('2D SPACE',''
  ) );
#114 = ORIENTED_EDGE('',*,*,#115,.F.);
#115 = EDGE_CURVE('',#116,#88,#118,.T.);
#116 = VERTEX_POINT('',#117);
#117 = CARTESIAN_POINT('',(13.4,4.,6.));
#118 = SURFACE_CURVE('',#119,(#123,#130),.PCURVE_S1.);
#119 = LINE('',#120,#121);
#120 = CARTESIAN_POINT('',(13.4,4.,6.));
#121 = VECTOR('',#122,1.);
#122 = DIRECTION('',(-0.,1.,0.));
#123 = PCURVE('',#31,#124);
#124 = DEFINITIONAL_REPRESENTATION('',(#125),#129);
#125 = LINE('',#126,#127);
#126 = CARTESIAN_POINT('',(7.4,-4.));
#127 = VECTOR('',#128,1.);
#128 = DIRECTION('',(0.,1.));
#129 = ( GEOMETRIC_REPRESENTATION_CONTEXT(2)
PARAMETRIC_REPRESENTATION_CONTEXT() REPRESENTATION_CONTEXT('2D SPACE',''
  ) );
#130 = PCURVE('',#131,#136);
#131 = CYLINDRICAL_SURFACE('',#132,0.6);
#132 = AXIS2_PLACEMENT_3D('',#133,#134,#135);
#133 = CARTESIAN_POINT('',(13.4,4.,6.6));
#134 = DIRECTION('',(-0.,1.,0.));
#135 = DIRECTION('',(1.,0.,-0.));
#136 = DEFINITIONAL_REPRESENTATION('',(#137),#141);
#137 = LINE('',#138,#139);
#138 = CARTESIAN_POINT('',(1.570796326795,0.));
#139 = VECTOR('',#140,1.);
#140 = DIRECTION('',(0.,1.));
#141 = ( GEOMETRIC_REPRESENTATION_CONTEXT(2)
PARAMETRIC_REPRESENTATION_CONTEXT() REPRESENTATION_CONTEXT('2D SPACE',''
  ) );
#142 = ORIENTED_EDGE('',*,*,#143,.F.);
#143 = EDGE_CURVE('',#144,#116,#146,.T.);
#144 = VERTEX_POINT('',#145);
#145 = CARTESIAN_POINT('',(82.6,4.,6.));
#146 = SURFACE_CURVE('',#147,(#151,#158),.PCURVE_S1.);
#147 = LINE('',#148,#149);
#148 = CARTESIAN_POINT('',(4.5,4.,6.));
#149 = VECTOR('',#150,1.);
#150 = DIRECTION('',(-1.,-0.,0.));
#151 = PCURVE('',#31,#152);
#152 = DEFINITIONAL_REPRESENTATION('',(#153),#157);
#153 = LINE('',#154,#155);
#154 = CARTESIAN_POINT('',(-1.5,-4.));
#155 = VECTOR('',#156,1.);
#156 = DIRECTION('',(-1.,0.));
#157 = ( GEOMETRIC_REPRESENTATION_CONTEXT(2)
PARAMETRIC_REPRESENTATION_CONTEXT() REPRESENTATION_CONTEXT('2D SPACE',''
  ) );
#158 = PCURVE('',#159,#164);
#159 = PLANE('',#160);
#160 = AXIS2_PLACEMENT_3D('',#161,#162,#163);
#161 = CARTESIAN_POINT('',(3.,4.,3.));
#162 = DIRECTION('',(-0.,1.,0.));
#163 = DIRECTION('',(0.,0.,1.));
#164 = DEFINITIONAL_REPRESENTATION('',(#165),#169);
#165 = LINE('',#166,#167);
#166 = CARTESIAN_POINT('',(3.,1.5));
#167 = VECTOR('',#168,1.);
#168 = DIRECTION('',(0.,-1.));
#169 = ( GEOMETRIC_REPRESENTATION_CONTEXT(2)
PARAMETRIC_REPRESENTATION_CONTEXT() REPRESENTATION_CONTEXT('2D SPACE',''
  ) );
#170 = ORIENTED_EDGE('',*,*,#171,.T.);
#171 = EDGE_CURVE('',#144,#172,#174,.T.);
#172 = VERTEX_POINT('',#173);
#173 = CARTESIAN_POINT('',(82.6,13.,6.));
#174 = SURFACE_CURVE('',#175,(#179,#186),.PCURVE_S1.);
#175 = LINE('',#176,#177);
#176 = CARTESIAN_POINT('',(82.6,4.,6.));
#177 = VECTOR('',#178,1.);
#178 = DIRECTION('',(-0.,1.,0.));
#179 = PCURVE('',#31,#180);
#180 = DEFINITIONAL_REPRESENTATION('',(#181),#185);
#181 = LINE('',#182,#183);
#182 = CARTESIAN_POINT('',(76.6,-4.));
#183 = VECTOR('',#184,1.);
#184 = DIRECTION('',(0.,1.));
#185 = ( GEOMETRIC_REPRESENTATION_CONTEXT(2)
PARAMETRIC_REPRESENTATION_CONTEXT() REPRESENTATION_CONTEXT('2D SPACE',''
  ) );
#186 = PCURVE('',#187,#192);
#187 = CYLINDRICAL_SURFACE('',#188,0.6);
#188 = AXIS2_PLACEMENT_3D('',#189,#190,#191);
#189 = CARTESIAN_POINT('',(82.6,4.,6.6));
#190 = DIRECTION('',(-0.,1.,0.));
#191 = DIRECTION('',(-1.,-0.,0.));
#192 = DEFINITIONAL_REPRESENTATION('',(#193),#197);
#193 = LINE('',#194,#195);
#194 = CARTESIAN_POINT('',(-1.570796326795,0.));
#195 = VECTOR('',#196,1.);
#196 = DIRECTION('',(-0.,1.));
#197 = ( GEOMETRIC_REPRESENTATION_CONTEXT(2)
PARAMETRIC_REPRESENTATION_CONTEXT() REPRESENTATION_CONTEXT('2D SPACE',''
  ) );
#198 = ORIENTED_EDGE('',*,*,#199,.T.);
#199 = EDGE_CURVE('',#172,#200,#202,.T.);
#200 = VERTEX_POINT('',#201);
#201 = CARTESIAN_POINT('',(89.,13.,6.));
#202 = SURFACE_CURVE('',#203,(#207,#214),.PCURVE_S1.);
#203 = LINE('',#204,#205);
#204 = CARTESIAN_POINT('',(82.6,13.,6.));
#205 = VECTOR('',#206,1.);
#206 = DIRECTION('',(1.,0.,0.));
#207 = PCURVE('',#31,#208);
#208 = DEFINITIONAL_REPRESENTATION('',(#209),#213);
#209 = LINE('',#210,#211);
#210 = CARTESIAN_POINT('',(76.6,5.));
#211 = VECTOR('',#212,1.);
#212 = DIRECTION('',(1.,0.));
#213 = ( GEOMETRIC_REPRESENTATION_CONTEXT(2)
PARAMETRIC_REPRESENTATION_CONTEXT() REPRESENTATION_CONTEXT('2D SPACE',''
  ) );
#214 = PCURVE('',#215,#220);
#215 = PLANE('',#216);
#216 = AXIS2_PLACEMENT_3D('',#217,#218,#219);
#217 = CARTESIAN_POINT('',(82.,13.,6.));
#218 = DIRECTION('',(-0.,1.,0.));
#219 = DIRECTION('',(0.,0.,1.));
#220 = DEFINITIONAL_REPRESENTATION('',(#221),#225);
#221 = LINE('',#222,#223);
#222 = CARTESIAN_POINT('',(0.,0.6));
#223 = VECTOR('',#224,1.);
#224 = DIRECTION('',(0.,1.));
#225 = ( GEOMETRIC_REPRESENTATION_CONTEXT(2)
PARAMETRIC_REPRESENTATION_CONTEXT() REPRESENTATION_CONTEXT('2D SPACE',''
  ) );
#226 = ORIENTED_EDGE('',*,*,#227,.F.);
#227 = EDGE_CURVE('',#228,#200,#230,.T.);
#228 = VERTEX_POINT('',#229);
#229 = CARTESIAN_POINT('',(89.,92.,6.));
#230 = SURFACE_CURVE('',#231,(#235,#242),.PCURVE_S1.);
#231 = LINE('',#232,#233);
#232 = CARTESIAN_POINT('',(89.,92.,6.));
#233 = VECTOR('',#234,1.);
#234 = DIRECTION('',(0.,-1.,-0.));
#235 = PCURVE('',#31,#236);
#236 = DEFINITIONAL_REPRESENTATION('',(#237),#241);
#237 = LINE('',#238,#239);
#238 = CARTESIAN_POINT('',(83.,84.));
#239 = VECTOR('',#240,1.);
#240 = DIRECTION('',(0.,-1.));
#241 = ( GEOMETRIC_REPRESENTATION_CONTEXT(2)
PARAMETRIC_REPRESENTATION_CONTEXT() REPRESENTATION_CONTEXT('2D SPACE',''
  ) );
#242 = PCURVE('',#243,#248);
#243 = CYLINDRICAL_SURFACE('',#244,1.);
#244 = AXIS2_PLACEMENT_3D('',#245,#246,#247);
#245 = CARTESIAN_POINT('',(89.,92.,7.));
#246 = DIRECTION('',(0.,-1.,-0.));
#247 = DIRECTION('',(1.,0.,0.));
#248 = DEFINITIONAL_REPRESENTATION('',(#249),#253);
#249 = LINE('',#250,#251);
#250 = CARTESIAN_POINT('',(-1.570796326795,0.));
#251 = VECTOR('',#252,1.);
#252 = DIRECTION('',(-0.,1.));
#253 = ( GEOMETRIC_REPRESENTATION_CONTEXT(2)
PARAMETRIC_REPRESENTATION_CONTEXT() REPRESENTATION_CONTEXT('2D SPACE',''
  ) );
#254 = ORIENTED_EDGE('',*,*,#255,.F.);
#255 = EDGE_CURVE('',#256,#228,#258,.T.);
#256 = VERTEX_POINT('',#257);
#257 = CARTESIAN_POINT('',(88.,93.,6.));
#258 = SURFACE_CURVE('',#259,(#264,#275),.PCURVE_S1.);
#259 = CIRCLE('',#260,1.);
#260 = AXIS2_PLACEMENT_3D('',#261,#262,#263);
#261 = CARTESIAN_POINT('',(88.,92.,6.));
#262 = DIRECTION('',(0.,-0.,-1.));
#263 = DIRECTION('',(0.,1.,-0.));
#264 = PCURVE('',#31,#265);
#265 = DEFINITIONAL_REPRESENTATION('',(#266),#274);
#266 = ( BOUNDED_CURVE() B_SPLINE_CURVE(2,(#267,#268,#269,#270,#271,#272
,#273),.UNSPECIFIED.,.T.,.F.) B_SPLINE_CURVE_WITH_KNOTS((1,2,2,2,2,1),(
    -2.094395102393,0.,2.094395102393,4.188790204786,6.28318530718,
8.377580409573),.UNSPECIFIED.) CURVE() GEOMETRIC_REPRESENTATION_ITEM()
RATIONAL_B_SPLINE_CURVE((1.,0.5,1.,0.5,1.,0.5,1.)) REPRESENTATION_ITEM(
  '') );
#267 = CARTESIAN_POINT('',(82.,85.));
#268 = CARTESIAN_POINT('',(83.732050807569,85.));
#269 = CARTESIAN_POINT('',(82.866025403784,83.5));
#270 = CARTESIAN_POINT('',(82.,82.));
#271 = CARTESIAN_POINT('',(81.133974596216,83.5));
#272 = CARTESIAN_POINT('',(80.267949192431,85.));
#273 = CARTESIAN_POINT('',(82.,85.));
#274 = ( GEOMETRIC_REPRESENTATION_CONTEXT(2)
PARAMETRIC_REPRESENTATION_CONTEXT() REPRESENTATION_CONTEXT('2D SPACE',''
  ) );
#275 = PCURVE('',#276,#281);
#276 = TOROIDAL_SURFACE('',#277,1.,1.);
#277 = AXIS2_PLACEMENT_3D('',#278,#279,#280);
#278 = CARTESIAN_POINT('',(88.,92.,7.));
#279 = DIRECTION('',(-0.,-0.,-1.));
#280 = DIRECTION('',(0.,1.,-0.));
#281 = DEFINITIONAL_REPRESENTATION('',(#282),#286);
#282 = LINE('',#283,#284);
#283 = CARTESIAN_POINT('',(0.,1.570796326795));
#284 = VECTOR('',#285,1.);
#285 = DIRECTION('',(1.,0.));
#286 = ( GEOMETRIC_REPRESENTATION_CONTEXT(2)
PARAMETRIC_REPRESENTATION_CONTEXT() REPRESENTATION_CONTEXT('2D SPACE',''
  ) );
#287 = ORIENTED_EDGE('',*,*,#288,.F.);
#288 = EDGE_CURVE('',#289,#256,#291,.T.);
#289 = VERTEX_POINT('',#290);
#290 = CARTESIAN_POINT('',(8.,93.,6.));
#291 = SURFACE_CURVE('',#292,(#296,#303),.PCURVE_S1.);
#292 = LINE('',#293,#294);
#293 = CARTESIAN_POINT('',(8.,93.,6.));
#294 = VECTOR('',#295,1.);
#295 = DIRECTION('',(1.,0.,-0.));
#296 = PCURVE('',#31,#297);
#297 = DEFINITIONAL_REPRESENTATION('',(#298),#302);
#298 = LINE('',#299,#300);
#299 = CARTESIAN_POINT('',(2.,85.));
#300 = VECTOR('',#301,1.);
#301 = DIRECTION('',(1.,0.));
#302 = ( GEOMETRIC_REPRESENTATION_CONTEXT(2)
PARAMETRIC_REPRESENTATION_CONTEXT() REPRESENTATION_CONTEXT('2D SPACE',''
  ) );
#303 = PCURVE('',#304,#309);
#304 = CYLINDRICAL_SURFACE('',#305,1.);
#305 = AXIS2_PLACEMENT_3D('',#306,#307,#308);
#306 = CARTESIAN_POINT('',(8.,93.,7.));
#307 = DIRECTION('',(1.,0.,-0.));
#308 = DIRECTION('',(0.,1.,0.));
#309 = DEFINITIONAL_REPRESENTATION('',(#310),#314);
#310 = LINE('',#311,#312);
#311 = CARTESIAN_POINT('',(-1.570796326795,0.));
#312 = VECTOR('',#313,1.);
#313 = DIRECTION('',(-0.,1.));
#314 = ( GEOMETRIC_REPRESENTATION_CONTEXT(2)
PARAMETRIC_REPRESENTATION_CONTEXT() REPRESENTATION_CONTEXT('2D SPACE',''
  ) );
#315 = ORIENTED_EDGE('',*,*,#316,.F.);
#316 = EDGE_CURVE('',#60,#289,#317,.T.);
#317 = SURFACE_CURVE('',#318,(#323,#334),.PCURVE_S1.);
#318 = CIRCLE('',#319,1.);
#319 = AXIS2_PLACEMENT_3D('',#320,#321,#322);
#320 = CARTESIAN_POINT('',(8.,92.,6.));
#321 = DIRECTION('',(-0.,0.,-1.));
#322 = DIRECTION('',(-1.,0.,0.));
#323 = PCURVE('',#31,#324);
#324 = DEFINITIONAL_REPRESENTATION('',(#325),#333);
#325 = ( BOUNDED_CURVE() B_SPLINE_CURVE(2,(#326,#327,#328,#329,#330,#331
,#332),.UNSPECIFIED.,.T.,.F.) B_SPLINE_CURVE_WITH_KNOTS((1,2,2,2,2,1),(
    -2.094395102393,0.,2.094395102393,4.188790204786,6.28318530718,
8.377580409573),.UNSPECIFIED.) CURVE() GEOMETRIC_REPRESENTATION_ITEM()
RATIONAL_B_SPLINE_CURVE((1.,0.5,1.,0.5,1.,0.5,1.)) REPRESENTATION_ITEM(
  '') );
#326 = CARTESIAN_POINT('',(1.,84.));
#327 = CARTESIAN_POINT('',(1.,85.732050807569));
#328 = CARTESIAN_POINT('',(2.5,84.866025403784));
#329 = CARTESIAN_POINT('',(4.,84.));
#330 = CARTESIAN_POINT('',(2.5,83.133974596216));
#331 = CARTESIAN_POINT('',(1.,82.267949192431));
#332 = CARTESIAN_POINT('',(1.,84.));
#333 = ( GEOMETRIC_REPRESENTATION_CONTEXT(2)
PARAMETRIC_REPRESENTATION_CONTEXT() REPRESENTATION_CONTEXT('2D SPACE',''
  ) );
#334 = PCURVE('',#335,#340);
#335 = TOROIDAL_SURFACE('',#336,1.,1.);
#336 = AXIS2_PLACEMENT_3D('',#337,#338,#339);
#337 = CARTESIAN_POINT('',(8.,92.,7.));
#338 = DIRECTION('',(-0.,-0.,-1.));
#339 = DIRECTION('',(-1.,0.,0.));
#340 = DEFINITIONAL_REPRESENTATION('',(#341),#345);
#341 = LINE('',#342,#343);
#342 = CARTESIAN_POINT('',(0.,1.570796326795));
#343 = VECTOR('',#344,1.);
#344 = DIRECTION('',(1.,0.));
#345 = ( GEOMETRIC_REPRESENTATION_CONTEXT(2)
PARAMETRIC_REPRESENTATION_CONTEXT() REPRESENTATION_CONTEXT('2D SPACE',''
  ) );
#346 = FACE_BOUND('',#347,.T.);
#347 = EDGE_LOOP('',(#348));
#348 = ORIENTED_EDGE('',*,*,#349,.F.);
#349 = EDGE_CURVE('',#350,#350,#352,.T.);
#350 = VERTEX_POINT('',#351);
#351 = CARTESIAN_POINT('',(22.6,45.,6.));
#352 = SURFACE_CURVE('',#353,(#358,#365),.PCURVE_S1.);
#353 = CIRCLE('',#354,4.6);
#354 = AXIS2_PLACEMENT_3D('',#355,#356,#357);
#355 = CARTESIAN_POINT('',(18.,45.,6.));
#356 = DIRECTION('',(0.,0.,1.));
#357 = DIRECTION('',(1.,0.,-0.));
#358 = PCURVE('',#31,#359);
#359 = DEFINITIONAL_REPRESENTATION('',(#360),#364);
#360 = CIRCLE('',#361,4.6);
#361 = AXIS2_PLACEMENT_2D('',#362,#363);
#362 = CARTESIAN_POINT('',(12.,37.));
#363 = DIRECTION('',(1.,0.));
#364 = ( GEOMETRIC_REPRESENTATION_CONTEXT(2)
PARAMETRIC_REPRESENTATION_CONTEXT() REPRESENTATION_CONTEXT('2D SPACE',''
  ) );
#365 = PCURVE('',#366,#371);
#366 = TOROIDAL_SURFACE('',#367,4.6,0.6);
#367 = AXIS2_PLACEMENT_3D('',#368,#369,#370);
#368 = CARTESIAN_POINT('',(18.,45.,6.6));
#369 = DIRECTION('',(-0.,-0.,-1.));
#370 = DIRECTION('',(1.,0.,-0.));
#371 = DEFINITIONAL_REPRESENTATION('',(#372),#376);
#372 = LINE('',#373,#374);
#373 = CARTESIAN_POINT('',(-0.,1.570796326795));
#374 = VECTOR('',#375,1.);
#375 = DIRECTION('',(-1.,0.));
#376 = ( GEOMETRIC_REPRESENTATION_CONTEXT(2)
PARAMETRIC_REPRESENTATION_CONTEXT() REPRESENTATION_CONTEXT('2D SPACE',''
  ) );
#377 = ADVANCED_FACE('',(#378),#43,.F.);
#378 = FACE_BOUND('',#379,.T.);
#379 = EDGE_LOOP('',(#380,#402,#403,#404));
#380 = ORIENTED_EDGE('',*,*,#381,.F.);
#381 = EDGE_CURVE('',#22,#382,#384,.T.);
#382 = VERTEX_POINT('',#383);
#383 = CARTESIAN_POINT('',(82.,45.,6.6));
#384 = SEAM_CURVE('',#385,(#390,#396),.PCURVE_S1.);
#385 = CIRCLE('',#386,0.6);
#386 = AXIS2_PLACEMENT_3D('',#387,#388,#389);
#387 = CARTESIAN_POINT('',(82.6,45.,6.6));
#388 = DIRECTION('',(0.,1.,0.));
#389 = DIRECTION('',(1.,0.,-0.));
#390 = PCURVE('',#43,#391);
#391 = DEFINITIONAL_REPRESENTATION('',(#392),#395);
#392 = B_SPLINE_CURVE_WITH_KNOTS('',1,(#393,#394),.UNSPECIFIED.,.F.,.F.,
  (2,2),(1.570796326795,3.14159265359),.PIECEWISE_BEZIER_KNOTS.);
#393 = CARTESIAN_POINT('',(0.,1.570796326795));
#394 = CARTESIAN_POINT('',(0.,3.14159265359));
#395 = ( GEOMETRIC_REPRESENTATION_CONTEXT(2)
PARAMETRIC_REPRESENTATION_CONTEXT() REPRESENTATION_CONTEXT('2D SPACE',''
  ) );
#396 = PCURVE('',#43,#397);
#397 = DEFINITIONAL_REPRESENTATION('',(#398),#401);
#398 = B_SPLINE_CURVE_WITH_KNOTS('',1,(#399,#400),.UNSPECIFIED.,.F.,.F.,
  (2,2),(1.570796326795,3.14159265359),.PIECEWISE_BEZIER_KNOTS.);
#399 = CARTESIAN_POINT('',(-6.28318530718,1.570796326795));
#400 = CARTESIAN_POINT('',(-6.28318530718,3.14159265359));
#401 = ( GEOMETRIC_REPRESENTATION_CONTEXT(2)
PARAMETRIC_REPRESENTATION_CONTEXT() REPRESENTATION_CONTEXT('2D SPACE',''
  ) );
#402 = ORIENTED_EDGE('',*,*,#21,.F.);
#403 = ORIENTED_EDGE('',*,*,#381,.T.);
#404 = ORIENTED_EDGE('',*,*,#405,.T.);
#405 = EDGE_CURVE('',#382,#382,#406,.T.);
#406 = SURFACE_CURVE('',#407,(#412,#419),.PCURVE_S1.);
#407 = CIRCLE('',#408,4.);
#408 = AXIS2_PLACEMENT_3D('',#409,#410,#411);
#409 = CARTESIAN_POINT('',(78.,45.,6.6));
#410 = DIRECTION('',(0.,0.,1.));
#411 = DIRECTION('',(1.,0.,-0.));
#412 = PCURVE('',#43,#413);
#413 = DEFINITIONAL_REPRESENTATION('',(#414),#418);
#414 = LINE('',#415,#416);
#415 = CARTESIAN_POINT('',(-0.,3.14159265359));
#416 = VECTOR('',#417,1.);
#417 = DIRECTION('',(-1.,0.));
#418 = ( GEOMETRIC_REPRESENTATION_CONTEXT(2)
PARAMETRIC_REPRESENTATION_CONTEXT() REPRESENTATION_CONTEXT('2D SPACE',''
  ) );
#419 = PCURVE('',#420,#425);
#420 = CYLINDRICAL_SURFACE('',#421,4.);
#421 = AXIS2_PLACEMENT_3D('',#422,#423,#424);
#422 = CARTESIAN_POINT('',(78.,45.,5.));
#423 = DIRECTION('',(0.,0.,1.));
#424 = DIRECTION('',(1.,0.,-0.));
#425 = DEFINITIONAL_REPRESENTATION('',(#426),#430);
#426 = LINE('',#427,#428);
#427 = CARTESIAN_POINT('',(0.,1.6));
#428 = VECTOR('',#429,1.);
#429 = DIRECTION('',(1.,0.));
#430 = ( GEOMETRIC_REPRESENTATION_CONTEXT(2)
PARAMETRIC_REPRESENTATION_CONTEXT() REPRESENTATION_CONTEXT('2D SPACE',''
  ) );
#431 = ADVANCED_FACE('',(#432),#75,.F.);
#432 = FACE_BOUND('',#433,.T.);
#433 = EDGE_LOOP('',(#434,#464,#486,#487));
#434 = ORIENTED_EDGE('',*,*,#435,.F.);
#435 = EDGE_CURVE('',#436,#438,#440,.T.);
#436 = VERTEX_POINT('',#437);
#437 = CARTESIAN_POINT('',(6.,13.,7.));
#438 = VERTEX_POINT('',#439);
#439 = CARTESIAN_POINT('',(6.,92.,7.));
#440 = SURFACE_CURVE('',#441,(#445,#452),.PCURVE_S1.);
#441 = LINE('',#442,#443);
#442 = CARTESIAN_POINT('',(6.,10.,7.));
#443 = VECTOR('',#444,1.);
#444 = DIRECTION('',(-0.,1.,0.));
#445 = PCURVE('',#75,#446);
#446 = DEFINITIONAL_REPRESENTATION('',(#447),#451);
#447 = LINE('',#448,#449);
#448 = CARTESIAN_POINT('',(-0.,0.));
#449 = VECTOR('',#450,1.);
#450 = DIRECTION('',(-0.,1.));
#451 = ( GEOMETRIC_REPRESENTATION_CONTEXT(2)
PARAMETRIC_REPRESENTATION_CONTEXT() REPRESENTATION_CONTEXT('2D SPACE',''
  ) );
#452 = PCURVE('',#453,#458);
#453 = PLANE('',#454);
#454 = AXIS2_PLACEMENT_3D('',#455,#456,#457);
#455 = CARTESIAN_POINT('',(6.,8.,6.));
#456 = DIRECTION('',(1.,0.,-0.));
#457 = DIRECTION('',(0.,0.,1.));
#458 = DEFINITIONAL_REPRESENTATION('',(#459),#463);
#459 = LINE('',#460,#461);
#460 = CARTESIAN_POINT('',(1.,-2.));
#461 = VECTOR('',#462,1.);
#462 = DIRECTION('',(0.,-1.));
#463 = ( GEOMETRIC_REPRESENTATION_CONTEXT(2)
PARAMETRIC_REPRESENTATION_CONTEXT() REPRESENTATION_CONTEXT('2D SPACE',''
  ) );
#464 = ORIENTED_EDGE('',*,*,#465,.F.);
#465 = EDGE_CURVE('',#58,#436,#466,.T.);
#466 = SURFACE_CURVE('',#467,(#472,#479),.PCURVE_S1.);
#467 = CIRCLE('',#468,1.);
#468 = AXIS2_PLACEMENT_3D('',#469,#470,#471);
#469 = CARTESIAN_POINT('',(7.,13.,7.));
#470 = DIRECTION('',(-0.,1.,0.));
#471 = DIRECTION('',(-1.,-0.,0.));
#472 = PCURVE('',#75,#473);
#473 = DEFINITIONAL_REPRESENTATION('',(#474),#478);
#474 = LINE('',#475,#476);
#475 = CARTESIAN_POINT('',(-6.28318530718,3.));
#476 = VECTOR('',#477,1.);
#477 = DIRECTION('',(1.,-0.));
#478 = ( GEOMETRIC_REPRESENTATION_CONTEXT(2)
PARAMETRIC_REPRESENTATION_CONTEXT() REPRESENTATION_CONTEXT('2D SPACE',''
  ) );
#479 = PCURVE('',#103,#480);
#480 = DEFINITIONAL_REPRESENTATION('',(#481),#485);
#481 = CIRCLE('',#482,1.);
#482 = AXIS2_PLACEMENT_2D('',#483,#484);
#483 = CARTESIAN_POINT('',(1.,3.));
#484 = DIRECTION('',(0.,-1.));
#485 = ( GEOMETRIC_REPRESENTATION_CONTEXT(2)
PARAMETRIC_REPRESENTATION_CONTEXT() REPRESENTATION_CONTEXT('2D SPACE',''
  ) );
#486 = ORIENTED_EDGE('',*,*,#57,.T.);
#487 = ORIENTED_EDGE('',*,*,#488,.F.);
#488 = EDGE_CURVE('',#438,#60,#489,.T.);
#489 = SURFACE_CURVE('',#490,(#495,#501),.PCURVE_S1.);
#490 = CIRCLE('',#491,1.);
#491 = AXIS2_PLACEMENT_3D('',#492,#493,#494);
#492 = CARTESIAN_POINT('',(7.,92.,7.));
#493 = DIRECTION('',(0.,-1.,-0.));
#494 = DIRECTION('',(-1.,-0.,0.));
#495 = PCURVE('',#75,#496);
#496 = DEFINITIONAL_REPRESENTATION('',(#497),#500);
#497 = B_SPLINE_CURVE_WITH_KNOTS('',1,(#498,#499),.UNSPECIFIED.,.F.,.F.,
  (2,2),(0.,1.570796326795),.PIECEWISE_BEZIER_KNOTS.);
#498 = CARTESIAN_POINT('',(0.,82.));
#499 = CARTESIAN_POINT('',(-1.570796326795,82.));
#500 = ( GEOMETRIC_REPRESENTATION_CONTEXT(2)
PARAMETRIC_REPRESENTATION_CONTEXT() REPRESENTATION_CONTEXT('2D SPACE',''
  ) );
#501 = PCURVE('',#335,#502);
#502 = DEFINITIONAL_REPRESENTATION('',(#503),#506);
#503 = B_SPLINE_CURVE_WITH_KNOTS('',1,(#504,#505),.UNSPECIFIED.,.F.,.F.,
  (2,2),(0.,1.570796326795),.PIECEWISE_BEZIER_KNOTS.);
#504 = CARTESIAN_POINT('',(0.,0.));
#505 = CARTESIAN_POINT('',(0.,1.570796326795));
#506 = ( GEOMETRIC_REPRESENTATION_CONTEXT(2)
PARAMETRIC_REPRESENTATION_CONTEXT() REPRESENTATION_CONTEXT('2D SPACE',''
  ) );
#507 = ADVANCED_FACE('',(#508,#646),#103,.T.);
#508 = FACE_BOUND('',#509,.T.);
#509 = EDGE_LOOP('',(#510,#511,#512,#535,#563,#596,#624));
#510 = ORIENTED_EDGE('',*,*,#87,.F.);
#511 = ORIENTED_EDGE('',*,*,#465,.T.);
#512 = ORIENTED_EDGE('',*,*,#513,.F.);
#513 = EDGE_CURVE('',#514,#436,#516,.T.);
#514 = VERTEX_POINT('',#515);
#515 = CARTESIAN_POINT('',(6.,13.,15.));
#516 = SURFACE_CURVE('',#517,(#521,#528),.PCURVE_S1.);
#517 = LINE('',#518,#519);
#518 = CARTESIAN_POINT('',(6.,13.,15.));
#519 = VECTOR('',#520,1.);
#520 = DIRECTION('',(0.,0.,-1.));
#521 = PCURVE('',#103,#522);
#522 = DEFINITIONAL_REPRESENTATION('',(#523),#527);
#523 = LINE('',#524,#525);
#524 = CARTESIAN_POINT('',(9.,2.));
#525 = VECTOR('',#526,1.);
#526 = DIRECTION('',(-1.,0.));
#527 = ( GEOMETRIC_REPRESENTATION_CONTEXT(2)
PARAMETRIC_REPRESENTATION_CONTEXT() REPRESENTATION_CONTEXT('2D SPACE',''
  ) );
#528 = PCURVE('',#453,#529);
#529 = DEFINITIONAL_REPRESENTATION('',(#530),#534);
#530 = LINE('',#531,#532);
#531 = CARTESIAN_POINT('',(9.,-5.));
#532 = VECTOR('',#533,1.);
#533 = DIRECTION('',(-1.,0.));
#534 = ( GEOMETRIC_REPRESENTATION_CONTEXT(2)
PARAMETRIC_REPRESENTATION_CONTEXT() REPRESENTATION_CONTEXT('2D SPACE',''
  ) );
#535 = ORIENTED_EDGE('',*,*,#536,.F.);
#536 = EDGE_CURVE('',#537,#514,#539,.T.);
#537 = VERTEX_POINT('',#538);
#538 = CARTESIAN_POINT('',(13.4,13.,15.));
#539 = SURFACE_CURVE('',#540,(#544,#551),.PCURVE_S1.);
#540 = LINE('',#541,#542);
#541 = CARTESIAN_POINT('',(13.4,13.,15.));
#542 = VECTOR('',#543,1.);
#543 = DIRECTION('',(-1.,0.,0.));
#544 = PCURVE('',#103,#545);
#545 = DEFINITIONAL_REPRESENTATION('',(#546),#550);
#546 = LINE('',#547,#548);
#547 = CARTESIAN_POINT('',(9.,9.4));
#548 = VECTOR('',#549,1.);
#549 = DIRECTION('',(0.,-1.));
#550 = ( GEOMETRIC_REPRESENTATION_CONTEXT(2)
PARAMETRIC_REPRESENTATION_CONTEXT() REPRESENTATION_CONTEXT('2D SPACE',''
  ) );
#551 = PCURVE('',#552,#557);
#552 = PLANE('',#553);
#553 = AXIS2_PLACEMENT_3D('',#554,#555,#556);
#554 = CARTESIAN_POINT('',(4.,4.,15.));
#555 = DIRECTION('',(0.,0.,1.));
#556 = DIRECTION('',(1.,0.,-0.));
#557 = DEFINITIONAL_REPRESENTATION('',(#558),#562);
#558 = LINE('',#559,#560);
#559 = CARTESIAN_POINT('',(9.4,9.));
#560 = VECTOR('',#561,1.);
#561 = DIRECTION('',(-1.,0.));
#562 = ( GEOMETRIC_REPRESENTATION_CONTEXT(2)
PARAMETRIC_REPRESENTATION_CONTEXT() REPRESENTATION_CONTEXT('2D SPACE',''
  ) );
#563 = ORIENTED_EDGE('',*,*,#564,.F.);
#564 = EDGE_CURVE('',#565,#537,#567,.T.);
#565 = VERTEX_POINT('',#566);
#566 = CARTESIAN_POINT('',(14.,13.,14.4));
#567 = SURFACE_CURVE('',#568,(#573,#584),.PCURVE_S1.);
#568 = CIRCLE('',#569,0.6);
#569 = AXIS2_PLACEMENT_3D('',#570,#571,#572);
#570 = CARTESIAN_POINT('',(13.4,13.,14.4));
#571 = DIRECTION('',(0.,-1.,0.));
#572 = DIRECTION('',(0.,0.,1.));
#573 = PCURVE('',#103,#574);
#574 = DEFINITIONAL_REPRESENTATION('',(#575),#583);
#575 = ( BOUNDED_CURVE() B_SPLINE_CURVE(2,(#576,#577,#578,#579,#580,#581
,#582),.UNSPECIFIED.,.T.,.F.) B_SPLINE_CURVE_WITH_KNOTS((1,2,2,2,2,1),(
    -2.094395102393,0.,2.094395102393,4.188790204786,6.28318530718,
8.377580409573),.UNSPECIFIED.) CURVE() GEOMETRIC_REPRESENTATION_ITEM()
RATIONAL_B_SPLINE_CURVE((1.,0.5,1.,0.5,1.,0.5,1.)) REPRESENTATION_ITEM(
  '') );
#576 = CARTESIAN_POINT('',(9.,9.4));
#577 = CARTESIAN_POINT('',(9.,8.360769515459));
#578 = CARTESIAN_POINT('',(8.1,8.880384757729));
#579 = CARTESIAN_POINT('',(7.2,9.4));
#580 = CARTESIAN_POINT('',(8.1,9.919615242271));
#581 = CARTESIAN_POINT('',(9.,10.439230484541));
#582 = CARTESIAN_POINT('',(9.,9.4));
#583 = ( GEOMETRIC_REPRESENTATION_CONTEXT(2)
PARAMETRIC_REPRESENTATION_CONTEXT() REPRESENTATION_CONTEXT('2D SPACE',''
  ) );
#584 = PCURVE('',#585,#590);
#585 = CYLINDRICAL_SURFACE('',#586,0.6);
#586 = AXIS2_PLACEMENT_3D('',#587,#588,#589);
#587 = CARTESIAN_POINT('',(13.4,4.,14.4));
#588 = DIRECTION('',(-0.,1.,0.));
#589 = DIRECTION('',(1.,0.,-0.));
#590 = DEFINITIONAL_REPRESENTATION('',(#591),#595);
#591 = LINE('',#592,#593);
#592 = CARTESIAN_POINT('',(4.712388980385,9.));
#593 = VECTOR('',#594,1.);
#594 = DIRECTION('',(-1.,0.));
#595 = ( GEOMETRIC_REPRESENTATION_CONTEXT(2)
PARAMETRIC_REPRESENTATION_CONTEXT() REPRESENTATION_CONTEXT('2D SPACE',''
  ) );
#596 = ORIENTED_EDGE('',*,*,#597,.F.);
#597 = EDGE_CURVE('',#598,#565,#600,.T.);
#598 = VERTEX_POINT('',#599);
#599 = CARTESIAN_POINT('',(14.,13.,6.6));
#600 = SURFACE_CURVE('',#601,(#605,#612),.PCURVE_S1.);
#601 = LINE('',#602,#603);
#602 = CARTESIAN_POINT('',(14.,13.,6.6));
#603 = VECTOR('',#604,1.);
#604 = DIRECTION('',(0.,0.,1.));
#605 = PCURVE('',#103,#606);
#606 = DEFINITIONAL_REPRESENTATION('',(#607),#611);
#607 = LINE('',#608,#609);
#608 = CARTESIAN_POINT('',(0.6,10.));
#609 = VECTOR('',#610,1.);
#610 = DIRECTION('',(1.,0.));
#611 = ( GEOMETRIC_REPRESENTATION_CONTEXT(2)
PARAMETRIC_REPRESENTATION_CONTEXT() REPRESENTATION_CONTEXT('2D SPACE',''
  ) );
#612 = PCURVE('',#613,#618);
#613 = PLANE('',#614);
#614 = AXIS2_PLACEMENT_3D('',#615,#616,#617);
#615 = CARTESIAN_POINT('',(14.,4.,6.));
#616 = DIRECTION('',(1.,0.,-0.));
#617 = DIRECTION('',(0.,0.,1.));
#618 = DEFINITIONAL_REPRESENTATION('',(#619),#623);
#619 = LINE('',#620,#621);
#620 = CARTESIAN_POINT('',(0.6,-9.));
#621 = VECTOR('',#622,1.);
#622 = DIRECTION('',(1.,0.));
#623 = ( GEOMETRIC_REPRESENTATION_CONTEXT(2)
PARAMETRIC_REPRESENTATION_CONTEXT() REPRESENTATION_CONTEXT('2D SPACE',''
  ) );
#624 = ORIENTED_EDGE('',*,*,#625,.T.);
#625 = EDGE_CURVE('',#598,#88,#626,.T.);
#626 = SURFACE_CURVE('',#627,(#632,#639),.PCURVE_S1.);
#627 = CIRCLE('',#628,0.6);
#628 = AXIS2_PLACEMENT_3D('',#629,#630,#631);
#629 = CARTESIAN_POINT('',(13.4,13.,6.6));
#630 = DIRECTION('',(-0.,1.,0.));
#631 = DIRECTION('',(0.,0.,1.));
#632 = PCURVE('',#103,#633);
#633 = DEFINITIONAL_REPRESENTATION('',(#634),#638);
#634 = CIRCLE('',#635,0.6);
#635 = AXIS2_PLACEMENT_2D('',#636,#637);
#636 = CARTESIAN_POINT('',(0.6,9.4));
#637 = DIRECTION('',(1.,0.));
#638 = ( GEOMETRIC_REPRESENTATION_CONTEXT(2)
PARAMETRIC_REPRESENTATION_CONTEXT() REPRESENTATION_CONTEXT('2D SPACE',''
  ) );
#639 = PCURVE('',#131,#640);
#640 = DEFINITIONAL_REPRESENTATION('',(#641),#645);
#641 = LINE('',#642,#643);
#642 = CARTESIAN_POINT('',(-1.570796326795,9.));
#643 = VECTOR('',#644,1.);
#644 = DIRECTION('',(1.,0.));
#645 = ( GEOMETRIC_REPRESENTATION_CONTEXT(2)
PARAMETRIC_REPRESENTATION_CONTEXT() REPRESENTATION_CONTEXT('2D SPACE',''
  ) );
#646 = FACE_BOUND('',#647,.T.);
#647 = EDGE_LOOP('',(#648));
#648 = ORIENTED_EDGE('',*,*,#649,.F.);
#649 = EDGE_CURVE('',#650,#650,#652,.T.);
#650 = VERTEX_POINT('',#651);
#651 = CARTESIAN_POINT('',(9.,13.,11.4));
#652 = SURFACE_CURVE('',#653,(#658,#665),.PCURVE_S1.);
#653 = CIRCLE('',#654,1.4);
#654 = AXIS2_PLACEMENT_3D('',#655,#656,#657);
#655 = CARTESIAN_POINT('',(9.,13.,10.));
#656 = DIRECTION('',(0.,1.,0.));
#657 = DIRECTION('',(0.,-0.,1.));
#658 = PCURVE('',#103,#659);
#659 = DEFINITIONAL_REPRESENTATION('',(#660),#664);
#660 = CIRCLE('',#661,1.4);
#661 = AXIS2_PLACEMENT_2D('',#662,#663);
#662 = CARTESIAN_POINT('',(4.,5.));
#663 = DIRECTION('',(1.,0.));
#664 = ( GEOMETRIC_REPRESENTATION_CONTEXT(2)
PARAMETRIC_REPRESENTATION_CONTEXT() REPRESENTATION_CONTEXT('2D SPACE',''
  ) );
#665 = PCURVE('',#666,#671);
#666 = CYLINDRICAL_SURFACE('',#667,1.4);
#667 = AXIS2_PLACEMENT_3D('',#668,#669,#670);
#668 = CARTESIAN_POINT('',(9.,3.,10.));
#669 = DIRECTION('',(0.,1.,0.));
#670 = DIRECTION('',(0.,-0.,1.));
#671 = DEFINITIONAL_REPRESENTATION('',(#672),#676);
#672 = LINE('',#673,#674);
#673 = CARTESIAN_POINT('',(0.,10.));
#674 = VECTOR('',#675,1.);
#675 = DIRECTION('',(1.,0.));
#676 = ( GEOMETRIC_REPRESENTATION_CONTEXT(2)
PARAMETRIC_REPRESENTATION_CONTEXT() REPRESENTATION_CONTEXT('2D SPACE',''
  ) );
#677 = ADVANCED_FACE('',(#678),#335,.F.);
#678 = FACE_BOUND('',#679,.F.);
#679 = EDGE_LOOP('',(#680,#681,#710,#730));
#680 = ORIENTED_EDGE('',*,*,#488,.F.);
#681 = ORIENTED_EDGE('',*,*,#682,.T.);
#682 = EDGE_CURVE('',#438,#683,#685,.T.);
#683 = VERTEX_POINT('',#684);
#684 = CARTESIAN_POINT('',(8.,94.,7.));
#685 = SURFACE_CURVE('',#686,(#691,#698),.PCURVE_S1.);
#686 = CIRCLE('',#687,2.);
#687 = AXIS2_PLACEMENT_3D('',#688,#689,#690);
#688 = CARTESIAN_POINT('',(8.,92.,7.));
#689 = DIRECTION('',(-0.,0.,-1.));
#690 = DIRECTION('',(-1.,0.,0.));
#691 = PCURVE('',#335,#692);
#692 = DEFINITIONAL_REPRESENTATION('',(#693),#697);
#693 = LINE('',#694,#695);
#694 = CARTESIAN_POINT('',(0.,0.));
#695 = VECTOR('',#696,1.);
#696 = DIRECTION('',(1.,0.));
#697 = ( GEOMETRIC_REPRESENTATION_CONTEXT(2)
PARAMETRIC_REPRESENTATION_CONTEXT() REPRESENTATION_CONTEXT('2D SPACE',''
  ) );
#698 = PCURVE('',#699,#704);
#699 = CYLINDRICAL_SURFACE('',#700,2.);
#700 = AXIS2_PLACEMENT_3D('',#701,#702,#703);
#701 = CARTESIAN_POINT('',(8.,92.,6.));
#702 = DIRECTION('',(0.,0.,1.));
#703 = DIRECTION('',(-1.,-0.,0.));
#704 = DEFINITIONAL_REPRESENTATION('',(#705),#709);
#705 = LINE('',#706,#707);
#706 = CARTESIAN_POINT('',(-0.,1.));
#707 = VECTOR('',#708,1.);
#708 = DIRECTION('',(-1.,0.));
#709 = ( GEOMETRIC_REPRESENTATION_CONTEXT(2)
PARAMETRIC_REPRESENTATION_CONTEXT() REPRESENTATION_CONTEXT('2D SPACE',''
  ) );
#710 = ORIENTED_EDGE('',*,*,#711,.T.);
#711 = EDGE_CURVE('',#683,#289,#712,.T.);
#712 = SURFACE_CURVE('',#713,(#718,#724),.PCURVE_S1.);
#713 = CIRCLE('',#714,1.);
#714 = AXIS2_PLACEMENT_3D('',#715,#716,#717);
#715 = CARTESIAN_POINT('',(8.,93.,7.));
#716 = DIRECTION('',(-1.,-6.123233995737E-17,0.));
#717 = DIRECTION('',(-6.123233995737E-17,1.,0.));
#718 = PCURVE('',#335,#719);
#719 = DEFINITIONAL_REPRESENTATION('',(#720),#723);
#720 = B_SPLINE_CURVE_WITH_KNOTS('',1,(#721,#722),.UNSPECIFIED.,.F.,.F.,
  (2,2),(0.,1.570796326795),.PIECEWISE_BEZIER_KNOTS.);
#721 = CARTESIAN_POINT('',(1.570796326795,0.));
#722 = CARTESIAN_POINT('',(1.570796326795,1.570796326795));
#723 = ( GEOMETRIC_REPRESENTATION_CONTEXT(2)
PARAMETRIC_REPRESENTATION_CONTEXT() REPRESENTATION_CONTEXT('2D SPACE',''
  ) );
#724 = PCURVE('',#304,#725);
#725 = DEFINITIONAL_REPRESENTATION('',(#726),#729);
#726 = B_SPLINE_CURVE_WITH_KNOTS('',1,(#727,#728),.UNSPECIFIED.,.F.,.F.,
  (2,2),(0.,1.570796326795),.PIECEWISE_BEZIER_KNOTS.);
#727 = CARTESIAN_POINT('',(0.,0.));
#728 = CARTESIAN_POINT('',(-1.570796326795,0.));
#729 = ( GEOMETRIC_REPRESENTATION_CONTEXT(2)
PARAMETRIC_REPRESENTATION_CONTEXT() REPRESENTATION_CONTEXT('2D SPACE',''
  ) );
#730 = ORIENTED_EDGE('',*,*,#316,.F.);
#731 = ADVANCED_FACE('',(#732),#131,.T.);
#732 = FACE_BOUND('',#733,.T.);
#733 = EDGE_LOOP('',(#734,#758,#759,#760));
#734 = ORIENTED_EDGE('',*,*,#735,.T.);
#735 = EDGE_CURVE('',#736,#116,#738,.T.);
#736 = VERTEX_POINT('',#737);
#737 = CARTESIAN_POINT('',(14.,4.,6.6));
#738 = SURFACE_CURVE('',#739,(#744,#751),.PCURVE_S1.);
#739 = CIRCLE('',#740,0.6);
#740 = AXIS2_PLACEMENT_3D('',#741,#742,#743);
#741 = CARTESIAN_POINT('',(13.4,4.,6.6));
#742 = DIRECTION('',(-0.,1.,0.));
#743 = DIRECTION('',(0.,0.,1.));
#744 = PCURVE('',#131,#745);
#745 = DEFINITIONAL_REPRESENTATION('',(#746),#750);
#746 = LINE('',#747,#748);
#747 = CARTESIAN_POINT('',(-1.570796326795,0.));
#748 = VECTOR('',#749,1.);
#749 = DIRECTION('',(1.,0.));
#750 = ( GEOMETRIC_REPRESENTATION_CONTEXT(2)
PARAMETRIC_REPRESENTATION_CONTEXT() REPRESENTATION_CONTEXT('2D SPACE',''
  ) );
#751 = PCURVE('',#159,#752);
#752 = DEFINITIONAL_REPRESENTATION('',(#753),#757);
#753 = CIRCLE('',#754,0.6);
#754 = AXIS2_PLACEMENT_2D('',#755,#756);
#755 = CARTESIAN_POINT('',(3.6,10.4));
#756 = DIRECTION('',(1.,0.));
#757 = ( GEOMETRIC_REPRESENTATION_CONTEXT(2)
PARAMETRIC_REPRESENTATION_CONTEXT() REPRESENTATION_CONTEXT('2D SPACE',''
  ) );
#758 = ORIENTED_EDGE('',*,*,#115,.T.);
#759 = ORIENTED_EDGE('',*,*,#625,.F.);
#760 = ORIENTED_EDGE('',*,*,#761,.F.);
#761 = EDGE_CURVE('',#736,#598,#762,.T.);
#762 = SURFACE_CURVE('',#763,(#767,#774),.PCURVE_S1.);
#763 = LINE('',#764,#765);
#764 = CARTESIAN_POINT('',(14.,4.,6.6));
#765 = VECTOR('',#766,1.);
#766 = DIRECTION('',(-0.,1.,0.));
#767 = PCURVE('',#131,#768);
#768 = DEFINITIONAL_REPRESENTATION('',(#769),#773);
#769 = LINE('',#770,#771);
#770 = CARTESIAN_POINT('',(0.,0.));
#771 = VECTOR('',#772,1.);
#772 = DIRECTION('',(0.,1.));
#773 = ( GEOMETRIC_REPRESENTATION_CONTEXT(2)
PARAMETRIC_REPRESENTATION_CONTEXT() REPRESENTATION_CONTEXT('2D SPACE',''
  ) );
#774 = PCURVE('',#613,#775);
#775 = DEFINITIONAL_REPRESENTATION('',(#776),#780);
#776 = LINE('',#777,#778);
#777 = CARTESIAN_POINT('',(0.6,0.));
#778 = VECTOR('',#779,1.);
#779 = DIRECTION('',(0.,-1.));
#780 = ( GEOMETRIC_REPRESENTATION_CONTEXT(2)
PARAMETRIC_REPRESENTATION_CONTEXT() REPRESENTATION_CONTEXT('2D SPACE',''
  ) );
#781 = ADVANCED_FACE('',(#782),#304,.F.);
#782 = FACE_BOUND('',#783,.T.);
#783 = EDGE_LOOP('',(#784,#785,#786,#808));
#784 = ORIENTED_EDGE('',*,*,#711,.T.);
#785 = ORIENTED_EDGE('',*,*,#288,.T.);
#786 = ORIENTED_EDGE('',*,*,#787,.F.);
#787 = EDGE_CURVE('',#788,#256,#790,.T.);
#788 = VERTEX_POINT('',#789);
#789 = CARTESIAN_POINT('',(88.,94.,7.));
#790 = SURFACE_CURVE('',#791,(#796,#802),.PCURVE_S1.);
#791 = CIRCLE('',#792,1.);
#792 = AXIS2_PLACEMENT_3D('',#793,#794,#795);
#793 = CARTESIAN_POINT('',(88.,93.,7.));
#794 = DIRECTION('',(-1.,0.,0.));
#795 = DIRECTION('',(0.,1.,0.));
#796 = PCURVE('',#304,#797);
#797 = DEFINITIONAL_REPRESENTATION('',(#798),#801);
#798 = B_SPLINE_CURVE_WITH_KNOTS('',1,(#799,#800),.UNSPECIFIED.,.F.,.F.,
  (2,2),(0.,1.570796326795),.PIECEWISE_BEZIER_KNOTS.);
#799 = CARTESIAN_POINT('',(0.,80.));
#800 = CARTESIAN_POINT('',(-1.570796326795,80.));
#801 = ( GEOMETRIC_REPRESENTATION_CONTEXT(2)
PARAMETRIC_REPRESENTATION_CONTEXT() REPRESENTATION_CONTEXT('2D SPACE',''
  ) );
#802 = PCURVE('',#276,#803);
#803 = DEFINITIONAL_REPRESENTATION('',(#804),#807);
#804 = B_SPLINE_CURVE_WITH_KNOTS('',1,(#805,#806),.UNSPECIFIED.,.F.,.F.,
  (2,2),(0.,1.570796326795),.PIECEWISE_BEZIER_KNOTS.);
#805 = CARTESIAN_POINT('',(0.,0.));
#806 = CARTESIAN_POINT('',(0.,1.570796326795));
#807 = ( GEOMETRIC_REPRESENTATION_CONTEXT(2)
PARAMETRIC_REPRESENTATION_CONTEXT() REPRESENTATION_CONTEXT('2D SPACE',''
  ) );
#808 = ORIENTED_EDGE('',*,*,#809,.F.);
#809 = EDGE_CURVE('',#683,#788,#810,.T.);
#810 = SURFACE_CURVE('',#811,(#815,#822),.PCURVE_S1.);
#811 = LINE('',#812,#813);
#812 = CARTESIAN_POINT('',(8.,94.,7.));
#813 = VECTOR('',#814,1.);
#814 = DIRECTION('',(1.,0.,-0.));
#815 = PCURVE('',#304,#816);
#816 = DEFINITIONAL_REPRESENTATION('',(#817),#821);
#817 = LINE('',#818,#819);
#818 = CARTESIAN_POINT('',(-0.,0.));
#819 = VECTOR('',#820,1.);
#820 = DIRECTION('',(-0.,1.));
#821 = ( GEOMETRIC_REPRESENTATION_CONTEXT(2)
PARAMETRIC_REPRESENTATION_CONTEXT() REPRESENTATION_CONTEXT('2D SPACE',''
  ) );
#822 = PCURVE('',#823,#828);
#823 = PLANE('',#824);
#824 = AXIS2_PLACEMENT_3D('',#825,#826,#827);
#825 = CARTESIAN_POINT('',(6.,94.,6.));
#826 = DIRECTION('',(-0.,1.,0.));
#827 = DIRECTION('',(0.,0.,1.));
#828 = DEFINITIONAL_REPRESENTATION('',(#829),#833);
#829 = LINE('',#830,#831);
#830 = CARTESIAN_POINT('',(1.,2.));
#831 = VECTOR('',#832,1.);
#832 = DIRECTION('',(0.,1.));
#833 = ( GEOMETRIC_REPRESENTATION_CONTEXT(2)
PARAMETRIC_REPRESENTATION_CONTEXT() REPRESENTATION_CONTEXT('2D SPACE',''
  ) );
#834 = ADVANCED_FACE('',(#835,#1073,#1099,#1130,#1161,#1602),#159,.F.);
#835 = FACE_BOUND('',#836,.F.);
#836 = EDGE_LOOP('',(#837,#867,#900,#928,#957,#985,#1018,#1046));
#837 = ORIENTED_EDGE('',*,*,#838,.F.);
#838 = EDGE_CURVE('',#839,#841,#843,.T.);
#839 = VERTEX_POINT('',#840);
#840 = CARTESIAN_POINT('',(6.,4.,3.));
#841 = VERTEX_POINT('',#842);
#842 = CARTESIAN_POINT('',(90.,4.,3.));
#843 = SURFACE_CURVE('',#844,(#848,#855),.PCURVE_S1.);
#844 = LINE('',#845,#846);
#845 = CARTESIAN_POINT('',(3.,4.,3.));
#846 = VECTOR('',#847,1.);
#847 = DIRECTION('',(1.,0.,-0.));
#848 = PCURVE('',#159,#849);
#849 = DEFINITIONAL_REPRESENTATION('',(#850),#854);
#850 = LINE('',#851,#852);
#851 = CARTESIAN_POINT('',(0.,0.));
#852 = VECTOR('',#853,1.);
#853 = DIRECTION('',(0.,1.));
#854 = ( GEOMETRIC_REPRESENTATION_CONTEXT(2)
PARAMETRIC_REPRESENTATION_CONTEXT() REPRESENTATION_CONTEXT('2D SPACE',''
  ) );
#855 = PCURVE('',#856,#861);
#856 = PLANE('',#857);
#857 = AXIS2_PLACEMENT_3D('',#858,#859,#860);
#858 = CARTESIAN_POINT('',(3.,-1.,3.));
#859 = DIRECTION('',(0.,0.,1.));
#860 = DIRECTION('',(1.,0.,-0.));
#861 = DEFINITIONAL_REPRESENTATION('',(#862),#866);
#862 = LINE('',#863,#864);
#863 = CARTESIAN_POINT('',(0.,5.));
#864 = VECTOR('',#865,1.);
#865 = DIRECTION('',(1.,0.));
#866 = ( GEOMETRIC_REPRESENTATION_CONTEXT(2)
PARAMETRIC_REPRESENTATION_CONTEXT() REPRESENTATION_CONTEXT('2D SPACE',''
  ) );
#867 = ORIENTED_EDGE('',*,*,#868,.F.);
#868 = EDGE_CURVE('',#869,#839,#871,.T.);
#869 = VERTEX_POINT('',#870);
#870 = CARTESIAN_POINT('',(3.,4.,6.));
#871 = SURFACE_CURVE('',#872,(#877,#888),.PCURVE_S1.);
#872 = CIRCLE('',#873,3.);
#873 = AXIS2_PLACEMENT_3D('',#874,#875,#876);
#874 = CARTESIAN_POINT('',(6.,4.,6.));
#875 = DIRECTION('',(0.,-1.,0.));
#876 = DIRECTION('',(0.,0.,1.));
#877 = PCURVE('',#159,#878);
#878 = DEFINITIONAL_REPRESENTATION('',(#879),#887);
#879 = ( BOUNDED_CURVE() B_SPLINE_CURVE(2,(#880,#881,#882,#883,#884,#885
,#886),.UNSPECIFIED.,.T.,.F.) B_SPLINE_CURVE_WITH_KNOTS((1,2,2,2,2,1),(
    -2.094395102393,0.,2.094395102393,4.188790204786,6.28318530718,
8.377580409573),.UNSPECIFIED.) CURVE() GEOMETRIC_REPRESENTATION_ITEM()
RATIONAL_B_SPLINE_CURVE((1.,0.5,1.,0.5,1.,0.5,1.)) REPRESENTATION_ITEM(
  '') );
#880 = CARTESIAN_POINT('',(6.,3.));
#881 = CARTESIAN_POINT('',(6.,-2.196152422707));
#882 = CARTESIAN_POINT('',(1.5,0.401923788647));
#883 = CARTESIAN_POINT('',(-3.,3.));
#884 = CARTESIAN_POINT('',(1.5,5.598076211353));
#885 = CARTESIAN_POINT('',(6.,8.196152422707));
#886 = CARTESIAN_POINT('',(6.,3.));
#887 = ( GEOMETRIC_REPRESENTATION_CONTEXT(2)
PARAMETRIC_REPRESENTATION_CONTEXT() REPRESENTATION_CONTEXT('2D SPACE',''
  ) );
#888 = PCURVE('',#889,#894);
#889 = CYLINDRICAL_SURFACE('',#890,3.);
#890 = AXIS2_PLACEMENT_3D('',#891,#892,#893);
#891 = CARTESIAN_POINT('',(6.,-1.,6.));
#892 = DIRECTION('',(-0.,1.,0.));
#893 = DIRECTION('',(-1.,-0.,0.));
#894 = DEFINITIONAL_REPRESENTATION('',(#895),#899);
#895 = LINE('',#896,#897);
#896 = CARTESIAN_POINT('',(1.570796326795,5.));
#897 = VECTOR('',#898,1.);
#898 = DIRECTION('',(-1.,0.));
#899 = ( GEOMETRIC_REPRESENTATION_CONTEXT(2)
PARAMETRIC_REPRESENTATION_CONTEXT() REPRESENTATION_CONTEXT('2D SPACE',''
  ) );
#900 = ORIENTED_EDGE('',*,*,#901,.T.);
#901 = EDGE_CURVE('',#869,#902,#904,.T.);
#902 = VERTEX_POINT('',#903);
#903 = CARTESIAN_POINT('',(3.,4.,152.));
#904 = SURFACE_CURVE('',#905,(#909,#916),.PCURVE_S1.);
#905 = LINE('',#906,#907);
#906 = CARTESIAN_POINT('',(3.,4.,3.));
#907 = VECTOR('',#908,1.);
#908 = DIRECTION('',(0.,0.,1.));
#909 = PCURVE('',#159,#910);
#910 = DEFINITIONAL_REPRESENTATION('',(#911),#915);
#911 = LINE('',#912,#913);
#912 = CARTESIAN_POINT('',(0.,0.));
#913 = VECTOR('',#914,1.);
#914 = DIRECTION('',(1.,0.));
#915 = ( GEOMETRIC_REPRESENTATION_CONTEXT(2)
PARAMETRIC_REPRESENTATION_CONTEXT() REPRESENTATION_CONTEXT('2D SPACE',''
  ) );
#916 = PCURVE('',#917,#922);
#917 = PLANE('',#918);
#918 = AXIS2_PLACEMENT_3D('',#919,#920,#921);
#919 = CARTESIAN_POINT('',(3.,-1.,3.));
#920 = DIRECTION('',(1.,0.,-0.));
#921 = DIRECTION('',(0.,0.,1.));
#922 = DEFINITIONAL_REPRESENTATION('',(#923),#927);
#923 = LINE('',#924,#925);
#924 = CARTESIAN_POINT('',(0.,-5.));
#925 = VECTOR('',#926,1.);
#926 = DIRECTION('',(1.,0.));
#927 = ( GEOMETRIC_REPRESENTATION_CONTEXT(2)
PARAMETRIC_REPRESENTATION_CONTEXT() REPRESENTATION_CONTEXT('2D SPACE',''
  ) );
#928 = ORIENTED_EDGE('',*,*,#929,.T.);
#929 = EDGE_CURVE('',#902,#930,#932,.T.);
#930 = VERTEX_POINT('',#931);
#931 = CARTESIAN_POINT('',(6.,4.,155.));
#932 = SURFACE_CURVE('',#933,(#938,#945),.PCURVE_S1.);
#933 = CIRCLE('',#934,3.);
#934 = AXIS2_PLACEMENT_3D('',#935,#936,#937);
#935 = CARTESIAN_POINT('',(6.,4.,152.));
#936 = DIRECTION('',(0.,1.,0.));
#937 = DIRECTION('',(-1.,0.,0.));
#938 = PCURVE('',#159,#939);
#939 = DEFINITIONAL_REPRESENTATION('',(#940),#944);
#940 = CIRCLE('',#941,3.);
#941 = AXIS2_PLACEMENT_2D('',#942,#943);
#942 = CARTESIAN_POINT('',(149.,3.));
#943 = DIRECTION('',(0.,-1.));
#944 = ( GEOMETRIC_REPRESENTATION_CONTEXT(2)
PARAMETRIC_REPRESENTATION_CONTEXT() REPRESENTATION_CONTEXT('2D SPACE',''
  ) );
#945 = PCURVE('',#946,#951);
#946 = CYLINDRICAL_SURFACE('',#947,3.);
#947 = AXIS2_PLACEMENT_3D('',#948,#949,#950);
#948 = CARTESIAN_POINT('',(6.,-1.,152.));
#949 = DIRECTION('',(-0.,1.,0.));
#950 = DIRECTION('',(-1.,-0.,0.));
#951 = DEFINITIONAL_REPRESENTATION('',(#952),#956);
#952 = LINE('',#953,#954);
#953 = CARTESIAN_POINT('',(0.,5.));
#954 = VECTOR('',#955,1.);
#955 = DIRECTION('',(1.,0.));
#956 = ( GEOMETRIC_REPRESENTATION_CONTEXT(2)
PARAMETRIC_REPRESENTATION_CONTEXT() REPRESENTATION_CONTEXT('2D SPACE',''
  ) );
#957 = ORIENTED_EDGE('',*,*,#958,.T.);
#958 = EDGE_CURVE('',#930,#959,#961,.T.);
#959 = VERTEX_POINT('',#960);
#960 = CARTESIAN_POINT('',(90.,4.,155.));
#961 = SURFACE_CURVE('',#962,(#966,#973),.PCURVE_S1.);
#962 = LINE('',#963,#964);
#963 = CARTESIAN_POINT('',(6.,4.,155.));
#964 = VECTOR('',#965,1.);
#965 = DIRECTION('',(1.,0.,0.));
#966 = PCURVE('',#159,#967);
#967 = DEFINITIONAL_REPRESENTATION('',(#968),#972);
#968 = LINE('',#969,#970);
#969 = CARTESIAN_POINT('',(152.,3.));
#970 = VECTOR('',#971,1.);
#971 = DIRECTION('',(0.,1.));
#972 = ( GEOMETRIC_REPRESENTATION_CONTEXT(2)
PARAMETRIC_REPRESENTATION_CONTEXT() REPRESENTATION_CONTEXT('2D SPACE',''
  ) );
#973 = PCURVE('',#974,#979);
#974 = PLANE('',#975);
#975 = AXIS2_PLACEMENT_3D('',#976,#977,#978);
#976 = CARTESIAN_POINT('',(3.,-1.,155.));
#977 = DIRECTION('',(0.,0.,1.));
#978 = DIRECTION('',(1.,0.,-0.));
#979 = DEFINITIONAL_REPRESENTATION('',(#980),#984);
#980 = LINE('',#981,#982);
#981 = CARTESIAN_POINT('',(3.,5.));
#982 = VECTOR('',#983,1.);
#983 = DIRECTION('',(1.,0.));
#984 = ( GEOMETRIC_REPRESENTATION_CONTEXT(2)
PARAMETRIC_REPRESENTATION_CONTEXT() REPRESENTATION_CONTEXT('2D SPACE',''
  ) );
#985 = ORIENTED_EDGE('',*,*,#986,.F.);
#986 = EDGE_CURVE('',#987,#959,#989,.T.);
#987 = VERTEX_POINT('',#988);
#988 = CARTESIAN_POINT('',(93.,4.,152.));
#989 = SURFACE_CURVE('',#990,(#995,#1006),.PCURVE_S1.);
#990 = CIRCLE('',#991,3.);
#991 = AXIS2_PLACEMENT_3D('',#992,#993,#994);
#992 = CARTESIAN_POINT('',(90.,4.,152.));
#993 = DIRECTION('',(0.,-1.,0.));
#994 = DIRECTION('',(1.,0.,0.));
#995 = PCURVE('',#159,#996);
#996 = DEFINITIONAL_REPRESENTATION('',(#997),#1005);
#997 = ( BOUNDED_CURVE() B_SPLINE_CURVE(2,(#998,#999,#1000,#1001,#1002,
#1003,#1004),.UNSPECIFIED.,.T.,.F.) B_SPLINE_CURVE_WITH_KNOTS((1,2,2,2,2
    ,1),(-2.094395102393,0.,2.094395102393,4.188790204786,6.28318530718,
8.377580409573),.UNSPECIFIED.) CURVE() GEOMETRIC_REPRESENTATION_ITEM()
RATIONAL_B_SPLINE_CURVE((1.,0.5,1.,0.5,1.,0.5,1.)) REPRESENTATION_ITEM(
  '') );
#998 = CARTESIAN_POINT('',(149.,90.));
#999 = CARTESIAN_POINT('',(154.1961524227,90.));
#1000 = CARTESIAN_POINT('',(151.59807621135,85.5));
#1001 = CARTESIAN_POINT('',(149.,81.));
#1002 = CARTESIAN_POINT('',(146.40192378864,85.5));
#1003 = CARTESIAN_POINT('',(143.80384757729,90.));
#1004 = CARTESIAN_POINT('',(149.,90.));
#1005 = ( GEOMETRIC_REPRESENTATION_CONTEXT(2)
PARAMETRIC_REPRESENTATION_CONTEXT() REPRESENTATION_CONTEXT('2D SPACE',''
  ) );
#1006 = PCURVE('',#1007,#1012);
#1007 = CYLINDRICAL_SURFACE('',#1008,3.);
#1008 = AXIS2_PLACEMENT_3D('',#1009,#1010,#1011);
#1009 = CARTESIAN_POINT('',(90.,-1.,152.));
#1010 = DIRECTION('',(-0.,1.,0.));
#1011 = DIRECTION('',(1.,0.,-0.));
#1012 = DEFINITIONAL_REPRESENTATION('',(#1013),#1017);
#1013 = LINE('',#1014,#1015);
#1014 = CARTESIAN_POINT('',(-0.,5.));
#1015 = VECTOR('',#1016,1.);
#1016 = DIRECTION('',(-1.,0.));
#1017 = ( GEOMETRIC_REPRESENTATION_CONTEXT(2)
PARAMETRIC_REPRESENTATION_CONTEXT() REPRESENTATION_CONTEXT('2D SPACE',''
  ) );
#1018 = ORIENTED_EDGE('',*,*,#1019,.F.);
#1019 = EDGE_CURVE('',#1020,#987,#1022,.T.);
#1020 = VERTEX_POINT('',#1021);
#1021 = CARTESIAN_POINT('',(93.,4.,6.));
#1022 = SURFACE_CURVE('',#1023,(#1027,#1034),.PCURVE_S1.);
#1023 = LINE('',#1024,#1025);
#1024 = CARTESIAN_POINT('',(93.,4.,3.));
#1025 = VECTOR('',#1026,1.);
#1026 = DIRECTION('',(0.,0.,1.));
#1027 = PCURVE('',#159,#1028);
#1028 = DEFINITIONAL_REPRESENTATION('',(#1029),#1033);
#1029 = LINE('',#1030,#1031);
#1030 = CARTESIAN_POINT('',(0.,90.));
#1031 = VECTOR('',#1032,1.);
#1032 = DIRECTION('',(1.,0.));
#1033 = ( GEOMETRIC_REPRESENTATION_CONTEXT(2)
PARAMETRIC_REPRESENTATION_CONTEXT() REPRESENTATION_CONTEXT('2D SPACE',''
  ) );
#1034 = PCURVE('',#1035,#1040);
#1035 = PLANE('',#1036);
#1036 = AXIS2_PLACEMENT_3D('',#1037,#1038,#1039);
#1037 = CARTESIAN_POINT('',(93.,-1.,3.));
#1038 = DIRECTION('',(1.,0.,-0.));
#1039 = DIRECTION('',(0.,0.,1.));
#1040 = DEFINITIONAL_REPRESENTATION('',(#1041),#1045);
#1041 = LINE('',#1042,#1043);
#1042 = CARTESIAN_POINT('',(0.,-5.));
#1043 = VECTOR('',#1044,1.);
#1044 = DIRECTION('',(1.,0.));
#1045 = ( GEOMETRIC_REPRESENTATION_CONTEXT(2)
PARAMETRIC_REPRESENTATION_CONTEXT() REPRESENTATION_CONTEXT('2D SPACE',''
  ) );
#1046 = ORIENTED_EDGE('',*,*,#1047,.T.);
#1047 = EDGE_CURVE('',#1020,#841,#1048,.T.);
#1048 = SURFACE_CURVE('',#1049,(#1054,#1061),.PCURVE_S1.);
#1049 = CIRCLE('',#1050,3.);
#1050 = AXIS2_PLACEMENT_3D('',#1051,#1052,#1053);
#1051 = CARTESIAN_POINT('',(90.,4.,6.));
#1052 = DIRECTION('',(-0.,1.,0.));
#1053 = DIRECTION('',(0.,0.,1.));
#1054 = PCURVE('',#159,#1055);
#1055 = DEFINITIONAL_REPRESENTATION('',(#1056),#1060);
#1056 = CIRCLE('',#1057,3.);
#1057 = AXIS2_PLACEMENT_2D('',#1058,#1059);
#1058 = CARTESIAN_POINT('',(3.,87.));
#1059 = DIRECTION('',(1.,0.));
#1060 = ( GEOMETRIC_REPRESENTATION_CONTEXT(2)
PARAMETRIC_REPRESENTATION_CONTEXT() REPRESENTATION_CONTEXT('2D SPACE',''
  ) );
#1061 = PCURVE('',#1062,#1067);
#1062 = CYLINDRICAL_SURFACE('',#1063,3.);
#1063 = AXIS2_PLACEMENT_3D('',#1064,#1065,#1066);
#1064 = CARTESIAN_POINT('',(90.,-1.,6.));
#1065 = DIRECTION('',(-0.,1.,0.));
#1066 = DIRECTION('',(1.,0.,-0.));
#1067 = DEFINITIONAL_REPRESENTATION('',(#1068),#1072);
#1068 = LINE('',#1069,#1070);
#1069 = CARTESIAN_POINT('',(-1.570796326795,5.));
#1070 = VECTOR('',#1071,1.);
#1071 = DIRECTION('',(1.,0.));
#1072 = ( GEOMETRIC_REPRESENTATION_CONTEXT(2)
PARAMETRIC_REPRESENTATION_CONTEXT() REPRESENTATION_CONTEXT('2D SPACE',''
  ) );
#1073 = FACE_BOUND('',#1074,.F.);
#1074 = EDGE_LOOP('',(#1075));
#1075 = ORIENTED_EDGE('',*,*,#1076,.F.);
#1076 = EDGE_CURVE('',#1077,#1077,#1079,.T.);
#1077 = VERTEX_POINT('',#1078);
#1078 = CARTESIAN_POINT('',(9.,4.,11.4));
#1079 = SURFACE_CURVE('',#1080,(#1085,#1092),.PCURVE_S1.);
#1080 = CIRCLE('',#1081,1.4);
#1081 = AXIS2_PLACEMENT_3D('',#1082,#1083,#1084);
#1082 = CARTESIAN_POINT('',(9.,4.,10.));
#1083 = DIRECTION('',(0.,1.,0.));
#1084 = DIRECTION('',(0.,-0.,1.));
#1085 = PCURVE('',#159,#1086);
#1086 = DEFINITIONAL_REPRESENTATION('',(#1087),#1091);
#1087 = CIRCLE('',#1088,1.4);
#1088 = AXIS2_PLACEMENT_2D('',#1089,#1090);
#1089 = CARTESIAN_POINT('',(7.,6.));
#1090 = DIRECTION('',(1.,0.));
#1091 = ( GEOMETRIC_REPRESENTATION_CONTEXT(2)
PARAMETRIC_REPRESENTATION_CONTEXT() REPRESENTATION_CONTEXT('2D SPACE',''
  ) );
#1092 = PCURVE('',#666,#1093);
#1093 = DEFINITIONAL_REPRESENTATION('',(#1094),#1098);
#1094 = LINE('',#1095,#1096);
#1095 = CARTESIAN_POINT('',(0.,1.));
#1096 = VECTOR('',#1097,1.);
#1097 = DIRECTION('',(1.,0.));
#1098 = ( GEOMETRIC_REPRESENTATION_CONTEXT(2)
PARAMETRIC_REPRESENTATION_CONTEXT() REPRESENTATION_CONTEXT('2D SPACE',''
  ) );
#1099 = FACE_BOUND('',#1100,.F.);
#1100 = EDGE_LOOP('',(#1101));
#1101 = ORIENTED_EDGE('',*,*,#1102,.F.);
#1102 = EDGE_CURVE('',#1103,#1103,#1105,.T.);
#1103 = VERTEX_POINT('',#1104);
#1104 = CARTESIAN_POINT('',(9.,4.,149.4));
#1105 = SURFACE_CURVE('',#1106,(#1111,#1118),.PCURVE_S1.);
#1106 = CIRCLE('',#1107,1.4);
#1107 = AXIS2_PLACEMENT_3D('',#1108,#1109,#1110);
#1108 = CARTESIAN_POINT('',(9.,4.,148.));
#1109 = DIRECTION('',(0.,1.,0.));
#1110 = DIRECTION('',(0.,-0.,1.));
#1111 = PCURVE('',#159,#1112);
#1112 = DEFINITIONAL_REPRESENTATION('',(#1113),#1117);
#1113 = CIRCLE('',#1114,1.4);
#1114 = AXIS2_PLACEMENT_2D('',#1115,#1116);
#1115 = CARTESIAN_POINT('',(145.,6.));
#1116 = DIRECTION('',(1.,0.));
#1117 = ( GEOMETRIC_REPRESENTATION_CONTEXT(2)
PARAMETRIC_REPRESENTATION_CONTEXT() REPRESENTATION_CONTEXT('2D SPACE',''
  ) );
#1118 = PCURVE('',#1119,#1124);
#1119 = CYLINDRICAL_SURFACE('',#1120,1.4);
#1120 = AXIS2_PLACEMENT_3D('',#1121,#1122,#1123);
#1121 = CARTESIAN_POINT('',(9.,3.,148.));
#1122 = DIRECTION('',(0.,1.,0.));
#1123 = DIRECTION('',(0.,-0.,1.));
#1124 = DEFINITIONAL_REPRESENTATION('',(#1125),#1129);
#1125 = LINE('',#1126,#1127);
#1126 = CARTESIAN_POINT('',(0.,1.));
#1127 = VECTOR('',#1128,1.);
#1128 = DIRECTION('',(1.,0.));
#1129 = ( GEOMETRIC_REPRESENTATION_CONTEXT(2)
PARAMETRIC_REPRESENTATION_CONTEXT() REPRESENTATION_CONTEXT('2D SPACE',''
  ) );
#1130 = FACE_BOUND('',#1131,.F.);
#1131 = EDGE_LOOP('',(#1132));
#1132 = ORIENTED_EDGE('',*,*,#1133,.F.);
#1133 = EDGE_CURVE('',#1134,#1134,#1136,.T.);
#1134 = VERTEX_POINT('',#1135);
#1135 = CARTESIAN_POINT('',(87.,4.,11.4));
#1136 = SURFACE_CURVE('',#1137,(#1142,#1149),.PCURVE_S1.);
#1137 = CIRCLE('',#1138,1.4);
#1138 = AXIS2_PLACEMENT_3D('',#1139,#1140,#1141);
#1139 = CARTESIAN_POINT('',(87.,4.,10.));
#1140 = DIRECTION('',(0.,1.,0.));
#1141 = DIRECTION('',(0.,-0.,1.));
#1142 = PCURVE('',#159,#1143);
#1143 = DEFINITIONAL_REPRESENTATION('',(#1144),#1148);
#1144 = CIRCLE('',#1145,1.4);
#1145 = AXIS2_PLACEMENT_2D('',#1146,#1147);
#1146 = CARTESIAN_POINT('',(7.,84.));
#1147 = DIRECTION('',(1.,0.));
#1148 = ( GEOMETRIC_REPRESENTATION_CONTEXT(2)
PARAMETRIC_REPRESENTATION_CONTEXT() REPRESENTATION_CONTEXT('2D SPACE',''
  ) );
#1149 = PCURVE('',#1150,#1155);
#1150 = CYLINDRICAL_SURFACE('',#1151,1.4);
#1151 = AXIS2_PLACEMENT_3D('',#1152,#1153,#1154);
#1152 = CARTESIAN_POINT('',(87.,3.,10.));
#1153 = DIRECTION('',(0.,1.,0.));
#1154 = DIRECTION('',(0.,-0.,1.));
#1155 = DEFINITIONAL_REPRESENTATION('',(#1156),#1160);
#1156 = LINE('',#1157,#1158);
#1157 = CARTESIAN_POINT('',(0.,1.));
#1158 = VECTOR('',#1159,1.);
#1159 = DIRECTION('',(1.,0.));
#1160 = ( GEOMETRIC_REPRESENTATION_CONTEXT(2)
PARAMETRIC_REPRESENTATION_CONTEXT() REPRESENTATION_CONTEXT('2D SPACE',''
  ) );
#1161 = FACE_BOUND('',#1162,.F.);
#1162 = EDGE_LOOP('',(#1163,#1193,#1222,#1250,#1278,#1306,#1335,#1363,
    #1390,#1418,#1451,#1479,#1502,#1525,#1553,#1574,#1575,#1576));
#1163 = ORIENTED_EDGE('',*,*,#1164,.F.);
#1164 = EDGE_CURVE('',#1165,#1167,#1169,.T.);
#1165 = VERTEX_POINT('',#1166);
#1166 = CARTESIAN_POINT('',(82.,4.,14.4));
#1167 = VERTEX_POINT('',#1168);
#1168 = CARTESIAN_POINT('',(82.,4.,6.6));
#1169 = SURFACE_CURVE('',#1170,(#1174,#1181),.PCURVE_S1.);
#1170 = LINE('',#1171,#1172);
#1171 = CARTESIAN_POINT('',(82.,4.,14.4));
#1172 = VECTOR('',#1173,1.);
#1173 = DIRECTION('',(0.,0.,-1.));
#1174 = PCURVE('',#159,#1175);
#1175 = DEFINITIONAL_REPRESENTATION('',(#1176),#1180);
#1176 = LINE('',#1177,#1178);
#1177 = CARTESIAN_POINT('',(11.4,79.));
#1178 = VECTOR('',#1179,1.);
#1179 = DIRECTION('',(-1.,0.));
#1180 = ( GEOMETRIC_REPRESENTATION_CONTEXT(2)
PARAMETRIC_REPRESENTATION_CONTEXT() REPRESENTATION_CONTEXT('2D SPACE',''
  ) );
#1181 = PCURVE('',#1182,#1187);
#1182 = PLANE('',#1183);
#1183 = AXIS2_PLACEMENT_3D('',#1184,#1185,#1186);
#1184 = CARTESIAN_POINT('',(82.,4.,6.));
#1185 = DIRECTION('',(1.,0.,-0.));
#1186 = DIRECTION('',(0.,0.,1.));
#1187 = DEFINITIONAL_REPRESENTATION('',(#1188),#1192);
#1188 = LINE('',#1189,#1190);
#1189 = CARTESIAN_POINT('',(8.4,0.));
#1190 = VECTOR('',#1191,1.);
#1191 = DIRECTION('',(-1.,0.));
#1192 = ( GEOMETRIC_REPRESENTATION_CONTEXT(2)
PARAMETRIC_REPRESENTATION_CONTEXT() REPRESENTATION_CONTEXT('2D SPACE',''
  ) );
#1193 = ORIENTED_EDGE('',*,*,#1194,.T.);
#1194 = EDGE_CURVE('',#1165,#1195,#1197,.T.);
#1195 = VERTEX_POINT('',#1196);
#1196 = CARTESIAN_POINT('',(82.6,4.,15.));
#1197 = SURFACE_CURVE('',#1198,(#1203,#1210),.PCURVE_S1.);
#1198 = CIRCLE('',#1199,0.6);
#1199 = AXIS2_PLACEMENT_3D('',#1200,#1201,#1202);
#1200 = CARTESIAN_POINT('',(82.6,4.,14.4));
#1201 = DIRECTION('',(-0.,1.,0.));
#1202 = DIRECTION('',(0.,0.,1.));
#1203 = PCURVE('',#159,#1204);
#1204 = DEFINITIONAL_REPRESENTATION('',(#1205),#1209);
#1205 = CIRCLE('',#1206,0.6);
#1206 = AXIS2_PLACEMENT_2D('',#1207,#1208);
#1207 = CARTESIAN_POINT('',(11.4,79.6));
#1208 = DIRECTION('',(1.,0.));
#1209 = ( GEOMETRIC_REPRESENTATION_CONTEXT(2)
PARAMETRIC_REPRESENTATION_CONTEXT() REPRESENTATION_CONTEXT('2D SPACE',''
  ) );
#1210 = PCURVE('',#1211,#1216);
#1211 = CYLINDRICAL_SURFACE('',#1212,0.6);
#1212 = AXIS2_PLACEMENT_3D('',#1213,#1214,#1215);
#1213 = CARTESIAN_POINT('',(82.6,4.,14.4));
#1214 = DIRECTION('',(-0.,1.,0.));
#1215 = DIRECTION('',(-1.,-0.,0.));
#1216 = DEFINITIONAL_REPRESENTATION('',(#1217),#1221);
#1217 = LINE('',#1218,#1219);
#1218 = CARTESIAN_POINT('',(-4.712388980385,0.));
#1219 = VECTOR('',#1220,1.);
#1220 = DIRECTION('',(1.,0.));
#1221 = ( GEOMETRIC_REPRESENTATION_CONTEXT(2)
PARAMETRIC_REPRESENTATION_CONTEXT() REPRESENTATION_CONTEXT('2D SPACE',''
  ) );
#1222 = ORIENTED_EDGE('',*,*,#1223,.F.);
#1223 = EDGE_CURVE('',#1224,#1195,#1226,.T.);
#1224 = VERTEX_POINT('',#1225);
#1225 = CARTESIAN_POINT('',(90.,4.,15.));
#1226 = SURFACE_CURVE('',#1227,(#1231,#1238),.PCURVE_S1.);
#1227 = LINE('',#1228,#1229);
#1228 = CARTESIAN_POINT('',(90.,4.,15.));
#1229 = VECTOR('',#1230,1.);
#1230 = DIRECTION('',(-1.,0.,0.));
#1231 = PCURVE('',#159,#1232);
#1232 = DEFINITIONAL_REPRESENTATION('',(#1233),#1237);
#1233 = LINE('',#1234,#1235);
#1234 = CARTESIAN_POINT('',(12.,87.));
#1235 = VECTOR('',#1236,1.);
#1236 = DIRECTION('',(0.,-1.));
#1237 = ( GEOMETRIC_REPRESENTATION_CONTEXT(2)
PARAMETRIC_REPRESENTATION_CONTEXT() REPRESENTATION_CONTEXT('2D SPACE',''
  ) );
#1238 = PCURVE('',#1239,#1244);
#1239 = PLANE('',#1240);
#1240 = AXIS2_PLACEMENT_3D('',#1241,#1242,#1243);
#1241 = CARTESIAN_POINT('',(82.,4.,15.));
#1242 = DIRECTION('',(0.,0.,1.));
#1243 = DIRECTION('',(1.,0.,-0.));
#1244 = DEFINITIONAL_REPRESENTATION('',(#1245),#1249);
#1245 = LINE('',#1246,#1247);
#1246 = CARTESIAN_POINT('',(8.,0.));
#1247 = VECTOR('',#1248,1.);
#1248 = DIRECTION('',(-1.,0.));
#1249 = ( GEOMETRIC_REPRESENTATION_CONTEXT(2)
PARAMETRIC_REPRESENTATION_CONTEXT() REPRESENTATION_CONTEXT('2D SPACE',''
  ) );
#1250 = ORIENTED_EDGE('',*,*,#1251,.T.);
#1251 = EDGE_CURVE('',#1224,#1252,#1254,.T.);
#1252 = VERTEX_POINT('',#1253);
#1253 = CARTESIAN_POINT('',(90.,4.,135.));
#1254 = SURFACE_CURVE('',#1255,(#1259,#1266),.PCURVE_S1.);
#1255 = LINE('',#1256,#1257);
#1256 = CARTESIAN_POINT('',(90.,4.,4.5));
#1257 = VECTOR('',#1258,1.);
#1258 = DIRECTION('',(0.,0.,1.));
#1259 = PCURVE('',#159,#1260);
#1260 = DEFINITIONAL_REPRESENTATION('',(#1261),#1265);
#1261 = LINE('',#1262,#1263);
#1262 = CARTESIAN_POINT('',(1.5,87.));
#1263 = VECTOR('',#1264,1.);
#1264 = DIRECTION('',(1.,0.));
#1265 = ( GEOMETRIC_REPRESENTATION_CONTEXT(2)
PARAMETRIC_REPRESENTATION_CONTEXT() REPRESENTATION_CONTEXT('2D SPACE',''
  ) );
#1266 = PCURVE('',#1267,#1272);
#1267 = PLANE('',#1268);
#1268 = AXIS2_PLACEMENT_3D('',#1269,#1270,#1271);
#1269 = CARTESIAN_POINT('',(90.,8.,6.));
#1270 = DIRECTION('',(1.,0.,-0.));
#1271 = DIRECTION('',(0.,0.,1.));
#1272 = DEFINITIONAL_REPRESENTATION('',(#1273),#1277);
#1273 = LINE('',#1274,#1275);
#1274 = CARTESIAN_POINT('',(-1.5,4.));
#1275 = VECTOR('',#1276,1.);
#1276 = DIRECTION('',(1.,0.));
#1277 = ( GEOMETRIC_REPRESENTATION_CONTEXT(2)
PARAMETRIC_REPRESENTATION_CONTEXT() REPRESENTATION_CONTEXT('2D SPACE',''
  ) );
#1278 = ORIENTED_EDGE('',*,*,#1279,.T.);
#1279 = EDGE_CURVE('',#1252,#1280,#1282,.T.);
#1280 = VERTEX_POINT('',#1281);
#1281 = CARTESIAN_POINT('',(82.175735931288,4.,142.82426406871));
#1282 = SURFACE_CURVE('',#1283,(#1287,#1294),.PCURVE_S1.);
#1283 = LINE('',#1284,#1285);
#1284 = CARTESIAN_POINT('',(92.,4.,133.));
#1285 = VECTOR('',#1286,1.);
#1286 = DIRECTION('',(-0.707106781187,0.,0.707106781187));
#1287 = PCURVE('',#159,#1288);
#1288 = DEFINITIONAL_REPRESENTATION('',(#1289),#1293);
#1289 = LINE('',#1290,#1291);
#1290 = CARTESIAN_POINT('',(130.,89.));
#1291 = VECTOR('',#1292,1.);
#1292 = DIRECTION('',(0.707106781187,-0.707106781187));
#1293 = ( GEOMETRIC_REPRESENTATION_CONTEXT(2)
PARAMETRIC_REPRESENTATION_CONTEXT() REPRESENTATION_CONTEXT('2D SPACE',''
  ) );
#1294 = PCURVE('',#1295,#1300);
#1295 = PLANE('',#1296);
#1296 = AXIS2_PLACEMENT_3D('',#1297,#1298,#1299);
#1297 = CARTESIAN_POINT('',(92.,13.,133.));
#1298 = DIRECTION('',(-0.707106781187,-0.,-0.707106781187));
#1299 = DIRECTION('',(-0.707106781187,0.,0.707106781187));
#1300 = DEFINITIONAL_REPRESENTATION('',(#1301),#1305);
#1301 = LINE('',#1302,#1303);
#1302 = CARTESIAN_POINT('',(0.,-9.));
#1303 = VECTOR('',#1304,1.);
#1304 = DIRECTION('',(1.,0.));
#1305 = ( GEOMETRIC_REPRESENTATION_CONTEXT(2)
PARAMETRIC_REPRESENTATION_CONTEXT() REPRESENTATION_CONTEXT('2D SPACE',''
  ) );
#1306 = ORIENTED_EDGE('',*,*,#1307,.T.);
#1307 = EDGE_CURVE('',#1280,#1308,#1310,.T.);
#1308 = VERTEX_POINT('',#1309);
#1309 = CARTESIAN_POINT('',(82.,4.,143.24852813742));
#1310 = SURFACE_CURVE('',#1311,(#1316,#1323),.PCURVE_S1.);
#1311 = CIRCLE('',#1312,0.6);
#1312 = AXIS2_PLACEMENT_3D('',#1313,#1314,#1315);
#1313 = CARTESIAN_POINT('',(82.6,4.,143.24852813742));
#1314 = DIRECTION('',(-0.,1.,0.));
#1315 = DIRECTION('',(0.,0.,-1.));
#1316 = PCURVE('',#159,#1317);
#1317 = DEFINITIONAL_REPRESENTATION('',(#1318),#1322);
#1318 = CIRCLE('',#1319,0.6);
#1319 = AXIS2_PLACEMENT_2D('',#1320,#1321);
#1320 = CARTESIAN_POINT('',(140.24852813742,79.6));
#1321 = DIRECTION('',(-1.,0.));
#1322 = ( GEOMETRIC_REPRESENTATION_CONTEXT(2)
PARAMETRIC_REPRESENTATION_CONTEXT() REPRESENTATION_CONTEXT('2D SPACE',''
  ) );
#1323 = PCURVE('',#1324,#1329);
#1324 = CYLINDRICAL_SURFACE('',#1325,0.6);
#1325 = AXIS2_PLACEMENT_3D('',#1326,#1327,#1328);
#1326 = CARTESIAN_POINT('',(82.6,13.,143.24852813742));
#1327 = DIRECTION('',(0.,-1.,0.));
#1328 = DIRECTION('',(-0.707106781187,-0.,-0.707106781187));
#1329 = DEFINITIONAL_REPRESENTATION('',(#1330),#1334);
#1330 = LINE('',#1331,#1332);
#1331 = CARTESIAN_POINT('',(0.785398163397,9.));
#1332 = VECTOR('',#1333,1.);
#1333 = DIRECTION('',(-1.,0.));
#1334 = ( GEOMETRIC_REPRESENTATION_CONTEXT(2)
PARAMETRIC_REPRESENTATION_CONTEXT() REPRESENTATION_CONTEXT('2D SPACE',''
  ) );
#1335 = ORIENTED_EDGE('',*,*,#1336,.F.);
#1336 = EDGE_CURVE('',#1337,#1308,#1339,.T.);
#1337 = VERTEX_POINT('',#1338);
#1338 = CARTESIAN_POINT('',(82.,4.,154.));
#1339 = SURFACE_CURVE('',#1340,(#1344,#1351),.PCURVE_S1.);
#1340 = LINE('',#1341,#1342);
#1341 = CARTESIAN_POINT('',(82.,4.,154.));
#1342 = VECTOR('',#1343,1.);
#1343 = DIRECTION('',(0.,0.,-1.));
#1344 = PCURVE('',#159,#1345);
#1345 = DEFINITIONAL_REPRESENTATION('',(#1346),#1350);
#1346 = LINE('',#1347,#1348);
#1347 = CARTESIAN_POINT('',(151.,79.));
#1348 = VECTOR('',#1349,1.);
#1349 = DIRECTION('',(-1.,0.));
#1350 = ( GEOMETRIC_REPRESENTATION_CONTEXT(2)
PARAMETRIC_REPRESENTATION_CONTEXT() REPRESENTATION_CONTEXT('2D SPACE',''
  ) );
#1351 = PCURVE('',#1352,#1357);
#1352 = PLANE('',#1353);
#1353 = AXIS2_PLACEMENT_3D('',#1354,#1355,#1356);
#1354 = CARTESIAN_POINT('',(82.,13.,143.));
#1355 = DIRECTION('',(-1.,0.,0.));
#1356 = DIRECTION('',(0.,0.,1.));
#1357 = DEFINITIONAL_REPRESENTATION('',(#1358),#1362);
#1358 = LINE('',#1359,#1360);
#1359 = CARTESIAN_POINT('',(11.,-9.));
#1360 = VECTOR('',#1361,1.);
#1361 = DIRECTION('',(-1.,0.));
#1362 = ( GEOMETRIC_REPRESENTATION_CONTEXT(2)
PARAMETRIC_REPRESENTATION_CONTEXT() REPRESENTATION_CONTEXT('2D SPACE',''
  ) );
#1363 = ORIENTED_EDGE('',*,*,#1364,.T.);
#1364 = EDGE_CURVE('',#1337,#1365,#1367,.T.);
#1365 = VERTEX_POINT('',#1366);
#1366 = CARTESIAN_POINT('',(14.,4.,154.));
#1367 = SURFACE_CURVE('',#1368,(#1372,#1379),.PCURVE_S1.);
#1368 = LINE('',#1369,#1370);
#1369 = CARTESIAN_POINT('',(4.5,4.,154.));
#1370 = VECTOR('',#1371,1.);
#1371 = DIRECTION('',(-1.,-0.,0.));
#1372 = PCURVE('',#159,#1373);
#1373 = DEFINITIONAL_REPRESENTATION('',(#1374),#1378);
#1374 = LINE('',#1375,#1376);
#1375 = CARTESIAN_POINT('',(151.,1.5));
#1376 = VECTOR('',#1377,1.);
#1377 = DIRECTION('',(0.,-1.));
#1378 = ( GEOMETRIC_REPRESENTATION_CONTEXT(2)
PARAMETRIC_REPRESENTATION_CONTEXT() REPRESENTATION_CONTEXT('2D SPACE',''
  ) );
#1379 = PCURVE('',#1380,#1385);
#1380 = PLANE('',#1381);
#1381 = AXIS2_PLACEMENT_3D('',#1382,#1383,#1384);
#1382 = CARTESIAN_POINT('',(6.,-1.,154.));
#1383 = DIRECTION('',(0.,0.,1.));
#1384 = DIRECTION('',(1.,0.,-0.));
#1385 = DEFINITIONAL_REPRESENTATION('',(#1386),#1389);
#1386 = B_SPLINE_CURVE_WITH_KNOTS('',1,(#1387,#1388),.UNSPECIFIED.,.F.,
  .F.,(2,2),(-85.5,-1.5),.PIECEWISE_BEZIER_KNOTS.);
#1387 = CARTESIAN_POINT('',(84.,5.));
#1388 = CARTESIAN_POINT('',(0.,5.));
#1389 = ( GEOMETRIC_REPRESENTATION_CONTEXT(2)
PARAMETRIC_REPRESENTATION_CONTEXT() REPRESENTATION_CONTEXT('2D SPACE',''
  ) );
#1390 = ORIENTED_EDGE('',*,*,#1391,.F.);
#1391 = EDGE_CURVE('',#1392,#1365,#1394,.T.);
#1392 = VERTEX_POINT('',#1393);
#1393 = CARTESIAN_POINT('',(14.,4.,143.24852813742));
#1394 = SURFACE_CURVE('',#1395,(#1399,#1406),.PCURVE_S1.);
#1395 = LINE('',#1396,#1397);
#1396 = CARTESIAN_POINT('',(14.,4.,143.24852813742));
#1397 = VECTOR('',#1398,1.);
#1398 = DIRECTION('',(-1.652198752046E-16,0.,1.));
#1399 = PCURVE('',#159,#1400);
#1400 = DEFINITIONAL_REPRESENTATION('',(#1401),#1405);
#1401 = LINE('',#1402,#1403);
#1402 = CARTESIAN_POINT('',(140.24852813742,11.));
#1403 = VECTOR('',#1404,1.);
#1404 = DIRECTION('',(1.,-1.652198752046E-16));
#1405 = ( GEOMETRIC_REPRESENTATION_CONTEXT(2)
PARAMETRIC_REPRESENTATION_CONTEXT() REPRESENTATION_CONTEXT('2D SPACE',''
  ) );
#1406 = PCURVE('',#1407,#1412);
#1407 = PLANE('',#1408);
#1408 = AXIS2_PLACEMENT_3D('',#1409,#1410,#1411);
#1409 = CARTESIAN_POINT('',(14.,13.,143.));
#1410 = DIRECTION('',(-1.,0.,0.));
#1411 = DIRECTION('',(0.,0.,1.));
#1412 = DEFINITIONAL_REPRESENTATION('',(#1413),#1417);
#1413 = LINE('',#1414,#1415);
#1414 = CARTESIAN_POINT('',(0.248528137424,-9.));
#1415 = VECTOR('',#1416,1.);
#1416 = DIRECTION('',(1.,0.));
#1417 = ( GEOMETRIC_REPRESENTATION_CONTEXT(2)
PARAMETRIC_REPRESENTATION_CONTEXT() REPRESENTATION_CONTEXT('2D SPACE',''
  ) );
#1418 = ORIENTED_EDGE('',*,*,#1419,.F.);
#1419 = EDGE_CURVE('',#1420,#1392,#1422,.T.);
#1420 = VERTEX_POINT('',#1421);
#1421 = CARTESIAN_POINT('',(13.824264068712,4.,142.82426406871));
#1422 = SURFACE_CURVE('',#1423,(#1428,#1439),.PCURVE_S1.);
#1423 = CIRCLE('',#1424,0.6);
#1424 = AXIS2_PLACEMENT_3D('',#1425,#1426,#1427);
#1425 = CARTESIAN_POINT('',(13.4,4.,143.24852813742));
#1426 = DIRECTION('',(0.,-1.,0.));
#1427 = DIRECTION('',(0.,-0.,-1.));
#1428 = PCURVE('',#159,#1429);
#1429 = DEFINITIONAL_REPRESENTATION('',(#1430),#1438);
#1430 = ( BOUNDED_CURVE() B_SPLINE_CURVE(2,(#1431,#1432,#1433,#1434,
#1435,#1436,#1437),.UNSPECIFIED.,.T.,.F.) B_SPLINE_CURVE_WITH_KNOTS((1,2
    ,2,2,2,1),(-2.094395102393,0.,2.094395102393,4.188790204786,
6.28318530718,8.377580409573),.UNSPECIFIED.) CURVE()
GEOMETRIC_REPRESENTATION_ITEM() RATIONAL_B_SPLINE_CURVE((1.,0.5,1.,0.5,
1.,0.5,1.)) REPRESENTATION_ITEM('') );
#1431 = CARTESIAN_POINT('',(139.64852813742,10.4));
#1432 = CARTESIAN_POINT('',(139.64852813742,11.439230484541));
#1433 = CARTESIAN_POINT('',(140.54852813742,10.919615242271));
#1434 = CARTESIAN_POINT('',(141.44852813742,10.4));
#1435 = CARTESIAN_POINT('',(140.54852813742,9.880384757729));
#1436 = CARTESIAN_POINT('',(139.64852813742,9.360769515459));
#1437 = CARTESIAN_POINT('',(139.64852813742,10.4));
#1438 = ( GEOMETRIC_REPRESENTATION_CONTEXT(2)
PARAMETRIC_REPRESENTATION_CONTEXT() REPRESENTATION_CONTEXT('2D SPACE',''
  ) );
#1439 = PCURVE('',#1440,#1445);
#1440 = CYLINDRICAL_SURFACE('',#1441,0.6);
#1441 = AXIS2_PLACEMENT_3D('',#1442,#1443,#1444);
#1442 = CARTESIAN_POINT('',(13.4,13.,143.24852813742));
#1443 = DIRECTION('',(0.,-1.,0.));
#1444 = DIRECTION('',(0.707106781187,0.,-0.707106781187));
#1445 = DEFINITIONAL_REPRESENTATION('',(#1446),#1450);
#1446 = LINE('',#1447,#1448);
#1447 = CARTESIAN_POINT('',(-0.785398163397,9.));
#1448 = VECTOR('',#1449,1.);
#1449 = DIRECTION('',(1.,0.));
#1450 = ( GEOMETRIC_REPRESENTATION_CONTEXT(2)
PARAMETRIC_REPRESENTATION_CONTEXT() REPRESENTATION_CONTEXT('2D SPACE',''
  ) );
#1451 = ORIENTED_EDGE('',*,*,#1452,.F.);
#1452 = EDGE_CURVE('',#1453,#1420,#1455,.T.);
#1453 = VERTEX_POINT('',#1454);
#1454 = CARTESIAN_POINT('',(6.,4.,135.));
#1455 = SURFACE_CURVE('',#1456,(#1460,#1467),.PCURVE_S1.);
#1456 = LINE('',#1457,#1458);
#1457 = CARTESIAN_POINT('',(4.,4.,133.));
#1458 = VECTOR('',#1459,1.);
#1459 = DIRECTION('',(0.707106781187,0.,0.707106781187));
#1460 = PCURVE('',#159,#1461);
#1461 = DEFINITIONAL_REPRESENTATION('',(#1462),#1466);
#1462 = LINE('',#1463,#1464);
#1463 = CARTESIAN_POINT('',(130.,1.));
#1464 = VECTOR('',#1465,1.);
#1465 = DIRECTION('',(0.707106781187,0.707106781187));
#1466 = ( GEOMETRIC_REPRESENTATION_CONTEXT(2)
PARAMETRIC_REPRESENTATION_CONTEXT() REPRESENTATION_CONTEXT('2D SPACE',''
  ) );
#1467 = PCURVE('',#1468,#1473);
#1468 = PLANE('',#1469);
#1469 = AXIS2_PLACEMENT_3D('',#1470,#1471,#1472);
#1470 = CARTESIAN_POINT('',(4.,13.,133.));
#1471 = DIRECTION('',(-0.707106781187,0.,0.707106781187));
#1472 = DIRECTION('',(0.707106781187,0.,0.707106781187));
#1473 = DEFINITIONAL_REPRESENTATION('',(#1474),#1478);
#1474 = LINE('',#1475,#1476);
#1475 = CARTESIAN_POINT('',(0.,-9.));
#1476 = VECTOR('',#1477,1.);
#1477 = DIRECTION('',(1.,0.));
#1478 = ( GEOMETRIC_REPRESENTATION_CONTEXT(2)
PARAMETRIC_REPRESENTATION_CONTEXT() REPRESENTATION_CONTEXT('2D SPACE',''
  ) );
#1479 = ORIENTED_EDGE('',*,*,#1480,.F.);
#1480 = EDGE_CURVE('',#1481,#1453,#1483,.T.);
#1481 = VERTEX_POINT('',#1482);
#1482 = CARTESIAN_POINT('',(6.,4.,15.));
#1483 = SURFACE_CURVE('',#1484,(#1488,#1495),.PCURVE_S1.);
#1484 = LINE('',#1485,#1486);
#1485 = CARTESIAN_POINT('',(6.,4.,4.5));
#1486 = VECTOR('',#1487,1.);
#1487 = DIRECTION('',(0.,0.,1.));
#1488 = PCURVE('',#159,#1489);
#1489 = DEFINITIONAL_REPRESENTATION('',(#1490),#1494);
#1490 = LINE('',#1491,#1492);
#1491 = CARTESIAN_POINT('',(1.5,3.));
#1492 = VECTOR('',#1493,1.);
#1493 = DIRECTION('',(1.,0.));
#1494 = ( GEOMETRIC_REPRESENTATION_CONTEXT(2)
PARAMETRIC_REPRESENTATION_CONTEXT() REPRESENTATION_CONTEXT('2D SPACE',''
  ) );
#1495 = PCURVE('',#453,#1496);
#1496 = DEFINITIONAL_REPRESENTATION('',(#1497),#1501);
#1497 = LINE('',#1498,#1499);
#1498 = CARTESIAN_POINT('',(-1.5,4.));
#1499 = VECTOR('',#1500,1.);
#1500 = DIRECTION('',(1.,0.));
#1501 = ( GEOMETRIC_REPRESENTATION_CONTEXT(2)
PARAMETRIC_REPRESENTATION_CONTEXT() REPRESENTATION_CONTEXT('2D SPACE',''
  ) );
#1502 = ORIENTED_EDGE('',*,*,#1503,.F.);
#1503 = EDGE_CURVE('',#1504,#1481,#1506,.T.);
#1504 = VERTEX_POINT('',#1505);
#1505 = CARTESIAN_POINT('',(13.4,4.,15.));
#1506 = SURFACE_CURVE('',#1507,(#1511,#1518),.PCURVE_S1.);
#1507 = LINE('',#1508,#1509);
#1508 = CARTESIAN_POINT('',(13.4,4.,15.));
#1509 = VECTOR('',#1510,1.);
#1510 = DIRECTION('',(-1.,0.,0.));
#1511 = PCURVE('',#159,#1512);
#1512 = DEFINITIONAL_REPRESENTATION('',(#1513),#1517);
#1513 = LINE('',#1514,#1515);
#1514 = CARTESIAN_POINT('',(12.,10.4));
#1515 = VECTOR('',#1516,1.);
#1516 = DIRECTION('',(0.,-1.));
#1517 = ( GEOMETRIC_REPRESENTATION_CONTEXT(2)
PARAMETRIC_REPRESENTATION_CONTEXT() REPRESENTATION_CONTEXT('2D SPACE',''
  ) );
#1518 = PCURVE('',#552,#1519);
#1519 = DEFINITIONAL_REPRESENTATION('',(#1520),#1524);
#1520 = LINE('',#1521,#1522);
#1521 = CARTESIAN_POINT('',(9.4,0.));
#1522 = VECTOR('',#1523,1.);
#1523 = DIRECTION('',(-1.,0.));
#1524 = ( GEOMETRIC_REPRESENTATION_CONTEXT(2)
PARAMETRIC_REPRESENTATION_CONTEXT() REPRESENTATION_CONTEXT('2D SPACE',''
  ) );
#1525 = ORIENTED_EDGE('',*,*,#1526,.F.);
#1526 = EDGE_CURVE('',#1527,#1504,#1529,.T.);
#1527 = VERTEX_POINT('',#1528);
#1528 = CARTESIAN_POINT('',(14.,4.,14.4));
#1529 = SURFACE_CURVE('',#1530,(#1535,#1546),.PCURVE_S1.);
#1530 = CIRCLE('',#1531,0.6);
#1531 = AXIS2_PLACEMENT_3D('',#1532,#1533,#1534);
#1532 = CARTESIAN_POINT('',(13.4,4.,14.4));
#1533 = DIRECTION('',(0.,-1.,0.));
#1534 = DIRECTION('',(0.,0.,1.));
#1535 = PCURVE('',#159,#1536);
#1536 = DEFINITIONAL_REPRESENTATION('',(#1537),#1545);
#1537 = ( BOUNDED_CURVE() B_SPLINE_CURVE(2,(#1538,#1539,#1540,#1541,
#1542,#1543,#1544),.UNSPECIFIED.,.T.,.F.) B_SPLINE_CURVE_WITH_KNOTS((1,2
    ,2,2,2,1),(-2.094395102393,0.,2.094395102393,4.188790204786,
6.28318530718,8.377580409573),.UNSPECIFIED.) CURVE()
GEOMETRIC_REPRESENTATION_ITEM() RATIONAL_B_SPLINE_CURVE((1.,0.5,1.,0.5,
1.,0.5,1.)) REPRESENTATION_ITEM('') );
#1538 = CARTESIAN_POINT('',(12.,10.4));
#1539 = CARTESIAN_POINT('',(12.,9.360769515459));
#1540 = CARTESIAN_POINT('',(11.1,9.880384757729));
#1541 = CARTESIAN_POINT('',(10.2,10.4));
#1542 = CARTESIAN_POINT('',(11.1,10.919615242271));
#1543 = CARTESIAN_POINT('',(12.,11.439230484541));
#1544 = CARTESIAN_POINT('',(12.,10.4));
#1545 = ( GEOMETRIC_REPRESENTATION_CONTEXT(2)
PARAMETRIC_REPRESENTATION_CONTEXT() REPRESENTATION_CONTEXT('2D SPACE',''
  ) );
#1546 = PCURVE('',#585,#1547);
#1547 = DEFINITIONAL_REPRESENTATION('',(#1548),#1552);
#1548 = LINE('',#1549,#1550);
#1549 = CARTESIAN_POINT('',(4.712388980385,-0.));
#1550 = VECTOR('',#1551,1.);
#1551 = DIRECTION('',(-1.,0.));
#1552 = ( GEOMETRIC_REPRESENTATION_CONTEXT(2)
PARAMETRIC_REPRESENTATION_CONTEXT() REPRESENTATION_CONTEXT('2D SPACE',''
  ) );
#1553 = ORIENTED_EDGE('',*,*,#1554,.F.);
#1554 = EDGE_CURVE('',#736,#1527,#1555,.T.);
#1555 = SURFACE_CURVE('',#1556,(#1560,#1567),.PCURVE_S1.);
#1556 = LINE('',#1557,#1558);
#1557 = CARTESIAN_POINT('',(14.,4.,6.6));
#1558 = VECTOR('',#1559,1.);
#1559 = DIRECTION('',(0.,0.,1.));
#1560 = PCURVE('',#159,#1561);
#1561 = DEFINITIONAL_REPRESENTATION('',(#1562),#1566);
#1562 = LINE('',#1563,#1564);
#1563 = CARTESIAN_POINT('',(3.6,11.));
#1564 = VECTOR('',#1565,1.);
#1565 = DIRECTION('',(1.,0.));
#1566 = ( GEOMETRIC_REPRESENTATION_CONTEXT(2)
PARAMETRIC_REPRESENTATION_CONTEXT() REPRESENTATION_CONTEXT('2D SPACE',''
  ) );
#1567 = PCURVE('',#613,#1568);
#1568 = DEFINITIONAL_REPRESENTATION('',(#1569),#1573);
#1569 = LINE('',#1570,#1571);
#1570 = CARTESIAN_POINT('',(0.6,0.));
#1571 = VECTOR('',#1572,1.);
#1572 = DIRECTION('',(1.,0.));
#1573 = ( GEOMETRIC_REPRESENTATION_CONTEXT(2)
PARAMETRIC_REPRESENTATION_CONTEXT() REPRESENTATION_CONTEXT('2D SPACE',''
  ) );
#1574 = ORIENTED_EDGE('',*,*,#735,.T.);
#1575 = ORIENTED_EDGE('',*,*,#143,.F.);
#1576 = ORIENTED_EDGE('',*,*,#1577,.F.);
#1577 = EDGE_CURVE('',#1167,#144,#1578,.T.);
#1578 = SURFACE_CURVE('',#1579,(#1584,#1595),.PCURVE_S1.);
#1579 = CIRCLE('',#1580,0.6);
#1580 = AXIS2_PLACEMENT_3D('',#1581,#1582,#1583);
#1581 = CARTESIAN_POINT('',(82.6,4.,6.6));
#1582 = DIRECTION('',(0.,-1.,0.));
#1583 = DIRECTION('',(0.,0.,1.));
#1584 = PCURVE('',#159,#1585);
#1585 = DEFINITIONAL_REPRESENTATION('',(#1586),#1594);
#1586 = ( BOUNDED_CURVE() B_SPLINE_CURVE(2,(#1587,#1588,#1589,#1590,
#1591,#1592,#1593),.UNSPECIFIED.,.T.,.F.) B_SPLINE_CURVE_WITH_KNOTS((1,2
    ,2,2,2,1),(-2.094395102393,0.,2.094395102393,4.188790204786,
6.28318530718,8.377580409573),.UNSPECIFIED.) CURVE()
GEOMETRIC_REPRESENTATION_ITEM() RATIONAL_B_SPLINE_CURVE((1.,0.5,1.,0.5,
1.,0.5,1.)) REPRESENTATION_ITEM('') );
#1587 = CARTESIAN_POINT('',(4.2,79.6));
#1588 = CARTESIAN_POINT('',(4.2,78.560769515459));
#1589 = CARTESIAN_POINT('',(3.3,79.080384757729));
#1590 = CARTESIAN_POINT('',(2.4,79.6));
#1591 = CARTESIAN_POINT('',(3.3,80.119615242271));
#1592 = CARTESIAN_POINT('',(4.2,80.639230484541));
#1593 = CARTESIAN_POINT('',(4.2,79.6));
#1594 = ( GEOMETRIC_REPRESENTATION_CONTEXT(2)
PARAMETRIC_REPRESENTATION_CONTEXT() REPRESENTATION_CONTEXT('2D SPACE',''
  ) );
#1595 = PCURVE('',#187,#1596);
#1596 = DEFINITIONAL_REPRESENTATION('',(#1597),#1601);
#1597 = LINE('',#1598,#1599);
#1598 = CARTESIAN_POINT('',(1.570796326795,-0.));
#1599 = VECTOR('',#1600,1.);
#1600 = DIRECTION('',(-1.,0.));
#1601 = ( GEOMETRIC_REPRESENTATION_CONTEXT(2)
PARAMETRIC_REPRESENTATION_CONTEXT() REPRESENTATION_CONTEXT('2D SPACE',''
  ) );
#1602 = FACE_BOUND('',#1603,.F.);
#1603 = EDGE_LOOP('',(#1604));
#1604 = ORIENTED_EDGE('',*,*,#1605,.F.);
#1605 = EDGE_CURVE('',#1606,#1606,#1608,.T.);
#1606 = VERTEX_POINT('',#1607);
#1607 = CARTESIAN_POINT('',(87.,4.,149.4));
#1608 = SURFACE_CURVE('',#1609,(#1614,#1621),.PCURVE_S1.);
#1609 = CIRCLE('',#1610,1.4);
#1610 = AXIS2_PLACEMENT_3D('',#1611,#1612,#1613);
#1611 = CARTESIAN_POINT('',(87.,4.,148.));
#1612 = DIRECTION('',(0.,1.,0.));
#1613 = DIRECTION('',(0.,-0.,1.));
#1614 = PCURVE('',#159,#1615);
#1615 = DEFINITIONAL_REPRESENTATION('',(#1616),#1620);
#1616 = CIRCLE('',#1617,1.4);
#1617 = AXIS2_PLACEMENT_2D('',#1618,#1619);
#1618 = CARTESIAN_POINT('',(145.,84.));
#1619 = DIRECTION('',(1.,0.));
#1620 = ( GEOMETRIC_REPRESENTATION_CONTEXT(2)
PARAMETRIC_REPRESENTATION_CONTEXT() REPRESENTATION_CONTEXT('2D SPACE',''
  ) );
#1621 = PCURVE('',#1622,#1627);
#1622 = CYLINDRICAL_SURFACE('',#1623,1.4);
#1623 = AXIS2_PLACEMENT_3D('',#1624,#1625,#1626);
#1624 = CARTESIAN_POINT('',(87.,3.,148.));
#1625 = DIRECTION('',(0.,1.,0.));
#1626 = DIRECTION('',(0.,-0.,1.));
#1627 = DEFINITIONAL_REPRESENTATION('',(#1628),#1632);
#1628 = LINE('',#1629,#1630);
#1629 = CARTESIAN_POINT('',(0.,1.));
#1630 = VECTOR('',#1631,1.);
#1631 = DIRECTION('',(1.,0.));
#1632 = ( GEOMETRIC_REPRESENTATION_CONTEXT(2)
PARAMETRIC_REPRESENTATION_CONTEXT() REPRESENTATION_CONTEXT('2D SPACE',''
  ) );
#1633 = ADVANCED_FACE('',(#1634),#276,.F.);
#1634 = FACE_BOUND('',#1635,.F.);
#1635 = EDGE_LOOP('',(#1636,#1637,#1666,#1686));
#1636 = ORIENTED_EDGE('',*,*,#787,.F.);
#1637 = ORIENTED_EDGE('',*,*,#1638,.T.);
#1638 = EDGE_CURVE('',#788,#1639,#1641,.T.);
#1639 = VERTEX_POINT('',#1640);
#1640 = CARTESIAN_POINT('',(90.,92.,7.));
#1641 = SURFACE_CURVE('',#1642,(#1647,#1654),.PCURVE_S1.);
#1642 = CIRCLE('',#1643,2.);
#1643 = AXIS2_PLACEMENT_3D('',#1644,#1645,#1646);
#1644 = CARTESIAN_POINT('',(88.,92.,7.));
#1645 = DIRECTION('',(0.,-0.,-1.));
#1646 = DIRECTION('',(0.,1.,-0.));
#1647 = PCURVE('',#276,#1648);
#1648 = DEFINITIONAL_REPRESENTATION('',(#1649),#1653);
#1649 = LINE('',#1650,#1651);
#1650 = CARTESIAN_POINT('',(0.,0.));
#1651 = VECTOR('',#1652,1.);
#1652 = DIRECTION('',(1.,0.));
#1653 = ( GEOMETRIC_REPRESENTATION_CONTEXT(2)
PARAMETRIC_REPRESENTATION_CONTEXT() REPRESENTATION_CONTEXT('2D SPACE',''
  ) );
#1654 = PCURVE('',#1655,#1660);
#1655 = CYLINDRICAL_SURFACE('',#1656,2.);
#1656 = AXIS2_PLACEMENT_3D('',#1657,#1658,#1659);
#1657 = CARTESIAN_POINT('',(88.,92.,6.));
#1658 = DIRECTION('',(0.,0.,1.));
#1659 = DIRECTION('',(1.,0.,-0.));
#1660 = DEFINITIONAL_REPRESENTATION('',(#1661),#1665);
#1661 = LINE('',#1662,#1663);
#1662 = CARTESIAN_POINT('',(1.570796326795,1.));
#1663 = VECTOR('',#1664,1.);
#1664 = DIRECTION('',(-1.,-0.));
#1665 = ( GEOMETRIC_REPRESENTATION_CONTEXT(2)
PARAMETRIC_REPRESENTATION_CONTEXT() REPRESENTATION_CONTEXT('2D SPACE',''
  ) );
#1666 = ORIENTED_EDGE('',*,*,#1667,.T.);
#1667 = EDGE_CURVE('',#1639,#228,#1668,.T.);
#1668 = SURFACE_CURVE('',#1669,(#1674,#1680),.PCURVE_S1.);
#1669 = CIRCLE('',#1670,1.);
#1670 = AXIS2_PLACEMENT_3D('',#1671,#1672,#1673);
#1671 = CARTESIAN_POINT('',(89.,92.,7.));
#1672 = DIRECTION('',(-6.123233995737E-17,1.,0.));
#1673 = DIRECTION('',(1.,6.123233995737E-17,0.));
#1674 = PCURVE('',#276,#1675);
#1675 = DEFINITIONAL_REPRESENTATION('',(#1676),#1679);
#1676 = B_SPLINE_CURVE_WITH_KNOTS('',1,(#1677,#1678),.UNSPECIFIED.,.F.,
  .F.,(2,2),(0.,1.570796326795),.PIECEWISE_BEZIER_KNOTS.);
#1677 = CARTESIAN_POINT('',(1.570796326795,0.));
#1678 = CARTESIAN_POINT('',(1.570796326795,1.570796326795));
#1679 = ( GEOMETRIC_REPRESENTATION_CONTEXT(2)
PARAMETRIC_REPRESENTATION_CONTEXT() REPRESENTATION_CONTEXT('2D SPACE',''
  ) );
#1680 = PCURVE('',#243,#1681);
#1681 = DEFINITIONAL_REPRESENTATION('',(#1682),#1685);
#1682 = B_SPLINE_CURVE_WITH_KNOTS('',1,(#1683,#1684),.UNSPECIFIED.,.F.,
  .F.,(2,2),(0.,1.570796326795),.PIECEWISE_BEZIER_KNOTS.);
#1683 = CARTESIAN_POINT('',(0.,0.));
#1684 = CARTESIAN_POINT('',(-1.570796326795,0.));
#1685 = ( GEOMETRIC_REPRESENTATION_CONTEXT(2)
PARAMETRIC_REPRESENTATION_CONTEXT() REPRESENTATION_CONTEXT('2D SPACE',''
  ) );
#1686 = ORIENTED_EDGE('',*,*,#255,.F.);
#1687 = ADVANCED_FACE('',(#1688),#187,.T.);
#1688 = FACE_BOUND('',#1689,.F.);
#1689 = EDGE_LOOP('',(#1690,#1691,#1692,#1720));
#1690 = ORIENTED_EDGE('',*,*,#1577,.T.);
#1691 = ORIENTED_EDGE('',*,*,#171,.T.);
#1692 = ORIENTED_EDGE('',*,*,#1693,.F.);
#1693 = EDGE_CURVE('',#1694,#172,#1696,.T.);
#1694 = VERTEX_POINT('',#1695);
#1695 = CARTESIAN_POINT('',(82.,13.,6.6));
#1696 = SURFACE_CURVE('',#1697,(#1702,#1709),.PCURVE_S1.);
#1697 = CIRCLE('',#1698,0.6);
#1698 = AXIS2_PLACEMENT_3D('',#1699,#1700,#1701);
#1699 = CARTESIAN_POINT('',(82.6,13.,6.6));
#1700 = DIRECTION('',(0.,-1.,0.));
#1701 = DIRECTION('',(0.,0.,1.));
#1702 = PCURVE('',#187,#1703);
#1703 = DEFINITIONAL_REPRESENTATION('',(#1704),#1708);
#1704 = LINE('',#1705,#1706);
#1705 = CARTESIAN_POINT('',(1.570796326795,9.));
#1706 = VECTOR('',#1707,1.);
#1707 = DIRECTION('',(-1.,0.));
#1708 = ( GEOMETRIC_REPRESENTATION_CONTEXT(2)
PARAMETRIC_REPRESENTATION_CONTEXT() REPRESENTATION_CONTEXT('2D SPACE',''
  ) );
#1709 = PCURVE('',#215,#1710);
#1710 = DEFINITIONAL_REPRESENTATION('',(#1711),#1719);
#1711 = ( BOUNDED_CURVE() B_SPLINE_CURVE(2,(#1712,#1713,#1714,#1715,
#1716,#1717,#1718),.UNSPECIFIED.,.T.,.F.) B_SPLINE_CURVE_WITH_KNOTS((1,2
    ,2,2,2,1),(-2.094395102393,0.,2.094395102393,4.188790204786,
6.28318530718,8.377580409573),.UNSPECIFIED.) CURVE()
GEOMETRIC_REPRESENTATION_ITEM() RATIONAL_B_SPLINE_CURVE((1.,0.5,1.,0.5,
1.,0.5,1.)) REPRESENTATION_ITEM('') );
#1712 = CARTESIAN_POINT('',(1.2,0.6));
#1713 = CARTESIAN_POINT('',(1.2,-0.439230484541));
#1714 = CARTESIAN_POINT('',(0.3,8.038475772933E-02));
#1715 = CARTESIAN_POINT('',(-0.6,0.6));
#1716 = CARTESIAN_POINT('',(0.3,1.119615242271));
#1717 = CARTESIAN_POINT('',(1.2,1.639230484541));
#1718 = CARTESIAN_POINT('',(1.2,0.6));
#1719 = ( GEOMETRIC_REPRESENTATION_CONTEXT(2)
PARAMETRIC_REPRESENTATION_CONTEXT() REPRESENTATION_CONTEXT('2D SPACE',''
  ) );
#1720 = ORIENTED_EDGE('',*,*,#1721,.F.);
#1721 = EDGE_CURVE('',#1167,#1694,#1722,.T.);
#1722 = SURFACE_CURVE('',#1723,(#1727,#1734),.PCURVE_S1.);
#1723 = LINE('',#1724,#1725);
#1724 = CARTESIAN_POINT('',(82.,4.,6.6));
#1725 = VECTOR('',#1726,1.);
#1726 = DIRECTION('',(-0.,1.,0.));
#1727 = PCURVE('',#187,#1728);
#1728 = DEFINITIONAL_REPRESENTATION('',(#1729),#1733);
#1729 = LINE('',#1730,#1731);
#1730 = CARTESIAN_POINT('',(-0.,0.));
#1731 = VECTOR('',#1732,1.);
#1732 = DIRECTION('',(-0.,1.));
#1733 = ( GEOMETRIC_REPRESENTATION_CONTEXT(2)
PARAMETRIC_REPRESENTATION_CONTEXT() REPRESENTATION_CONTEXT('2D SPACE',''
  ) );
#1734 = PCURVE('',#1182,#1735);
#1735 = DEFINITIONAL_REPRESENTATION('',(#1736),#1740);
#1736 = LINE('',#1737,#1738);
#1737 = CARTESIAN_POINT('',(0.6,0.));
#1738 = VECTOR('',#1739,1.);
#1739 = DIRECTION('',(0.,-1.));
#1740 = ( GEOMETRIC_REPRESENTATION_CONTEXT(2)
PARAMETRIC_REPRESENTATION_CONTEXT() REPRESENTATION_CONTEXT('2D SPACE',''
  ) );
#1741 = ADVANCED_FACE('',(#1742),#243,.F.);
#1742 = FACE_BOUND('',#1743,.T.);
#1743 = EDGE_LOOP('',(#1744,#1767,#1768,#1769));
#1744 = ORIENTED_EDGE('',*,*,#1745,.F.);
#1745 = EDGE_CURVE('',#1639,#1746,#1748,.T.);
#1746 = VERTEX_POINT('',#1747);
#1747 = CARTESIAN_POINT('',(90.,13.,7.));
#1748 = SURFACE_CURVE('',#1749,(#1753,#1760),.PCURVE_S1.);
#1749 = LINE('',#1750,#1751);
#1750 = CARTESIAN_POINT('',(90.,92.,7.));
#1751 = VECTOR('',#1752,1.);
#1752 = DIRECTION('',(0.,-1.,-0.));
#1753 = PCURVE('',#243,#1754);
#1754 = DEFINITIONAL_REPRESENTATION('',(#1755),#1759);
#1755 = LINE('',#1756,#1757);
#1756 = CARTESIAN_POINT('',(-0.,0.));
#1757 = VECTOR('',#1758,1.);
#1758 = DIRECTION('',(-0.,1.));
#1759 = ( GEOMETRIC_REPRESENTATION_CONTEXT(2)
PARAMETRIC_REPRESENTATION_CONTEXT() REPRESENTATION_CONTEXT('2D SPACE',''
  ) );
#1760 = PCURVE('',#1267,#1761);
#1761 = DEFINITIONAL_REPRESENTATION('',(#1762),#1766);
#1762 = LINE('',#1763,#1764);
#1763 = CARTESIAN_POINT('',(1.,-84.));
#1764 = VECTOR('',#1765,1.);
#1765 = DIRECTION('',(0.,1.));
#1766 = ( GEOMETRIC_REPRESENTATION_CONTEXT(2)
PARAMETRIC_REPRESENTATION_CONTEXT() REPRESENTATION_CONTEXT('2D SPACE',''
  ) );
#1767 = ORIENTED_EDGE('',*,*,#1667,.T.);
#1768 = ORIENTED_EDGE('',*,*,#227,.T.);
#1769 = ORIENTED_EDGE('',*,*,#1770,.T.);
#1770 = EDGE_CURVE('',#200,#1746,#1771,.T.);
#1771 = SURFACE_CURVE('',#1772,(#1777,#1784),.PCURVE_S1.);
#1772 = CIRCLE('',#1773,1.);
#1773 = AXIS2_PLACEMENT_3D('',#1774,#1775,#1776);
#1774 = CARTESIAN_POINT('',(89.,13.,7.));
#1775 = DIRECTION('',(0.,-1.,-0.));
#1776 = DIRECTION('',(1.,0.,0.));
#1777 = PCURVE('',#243,#1778);
#1778 = DEFINITIONAL_REPRESENTATION('',(#1779),#1783);
#1779 = LINE('',#1780,#1781);
#1780 = CARTESIAN_POINT('',(-6.28318530718,79.));
#1781 = VECTOR('',#1782,1.);
#1782 = DIRECTION('',(1.,-0.));
#1783 = ( GEOMETRIC_REPRESENTATION_CONTEXT(2)
PARAMETRIC_REPRESENTATION_CONTEXT() REPRESENTATION_CONTEXT('2D SPACE',''
  ) );
#1784 = PCURVE('',#215,#1785);
#1785 = DEFINITIONAL_REPRESENTATION('',(#1786),#1794);
#1786 = ( BOUNDED_CURVE() B_SPLINE_CURVE(2,(#1787,#1788,#1789,#1790,
#1791,#1792,#1793),.UNSPECIFIED.,.T.,.F.) B_SPLINE_CURVE_WITH_KNOTS((1,2
    ,2,2,2,1),(-2.094395102393,0.,2.094395102393,4.188790204786,
6.28318530718,8.377580409573),.UNSPECIFIED.) CURVE()
GEOMETRIC_REPRESENTATION_ITEM() RATIONAL_B_SPLINE_CURVE((1.,0.5,1.,0.5,
1.,0.5,1.)) REPRESENTATION_ITEM('') );
#1787 = CARTESIAN_POINT('',(1.,8.));
#1788 = CARTESIAN_POINT('',(2.732050807569,8.));
#1789 = CARTESIAN_POINT('',(1.866025403784,6.5));
#1790 = CARTESIAN_POINT('',(1.,5.));
#1791 = CARTESIAN_POINT('',(0.133974596216,6.5));
#1792 = CARTESIAN_POINT('',(-0.732050807569,8.));
#1793 = CARTESIAN_POINT('',(1.,8.));
#1794 = ( GEOMETRIC_REPRESENTATION_CONTEXT(2)
PARAMETRIC_REPRESENTATION_CONTEXT() REPRESENTATION_CONTEXT('2D SPACE',''
  ) );
#1795 = ADVANCED_FACE('',(#1796,#1892),#215,.T.);
#1796 = FACE_BOUND('',#1797,.T.);
#1797 = EDGE_LOOP('',(#1798,#1799,#1800,#1823,#1847,#1870,#1891));
#1798 = ORIENTED_EDGE('',*,*,#199,.F.);
#1799 = ORIENTED_EDGE('',*,*,#1693,.F.);
#1800 = ORIENTED_EDGE('',*,*,#1801,.F.);
#1801 = EDGE_CURVE('',#1802,#1694,#1804,.T.);
#1802 = VERTEX_POINT('',#1803);
#1803 = CARTESIAN_POINT('',(82.,13.,14.4));
#1804 = SURFACE_CURVE('',#1805,(#1809,#1816),.PCURVE_S1.);
#1805 = LINE('',#1806,#1807);
#1806 = CARTESIAN_POINT('',(82.,13.,14.4));
#1807 = VECTOR('',#1808,1.);
#1808 = DIRECTION('',(0.,0.,-1.));
#1809 = PCURVE('',#215,#1810);
#1810 = DEFINITIONAL_REPRESENTATION('',(#1811),#1815);
#1811 = LINE('',#1812,#1813);
#1812 = CARTESIAN_POINT('',(8.4,0.));
#1813 = VECTOR('',#1814,1.);
#1814 = DIRECTION('',(-1.,0.));
#1815 = ( GEOMETRIC_REPRESENTATION_CONTEXT(2)
PARAMETRIC_REPRESENTATION_CONTEXT() REPRESENTATION_CONTEXT('2D SPACE',''
  ) );
#1816 = PCURVE('',#1182,#1817);
#1817 = DEFINITIONAL_REPRESENTATION('',(#1818),#1822);
#1818 = LINE('',#1819,#1820);
#1819 = CARTESIAN_POINT('',(8.4,-9.));
#1820 = VECTOR('',#1821,1.);
#1821 = DIRECTION('',(-1.,0.));
#1822 = ( GEOMETRIC_REPRESENTATION_CONTEXT(2)
PARAMETRIC_REPRESENTATION_CONTEXT() REPRESENTATION_CONTEXT('2D SPACE',''
  ) );
#1823 = ORIENTED_EDGE('',*,*,#1824,.T.);
#1824 = EDGE_CURVE('',#1802,#1825,#1827,.T.);
#1825 = VERTEX_POINT('',#1826);
#1826 = CARTESIAN_POINT('',(82.6,13.,15.));
#1827 = SURFACE_CURVE('',#1828,(#1833,#1840),.PCURVE_S1.);
#1828 = CIRCLE('',#1829,0.6);
#1829 = AXIS2_PLACEMENT_3D('',#1830,#1831,#1832);
#1830 = CARTESIAN_POINT('',(82.6,13.,14.4));
#1831 = DIRECTION('',(-0.,1.,0.));
#1832 = DIRECTION('',(0.,0.,1.));
#1833 = PCURVE('',#215,#1834);
#1834 = DEFINITIONAL_REPRESENTATION('',(#1835),#1839);
#1835 = CIRCLE('',#1836,0.6);
#1836 = AXIS2_PLACEMENT_2D('',#1837,#1838);
#1837 = CARTESIAN_POINT('',(8.4,0.6));
#1838 = DIRECTION('',(1.,0.));
#1839 = ( GEOMETRIC_REPRESENTATION_CONTEXT(2)
PARAMETRIC_REPRESENTATION_CONTEXT() REPRESENTATION_CONTEXT('2D SPACE',''
  ) );
#1840 = PCURVE('',#1211,#1841);
#1841 = DEFINITIONAL_REPRESENTATION('',(#1842),#1846);
#1842 = LINE('',#1843,#1844);
#1843 = CARTESIAN_POINT('',(-4.712388980385,9.));
#1844 = VECTOR('',#1845,1.);
#1845 = DIRECTION('',(1.,0.));
#1846 = ( GEOMETRIC_REPRESENTATION_CONTEXT(2)
PARAMETRIC_REPRESENTATION_CONTEXT() REPRESENTATION_CONTEXT('2D SPACE',''
  ) );
#1847 = ORIENTED_EDGE('',*,*,#1848,.F.);
#1848 = EDGE_CURVE('',#1849,#1825,#1851,.T.);
#1849 = VERTEX_POINT('',#1850);
#1850 = CARTESIAN_POINT('',(90.,13.,15.));
#1851 = SURFACE_CURVE('',#1852,(#1856,#1863),.PCURVE_S1.);
#1852 = LINE('',#1853,#1854);
#1853 = CARTESIAN_POINT('',(90.,13.,15.));
#1854 = VECTOR('',#1855,1.);
#1855 = DIRECTION('',(-1.,0.,0.));
#1856 = PCURVE('',#215,#1857);
#1857 = DEFINITIONAL_REPRESENTATION('',(#1858),#1862);
#1858 = LINE('',#1859,#1860);
#1859 = CARTESIAN_POINT('',(9.,8.));
#1860 = VECTOR('',#1861,1.);
#1861 = DIRECTION('',(0.,-1.));
#1862 = ( GEOMETRIC_REPRESENTATION_CONTEXT(2)
PARAMETRIC_REPRESENTATION_CONTEXT() REPRESENTATION_CONTEXT('2D SPACE',''
  ) );
#1863 = PCURVE('',#1239,#1864);
#1864 = DEFINITIONAL_REPRESENTATION('',(#1865),#1869);
#1865 = LINE('',#1866,#1867);
#1866 = CARTESIAN_POINT('',(8.,9.));
#1867 = VECTOR('',#1868,1.);
#1868 = DIRECTION('',(-1.,0.));
#1869 = ( GEOMETRIC_REPRESENTATION_CONTEXT(2)
PARAMETRIC_REPRESENTATION_CONTEXT() REPRESENTATION_CONTEXT('2D SPACE',''
  ) );
#1870 = ORIENTED_EDGE('',*,*,#1871,.F.);
#1871 = EDGE_CURVE('',#1746,#1849,#1872,.T.);
#1872 = SURFACE_CURVE('',#1873,(#1877,#1884),.PCURVE_S1.);
#1873 = LINE('',#1874,#1875);
#1874 = CARTESIAN_POINT('',(90.,13.,7.));
#1875 = VECTOR('',#1876,1.);
#1876 = DIRECTION('',(0.,0.,1.));
#1877 = PCURVE('',#215,#1878);
#1878 = DEFINITIONAL_REPRESENTATION('',(#1879),#1883);
#1879 = LINE('',#1880,#1881);
#1880 = CARTESIAN_POINT('',(1.,8.));
#1881 = VECTOR('',#1882,1.);
#1882 = DIRECTION('',(1.,0.));
#1883 = ( GEOMETRIC_REPRESENTATION_CONTEXT(2)
PARAMETRIC_REPRESENTATION_CONTEXT() REPRESENTATION_CONTEXT('2D SPACE',''
  ) );
#1884 = PCURVE('',#1267,#1885);
#1885 = DEFINITIONAL_REPRESENTATION('',(#1886),#1890);
#1886 = LINE('',#1887,#1888);
#1887 = CARTESIAN_POINT('',(1.,-5.));
#1888 = VECTOR('',#1889,1.);
#1889 = DIRECTION('',(1.,0.));
#1890 = ( GEOMETRIC_REPRESENTATION_CONTEXT(2)
PARAMETRIC_REPRESENTATION_CONTEXT() REPRESENTATION_CONTEXT('2D SPACE',''
  ) );
#1891 = ORIENTED_EDGE('',*,*,#1770,.F.);
#1892 = FACE_BOUND('',#1893,.T.);
#1893 = EDGE_LOOP('',(#1894));
#1894 = ORIENTED_EDGE('',*,*,#1895,.F.);
#1895 = EDGE_CURVE('',#1896,#1896,#1898,.T.);
#1896 = VERTEX_POINT('',#1897);
#1897 = CARTESIAN_POINT('',(87.,13.,11.4));
#1898 = SURFACE_CURVE('',#1899,(#1904,#1911),.PCURVE_S1.);
#1899 = CIRCLE('',#1900,1.4);
#1900 = AXIS2_PLACEMENT_3D('',#1901,#1902,#1903);
#1901 = CARTESIAN_POINT('',(87.,13.,10.));
#1902 = DIRECTION('',(0.,1.,0.));
#1903 = DIRECTION('',(0.,-0.,1.));
#1904 = PCURVE('',#215,#1905);
#1905 = DEFINITIONAL_REPRESENTATION('',(#1906),#1910);
#1906 = CIRCLE('',#1907,1.4);
#1907 = AXIS2_PLACEMENT_2D('',#1908,#1909);
#1908 = CARTESIAN_POINT('',(4.,5.));
#1909 = DIRECTION('',(1.,0.));
#1910 = ( GEOMETRIC_REPRESENTATION_CONTEXT(2)
PARAMETRIC_REPRESENTATION_CONTEXT() REPRESENTATION_CONTEXT('2D SPACE',''
  ) );
#1911 = PCURVE('',#1150,#1912);
#1912 = DEFINITIONAL_REPRESENTATION('',(#1913),#1917);
#1913 = LINE('',#1914,#1915);
#1914 = CARTESIAN_POINT('',(0.,10.));
#1915 = VECTOR('',#1916,1.);
#1916 = DIRECTION('',(1.,0.));
#1917 = ( GEOMETRIC_REPRESENTATION_CONTEXT(2)
PARAMETRIC_REPRESENTATION_CONTEXT() REPRESENTATION_CONTEXT('2D SPACE',''
  ) );
#1918 = ADVANCED_FACE('',(#1919),#366,.F.);
#1919 = FACE_BOUND('',#1920,.T.);
#1920 = EDGE_LOOP('',(#1921,#1943,#1944,#1945));
#1921 = ORIENTED_EDGE('',*,*,#1922,.F.);
#1922 = EDGE_CURVE('',#350,#1923,#1925,.T.);
#1923 = VERTEX_POINT('',#1924);
#1924 = CARTESIAN_POINT('',(22.,45.,6.6));
#1925 = SEAM_CURVE('',#1926,(#1931,#1937),.PCURVE_S1.);
#1926 = CIRCLE('',#1927,0.6);
#1927 = AXIS2_PLACEMENT_3D('',#1928,#1929,#1930);
#1928 = CARTESIAN_POINT('',(22.6,45.,6.6));
#1929 = DIRECTION('',(0.,1.,0.));
#1930 = DIRECTION('',(1.,0.,-0.));
#1931 = PCURVE('',#366,#1932);
#1932 = DEFINITIONAL_REPRESENTATION('',(#1933),#1936);
#1933 = B_SPLINE_CURVE_WITH_KNOTS('',1,(#1934,#1935),.UNSPECIFIED.,.F.,
  .F.,(2,2),(1.570796326795,3.14159265359),.PIECEWISE_BEZIER_KNOTS.);
#1934 = CARTESIAN_POINT('',(0.,1.570796326795));
#1935 = CARTESIAN_POINT('',(0.,3.14159265359));
#1936 = ( GEOMETRIC_REPRESENTATION_CONTEXT(2)
PARAMETRIC_REPRESENTATION_CONTEXT() REPRESENTATION_CONTEXT('2D SPACE',''
  ) );
#1937 = PCURVE('',#366,#1938);
#1938 = DEFINITIONAL_REPRESENTATION('',(#1939),#1942);
#1939 = B_SPLINE_CURVE_WITH_KNOTS('',1,(#1940,#1941),.UNSPECIFIED.,.F.,
  .F.,(2,2),(1.570796326795,3.14159265359),.PIECEWISE_BEZIER_KNOTS.);
#1940 = CARTESIAN_POINT('',(-6.28318530718,1.570796326795));
#1941 = CARTESIAN_POINT('',(-6.28318530718,3.14159265359));
#1942 = ( GEOMETRIC_REPRESENTATION_CONTEXT(2)
PARAMETRIC_REPRESENTATION_CONTEXT() REPRESENTATION_CONTEXT('2D SPACE',''
  ) );
#1943 = ORIENTED_EDGE('',*,*,#349,.F.);
#1944 = ORIENTED_EDGE('',*,*,#1922,.T.);
#1945 = ORIENTED_EDGE('',*,*,#1946,.T.);
#1946 = EDGE_CURVE('',#1923,#1923,#1947,.T.);
#1947 = SURFACE_CURVE('',#1948,(#1953,#1960),.PCURVE_S1.);
#1948 = CIRCLE('',#1949,4.);
#1949 = AXIS2_PLACEMENT_3D('',#1950,#1951,#1952);
#1950 = CARTESIAN_POINT('',(18.,45.,6.6));
#1951 = DIRECTION('',(0.,0.,1.));
#1952 = DIRECTION('',(1.,0.,-0.));
#1953 = PCURVE('',#366,#1954);
#1954 = DEFINITIONAL_REPRESENTATION('',(#1955),#1959);
#1955 = LINE('',#1956,#1957);
#1956 = CARTESIAN_POINT('',(-0.,3.14159265359));
#1957 = VECTOR('',#1958,1.);
#1958 = DIRECTION('',(-1.,0.));
#1959 = ( GEOMETRIC_REPRESENTATION_CONTEXT(2)
PARAMETRIC_REPRESENTATION_CONTEXT() REPRESENTATION_CONTEXT('2D SPACE',''
  ) );
#1960 = PCURVE('',#1961,#1966);
#1961 = CYLINDRICAL_SURFACE('',#1962,4.);
#1962 = AXIS2_PLACEMENT_3D('',#1963,#1964,#1965);
#1963 = CARTESIAN_POINT('',(18.,45.,5.));
#1964 = DIRECTION('',(0.,0.,1.));
#1965 = DIRECTION('',(1.,0.,-0.));
#1966 = DEFINITIONAL_REPRESENTATION('',(#1967),#1971);
#1967 = LINE('',#1968,#1969);
#1968 = CARTESIAN_POINT('',(0.,1.6));
#1969 = VECTOR('',#1970,1.);
#1970 = DIRECTION('',(1.,0.));
#1971 = ( GEOMETRIC_REPRESENTATION_CONTEXT(2)
PARAMETRIC_REPRESENTATION_CONTEXT() REPRESENTATION_CONTEXT('2D SPACE',''
  ) );
#1972 = ADVANCED_FACE('',(#1973),#420,.T.);
#1973 = FACE_BOUND('',#1974,.T.);
#1974 = EDGE_LOOP('',(#1975,#1998,#1999,#2000));
#1975 = ORIENTED_EDGE('',*,*,#1976,.F.);
#1976 = EDGE_CURVE('',#382,#1977,#1979,.T.);
#1977 = VERTEX_POINT('',#1978);
#1978 = CARTESIAN_POINT('',(82.,45.,8.7));
#1979 = SEAM_CURVE('',#1980,(#1984,#1991),.PCURVE_S1.);
#1980 = LINE('',#1981,#1982);
#1981 = CARTESIAN_POINT('',(82.,45.,5.));
#1982 = VECTOR('',#1983,1.);
#1983 = DIRECTION('',(0.,0.,1.));
#1984 = PCURVE('',#420,#1985);
#1985 = DEFINITIONAL_REPRESENTATION('',(#1986),#1990);
#1986 = LINE('',#1987,#1988);
#1987 = CARTESIAN_POINT('',(0.,-0.));
#1988 = VECTOR('',#1989,1.);
#1989 = DIRECTION('',(0.,1.));
#1990 = ( GEOMETRIC_REPRESENTATION_CONTEXT(2)
PARAMETRIC_REPRESENTATION_CONTEXT() REPRESENTATION_CONTEXT('2D SPACE',''
  ) );
#1991 = PCURVE('',#420,#1992);
#1992 = DEFINITIONAL_REPRESENTATION('',(#1993),#1997);
#1993 = LINE('',#1994,#1995);
#1994 = CARTESIAN_POINT('',(6.28318530718,-0.));
#1995 = VECTOR('',#1996,1.);
#1996 = DIRECTION('',(0.,1.));
#1997 = ( GEOMETRIC_REPRESENTATION_CONTEXT(2)
PARAMETRIC_REPRESENTATION_CONTEXT() REPRESENTATION_CONTEXT('2D SPACE',''
  ) );
#1998 = ORIENTED_EDGE('',*,*,#405,.T.);
#1999 = ORIENTED_EDGE('',*,*,#1976,.T.);
#2000 = ORIENTED_EDGE('',*,*,#2001,.F.);
#2001 = EDGE_CURVE('',#1977,#1977,#2002,.T.);
#2002 = SURFACE_CURVE('',#2003,(#2008,#2015),.PCURVE_S1.);
#2003 = CIRCLE('',#2004,4.);
#2004 = AXIS2_PLACEMENT_3D('',#2005,#2006,#2007);
#2005 = CARTESIAN_POINT('',(78.,45.,8.7));
#2006 = DIRECTION('',(0.,0.,1.));
#2007 = DIRECTION('',(1.,0.,-0.));
#2008 = PCURVE('',#420,#2009);
#2009 = DEFINITIONAL_REPRESENTATION('',(#2010),#2014);
#2010 = LINE('',#2011,#2012);
#2011 = CARTESIAN_POINT('',(0.,3.7));
#2012 = VECTOR('',#2013,1.);
#2013 = DIRECTION('',(1.,0.));
#2014 = ( GEOMETRIC_REPRESENTATION_CONTEXT(2)
PARAMETRIC_REPRESENTATION_CONTEXT() REPRESENTATION_CONTEXT('2D SPACE',''
  ) );
#2015 = PCURVE('',#2016,#2021);
#2016 = CONICAL_SURFACE('',#2017,4.,0.785398163397);
#2017 = AXIS2_PLACEMENT_3D('',#2018,#2019,#2020);
#2018 = CARTESIAN_POINT('',(78.,45.,8.7));
#2019 = DIRECTION('',(-0.,-0.,-1.));
#2020 = DIRECTION('',(1.,0.,0.));
#2021 = DEFINITIONAL_REPRESENTATION('',(#2022),#2026);
#2022 = LINE('',#2023,#2024);
#2023 = CARTESIAN_POINT('',(-0.,-0.));
#2024 = VECTOR('',#2025,1.);
#2025 = DIRECTION('',(-1.,-0.));
#2026 = ( GEOMETRIC_REPRESENTATION_CONTEXT(2)
PARAMETRIC_REPRESENTATION_CONTEXT() REPRESENTATION_CONTEXT('2D SPACE',''
  ) );
#2027 = ADVANCED_FACE('',(#2028,#2142),#453,.T.);
#2028 = FACE_BOUND('',#2029,.T.);
#2029 = EDGE_LOOP('',(#2030,#2060,#2088,#2116));
#2030 = ORIENTED_EDGE('',*,*,#2031,.T.);
#2031 = EDGE_CURVE('',#2032,#2034,#2036,.T.);
#2032 = VERTEX_POINT('',#2033);
#2033 = CARTESIAN_POINT('',(6.,77.3,98.2));
#2034 = VERTEX_POINT('',#2035);
#2035 = CARTESIAN_POINT('',(6.,48.7,98.2));
#2036 = SURFACE_CURVE('',#2037,(#2041,#2048),.PCURVE_S1.);
#2037 = LINE('',#2038,#2039);
#2038 = CARTESIAN_POINT('',(6.,77.,98.2));
#2039 = VECTOR('',#2040,1.);
#2040 = DIRECTION('',(0.,-1.,0.));
#2041 = PCURVE('',#453,#2042);
#2042 = DEFINITIONAL_REPRESENTATION('',(#2043),#2047);
#2043 = LINE('',#2044,#2045);
#2044 = CARTESIAN_POINT('',(92.2,-69.));
#2045 = VECTOR('',#2046,1.);
#2046 = DIRECTION('',(0.,1.));
#2047 = ( GEOMETRIC_REPRESENTATION_CONTEXT(2)
PARAMETRIC_REPRESENTATION_CONTEXT() REPRESENTATION_CONTEXT('2D SPACE',''
  ) );
#2048 = PCURVE('',#2049,#2054);
#2049 = PLANE('',#2050);
#2050 = AXIS2_PLACEMENT_3D('',#2051,#2052,#2053);
#2051 = CARTESIAN_POINT('',(5.85,77.,98.35));
#2052 = DIRECTION('',(0.707106781187,3.472568050348E-18,0.707106781187)
  );
#2053 = DIRECTION('',(-2.455476416532E-18,1.,-2.455476416533E-18));
#2054 = DEFINITIONAL_REPRESENTATION('',(#2055),#2059);
#2055 = LINE('',#2056,#2057);
#2056 = CARTESIAN_POINT('',(-0.,-0.212132034356));
#2057 = VECTOR('',#2058,1.);
#2058 = DIRECTION('',(-1.,0.));
#2059 = ( GEOMETRIC_REPRESENTATION_CONTEXT(2)
PARAMETRIC_REPRESENTATION_CONTEXT() REPRESENTATION_CONTEXT('2D SPACE',''
  ) );
#2060 = ORIENTED_EDGE('',*,*,#2061,.T.);
#2061 = EDGE_CURVE('',#2034,#2062,#2064,.T.);
#2062 = VERTEX_POINT('',#2063);
#2063 = CARTESIAN_POINT('',(6.,48.7,118.8));
#2064 = SURFACE_CURVE('',#2065,(#2069,#2076),.PCURVE_S1.);
#2065 = LINE('',#2066,#2067);
#2066 = CARTESIAN_POINT('',(6.,48.7,98.5));
#2067 = VECTOR('',#2068,1.);
#2068 = DIRECTION('',(0.,0.,1.));
#2069 = PCURVE('',#453,#2070);
#2070 = DEFINITIONAL_REPRESENTATION('',(#2071),#2075);
#2071 = LINE('',#2072,#2073);
#2072 = CARTESIAN_POINT('',(92.5,-40.7));
#2073 = VECTOR('',#2074,1.);
#2074 = DIRECTION('',(1.,0.));
#2075 = ( GEOMETRIC_REPRESENTATION_CONTEXT(2)
PARAMETRIC_REPRESENTATION_CONTEXT() REPRESENTATION_CONTEXT('2D SPACE',''
  ) );
#2076 = PCURVE('',#2077,#2082);
#2077 = PLANE('',#2078);
#2078 = AXIS2_PLACEMENT_3D('',#2079,#2080,#2081);
#2079 = CARTESIAN_POINT('',(5.85,48.85,98.5));
#2080 = DIRECTION('',(0.707106781187,0.707106781187,-3.472568050348E-18)
  );
#2081 = DIRECTION('',(-2.455476416532E-18,-2.455476416533E-18,-1.));
#2082 = DEFINITIONAL_REPRESENTATION('',(#2083),#2087);
#2083 = LINE('',#2084,#2085);
#2084 = CARTESIAN_POINT('',(-0.,-0.212132034356));
#2085 = VECTOR('',#2086,1.);
#2086 = DIRECTION('',(-1.,0.));
#2087 = ( GEOMETRIC_REPRESENTATION_CONTEXT(2)
PARAMETRIC_REPRESENTATION_CONTEXT() REPRESENTATION_CONTEXT('2D SPACE',''
  ) );
#2088 = ORIENTED_EDGE('',*,*,#2089,.F.);
#2089 = EDGE_CURVE('',#2090,#2062,#2092,.T.);
#2090 = VERTEX_POINT('',#2091);
#2091 = CARTESIAN_POINT('',(6.,77.3,118.8));
#2092 = SURFACE_CURVE('',#2093,(#2097,#2104),.PCURVE_S1.);
#2093 = LINE('',#2094,#2095);
#2094 = CARTESIAN_POINT('',(6.,77.,118.8));
#2095 = VECTOR('',#2096,1.);
#2096 = DIRECTION('',(0.,-1.,0.));
#2097 = PCURVE('',#453,#2098);
#2098 = DEFINITIONAL_REPRESENTATION('',(#2099),#2103);
#2099 = LINE('',#2100,#2101);
#2100 = CARTESIAN_POINT('',(112.8,-69.));
#2101 = VECTOR('',#2102,1.);
#2102 = DIRECTION('',(0.,1.));
#2103 = ( GEOMETRIC_REPRESENTATION_CONTEXT(2)
PARAMETRIC_REPRESENTATION_CONTEXT() REPRESENTATION_CONTEXT('2D SPACE',''
  ) );
#2104 = PCURVE('',#2105,#2110);
#2105 = PLANE('',#2106);
#2106 = AXIS2_PLACEMENT_3D('',#2107,#2108,#2109);
#2107 = CARTESIAN_POINT('',(5.85,77.,118.65));
#2108 = DIRECTION('',(-0.707106781187,-3.472568050348E-18,0.707106781187
    ));
#2109 = DIRECTION('',(-2.455476416532E-18,1.,2.455476416533E-18));
#2110 = DEFINITIONAL_REPRESENTATION('',(#2111),#2115);
#2111 = LINE('',#2112,#2113);
#2112 = CARTESIAN_POINT('',(-0.,-0.212132034356));
#2113 = VECTOR('',#2114,1.);
#2114 = DIRECTION('',(-1.,0.));
#2115 = ( GEOMETRIC_REPRESENTATION_CONTEXT(2)
PARAMETRIC_REPRESENTATION_CONTEXT() REPRESENTATION_CONTEXT('2D SPACE',''
  ) );
#2116 = ORIENTED_EDGE('',*,*,#2117,.F.);
#2117 = EDGE_CURVE('',#2032,#2090,#2118,.T.);
#2118 = SURFACE_CURVE('',#2119,(#2123,#2130),.PCURVE_S1.);
#2119 = LINE('',#2120,#2121);
#2120 = CARTESIAN_POINT('',(6.,77.3,98.5));
#2121 = VECTOR('',#2122,1.);
#2122 = DIRECTION('',(0.,0.,1.));
#2123 = PCURVE('',#453,#2124);
#2124 = DEFINITIONAL_REPRESENTATION('',(#2125),#2129);
#2125 = LINE('',#2126,#2127);
#2126 = CARTESIAN_POINT('',(92.5,-69.3));
#2127 = VECTOR('',#2128,1.);
#2128 = DIRECTION('',(1.,0.));
#2129 = ( GEOMETRIC_REPRESENTATION_CONTEXT(2)
PARAMETRIC_REPRESENTATION_CONTEXT() REPRESENTATION_CONTEXT('2D SPACE',''
  ) );
#2130 = PCURVE('',#2131,#2136);
#2131 = PLANE('',#2132);
#2132 = AXIS2_PLACEMENT_3D('',#2133,#2134,#2135);
#2133 = CARTESIAN_POINT('',(5.85,77.15,98.5));
#2134 = DIRECTION('',(-0.707106781187,0.707106781187,3.472568050348E-18)
  );
#2135 = DIRECTION('',(-2.455476416532E-18,2.455476416533E-18,-1.));
#2136 = DEFINITIONAL_REPRESENTATION('',(#2137),#2141);
#2137 = LINE('',#2138,#2139);
#2138 = CARTESIAN_POINT('',(-0.,-0.212132034356));
#2139 = VECTOR('',#2140,1.);
#2140 = DIRECTION('',(-1.,0.));
#2141 = ( GEOMETRIC_REPRESENTATION_CONTEXT(2)
PARAMETRIC_REPRESENTATION_CONTEXT() REPRESENTATION_CONTEXT('2D SPACE',''
  ) );
#2142 = FACE_BOUND('',#2143,.T.);
#2143 = EDGE_LOOP('',(#2144,#2167,#2195,#2223,#2242,#2243,#2262,#2263));
#2144 = ORIENTED_EDGE('',*,*,#2145,.T.);
#2145 = EDGE_CURVE('',#438,#2146,#2148,.T.);
#2146 = VERTEX_POINT('',#2147);
#2147 = CARTESIAN_POINT('',(6.,92.,157.5));
#2148 = SURFACE_CURVE('',#2149,(#2153,#2160),.PCURVE_S1.);
#2149 = LINE('',#2150,#2151);
#2150 = CARTESIAN_POINT('',(6.,92.,6.));
#2151 = VECTOR('',#2152,1.);
#2152 = DIRECTION('',(0.,0.,1.));
#2153 = PCURVE('',#453,#2154);
#2154 = DEFINITIONAL_REPRESENTATION('',(#2155),#2159);
#2155 = LINE('',#2156,#2157);
#2156 = CARTESIAN_POINT('',(0.,-84.));
#2157 = VECTOR('',#2158,1.);
#2158 = DIRECTION('',(1.,0.));
#2159 = ( GEOMETRIC_REPRESENTATION_CONTEXT(2)
PARAMETRIC_REPRESENTATION_CONTEXT() REPRESENTATION_CONTEXT('2D SPACE',''
  ) );
#2160 = PCURVE('',#699,#2161);
#2161 = DEFINITIONAL_REPRESENTATION('',(#2162),#2166);
#2162 = LINE('',#2163,#2164);
#2163 = CARTESIAN_POINT('',(-0.,0.));
#2164 = VECTOR('',#2165,1.);
#2165 = DIRECTION('',(-0.,1.));
#2166 = ( GEOMETRIC_REPRESENTATION_CONTEXT(2)
PARAMETRIC_REPRESENTATION_CONTEXT() REPRESENTATION_CONTEXT('2D SPACE',''
  ) );
#2167 = ORIENTED_EDGE('',*,*,#2168,.T.);
#2168 = EDGE_CURVE('',#2146,#2169,#2171,.T.);
#2169 = VERTEX_POINT('',#2170);
#2170 = CARTESIAN_POINT('',(6.,13.,157.5));
#2171 = SURFACE_CURVE('',#2172,(#2176,#2183),.PCURVE_S1.);
#2172 = LINE('',#2173,#2174);
#2173 = CARTESIAN_POINT('',(6.,92.,157.5));
#2174 = VECTOR('',#2175,1.);
#2175 = DIRECTION('',(0.,-1.,-0.));
#2176 = PCURVE('',#453,#2177);
#2177 = DEFINITIONAL_REPRESENTATION('',(#2178),#2182);
#2178 = LINE('',#2179,#2180);
#2179 = CARTESIAN_POINT('',(151.5,-84.));
#2180 = VECTOR('',#2181,1.);
#2181 = DIRECTION('',(0.,1.));
#2182 = ( GEOMETRIC_REPRESENTATION_CONTEXT(2)
PARAMETRIC_REPRESENTATION_CONTEXT() REPRESENTATION_CONTEXT('2D SPACE',''
  ) );
#2183 = PCURVE('',#2184,#2189);
#2184 = CYLINDRICAL_SURFACE('',#2185,0.5);
#2185 = AXIS2_PLACEMENT_3D('',#2186,#2187,#2188);
#2186 = CARTESIAN_POINT('',(5.5,92.,157.5));
#2187 = DIRECTION('',(0.,-1.,-0.));
#2188 = DIRECTION('',(0.,0.,1.));
#2189 = DEFINITIONAL_REPRESENTATION('',(#2190),#2194);
#2190 = LINE('',#2191,#2192);
#2191 = CARTESIAN_POINT('',(-1.570796326795,0.));
#2192 = VECTOR('',#2193,1.);
#2193 = DIRECTION('',(-0.,1.));
#2194 = ( GEOMETRIC_REPRESENTATION_CONTEXT(2)
PARAMETRIC_REPRESENTATION_CONTEXT() REPRESENTATION_CONTEXT('2D SPACE',''
  ) );
#2195 = ORIENTED_EDGE('',*,*,#2196,.F.);
#2196 = EDGE_CURVE('',#2197,#2169,#2199,.T.);
#2197 = VERTEX_POINT('',#2198);
#2198 = CARTESIAN_POINT('',(6.,13.,135.));
#2199 = SURFACE_CURVE('',#2200,(#2204,#2211),.PCURVE_S1.);
#2200 = LINE('',#2201,#2202);
#2201 = CARTESIAN_POINT('',(6.,13.,135.));
#2202 = VECTOR('',#2203,1.);
#2203 = DIRECTION('',(0.,0.,1.));
#2204 = PCURVE('',#453,#2205);
#2205 = DEFINITIONAL_REPRESENTATION('',(#2206),#2210);
#2206 = LINE('',#2207,#2208);
#2207 = CARTESIAN_POINT('',(129.,-5.));
#2208 = VECTOR('',#2209,1.);
#2209 = DIRECTION('',(1.,0.));
#2210 = ( GEOMETRIC_REPRESENTATION_CONTEXT(2)
PARAMETRIC_REPRESENTATION_CONTEXT() REPRESENTATION_CONTEXT('2D SPACE',''
  ) );
#2211 = PCURVE('',#2212,#2217);
#2212 = PLANE('',#2213);
#2213 = AXIS2_PLACEMENT_3D('',#2214,#2215,#2216);
#2214 = CARTESIAN_POINT('',(8.220481209212,13.,146.96446609406));
#2215 = DIRECTION('',(-0.,-1.,-0.));
#2216 = DIRECTION('',(0.,0.,-1.));
#2217 = DEFINITIONAL_REPRESENTATION('',(#2218),#2222);
#2218 = LINE('',#2219,#2220);
#2219 = CARTESIAN_POINT('',(11.964466094067,-2.220481209212));
#2220 = VECTOR('',#2221,1.);
#2221 = DIRECTION('',(-1.,0.));
#2222 = ( GEOMETRIC_REPRESENTATION_CONTEXT(2)
PARAMETRIC_REPRESENTATION_CONTEXT() REPRESENTATION_CONTEXT('2D SPACE',''
  ) );
#2223 = ORIENTED_EDGE('',*,*,#2224,.T.);
#2224 = EDGE_CURVE('',#2197,#1453,#2225,.T.);
#2225 = SURFACE_CURVE('',#2226,(#2230,#2236),.PCURVE_S1.);
#2226 = LINE('',#2227,#2228);
#2227 = CARTESIAN_POINT('',(6.,10.5,135.));
#2228 = VECTOR('',#2229,1.);
#2229 = DIRECTION('',(0.,-1.,0.));
#2230 = PCURVE('',#453,#2231);
#2231 = DEFINITIONAL_REPRESENTATION('',(#2232),#2235);
#2232 = B_SPLINE_CURVE_WITH_KNOTS('',1,(#2233,#2234),.UNSPECIFIED.,.F.,
  .F.,(2,2),(-2.5,6.5),.PIECEWISE_BEZIER_KNOTS.);
#2233 = CARTESIAN_POINT('',(129.,-5.));
#2234 = CARTESIAN_POINT('',(129.,4.));
#2235 = ( GEOMETRIC_REPRESENTATION_CONTEXT(2)
PARAMETRIC_REPRESENTATION_CONTEXT() REPRESENTATION_CONTEXT('2D SPACE',''
  ) );
#2236 = PCURVE('',#1468,#2237);
#2237 = DEFINITIONAL_REPRESENTATION('',(#2238),#2241);
#2238 = B_SPLINE_CURVE_WITH_KNOTS('',1,(#2239,#2240),.UNSPECIFIED.,.F.,
  .F.,(2,2),(-2.5,6.5),.PIECEWISE_BEZIER_KNOTS.);
#2239 = CARTESIAN_POINT('',(2.828427124746,0.));
#2240 = CARTESIAN_POINT('',(2.828427124746,-9.));
#2241 = ( GEOMETRIC_REPRESENTATION_CONTEXT(2)
PARAMETRIC_REPRESENTATION_CONTEXT() REPRESENTATION_CONTEXT('2D SPACE',''
  ) );
#2242 = ORIENTED_EDGE('',*,*,#1480,.F.);
#2243 = ORIENTED_EDGE('',*,*,#2244,.F.);
#2244 = EDGE_CURVE('',#514,#1481,#2245,.T.);
#2245 = SURFACE_CURVE('',#2246,(#2250,#2256),.PCURVE_S1.);
#2246 = LINE('',#2247,#2248);
#2247 = CARTESIAN_POINT('',(6.,6.,15.));
#2248 = VECTOR('',#2249,1.);
#2249 = DIRECTION('',(0.,-1.,0.));
#2250 = PCURVE('',#453,#2251);
#2251 = DEFINITIONAL_REPRESENTATION('',(#2252),#2255);
#2252 = B_SPLINE_CURVE_WITH_KNOTS('',1,(#2253,#2254),.UNSPECIFIED.,.F.,
  .F.,(2,2),(-7.,2.),.PIECEWISE_BEZIER_KNOTS.);
#2253 = CARTESIAN_POINT('',(9.,-5.));
#2254 = CARTESIAN_POINT('',(9.,4.));
#2255 = ( GEOMETRIC_REPRESENTATION_CONTEXT(2)
PARAMETRIC_REPRESENTATION_CONTEXT() REPRESENTATION_CONTEXT('2D SPACE',''
  ) );
#2256 = PCURVE('',#552,#2257);
#2257 = DEFINITIONAL_REPRESENTATION('',(#2258),#2261);
#2258 = B_SPLINE_CURVE_WITH_KNOTS('',1,(#2259,#2260),.UNSPECIFIED.,.F.,
  .F.,(2,2),(-7.,2.),.PIECEWISE_BEZIER_KNOTS.);
#2259 = CARTESIAN_POINT('',(2.,9.));
#2260 = CARTESIAN_POINT('',(2.,0.));
#2261 = ( GEOMETRIC_REPRESENTATION_CONTEXT(2)
PARAMETRIC_REPRESENTATION_CONTEXT() REPRESENTATION_CONTEXT('2D SPACE',''
  ) );
#2262 = ORIENTED_EDGE('',*,*,#513,.T.);
#2263 = ORIENTED_EDGE('',*,*,#435,.T.);
#2264 = ADVANCED_FACE('',(#2265),#613,.T.);
#2265 = FACE_BOUND('',#2266,.T.);
#2266 = EDGE_LOOP('',(#2267,#2268,#2269,#2270));
#2267 = ORIENTED_EDGE('',*,*,#1554,.F.);
#2268 = ORIENTED_EDGE('',*,*,#761,.T.);
#2269 = ORIENTED_EDGE('',*,*,#597,.T.);
#2270 = ORIENTED_EDGE('',*,*,#2271,.F.);
#2271 = EDGE_CURVE('',#1527,#565,#2272,.T.);
#2272 = SURFACE_CURVE('',#2273,(#2277,#2284),.PCURVE_S1.);
#2273 = LINE('',#2274,#2275);
#2274 = CARTESIAN_POINT('',(14.,4.,14.4));
#2275 = VECTOR('',#2276,1.);
#2276 = DIRECTION('',(-0.,1.,0.));
#2277 = PCURVE('',#613,#2278);
#2278 = DEFINITIONAL_REPRESENTATION('',(#2279),#2283);
#2279 = LINE('',#2280,#2281);
#2280 = CARTESIAN_POINT('',(8.4,0.));
#2281 = VECTOR('',#2282,1.);
#2282 = DIRECTION('',(0.,-1.));
#2283 = ( GEOMETRIC_REPRESENTATION_CONTEXT(2)
PARAMETRIC_REPRESENTATION_CONTEXT() REPRESENTATION_CONTEXT('2D SPACE',''
  ) );
#2284 = PCURVE('',#585,#2285);
#2285 = DEFINITIONAL_REPRESENTATION('',(#2286),#2290);
#2286 = LINE('',#2287,#2288);
#2287 = CARTESIAN_POINT('',(-0.,0.));
#2288 = VECTOR('',#2289,1.);
#2289 = DIRECTION('',(-0.,1.));
#2290 = ( GEOMETRIC_REPRESENTATION_CONTEXT(2)
PARAMETRIC_REPRESENTATION_CONTEXT() REPRESENTATION_CONTEXT('2D SPACE',''
  ) );
#2291 = ADVANCED_FACE('',(#2292),#552,.T.);
#2292 = FACE_BOUND('',#2293,.T.);
#2293 = EDGE_LOOP('',(#2294,#2295,#2296,#2317));
#2294 = ORIENTED_EDGE('',*,*,#2244,.T.);
#2295 = ORIENTED_EDGE('',*,*,#1503,.F.);
#2296 = ORIENTED_EDGE('',*,*,#2297,.T.);
#2297 = EDGE_CURVE('',#1504,#537,#2298,.T.);
#2298 = SURFACE_CURVE('',#2299,(#2303,#2310),.PCURVE_S1.);
#2299 = LINE('',#2300,#2301);
#2300 = CARTESIAN_POINT('',(13.4,4.,15.));
#2301 = VECTOR('',#2302,1.);
#2302 = DIRECTION('',(-0.,1.,0.));
#2303 = PCURVE('',#552,#2304);
#2304 = DEFINITIONAL_REPRESENTATION('',(#2305),#2309);
#2305 = LINE('',#2306,#2307);
#2306 = CARTESIAN_POINT('',(9.4,0.));
#2307 = VECTOR('',#2308,1.);
#2308 = DIRECTION('',(0.,1.));
#2309 = ( GEOMETRIC_REPRESENTATION_CONTEXT(2)
PARAMETRIC_REPRESENTATION_CONTEXT() REPRESENTATION_CONTEXT('2D SPACE',''
  ) );
#2310 = PCURVE('',#585,#2311);
#2311 = DEFINITIONAL_REPRESENTATION('',(#2312),#2316);
#2312 = LINE('',#2313,#2314);
#2313 = CARTESIAN_POINT('',(-1.570796326795,0.));
#2314 = VECTOR('',#2315,1.);
#2315 = DIRECTION('',(-0.,1.));
#2316 = ( GEOMETRIC_REPRESENTATION_CONTEXT(2)
PARAMETRIC_REPRESENTATION_CONTEXT() REPRESENTATION_CONTEXT('2D SPACE',''
  ) );
#2317 = ORIENTED_EDGE('',*,*,#536,.T.);
#2318 = ADVANCED_FACE('',(#2319),#585,.T.);
#2319 = FACE_BOUND('',#2320,.F.);
#2320 = EDGE_LOOP('',(#2321,#2322,#2323,#2324));
#2321 = ORIENTED_EDGE('',*,*,#1526,.T.);
#2322 = ORIENTED_EDGE('',*,*,#2297,.T.);
#2323 = ORIENTED_EDGE('',*,*,#564,.F.);
#2324 = ORIENTED_EDGE('',*,*,#2271,.F.);
#2325 = ADVANCED_FACE('',(#2326),#666,.F.);
#2326 = FACE_BOUND('',#2327,.F.);
#2327 = EDGE_LOOP('',(#2328,#2329,#2350,#2351));
#2328 = ORIENTED_EDGE('',*,*,#649,.F.);
#2329 = ORIENTED_EDGE('',*,*,#2330,.F.);
#2330 = EDGE_CURVE('',#1077,#650,#2331,.T.);
#2331 = SEAM_CURVE('',#2332,(#2336,#2343),.PCURVE_S1.);
#2332 = LINE('',#2333,#2334);
#2333 = CARTESIAN_POINT('',(9.,3.,11.4));
#2334 = VECTOR('',#2335,1.);
#2335 = DIRECTION('',(0.,1.,0.));
#2336 = PCURVE('',#666,#2337);
#2337 = DEFINITIONAL_REPRESENTATION('',(#2338),#2342);
#2338 = LINE('',#2339,#2340);
#2339 = CARTESIAN_POINT('',(6.28318530718,-0.));
#2340 = VECTOR('',#2341,1.);
#2341 = DIRECTION('',(0.,1.));
#2342 = ( GEOMETRIC_REPRESENTATION_CONTEXT(2)
PARAMETRIC_REPRESENTATION_CONTEXT() REPRESENTATION_CONTEXT('2D SPACE',''
  ) );
#2343 = PCURVE('',#666,#2344);
#2344 = DEFINITIONAL_REPRESENTATION('',(#2345),#2349);
#2345 = LINE('',#2346,#2347);
#2346 = CARTESIAN_POINT('',(0.,-0.));
#2347 = VECTOR('',#2348,1.);
#2348 = DIRECTION('',(0.,1.));
#2349 = ( GEOMETRIC_REPRESENTATION_CONTEXT(2)
PARAMETRIC_REPRESENTATION_CONTEXT() REPRESENTATION_CONTEXT('2D SPACE',''
  ) );
#2350 = ORIENTED_EDGE('',*,*,#1076,.T.);
#2351 = ORIENTED_EDGE('',*,*,#2330,.T.);
#2352 = ADVANCED_FACE('',(#2353),#699,.F.);
#2353 = FACE_BOUND('',#2354,.T.);
#2354 = EDGE_LOOP('',(#2355,#2356,#2357,#2380));
#2355 = ORIENTED_EDGE('',*,*,#2145,.F.);
#2356 = ORIENTED_EDGE('',*,*,#682,.T.);
#2357 = ORIENTED_EDGE('',*,*,#2358,.T.);
#2358 = EDGE_CURVE('',#683,#2359,#2361,.T.);
#2359 = VERTEX_POINT('',#2360);
#2360 = CARTESIAN_POINT('',(8.,94.,157.5));
#2361 = SURFACE_CURVE('',#2362,(#2366,#2373),.PCURVE_S1.);
#2362 = LINE('',#2363,#2364);
#2363 = CARTESIAN_POINT('',(8.,94.,6.));
#2364 = VECTOR('',#2365,1.);
#2365 = DIRECTION('',(0.,0.,1.));
#2366 = PCURVE('',#699,#2367);
#2367 = DEFINITIONAL_REPRESENTATION('',(#2368),#2372);
#2368 = LINE('',#2369,#2370);
#2369 = CARTESIAN_POINT('',(-1.570796326795,0.));
#2370 = VECTOR('',#2371,1.);
#2371 = DIRECTION('',(-0.,1.));
#2372 = ( GEOMETRIC_REPRESENTATION_CONTEXT(2)
PARAMETRIC_REPRESENTATION_CONTEXT() REPRESENTATION_CONTEXT('2D SPACE',''
  ) );
#2373 = PCURVE('',#823,#2374);
#2374 = DEFINITIONAL_REPRESENTATION('',(#2375),#2379);
#2375 = LINE('',#2376,#2377);
#2376 = CARTESIAN_POINT('',(0.,2.));
#2377 = VECTOR('',#2378,1.);
#2378 = DIRECTION('',(1.,0.));
#2379 = ( GEOMETRIC_REPRESENTATION_CONTEXT(2)
PARAMETRIC_REPRESENTATION_CONTEXT() REPRESENTATION_CONTEXT('2D SPACE',''
  ) );
#2380 = ORIENTED_EDGE('',*,*,#2381,.T.);
#2381 = EDGE_CURVE('',#2359,#2146,#2382,.T.);
#2382 = SURFACE_CURVE('',#2383,(#2388,#2395),.PCURVE_S1.);
#2383 = CIRCLE('',#2384,2.);
#2384 = AXIS2_PLACEMENT_3D('',#2385,#2386,#2387);
#2385 = CARTESIAN_POINT('',(8.,92.,157.5));
#2386 = DIRECTION('',(0.,0.,1.));
#2387 = DIRECTION('',(0.,1.,-0.));
#2388 = PCURVE('',#699,#2389);
#2389 = DEFINITIONAL_REPRESENTATION('',(#2390),#2394);
#2390 = LINE('',#2391,#2392);
#2391 = CARTESIAN_POINT('',(-1.570796326795,151.5));
#2392 = VECTOR('',#2393,1.);
#2393 = DIRECTION('',(1.,-0.));
#2394 = ( GEOMETRIC_REPRESENTATION_CONTEXT(2)
PARAMETRIC_REPRESENTATION_CONTEXT() REPRESENTATION_CONTEXT('2D SPACE',''
  ) );
#2395 = PCURVE('',#2396,#2401);
#2396 = TOROIDAL_SURFACE('',#2397,2.5,0.5);
#2397 = AXIS2_PLACEMENT_3D('',#2398,#2399,#2400);
#2398 = CARTESIAN_POINT('',(8.,92.,157.5));
#2399 = DIRECTION('',(0.,0.,1.));
#2400 = DIRECTION('',(0.,1.,-0.));
#2401 = DEFINITIONAL_REPRESENTATION('',(#2402),#2406);
#2402 = LINE('',#2403,#2404);
#2403 = CARTESIAN_POINT('',(0.,3.14159265359));
#2404 = VECTOR('',#2405,1.);
#2405 = DIRECTION('',(1.,0.));
#2406 = ( GEOMETRIC_REPRESENTATION_CONTEXT(2)
PARAMETRIC_REPRESENTATION_CONTEXT() REPRESENTATION_CONTEXT('2D SPACE',''
  ) );
#2407 = ADVANCED_FACE('',(#2408,#2439,#2492,#2523,#2554),#823,.F.);
#2408 = FACE_BOUND('',#2409,.F.);
#2409 = EDGE_LOOP('',(#2410));
#2410 = ORIENTED_EDGE('',*,*,#2411,.F.);
#2411 = EDGE_CURVE('',#2412,#2412,#2414,.T.);
#2412 = VERTEX_POINT('',#2413);
#2413 = CARTESIAN_POINT('',(76.5,94.,143.1));
#2414 = SURFACE_CURVE('',#2415,(#2420,#2427),.PCURVE_S1.);
#2415 = CIRCLE('',#2416,4.6);
#2416 = AXIS2_PLACEMENT_3D('',#2417,#2418,#2419);
#2417 = CARTESIAN_POINT('',(76.5,94.,138.5));
#2418 = DIRECTION('',(-0.,1.,0.));
#2419 = DIRECTION('',(0.,0.,1.));
#2420 = PCURVE('',#823,#2421);
#2421 = DEFINITIONAL_REPRESENTATION('',(#2422),#2426);
#2422 = CIRCLE('',#2423,4.6);
#2423 = AXIS2_PLACEMENT_2D('',#2424,#2425);
#2424 = CARTESIAN_POINT('',(132.5,70.5));
#2425 = DIRECTION('',(1.,0.));
#2426 = ( GEOMETRIC_REPRESENTATION_CONTEXT(2)
PARAMETRIC_REPRESENTATION_CONTEXT() REPRESENTATION_CONTEXT('2D SPACE',''
  ) );
#2427 = PCURVE('',#2428,#2433);
#2428 = TOROIDAL_SURFACE('',#2429,4.6,0.6);
#2429 = AXIS2_PLACEMENT_3D('',#2430,#2431,#2432);
#2430 = CARTESIAN_POINT('',(76.5,93.4,138.5));
#2431 = DIRECTION('',(-0.,1.,0.));
#2432 = DIRECTION('',(0.,0.,1.));
#2433 = DEFINITIONAL_REPRESENTATION('',(#2434),#2438);
#2434 = LINE('',#2435,#2436);
#2435 = CARTESIAN_POINT('',(0.,1.570796326795));
#2436 = VECTOR('',#2437,1.);
#2437 = DIRECTION('',(1.,0.));
#2438 = ( GEOMETRIC_REPRESENTATION_CONTEXT(2)
PARAMETRIC_REPRESENTATION_CONTEXT() REPRESENTATION_CONTEXT('2D SPACE',''
  ) );
#2439 = FACE_BOUND('',#2440,.F.);
#2440 = EDGE_LOOP('',(#2441,#2464,#2465,#2466));
#2441 = ORIENTED_EDGE('',*,*,#2442,.F.);
#2442 = EDGE_CURVE('',#788,#2443,#2445,.T.);
#2443 = VERTEX_POINT('',#2444);
#2444 = CARTESIAN_POINT('',(88.,94.,157.5));
#2445 = SURFACE_CURVE('',#2446,(#2450,#2457),.PCURVE_S1.);
#2446 = LINE('',#2447,#2448);
#2447 = CARTESIAN_POINT('',(88.,94.,6.));
#2448 = VECTOR('',#2449,1.);
#2449 = DIRECTION('',(0.,0.,1.));
#2450 = PCURVE('',#823,#2451);
#2451 = DEFINITIONAL_REPRESENTATION('',(#2452),#2456);
#2452 = LINE('',#2453,#2454);
#2453 = CARTESIAN_POINT('',(0.,82.));
#2454 = VECTOR('',#2455,1.);
#2455 = DIRECTION('',(1.,0.));
#2456 = ( GEOMETRIC_REPRESENTATION_CONTEXT(2)
PARAMETRIC_REPRESENTATION_CONTEXT() REPRESENTATION_CONTEXT('2D SPACE',''
  ) );
#2457 = PCURVE('',#1655,#2458);
#2458 = DEFINITIONAL_REPRESENTATION('',(#2459),#2463);
#2459 = LINE('',#2460,#2461);
#2460 = CARTESIAN_POINT('',(1.570796326795,0.));
#2461 = VECTOR('',#2462,1.);
#2462 = DIRECTION('',(0.,1.));
#2463 = ( GEOMETRIC_REPRESENTATION_CONTEXT(2)
PARAMETRIC_REPRESENTATION_CONTEXT() REPRESENTATION_CONTEXT('2D SPACE',''
  ) );
#2464 = ORIENTED_EDGE('',*,*,#809,.F.);
#2465 = ORIENTED_EDGE('',*,*,#2358,.T.);
#2466 = ORIENTED_EDGE('',*,*,#2467,.F.);
#2467 = EDGE_CURVE('',#2443,#2359,#2468,.T.);
#2468 = SURFACE_CURVE('',#2469,(#2473,#2480),.PCURVE_S1.);
#2469 = LINE('',#2470,#2471);
#2470 = CARTESIAN_POINT('',(88.,94.,157.5));
#2471 = VECTOR('',#2472,1.);
#2472 = DIRECTION('',(-1.,-0.,0.));
#2473 = PCURVE('',#823,#2474);
#2474 = DEFINITIONAL_REPRESENTATION('',(#2475),#2479);
#2475 = LINE('',#2476,#2477);
#2476 = CARTESIAN_POINT('',(151.5,82.));
#2477 = VECTOR('',#2478,1.);
#2478 = DIRECTION('',(0.,-1.));
#2479 = ( GEOMETRIC_REPRESENTATION_CONTEXT(2)
PARAMETRIC_REPRESENTATION_CONTEXT() REPRESENTATION_CONTEXT('2D SPACE',''
  ) );
#2480 = PCURVE('',#2481,#2486);
#2481 = CYLINDRICAL_SURFACE('',#2482,0.5);
#2482 = AXIS2_PLACEMENT_3D('',#2483,#2484,#2485);
#2483 = CARTESIAN_POINT('',(88.,94.5,157.5));
#2484 = DIRECTION('',(-1.,-0.,0.));
#2485 = DIRECTION('',(0.,0.,1.));
#2486 = DEFINITIONAL_REPRESENTATION('',(#2487),#2491);
#2487 = LINE('',#2488,#2489);
#2488 = CARTESIAN_POINT('',(-1.570796326795,0.));
#2489 = VECTOR('',#2490,1.);
#2490 = DIRECTION('',(-0.,1.));
#2491 = ( GEOMETRIC_REPRESENTATION_CONTEXT(2)
PARAMETRIC_REPRESENTATION_CONTEXT() REPRESENTATION_CONTEXT('2D SPACE',''
  ) );
#2492 = FACE_BOUND('',#2493,.F.);
#2493 = EDGE_LOOP('',(#2494));
#2494 = ORIENTED_EDGE('',*,*,#2495,.F.);
#2495 = EDGE_CURVE('',#2496,#2496,#2498,.T.);
#2496 = VERTEX_POINT('',#2497);
#2497 = CARTESIAN_POINT('',(19.5,94.,83.1));
#2498 = SURFACE_CURVE('',#2499,(#2504,#2511),.PCURVE_S1.);
#2499 = CIRCLE('',#2500,4.6);
#2500 = AXIS2_PLACEMENT_3D('',#2501,#2502,#2503);
#2501 = CARTESIAN_POINT('',(19.5,94.,78.5));
#2502 = DIRECTION('',(-0.,1.,0.));
#2503 = DIRECTION('',(0.,0.,1.));
#2504 = PCURVE('',#823,#2505);
#2505 = DEFINITIONAL_REPRESENTATION('',(#2506),#2510);
#2506 = CIRCLE('',#2507,4.6);
#2507 = AXIS2_PLACEMENT_2D('',#2508,#2509);
#2508 = CARTESIAN_POINT('',(72.5,13.5));
#2509 = DIRECTION('',(1.,0.));
#2510 = ( GEOMETRIC_REPRESENTATION_CONTEXT(2)
PARAMETRIC_REPRESENTATION_CONTEXT() REPRESENTATION_CONTEXT('2D SPACE',''
  ) );
#2511 = PCURVE('',#2512,#2517);
#2512 = TOROIDAL_SURFACE('',#2513,4.6,0.6);
#2513 = AXIS2_PLACEMENT_3D('',#2514,#2515,#2516);
#2514 = CARTESIAN_POINT('',(19.5,93.4,78.5));
#2515 = DIRECTION('',(-0.,1.,0.));
#2516 = DIRECTION('',(0.,0.,1.));
#2517 = DEFINITIONAL_REPRESENTATION('',(#2518),#2522);
#2518 = LINE('',#2519,#2520);
#2519 = CARTESIAN_POINT('',(0.,1.570796326795));
#2520 = VECTOR('',#2521,1.);
#2521 = DIRECTION('',(1.,0.));
#2522 = ( GEOMETRIC_REPRESENTATION_CONTEXT(2)
PARAMETRIC_REPRESENTATION_CONTEXT() REPRESENTATION_CONTEXT('2D SPACE',''
  ) );
#2523 = FACE_BOUND('',#2524,.F.);
#2524 = EDGE_LOOP('',(#2525));
#2525 = ORIENTED_EDGE('',*,*,#2526,.F.);
#2526 = EDGE_CURVE('',#2527,#2527,#2529,.T.);
#2527 = VERTEX_POINT('',#2528);
#2528 = CARTESIAN_POINT('',(19.5,94.,143.1));
#2529 = SURFACE_CURVE('',#2530,(#2535,#2542),.PCURVE_S1.);
#2530 = CIRCLE('',#2531,4.6);
#2531 = AXIS2_PLACEMENT_3D('',#2532,#2533,#2534);
#2532 = CARTESIAN_POINT('',(19.5,94.,138.5));
#2533 = DIRECTION('',(-0.,1.,0.));
#2534 = DIRECTION('',(0.,0.,1.));
#2535 = PCURVE('',#823,#2536);
#2536 = DEFINITIONAL_REPRESENTATION('',(#2537),#2541);
#2537 = CIRCLE('',#2538,4.6);
#2538 = AXIS2_PLACEMENT_2D('',#2539,#2540);
#2539 = CARTESIAN_POINT('',(132.5,13.5));
#2540 = DIRECTION('',(1.,0.));
#2541 = ( GEOMETRIC_REPRESENTATION_CONTEXT(2)
PARAMETRIC_REPRESENTATION_CONTEXT() REPRESENTATION_CONTEXT('2D SPACE',''
  ) );
#2542 = PCURVE('',#2543,#2548);
#2543 = TOROIDAL_SURFACE('',#2544,4.6,0.6);
#2544 = AXIS2_PLACEMENT_3D('',#2545,#2546,#2547);
#2545 = CARTESIAN_POINT('',(19.5,93.4,138.5));
#2546 = DIRECTION('',(-0.,1.,0.));
#2547 = DIRECTION('',(0.,0.,1.));
#2548 = DEFINITIONAL_REPRESENTATION('',(#2549),#2553);
#2549 = LINE('',#2550,#2551);
#2550 = CARTESIAN_POINT('',(0.,1.570796326795));
#2551 = VECTOR('',#2552,1.);
#2552 = DIRECTION('',(1.,0.));
#2553 = ( GEOMETRIC_REPRESENTATION_CONTEXT(2)
PARAMETRIC_REPRESENTATION_CONTEXT() REPRESENTATION_CONTEXT('2D SPACE',''
  ) );
#2554 = FACE_BOUND('',#2555,.F.);
#2555 = EDGE_LOOP('',(#2556));
#2556 = ORIENTED_EDGE('',*,*,#2557,.F.);
#2557 = EDGE_CURVE('',#2558,#2558,#2560,.T.);
#2558 = VERTEX_POINT('',#2559);
#2559 = CARTESIAN_POINT('',(76.5,94.,83.1));
#2560 = SURFACE_CURVE('',#2561,(#2566,#2573),.PCURVE_S1.);
#2561 = CIRCLE('',#2562,4.6);
#2562 = AXIS2_PLACEMENT_3D('',#2563,#2564,#2565);
#2563 = CARTESIAN_POINT('',(76.5,94.,78.5));
#2564 = DIRECTION('',(-0.,1.,0.));
#2565 = DIRECTION('',(0.,0.,1.));
#2566 = PCURVE('',#823,#2567);
#2567 = DEFINITIONAL_REPRESENTATION('',(#2568),#2572);
#2568 = CIRCLE('',#2569,4.6);
#2569 = AXIS2_PLACEMENT_2D('',#2570,#2571);
#2570 = CARTESIAN_POINT('',(72.5,70.5));
#2571 = DIRECTION('',(1.,0.));
#2572 = ( GEOMETRIC_REPRESENTATION_CONTEXT(2)
PARAMETRIC_REPRESENTATION_CONTEXT() REPRESENTATION_CONTEXT('2D SPACE',''
  ) );
#2573 = PCURVE('',#2574,#2579);
#2574 = TOROIDAL_SURFACE('',#2575,4.6,0.6);
#2575 = AXIS2_PLACEMENT_3D('',#2576,#2577,#2578);
#2576 = CARTESIAN_POINT('',(76.5,93.4,78.5));
#2577 = DIRECTION('',(-0.,1.,0.));
#2578 = DIRECTION('',(0.,0.,1.));
#2579 = DEFINITIONAL_REPRESENTATION('',(#2580),#2584);
#2580 = LINE('',#2581,#2582);
#2581 = CARTESIAN_POINT('',(0.,1.570796326795));
#2582 = VECTOR('',#2583,1.);
#2583 = DIRECTION('',(1.,0.));
#2584 = ( GEOMETRIC_REPRESENTATION_CONTEXT(2)
PARAMETRIC_REPRESENTATION_CONTEXT() REPRESENTATION_CONTEXT('2D SPACE',''
  ) );
#2585 = ADVANCED_FACE('',(#2586),#856,.T.);
#2586 = FACE_BOUND('',#2587,.T.);
#2587 = EDGE_LOOP('',(#2588,#2611,#2612,#2635,#2664,#2692));
#2588 = ORIENTED_EDGE('',*,*,#2589,.T.);
#2589 = EDGE_CURVE('',#2590,#841,#2592,.T.);
#2590 = VERTEX_POINT('',#2591);
#2591 = CARTESIAN_POINT('',(90.,0.375047169979,3.));
#2592 = SURFACE_CURVE('',#2593,(#2597,#2604),.PCURVE_S1.);
#2593 = LINE('',#2594,#2595);
#2594 = CARTESIAN_POINT('',(90.,-1.,3.));
#2595 = VECTOR('',#2596,1.);
#2596 = DIRECTION('',(-0.,1.,0.));
#2597 = PCURVE('',#856,#2598);
#2598 = DEFINITIONAL_REPRESENTATION('',(#2599),#2603);
#2599 = LINE('',#2600,#2601);
#2600 = CARTESIAN_POINT('',(87.,0.));
#2601 = VECTOR('',#2602,1.);
#2602 = DIRECTION('',(0.,1.));
#2603 = ( GEOMETRIC_REPRESENTATION_CONTEXT(2)
PARAMETRIC_REPRESENTATION_CONTEXT() REPRESENTATION_CONTEXT('2D SPACE',''
  ) );
#2604 = PCURVE('',#1062,#2605);
#2605 = DEFINITIONAL_REPRESENTATION('',(#2606),#2610);
#2606 = LINE('',#2607,#2608);
#2607 = CARTESIAN_POINT('',(1.570796326795,0.));
#2608 = VECTOR('',#2609,1.);
#2609 = DIRECTION('',(0.,1.));
#2610 = ( GEOMETRIC_REPRESENTATION_CONTEXT(2)
PARAMETRIC_REPRESENTATION_CONTEXT() REPRESENTATION_CONTEXT('2D SPACE',''
  ) );
#2611 = ORIENTED_EDGE('',*,*,#838,.F.);
#2612 = ORIENTED_EDGE('',*,*,#2613,.F.);
#2613 = EDGE_CURVE('',#2614,#839,#2616,.T.);
#2614 = VERTEX_POINT('',#2615);
#2615 = CARTESIAN_POINT('',(6.,0.375047169979,3.));
#2616 = SURFACE_CURVE('',#2617,(#2621,#2628),.PCURVE_S1.);
#2617 = LINE('',#2618,#2619);
#2618 = CARTESIAN_POINT('',(6.,-1.,3.));
#2619 = VECTOR('',#2620,1.);
#2620 = DIRECTION('',(-0.,1.,0.));
#2621 = PCURVE('',#856,#2622);
#2622 = DEFINITIONAL_REPRESENTATION('',(#2623),#2627);
#2623 = LINE('',#2624,#2625);
#2624 = CARTESIAN_POINT('',(3.,0.));
#2625 = VECTOR('',#2626,1.);
#2626 = DIRECTION('',(0.,1.));
#2627 = ( GEOMETRIC_REPRESENTATION_CONTEXT(2)
PARAMETRIC_REPRESENTATION_CONTEXT() REPRESENTATION_CONTEXT('2D SPACE',''
  ) );
#2628 = PCURVE('',#889,#2629);
#2629 = DEFINITIONAL_REPRESENTATION('',(#2630),#2634);
#2630 = LINE('',#2631,#2632);
#2631 = CARTESIAN_POINT('',(-1.570796326795,0.));
#2632 = VECTOR('',#2633,1.);
#2633 = DIRECTION('',(-0.,1.));
#2634 = ( GEOMETRIC_REPRESENTATION_CONTEXT(2)
PARAMETRIC_REPRESENTATION_CONTEXT() REPRESENTATION_CONTEXT('2D SPACE',''
  ) );
#2635 = ORIENTED_EDGE('',*,*,#2636,.T.);
#2636 = EDGE_CURVE('',#2614,#2637,#2639,.T.);
#2637 = VERTEX_POINT('',#2638);
#2638 = CARTESIAN_POINT('',(7.,0.3,3.));
#2639 = SURFACE_CURVE('',#2640,(#2645,#2652),.PCURVE_S1.);
#2640 = CIRCLE('',#2641,6.7);
#2641 = AXIS2_PLACEMENT_3D('',#2642,#2643,#2644);
#2642 = CARTESIAN_POINT('',(7.,7.,3.));
#2643 = DIRECTION('',(0.,0.,1.));
#2644 = DIRECTION('',(-0.142857142857,-0.989743318611,0.));
#2645 = PCURVE('',#856,#2646);
#2646 = DEFINITIONAL_REPRESENTATION('',(#2647),#2651);
#2647 = CIRCLE('',#2648,6.7);
#2648 = AXIS2_PLACEMENT_2D('',#2649,#2650);
#2649 = CARTESIAN_POINT('',(4.,8.));
#2650 = DIRECTION('',(-0.142857142857,-0.989743318611));
#2651 = ( GEOMETRIC_REPRESENTATION_CONTEXT(2)
PARAMETRIC_REPRESENTATION_CONTEXT() REPRESENTATION_CONTEXT('2D SPACE',''
  ) );
#2652 = PCURVE('',#2653,#2658);
#2653 = TOROIDAL_SURFACE('',#2654,6.7,0.3);
#2654 = AXIS2_PLACEMENT_3D('',#2655,#2656,#2657);
#2655 = CARTESIAN_POINT('',(7.,7.,2.7));
#2656 = DIRECTION('',(0.,0.,1.));
#2657 = DIRECTION('',(-0.142857142857,-0.989743318611,0.));
#2658 = DEFINITIONAL_REPRESENTATION('',(#2659),#2663);
#2659 = LINE('',#2660,#2661);
#2660 = CARTESIAN_POINT('',(0.,1.570796326795));
#2661 = VECTOR('',#2662,1.);
#2662 = DIRECTION('',(1.,0.));
#2663 = ( GEOMETRIC_REPRESENTATION_CONTEXT(2)
PARAMETRIC_REPRESENTATION_CONTEXT() REPRESENTATION_CONTEXT('2D SPACE',''
  ) );
#2664 = ORIENTED_EDGE('',*,*,#2665,.T.);
#2665 = EDGE_CURVE('',#2637,#2666,#2668,.T.);
#2666 = VERTEX_POINT('',#2667);
#2667 = CARTESIAN_POINT('',(89.,0.3,3.));
#2668 = SURFACE_CURVE('',#2669,(#2673,#2680),.PCURVE_S1.);
#2669 = LINE('',#2670,#2671);
#2670 = CARTESIAN_POINT('',(7.,0.3,3.));
#2671 = VECTOR('',#2672,1.);
#2672 = DIRECTION('',(1.,0.,-0.));
#2673 = PCURVE('',#856,#2674);
#2674 = DEFINITIONAL_REPRESENTATION('',(#2675),#2679);
#2675 = LINE('',#2676,#2677);
#2676 = CARTESIAN_POINT('',(4.,1.3));
#2677 = VECTOR('',#2678,1.);
#2678 = DIRECTION('',(1.,0.));
#2679 = ( GEOMETRIC_REPRESENTATION_CONTEXT(2)
PARAMETRIC_REPRESENTATION_CONTEXT() REPRESENTATION_CONTEXT('2D SPACE',''
  ) );
#2680 = PCURVE('',#2681,#2686);
#2681 = CYLINDRICAL_SURFACE('',#2682,0.3);
#2682 = AXIS2_PLACEMENT_3D('',#2683,#2684,#2685);
#2683 = CARTESIAN_POINT('',(7.,0.3,2.7));
#2684 = DIRECTION('',(1.,0.,-0.));
#2685 = DIRECTION('',(0.,-1.,0.));
#2686 = DEFINITIONAL_REPRESENTATION('',(#2687),#2691);
#2687 = LINE('',#2688,#2689);
#2688 = CARTESIAN_POINT('',(-1.570796326795,0.));
#2689 = VECTOR('',#2690,1.);
#2690 = DIRECTION('',(-0.,1.));
#2691 = ( GEOMETRIC_REPRESENTATION_CONTEXT(2)
PARAMETRIC_REPRESENTATION_CONTEXT() REPRESENTATION_CONTEXT('2D SPACE',''
  ) );
#2692 = ORIENTED_EDGE('',*,*,#2693,.T.);
#2693 = EDGE_CURVE('',#2666,#2590,#2694,.T.);
#2694 = SURFACE_CURVE('',#2695,(#2700,#2707),.PCURVE_S1.);
#2695 = CIRCLE('',#2696,6.7);
#2696 = AXIS2_PLACEMENT_3D('',#2697,#2698,#2699);
#2697 = CARTESIAN_POINT('',(89.,7.,3.));
#2698 = DIRECTION('',(0.,0.,1.));
#2699 = DIRECTION('',(0.,-1.,0.));
#2700 = PCURVE('',#856,#2701);
#2701 = DEFINITIONAL_REPRESENTATION('',(#2702),#2706);
#2702 = CIRCLE('',#2703,6.7);
#2703 = AXIS2_PLACEMENT_2D('',#2704,#2705);
#2704 = CARTESIAN_POINT('',(86.,8.));
#2705 = DIRECTION('',(0.,-1.));
#2706 = ( GEOMETRIC_REPRESENTATION_CONTEXT(2)
PARAMETRIC_REPRESENTATION_CONTEXT() REPRESENTATION_CONTEXT('2D SPACE',''
  ) );
#2707 = PCURVE('',#2708,#2713);
#2708 = TOROIDAL_SURFACE('',#2709,6.7,0.3);
#2709 = AXIS2_PLACEMENT_3D('',#2710,#2711,#2712);
#2710 = CARTESIAN_POINT('',(89.,7.,2.7));
#2711 = DIRECTION('',(0.,0.,1.));
#2712 = DIRECTION('',(0.,-1.,0.));
#2713 = DEFINITIONAL_REPRESENTATION('',(#2714),#2718);
#2714 = LINE('',#2715,#2716);
#2715 = CARTESIAN_POINT('',(0.,1.570796326795));
#2716 = VECTOR('',#2717,1.);
#2717 = DIRECTION('',(1.,0.));
#2718 = ( GEOMETRIC_REPRESENTATION_CONTEXT(2)
PARAMETRIC_REPRESENTATION_CONTEXT() REPRESENTATION_CONTEXT('2D SPACE',''
  ) );
#2719 = ADVANCED_FACE('',(#2720),#889,.F.);
#2720 = FACE_BOUND('',#2721,.T.);
#2721 = EDGE_LOOP('',(#2722,#2745,#2979,#2980));
#2722 = ORIENTED_EDGE('',*,*,#2723,.F.);
#2723 = EDGE_CURVE('',#2724,#869,#2726,.T.);
#2724 = VERTEX_POINT('',#2725);
#2725 = CARTESIAN_POINT('',(3.,1.861906968534,6.));
#2726 = SURFACE_CURVE('',#2727,(#2731,#2738),.PCURVE_S1.);
#2727 = LINE('',#2728,#2729);
#2728 = CARTESIAN_POINT('',(3.,-1.,6.));
#2729 = VECTOR('',#2730,1.);
#2730 = DIRECTION('',(-0.,1.,0.));
#2731 = PCURVE('',#889,#2732);
#2732 = DEFINITIONAL_REPRESENTATION('',(#2733),#2737);
#2733 = LINE('',#2734,#2735);
#2734 = CARTESIAN_POINT('',(-0.,0.));
#2735 = VECTOR('',#2736,1.);
#2736 = DIRECTION('',(-0.,1.));
#2737 = ( GEOMETRIC_REPRESENTATION_CONTEXT(2)
PARAMETRIC_REPRESENTATION_CONTEXT() REPRESENTATION_CONTEXT('2D SPACE',''
  ) );
#2738 = PCURVE('',#917,#2739);
#2739 = DEFINITIONAL_REPRESENTATION('',(#2740),#2744);
#2740 = LINE('',#2741,#2742);
#2741 = CARTESIAN_POINT('',(3.,0.));
#2742 = VECTOR('',#2743,1.);
#2743 = DIRECTION('',(0.,-1.));
#2744 = ( GEOMETRIC_REPRESENTATION_CONTEXT(2)
PARAMETRIC_REPRESENTATION_CONTEXT() REPRESENTATION_CONTEXT('2D SPACE',''
  ) );
#2745 = ORIENTED_EDGE('',*,*,#2746,.T.);
#2746 = EDGE_CURVE('',#2724,#2614,#2747,.T.);
#2747 = SURFACE_CURVE('',#2748,(#2772,#2810),.PCURVE_S1.);
#2748 = ( BOUNDED_CURVE() B_SPLINE_CURVE(8,(#2749,#2750,#2751,#2752,
    #2753,#2754,#2755,#2756,#2757,#2758,#2759,#2760,#2761,#2762,#2763,
    #2764,#2765,#2766,#2767,#2768,#2769,#2770,#2771),.UNSPECIFIED.,.F.,
.F.) B_SPLINE_CURVE_WITH_KNOTS((9,7,7,9),(473.64384457586,
    476.33362002711,477.51663021031,478.47642990597),.UNSPECIFIED.)
CURVE() GEOMETRIC_REPRESENTATION_ITEM() RATIONAL_B_SPLINE_CURVE((
    1.066705203297,1.066705203297,1.065448760828,1.062903411914,
    1.059584075668,1.056165472882,1.052611614944,1.049176748099,
    1.044486315583,1.043088749082,1.04173624281,1.0404351781,
    1.039193117982,1.038020254328,1.036927649785,1.035106593554,
    1.034347515227,1.033653731598,1.033032863531,1.032491460676,
1.032035001478,1.031667893173,1.031393471788)) REPRESENTATION_ITEM('')
  );
#2749 = CARTESIAN_POINT('',(3.,1.861906968534,6.));
#2750 = CARTESIAN_POINT('',(3.,1.861906968534,5.661995905429));
#2751 = CARTESIAN_POINT('',(3.043490582516,1.822047500267,5.323020474172
    ));
#2752 = CARTESIAN_POINT('',(3.131491076439,1.741108238664,4.995401456307
    ));
#2753 = CARTESIAN_POINT('',(3.256561229747,1.631155028411,4.699101570606
    ));
#2754 = CARTESIAN_POINT('',(3.406395234788,1.509651261995,4.426877296716
    ));
#2755 = CARTESIAN_POINT('',(3.584654979831,1.376544243363,4.177095295569
    ));
#2756 = CARTESIAN_POINT('',(3.787720849524,1.240002874713,3.950606768451
    ));
#2757 = CARTESIAN_POINT('',(4.119908795062,1.042806873003,3.65828237221)
  );
#2758 = CARTESIAN_POINT('',(4.227033462255,0.982362413293,3.573369456789
    ));
#2759 = CARTESIAN_POINT('',(4.339386514576,0.922358993137,3.493316322059
    ));
#2760 = CARTESIAN_POINT('',(4.457337894117,0.863091269686,3.418246596966
    ));
#2761 = CARTESIAN_POINT('',(4.581114066932,0.804937957391,3.348450469728
    ));
#2762 = CARTESIAN_POINT('',(4.710622382721,0.748433924223,3.284449840999
    ));
#2763 = CARTESIAN_POINT('',(4.8457273314,0.694161091575,3.226883285719)
  );
#2764 = CARTESIAN_POINT('',(5.101791795702,0.600431987459,3.135022004335
    ));
#2765 = CARTESIAN_POINT('',(5.220712803139,0.560082180897,3.098381156963
    ));
#2766 = CARTESIAN_POINT('',(5.343425804378,0.521856287657,3.066804269113
    ));
#2767 = CARTESIAN_POINT('',(5.469571088248,0.486158034922,3.040767482421
    ));
#2768 = CARTESIAN_POINT('',(5.598751942898,0.45334391286,3.020703368183)
  );
#2769 = CARTESIAN_POINT('',(5.730535285916,0.423722415717,3.006999980136
    ));
#2770 = CARTESIAN_POINT('',(5.864452433666,0.397553341237,3.));
#2771 = CARTESIAN_POINT('',(6.,0.375047169979,3.));
#2772 = PCURVE('',#889,#2773);
#2773 = DEFINITIONAL_REPRESENTATION('',(#2774),#2809);
#2774 = B_SPLINE_CURVE_WITH_KNOTS('',9,(#2775,#2776,#2777,#2778,#2779,
    #2780,#2781,#2782,#2783,#2784,#2785,#2786,#2787,#2788,#2789,#2790,
    #2791,#2792,#2793,#2794,#2795,#2796,#2797,#2798,#2799,#2800,#2801,
    #2802,#2803,#2804,#2805,#2806,#2807,#2808),.UNSPECIFIED.,.F.,.F.,(10
    ,8,8,8,10),(473.64384457586,476.06013724091,477.26828357344,
    477.87235673971,478.47642990597),.UNSPECIFIED.);
#2775 = CARTESIAN_POINT('',(5.551115123126E-17,2.861906968534));
#2776 = CARTESIAN_POINT('',(-8.996667998354E-02,2.861906968534));
#2777 = CARTESIAN_POINT('',(-0.179972908269,2.836915443261));
#2778 = CARTESIAN_POINT('',(-0.269124578746,2.786499245368));
#2779 = CARTESIAN_POINT('',(-0.355853459441,2.714820974041));
#2780 = CARTESIAN_POINT('',(-0.440040502684,2.628614484903));
#2781 = CARTESIAN_POINT('',(-0.522425924451,2.532853930353));
#2782 = CARTESIAN_POINT('',(-0.603765273537,2.430107532959));
#2783 = CARTESIAN_POINT('',(-0.684724734761,2.323208181386));
#2784 = CARTESIAN_POINT('',(-0.806702033599,2.160166647353));
#2785 = CARTESIAN_POINT('',(-0.847458120144,2.105363828988));
#2786 = CARTESIAN_POINT('',(-0.8883398885,2.050477655448));
#2787 = CARTESIAN_POINT('',(-0.929755428842,1.995348731653));
#2788 = CARTESIAN_POINT('',(-0.971175695329,1.941104633337));
#2789 = CARTESIAN_POINT('',(-1.013409262856,1.887041984571));
#2790 = CARTESIAN_POINT('',(-1.056094637751,1.834109047003));
#2791 = CARTESIAN_POINT('',(-1.099466368611,1.782398905831));
#2792 = CARTESIAN_POINT('',(-1.165616259938,1.707306107385));
#2793 = CARTESIAN_POINT('',(-1.187841301981,1.682695432715));
#2794 = CARTESIAN_POINT('',(-1.21032009683,1.658465276945));
#2795 = CARTESIAN_POINT('',(-1.232832025426,1.634949329854));
#2796 = CARTESIAN_POINT('',(-1.255859983124,1.611610417744));
#2797 = CARTESIAN_POINT('',(-1.278948443469,1.5890878499));
#2798 = CARTESIAN_POINT('',(-1.302326520439,1.567147885841));
#2799 = CARTESIAN_POINT('',(-1.325907379479,1.545957040479));
#2800 = CARTESIAN_POINT('',(-1.373490518597,1.505155756467));
#2801 = CARTESIAN_POINT('',(-1.397491368232,1.485547082449));
#2802 = CARTESIAN_POINT('',(-1.421694292332,1.466791177657));
#2803 = CARTESIAN_POINT('',(-1.446092437987,1.448944703628));
#2804 = CARTESIAN_POINT('',(-1.470679304985,1.432060182205));
#2805 = CARTESIAN_POINT('',(-1.495448745821,1.41618599553));
#2806 = CARTESIAN_POINT('',(-1.520394965688,1.401366386051));
#2807 = CARTESIAN_POINT('',(-1.54551252248,1.387641456517));
#2808 = CARTESIAN_POINT('',(-1.570796326795,1.375047169979));
#2809 = ( GEOMETRIC_REPRESENTATION_CONTEXT(2)
PARAMETRIC_REPRESENTATION_CONTEXT() REPRESENTATION_CONTEXT('2D SPACE',''
  ) );
#2810 = PCURVE('',#2811,#2973);
#2811 = ( BOUNDED_SURFACE() B_SPLINE_SURFACE(6,8,(
    (#2812,#2813,#2814,#2815,#2816,#2817,#2818,#2819,#2820,#2821,#2822
      ,#2823,#2824,#2825,#2826,#2827,#2828,#2829,#2830,#2831,#2832,#2833
      ,#2834)
    ,(#2835,#2836,#2837,#2838,#2839,#2840,#2841,#2842,#2843,#2844,#2845
      ,#2846,#2847,#2848,#2849,#2850,#2851,#2852,#2853,#2854,#2855,#2856
      ,#2857)
    ,(#2858,#2859,#2860,#2861,#2862,#2863,#2864,#2865,#2866,#2867,#2868
      ,#2869,#2870,#2871,#2872,#2873,#2874,#2875,#2876,#2877,#2878,#2879
      ,#2880)
    ,(#2881,#2882,#2883,#2884,#2885,#2886,#2887,#2888,#2889,#2890,#2891
      ,#2892,#2893,#2894,#2895,#2896,#2897,#2898,#2899,#2900,#2901,#2902
      ,#2903)
    ,(#2904,#2905,#2906,#2907,#2908,#2909,#2910,#2911,#2912,#2913,#2914
      ,#2915,#2916,#2917,#2918,#2919,#2920,#2921,#2922,#2923,#2924,#2925
      ,#2926)
    ,(#2927,#2928,#2929,#2930,#2931,#2932,#2933,#2934,#2935,#2936,#2937
      ,#2938,#2939,#2940,#2941,#2942,#2943,#2944,#2945,#2946,#2947,#2948
      ,#2949)
    ,(#2950,#2951,#2952,#2953,#2954,#2955,#2956,#2957,#2958,#2959,#2960
      ,#2961,#2962,#2963,#2964,#2965,#2966,#2967,#2968,#2969,#2970,#2971
,#2972
    )),.UNSPECIFIED.,.F.,.F.,.F.) B_SPLINE_SURFACE_WITH_KNOTS((7,7),(9,7
    ,7,9),(0.,4.83258533011),(473.64384457586,476.33362002711,
    477.51663021031,478.47642990597),.UNSPECIFIED.)
GEOMETRIC_REPRESENTATION_ITEM() RATIONAL_B_SPLINE_SURFACE((
    (1.066705203297,1.066705203297,1.065448760828,1.062903411914
      ,1.059584075668,1.056165472882,1.052611614944,1.049176748099
      ,1.044486315583,1.043088749082,1.04173624281,1.0404351781
      ,1.039193117982,1.038020254328,1.036927649785,1.035106593554
      ,1.034347515227,1.033653731598,1.033032863531,1.032491460676
      ,1.032035001478,1.031667893173,1.031393471788)
    ,(1.020249745885,1.020249745885,1.019905643444,1.019209676838
      ,1.018290636399,1.017326300885,1.01631209095,1.015318600762
      ,1.013947379265,1.013536706745,1.013137301016,1.012751257568
      ,1.012381078514,1.012030097501,1.011701942723,1.011153285439
      ,1.010923888583,1.01071366785,1.010525107737,1.010360356864
      ,1.010221227969,1.010109197909,1.010025407661)
    ,(0.995713300237,0.995713300237,0.995788311678,0.995939990931
      ,0.996140428086,0.996350559745,0.996571091794,0.996786559667
      ,0.997083115861,0.997171815424,0.997257959925,0.997341098932
      ,0.997420701295,0.997496064222,0.997566428064,0.997683926092
      ,0.997732992933,0.997777908861,0.997818157047,0.997853292287
      ,0.997882941007,0.997906801259,0.997924642725)
    ,(0.987609681784,0.987609681784,0.987829270334,0.988273866308
      ,0.988856568465,0.989461832563,0.990094946245,0.990711325233
      ,0.991558267092,0.991811377909,0.992057055223,0.992294079252
      ,0.992520989151,0.992735819733,0.992936427292,0.993271480244
      ,0.993411425929,0.993539562838,0.993654413434,0.993754701383
      ,0.993839351561,0.993907490049,0.993958444137)
    ,(0.995713300237,0.995713300237,0.995788311678,0.995939990931
      ,0.996140428086,0.996350559745,0.996571091794,0.996786559667
      ,0.997083115861,0.997171815424,0.997257959925,0.997341098932
      ,0.997420701295,0.997496064222,0.997566428064,0.997683926092
      ,0.997732992933,0.997777908861,0.997818157047,0.997853292287
      ,0.997882941007,0.997906801259,0.997924642725)
    ,(1.020249745885,1.020249745885,1.019905643444,1.019209676838
      ,1.018290636399,1.017326300885,1.01631209095,1.015318600762
      ,1.013947379265,1.013536706745,1.013137301016,1.012751257568
      ,1.012381078514,1.012030097501,1.011701942723,1.011153285439
      ,1.010923888583,1.01071366785,1.010525107737,1.010360356864
      ,1.010221227969,1.010109197909,1.010025407661)
    ,(1.066705203297,1.066705203297,1.065448760828,1.062903411914
      ,1.059584075668,1.056165472882,1.052611614944,1.049176748099
      ,1.044486315583,1.043088749082,1.04173624281,1.0404351781
      ,1.039193117982,1.038020254328,1.036927649785,1.035106593554
      ,1.034347515227,1.033653731598,1.033032863531,1.032491460676
      ,1.032035001478,1.031667893173,1.031393471788
))) REPRESENTATION_ITEM('') SURFACE() );
#2812 = CARTESIAN_POINT('',(2.507462686567,1.631843101453,6.));
#2813 = CARTESIAN_POINT('',(2.507462686567,1.631843101453,5.629172140084
    ));
#2814 = CARTESIAN_POINT('',(2.557115404959,1.590331792239,5.257551344591
    ));
#2815 = CARTESIAN_POINT('',(2.657471990806,1.506093930461,4.898379167195
    ));
#2816 = CARTESIAN_POINT('',(2.800200839404,1.391738005393,4.573032843886
    ));
#2817 = CARTESIAN_POINT('',(2.971622492302,1.265206791854,4.273943448098
    ));
#2818 = CARTESIAN_POINT('',(3.175787214472,1.126457530584,3.999074630572
    ));
#2819 = CARTESIAN_POINT('',(3.408663285286,0.983960066492,3.749645730164
    ));
#2820 = CARTESIAN_POINT('',(3.790152670875,0.777899755232,3.427340324345
    ));
#2821 = CARTESIAN_POINT('',(3.913209476237,0.714714372451,3.333681932403
    ));
#2822 = CARTESIAN_POINT('',(4.042392240131,0.651937969519,3.245317903334
    ));
#2823 = CARTESIAN_POINT('',(4.178049845169,0.589905825002,3.162420905264
    ));
#2824 = CARTESIAN_POINT('',(4.320418113471,0.529026697708,3.085330882675
    ));
#2825 = CARTESIAN_POINT('',(4.469470303632,0.46984072541,3.014606378323)
  );
#2826 = CARTESIAN_POINT('',(4.625121304508,0.412940801833,2.950937034317
    ));
#2827 = CARTESIAN_POINT('',(4.920001342565,0.314715827105,2.849382751524
    ));
#2828 = CARTESIAN_POINT('',(5.057019294832,0.272408893877,2.808852085364
    ));
#2829 = CARTESIAN_POINT('',(5.198448911273,0.23231875003,2.773911589835)
  );
#2830 = CARTESIAN_POINT('',(5.343855010269,0.194878101243,2.745098551201
    ));
#2831 = CARTESIAN_POINT('',(5.492764308128,0.160467066099,2.722897538972
    ));
#2832 = CARTESIAN_POINT('',(5.644666169914,0.129412366409,2.707739340011
    ));
#2833 = CARTESIAN_POINT('',(5.799013517267,0.101986581673,2.7));
#2834 = CARTESIAN_POINT('',(5.955223880597,7.840749102309E-02,2.7));
#2835 = CARTESIAN_POINT('',(2.598367984515,1.555765697097,6.));
#2836 = CARTESIAN_POINT('',(2.598367984515,1.555765697097,5.643382355323
    ));
#2837 = CARTESIAN_POINT('',(2.646293753034,1.517121924182,5.286487503792
    ));
#2838 = CARTESIAN_POINT('',(2.742915026455,1.438928137621,4.941131787167
    ));
#2839 = CARTESIAN_POINT('',(2.880512406658,1.332345877513,4.625915378556
    ));
#2840 = CARTESIAN_POINT('',(3.046545570903,1.213336938304,4.334488631468
    ));
#2841 = CARTESIAN_POINT('',(3.244796994504,1.08222033335,4.065350004705)
  );
#2842 = CARTESIAN_POINT('',(3.471599043865,0.94682263139,3.820042937489)
  );
#2843 = CARTESIAN_POINT('',(3.843468547604,0.750485512138,3.502399533183
    ));
#2844 = CARTESIAN_POINT('',(3.963250649693,0.690299355875,3.410112065081
    ));
#2845 = CARTESIAN_POINT('',(4.08906921101,0.630398403939,3.322886875281)
  );
#2846 = CARTESIAN_POINT('',(4.221281221915,0.57110270553,3.240917717597)
  );
#2847 = CARTESIAN_POINT('',(4.36011953564,0.512809106456,3.164566716035)
  );
#2848 = CARTESIAN_POINT('',(4.505538562968,0.456048594156,3.094418701631
    ));
#2849 = CARTESIAN_POINT('',(4.657433598539,0.401402997404,3.031185335733
    ));
#2850 = CARTESIAN_POINT('',(4.945144828846,0.306969228781,2.93022115794)
  );
#2851 = CARTESIAN_POINT('',(5.078776543004,0.266260013183,2.889878662024
    ));
#2852 = CARTESIAN_POINT('',(5.216743532989,0.227622558752,2.855027490859
    ));
#2853 = CARTESIAN_POINT('',(5.358617955313,0.191476228436,2.826210015516
    ));
#2854 = CARTESIAN_POINT('',(5.503931558089,0.158189617126,2.803913848707
    ));
#2855 = CARTESIAN_POINT('',(5.652175906079,0.128080305479,2.788571503908
    ));
#2856 = CARTESIAN_POINT('',(5.802802656285,0.101414632089,2.780560087835
    ));
#2857 = CARTESIAN_POINT('',(5.955223880597,7.840749102309E-02,
    2.780201034946));
#2858 = CARTESIAN_POINT('',(2.719386023246,1.526314919407,6.));
#2859 = CARTESIAN_POINT('',(2.719386023246,1.526314919407,5.657360090688
    ));
#2860 = CARTESIAN_POINT('',(2.764606738174,1.489871672713,5.314621369515
    ));
#2861 = CARTESIAN_POINT('',(2.855661418439,1.416232704344,4.98225724522)
  );
#2862 = CARTESIAN_POINT('',(2.985832214745,1.31542611841,4.676740672069)
  );
#2863 = CARTESIAN_POINT('',(3.144032469195,1.201976253889,4.392773856337
    ));
#2864 = CARTESIAN_POINT('',(3.33381991532,1.076432728363,4.129309217695)
  );
#2865 = CARTESIAN_POINT('',(3.551989653828,0.946169262196,3.888198068317
    ));
#2866 = CARTESIAN_POINT('',(3.910790451615,0.756743403777,3.575227585369
    ));
#2867 = CARTESIAN_POINT('',(4.026386454312,0.69865006532,3.4842440138));
#2868 = CARTESIAN_POINT('',(4.147944753418,0.640749949367,3.398120915102
    ));
#2869 = CARTESIAN_POINT('',(4.275831089294,0.583351908429,3.317067740344
    ));
#2870 = CARTESIAN_POINT('',(4.410276710729,0.526845083677,3.24146291063)
  );
#2871 = CARTESIAN_POINT('',(4.551218735378,0.471757425057,3.171912057949
    ));
#2872 = CARTESIAN_POINT('',(4.698535050295,0.418666402087,3.109143736691
    ));
#2873 = CARTESIAN_POINT('',(4.977714075976,0.326829464189,3.008800186279
    ));
#2874 = CARTESIAN_POINT('',(5.107400240594,0.287211487149,2.968657916469
    ));
#2875 = CARTESIAN_POINT('',(5.241356242279,0.249568152542,2.933916088051
    ));
#2876 = CARTESIAN_POINT('',(5.379163549525,0.214310173455,2.905118968077
    ));
#2877 = CARTESIAN_POINT('',(5.520360656761,0.181799006615,2.882755057373
    ));
#2878 = CARTESIAN_POINT('',(5.664443037173,0.152346903908,2.867257163374
    ));
#2879 = CARTESIAN_POINT('',(5.810863084644,0.126216959948,2.859002465571
    ));
#2880 = CARTESIAN_POINT('',(5.959030045551,0.103623154305,2.858312571775
    ));
#2881 = CARTESIAN_POINT('',(2.844241804173,1.55310371484,6.));
#2882 = CARTESIAN_POINT('',(2.844241804173,1.55310371484,5.6678491969));
#2883 = CARTESIAN_POINT('',(2.886811921101,1.517487020449,5.335611764954
    ));
#2884 = CARTESIAN_POINT('',(2.972489195277,1.445546908655,5.012946839006
    ));
#2885 = CARTESIAN_POINT('',(3.095496779905,1.346873886193,4.715128897425
    ));
#2886 = CARTESIAN_POINT('',(3.245974421991,1.235506135745,4.437489335384
    ));
#2887 = CARTESIAN_POINT('',(3.427306576829,1.112076467093,4.179220634519
    ));
#2888 = CARTESIAN_POINT('',(3.636685509766,0.983795945712,3.942318279512
    ));
#2889 = CARTESIAN_POINT('',(3.982139567942,0.797088798446,3.634337629886
    ));
#2890 = CARTESIAN_POINT('',(4.093537528882,0.739820594202,3.544751043668
    ));
#2891 = CARTESIAN_POINT('',(4.210807126734,0.682720009442,3.459880086201
    ));
#2892 = CARTESIAN_POINT('',(4.33432207677,0.626088232486,3.379938101252)
  );
#2893 = CARTESIAN_POINT('',(4.464313140872,0.570309871474,3.305307819804
    ));
#2894 = CARTESIAN_POINT('',(4.600703230545,0.515914164849,3.236603287115
    ));
#2895 = CARTESIAN_POINT('',(4.743357023572,0.46347899154,3.174558389143)
  );
#2896 = CARTESIAN_POINT('',(5.013903572603,0.372744028257,3.075284295942
    ));
#2897 = CARTESIAN_POINT('',(5.139625350576,0.333596205324,3.035540346013
    ));
#2898 = CARTESIAN_POINT('',(5.269546971838,0.296389234912,3.001106711436
    ));
#2899 = CARTESIAN_POINT('',(5.403261379588,0.261529294368,2.972523856674
    ));
#2900 = CARTESIAN_POINT('',(5.540316634171,0.229374322821,2.950276878911
    ));
#2901 = CARTESIAN_POINT('',(5.680215786325,0.200234166256,2.934795714352
    ));
#2902 = CARTESIAN_POINT('',(5.822416719359,0.174370711761,2.926455324013
    ));
#2903 = CARTESIAN_POINT('',(5.966331962095,0.151998006982,2.925575853961
    ));
#2904 = CARTESIAN_POINT('',(2.944916905833,1.631660251788,6.));
#2905 = CARTESIAN_POINT('',(2.944916905833,1.631660251788,5.672389962671
    ));
#2906 = CARTESIAN_POINT('',(2.985982040734,1.595346498648,5.344561094885
    ));
#2907 = CARTESIAN_POINT('',(3.068679455137,1.521943522049,5.026239546759
    ));
#2908 = CARTESIAN_POINT('',(3.187544481092,1.421455507024,4.732898584563
    ));
#2909 = CARTESIAN_POINT('',(3.333082298806,1.308496933513,4.459688366462
    ));
#2910 = CARTESIAN_POINT('',(3.508640611227,1.18358904189,4.205765718636)
  );
#2911 = CARTESIAN_POINT('',(3.711544601903,1.054091490292,3.972983726813
    ));
#2912 = CARTESIAN_POINT('',(4.046663793941,0.865929131591,3.670429165425
    ));
#2913 = CARTESIAN_POINT('',(4.154811111298,0.808238709816,3.582406848571
    ));
#2914 = CARTESIAN_POINT('',(4.268684448495,0.750766474743,3.499039484027
    ));
#2915 = CARTESIAN_POINT('',(4.388663164023,0.693808552831,3.420527080538
    ));
#2916 = CARTESIAN_POINT('',(4.514978622927,0.637746583433,3.347239340272
    ));
#2917 = CARTESIAN_POINT('',(4.647544562138,0.583112650728,3.279780174045
    ));
#2918 = CARTESIAN_POINT('',(4.786219167205,0.530486953152,3.218871509732
    ));
#2919 = CARTESIAN_POINT('',(5.04935252903,0.439457392081,3.121400599558)
  );
#2920 = CARTESIAN_POINT('',(5.171659354618,0.400203010797,3.082381553395
    ));
#2921 = CARTESIAN_POINT('',(5.298071072171,0.362917381142,3.048581241149
    ));
#2922 = CARTESIAN_POINT('',(5.428194762449,0.328004927906,3.02052819008)
  );
#2923 = CARTESIAN_POINT('',(5.561592402738,0.295822403174,2.998697730954
    ));
#2924 = CARTESIAN_POINT('',(5.697780823416,0.266678937105,2.983512068539
    ));
#2925 = CARTESIAN_POINT('',(5.836231653809,0.240836084878,2.975340345055
    ));
#2926 = CARTESIAN_POINT('',(5.976371257944,0.218507868426,2.97449869481)
  );
#2927 = CARTESIAN_POINT('',(3.,1.743367757094,6.));
#2928 = CARTESIAN_POINT('',(3.,1.743367757094,5.670147992508));
#2929 = CARTESIAN_POINT('',(3.041368475167,1.705350711754,5.339827546071
    ));
#2930 = CARTESIAN_POINT('',(3.124811476272,1.628380657867,5.019732298745
    ));
#2931 = CARTESIAN_POINT('',(3.24429136384,1.523428802799,4.726907839434)
  );
#2932 = CARTESIAN_POINT('',(3.389491829509,1.406418988047,4.455601067406
    ));
#2933 = CARTESIAN_POINT('',(3.563851780399,1.277634629475,4.204660528525
    ));
#2934 = CARTESIAN_POINT('',(3.764439208595,1.144799931442,3.975523820264
    ));
#2935 = CARTESIAN_POINT('',(4.094773837311,0.952408194527,3.678450351605
    ));
#2936 = CARTESIAN_POINT('',(4.201371229988,0.893453687234,3.592069914142
    ));
#2937 = CARTESIAN_POINT('',(4.313476755287,0.834821179289,3.510388037469
    ));
#2938 = CARTESIAN_POINT('',(4.431469865823,0.776804616429,3.433573770303
    ));
#2939 = CARTESIAN_POINT('',(4.555581568169,0.719783866866,3.361965280597
    ));
#2940 = CARTESIAN_POINT('',(4.685721088913,0.664293556771,3.296135419113
    ));
#2941 = CARTESIAN_POINT('',(4.821747104591,0.610915968728,3.236774191247
    ));
#2942 = CARTESIAN_POINT('',(5.079811250428,0.518663411894,3.141861679937
    ));
#2943 = CARTESIAN_POINT('',(5.199741384802,0.478917438163,3.103911742899
    ));
#2944 = CARTESIAN_POINT('',(5.323642045961,0.441210632499,3.071093508459
    ));
#2945 = CARTESIAN_POINT('',(5.451136563978,0.40594714519,3.043914144029)
  );
#2946 = CARTESIAN_POINT('',(5.581805568262,0.373483696635,3.022831608913
    ));
#2947 = CARTESIAN_POINT('',(5.715187181807,0.344129339516,3.008254336622
    ));
#2948 = CARTESIAN_POINT('',(5.850777263585,0.318145238251,3.000540947539
    ));
#2949 = CARTESIAN_POINT('',(5.988029696277,0.295744472452,3.));
#2950 = CARTESIAN_POINT('',(3.,1.861906968534,6.));
#2951 = CARTESIAN_POINT('',(3.,1.861906968534,5.661995905429));
#2952 = CARTESIAN_POINT('',(3.043490582516,1.822047500267,5.323020474172
    ));
#2953 = CARTESIAN_POINT('',(3.131491076439,1.741108238664,4.995401456307
    ));
#2954 = CARTESIAN_POINT('',(3.256561229747,1.631155028411,4.699101570606
    ));
#2955 = CARTESIAN_POINT('',(3.406395234788,1.509651261995,4.426877296716
    ));
#2956 = CARTESIAN_POINT('',(3.584654979831,1.376544243363,4.177095295569
    ));
#2957 = CARTESIAN_POINT('',(3.787720849524,1.240002874713,3.950606768451
    ));
#2958 = CARTESIAN_POINT('',(4.119908795062,1.042806873003,3.65828237221)
  );
#2959 = CARTESIAN_POINT('',(4.227033462255,0.982362413293,3.573369456789
    ));
#2960 = CARTESIAN_POINT('',(4.339386514576,0.922358993137,3.493316322059
    ));
#2961 = CARTESIAN_POINT('',(4.457337894117,0.863091269686,3.418246596966
    ));
#2962 = CARTESIAN_POINT('',(4.581114066932,0.804937957391,3.348450469728
    ));
#2963 = CARTESIAN_POINT('',(4.710622382721,0.748433924223,3.284449840999
    ));
#2964 = CARTESIAN_POINT('',(4.8457273314,0.694161091575,3.226883285719)
  );
#2965 = CARTESIAN_POINT('',(5.101791795702,0.600431987459,3.135022004335
    ));
#2966 = CARTESIAN_POINT('',(5.220712803139,0.560082180897,3.098381156963
    ));
#2967 = CARTESIAN_POINT('',(5.343425804378,0.521856287657,3.066804269113
    ));
#2968 = CARTESIAN_POINT('',(5.469571088248,0.486158034922,3.040767482421
    ));
#2969 = CARTESIAN_POINT('',(5.598751942898,0.45334391286,3.020703368183)
  );
#2970 = CARTESIAN_POINT('',(5.730535285916,0.423722415717,3.006999980136
    ));
#2971 = CARTESIAN_POINT('',(5.864452433666,0.397553341237,3.));
#2972 = CARTESIAN_POINT('',(6.,0.375047169979,3.));
#2973 = DEFINITIONAL_REPRESENTATION('',(#2974),#2978);
#2974 = LINE('',#2975,#2976);
#2975 = CARTESIAN_POINT('',(4.83258533011,0.));
#2976 = VECTOR('',#2977,1.);
#2977 = DIRECTION('',(0.,1.));
#2978 = ( GEOMETRIC_REPRESENTATION_CONTEXT(2)
PARAMETRIC_REPRESENTATION_CONTEXT() REPRESENTATION_CONTEXT('2D SPACE',''
  ) );
#2979 = ORIENTED_EDGE('',*,*,#2613,.T.);
#2980 = ORIENTED_EDGE('',*,*,#868,.F.);
#2981 = ADVANCED_FACE('',(#2982),#1062,.F.);
#2982 = FACE_BOUND('',#2983,.F.);
#2983 = EDGE_LOOP('',(#2984,#3007,#3265,#3266));
#2984 = ORIENTED_EDGE('',*,*,#2985,.F.);
#2985 = EDGE_CURVE('',#2986,#1020,#2988,.T.);
#2986 = VERTEX_POINT('',#2987);
#2987 = CARTESIAN_POINT('',(93.,1.861906968534,6.));
#2988 = SURFACE_CURVE('',#2989,(#2993,#3000),.PCURVE_S1.);
#2989 = LINE('',#2990,#2991);
#2990 = CARTESIAN_POINT('',(93.,-1.,6.));
#2991 = VECTOR('',#2992,1.);
#2992 = DIRECTION('',(-0.,1.,0.));
#2993 = PCURVE('',#1062,#2994);
#2994 = DEFINITIONAL_REPRESENTATION('',(#2995),#2999);
#2995 = LINE('',#2996,#2997);
#2996 = CARTESIAN_POINT('',(0.,0.));
#2997 = VECTOR('',#2998,1.);
#2998 = DIRECTION('',(0.,1.));
#2999 = ( GEOMETRIC_REPRESENTATION_CONTEXT(2)
PARAMETRIC_REPRESENTATION_CONTEXT() REPRESENTATION_CONTEXT('2D SPACE',''
  ) );
#3000 = PCURVE('',#1035,#3001);
#3001 = DEFINITIONAL_REPRESENTATION('',(#3002),#3006);
#3002 = LINE('',#3003,#3004);
#3003 = CARTESIAN_POINT('',(3.,0.));
#3004 = VECTOR('',#3005,1.);
#3005 = DIRECTION('',(0.,-1.));
#3006 = ( GEOMETRIC_REPRESENTATION_CONTEXT(2)
PARAMETRIC_REPRESENTATION_CONTEXT() REPRESENTATION_CONTEXT('2D SPACE',''
  ) );
#3007 = ORIENTED_EDGE('',*,*,#3008,.F.);
#3008 = EDGE_CURVE('',#2590,#2986,#3009,.T.);
#3009 = SURFACE_CURVE('',#3010,(#3037,#3075),.PCURVE_S1.);
#3010 = ( BOUNDED_CURVE() B_SPLINE_CURVE(9,(#3011,#3012,#3013,#3014,
    #3015,#3016,#3017,#3018,#3019,#3020,#3021,#3022,#3023,#3024,#3025,
    #3026,#3027,#3028,#3029,#3030,#3031,#3032,#3033,#3034,#3035,#3036),
.UNSPECIFIED.,.F.,.F.) B_SPLINE_CURVE_WITH_KNOTS((10,8,8,10),(
    83.048696195869,84.008511974067,85.204082802717,87.881281524942),
.UNSPECIFIED.) CURVE() GEOMETRIC_REPRESENTATION_ITEM()
RATIONAL_B_SPLINE_CURVE((1.031393471788,1.031637401948,1.03195342184,
    1.032339307431,1.03279223961,1.033308804186,1.033884991892,
    1.034516198381,1.035197224226,1.036825416426,1.037797735611,
    1.038834672378,1.039928996088,1.041073391311,1.042261780581,
    1.043489384159,1.044751516811,1.048928887162,1.051958378008,
    1.055045142325,1.058167088508,1.061081124498,1.063793901962,
1.06573348299,1.066705203297,1.066705203297)) REPRESENTATION_ITEM('') );
#3011 = CARTESIAN_POINT('',(90.,0.375047169979,3.));
#3012 = CARTESIAN_POINT('',(90.12049030655,0.395053250114,3.));
#3013 = CARTESIAN_POINT('',(90.239713571195,0.417908672852,
    3.005444859096));
#3014 = CARTESIAN_POINT('',(90.357333157915,0.443472976954,
    3.016136913525));
#3015 = CARTESIAN_POINT('',(90.473031791961,0.471578198045,
    3.031852679681));
#3016 = CARTESIAN_POINT('',(90.586512023853,0.50202917561,3.052343220285
    ));
#3017 = CARTESIAN_POINT('',(90.697496638025,0.534603896463,
    3.077334563337));
#3018 = CARTESIAN_POINT('',(90.805729002083,0.569053867077,
    3.106528165229));
#3019 = CARTESIAN_POINT('',(90.910973353632,0.605104506127,
    3.139601408413));
#3020 = CARTESIAN_POINT('',(91.139921106446,0.688907888654,
    3.221734767781));
#3021 = CARTESIAN_POINT('',(91.261924899848,0.737394136034,
    3.272730237692));
#3022 = CARTESIAN_POINT('',(91.379431961966,0.787692879715,
    3.328891046519));
#3023 = CARTESIAN_POINT('',(91.49242024006,0.83942775681,3.389793828424)
  );
#3024 = CARTESIAN_POINT('',(91.600805341994,0.892215047362,
    3.455047501246));
#3025 = CARTESIAN_POINT('',(91.704633653895,0.94574120416,3.524374622616
    ));
#3026 = CARTESIAN_POINT('',(91.804105427345,0.999771153083,
    3.597622775188));
#3027 = CARTESIAN_POINT('',(91.899430053913,1.054088349749,
    3.674707079074));
#3028 = CARTESIAN_POINT('',(92.193668397787,1.229429305995,
    3.935648125178));
#3029 = CARTESIAN_POINT('',(92.375973182807,1.350416073516,
    4.134381506945));
#3030 = CARTESIAN_POINT('',(92.537640932768,1.467879674786,
    4.349518776514));
#3031 = CARTESIAN_POINT('',(92.680665280048,1.580544385621,
    4.585271755615));
#3032 = CARTESIAN_POINT('',(92.800344559364,1.68102514123,4.835551164529
    ));
#3033 = CARTESIAN_POINT('',(92.899110128368,1.769354652964,
    5.109031804387));
#3034 = CARTESIAN_POINT('',(92.966438640203,1.831119549595,
    5.401215493214));
#3035 = CARTESIAN_POINT('',(93.,1.861906968534,5.70095853363));
#3036 = CARTESIAN_POINT('',(93.,1.861906968534,6.));
#3037 = PCURVE('',#1062,#3038);
#3038 = DEFINITIONAL_REPRESENTATION('',(#3039),#3074);
#3039 = B_SPLINE_CURVE_WITH_KNOTS('',9,(#3040,#3041,#3042,#3043,#3044,
    #3045,#3046,#3047,#3048,#3049,#3050,#3051,#3052,#3053,#3054,#3055,
    #3056,#3057,#3058,#3059,#3060,#3061,#3062,#3063,#3064,#3065,#3066,
    #3067,#3068,#3069,#3070,#3071,#3072,#3073),.UNSPECIFIED.,.F.,.F.,(10
    ,8,8,8,10),(83.048696195869,83.652769362003,84.256842528137,
    85.464988860405,87.881281524942),.UNSPECIFIED.);
#3040 = CARTESIAN_POINT('',(1.570796326795,1.375047169979));
#3041 = CARTESIAN_POINT('',(1.545512941984,1.387641247555));
#3042 = CARTESIAN_POINT('',(1.520395805751,1.401365926763));
#3043 = CARTESIAN_POINT('',(1.495450005237,1.416185246879));
#3044 = CARTESIAN_POINT('',(1.47068098041,1.432059107912));
#3045 = CARTESIAN_POINT('',(1.446094524079,1.448943270604));
#3046 = CARTESIAN_POINT('',(1.421696781876,1.466789356426));
#3047 = CARTESIAN_POINT('',(1.397494252273,1.485544847584));
#3048 = CARTESIAN_POINT('',(1.37349378657,1.505153087014));
#3049 = CARTESIAN_POINT('',(1.325911391235,1.545953469757));
#3050 = CARTESIAN_POINT('',(1.302331315339,1.567143355699));
#3051 = CARTESIAN_POINT('',(1.278951362213,1.589085430565));
#3052 = CARTESIAN_POINT('',(1.255868320105,1.611601582142));
#3053 = CARTESIAN_POINT('',(1.232834803356,1.634946880871));
#3054 = CARTESIAN_POINT('',(1.210325379976,1.658459729058));
#3055 = CARTESIAN_POINT('',(1.187848502916,1.682687551032));
#3056 = CARTESIAN_POINT('',(1.165624419725,1.707296973336));
#3057 = CARTESIAN_POINT('',(1.099476959843,1.782386497601));
#3058 = CARTESIAN_POINT('',(1.056109242402,1.834088649903));
#3059 = CARTESIAN_POINT('',(1.013400904205,1.887064143448));
#3060 = CARTESIAN_POINT('',(0.971220455808,1.941022909647));
#3061 = CARTESIAN_POINT('',(0.929718471714,1.995423104008));
#3062 = CARTESIAN_POINT('',(0.888378263987,2.050411539939));
#3063 = CARTESIAN_POINT('',(0.847452973297,2.105372404177));
#3064 = CARTESIAN_POINT('',(0.80668279256,2.160195205901));
#3065 = CARTESIAN_POINT('',(0.68470093781,2.323239280565));
#3066 = CARTESIAN_POINT('',(0.603804830987,2.430021009659));
#3067 = CARTESIAN_POINT('',(0.522419180402,2.532942371129));
#3068 = CARTESIAN_POINT('',(0.440011789223,2.62859932782));
#3069 = CARTESIAN_POINT('',(0.355866960247,2.714758864138));
#3070 = CARTESIAN_POINT('',(0.269157472254,2.786548729188));
#3071 = CARTESIAN_POINT('',(0.179962440888,2.836895397286));
#3072 = CARTESIAN_POINT('',(8.996613955533E-02,2.861906968534));
#3073 = CARTESIAN_POINT('',(1.301517631686E-16,2.861906968534));
#3074 = ( GEOMETRIC_REPRESENTATION_CONTEXT(2)
PARAMETRIC_REPRESENTATION_CONTEXT() REPRESENTATION_CONTEXT('2D SPACE',''
  ) );
#3075 = PCURVE('',#3076,#3259);
#3076 = ( BOUNDED_SURFACE() B_SPLINE_SURFACE(6,9,(
    (#3077,#3078,#3079,#3080,#3081,#3082,#3083,#3084,#3085,#3086,#3087
      ,#3088,#3089,#3090,#3091,#3092,#3093,#3094,#3095,#3096,#3097,#3098
      ,#3099,#3100,#3101,#3102)
    ,(#3103,#3104,#3105,#3106,#3107,#3108,#3109,#3110,#3111,#3112,#3113
      ,#3114,#3115,#3116,#3117,#3118,#3119,#3120,#3121,#3122,#3123,#3124
      ,#3125,#3126,#3127,#3128)
    ,(#3129,#3130,#3131,#3132,#3133,#3134,#3135,#3136,#3137,#3138,#3139
      ,#3140,#3141,#3142,#3143,#3144,#3145,#3146,#3147,#3148,#3149,#3150
      ,#3151,#3152,#3153,#3154)
    ,(#3155,#3156,#3157,#3158,#3159,#3160,#3161,#3162,#3163,#3164,#3165
      ,#3166,#3167,#3168,#3169,#3170,#3171,#3172,#3173,#3174,#3175,#3176
      ,#3177,#3178,#3179,#3180)
    ,(#3181,#3182,#3183,#3184,#3185,#3186,#3187,#3188,#3189,#3190,#3191
      ,#3192,#3193,#3194,#3195,#3196,#3197,#3198,#3199,#3200,#3201,#3202
      ,#3203,#3204,#3205,#3206)
    ,(#3207,#3208,#3209,#3210,#3211,#3212,#3213,#3214,#3215,#3216,#3217
      ,#3218,#3219,#3220,#3221,#3222,#3223,#3224,#3225,#3226,#3227,#3228
      ,#3229,#3230,#3231,#3232)
    ,(#3233,#3234,#3235,#3236,#3237,#3238,#3239,#3240,#3241,#3242,#3243
      ,#3244,#3245,#3246,#3247,#3248,#3249,#3250,#3251,#3252,#3253,#3254
      ,#3255,#3256,#3257,#3258
)),.UNSPECIFIED.,.F.,.F.,.F.) B_SPLINE_SURFACE_WITH_KNOTS((7,7),(10,8,8,
    10),(0.,4.832585329074),(83.048696195869,84.008511974067,
    85.204082802717,87.881281524942),.UNSPECIFIED.)
GEOMETRIC_REPRESENTATION_ITEM() RATIONAL_B_SPLINE_SURFACE((
    (1.031393471788,1.031637401948,1.03195342184,1.032339307431
      ,1.03279223961,1.033308804186,1.033884991892,1.034516198381
      ,1.035197224226,1.036825416426,1.037797735611,1.038834672378
      ,1.039928996088,1.041073391311,1.042261780581,1.043489384159
      ,1.044751516811,1.048928887162,1.051958378008,1.055045142325
      ,1.058167088508,1.061081124498,1.063793901962,1.06573348299
      ,1.066705203297,1.066705203297)
    ,(1.010025407661,1.010099887894,1.010196332395,1.010313980511
      ,1.010451884995,1.010608912017,1.01078374115,1.010974865385
      ,1.011180591119,1.011671141325,1.011963268163,1.012273821217
      ,1.012600416232,1.012940661592,1.013292559257,1.013654527219
      ,1.014025043451,1.015245818149,1.016122695918,1.017006911525
      ,1.017889914339,1.018705774903,1.019452810003,1.019983714814
      ,1.020249745885,1.020249745885)
    ,(0.997924642725,0.997908783641,0.997888243286,0.997863175205
      ,0.997833772737,0.99780026901,0.997762936944,0.99772208925
      ,0.997678078428,0.997573024356,0.997510394147,0.997443732328
      ,0.997373536975,0.997300311285,0.997224477801,0.997146373645
      ,0.997066326757,0.996802282592,0.996612155953,0.996419994093
      ,0.996227761513,0.996049871984,0.995887011506,0.995771290354
      ,0.995713300237,0.995713300237)
    ,(0.993958444137,0.993913151607,0.99385449345,0.993782918143
      ,0.993698985936,0.993603368856,0.993496850704,0.993380327057
      ,0.993254805265,0.992955237029,0.99277667432,0.99258664154
      ,0.992386545189,0.992177796987,0.991961569687,0.991738784785
      ,0.991510332112,0.990756196506,0.990212310719,0.989661347713
      ,0.989107700277,0.988593614633,0.988118406544,0.987779487281
      ,0.987609681784,0.987609681784)
    ,(0.997924642725,0.997908783641,0.997888243286,0.997863175205
      ,0.997833772737,0.99780026901,0.997762936944,0.99772208925
      ,0.997678078428,0.997573024356,0.997510394147,0.997443732328
      ,0.997373536975,0.997300311285,0.9972244778,0.997146373645
      ,0.997066326757,0.996802282592,0.996612155953,0.996419994093
      ,0.996227761512,0.996049871984,0.995887011506,0.995771290354
      ,0.995713300237,0.995713300237)
    ,(1.010025407661,1.010099887894,1.010196332395,1.010313980511
      ,1.010451884995,1.010608912017,1.01078374115,1.010974865385
      ,1.011180591119,1.011671141325,1.011963268163,1.012273821217
      ,1.012600416232,1.012940661592,1.013292559257,1.013654527219
      ,1.014025043451,1.015245818149,1.016122695918,1.017006911525
      ,1.017889914339,1.018705774903,1.019452810003,1.019983714814
      ,1.020249745885,1.020249745885)
    ,(1.031393471788,1.031637401948,1.03195342184,1.032339307431
      ,1.03279223961,1.033308804186,1.033884991892,1.034516198381
      ,1.035197224226,1.036825416426,1.037797735611,1.038834672378
      ,1.039928996088,1.041073391311,1.042261780581,1.043489384159
      ,1.044751516811,1.048928887162,1.051958378008,1.055045142325
      ,1.058167088508,1.061081124498,1.063793901962,1.06573348299
,1.066705203297,1.066705203297))) REPRESENTATION_ITEM('') SURFACE() );
#3077 = CARTESIAN_POINT('',(90.044776119403,7.840749102309E-02,2.7));
#3078 = CARTESIAN_POINT('',(90.183633907485,9.936730638256E-02,2.7));
#3079 = CARTESIAN_POINT('',(90.3210439096,0.123319434117,2.706019963258)
  );
#3080 = CARTESIAN_POINT('',(90.456616605627,0.150118540245,
    2.717846292236));
#3081 = CARTESIAN_POINT('',(90.589982231717,0.179588736016,
    2.735234294834));
#3082 = CARTESIAN_POINT('',(90.720791322783,0.211523903004,
    2.757908592557));
#3083 = CARTESIAN_POINT('',(90.848715193382,0.245688058115,
    2.785563589623));
#3084 = CARTESIAN_POINT('',(90.973446351861,0.281815750268,2.81786399315
    ));
#3085 = CARTESIAN_POINT('',(91.094698843754,0.319612479413,2.8544453734)
  );
#3086 = CARTESIAN_POINT('',(91.35835169157,0.407435634232,2.945245272784
    ));
#3087 = CARTESIAN_POINT('',(91.498900269168,0.458265932246,
    3.001643586704));
#3088 = CARTESIAN_POINT('',(91.634176320145,0.510964002085,
    3.063717825866));
#3089 = CARTESIAN_POINT('',(91.764166460568,0.565134964805,3.13099711207
    ));
#3090 = CARTESIAN_POINT('',(91.888823201421,0.620388733919,
    3.203059643485));
#3091 = CARTESIAN_POINT('',(92.008220264014,0.676400420092,
    3.279599855195));
#3092 = CARTESIAN_POINT('',(92.122564007886,0.732914271135,
    3.360435477765));
#3093 = CARTESIAN_POINT('',(92.23206313672,0.789692060175,3.445455579165
    ));
#3094 = CARTESIAN_POINT('',(92.56994334864,0.972900628947,3.733134997569
    ));
#3095 = CARTESIAN_POINT('',(92.779069984415,1.099194130491,
    3.952056927623));
#3096 = CARTESIAN_POINT('',(92.964270664401,1.221653833114,
    4.188756300565));
#3097 = CARTESIAN_POINT('',(93.127966994001,1.339033897995,4.44800783232
    ));
#3098 = CARTESIAN_POINT('',(93.264751346151,1.443605841722,
    4.722844752679));
#3099 = CARTESIAN_POINT('',(93.377427347604,1.535495127942,
    5.022958413718));
#3100 = CARTESIAN_POINT('',(93.454218527417,1.599777966957,
    5.343281405348));
#3101 = CARTESIAN_POINT('',(93.492537313433,1.631843101453,
    5.671918445329));
#3102 = CARTESIAN_POINT('',(93.492537313433,1.631843101453,6.));
#3103 = CARTESIAN_POINT('',(90.044776119403,7.84074910231E-02,
    2.780201034946));
#3104 = CARTESIAN_POINT('',(90.180262926807,9.885847548747E-02,
    2.780520196063));
#3105 = CARTESIAN_POINT('',(90.314354366822,0.122155111042,
    2.786791343185));
#3106 = CARTESIAN_POINT('',(90.446658134713,0.148154089943,
    2.798800199315));
#3107 = CARTESIAN_POINT('',(90.576803946347,0.176683492619,
    2.816301491035));
#3108 = CARTESIAN_POINT('',(90.704443704743,0.207542887827,
    2.839019080195));
#3109 = CARTESIAN_POINT('',(90.829251646505,0.240503444387,2.86664611455
    ));
#3110 = CARTESIAN_POINT('',(90.95092446675,0.27530805205,2.898845194258)
  );
#3111 = CARTESIAN_POINT('',(91.069181421399,0.311671448649,
    2.935248550773));
#3112 = CARTESIAN_POINT('',(91.326422664883,0.396104234846,
    3.025520147568));
#3113 = CARTESIAN_POINT('',(91.46357820834,0.444926379098,3.08153770438)
  );
#3114 = CARTESIAN_POINT('',(91.595559091319,0.495478177874,
    3.143119221645));
#3115 = CARTESIAN_POINT('',(91.722343402874,0.547374402929,
    3.209782485843));
#3116 = CARTESIAN_POINT('',(91.843871582087,0.600232502232,
    3.281089563761));
#3117 = CARTESIAN_POINT('',(91.960209440866,0.653734847142,
    3.356718427986));
#3118 = CARTESIAN_POINT('',(92.071562553328,0.707634164236,3.43647165576
    ));
#3119 = CARTESIAN_POINT('',(92.178142681336,0.761702427338,3.52022254015
    ));
#3120 = CARTESIAN_POINT('',(92.507445088581,0.936221844771,
    3.803670045596));
#3121 = CARTESIAN_POINT('',(92.711108758062,1.056223809955,
    4.018945073688));
#3122 = CARTESIAN_POINT('',(92.89111169068,1.172131546881,4.25095345387)
  );
#3123 = CARTESIAN_POINT('',(93.049769642666,1.282638977732,
    4.503824484456));
#3124 = CARTESIAN_POINT('',(93.182058829219,1.38067157377,4.770921820555
    ));
#3125 = CARTESIAN_POINT('',(93.290627507213,1.466163655281,
    5.060752894718));
#3126 = CARTESIAN_POINT('',(93.364644688806,1.525916937514,
    5.368772288778));
#3127 = CARTESIAN_POINT('',(93.401632015485,1.555765697097,
    5.684490613964));
#3128 = CARTESIAN_POINT('',(93.401632015484,1.555765697097,6.));
#3129 = CARTESIAN_POINT('',(90.040969954449,0.103623154305,
    2.858312571775));
#3130 = CARTESIAN_POINT('',(90.172673682065,0.123706500859,
    2.858925809587));
#3131 = CARTESIAN_POINT('',(90.303018563426,0.146540140761,
    2.865422752066));
#3132 = CARTESIAN_POINT('',(90.431610867773,0.171981432418,
    2.877588985659));
#3133 = CARTESIAN_POINT('',(90.558080825615,0.199860456083,2.89517924202
    ));
#3134 = CARTESIAN_POINT('',(90.682082593482,0.229979992985,
    2.917917370135));
#3135 = CARTESIAN_POINT('',(90.803294223022,0.262115502013,
    2.945496304343));
#3136 = CARTESIAN_POINT('',(90.921417634709,0.29601509446,2.977578028841
    ));
#3137 = CARTESIAN_POINT('',(91.036178596404,0.331399507401,
    3.013793539432));
#3138 = CARTESIAN_POINT('',(91.285790186795,0.413510133842,
    3.103509857986));
#3139 = CARTESIAN_POINT('',(91.418820413932,0.460948568051,
    3.159122204852));
#3140 = CARTESIAN_POINT('',(91.546755014088,0.51002054547,3.22019241135)
  );
#3141 = CARTESIAN_POINT('',(91.669565355029,0.560346110894,
    3.286230304289));
#3142 = CARTESIAN_POINT('',(91.787181100838,0.611545683701,
    3.356785239764));
#3143 = CARTESIAN_POINT('',(91.899661158542,0.663305217323,
    3.431522313444));
#3144 = CARTESIAN_POINT('',(92.007210874404,0.715382970797,
    3.510232454161));
#3145 = CARTESIAN_POINT('',(92.110045333484,0.767557832526,
    3.592776325753));
#3146 = CARTESIAN_POINT('',(92.427723967824,0.935905020437,3.87200543425
    ));
#3147 = CARTESIAN_POINT('',(92.623679641868,1.051367397352,
    4.083597552392));
#3148 = CARTESIAN_POINT('',(92.796245844552,1.162503558016,
    4.310941457438));
#3149 = CARTESIAN_POINT('',(92.94764389428,1.267959393422,4.557619941383
    ));
#3150 = CARTESIAN_POINT('',(93.073356502414,1.361136136987,
    4.817220245614));
#3151 = CARTESIAN_POINT('',(93.175910413386,1.441848496141,
    5.097293346879));
#3152 = CARTESIAN_POINT('',(93.245717105503,1.498168610909,
    5.393619917604));
#3153 = CARTESIAN_POINT('',(93.280613976754,1.526314919407,
    5.696857101191));
#3154 = CARTESIAN_POINT('',(93.280613976754,1.526314919407,6.));
#3155 = CARTESIAN_POINT('',(90.033668037905,0.151998006982,
    2.925575853961));
#3156 = CARTESIAN_POINT('',(90.161591991685,0.171884745849,
    2.926357600794));
#3157 = CARTESIAN_POINT('',(90.288182312895,0.194486423989,
    2.932942195289));
#3158 = CARTESIAN_POINT('',(90.413047600754,0.219660372765,
    2.945116192386));
#3159 = CARTESIAN_POINT('',(90.535821629691,0.247237366449,
    2.962635740051));
#3160 = CARTESIAN_POINT('',(90.656163252497,0.277021563116,
    2.985226499863));
#3161 = CARTESIAN_POINT('',(90.773756315982,0.308790438805,
    3.012583556111));
#3162 = CARTESIAN_POINT('',(90.888309589879,0.342294716313,
    3.044371315189));
#3163 = CARTESIAN_POINT('',(90.999556709538,0.377258290228,
    3.080223397294));
#3164 = CARTESIAN_POINT('',(91.241449733633,0.458383535386,
    3.168983396827));
#3165 = CARTESIAN_POINT('',(91.370281838036,0.505237914274,
    3.223959817812));
#3166 = CARTESIAN_POINT('',(91.494102876166,0.55369508663,3.284294290585
    ));
#3167 = CARTESIAN_POINT('',(91.612880273844,0.603377183752,3.34949604459
    ));
#3168 = CARTESIAN_POINT('',(91.726535273366,0.653904315284,
    3.419109865584));
#3169 = CARTESIAN_POINT('',(91.835121390523,0.704963398166,
    3.492796188965));
#3170 = CARTESIAN_POINT('',(91.938844100079,0.756316018802,3.57034228848
    ));
#3171 = CARTESIAN_POINT('',(92.03792132886,0.807745153865,3.651604342167
    ));
#3172 = CARTESIAN_POINT('',(92.343748863204,0.973667855548,
    3.926359961902));
#3173 = CARTESIAN_POINT('',(92.531860767721,1.08737275523,4.1342626502)
  );
#3174 = CARTESIAN_POINT('',(92.696957060429,1.19669432485,4.357257379081
    ));
#3175 = CARTESIAN_POINT('',(92.84117307993,1.300248033685,4.598597034056
    ));
#3176 = CARTESIAN_POINT('',(92.960446733336,1.391618945047,
    4.852046405119));
#3177 = CARTESIAN_POINT('',(93.057195523954,1.470558756734,
    5.124594410363));
#3178 = CARTESIAN_POINT('',(93.122910635629,1.525597240842,
    5.412181401891));
#3179 = CARTESIAN_POINT('',(93.155758195827,1.55310371484,5.706137102113
    ));
#3180 = CARTESIAN_POINT('',(93.155758195827,1.55310371484,6.));
#3181 = CARTESIAN_POINT('',(90.023628742056,0.218507868426,2.97449869481
    ));
#3182 = CARTESIAN_POINT('',(90.148197052497,0.238355135837,
    2.975246826998));
#3183 = CARTESIAN_POINT('',(90.271451743109,0.260935972422,
    2.981696095897));
#3184 = CARTESIAN_POINT('',(90.393010490286,0.286107708464,
    2.993635737626));
#3185 = CARTESIAN_POINT('',(90.512516108277,0.313701274716,
    3.010825557137));
#3186 = CARTESIAN_POINT('',(90.629636515925,0.343521181761,
    3.032995901145));
#3187 = CARTESIAN_POINT('',(90.744064707718,0.375345496992,
    3.059847627094));
#3188 = CARTESIAN_POINT('',(90.855518729419,0.408925819704,
    3.091052068783));
#3189 = CARTESIAN_POINT('',(90.96374165845,0.443987254846,3.126250999346
    ));
#3190 = CARTESIAN_POINT('',(91.199006952622,0.525376010487,
    3.213398911663));
#3191 = CARTESIAN_POINT('',(91.32425315994,0.572398748851,3.26736964972)
  );
#3192 = CARTESIAN_POINT('',(91.444606964019,0.621060205314,
    3.326608376916));
#3193 = CARTESIAN_POINT('',(91.560035905698,0.670983056855,
    3.390634549246));
#3194 = CARTESIAN_POINT('',(91.670456453148,0.721785722068,
    3.459000639086));
#3195 = CARTESIAN_POINT('',(91.775918942063,0.773154995681,
    3.531374661092));
#3196 = CARTESIAN_POINT('',(91.876629174882,0.82485459571,3.60755203527)
  );
#3197 = CARTESIAN_POINT('',(91.972806532035,0.876669560766,
    3.687396711181));
#3198 = CARTESIAN_POINT('',(92.269486461413,1.043900844649,
    3.957324610265));
#3199 = CARTESIAN_POINT('',(92.451799314465,1.158670390884,4.16161017079
    ));
#3200 = CARTESIAN_POINT('',(92.611684456698,1.269227887262,
    4.380838192495));
#3201 = CARTESIAN_POINT('',(92.751217791433,1.374196732552,
    4.618262163379));
#3202 = CARTESIAN_POINT('',(92.866526245105,1.467018804928,
    4.867781647231));
#3203 = CARTESIAN_POINT('',(92.959976998068,1.547476862309,
    5.136411043603));
#3204 = CARTESIAN_POINT('',(93.023398569724,1.603614406847,
    5.420121167655));
#3205 = CARTESIAN_POINT('',(93.055083094167,1.631660251788,
    5.710154442461));
#3206 = CARTESIAN_POINT('',(93.055083094167,1.631660251788,6.));
#3207 = CARTESIAN_POINT('',(90.011970303723,0.295744472452,3.));
#3208 = CARTESIAN_POINT('',(90.133973610646,0.31565645107,3.000480846768
    ));
#3209 = CARTESIAN_POINT('',(90.254684276948,0.338355590823,
    3.006540397636));
#3210 = CARTESIAN_POINT('',(90.373737907848,0.363699795229,
    3.017972958712));
#3211 = CARTESIAN_POINT('',(90.490793454788,0.391520223047,
    3.034544960621));
#3212 = CARTESIAN_POINT('',(90.605533364373,0.421621385595,
    3.055995082115));
#3213 = CARTESIAN_POINT('',(90.717663707882,0.45378125503,3.082034390992
    ));
#3214 = CARTESIAN_POINT('',(90.82691429021,0.487751381251,3.112346499477
    ));
#3215 = CARTESIAN_POINT('',(90.933038737371,0.5232570147,3.146587730868)
  );
#3216 = CARTESIAN_POINT('',(91.163772655067,0.605739585963,
    3.231448555752));
#3217 = CARTESIAN_POINT('',(91.286623810377,0.653429848804,
    3.284043859743));
#3218 = CARTESIAN_POINT('',(91.404753761779,0.702840055031,
    3.341837551241));
#3219 = CARTESIAN_POINT('',(91.51813404751,0.753593004234,3.404371701613
    ));
#3220 = CARTESIAN_POINT('',(91.626679753279,0.805305378832,3.47122039587
    ));
#3221 = CARTESIAN_POINT('',(91.730439449719,0.857663540965,
    3.542072734006));
#3222 = CARTESIAN_POINT('',(91.829617977803,0.910432260807,3.6167448106)
  );
#3223 = CARTESIAN_POINT('',(91.924432759392,0.963396672156,
    3.695121018038));
#3224 = CARTESIAN_POINT('',(92.216926728449,1.134420670955,
    3.960209355638));
#3225 = CARTESIAN_POINT('',(92.39711148756,1.252127731402,4.161282184821
    ));
#3226 = CARTESIAN_POINT('',(92.555692576465,1.36595407579,4.377750745782
    ));
#3227 = CARTESIAN_POINT('',(92.694701421301,1.474558664723,
    4.613204227498));
#3228 = CARTESIAN_POINT('',(92.810061647575,1.571012943706,
    4.861619461788));
#3229 = CARTESIAN_POINT('',(92.904137407078,1.655188193831,
    5.130597881078));
#3230 = CARTESIAN_POINT('',(92.968079656696,1.714004203421,5.41598210657
    ));
#3231 = CARTESIAN_POINT('',(93.,1.743367757094,5.7081709096));
#3232 = CARTESIAN_POINT('',(93.,1.743367757094,6.));
#3233 = CARTESIAN_POINT('',(90.,0.375047169979,3.));
#3234 = CARTESIAN_POINT('',(90.12049030655,0.395053250114,3.));
#3235 = CARTESIAN_POINT('',(90.239713571195,0.417908672852,
    3.005444859096));
#3236 = CARTESIAN_POINT('',(90.357333157915,0.443472976954,
    3.016136913525));
#3237 = CARTESIAN_POINT('',(90.473031791961,0.471578198045,
    3.031852679681));
#3238 = CARTESIAN_POINT('',(90.586512023853,0.50202917561,3.052343220285
    ));
#3239 = CARTESIAN_POINT('',(90.697496638025,0.534603896463,
    3.077334563337));
#3240 = CARTESIAN_POINT('',(90.805729002083,0.569053867077,
    3.106528165229));
#3241 = CARTESIAN_POINT('',(90.910973353632,0.605104506127,
    3.139601408413));
#3242 = CARTESIAN_POINT('',(91.139921106446,0.688907888654,
    3.221734767781));
#3243 = CARTESIAN_POINT('',(91.261924899848,0.737394136034,
    3.272730237692));
#3244 = CARTESIAN_POINT('',(91.379431961966,0.787692879715,
    3.328891046519));
#3245 = CARTESIAN_POINT('',(91.49242024006,0.83942775681,3.389793828424)
  );
#3246 = CARTESIAN_POINT('',(91.600805341994,0.892215047362,
    3.455047501246));
#3247 = CARTESIAN_POINT('',(91.704633653895,0.94574120416,3.524374622616
    ));
#3248 = CARTESIAN_POINT('',(91.804105427345,0.999771153083,
    3.597622775188));
#3249 = CARTESIAN_POINT('',(91.899430053913,1.054088349749,
    3.674707079074));
#3250 = CARTESIAN_POINT('',(92.193668397787,1.229429305995,
    3.935648125178));
#3251 = CARTESIAN_POINT('',(92.375973182807,1.350416073516,
    4.134381506945));
#3252 = CARTESIAN_POINT('',(92.537640932768,1.467879674786,
    4.349518776514));
#3253 = CARTESIAN_POINT('',(92.680665280048,1.580544385621,
    4.585271755615));
#3254 = CARTESIAN_POINT('',(92.800344559364,1.68102514123,4.835551164529
    ));
#3255 = CARTESIAN_POINT('',(92.899110128368,1.769354652964,
    5.109031804387));
#3256 = CARTESIAN_POINT('',(92.966438640203,1.831119549595,
    5.401215493214));
#3257 = CARTESIAN_POINT('',(93.,1.861906968534,5.70095853363));
#3258 = CARTESIAN_POINT('',(93.,1.861906968534,6.));
#3259 = DEFINITIONAL_REPRESENTATION('',(#3260),#3264);
#3260 = LINE('',#3261,#3262);
#3261 = CARTESIAN_POINT('',(4.832585329074,0.));
#3262 = VECTOR('',#3263,1.);
#3263 = DIRECTION('',(0.,1.));
#3264 = ( GEOMETRIC_REPRESENTATION_CONTEXT(2)
PARAMETRIC_REPRESENTATION_CONTEXT() REPRESENTATION_CONTEXT('2D SPACE',''
  ) );
#3265 = ORIENTED_EDGE('',*,*,#2589,.T.);
#3266 = ORIENTED_EDGE('',*,*,#1047,.F.);
#3267 = ADVANCED_FACE('',(#3268),#917,.T.);
#3268 = FACE_BOUND('',#3269,.T.);
#3269 = EDGE_LOOP('',(#3270,#3293,#3319,#3320));
#3270 = ORIENTED_EDGE('',*,*,#3271,.F.);
#3271 = EDGE_CURVE('',#3272,#902,#3274,.T.);
#3272 = VERTEX_POINT('',#3273);
#3273 = CARTESIAN_POINT('',(3.,1.861906968534,152.));
#3274 = SURFACE_CURVE('',#3275,(#3279,#3286),.PCURVE_S1.);
#3275 = LINE('',#3276,#3277);
#3276 = CARTESIAN_POINT('',(3.,-1.,152.));
#3277 = VECTOR('',#3278,1.);
#3278 = DIRECTION('',(-0.,1.,0.));
#3279 = PCURVE('',#917,#3280);
#3280 = DEFINITIONAL_REPRESENTATION('',(#3281),#3285);
#3281 = LINE('',#3282,#3283);
#3282 = CARTESIAN_POINT('',(149.,0.));
#3283 = VECTOR('',#3284,1.);
#3284 = DIRECTION('',(0.,-1.));
#3285 = ( GEOMETRIC_REPRESENTATION_CONTEXT(2)
PARAMETRIC_REPRESENTATION_CONTEXT() REPRESENTATION_CONTEXT('2D SPACE',''
  ) );
#3286 = PCURVE('',#946,#3287);
#3287 = DEFINITIONAL_REPRESENTATION('',(#3288),#3292);
#3288 = LINE('',#3289,#3290);
#3289 = CARTESIAN_POINT('',(0.,0.));
#3290 = VECTOR('',#3291,1.);
#3291 = DIRECTION('',(0.,1.));
#3292 = ( GEOMETRIC_REPRESENTATION_CONTEXT(2)
PARAMETRIC_REPRESENTATION_CONTEXT() REPRESENTATION_CONTEXT('2D SPACE',''
  ) );
#3293 = ORIENTED_EDGE('',*,*,#3294,.T.);
#3294 = EDGE_CURVE('',#3272,#2724,#3295,.T.);
#3295 = SURFACE_CURVE('',#3296,(#3300,#3307),.PCURVE_S1.);
#3296 = LINE('',#3297,#3298);
#3297 = CARTESIAN_POINT('',(3.,1.861906968534,152.));
#3298 = VECTOR('',#3299,1.);
#3299 = DIRECTION('',(-0.,-0.,-1.));
#3300 = PCURVE('',#917,#3301);
#3301 = DEFINITIONAL_REPRESENTATION('',(#3302),#3306);
#3302 = LINE('',#3303,#3304);
#3303 = CARTESIAN_POINT('',(149.,-2.861906968534));
#3304 = VECTOR('',#3305,1.);
#3305 = DIRECTION('',(-1.,0.));
#3306 = ( GEOMETRIC_REPRESENTATION_CONTEXT(2)
PARAMETRIC_REPRESENTATION_CONTEXT() REPRESENTATION_CONTEXT('2D SPACE',''
  ) );
#3307 = PCURVE('',#3308,#3313);
#3308 = CYLINDRICAL_SURFACE('',#3309,0.3);
#3309 = AXIS2_PLACEMENT_3D('',#3310,#3311,#3312);
#3310 = CARTESIAN_POINT('',(2.7,1.861906968534,152.));
#3311 = DIRECTION('',(-0.,-0.,-1.));
#3312 = DIRECTION('',(-0.641791044776,-0.766879556935,0.));
#3313 = DEFINITIONAL_REPRESENTATION('',(#3314),#3318);
#3314 = LINE('',#3315,#3316);
#3315 = CARTESIAN_POINT('',(-2.267627813401,0.));
#3316 = VECTOR('',#3317,1.);
#3317 = DIRECTION('',(-0.,1.));
#3318 = ( GEOMETRIC_REPRESENTATION_CONTEXT(2)
PARAMETRIC_REPRESENTATION_CONTEXT() REPRESENTATION_CONTEXT('2D SPACE',''
  ) );
#3319 = ORIENTED_EDGE('',*,*,#2723,.T.);
#3320 = ORIENTED_EDGE('',*,*,#901,.T.);
#3321 = ADVANCED_FACE('',(#3322),#1035,.F.);
#3322 = FACE_BOUND('',#3323,.F.);
#3323 = EDGE_LOOP('',(#3324,#3347,#3373,#3374));
#3324 = ORIENTED_EDGE('',*,*,#3325,.F.);
#3325 = EDGE_CURVE('',#3326,#987,#3328,.T.);
#3326 = VERTEX_POINT('',#3327);
#3327 = CARTESIAN_POINT('',(93.,1.861906968534,152.));
#3328 = SURFACE_CURVE('',#3329,(#3333,#3340),.PCURVE_S1.);
#3329 = LINE('',#3330,#3331);
#3330 = CARTESIAN_POINT('',(93.,-1.,152.));
#3331 = VECTOR('',#3332,1.);
#3332 = DIRECTION('',(-0.,1.,0.));
#3333 = PCURVE('',#1035,#3334);
#3334 = DEFINITIONAL_REPRESENTATION('',(#3335),#3339);
#3335 = LINE('',#3336,#3337);
#3336 = CARTESIAN_POINT('',(149.,0.));
#3337 = VECTOR('',#3338,1.);
#3338 = DIRECTION('',(0.,-1.));
#3339 = ( GEOMETRIC_REPRESENTATION_CONTEXT(2)
PARAMETRIC_REPRESENTATION_CONTEXT() REPRESENTATION_CONTEXT('2D SPACE',''
  ) );
#3340 = PCURVE('',#1007,#3341);
#3341 = DEFINITIONAL_REPRESENTATION('',(#3342),#3346);
#3342 = LINE('',#3343,#3344);
#3343 = CARTESIAN_POINT('',(-0.,0.));
#3344 = VECTOR('',#3345,1.);
#3345 = DIRECTION('',(-0.,1.));
#3346 = ( GEOMETRIC_REPRESENTATION_CONTEXT(2)
PARAMETRIC_REPRESENTATION_CONTEXT() REPRESENTATION_CONTEXT('2D SPACE',''
  ) );
#3347 = ORIENTED_EDGE('',*,*,#3348,.F.);
#3348 = EDGE_CURVE('',#2986,#3326,#3349,.T.);
#3349 = SURFACE_CURVE('',#3350,(#3354,#3361),.PCURVE_S1.);
#3350 = LINE('',#3351,#3352);
#3351 = CARTESIAN_POINT('',(93.,1.861906968534,6.));
#3352 = VECTOR('',#3353,1.);
#3353 = DIRECTION('',(0.,0.,1.));
#3354 = PCURVE('',#1035,#3355);
#3355 = DEFINITIONAL_REPRESENTATION('',(#3356),#3360);
#3356 = LINE('',#3357,#3358);
#3357 = CARTESIAN_POINT('',(3.,-2.861906968534));
#3358 = VECTOR('',#3359,1.);
#3359 = DIRECTION('',(1.,0.));
#3360 = ( GEOMETRIC_REPRESENTATION_CONTEXT(2)
PARAMETRIC_REPRESENTATION_CONTEXT() REPRESENTATION_CONTEXT('2D SPACE',''
  ) );
#3361 = PCURVE('',#3362,#3367);
#3362 = CYLINDRICAL_SURFACE('',#3363,0.3);
#3363 = AXIS2_PLACEMENT_3D('',#3364,#3365,#3366);
#3364 = CARTESIAN_POINT('',(93.3,1.861906968534,6.));
#3365 = DIRECTION('',(0.,0.,1.));
#3366 = DIRECTION('',(0.641791044776,-0.766879556935,0.));
#3367 = DEFINITIONAL_REPRESENTATION('',(#3368),#3372);
#3368 = LINE('',#3369,#3370);
#3369 = CARTESIAN_POINT('',(-2.267627813401,0.));
#3370 = VECTOR('',#3371,1.);
#3371 = DIRECTION('',(-0.,1.));
#3372 = ( GEOMETRIC_REPRESENTATION_CONTEXT(2)
PARAMETRIC_REPRESENTATION_CONTEXT() REPRESENTATION_CONTEXT('2D SPACE',''
  ) );
#3373 = ORIENTED_EDGE('',*,*,#2985,.T.);
#3374 = ORIENTED_EDGE('',*,*,#1019,.T.);
#3375 = ADVANCED_FACE('',(#3376),#946,.F.);
#3376 = FACE_BOUND('',#3377,.F.);
#3377 = EDGE_LOOP('',(#3378,#3379,#3643,#3664));
#3378 = ORIENTED_EDGE('',*,*,#3271,.F.);
#3379 = ORIENTED_EDGE('',*,*,#3380,.F.);
#3380 = EDGE_CURVE('',#3381,#3272,#3383,.T.);
#3381 = VERTEX_POINT('',#3382);
#3382 = CARTESIAN_POINT('',(6.,0.375047169979,155.));
#3383 = SURFACE_CURVE('',#3384,(#3411,#3453),.PCURVE_S1.);
#3384 = ( BOUNDED_CURVE() B_SPLINE_CURVE(9,(#3385,#3386,#3387,#3388,
    #3389,#3390,#3391,#3392,#3393,#3394,#3395,#3396,#3397,#3398,#3399,
    #3400,#3401,#3402,#3403,#3404,#3405,#3406,#3407,#3408,#3409,#3410),
.UNSPECIFIED.,.F.,.F.) B_SPLINE_CURVE_WITH_KNOTS((10,8,8,10),(
    322.81125924575,323.7710589414,324.9540691246,327.64384457586),
.UNSPECIFIED.) CURVE() GEOMETRIC_REPRESENTATION_ITEM()
RATIONAL_B_SPLINE_CURVE((1.031393471788,1.031637401908,1.031953421855,
    1.03233930761,1.03279224004,1.033308804894,1.033884992808,
    1.034516199299,1.035197224772,1.036815941421,1.037777277759,
    1.038802052938,1.039883181913,1.041013454243,1.04218694196,
    1.043399086231,1.044645462829,1.048815345153,1.051855844639,
    1.054957862223,1.058099720761,1.061026850812,1.063769620343,
1.065723463357,1.066705203297,1.066705203297)) REPRESENTATION_ITEM('')
  );
#3385 = CARTESIAN_POINT('',(6.,0.375047169979,155.));
#3386 = CARTESIAN_POINT('',(5.879509713242,0.395053246828,155.));
#3387 = CARTESIAN_POINT('',(5.760286418036,0.417908674868,154.9945551406
    ));
#3388 = CARTESIAN_POINT('',(5.642666775164,0.443472991022,
    154.98386308136));
#3389 = CARTESIAN_POINT('',(5.52696808087,0.471578227976,154.96814730468
    ));
#3390 = CARTESIAN_POINT('',(5.413487802839,0.502029221187,
    154.94765674958));
#3391 = CARTESIAN_POINT('',(5.302503171525,0.534603952361,
    154.92266539282));
#3392 = CARTESIAN_POINT('',(5.194270830876,0.569053921794,
    154.89347178566));
#3393 = CARTESIAN_POINT('',(5.089026551497,0.605104540937,
    154.86039855629));
#3394 = CARTESIAN_POINT('',(4.861409100519,0.68842098166,154.77874243595
    ));
#3395 = CARTESIAN_POINT('',(4.740639976053,0.736374767463,
    154.72834214964));
#3396 = CARTESIAN_POINT('',(4.624263436299,0.786112342355,
    154.67287247534));
#3397 = CARTESIAN_POINT('',(4.512311392586,0.837263763177,154.6127511457
    ));
#3398 = CARTESIAN_POINT('',(4.404878129067,0.889450840174,
    154.54836610048));
#3399 = CARTESIAN_POINT('',(4.30191840901,0.942369317641,154.47998752705
    ));
#3400 = CARTESIAN_POINT('',(4.203225210014,0.995796964689,
    154.40775713247));
#3401 = CARTESIAN_POINT('',(4.108584775798,1.049528607613,
    154.33175348431));
#3402 = CARTESIAN_POINT('',(3.813207117973,1.224873936249,
    154.07181889816));
#3403 = CARTESIAN_POINT('',(3.629428761295,1.346495762968,
    153.87280137867));
#3404 = CARTESIAN_POINT('',(3.466276812998,1.464783416939,
    153.65689413715));
#3405 = CARTESIAN_POINT('',(3.32237270703,1.578034102459,153.42102587976
    ));
#3406 = CARTESIAN_POINT('',(3.201330541862,1.679470803658,
    153.16927018714));
#3407 = CARTESIAN_POINT('',(3.10190451001,1.768455940209,152.8951582125)
  );
#3408 = CARTESIAN_POINT('',(3.033866568825,1.830832137923,
    152.60157775896));
#3409 = CARTESIAN_POINT('',(3.,1.861906968534,152.30044808406));
#3410 = CARTESIAN_POINT('',(3.,1.861906968534,152.));
#3411 = PCURVE('',#946,#3412);
#3412 = DEFINITIONAL_REPRESENTATION('',(#3413),#3452);
#3413 = B_SPLINE_CURVE_WITH_KNOTS('',10,(#3414,#3415,#3416,#3417,#3418,
    #3419,#3420,#3421,#3422,#3423,#3424,#3425,#3426,#3427,#3428,#3429,
    #3430,#3431,#3432,#3433,#3434,#3435,#3436,#3437,#3438,#3439,#3440,
    #3441,#3442,#3443,#3444,#3445,#3446,#3447,#3448,#3449,#3450,#3451),
  .UNSPECIFIED.,.F.,.F.,(11,9,9,9,11),(322.81125924575,323.41533241201,
    324.01940557828,325.2275519108,327.64384457586),.UNSPECIFIED.);
#3414 = CARTESIAN_POINT('',(1.570796326795,1.375047169979));
#3415 = CARTESIAN_POINT('',(1.548040902912,1.386382027863));
#3416 = CARTESIAN_POINT('',(1.525418477046,1.398621400144));
#3417 = CARTESIAN_POINT('',(1.502932611781,1.411740112686));
#3418 = CARTESIAN_POINT('',(1.480587081319,1.425710507535));
#3419 = CARTESIAN_POINT('',(1.458385871486,1.440502442916));
#3420 = CARTESIAN_POINT('',(1.436333179725,1.45608329324));
#3421 = CARTESIAN_POINT('',(1.414433415102,1.472417949095));
#3422 = CARTESIAN_POINT('',(1.392691198304,1.489468817254));
#3423 = CARTESIAN_POINT('',(1.371111361639,1.507195820669));
#3424 = CARTESIAN_POINT('',(1.32828653643,1.543916976283));
#3425 = CARTESIAN_POINT('',(1.307043237901,1.562909073386));
#3426 = CARTESIAN_POINT('',(1.285960007207,1.582508055344));
#3427 = CARTESIAN_POINT('',(1.265097528834,1.602598832735));
#3428 = CARTESIAN_POINT('',(1.244346383314,1.623279438674));
#3429 = CARTESIAN_POINT('',(1.223824423867,1.644359051223));
#3430 = CARTESIAN_POINT('',(1.203577128186,1.665733503516));
#3431 = CARTESIAN_POINT('',(1.183398335351,1.68761517515));
#3432 = CARTESIAN_POINT('',(1.163413888369,1.709806142168));
#3433 = CARTESIAN_POINT('',(1.103880057335,1.777388456353));
#3434 = CARTESIAN_POINT('',(1.064774215078,1.823758555777));
#3435 = CARTESIAN_POINT('',(1.026206993877,1.871180236358));
#3436 = CARTESIAN_POINT('',(0.9880820714,1.919451089027));
#3437 = CARTESIAN_POINT('',(0.950469024802,1.968226898614));
#3438 = CARTESIAN_POINT('',(0.913190946926,2.017406936035));
#3439 = CARTESIAN_POINT('',(0.876086116235,2.066916829443));
#3440 = CARTESIAN_POINT('',(0.839296575142,2.116340920542));
#3441 = CARTESIAN_POINT('',(0.802615775006,2.165631669473));
#3442 = CARTESIAN_POINT('',(0.692835804162,2.312365879302));
#3443 = CARTESIAN_POINT('',(0.619978492965,2.40866820761));
#3444 = CARTESIAN_POINT('',(0.546847552879,2.502055974845));
#3445 = CARTESIAN_POINT('',(0.472983184175,2.590329821407));
#3446 = CARTESIAN_POINT('',(0.397927462272,2.671689117588));
#3447 = CARTESIAN_POINT('',(0.321164890187,2.743490537923));
#3448 = CARTESIAN_POINT('',(0.242391682665,2.801657691145));
#3449 = CARTESIAN_POINT('',(0.161963037083,2.841894026379));
#3450 = CARTESIAN_POINT('',(8.097001198482E-02,2.861906968534));
#3451 = CARTESIAN_POINT('',(0.,2.861906968534));
#3452 = ( GEOMETRIC_REPRESENTATION_CONTEXT(2)
PARAMETRIC_REPRESENTATION_CONTEXT() REPRESENTATION_CONTEXT('2D SPACE',''
  ) );
#3453 = PCURVE('',#3454,#3637);
#3454 = ( BOUNDED_SURFACE() B_SPLINE_SURFACE(6,9,(
    (#3455,#3456,#3457,#3458,#3459,#3460,#3461,#3462,#3463,#3464,#3465
      ,#3466,#3467,#3468,#3469,#3470,#3471,#3472,#3473,#3474,#3475,#3476
      ,#3477,#3478,#3479,#3480)
    ,(#3481,#3482,#3483,#3484,#3485,#3486,#3487,#3488,#3489,#3490,#3491
      ,#3492,#3493,#3494,#3495,#3496,#3497,#3498,#3499,#3500,#3501,#3502
      ,#3503,#3504,#3505,#3506)
    ,(#3507,#3508,#3509,#3510,#3511,#3512,#3513,#3514,#3515,#3516,#3517
      ,#3518,#3519,#3520,#3521,#3522,#3523,#3524,#3525,#3526,#3527,#3528
      ,#3529,#3530,#3531,#3532)
    ,(#3533,#3534,#3535,#3536,#3537,#3538,#3539,#3540,#3541,#3542,#3543
      ,#3544,#3545,#3546,#3547,#3548,#3549,#3550,#3551,#3552,#3553,#3554
      ,#3555,#3556,#3557,#3558)
    ,(#3559,#3560,#3561,#3562,#3563,#3564,#3565,#3566,#3567,#3568,#3569
      ,#3570,#3571,#3572,#3573,#3574,#3575,#3576,#3577,#3578,#3579,#3580
      ,#3581,#3582,#3583,#3584)
    ,(#3585,#3586,#3587,#3588,#3589,#3590,#3591,#3592,#3593,#3594,#3595
      ,#3596,#3597,#3598,#3599,#3600,#3601,#3602,#3603,#3604,#3605,#3606
      ,#3607,#3608,#3609,#3610)
    ,(#3611,#3612,#3613,#3614,#3615,#3616,#3617,#3618,#3619,#3620,#3621
      ,#3622,#3623,#3624,#3625,#3626,#3627,#3628,#3629,#3630,#3631,#3632
      ,#3633,#3634,#3635,#3636
)),.UNSPECIFIED.,.F.,.F.,.F.) B_SPLINE_SURFACE_WITH_KNOTS((7,7),(10,8,8,
    10),(0.,4.83258533011),(322.81125924575,323.7710589414,
    324.9540691246,327.64384457586),.UNSPECIFIED.)
GEOMETRIC_REPRESENTATION_ITEM() RATIONAL_B_SPLINE_SURFACE((
    (1.031393471788,1.031637401908,1.031953421855,1.03233930761
      ,1.03279224004,1.033308804894,1.033884992808,1.034516199299
      ,1.035197224772,1.036815941421,1.037777277759,1.038802052938
      ,1.039883181913,1.041013454243,1.04218694196,1.043399086231
      ,1.044645462829,1.048815345153,1.051855844639,1.054957862223
      ,1.058099720761,1.061026850812,1.063769620343,1.065723463357
      ,1.066705203297,1.066705203297)
    ,(1.010025407661,1.010099887881,1.0101963324,1.010313980566
      ,1.010451885127,1.010608912231,1.010783741427,1.010974865662
      ,1.011180591283,1.011668286647,1.011957121817,1.012264051726
      ,1.012586742459,1.012922839953,1.013270396024,1.013627898463
      ,1.01399390522,1.015212946296,1.016093327052,1.016982204816
      ,1.017871081123,1.018690787384,1.019446193783,1.019980963694
      ,1.020249745885,1.020249745885)
    ,(0.997924642725,0.997908783644,0.997888243285,0.997863175194
      ,0.997833772709,0.997800268965,0.997762936885,0.99772208919
      ,0.997678078392,0.997573635701,0.997511711892,0.997445829377
      ,0.99737647583,0.997304146648,0.99722925377,0.997152119256
      ,0.997073053629,0.996809409702,0.996618538163,0.996425373032
      ,0.99623186793,0.996053139115,0.995888453837,0.995771889991
      ,0.995713300237,0.995713300237)
    ,(0.993958444137,0.993913151615,0.993854493447,0.993782918109
      ,0.993698985856,0.993603368725,0.993496850535,0.993380326888
      ,0.993254805164,0.992956980318,0.992780431296,0.992592619605
      ,0.992394922588,0.992188730631,0.991975187534,0.991755173415
      ,0.991529530141,0.990776583154,0.99023061206,0.98967683134
      ,0.989119577356,0.988603133816,0.988122640941,0.987781240461
      ,0.987609681784,0.987609681784)
    ,(0.997924642725,0.997908783644,0.997888243285,0.997863175194
      ,0.997833772709,0.997800268965,0.997762936885,0.99772208919
      ,0.997678078392,0.997573635701,0.997511711892,0.997445829377
      ,0.99737647583,0.997304146648,0.99722925377,0.997152119256
      ,0.997073053629,0.996809409702,0.996618538163,0.996425373032
      ,0.99623186793,0.996053139115,0.995888453837,0.995771889991
      ,0.995713300237,0.995713300237)
    ,(1.010025407661,1.010099887881,1.0101963324,1.010313980566
      ,1.010451885127,1.010608912231,1.010783741427,1.010974865662
      ,1.011180591283,1.011668286647,1.011957121817,1.012264051726
      ,1.012586742459,1.012922839953,1.013270396024,1.013627898463
      ,1.01399390522,1.015212946296,1.016093327052,1.016982204816
      ,1.017871081123,1.018690787384,1.019446193783,1.019980963694
      ,1.020249745885,1.020249745885)
    ,(1.031393471788,1.031637401908,1.031953421855,1.03233930761
      ,1.03279224004,1.033308804894,1.033884992808,1.034516199299
      ,1.035197224772,1.036815941421,1.037777277759,1.038802052938
      ,1.039883181913,1.041013454243,1.04218694196,1.043399086231
      ,1.044645462829,1.048815345153,1.051855844639,1.054957862223
      ,1.058099720761,1.061026850812,1.063769620343,1.065723463357
,1.066705203297,1.066705203297))) REPRESENTATION_ITEM('') SURFACE() );
#3455 = CARTESIAN_POINT('',(5.955223880597,7.840749102309E-02,155.3));
#3456 = CARTESIAN_POINT('',(5.816366120319,9.93673021856E-02,155.3));
#3457 = CARTESIAN_POINT('',(5.678956090216,0.123319433884,
    155.29398003746));
#3458 = CARTESIAN_POINT('',(5.543383336516,0.150118550902,155.2821537046
    ));
#3459 = CARTESIAN_POINT('',(5.410017646317,0.179588761847,
    155.26476569175));
#3460 = CARTESIAN_POINT('',(5.279208505065,0.211523944254,
    155.24209137917));
#3461 = CARTESIAN_POINT('',(5.151284615643,0.245688109602,
    155.21443636795));
#3462 = CARTESIAN_POINT('',(5.026553484196,0.281815800016,
    155.18213595978));
#3463 = CARTESIAN_POINT('',(4.905301076726,0.319612507294,
    155.14555459668));
#3464 = CARTESIAN_POINT('',(4.643180197166,0.406925358106,
    155.05528230119));
#3465 = CARTESIAN_POINT('',(4.504053961785,0.457197534944,
    154.99954186801));
#3466 = CARTESIAN_POINT('',(4.370079778946,0.509307198158,
    154.93823283835));
#3467 = CARTESIAN_POINT('',(4.241278765646,0.562868291496,
    154.87181581521));
#3468 = CARTESIAN_POINT('',(4.117709814339,0.617496987062,
    154.80070767579));
#3469 = CARTESIAN_POINT('',(3.99930543089,0.672875920143,154.72520963504
    ));
#3470 = CARTESIAN_POINT('',(3.885857602594,0.728759615682,
    154.64549799119));
#3471 = CARTESIAN_POINT('',(3.777151457875,0.784922046079,
    154.56167643911));
#3472 = CARTESIAN_POINT('',(3.43793366301,0.968150383383,154.27508165846
    ));
#3473 = CARTESIAN_POINT('',(3.227111216237,1.095111522125,
    154.05583188581));
#3474 = CARTESIAN_POINT('',(3.040343724884,1.218352920922,
    153.81850010874));
#3475 = CARTESIAN_POINT('',(2.875148138702,1.336631228777,
    153.55830718144));
#3476 = CARTESIAN_POINT('',(2.737591207569,1.441731479012,
    153.28321420537));
#3477 = CARTESIAN_POINT('',(2.623480084367,1.534709654185,
    152.98118132872));
#3478 = CARTESIAN_POINT('',(2.54619173529,1.599441488635,152.65989389291
    ));
#3479 = CARTESIAN_POINT('',(2.507462686567,1.631843101453,
    152.32962476436));
#3480 = CARTESIAN_POINT('',(2.507462686567,1.631843101453,152.));
#3481 = CARTESIAN_POINT('',(5.955223880597,7.840749102309E-02,
    155.21979896505));
#3482 = CARTESIAN_POINT('',(5.819737099113,9.885847157497E-02,
    155.21947980398));
#3483 = CARTESIAN_POINT('',(5.685645630056,0.122155111403,
    155.21320865721));
#3484 = CARTESIAN_POINT('',(5.553341804193,0.148154101313,
    155.20119979672));
#3485 = CARTESIAN_POINT('',(5.423195928669,0.176683519032,
    155.18369849434));
#3486 = CARTESIAN_POINT('',(5.295556120447,0.207542929368,
    155.16098089006));
#3487 = CARTESIAN_POINT('',(5.170748159863,0.240503495949,
    155.13335384135));
#3488 = CARTESIAN_POINT('',(5.049075365699,0.275308102089,
    155.10115475671));
#3489 = CARTESIAN_POINT('',(4.930818492881,0.311671477957,
    155.06475141671));
#3490 = CARTESIAN_POINT('',(4.675073575313,0.395613131352,
    154.97500491881));
#3491 = CARTESIAN_POINT('',(4.53930659629,0.44389950354,154.91964058605)
  );
#3492 = CARTESIAN_POINT('',(4.408595835621,0.493887921622,
    154.85881699428));
#3493 = CARTESIAN_POINT('',(4.28297114047,0.545201440949,154.7930064564)
  );
#3494 = CARTESIAN_POINT('',(4.162503052285,0.597463631196,
    154.72264170858));
#3495 = CARTESIAN_POINT('',(4.047130930933,0.650364670629,
    154.64803906903));
#3496 = CARTESIAN_POINT('',(3.936646553859,0.70366784591,154.5693881717)
  );
#3497 = CARTESIAN_POINT('',(3.830832496868,0.757156742214,154.4868079247
    ));
#3498 = CARTESIAN_POINT('',(3.500212771195,0.931715993625,154.2043960954
    ));
#3499 = CARTESIAN_POINT('',(3.294888453737,1.052366366162,
    153.98877418686));
#3500 = CARTESIAN_POINT('',(3.113326723646,1.169045971948,
    153.75606843904));
#3501 = CARTESIAN_POINT('',(2.95330211414,1.28034790986,153.50242360344)
  );
#3502 = CARTESIAN_POINT('',(2.820118013788,1.378982139616,
    153.23476493015));
#3503 = CARTESIAN_POINT('',(2.71028924658,1.465405372531,152.94331068833
    ));
#3504 = CARTESIAN_POINT('',(2.635740462499,1.525611050024,
    152.63425485728));
#3505 = CARTESIAN_POINT('',(2.598367984516,1.555765697097,
    152.31699346193));
#3506 = CARTESIAN_POINT('',(2.598367984515,1.555765697097,152.));
#3507 = CARTESIAN_POINT('',(5.959030045551,0.103623154305,
    155.14168742822));
#3508 = CARTESIAN_POINT('',(5.827326341935,0.123706497203,
    155.14107419051));
#3509 = CARTESIAN_POINT('',(5.696981430613,0.146540141707,
    155.13457724803));
#3510 = CARTESIAN_POINT('',(5.568389068233,0.171981444582,
    155.12241100962));
#3511 = CARTESIAN_POINT('',(5.441919047004,0.199860483312,
    155.10482074222));
#3512 = CARTESIAN_POINT('',(5.317917229939,0.229980035222,
    155.08208259874));
#3513 = CARTESIAN_POINT('',(5.196705581773,0.262115554172,
    155.05450365002));
#3514 = CARTESIAN_POINT('',(5.07858219524,0.296015145292,155.02242192034
    ));
#3515 = CARTESIAN_POINT('',(4.963821312526,0.331399538359,
    154.98620642567));
#3516 = CARTESIAN_POINT('',(4.715662517052,0.413032260708,
    154.89701228029));
#3517 = CARTESIAN_POINT('',(4.583978671956,0.4599504026,154.84204807848)
  );
#3518 = CARTESIAN_POINT('',(4.457273647796,0.508476458432,
    154.78172812096));
#3519 = CARTESIAN_POINT('',(4.335584360207,0.558238234262,
    154.71653326009));
#3520 = CARTESIAN_POINT('',(4.218991725435,0.608862162418,
    154.64690883308));
#3521 = CARTESIAN_POINT('',(4.107440849827,0.660042424768,
    154.57318271414));
#3522 = CARTESIAN_POINT('',(4.000722630451,0.711548353683,154.4955543333
    ));
#3523 = CARTESIAN_POINT('',(3.898616918826,0.763170048538,
    154.41415473999));
#3524 = CARTESIAN_POINT('',(3.579638917016,0.931572705069,
    154.13591714191));
#3525 = CARTESIAN_POINT('',(3.382065905221,1.047671273198,
    153.92396185695));
#3526 = CARTESIAN_POINT('',(3.207955422105,1.159581127749,
    153.69585230877));
#3527 = CARTESIAN_POINT('',(3.055352449541,1.265730685804,
    153.44859379245));
#3528 = CARTESIAN_POINT('',(2.928602106448,1.359607429687,
    153.18808278978));
#3529 = CARTESIAN_POINT('',(2.825008486503,1.44109686229,152.90672267756
    ));
#3530 = CARTESIAN_POINT('',(2.754632681947,1.497889467716,
    152.60925985844));
#3531 = CARTESIAN_POINT('',(2.719386023246,1.526314919407,
    152.30456880827));
#3532 = CARTESIAN_POINT('',(2.719386023246,1.526314919407,152.));
#3533 = CARTESIAN_POINT('',(5.966331962095,0.151998006982,
    155.07442414603));
#3534 = CARTESIAN_POINT('',(5.838408030575,0.171884742394,
    155.07364239933));
#3535 = CARTESIAN_POINT('',(5.711817678725,0.194486425446,
    155.06705780455));
#3536 = CARTESIAN_POINT('',(5.586952333017,0.21966038571,155.05488380231
    ));
#3537 = CARTESIAN_POINT('',(5.464178241414,0.247237394618,
    155.03736424338));
#3538 = CARTESIAN_POINT('',(5.343836570229,0.277021606348,
    155.01477346809));
#3539 = CARTESIAN_POINT('',(5.226243488468,0.308790491984,
    154.98741639728));
#3540 = CARTESIAN_POINT('',(5.111690238933,0.342294768309,
    154.95562863285));
#3541 = CARTESIAN_POINT('',(5.000443195532,0.377258322835,154.9197765661
    ));
#3542 = CARTESIAN_POINT('',(4.759958314671,0.457911308109,
    154.83153327281));
#3543 = CARTESIAN_POINT('',(4.632429323822,0.504251870541,
    154.77719733218));
#3544 = CARTESIAN_POINT('',(4.509796364572,0.552170346623,
    154.71760303489));
#3545 = CARTESIAN_POINT('',(4.392100718833,0.601296150784,
    154.65323258734));
#3546 = CARTESIAN_POINT('',(4.279431388015,0.651255297346,
    154.58453601677));
#3547 = CARTESIAN_POINT('',(4.171737768607,0.701743382277,
    154.51184485567));
#3548 = CARTESIAN_POINT('',(4.068809558949,0.752533683824,
    154.43536070573));
#3549 = CARTESIAN_POINT('',(3.97042433487,0.803420200095,154.35521890974
    ));
#3550 = CARTESIAN_POINT('',(3.66331935741,0.969401761417,154.08142406345
    ));
#3551 = CARTESIAN_POINT('',(3.473636084141,1.083737130065,
    153.87315266355));
#3552 = CARTESIAN_POINT('',(3.307013802494,1.19384380646,153.64933961683
    ));
#3553 = CARTESIAN_POINT('',(3.161750833917,1.298011979204,
    153.40760972134));
#3554 = CARTESIAN_POINT('',(3.041301001024,1.390187520372,
    153.15292926283));
#3555 = CARTESIAN_POINT('',(2.943726707997,1.46978757431,152.87941043443
    ));
#3556 = CARTESIAN_POINT('',(2.877404420686,1.52533359133,152.59058315372
    ));
#3557 = CARTESIAN_POINT('',(2.844241804173,1.55310371484,152.29524515831
    ));
#3558 = CARTESIAN_POINT('',(2.844241804173,1.55310371484,152.));
#3559 = CARTESIAN_POINT('',(5.976371257944,0.218507868426,
    155.02550130519));
#3560 = CARTESIAN_POINT('',(5.851802968396,0.238355132512,
    155.02475317312));
#3561 = CARTESIAN_POINT('',(5.728548246794,0.260935974253,
    155.01830390378));
#3562 = CARTESIAN_POINT('',(5.606989442177,0.286107722058,
    155.00636425678));
#3563 = CARTESIAN_POINT('',(5.487483762363,0.313701303779,
    154.98917442599));
#3564 = CARTESIAN_POINT('',(5.370363307211,0.34352122607,154.96700406662
    ));
#3565 = CARTESIAN_POINT('',(5.255935097571,0.375345551366,
    154.94015232623));
#3566 = CARTESIAN_POINT('',(5.144481099657,0.408925872974,
    154.90894787912));
#3567 = CARTESIAN_POINT('',(5.036258244663,0.443987288823,
    154.87374896336));
#3568 = CARTESIAN_POINT('',(4.802362242052,0.52490234386,154.78710827248
    ));
#3569 = CARTESIAN_POINT('',(4.678382332411,0.571409227161,
    154.73376630338));
#3570 = CARTESIAN_POINT('',(4.559182305,0.619529383963,154.67525400971)
  );
#3571 = CARTESIAN_POINT('',(4.444803779258,0.668892366973,
    154.61204427165));
#3572 = CARTESIAN_POINT('',(4.335340309424,0.719122371233,
    154.54457983415));
#3573 = CARTESIAN_POINT('',(4.230743588644,0.769915235744,
    154.47318421844));
#3574 = CARTESIAN_POINT('',(4.130802099029,0.821046942041,
    154.39805012445));
#3575 = CARTESIAN_POINT('',(4.035292360837,0.872313544392,
    154.31930540419));
#3576 = CARTESIAN_POINT('',(3.737368233427,1.039592550668,
    154.05032820813));
#3577 = CARTESIAN_POINT('',(3.553527266008,1.154991665329,
    153.84568504818));
#3578 = CARTESIAN_POINT('',(3.392135145203,1.266350273912,
    153.62561745634));
#3579 = CARTESIAN_POINT('',(3.251676104778,1.371888296314,
    153.38795880639));
#3580 = CARTESIAN_POINT('',(3.135081614218,1.465603790668,
    153.13698471463));
#3581 = CARTESIAN_POINT('',(3.040960312525,1.546664015167,
    152.86762358656));
#3582 = CARTESIAN_POINT('',(2.976893694363,1.603352066745,
    152.58258609196));
#3583 = CARTESIAN_POINT('',(2.944916905833,1.631660251788,
    152.29120892206));
#3584 = CARTESIAN_POINT('',(2.944916905833,1.631660251788,152.));
#3585 = CARTESIAN_POINT('',(5.988029696277,0.295744472452,155.));
#3586 = CARTESIAN_POINT('',(5.866026409398,0.315656447799,
    154.99951915331));
#3587 = CARTESIAN_POINT('',(5.74531571213,0.338355592848,154.99345960199
    ));
#3588 = CARTESIAN_POINT('',(5.626262024379,0.363699809228,
    154.98202703575));
#3589 = CARTESIAN_POINT('',(5.509206416461,0.39152025276,154.96545502282
    ));
#3590 = CARTESIAN_POINT('',(5.394466460164,0.421621430781,
    154.94400488631));
#3591 = CARTESIAN_POINT('',(5.282336099217,0.453781310428,
    154.91796556329));
#3592 = CARTESIAN_POINT('',(5.173085540359,0.487751435544,
    154.88765344942));
#3593 = CARTESIAN_POINT('',(5.066961165814,0.523257049485,154.8534122323
    ));
#3594 = CARTESIAN_POINT('',(4.83756937727,0.605259835812,154.76904502718
    ));
#3595 = CARTESIAN_POINT('',(4.715960471337,0.652426592263,
    154.71706283521));
#3596 = CARTESIAN_POINT('',(4.598963884568,0.701286351661,
    154.65997856272));
#3597 = CARTESIAN_POINT('',(4.486617647311,0.75146849456,154.59824346857
    ));
#3598 = CARTESIAN_POINT('',(4.379016591933,0.802595349165,
    154.53227937798));
#3599 = CARTESIAN_POINT('',(4.276113590819,0.854362537848,
    154.46238898777));
#3600 = CARTESIAN_POINT('',(4.177697444981,0.906547505559,154.3887444669
    ));
#3601 = CARTESIAN_POINT('',(4.083546717222,0.958946539724,
    154.31145398721));
#3602 = CARTESIAN_POINT('',(3.789855809887,1.12999734416,154.04733133872
    ));
#3603 = CARTESIAN_POINT('',(3.608177413448,1.248336194113,
    153.84593017296));
#3604 = CARTESIAN_POINT('',(3.448104701248,1.362978533678,
    153.62863913524));
#3605 = CARTESIAN_POINT('',(3.308229637879,1.472144546198,
    153.39304726802));
#3606 = CARTESIAN_POINT('',(3.191518850362,1.569546567573,
    153.14309270674));
#3607 = CARTESIAN_POINT('',(3.096831522095,1.654326797664,
    152.87350168442));
#3608 = CARTESIAN_POINT('',(3.032208997277,1.713731818039,
    152.58673629507));
#3609 = CARTESIAN_POINT('',(3.,1.743367757094,152.29320178443));
#3610 = CARTESIAN_POINT('',(3.,1.743367757094,152.));
#3611 = CARTESIAN_POINT('',(6.,0.375047169979,155.));
#3612 = CARTESIAN_POINT('',(5.879509713242,0.395053246828,155.));
#3613 = CARTESIAN_POINT('',(5.760286418036,0.417908674868,154.9945551406
    ));
#3614 = CARTESIAN_POINT('',(5.642666775164,0.443472991022,
    154.98386308136));
#3615 = CARTESIAN_POINT('',(5.52696808087,0.471578227976,154.96814730468
    ));
#3616 = CARTESIAN_POINT('',(5.413487802839,0.502029221187,
    154.94765674958));
#3617 = CARTESIAN_POINT('',(5.302503171525,0.534603952361,
    154.92266539282));
#3618 = CARTESIAN_POINT('',(5.194270830876,0.569053921794,
    154.89347178566));
#3619 = CARTESIAN_POINT('',(5.089026551497,0.605104540937,
    154.86039855629));
#3620 = CARTESIAN_POINT('',(4.861409100519,0.68842098166,154.77874243595
    ));
#3621 = CARTESIAN_POINT('',(4.740639976053,0.736374767463,
    154.72834214964));
#3622 = CARTESIAN_POINT('',(4.624263436299,0.786112342355,
    154.67287247534));
#3623 = CARTESIAN_POINT('',(4.512311392586,0.837263763177,154.6127511457
    ));
#3624 = CARTESIAN_POINT('',(4.404878129067,0.889450840174,
    154.54836610048));
#3625 = CARTESIAN_POINT('',(4.30191840901,0.942369317641,154.47998752705
    ));
#3626 = CARTESIAN_POINT('',(4.203225210014,0.995796964689,
    154.40775713247));
#3627 = CARTESIAN_POINT('',(4.108584775798,1.049528607613,
    154.33175348431));
#3628 = CARTESIAN_POINT('',(3.813207117973,1.224873936249,
    154.07181889816));
#3629 = CARTESIAN_POINT('',(3.629428761295,1.346495762968,
    153.87280137867));
#3630 = CARTESIAN_POINT('',(3.466276812998,1.464783416939,
    153.65689413715));
#3631 = CARTESIAN_POINT('',(3.32237270703,1.578034102459,153.42102587976
    ));
#3632 = CARTESIAN_POINT('',(3.201330541862,1.679470803658,
    153.16927018714));
#3633 = CARTESIAN_POINT('',(3.10190451001,1.768455940209,152.8951582125)
  );
#3634 = CARTESIAN_POINT('',(3.033866568825,1.830832137923,
    152.60157775896));
#3635 = CARTESIAN_POINT('',(3.,1.861906968534,152.30044808406));
#3636 = CARTESIAN_POINT('',(3.,1.861906968534,152.));
#3637 = DEFINITIONAL_REPRESENTATION('',(#3638),#3642);
#3638 = LINE('',#3639,#3640);
#3639 = CARTESIAN_POINT('',(4.83258533011,0.));
#3640 = VECTOR('',#3641,1.);
#3641 = DIRECTION('',(0.,1.));
#3642 = ( GEOMETRIC_REPRESENTATION_CONTEXT(2)
PARAMETRIC_REPRESENTATION_CONTEXT() REPRESENTATION_CONTEXT('2D SPACE',''
  ) );
#3643 = ORIENTED_EDGE('',*,*,#3644,.T.);
#3644 = EDGE_CURVE('',#3381,#930,#3645,.T.);
#3645 = SURFACE_CURVE('',#3646,(#3650,#3657),.PCURVE_S1.);
#3646 = LINE('',#3647,#3648);
#3647 = CARTESIAN_POINT('',(6.,-1.,155.));
#3648 = VECTOR('',#3649,1.);
#3649 = DIRECTION('',(-0.,1.,0.));
#3650 = PCURVE('',#946,#3651);
#3651 = DEFINITIONAL_REPRESENTATION('',(#3652),#3656);
#3652 = LINE('',#3653,#3654);
#3653 = CARTESIAN_POINT('',(1.570796326795,0.));
#3654 = VECTOR('',#3655,1.);
#3655 = DIRECTION('',(0.,1.));
#3656 = ( GEOMETRIC_REPRESENTATION_CONTEXT(2)
PARAMETRIC_REPRESENTATION_CONTEXT() REPRESENTATION_CONTEXT('2D SPACE',''
  ) );
#3657 = PCURVE('',#974,#3658);
#3658 = DEFINITIONAL_REPRESENTATION('',(#3659),#3663);
#3659 = LINE('',#3660,#3661);
#3660 = CARTESIAN_POINT('',(3.,0.));
#3661 = VECTOR('',#3662,1.);
#3662 = DIRECTION('',(0.,1.));
#3663 = ( GEOMETRIC_REPRESENTATION_CONTEXT(2)
PARAMETRIC_REPRESENTATION_CONTEXT() REPRESENTATION_CONTEXT('2D SPACE',''
  ) );
#3664 = ORIENTED_EDGE('',*,*,#929,.F.);
#3665 = ADVANCED_FACE('',(#3666),#1007,.F.);
#3666 = FACE_BOUND('',#3667,.T.);
#3667 = EDGE_LOOP('',(#3668,#3669,#3905,#3926));
#3668 = ORIENTED_EDGE('',*,*,#3325,.F.);
#3669 = ORIENTED_EDGE('',*,*,#3670,.T.);
#3670 = EDGE_CURVE('',#3326,#3671,#3673,.T.);
#3671 = VERTEX_POINT('',#3672);
#3672 = CARTESIAN_POINT('',(90.,0.375047169979,155.));
#3673 = SURFACE_CURVE('',#3674,(#3698,#3736),.PCURVE_S1.);
#3674 = ( BOUNDED_CURVE() B_SPLINE_CURVE(8,(#3675,#3676,#3677,#3678,
    #3679,#3680,#3681,#3682,#3683,#3684,#3685,#3686,#3687,#3688,#3689,
    #3690,#3691,#3692,#3693,#3694,#3695,#3696,#3697),.UNSPECIFIED.,.F.,
.F.) B_SPLINE_CURVE_WITH_KNOTS((9,7,7,9),(233.88128152494,
    236.55848024727,237.75405107597,238.71386685401),.UNSPECIFIED.)
CURVE() GEOMETRIC_REPRESENTATION_ITEM() RATIONAL_B_SPLINE_CURVE((
    1.066705203297,1.066705203297,1.065460421876,1.062939111701,
    1.059644782994,1.056246195727,1.052710635672,1.049289782754,
    1.044590333528,1.043174869974,1.041805200352,1.040487838626,
    1.039230436247,1.038043440795,1.036938309114,1.035106592889,
    1.034347514235,1.033653730721,1.033032862959,1.032491460424,
1.032035001447,1.031667893218,1.031393471788)) REPRESENTATION_ITEM('')
  );
#3675 = CARTESIAN_POINT('',(93.,1.861906968534,152.));
#3676 = CARTESIAN_POINT('',(93.,1.861906968534,152.33642164966));
#3677 = CARTESIAN_POINT('',(92.956917164691,1.822419994657,
    152.67381570398));
#3678 = CARTESIAN_POINT('',(92.869735289896,1.742239601203,
    153.00005186246));
#3679 = CARTESIAN_POINT('',(92.745746363944,1.633180485186,
    153.2953462659));
#3680 = CARTESIAN_POINT('',(92.59713933858,1.512522592213,
    153.56673034162));
#3681 = CARTESIAN_POINT('',(92.420312943469,1.380259469325,
    153.81589081529));
#3682 = CARTESIAN_POINT('',(92.218971038826,1.244507896358,
    154.04191287838));
#3683 = CARTESIAN_POINT('',(91.888031998784,1.04729597576,154.3354009935
    ));
#3684 = CARTESIAN_POINT('',(91.780095410981,0.986174465251,
    154.42153991024));
#3685 = CARTESIAN_POINT('',(91.666846128879,0.925494543844,
    154.50270860035));
#3686 = CARTESIAN_POINT('',(91.547895719187,0.865553756346,
    154.57879425585));
#3687 = CARTESIAN_POINT('',(91.42299655204,0.806733529177,
    154.64951364618));
#3688 = CARTESIAN_POINT('',(91.29223913796,0.749583570043,
    154.71433104332));
#3689 = CARTESIAN_POINT('',(91.155768823467,0.694708741798,
    154.77257997774));
#3690 = CARTESIAN_POINT('',(90.89820809369,0.600431946782,
    154.86497803676));
#3691 = CARTESIAN_POINT('',(90.779287013679,0.560082122165,
    154.90161889442));
#3692 = CARTESIAN_POINT('',(90.656574001521,0.521856233176,
    154.93319577095));
#3693 = CARTESIAN_POINT('',(90.530428755065,0.486157996467,
    154.95923253975));
#3694 = CARTESIAN_POINT('',(90.401247966825,0.453343893581,
    154.97929663928));
#3695 = CARTESIAN_POINT('',(90.269464693886,0.42372241207,
    154.99300002025));
#3696 = CARTESIAN_POINT('',(90.135547588615,0.397553344937,155.));
#3697 = CARTESIAN_POINT('',(90.,0.375047169979,155.));
#3698 = PCURVE('',#1007,#3699);
#3699 = DEFINITIONAL_REPRESENTATION('',(#3700),#3735);
#3700 = B_SPLINE_CURVE_WITH_KNOTS('',9,(#3701,#3702,#3703,#3704,#3705,
    #3706,#3707,#3708,#3709,#3710,#3711,#3712,#3713,#3714,#3715,#3716,
    #3717,#3718,#3719,#3720,#3721,#3722,#3723,#3724,#3725,#3726,#3727,
    #3728,#3729,#3730,#3731,#3732,#3733,#3734),.UNSPECIFIED.,.F.,.F.,(10
    ,8,8,8,10),(233.88128152494,236.29757418947,237.50572052174,
    238.10979368788,238.71386685401),.UNSPECIFIED.);
#3701 = CARTESIAN_POINT('',(1.348774265233E-16,2.861906968534));
#3702 = CARTESIAN_POINT('',(-8.996613955151E-02,2.861906968534));
#3703 = CARTESIAN_POINT('',(-0.179974857557,2.836915534502));
#3704 = CARTESIAN_POINT('',(-0.26913524281,2.786497484657));
#3705 = CARTESIAN_POINT('',(-0.355866138097,2.714806782942));
#3706 = CARTESIAN_POINT('',(-0.440047187679,2.628602842505));
#3707 = CARTESIAN_POINT('',(-0.522429057711,2.532852757969));
#3708 = CARTESIAN_POINT('',(-0.603770183852,2.43010074155));
#3709 = CARTESIAN_POINT('',(-0.684721837982,2.323211608123));
#3710 = CARTESIAN_POINT('',(-0.806695696441,2.160175282786));
#3711 = CARTESIAN_POINT('',(-0.847449155703,2.105377246414));
#3712 = CARTESIAN_POINT('',(-0.888344325486,2.050467470785));
#3713 = CARTESIAN_POINT('',(-0.929775705871,1.995327539759));
#3714 = CARTESIAN_POINT('',(-0.971174246179,1.941101786381));
#3715 = CARTESIAN_POINT('',(-1.013425414469,1.887023623372));
#3716 = CARTESIAN_POINT('',(-1.056101783323,1.834100069763));
#3717 = CARTESIAN_POINT('',(-1.099473959704,1.782389960159));
#3718 = CARTESIAN_POINT('',(-1.165622559817,1.707299096574));
#3719 = CARTESIAN_POINT('',(-1.187847232897,1.682688993023));
#3720 = CARTESIAN_POINT('',(-1.21032564932,1.658459398755));
#3721 = CARTESIAN_POINT('',(-1.232837495243,1.634943857029));
#3722 = CARTESIAN_POINT('',(-1.255864981528,1.61160535045));
#3723 = CARTESIAN_POINT('',(-1.278953173082,1.5890833832));
#3724 = CARTESIAN_POINT('',(-1.302330891146,1.56714383572));
#3725 = CARTESIAN_POINT('',(-1.325911391189,1.545953469798));
#3726 = CARTESIAN_POINT('',(-1.373493786542,1.505153087037));
#3727 = CARTESIAN_POINT('',(-1.39749425225,1.485544847601));
#3728 = CARTESIAN_POINT('',(-1.421696781858,1.466789356439));
#3729 = CARTESIAN_POINT('',(-1.446094524062,1.448943270613));
#3730 = CARTESIAN_POINT('',(-1.470680980396,1.432059107921));
#3731 = CARTESIAN_POINT('',(-1.495450005222,1.416185246886));
#3732 = CARTESIAN_POINT('',(-1.52039580574,1.401365926769));
#3733 = CARTESIAN_POINT('',(-1.545512941976,1.387641247559));
#3734 = CARTESIAN_POINT('',(-1.570796326795,1.375047169979));
#3735 = ( GEOMETRIC_REPRESENTATION_CONTEXT(2)
PARAMETRIC_REPRESENTATION_CONTEXT() REPRESENTATION_CONTEXT('2D SPACE',''
  ) );
#3736 = PCURVE('',#3737,#3899);
#3737 = ( BOUNDED_SURFACE() B_SPLINE_SURFACE(6,8,(
    (#3738,#3739,#3740,#3741,#3742,#3743,#3744,#3745,#3746,#3747,#3748
      ,#3749,#3750,#3751,#3752,#3753,#3754,#3755,#3756,#3757,#3758,#3759
      ,#3760)
    ,(#3761,#3762,#3763,#3764,#3765,#3766,#3767,#3768,#3769,#3770,#3771
      ,#3772,#3773,#3774,#3775,#3776,#3777,#3778,#3779,#3780,#3781,#3782
      ,#3783)
    ,(#3784,#3785,#3786,#3787,#3788,#3789,#3790,#3791,#3792,#3793,#3794
      ,#3795,#3796,#3797,#3798,#3799,#3800,#3801,#3802,#3803,#3804,#3805
      ,#3806)
    ,(#3807,#3808,#3809,#3810,#3811,#3812,#3813,#3814,#3815,#3816,#3817
      ,#3818,#3819,#3820,#3821,#3822,#3823,#3824,#3825,#3826,#3827,#3828
      ,#3829)
    ,(#3830,#3831,#3832,#3833,#3834,#3835,#3836,#3837,#3838,#3839,#3840
      ,#3841,#3842,#3843,#3844,#3845,#3846,#3847,#3848,#3849,#3850,#3851
      ,#3852)
    ,(#3853,#3854,#3855,#3856,#3857,#3858,#3859,#3860,#3861,#3862,#3863
      ,#3864,#3865,#3866,#3867,#3868,#3869,#3870,#3871,#3872,#3873,#3874
      ,#3875)
    ,(#3876,#3877,#3878,#3879,#3880,#3881,#3882,#3883,#3884,#3885,#3886
      ,#3887,#3888,#3889,#3890,#3891,#3892,#3893,#3894,#3895,#3896,#3897
,#3898
    )),.UNSPECIFIED.,.F.,.F.,.F.) B_SPLINE_SURFACE_WITH_KNOTS((7,7),(9,7
    ,7,9),(0.,4.832585329073),(233.88128152494,236.55848024727,
    237.75405107597,238.71386685401),.UNSPECIFIED.)
GEOMETRIC_REPRESENTATION_ITEM() RATIONAL_B_SPLINE_SURFACE((
    (1.066705203297,1.066705203297,1.065460421876,1.062939111701
      ,1.059644782994,1.056246195727,1.052710635672,1.049289782754
      ,1.044590333528,1.043174869974,1.041805200352,1.040487838626
      ,1.039230436247,1.038043440795,1.036938309114,1.035106592889
      ,1.034347514235,1.033653730721,1.033032862959,1.032491460424
      ,1.032035001447,1.031667893218,1.031393471788)
    ,(1.020249745885,1.020249745885,1.019908840413,1.019219426139
      ,1.018307466413,1.017349037703,1.016340360968,1.015351284581
      ,1.013977940006,1.01356213645,1.013157760121,1.012766951111
      ,1.012392245418,1.012037061406,1.011705154221,1.011153285238
      ,1.010923888284,1.010713667584,1.010525107563,1.010360356786
      ,1.010221227959,1.010109197923,1.010025407661)
    ,(0.995713300237,0.995713300237,0.995787614713,0.995937866366
      ,0.996136757184,0.996345605628,0.996564944282,0.996779471017
      ,0.997076514869,0.997166330535,0.997253553702,0.997337724141
      ,0.997418303479,0.997494571003,0.997565740304,0.997683926135
      ,0.997732992997,0.997777908918,0.997818157084,0.997853292304
      ,0.997882941009,0.997906801256,0.997924642725)
    ,(0.987609681784,0.987609681784,0.987827231495,0.988267633597
      ,0.988845906077,0.989447549363,0.990077303429,0.990691044451
      ,0.99153943034,0.99179573533,0.992044493339,0.99228445926
      ,0.992514153906,0.992731562573,0.9929344661,0.993271480366
      ,0.993411426111,0.993539563001,0.99365441354,0.99375470143
      ,0.993839351567,0.993907490041,0.993958444137)
    ,(0.995713300237,0.995713300237,0.995787614713,0.995937866366
      ,0.996136757184,0.996345605628,0.996564944282,0.996779471017
      ,0.997076514869,0.997166330535,0.997253553702,0.997337724141
      ,0.997418303479,0.997494571003,0.997565740304,0.997683926135
      ,0.997732992997,0.997777908918,0.997818157084,0.997853292304
      ,0.997882941009,0.997906801256,0.997924642725)
    ,(1.020249745885,1.020249745885,1.019908840413,1.019219426139
      ,1.018307466413,1.017349037703,1.016340360968,1.015351284581
      ,1.013977940006,1.01356213645,1.013157760121,1.012766951111
      ,1.012392245418,1.012037061406,1.011705154221,1.011153285238
      ,1.010923888284,1.010713667584,1.010525107563,1.010360356786
      ,1.010221227959,1.010109197923,1.010025407661)
    ,(1.066705203297,1.066705203297,1.065460421876,1.062939111701
      ,1.059644782994,1.056246195727,1.052710635672,1.049289782754
      ,1.044590333528,1.043174869974,1.041805200352,1.040487838626
      ,1.039230436247,1.038043440795,1.036938309114,1.035106592889
      ,1.034347514235,1.033653730721,1.033032862959,1.032491460424
      ,1.032035001447,1.031667893218,1.031393471788
))) REPRESENTATION_ITEM('') SURFACE() );
#3738 = CARTESIAN_POINT('',(93.492537313433,1.631843101453,152.));
#3739 = CARTESIAN_POINT('',(93.492537313433,1.631843101453,152.369091749
    ));
#3740 = CARTESIAN_POINT('',(93.443348668312,1.590718610438,
    152.73898446021));
#3741 = CARTESIAN_POINT('',(93.343930210717,1.507274705278,
    153.09662289052));
#3742 = CARTESIAN_POINT('',(93.202431454329,1.39384141464,
    153.42088859979));
#3743 = CARTESIAN_POINT('',(93.032411794852,1.26819451148,
    153.71902825392));
#3744 = CARTESIAN_POINT('',(92.829918091249,1.130337049111,
    153.99319738618));
#3745 = CARTESIAN_POINT('',(92.599004527781,0.988658343529,
    154.24212185007));
#3746 = CARTESIAN_POINT('',(92.218971730787,0.782593564853,
    154.56569072298));
#3747 = CARTESIAN_POINT('',(92.094989770968,0.718704068258,
    154.66069604319));
#3748 = CARTESIAN_POINT('',(91.964775668125,0.655219641345,
    154.75029268782));
#3749 = CARTESIAN_POINT('',(91.827968002115,0.592482598137,
    154.83431294307));
#3750 = CARTESIAN_POINT('',(91.684312126222,0.530907093854,
    154.91242012637));
#3751 = CARTESIAN_POINT('',(91.533827310573,0.471046684705,
    154.98404385238));
#3752 = CARTESIAN_POINT('',(91.376601688225,0.413514735197,
    155.04846957659));
#3753 = CARTESIAN_POINT('',(91.079998559105,0.314715792785,
    155.15061728523));
#3754 = CARTESIAN_POINT('',(90.94298052246,0.272408839719,
    155.19114796465));
#3755 = CARTESIAN_POINT('',(90.801550893598,0.232318699878,
    155.22608844878));
#3756 = CARTESIAN_POINT('',(90.656144835942,0.194878067114,
    155.25490146878));
#3757 = CARTESIAN_POINT('',(90.507235609669,0.160467050636,
    155.27710246623));
#3758 = CARTESIAN_POINT('',(90.355333820921,0.129412365359,
    155.29226065906));
#3759 = CARTESIAN_POINT('',(90.200986514031,0.101986586397,155.3));
#3760 = CARTESIAN_POINT('',(90.044776119403,7.840749102309E-02,155.3));
#3761 = CARTESIAN_POINT('',(93.401632015484,1.555765697097,152.));
#3762 = CARTESIAN_POINT('',(93.401632015484,1.555765697097,
    152.35494805929));
#3763 = CARTESIAN_POINT('',(93.3541541417,1.517482157807,152.71018713339
    ));
#3764 = CARTESIAN_POINT('',(93.258432029592,1.440021073755,
    153.05407394867));
#3765 = CARTESIAN_POINT('',(93.122019422096,1.334303398827,
    153.36820499904));
#3766 = CARTESIAN_POINT('',(92.95735533296,1.216140076611,
    153.65868004728));
#3767 = CARTESIAN_POINT('',(92.760726027412,1.085876215098,
    153.92710457569));
#3768 = CARTESIAN_POINT('',(92.535852407728,0.951276650137,
    154.17187880592));
#3769 = CARTESIAN_POINT('',(92.165421120219,0.754960477396,
    154.49072742127));
#3770 = CARTESIAN_POINT('',(92.044741700757,0.69410928455,
    154.58433418537));
#3771 = CARTESIAN_POINT('',(91.917922686534,0.633537953218,
    154.67276918885));
#3772 = CARTESIAN_POINT('',(91.784592731254,0.573572331669,
    154.75584425236));
#3773 = CARTESIAN_POINT('',(91.644499229356,0.514613953688,154.833200677
    ));
#3774 = CARTESIAN_POINT('',(91.497681595342,0.457207442493,
    154.90424014919));
#3775 = CARTESIAN_POINT('',(91.344249551653,0.401955449445,
    154.9682240067));
#3776 = CARTESIAN_POINT('',(91.05485506727,0.30696919337,155.06977888124
    ));
#3777 = CARTESIAN_POINT('',(90.921223271252,0.266259958965,
    155.11012138981));
#3778 = CARTESIAN_POINT('',(90.783256269413,0.227622508517,
    155.14497254935));
#3779 = CARTESIAN_POINT('',(90.641381888066,0.191476193843,
    155.17379000584));
#3780 = CARTESIAN_POINT('',(90.496068356428,0.158189600927,
    155.19608615749));
#3781 = CARTESIAN_POINT('',(90.347824081579,0.128080303757,
    155.2114284956));
#3782 = CARTESIAN_POINT('',(90.197197372894,0.101414636493,
    155.2194399121));
#3783 = CARTESIAN_POINT('',(90.044776119403,7.84074910231E-02,
    155.21979896505));
#3784 = CARTESIAN_POINT('',(93.280613976754,1.526314919407,152.));
#3785 = CARTESIAN_POINT('',(93.280613976754,1.526314919407,
    152.34103576115));
#3786 = CARTESIAN_POINT('',(93.235816165282,1.49021170133,
    152.68218514111));
#3787 = CARTESIAN_POINT('',(93.145605875404,1.417259812948,
    153.01313637936));
#3788 = CARTESIAN_POINT('',(93.016560687255,1.31727695507,
    153.31756288349));
#3789 = CARTESIAN_POINT('',(92.859682055261,1.204645123162,
    153.60057884916));
#3790 = CARTESIAN_POINT('',(92.67145667075,1.079927149538,
    153.86331698854));
#3791 = CARTESIAN_POINT('',(92.455170409156,0.95044956329,
    154.10387062981));
#3792 = CARTESIAN_POINT('',(92.097792182992,0.761064595436,
    154.41799358937));
#3793 = CARTESIAN_POINT('',(91.981338188256,0.702334008138,
    154.51027065462));
#3794 = CARTESIAN_POINT('',(91.858821428168,0.643790368806,
    154.59758179591));
#3795 = CARTESIAN_POINT('',(91.72985996268,0.585747171264,
    154.67972392603));
#3796 = CARTESIAN_POINT('',(91.594201919539,0.528597580226,
    154.75632236013));
#3797 = CARTESIAN_POINT('',(91.451905328462,0.472883561782,
    154.82675649884));
#3798 = CARTESIAN_POINT('',(91.303099259207,0.41920401519,
    154.89026885136));
#3799 = CARTESIAN_POINT('',(91.02228581551,0.32682942738,154.99119985512
    ));
#3800 = CARTESIAN_POINT('',(90.892599571778,0.287211432314,
    155.03134213703));
#3801 = CARTESIAN_POINT('',(90.758643558705,0.249568101717,
    155.06608395364));
#3802 = CARTESIAN_POINT('',(90.620836291799,0.214310138077,
    155.09488105458));
#3803 = CARTESIAN_POINT('',(90.479639254917,0.181798989558,
    155.11724494975));
#3804 = CARTESIAN_POINT('',(90.335556947451,0.152346901515,
    155.13274283653));
#3805 = CARTESIAN_POINT('',(90.189136942375,0.126216964064,
    155.14099753431));
#3806 = CARTESIAN_POINT('',(90.040969954449,0.103623154305,
    155.14168742822));
#3807 = CARTESIAN_POINT('',(93.155758195827,1.55310371484,152.));
#3808 = CARTESIAN_POINT('',(93.155758195827,1.55310371484,
    152.33059576012));
#3809 = CARTESIAN_POINT('',(93.113586622322,1.517819633454,
    152.6612918809));
#3810 = CARTESIAN_POINT('',(93.028701626115,1.446548995877,
    152.98258592102));
#3811 = CARTESIAN_POINT('',(92.906764353928,1.348685939965,
    153.27931634363));
#3812 = CARTESIAN_POINT('',(92.757558750751,1.238125131924,
    153.55601551745));
#3813 = CARTESIAN_POINT('',(92.57772911887,1.115509014735,
    153.81355678583));
#3814 = CARTESIAN_POINT('',(92.370184136119,0.988009943195,
    154.04989110107));
#3815 = CARTESIAN_POINT('',(92.026131986063,0.801349047754,
    154.35898699927));
#3816 = CARTESIAN_POINT('',(91.913915009988,0.743453863333,
    154.44984325629));
#3817 = CARTESIAN_POINT('',(91.795728707261,0.685720300799,
    154.53588092109));
#3818 = CARTESIAN_POINT('',(91.671181583229,0.6284532261,154.61689397989
    ));
#3819 = CARTESIAN_POINT('',(91.540021582479,0.572040692296,
    154.69250392935));
#3820 = CARTESIAN_POINT('',(91.402322120748,0.517026374458,
    154.76208076437));
#3821 = CARTESIAN_POINT('',(91.258227091807,0.464010267699,
    154.82486033509));
#3822 = CARTESIAN_POINT('',(90.986096315721,0.37274398994,
    154.92471574699));
#3823 = CARTESIAN_POINT('',(90.860374461241,0.333596149424,
    154.96445970851));
#3824 = CARTESIAN_POINT('',(90.730452828907,0.29638918309,154.9988933312
    ));
#3825 = CARTESIAN_POINT('',(90.596738460673,0.261529257997,
    155.02747616689));
#3826 = CARTESIAN_POINT('',(90.459683275428,0.229374304889,
    155.04972312892));
#3827 = CARTESIAN_POINT('',(90.319784195748,0.200234163272,
    155.06520428589));
#3828 = CARTESIAN_POINT('',(90.177583305701,0.174370715651,
    155.07354467584));
#3829 = CARTESIAN_POINT('',(90.033668037905,0.151998006982,
    155.07442414603));
#3830 = CARTESIAN_POINT('',(93.055083094167,1.631660251788,152.));
#3831 = CARTESIAN_POINT('',(93.055083094167,1.631660251788,
    152.32607625223));
#3832 = CARTESIAN_POINT('',(93.014402788654,1.59568578992,
    152.65238247754));
#3833 = CARTESIAN_POINT('',(92.932469398338,1.522965927575,
    152.9693543525));
#3834 = CARTESIAN_POINT('',(92.814641973375,1.423301890794,
    153.26162473924));
#3835 = CARTESIAN_POINT('',(92.670337407403,1.311155164152,
    153.53391858075));
#3836 = CARTESIAN_POINT('',(92.496234227794,1.18706304677,153.7871316571
    ));
#3837 = CARTESIAN_POINT('',(92.295116370481,1.058347972387,
    154.01935696651));
#3838 = CARTESIAN_POINT('',(91.961364401817,0.870219903125,
    154.3230134856));
#3839 = CARTESIAN_POINT('',(91.852423912284,0.811894844694,
    154.41228456013));
#3840 = CARTESIAN_POINT('',(91.737663292965,0.753783640165,
    154.49679793749));
#3841 = CARTESIAN_POINT('',(91.61668435206,0.696185419389,
    154.57636208693));
#3842 = CARTESIAN_POINT('',(91.489234052394,0.639484808346,
    154.65061225843));
#3843 = CARTESIAN_POINT('',(91.355395852719,0.584228651559,
    154.71892837839));
#3844 = CARTESIAN_POINT('',(91.21532119511,0.531019834409,154.7805579013
    ));
#3845 = CARTESIAN_POINT('',(90.950647357905,0.439457352418,
    154.87859944389));
#3846 = CARTESIAN_POINT('',(90.82834045793,0.400202953643,
    154.91761850116));
#3847 = CARTESIAN_POINT('',(90.701928729468,0.362917328155,
    154.95141880158));
#3848 = CARTESIAN_POINT('',(90.571805077842,0.328004890529,
    154.97947183375));
#3849 = CARTESIAN_POINT('',(90.438407505788,0.295822384489,
    155.00130227721));
#3850 = CARTESIAN_POINT('',(90.302219156889,0.266678933681,
    155.01648793191));
#3851 = CARTESIAN_POINT('',(90.163768369712,0.240836088622,
    155.0246596548));
#3852 = CARTESIAN_POINT('',(90.023628742056,0.218507868426,
    155.02550130519));
#3853 = CARTESIAN_POINT('',(93.,1.743367757094,152.));
#3854 = CARTESIAN_POINT('',(93.,1.743367757094,152.3283077267));
#3855 = CARTESIAN_POINT('',(92.959019371386,1.705705957887,
    152.65709145119));
#3856 = CARTESIAN_POINT('',(92.876348591928,1.629453935076,
    152.97583403892));
#3857 = CARTESIAN_POINT('',(92.757908908254,1.525358877084,
    153.26761725302));
#3858 = CARTESIAN_POINT('',(92.613924826585,1.4091767503,153.53804337031
    ));
#3859 = CARTESIAN_POINT('',(92.440994906115,1.281220457005,
    153.7883114529));
#3860 = CARTESIAN_POINT('',(92.242154764558,1.149172082964,
    154.0169267017));
#3861 = CARTESIAN_POINT('',(91.913135089139,0.956790747352,
    154.31511795272));
#3862 = CARTESIAN_POINT('',(91.805747973679,0.897181856363,
    154.40273144462));
#3863 = CARTESIAN_POINT('',(91.692763202985,0.837893104099,
    154.48554117997));
#3864 = CARTESIAN_POINT('',(91.573782199521,0.779221160761,
    154.56338780264));
#3865 = CARTESIAN_POINT('',(91.448552301741,0.721548622229,
    154.63593902532));
#3866 = CARTESIAN_POINT('',(91.317161976357,0.665425026124,
    154.70260655398));
#3867 = CARTESIAN_POINT('',(91.179762577095,0.611455650148,
    154.76267056645));
#3868 = CARTESIAN_POINT('',(90.920188636935,0.518663371357,
    154.85813836286));
#3869 = CARTESIAN_POINT('',(90.800258429536,0.47891737994,
    154.89608831056));
#3870 = CARTESIAN_POINT('',(90.676357757501,0.441210578511,
    154.92890653338));
#3871 = CARTESIAN_POINT('',(90.548863277385,0.405947107039,
    154.95608587933));
#3872 = CARTESIAN_POINT('',(90.41819434031,0.37348367746,154.97716839913
    ));
#3873 = CARTESIAN_POINT('',(90.284812797714,0.34412933586,
    154.99174566388));
#3874 = CARTESIAN_POINT('',(90.149222758982,0.318145241934,
    154.99945905237));
#3875 = CARTESIAN_POINT('',(90.011970303723,0.295744472452,155.));
#3876 = CARTESIAN_POINT('',(93.,1.861906968534,152.));
#3877 = CARTESIAN_POINT('',(93.,1.861906968534,152.33642164966));
#3878 = CARTESIAN_POINT('',(92.956917164691,1.822419994657,
    152.67381570398));
#3879 = CARTESIAN_POINT('',(92.869735289896,1.742239601203,
    153.00005186246));
#3880 = CARTESIAN_POINT('',(92.745746363944,1.633180485186,
    153.2953462659));
#3881 = CARTESIAN_POINT('',(92.59713933858,1.512522592213,
    153.56673034162));
#3882 = CARTESIAN_POINT('',(92.420312943469,1.380259469325,
    153.81589081529));
#3883 = CARTESIAN_POINT('',(92.218971038826,1.244507896358,
    154.04191287838));
#3884 = CARTESIAN_POINT('',(91.888031998784,1.04729597576,154.3354009935
    ));
#3885 = CARTESIAN_POINT('',(91.780095410981,0.986174465251,
    154.42153991024));
#3886 = CARTESIAN_POINT('',(91.666846128879,0.925494543844,
    154.50270860035));
#3887 = CARTESIAN_POINT('',(91.547895719187,0.865553756346,
    154.57879425585));
#3888 = CARTESIAN_POINT('',(91.42299655204,0.806733529177,
    154.64951364618));
#3889 = CARTESIAN_POINT('',(91.29223913796,0.749583570043,
    154.71433104332));
#3890 = CARTESIAN_POINT('',(91.155768823467,0.694708741798,
    154.77257997774));
#3891 = CARTESIAN_POINT('',(90.89820809369,0.600431946782,
    154.86497803676));
#3892 = CARTESIAN_POINT('',(90.779287013679,0.560082122165,
    154.90161889442));
#3893 = CARTESIAN_POINT('',(90.656574001521,0.521856233176,
    154.93319577095));
#3894 = CARTESIAN_POINT('',(90.530428755065,0.486157996467,
    154.95923253975));
#3895 = CARTESIAN_POINT('',(90.401247966825,0.453343893581,
    154.97929663928));
#3896 = CARTESIAN_POINT('',(90.269464693886,0.42372241207,
    154.99300002025));
#3897 = CARTESIAN_POINT('',(90.135547588615,0.397553344937,155.));
#3898 = CARTESIAN_POINT('',(90.,0.375047169979,155.));
#3899 = DEFINITIONAL_REPRESENTATION('',(#3900),#3904);
#3900 = LINE('',#3901,#3902);
#3901 = CARTESIAN_POINT('',(4.832585329073,0.));
#3902 = VECTOR('',#3903,1.);
#3903 = DIRECTION('',(0.,1.));
#3904 = ( GEOMETRIC_REPRESENTATION_CONTEXT(2)
PARAMETRIC_REPRESENTATION_CONTEXT() REPRESENTATION_CONTEXT('2D SPACE',''
  ) );
#3905 = ORIENTED_EDGE('',*,*,#3906,.T.);
#3906 = EDGE_CURVE('',#3671,#959,#3907,.T.);
#3907 = SURFACE_CURVE('',#3908,(#3912,#3919),.PCURVE_S1.);
#3908 = LINE('',#3909,#3910);
#3909 = CARTESIAN_POINT('',(90.,-1.,155.));
#3910 = VECTOR('',#3911,1.);
#3911 = DIRECTION('',(-0.,1.,0.));
#3912 = PCURVE('',#1007,#3913);
#3913 = DEFINITIONAL_REPRESENTATION('',(#3914),#3918);
#3914 = LINE('',#3915,#3916);
#3915 = CARTESIAN_POINT('',(-1.570796326795,0.));
#3916 = VECTOR('',#3917,1.);
#3917 = DIRECTION('',(-0.,1.));
#3918 = ( GEOMETRIC_REPRESENTATION_CONTEXT(2)
PARAMETRIC_REPRESENTATION_CONTEXT() REPRESENTATION_CONTEXT('2D SPACE',''
  ) );
#3919 = PCURVE('',#974,#3920);
#3920 = DEFINITIONAL_REPRESENTATION('',(#3921),#3925);
#3921 = LINE('',#3922,#3923);
#3922 = CARTESIAN_POINT('',(87.,0.));
#3923 = VECTOR('',#3924,1.);
#3924 = DIRECTION('',(0.,1.));
#3925 = ( GEOMETRIC_REPRESENTATION_CONTEXT(2)
PARAMETRIC_REPRESENTATION_CONTEXT() REPRESENTATION_CONTEXT('2D SPACE',''
  ) );
#3926 = ORIENTED_EDGE('',*,*,#986,.F.);
#3927 = ADVANCED_FACE('',(#3928),#974,.F.);
#3928 = FACE_BOUND('',#3929,.F.);
#3929 = EDGE_LOOP('',(#3930,#3931,#3932,#3933,#3966,#3994));
#3930 = ORIENTED_EDGE('',*,*,#3906,.T.);
#3931 = ORIENTED_EDGE('',*,*,#958,.F.);
#3932 = ORIENTED_EDGE('',*,*,#3644,.F.);
#3933 = ORIENTED_EDGE('',*,*,#3934,.F.);
#3934 = EDGE_CURVE('',#3935,#3381,#3937,.T.);
#3935 = VERTEX_POINT('',#3936);
#3936 = CARTESIAN_POINT('',(7.,0.3,155.));
#3937 = SURFACE_CURVE('',#3938,(#3943,#3954),.PCURVE_S1.);
#3938 = CIRCLE('',#3939,6.7);
#3939 = AXIS2_PLACEMENT_3D('',#3940,#3941,#3942);
#3940 = CARTESIAN_POINT('',(7.,7.,155.));
#3941 = DIRECTION('',(-0.,-0.,-1.));
#3942 = DIRECTION('',(0.,-1.,0.));
#3943 = PCURVE('',#974,#3944);
#3944 = DEFINITIONAL_REPRESENTATION('',(#3945),#3953);
#3945 = ( BOUNDED_CURVE() B_SPLINE_CURVE(2,(#3946,#3947,#3948,#3949,
#3950,#3951,#3952),.UNSPECIFIED.,.T.,.F.) B_SPLINE_CURVE_WITH_KNOTS((1,2
    ,2,2,2,1),(-2.094395102393,0.,2.094395102393,4.188790204786,
6.28318530718,8.377580409573),.UNSPECIFIED.) CURVE()
GEOMETRIC_REPRESENTATION_ITEM() RATIONAL_B_SPLINE_CURVE((1.,0.5,1.,0.5,
1.,0.5,1.)) REPRESENTATION_ITEM('') );
#3946 = CARTESIAN_POINT('',(4.,1.3));
#3947 = CARTESIAN_POINT('',(-7.604740410711,1.3));
#3948 = CARTESIAN_POINT('',(-1.802370205356,11.35));
#3949 = CARTESIAN_POINT('',(4.,21.4));
#3950 = CARTESIAN_POINT('',(9.802370205356,11.35));
#3951 = CARTESIAN_POINT('',(15.604740410711,1.3));
#3952 = CARTESIAN_POINT('',(4.,1.3));
#3953 = ( GEOMETRIC_REPRESENTATION_CONTEXT(2)
PARAMETRIC_REPRESENTATION_CONTEXT() REPRESENTATION_CONTEXT('2D SPACE',''
  ) );
#3954 = PCURVE('',#3955,#3960);
#3955 = TOROIDAL_SURFACE('',#3956,6.7,0.3);
#3956 = AXIS2_PLACEMENT_3D('',#3957,#3958,#3959);
#3957 = CARTESIAN_POINT('',(7.,7.,155.3));
#3958 = DIRECTION('',(-0.,-0.,-1.));
#3959 = DIRECTION('',(0.,-1.,0.));
#3960 = DEFINITIONAL_REPRESENTATION('',(#3961),#3965);
#3961 = LINE('',#3962,#3963);
#3962 = CARTESIAN_POINT('',(0.,1.570796326795));
#3963 = VECTOR('',#3964,1.);
#3964 = DIRECTION('',(1.,0.));
#3965 = ( GEOMETRIC_REPRESENTATION_CONTEXT(2)
PARAMETRIC_REPRESENTATION_CONTEXT() REPRESENTATION_CONTEXT('2D SPACE',''
  ) );
#3966 = ORIENTED_EDGE('',*,*,#3967,.F.);
#3967 = EDGE_CURVE('',#3968,#3935,#3970,.T.);
#3968 = VERTEX_POINT('',#3969);
#3969 = CARTESIAN_POINT('',(89.,0.3,155.));
#3970 = SURFACE_CURVE('',#3971,(#3975,#3982),.PCURVE_S1.);
#3971 = LINE('',#3972,#3973);
#3972 = CARTESIAN_POINT('',(89.,0.3,155.));
#3973 = VECTOR('',#3974,1.);
#3974 = DIRECTION('',(-1.,-0.,0.));
#3975 = PCURVE('',#974,#3976);
#3976 = DEFINITIONAL_REPRESENTATION('',(#3977),#3981);
#3977 = LINE('',#3978,#3979);
#3978 = CARTESIAN_POINT('',(86.,1.3));
#3979 = VECTOR('',#3980,1.);
#3980 = DIRECTION('',(-1.,0.));
#3981 = ( GEOMETRIC_REPRESENTATION_CONTEXT(2)
PARAMETRIC_REPRESENTATION_CONTEXT() REPRESENTATION_CONTEXT('2D SPACE',''
  ) );
#3982 = PCURVE('',#3983,#3988);
#3983 = CYLINDRICAL_SURFACE('',#3984,0.3);
#3984 = AXIS2_PLACEMENT_3D('',#3985,#3986,#3987);
#3985 = CARTESIAN_POINT('',(89.,0.3,155.3));
#3986 = DIRECTION('',(-1.,-0.,0.));
#3987 = DIRECTION('',(0.,-1.,-0.));
#3988 = DEFINITIONAL_REPRESENTATION('',(#3989),#3993);
#3989 = LINE('',#3990,#3991);
#3990 = CARTESIAN_POINT('',(-1.570796326795,0.));
#3991 = VECTOR('',#3992,1.);
#3992 = DIRECTION('',(-0.,1.));
#3993 = ( GEOMETRIC_REPRESENTATION_CONTEXT(2)
PARAMETRIC_REPRESENTATION_CONTEXT() REPRESENTATION_CONTEXT('2D SPACE',''
  ) );
#3994 = ORIENTED_EDGE('',*,*,#3995,.F.);
#3995 = EDGE_CURVE('',#3671,#3968,#3996,.T.);
#3996 = SURFACE_CURVE('',#3997,(#4002,#4013),.PCURVE_S1.);
#3997 = CIRCLE('',#3998,6.7);
#3998 = AXIS2_PLACEMENT_3D('',#3999,#4000,#4001);
#3999 = CARTESIAN_POINT('',(89.,7.,155.));
#4000 = DIRECTION('',(0.,-0.,-1.));
#4001 = DIRECTION('',(0.142857142857,-0.989743318611,0.));
#4002 = PCURVE('',#974,#4003);
#4003 = DEFINITIONAL_REPRESENTATION('',(#4004),#4012);
#4004 = ( BOUNDED_CURVE() B_SPLINE_CURVE(2,(#4005,#4006,#4007,#4008,
#4009,#4010,#4011),.UNSPECIFIED.,.T.,.F.) B_SPLINE_CURVE_WITH_KNOTS((1,2
    ,2,2,2,1),(-2.094395102393,0.,2.094395102393,4.188790204786,
6.28318530718,8.377580409573),.UNSPECIFIED.) CURVE()
GEOMETRIC_REPRESENTATION_ITEM() RATIONAL_B_SPLINE_CURVE((1.,0.5,1.,0.5,
1.,0.5,1.)) REPRESENTATION_ITEM('') );
#4005 = CARTESIAN_POINT('',(86.957142857143,1.368719765308));
#4006 = CARTESIAN_POINT('',(75.471428571429,-0.289100293365));
#4007 = CARTESIAN_POINT('',(79.778571428571,10.48673008801));
#4008 = CARTESIAN_POINT('',(84.085714285714,21.262560469385));
#4009 = CARTESIAN_POINT('',(91.264285714286,12.144550146683));
#4010 = CARTESIAN_POINT('',(98.442857142857,3.026539823981));
#4011 = CARTESIAN_POINT('',(86.957142857143,1.368719765308));
#4012 = ( GEOMETRIC_REPRESENTATION_CONTEXT(2)
PARAMETRIC_REPRESENTATION_CONTEXT() REPRESENTATION_CONTEXT('2D SPACE',''
  ) );
#4013 = PCURVE('',#4014,#4019);
#4014 = TOROIDAL_SURFACE('',#4015,6.7,0.3);
#4015 = AXIS2_PLACEMENT_3D('',#4016,#4017,#4018);
#4016 = CARTESIAN_POINT('',(89.,7.,155.3));
#4017 = DIRECTION('',(-0.,-0.,-1.));
#4018 = DIRECTION('',(0.142857142857,-0.989743318611,0.));
#4019 = DEFINITIONAL_REPRESENTATION('',(#4020),#4024);
#4020 = LINE('',#4021,#4022);
#4021 = CARTESIAN_POINT('',(0.,1.570796326795));
#4022 = VECTOR('',#4023,1.);
#4023 = DIRECTION('',(1.,0.));
#4024 = ( GEOMETRIC_REPRESENTATION_CONTEXT(2)
PARAMETRIC_REPRESENTATION_CONTEXT() REPRESENTATION_CONTEXT('2D SPACE',''
  ) );
#4025 = ADVANCED_FACE('',(#4026),#1119,.F.);
#4026 = FACE_BOUND('',#4027,.F.);
#4027 = EDGE_LOOP('',(#4028,#4056,#4077,#4078));
#4028 = ORIENTED_EDGE('',*,*,#4029,.F.);
#4029 = EDGE_CURVE('',#4030,#4030,#4032,.T.);
#4030 = VERTEX_POINT('',#4031);
#4031 = CARTESIAN_POINT('',(9.,13.,149.4));
#4032 = SURFACE_CURVE('',#4033,(#4038,#4045),.PCURVE_S1.);
#4033 = CIRCLE('',#4034,1.4);
#4034 = AXIS2_PLACEMENT_3D('',#4035,#4036,#4037);
#4035 = CARTESIAN_POINT('',(9.,13.,148.));
#4036 = DIRECTION('',(0.,1.,0.));
#4037 = DIRECTION('',(0.,-0.,1.));
#4038 = PCURVE('',#1119,#4039);
#4039 = DEFINITIONAL_REPRESENTATION('',(#4040),#4044);
#4040 = LINE('',#4041,#4042);
#4041 = CARTESIAN_POINT('',(0.,10.));
#4042 = VECTOR('',#4043,1.);
#4043 = DIRECTION('',(1.,0.));
#4044 = ( GEOMETRIC_REPRESENTATION_CONTEXT(2)
PARAMETRIC_REPRESENTATION_CONTEXT() REPRESENTATION_CONTEXT('2D SPACE',''
  ) );
#4045 = PCURVE('',#2212,#4046);
#4046 = DEFINITIONAL_REPRESENTATION('',(#4047),#4055);
#4047 = ( BOUNDED_CURVE() B_SPLINE_CURVE(2,(#4048,#4049,#4050,#4051,
#4052,#4053,#4054),.UNSPECIFIED.,.T.,.F.) B_SPLINE_CURVE_WITH_KNOTS((1,2
    ,2,2,2,1),(-2.094395102393,0.,2.094395102393,4.188790204786,
6.28318530718,8.377580409573),.UNSPECIFIED.) CURVE()
GEOMETRIC_REPRESENTATION_ITEM() RATIONAL_B_SPLINE_CURVE((1.,0.5,1.,0.5,
1.,0.5,1.)) REPRESENTATION_ITEM('') );
#4048 = CARTESIAN_POINT('',(-2.435533905933,0.779518790788));
#4049 = CARTESIAN_POINT('',(-2.435533905933,3.204389921385));
#4050 = CARTESIAN_POINT('',(-0.335533905933,1.991954356087));
#4051 = CARTESIAN_POINT('',(1.764466094067,0.779518790788));
#4052 = CARTESIAN_POINT('',(-0.335533905933,-0.43291677451));
#4053 = CARTESIAN_POINT('',(-2.435533905933,-1.645352339808));
#4054 = CARTESIAN_POINT('',(-2.435533905933,0.779518790788));
#4055 = ( GEOMETRIC_REPRESENTATION_CONTEXT(2)
PARAMETRIC_REPRESENTATION_CONTEXT() REPRESENTATION_CONTEXT('2D SPACE',''
  ) );
#4056 = ORIENTED_EDGE('',*,*,#4057,.F.);
#4057 = EDGE_CURVE('',#1103,#4030,#4058,.T.);
#4058 = SEAM_CURVE('',#4059,(#4063,#4070),.PCURVE_S1.);
#4059 = LINE('',#4060,#4061);
#4060 = CARTESIAN_POINT('',(9.,3.,149.4));
#4061 = VECTOR('',#4062,1.);
#4062 = DIRECTION('',(0.,1.,0.));
#4063 = PCURVE('',#1119,#4064);
#4064 = DEFINITIONAL_REPRESENTATION('',(#4065),#4069);
#4065 = LINE('',#4066,#4067);
#4066 = CARTESIAN_POINT('',(6.28318530718,-0.));
#4067 = VECTOR('',#4068,1.);
#4068 = DIRECTION('',(0.,1.));
#4069 = ( GEOMETRIC_REPRESENTATION_CONTEXT(2)
PARAMETRIC_REPRESENTATION_CONTEXT() REPRESENTATION_CONTEXT('2D SPACE',''
  ) );
#4070 = PCURVE('',#1119,#4071);
#4071 = DEFINITIONAL_REPRESENTATION('',(#4072),#4076);
#4072 = LINE('',#4073,#4074);
#4073 = CARTESIAN_POINT('',(0.,-0.));
#4074 = VECTOR('',#4075,1.);
#4075 = DIRECTION('',(0.,1.));
#4076 = ( GEOMETRIC_REPRESENTATION_CONTEXT(2)
PARAMETRIC_REPRESENTATION_CONTEXT() REPRESENTATION_CONTEXT('2D SPACE',''
  ) );
#4077 = ORIENTED_EDGE('',*,*,#1102,.T.);
#4078 = ORIENTED_EDGE('',*,*,#4057,.T.);
#4079 = ADVANCED_FACE('',(#4080),#1150,.F.);
#4080 = FACE_BOUND('',#4081,.F.);
#4081 = EDGE_LOOP('',(#4082,#4083,#4104,#4105));
#4082 = ORIENTED_EDGE('',*,*,#1895,.F.);
#4083 = ORIENTED_EDGE('',*,*,#4084,.F.);
#4084 = EDGE_CURVE('',#1134,#1896,#4085,.T.);
#4085 = SEAM_CURVE('',#4086,(#4090,#4097),.PCURVE_S1.);
#4086 = LINE('',#4087,#4088);
#4087 = CARTESIAN_POINT('',(87.,3.,11.4));
#4088 = VECTOR('',#4089,1.);
#4089 = DIRECTION('',(0.,1.,0.));
#4090 = PCURVE('',#1150,#4091);
#4091 = DEFINITIONAL_REPRESENTATION('',(#4092),#4096);
#4092 = LINE('',#4093,#4094);
#4093 = CARTESIAN_POINT('',(6.28318530718,-0.));
#4094 = VECTOR('',#4095,1.);
#4095 = DIRECTION('',(0.,1.));
#4096 = ( GEOMETRIC_REPRESENTATION_CONTEXT(2)
PARAMETRIC_REPRESENTATION_CONTEXT() REPRESENTATION_CONTEXT('2D SPACE',''
  ) );
#4097 = PCURVE('',#1150,#4098);
#4098 = DEFINITIONAL_REPRESENTATION('',(#4099),#4103);
#4099 = LINE('',#4100,#4101);
#4100 = CARTESIAN_POINT('',(0.,-0.));
#4101 = VECTOR('',#4102,1.);
#4102 = DIRECTION('',(0.,1.));
#4103 = ( GEOMETRIC_REPRESENTATION_CONTEXT(2)
PARAMETRIC_REPRESENTATION_CONTEXT() REPRESENTATION_CONTEXT('2D SPACE',''
  ) );
#4104 = ORIENTED_EDGE('',*,*,#1133,.T.);
#4105 = ORIENTED_EDGE('',*,*,#4084,.T.);
#4106 = ADVANCED_FACE('',(#4107),#1182,.F.);
#4107 = FACE_BOUND('',#4108,.F.);
#4108 = EDGE_LOOP('',(#4109,#4110,#4111,#4132));
#4109 = ORIENTED_EDGE('',*,*,#1721,.T.);
#4110 = ORIENTED_EDGE('',*,*,#1801,.F.);
#4111 = ORIENTED_EDGE('',*,*,#4112,.F.);
#4112 = EDGE_CURVE('',#1165,#1802,#4113,.T.);
#4113 = SURFACE_CURVE('',#4114,(#4118,#4125),.PCURVE_S1.);
#4114 = LINE('',#4115,#4116);
#4115 = CARTESIAN_POINT('',(82.,4.,14.4));
#4116 = VECTOR('',#4117,1.);
#4117 = DIRECTION('',(-0.,1.,0.));
#4118 = PCURVE('',#1182,#4119);
#4119 = DEFINITIONAL_REPRESENTATION('',(#4120),#4124);
#4120 = LINE('',#4121,#4122);
#4121 = CARTESIAN_POINT('',(8.4,0.));
#4122 = VECTOR('',#4123,1.);
#4123 = DIRECTION('',(0.,-1.));
#4124 = ( GEOMETRIC_REPRESENTATION_CONTEXT(2)
PARAMETRIC_REPRESENTATION_CONTEXT() REPRESENTATION_CONTEXT('2D SPACE',''
  ) );
#4125 = PCURVE('',#1211,#4126);
#4126 = DEFINITIONAL_REPRESENTATION('',(#4127),#4131);
#4127 = LINE('',#4128,#4129);
#4128 = CARTESIAN_POINT('',(0.,0.));
#4129 = VECTOR('',#4130,1.);
#4130 = DIRECTION('',(0.,1.));
#4131 = ( GEOMETRIC_REPRESENTATION_CONTEXT(2)
PARAMETRIC_REPRESENTATION_CONTEXT() REPRESENTATION_CONTEXT('2D SPACE',''
  ) );
#4132 = ORIENTED_EDGE('',*,*,#1164,.T.);
#4133 = ADVANCED_FACE('',(#4134),#1211,.T.);
#4134 = FACE_BOUND('',#4135,.T.);
#4135 = EDGE_LOOP('',(#4136,#4137,#4158,#4159));
#4136 = ORIENTED_EDGE('',*,*,#1194,.T.);
#4137 = ORIENTED_EDGE('',*,*,#4138,.T.);
#4138 = EDGE_CURVE('',#1195,#1825,#4139,.T.);
#4139 = SURFACE_CURVE('',#4140,(#4144,#4151),.PCURVE_S1.);
#4140 = LINE('',#4141,#4142);
#4141 = CARTESIAN_POINT('',(82.6,4.,15.));
#4142 = VECTOR('',#4143,1.);
#4143 = DIRECTION('',(-0.,1.,0.));
#4144 = PCURVE('',#1211,#4145);
#4145 = DEFINITIONAL_REPRESENTATION('',(#4146),#4150);
#4146 = LINE('',#4147,#4148);
#4147 = CARTESIAN_POINT('',(1.570796326795,0.));
#4148 = VECTOR('',#4149,1.);
#4149 = DIRECTION('',(0.,1.));
#4150 = ( GEOMETRIC_REPRESENTATION_CONTEXT(2)
PARAMETRIC_REPRESENTATION_CONTEXT() REPRESENTATION_CONTEXT('2D SPACE',''
  ) );
#4151 = PCURVE('',#1239,#4152);
#4152 = DEFINITIONAL_REPRESENTATION('',(#4153),#4157);
#4153 = LINE('',#4154,#4155);
#4154 = CARTESIAN_POINT('',(0.6,0.));
#4155 = VECTOR('',#4156,1.);
#4156 = DIRECTION('',(0.,1.));
#4157 = ( GEOMETRIC_REPRESENTATION_CONTEXT(2)
PARAMETRIC_REPRESENTATION_CONTEXT() REPRESENTATION_CONTEXT('2D SPACE',''
  ) );
#4158 = ORIENTED_EDGE('',*,*,#1824,.F.);
#4159 = ORIENTED_EDGE('',*,*,#4112,.F.);
#4160 = ADVANCED_FACE('',(#4161),#1239,.T.);
#4161 = FACE_BOUND('',#4162,.T.);
#4162 = EDGE_LOOP('',(#4163,#4164,#4165,#4166));
#4163 = ORIENTED_EDGE('',*,*,#1848,.T.);
#4164 = ORIENTED_EDGE('',*,*,#4138,.F.);
#4165 = ORIENTED_EDGE('',*,*,#1223,.F.);
#4166 = ORIENTED_EDGE('',*,*,#4167,.F.);
#4167 = EDGE_CURVE('',#1849,#1224,#4168,.T.);
#4168 = SURFACE_CURVE('',#4169,(#4173,#4179),.PCURVE_S1.);
#4169 = LINE('',#4170,#4171);
#4170 = CARTESIAN_POINT('',(90.,6.,15.));
#4171 = VECTOR('',#4172,1.);
#4172 = DIRECTION('',(0.,-1.,0.));
#4173 = PCURVE('',#1239,#4174);
#4174 = DEFINITIONAL_REPRESENTATION('',(#4175),#4178);
#4175 = B_SPLINE_CURVE_WITH_KNOTS('',1,(#4176,#4177),.UNSPECIFIED.,.F.,
  .F.,(2,2),(-7.,2.),.PIECEWISE_BEZIER_KNOTS.);
#4176 = CARTESIAN_POINT('',(8.,9.));
#4177 = CARTESIAN_POINT('',(8.,0.));
#4178 = ( GEOMETRIC_REPRESENTATION_CONTEXT(2)
PARAMETRIC_REPRESENTATION_CONTEXT() REPRESENTATION_CONTEXT('2D SPACE',''
  ) );
#4179 = PCURVE('',#1267,#4180);
#4180 = DEFINITIONAL_REPRESENTATION('',(#4181),#4184);
#4181 = B_SPLINE_CURVE_WITH_KNOTS('',1,(#4182,#4183),.UNSPECIFIED.,.F.,
  .F.,(2,2),(-7.,2.),.PIECEWISE_BEZIER_KNOTS.);
#4182 = CARTESIAN_POINT('',(9.,-5.));
#4183 = CARTESIAN_POINT('',(9.,4.));
#4184 = ( GEOMETRIC_REPRESENTATION_CONTEXT(2)
PARAMETRIC_REPRESENTATION_CONTEXT() REPRESENTATION_CONTEXT('2D SPACE',''
  ) );
#4185 = ADVANCED_FACE('',(#4186),#1267,.F.);
#4186 = FACE_BOUND('',#4187,.F.);
#4187 = EDGE_LOOP('',(#4188,#4218,#4246,#4265,#4266,#4267,#4268,#4269));
#4188 = ORIENTED_EDGE('',*,*,#4189,.F.);
#4189 = EDGE_CURVE('',#4190,#4192,#4194,.T.);
#4190 = VERTEX_POINT('',#4191);
#4191 = CARTESIAN_POINT('',(90.,13.,157.5));
#4192 = VERTEX_POINT('',#4193);
#4193 = CARTESIAN_POINT('',(90.,92.,157.5));
#4194 = SURFACE_CURVE('',#4195,(#4199,#4206),.PCURVE_S1.);
#4195 = LINE('',#4196,#4197);
#4196 = CARTESIAN_POINT('',(90.,10.,157.5));
#4197 = VECTOR('',#4198,1.);
#4198 = DIRECTION('',(-0.,1.,0.));
#4199 = PCURVE('',#1267,#4200);
#4200 = DEFINITIONAL_REPRESENTATION('',(#4201),#4205);
#4201 = LINE('',#4202,#4203);
#4202 = CARTESIAN_POINT('',(151.5,-2.));
#4203 = VECTOR('',#4204,1.);
#4204 = DIRECTION('',(0.,-1.));
#4205 = ( GEOMETRIC_REPRESENTATION_CONTEXT(2)
PARAMETRIC_REPRESENTATION_CONTEXT() REPRESENTATION_CONTEXT('2D SPACE',''
  ) );
#4206 = PCURVE('',#4207,#4212);
#4207 = CYLINDRICAL_SURFACE('',#4208,0.5);
#4208 = AXIS2_PLACEMENT_3D('',#4209,#4210,#4211);
#4209 = CARTESIAN_POINT('',(90.5,10.,157.5));
#4210 = DIRECTION('',(-0.,1.,0.));
#4211 = DIRECTION('',(0.,0.,1.));
#4212 = DEFINITIONAL_REPRESENTATION('',(#4213),#4217);
#4213 = LINE('',#4214,#4215);
#4214 = CARTESIAN_POINT('',(-1.570796326795,0.));
#4215 = VECTOR('',#4216,1.);
#4216 = DIRECTION('',(-0.,1.));
#4217 = ( GEOMETRIC_REPRESENTATION_CONTEXT(2)
PARAMETRIC_REPRESENTATION_CONTEXT() REPRESENTATION_CONTEXT('2D SPACE',''
  ) );
#4218 = ORIENTED_EDGE('',*,*,#4219,.T.);
#4219 = EDGE_CURVE('',#4190,#4220,#4222,.T.);
#4220 = VERTEX_POINT('',#4221);
#4221 = CARTESIAN_POINT('',(90.,13.,135.));
#4222 = SURFACE_CURVE('',#4223,(#4227,#4234),.PCURVE_S1.);
#4223 = LINE('',#4224,#4225);
#4224 = CARTESIAN_POINT('',(90.,13.,157.5));
#4225 = VECTOR('',#4226,1.);
#4226 = DIRECTION('',(0.,0.,-1.));
#4227 = PCURVE('',#1267,#4228);
#4228 = DEFINITIONAL_REPRESENTATION('',(#4229),#4233);
#4229 = LINE('',#4230,#4231);
#4230 = CARTESIAN_POINT('',(151.5,-5.));
#4231 = VECTOR('',#4232,1.);
#4232 = DIRECTION('',(-1.,0.));
#4233 = ( GEOMETRIC_REPRESENTATION_CONTEXT(2)
PARAMETRIC_REPRESENTATION_CONTEXT() REPRESENTATION_CONTEXT('2D SPACE',''
  ) );
#4234 = PCURVE('',#4235,#4240);
#4235 = PLANE('',#4236);
#4236 = AXIS2_PLACEMENT_3D('',#4237,#4238,#4239);
#4237 = CARTESIAN_POINT('',(87.779518790788,13.,146.96446609406));
#4238 = DIRECTION('',(0.,1.,0.));
#4239 = DIRECTION('',(0.,-0.,1.));
#4240 = DEFINITIONAL_REPRESENTATION('',(#4241),#4245);
#4241 = LINE('',#4242,#4243);
#4242 = CARTESIAN_POINT('',(10.535533905933,2.220481209212));
#4243 = VECTOR('',#4244,1.);
#4244 = DIRECTION('',(-1.,0.));
#4245 = ( GEOMETRIC_REPRESENTATION_CONTEXT(2)
PARAMETRIC_REPRESENTATION_CONTEXT() REPRESENTATION_CONTEXT('2D SPACE',''
  ) );
#4246 = ORIENTED_EDGE('',*,*,#4247,.F.);
#4247 = EDGE_CURVE('',#1252,#4220,#4248,.T.);
#4248 = SURFACE_CURVE('',#4249,(#4253,#4259),.PCURVE_S1.);
#4249 = LINE('',#4250,#4251);
#4250 = CARTESIAN_POINT('',(90.,10.5,135.));
#4251 = VECTOR('',#4252,1.);
#4252 = DIRECTION('',(-0.,1.,0.));
#4253 = PCURVE('',#1267,#4254);
#4254 = DEFINITIONAL_REPRESENTATION('',(#4255),#4258);
#4255 = B_SPLINE_CURVE_WITH_KNOTS('',1,(#4256,#4257),.UNSPECIFIED.,.F.,
  .F.,(2,2),(-6.5,2.5),.PIECEWISE_BEZIER_KNOTS.);
#4256 = CARTESIAN_POINT('',(129.,4.));
#4257 = CARTESIAN_POINT('',(129.,-5.));
#4258 = ( GEOMETRIC_REPRESENTATION_CONTEXT(2)
PARAMETRIC_REPRESENTATION_CONTEXT() REPRESENTATION_CONTEXT('2D SPACE',''
  ) );
#4259 = PCURVE('',#1295,#4260);
#4260 = DEFINITIONAL_REPRESENTATION('',(#4261),#4264);
#4261 = B_SPLINE_CURVE_WITH_KNOTS('',1,(#4262,#4263),.UNSPECIFIED.,.F.,
  .F.,(2,2),(-6.5,2.5),.PIECEWISE_BEZIER_KNOTS.);
#4262 = CARTESIAN_POINT('',(2.828427124746,-9.));
#4263 = CARTESIAN_POINT('',(2.828427124746,0.));
#4264 = ( GEOMETRIC_REPRESENTATION_CONTEXT(2)
PARAMETRIC_REPRESENTATION_CONTEXT() REPRESENTATION_CONTEXT('2D SPACE',''
  ) );
#4265 = ORIENTED_EDGE('',*,*,#1251,.F.);
#4266 = ORIENTED_EDGE('',*,*,#4167,.F.);
#4267 = ORIENTED_EDGE('',*,*,#1871,.F.);
#4268 = ORIENTED_EDGE('',*,*,#1745,.F.);
#4269 = ORIENTED_EDGE('',*,*,#4270,.T.);
#4270 = EDGE_CURVE('',#1639,#4192,#4271,.T.);
#4271 = SURFACE_CURVE('',#4272,(#4276,#4283),.PCURVE_S1.);
#4272 = LINE('',#4273,#4274);
#4273 = CARTESIAN_POINT('',(90.,92.,6.));
#4274 = VECTOR('',#4275,1.);
#4275 = DIRECTION('',(0.,0.,1.));
#4276 = PCURVE('',#1267,#4277);
#4277 = DEFINITIONAL_REPRESENTATION('',(#4278),#4282);
#4278 = LINE('',#4279,#4280);
#4279 = CARTESIAN_POINT('',(0.,-84.));
#4280 = VECTOR('',#4281,1.);
#4281 = DIRECTION('',(1.,0.));
#4282 = ( GEOMETRIC_REPRESENTATION_CONTEXT(2)
PARAMETRIC_REPRESENTATION_CONTEXT() REPRESENTATION_CONTEXT('2D SPACE',''
  ) );
#4283 = PCURVE('',#1655,#4284);
#4284 = DEFINITIONAL_REPRESENTATION('',(#4285),#4289);
#4285 = LINE('',#4286,#4287);
#4286 = CARTESIAN_POINT('',(0.,0.));
#4287 = VECTOR('',#4288,1.);
#4288 = DIRECTION('',(0.,1.));
#4289 = ( GEOMETRIC_REPRESENTATION_CONTEXT(2)
PARAMETRIC_REPRESENTATION_CONTEXT() REPRESENTATION_CONTEXT('2D SPACE',''
  ) );
#4290 = ADVANCED_FACE('',(#4291),#1295,.T.);
#4291 = FACE_BOUND('',#4292,.T.);
#4292 = EDGE_LOOP('',(#4293,#4316,#4317,#4318));
#4293 = ORIENTED_EDGE('',*,*,#4294,.F.);
#4294 = EDGE_CURVE('',#4220,#4295,#4297,.T.);
#4295 = VERTEX_POINT('',#4296);
#4296 = CARTESIAN_POINT('',(82.175735931288,13.,142.82426406871));
#4297 = SURFACE_CURVE('',#4298,(#4302,#4309),.PCURVE_S1.);
#4298 = LINE('',#4299,#4300);
#4299 = CARTESIAN_POINT('',(92.,13.,133.));
#4300 = VECTOR('',#4301,1.);
#4301 = DIRECTION('',(-0.707106781187,0.,0.707106781187));
#4302 = PCURVE('',#1295,#4303);
#4303 = DEFINITIONAL_REPRESENTATION('',(#4304),#4308);
#4304 = LINE('',#4305,#4306);
#4305 = CARTESIAN_POINT('',(0.,0.));
#4306 = VECTOR('',#4307,1.);
#4307 = DIRECTION('',(1.,0.));
#4308 = ( GEOMETRIC_REPRESENTATION_CONTEXT(2)
PARAMETRIC_REPRESENTATION_CONTEXT() REPRESENTATION_CONTEXT('2D SPACE',''
  ) );
#4309 = PCURVE('',#4235,#4310);
#4310 = DEFINITIONAL_REPRESENTATION('',(#4311),#4315);
#4311 = LINE('',#4312,#4313);
#4312 = CARTESIAN_POINT('',(-13.96446609406,4.220481209212));
#4313 = VECTOR('',#4314,1.);
#4314 = DIRECTION('',(0.707106781187,-0.707106781187));
#4315 = ( GEOMETRIC_REPRESENTATION_CONTEXT(2)
PARAMETRIC_REPRESENTATION_CONTEXT() REPRESENTATION_CONTEXT('2D SPACE',''
  ) );
#4316 = ORIENTED_EDGE('',*,*,#4247,.F.);
#4317 = ORIENTED_EDGE('',*,*,#1279,.T.);
#4318 = ORIENTED_EDGE('',*,*,#4319,.F.);
#4319 = EDGE_CURVE('',#4295,#1280,#4320,.T.);
#4320 = SURFACE_CURVE('',#4321,(#4325,#4332),.PCURVE_S1.);
#4321 = LINE('',#4322,#4323);
#4322 = CARTESIAN_POINT('',(82.175735931288,13.,142.82426406871));
#4323 = VECTOR('',#4324,1.);
#4324 = DIRECTION('',(0.,-1.,0.));
#4325 = PCURVE('',#1295,#4326);
#4326 = DEFINITIONAL_REPRESENTATION('',(#4327),#4331);
#4327 = LINE('',#4328,#4329);
#4328 = CARTESIAN_POINT('',(13.893607486307,0.));
#4329 = VECTOR('',#4330,1.);
#4330 = DIRECTION('',(0.,-1.));
#4331 = ( GEOMETRIC_REPRESENTATION_CONTEXT(2)
PARAMETRIC_REPRESENTATION_CONTEXT() REPRESENTATION_CONTEXT('2D SPACE',''
  ) );
#4332 = PCURVE('',#1324,#4333);
#4333 = DEFINITIONAL_REPRESENTATION('',(#4334),#4338);
#4334 = LINE('',#4335,#4336);
#4335 = CARTESIAN_POINT('',(-0.,0.));
#4336 = VECTOR('',#4337,1.);
#4337 = DIRECTION('',(-0.,1.));
#4338 = ( GEOMETRIC_REPRESENTATION_CONTEXT(2)
PARAMETRIC_REPRESENTATION_CONTEXT() REPRESENTATION_CONTEXT('2D SPACE',''
  ) );
#4339 = ADVANCED_FACE('',(#4340),#1324,.T.);
#4340 = FACE_BOUND('',#4341,.F.);
#4341 = EDGE_LOOP('',(#4342,#4366,#4387,#4388));
#4342 = ORIENTED_EDGE('',*,*,#4343,.T.);
#4343 = EDGE_CURVE('',#4295,#4344,#4346,.T.);
#4344 = VERTEX_POINT('',#4345);
#4345 = CARTESIAN_POINT('',(82.,13.,143.24852813742));
#4346 = SURFACE_CURVE('',#4347,(#4352,#4359),.PCURVE_S1.);
#4347 = CIRCLE('',#4348,0.6);
#4348 = AXIS2_PLACEMENT_3D('',#4349,#4350,#4351);
#4349 = CARTESIAN_POINT('',(82.6,13.,143.24852813742));
#4350 = DIRECTION('',(-0.,1.,0.));
#4351 = DIRECTION('',(0.,0.,-1.));
#4352 = PCURVE('',#1324,#4353);
#4353 = DEFINITIONAL_REPRESENTATION('',(#4354),#4358);
#4354 = LINE('',#4355,#4356);
#4355 = CARTESIAN_POINT('',(0.785398163397,-0.));
#4356 = VECTOR('',#4357,1.);
#4357 = DIRECTION('',(-1.,0.));
#4358 = ( GEOMETRIC_REPRESENTATION_CONTEXT(2)
PARAMETRIC_REPRESENTATION_CONTEXT() REPRESENTATION_CONTEXT('2D SPACE',''
  ) );
#4359 = PCURVE('',#4235,#4360);
#4360 = DEFINITIONAL_REPRESENTATION('',(#4361),#4365);
#4361 = CIRCLE('',#4362,0.6);
#4362 = AXIS2_PLACEMENT_2D('',#4363,#4364);
#4363 = CARTESIAN_POINT('',(-3.715937956643,-5.179518790788));
#4364 = DIRECTION('',(-1.,0.));
#4365 = ( GEOMETRIC_REPRESENTATION_CONTEXT(2)
PARAMETRIC_REPRESENTATION_CONTEXT() REPRESENTATION_CONTEXT('2D SPACE',''
  ) );
#4366 = ORIENTED_EDGE('',*,*,#4367,.T.);
#4367 = EDGE_CURVE('',#4344,#1308,#4368,.T.);
#4368 = SURFACE_CURVE('',#4369,(#4373,#4380),.PCURVE_S1.);
#4369 = LINE('',#4370,#4371);
#4370 = CARTESIAN_POINT('',(82.,13.,143.24852813742));
#4371 = VECTOR('',#4372,1.);
#4372 = DIRECTION('',(0.,-1.,0.));
#4373 = PCURVE('',#1324,#4374);
#4374 = DEFINITIONAL_REPRESENTATION('',(#4375),#4379);
#4375 = LINE('',#4376,#4377);
#4376 = CARTESIAN_POINT('',(-0.785398163397,0.));
#4377 = VECTOR('',#4378,1.);
#4378 = DIRECTION('',(-0.,1.));
#4379 = ( GEOMETRIC_REPRESENTATION_CONTEXT(2)
PARAMETRIC_REPRESENTATION_CONTEXT() REPRESENTATION_CONTEXT('2D SPACE',''
  ) );
#4380 = PCURVE('',#1352,#4381);
#4381 = DEFINITIONAL_REPRESENTATION('',(#4382),#4386);
#4382 = LINE('',#4383,#4384);
#4383 = CARTESIAN_POINT('',(0.248528137424,0.));
#4384 = VECTOR('',#4385,1.);
#4385 = DIRECTION('',(0.,-1.));
#4386 = ( GEOMETRIC_REPRESENTATION_CONTEXT(2)
PARAMETRIC_REPRESENTATION_CONTEXT() REPRESENTATION_CONTEXT('2D SPACE',''
  ) );
#4387 = ORIENTED_EDGE('',*,*,#1307,.F.);
#4388 = ORIENTED_EDGE('',*,*,#4319,.F.);
#4389 = ADVANCED_FACE('',(#4390),#1352,.T.);
#4390 = FACE_BOUND('',#4391,.T.);
#4391 = EDGE_LOOP('',(#4392,#4415,#4416,#4417,#4438,#4464));
#4392 = ORIENTED_EDGE('',*,*,#4393,.F.);
#4393 = EDGE_CURVE('',#4344,#4394,#4396,.T.);
#4394 = VERTEX_POINT('',#4395);
#4395 = CARTESIAN_POINT('',(82.,13.,157.4));
#4396 = SURFACE_CURVE('',#4397,(#4401,#4408),.PCURVE_S1.);
#4397 = LINE('',#4398,#4399);
#4398 = CARTESIAN_POINT('',(82.,13.,143.24852813742));
#4399 = VECTOR('',#4400,1.);
#4400 = DIRECTION('',(0.,0.,1.));
#4401 = PCURVE('',#1352,#4402);
#4402 = DEFINITIONAL_REPRESENTATION('',(#4403),#4407);
#4403 = LINE('',#4404,#4405);
#4404 = CARTESIAN_POINT('',(0.248528137424,0.));
#4405 = VECTOR('',#4406,1.);
#4406 = DIRECTION('',(1.,0.));
#4407 = ( GEOMETRIC_REPRESENTATION_CONTEXT(2)
PARAMETRIC_REPRESENTATION_CONTEXT() REPRESENTATION_CONTEXT('2D SPACE',''
  ) );
#4408 = PCURVE('',#4235,#4409);
#4409 = DEFINITIONAL_REPRESENTATION('',(#4410),#4414);
#4410 = LINE('',#4411,#4412);
#4411 = CARTESIAN_POINT('',(-3.715937956643,-5.779518790788));
#4412 = VECTOR('',#4413,1.);
#4413 = DIRECTION('',(1.,0.));
#4414 = ( GEOMETRIC_REPRESENTATION_CONTEXT(2)
PARAMETRIC_REPRESENTATION_CONTEXT() REPRESENTATION_CONTEXT('2D SPACE',''
  ) );
#4415 = ORIENTED_EDGE('',*,*,#4367,.T.);
#4416 = ORIENTED_EDGE('',*,*,#1336,.F.);
#4417 = ORIENTED_EDGE('',*,*,#4418,.F.);
#4418 = EDGE_CURVE('',#4419,#1337,#4421,.T.);
#4419 = VERTEX_POINT('',#4420);
#4420 = CARTESIAN_POINT('',(82.,8.,154.));
#4421 = SURFACE_CURVE('',#4422,(#4426,#4432),.PCURVE_S1.);
#4422 = LINE('',#4423,#4424);
#4423 = CARTESIAN_POINT('',(82.,6.,154.));
#4424 = VECTOR('',#4425,1.);
#4425 = DIRECTION('',(0.,-1.,0.));
#4426 = PCURVE('',#1352,#4427);
#4427 = DEFINITIONAL_REPRESENTATION('',(#4428),#4431);
#4428 = B_SPLINE_CURVE_WITH_KNOTS('',1,(#4429,#4430),.UNSPECIFIED.,.F.,
  .F.,(2,2),(-4.,2.),.PIECEWISE_BEZIER_KNOTS.);
#4429 = CARTESIAN_POINT('',(11.,-3.));
#4430 = CARTESIAN_POINT('',(11.,-9.));
#4431 = ( GEOMETRIC_REPRESENTATION_CONTEXT(2)
PARAMETRIC_REPRESENTATION_CONTEXT() REPRESENTATION_CONTEXT('2D SPACE',''
  ) );
#4432 = PCURVE('',#1380,#4433);
#4433 = DEFINITIONAL_REPRESENTATION('',(#4434),#4437);
#4434 = B_SPLINE_CURVE_WITH_KNOTS('',1,(#4435,#4436),.UNSPECIFIED.,.F.,
  .F.,(2,2),(-4.,2.),.PIECEWISE_BEZIER_KNOTS.);
#4435 = CARTESIAN_POINT('',(76.,11.));
#4436 = CARTESIAN_POINT('',(76.,5.));
#4437 = ( GEOMETRIC_REPRESENTATION_CONTEXT(2)
PARAMETRIC_REPRESENTATION_CONTEXT() REPRESENTATION_CONTEXT('2D SPACE',''
  ) );
#4438 = ORIENTED_EDGE('',*,*,#4439,.T.);
#4439 = EDGE_CURVE('',#4419,#4440,#4442,.T.);
#4440 = VERTEX_POINT('',#4441);
#4441 = CARTESIAN_POINT('',(82.,8.,157.4));
#4442 = SURFACE_CURVE('',#4443,(#4447,#4453),.PCURVE_S1.);
#4443 = LINE('',#4444,#4445);
#4444 = CARTESIAN_POINT('',(82.,8.,74.5));
#4445 = VECTOR('',#4446,1.);
#4446 = DIRECTION('',(0.,0.,1.));
#4447 = PCURVE('',#1352,#4448);
#4448 = DEFINITIONAL_REPRESENTATION('',(#4449),#4452);
#4449 = B_SPLINE_CURVE_WITH_KNOTS('',1,(#4450,#4451),.UNSPECIFIED.,.F.,
  .F.,(2,2),(79.5,82.9),.PIECEWISE_BEZIER_KNOTS.);
#4450 = CARTESIAN_POINT('',(11.,-5.));
#4451 = CARTESIAN_POINT('',(14.4,-5.));
#4452 = ( GEOMETRIC_REPRESENTATION_CONTEXT(2)
PARAMETRIC_REPRESENTATION_CONTEXT() REPRESENTATION_CONTEXT('2D SPACE',''
  ) );
#4453 = PCURVE('',#4454,#4459);
#4454 = PLANE('',#4455);
#4455 = AXIS2_PLACEMENT_3D('',#4456,#4457,#4458);
#4456 = CARTESIAN_POINT('',(6.,8.,6.));
#4457 = DIRECTION('',(-0.,1.,0.));
#4458 = DIRECTION('',(0.,0.,1.));
#4459 = DEFINITIONAL_REPRESENTATION('',(#4460),#4463);
#4460 = B_SPLINE_CURVE_WITH_KNOTS('',1,(#4461,#4462),.UNSPECIFIED.,.F.,
  .F.,(2,2),(79.5,82.9),.PIECEWISE_BEZIER_KNOTS.);
#4461 = CARTESIAN_POINT('',(148.,76.));
#4462 = CARTESIAN_POINT('',(151.4,76.));
#4463 = ( GEOMETRIC_REPRESENTATION_CONTEXT(2)
PARAMETRIC_REPRESENTATION_CONTEXT() REPRESENTATION_CONTEXT('2D SPACE',''
  ) );
#4464 = ORIENTED_EDGE('',*,*,#4465,.F.);
#4465 = EDGE_CURVE('',#4394,#4440,#4466,.T.);
#4466 = SURFACE_CURVE('',#4467,(#4471,#4478),.PCURVE_S1.);
#4467 = LINE('',#4468,#4469);
#4468 = CARTESIAN_POINT('',(82.,13.,157.4));
#4469 = VECTOR('',#4470,1.);
#4470 = DIRECTION('',(0.,-1.,0.));
#4471 = PCURVE('',#1352,#4472);
#4472 = DEFINITIONAL_REPRESENTATION('',(#4473),#4477);
#4473 = LINE('',#4474,#4475);
#4474 = CARTESIAN_POINT('',(14.4,0.));
#4475 = VECTOR('',#4476,1.);
#4476 = DIRECTION('',(0.,-1.));
#4477 = ( GEOMETRIC_REPRESENTATION_CONTEXT(2)
PARAMETRIC_REPRESENTATION_CONTEXT() REPRESENTATION_CONTEXT('2D SPACE',''
  ) );
#4478 = PCURVE('',#4479,#4484);
#4479 = CYLINDRICAL_SURFACE('',#4480,0.6);
#4480 = AXIS2_PLACEMENT_3D('',#4481,#4482,#4483);
#4481 = CARTESIAN_POINT('',(82.6,13.,157.4));
#4482 = DIRECTION('',(0.,-1.,0.));
#4483 = DIRECTION('',(-1.,0.,0.));
#4484 = DEFINITIONAL_REPRESENTATION('',(#4485),#4489);
#4485 = LINE('',#4486,#4487);
#4486 = CARTESIAN_POINT('',(-0.,0.));
#4487 = VECTOR('',#4488,1.);
#4488 = DIRECTION('',(-0.,1.));
#4489 = ( GEOMETRIC_REPRESENTATION_CONTEXT(2)
PARAMETRIC_REPRESENTATION_CONTEXT() REPRESENTATION_CONTEXT('2D SPACE',''
  ) );
#4490 = ADVANCED_FACE('',(#4491),#1380,.F.);
#4491 = FACE_BOUND('',#4492,.F.);
#4492 = EDGE_LOOP('',(#4493,#4514,#4533,#4534));
#4493 = ORIENTED_EDGE('',*,*,#4494,.F.);
#4494 = EDGE_CURVE('',#4495,#4419,#4497,.T.);
#4495 = VERTEX_POINT('',#4496);
#4496 = CARTESIAN_POINT('',(14.,8.,154.));
#4497 = SURFACE_CURVE('',#4498,(#4502,#4508),.PCURVE_S1.);
#4498 = LINE('',#4499,#4500);
#4499 = CARTESIAN_POINT('',(6.,8.,154.));
#4500 = VECTOR('',#4501,1.);
#4501 = DIRECTION('',(1.,0.,-0.));
#4502 = PCURVE('',#1380,#4503);
#4503 = DEFINITIONAL_REPRESENTATION('',(#4504),#4507);
#4504 = B_SPLINE_CURVE_WITH_KNOTS('',1,(#4505,#4506),.UNSPECIFIED.,.F.,
  .F.,(2,2),(2.,82.),.PIECEWISE_BEZIER_KNOTS.);
#4505 = CARTESIAN_POINT('',(2.,9.));
#4506 = CARTESIAN_POINT('',(82.,9.));
#4507 = ( GEOMETRIC_REPRESENTATION_CONTEXT(2)
PARAMETRIC_REPRESENTATION_CONTEXT() REPRESENTATION_CONTEXT('2D SPACE',''
  ) );
#4508 = PCURVE('',#4454,#4509);
#4509 = DEFINITIONAL_REPRESENTATION('',(#4510),#4513);
#4510 = B_SPLINE_CURVE_WITH_KNOTS('',1,(#4511,#4512),.UNSPECIFIED.,.F.,
  .F.,(2,2),(2.,82.),.PIECEWISE_BEZIER_KNOTS.);
#4511 = CARTESIAN_POINT('',(148.,2.));
#4512 = CARTESIAN_POINT('',(148.,82.));
#4513 = ( GEOMETRIC_REPRESENTATION_CONTEXT(2)
PARAMETRIC_REPRESENTATION_CONTEXT() REPRESENTATION_CONTEXT('2D SPACE',''
  ) );
#4514 = ORIENTED_EDGE('',*,*,#4515,.T.);
#4515 = EDGE_CURVE('',#4495,#1365,#4516,.T.);
#4516 = SURFACE_CURVE('',#4517,(#4521,#4527),.PCURVE_S1.);
#4517 = LINE('',#4518,#4519);
#4518 = CARTESIAN_POINT('',(14.,6.,154.));
#4519 = VECTOR('',#4520,1.);
#4520 = DIRECTION('',(0.,-1.,0.));
#4521 = PCURVE('',#1380,#4522);
#4522 = DEFINITIONAL_REPRESENTATION('',(#4523),#4526);
#4523 = B_SPLINE_CURVE_WITH_KNOTS('',1,(#4524,#4525),.UNSPECIFIED.,.F.,
  .F.,(2,2),(-4.,2.),.PIECEWISE_BEZIER_KNOTS.);
#4524 = CARTESIAN_POINT('',(8.,11.));
#4525 = CARTESIAN_POINT('',(8.,5.));
#4526 = ( GEOMETRIC_REPRESENTATION_CONTEXT(2)
PARAMETRIC_REPRESENTATION_CONTEXT() REPRESENTATION_CONTEXT('2D SPACE',''
  ) );
#4527 = PCURVE('',#1407,#4528);
#4528 = DEFINITIONAL_REPRESENTATION('',(#4529),#4532);
#4529 = B_SPLINE_CURVE_WITH_KNOTS('',1,(#4530,#4531),.UNSPECIFIED.,.F.,
  .F.,(2,2),(-4.,2.),.PIECEWISE_BEZIER_KNOTS.);
#4530 = CARTESIAN_POINT('',(11.,-3.));
#4531 = CARTESIAN_POINT('',(11.,-9.));
#4532 = ( GEOMETRIC_REPRESENTATION_CONTEXT(2)
PARAMETRIC_REPRESENTATION_CONTEXT() REPRESENTATION_CONTEXT('2D SPACE',''
  ) );
#4533 = ORIENTED_EDGE('',*,*,#1364,.F.);
#4534 = ORIENTED_EDGE('',*,*,#4418,.F.);
#4535 = ADVANCED_FACE('',(#4536),#1407,.F.);
#4536 = FACE_BOUND('',#4537,.F.);
#4537 = EDGE_LOOP('',(#4538,#4561,#4562,#4563,#4584,#4612));
#4538 = ORIENTED_EDGE('',*,*,#4539,.T.);
#4539 = EDGE_CURVE('',#4540,#1392,#4542,.T.);
#4540 = VERTEX_POINT('',#4541);
#4541 = CARTESIAN_POINT('',(14.,13.,143.24852813742));
#4542 = SURFACE_CURVE('',#4543,(#4547,#4554),.PCURVE_S1.);
#4543 = LINE('',#4544,#4545);
#4544 = CARTESIAN_POINT('',(14.,13.,143.24852813742));
#4545 = VECTOR('',#4546,1.);
#4546 = DIRECTION('',(0.,-1.,0.));
#4547 = PCURVE('',#1407,#4548);
#4548 = DEFINITIONAL_REPRESENTATION('',(#4549),#4553);
#4549 = LINE('',#4550,#4551);
#4550 = CARTESIAN_POINT('',(0.248528137424,0.));
#4551 = VECTOR('',#4552,1.);
#4552 = DIRECTION('',(0.,-1.));
#4553 = ( GEOMETRIC_REPRESENTATION_CONTEXT(2)
PARAMETRIC_REPRESENTATION_CONTEXT() REPRESENTATION_CONTEXT('2D SPACE',''
  ) );
#4554 = PCURVE('',#1440,#4555);
#4555 = DEFINITIONAL_REPRESENTATION('',(#4556),#4560);
#4556 = LINE('',#4557,#4558);
#4557 = CARTESIAN_POINT('',(0.785398163397,0.));
#4558 = VECTOR('',#4559,1.);
#4559 = DIRECTION('',(0.,1.));
#4560 = ( GEOMETRIC_REPRESENTATION_CONTEXT(2)
PARAMETRIC_REPRESENTATION_CONTEXT() REPRESENTATION_CONTEXT('2D SPACE',''
  ) );
#4561 = ORIENTED_EDGE('',*,*,#1391,.T.);
#4562 = ORIENTED_EDGE('',*,*,#4515,.F.);
#4563 = ORIENTED_EDGE('',*,*,#4564,.T.);
#4564 = EDGE_CURVE('',#4495,#4565,#4567,.T.);
#4565 = VERTEX_POINT('',#4566);
#4566 = CARTESIAN_POINT('',(14.,8.,157.4));
#4567 = SURFACE_CURVE('',#4568,(#4572,#4578),.PCURVE_S1.);
#4568 = LINE('',#4569,#4570);
#4569 = CARTESIAN_POINT('',(14.,8.,74.5));
#4570 = VECTOR('',#4571,1.);
#4571 = DIRECTION('',(0.,0.,1.));
#4572 = PCURVE('',#1407,#4573);
#4573 = DEFINITIONAL_REPRESENTATION('',(#4574),#4577);
#4574 = B_SPLINE_CURVE_WITH_KNOTS('',1,(#4575,#4576),.UNSPECIFIED.,.F.,
  .F.,(2,2),(79.5,82.9),.PIECEWISE_BEZIER_KNOTS.);
#4575 = CARTESIAN_POINT('',(11.,-5.));
#4576 = CARTESIAN_POINT('',(14.4,-5.));
#4577 = ( GEOMETRIC_REPRESENTATION_CONTEXT(2)
PARAMETRIC_REPRESENTATION_CONTEXT() REPRESENTATION_CONTEXT('2D SPACE',''
  ) );
#4578 = PCURVE('',#4454,#4579);
#4579 = DEFINITIONAL_REPRESENTATION('',(#4580),#4583);
#4580 = B_SPLINE_CURVE_WITH_KNOTS('',1,(#4581,#4582),.UNSPECIFIED.,.F.,
  .F.,(2,2),(79.5,82.9),.PIECEWISE_BEZIER_KNOTS.);
#4581 = CARTESIAN_POINT('',(148.,8.));
#4582 = CARTESIAN_POINT('',(151.4,8.));
#4583 = ( GEOMETRIC_REPRESENTATION_CONTEXT(2)
PARAMETRIC_REPRESENTATION_CONTEXT() REPRESENTATION_CONTEXT('2D SPACE',''
  ) );
#4584 = ORIENTED_EDGE('',*,*,#4585,.F.);
#4585 = EDGE_CURVE('',#4586,#4565,#4588,.T.);
#4586 = VERTEX_POINT('',#4587);
#4587 = CARTESIAN_POINT('',(14.,13.,157.4));
#4588 = SURFACE_CURVE('',#4589,(#4593,#4600),.PCURVE_S1.);
#4589 = LINE('',#4590,#4591);
#4590 = CARTESIAN_POINT('',(14.,13.,157.4));
#4591 = VECTOR('',#4592,1.);
#4592 = DIRECTION('',(0.,-1.,0.));
#4593 = PCURVE('',#1407,#4594);
#4594 = DEFINITIONAL_REPRESENTATION('',(#4595),#4599);
#4595 = LINE('',#4596,#4597);
#4596 = CARTESIAN_POINT('',(14.4,0.));
#4597 = VECTOR('',#4598,1.);
#4598 = DIRECTION('',(0.,-1.));
#4599 = ( GEOMETRIC_REPRESENTATION_CONTEXT(2)
PARAMETRIC_REPRESENTATION_CONTEXT() REPRESENTATION_CONTEXT('2D SPACE',''
  ) );
#4600 = PCURVE('',#4601,#4606);
#4601 = CYLINDRICAL_SURFACE('',#4602,0.6);
#4602 = AXIS2_PLACEMENT_3D('',#4603,#4604,#4605);
#4603 = CARTESIAN_POINT('',(13.4,13.,157.4));
#4604 = DIRECTION('',(0.,-1.,0.));
#4605 = DIRECTION('',(1.,0.,-0.));
#4606 = DEFINITIONAL_REPRESENTATION('',(#4607),#4611);
#4607 = LINE('',#4608,#4609);
#4608 = CARTESIAN_POINT('',(0.,0.));
#4609 = VECTOR('',#4610,1.);
#4610 = DIRECTION('',(0.,1.));
#4611 = ( GEOMETRIC_REPRESENTATION_CONTEXT(2)
PARAMETRIC_REPRESENTATION_CONTEXT() REPRESENTATION_CONTEXT('2D SPACE',''
  ) );
#4612 = ORIENTED_EDGE('',*,*,#4613,.T.);
#4613 = EDGE_CURVE('',#4586,#4540,#4614,.T.);
#4614 = SURFACE_CURVE('',#4615,(#4619,#4626),.PCURVE_S1.);
#4615 = LINE('',#4616,#4617);
#4616 = CARTESIAN_POINT('',(14.,13.,157.4));
#4617 = VECTOR('',#4618,1.);
#4618 = DIRECTION('',(1.25524528943E-16,0.,-1.));
#4619 = PCURVE('',#1407,#4620);
#4620 = DEFINITIONAL_REPRESENTATION('',(#4621),#4625);
#4621 = LINE('',#4622,#4623);
#4622 = CARTESIAN_POINT('',(14.4,0.));
#4623 = VECTOR('',#4624,1.);
#4624 = DIRECTION('',(-1.,0.));
#4625 = ( GEOMETRIC_REPRESENTATION_CONTEXT(2)
PARAMETRIC_REPRESENTATION_CONTEXT() REPRESENTATION_CONTEXT('2D SPACE',''
  ) );
#4626 = PCURVE('',#2212,#4627);
#4627 = DEFINITIONAL_REPRESENTATION('',(#4628),#4632);
#4628 = LINE('',#4629,#4630);
#4629 = CARTESIAN_POINT('',(-10.43553390593,5.779518790788));
#4630 = VECTOR('',#4631,1.);
#4631 = DIRECTION('',(1.,1.25524528943E-16));
#4632 = ( GEOMETRIC_REPRESENTATION_CONTEXT(2)
PARAMETRIC_REPRESENTATION_CONTEXT() REPRESENTATION_CONTEXT('2D SPACE',''
  ) );
#4633 = ADVANCED_FACE('',(#4634),#1468,.F.);
#4634 = FACE_BOUND('',#4635,.F.);
#4635 = EDGE_LOOP('',(#4636,#4659,#4660,#4661));
#4636 = ORIENTED_EDGE('',*,*,#4637,.F.);
#4637 = EDGE_CURVE('',#2197,#4638,#4640,.T.);
#4638 = VERTEX_POINT('',#4639);
#4639 = CARTESIAN_POINT('',(13.824264068712,13.,142.82426406871));
#4640 = SURFACE_CURVE('',#4641,(#4645,#4652),.PCURVE_S1.);
#4641 = LINE('',#4642,#4643);
#4642 = CARTESIAN_POINT('',(4.,13.,133.));
#4643 = VECTOR('',#4644,1.);
#4644 = DIRECTION('',(0.707106781187,0.,0.707106781187));
#4645 = PCURVE('',#1468,#4646);
#4646 = DEFINITIONAL_REPRESENTATION('',(#4647),#4651);
#4647 = LINE('',#4648,#4649);
#4648 = CARTESIAN_POINT('',(0.,0.));
#4649 = VECTOR('',#4650,1.);
#4650 = DIRECTION('',(1.,0.));
#4651 = ( GEOMETRIC_REPRESENTATION_CONTEXT(2)
PARAMETRIC_REPRESENTATION_CONTEXT() REPRESENTATION_CONTEXT('2D SPACE',''
  ) );
#4652 = PCURVE('',#2212,#4653);
#4653 = DEFINITIONAL_REPRESENTATION('',(#4654),#4658);
#4654 = LINE('',#4655,#4656);
#4655 = CARTESIAN_POINT('',(13.964466094067,-4.220481209212));
#4656 = VECTOR('',#4657,1.);
#4657 = DIRECTION('',(-0.707106781187,0.707106781187));
#4658 = ( GEOMETRIC_REPRESENTATION_CONTEXT(2)
PARAMETRIC_REPRESENTATION_CONTEXT() REPRESENTATION_CONTEXT('2D SPACE',''
  ) );
#4659 = ORIENTED_EDGE('',*,*,#2224,.T.);
#4660 = ORIENTED_EDGE('',*,*,#1452,.T.);
#4661 = ORIENTED_EDGE('',*,*,#4662,.F.);
#4662 = EDGE_CURVE('',#4638,#1420,#4663,.T.);
#4663 = SURFACE_CURVE('',#4664,(#4668,#4675),.PCURVE_S1.);
#4664 = LINE('',#4665,#4666);
#4665 = CARTESIAN_POINT('',(13.824264068712,13.,142.82426406871));
#4666 = VECTOR('',#4667,1.);
#4667 = DIRECTION('',(0.,-1.,0.));
#4668 = PCURVE('',#1468,#4669);
#4669 = DEFINITIONAL_REPRESENTATION('',(#4670),#4674);
#4670 = LINE('',#4671,#4672);
#4671 = CARTESIAN_POINT('',(13.893607486307,0.));
#4672 = VECTOR('',#4673,1.);
#4673 = DIRECTION('',(0.,-1.));
#4674 = ( GEOMETRIC_REPRESENTATION_CONTEXT(2)
PARAMETRIC_REPRESENTATION_CONTEXT() REPRESENTATION_CONTEXT('2D SPACE',''
  ) );
#4675 = PCURVE('',#1440,#4676);
#4676 = DEFINITIONAL_REPRESENTATION('',(#4677),#4681);
#4677 = LINE('',#4678,#4679);
#4678 = CARTESIAN_POINT('',(0.,0.));
#4679 = VECTOR('',#4680,1.);
#4680 = DIRECTION('',(0.,1.));
#4681 = ( GEOMETRIC_REPRESENTATION_CONTEXT(2)
PARAMETRIC_REPRESENTATION_CONTEXT() REPRESENTATION_CONTEXT('2D SPACE',''
  ) );
#4682 = ADVANCED_FACE('',(#4683),#1440,.T.);
#4683 = FACE_BOUND('',#4684,.T.);
#4684 = EDGE_LOOP('',(#4685,#4707,#4708,#4709));
#4685 = ORIENTED_EDGE('',*,*,#4686,.T.);
#4686 = EDGE_CURVE('',#4638,#4540,#4687,.T.);
#4687 = SURFACE_CURVE('',#4688,(#4693,#4700),.PCURVE_S1.);
#4688 = CIRCLE('',#4689,0.6);
#4689 = AXIS2_PLACEMENT_3D('',#4690,#4691,#4692);
#4690 = CARTESIAN_POINT('',(13.4,13.,143.24852813742));
#4691 = DIRECTION('',(0.,-1.,0.));
#4692 = DIRECTION('',(0.,-0.,-1.));
#4693 = PCURVE('',#1440,#4694);
#4694 = DEFINITIONAL_REPRESENTATION('',(#4695),#4699);
#4695 = LINE('',#4696,#4697);
#4696 = CARTESIAN_POINT('',(-0.785398163397,0.));
#4697 = VECTOR('',#4698,1.);
#4698 = DIRECTION('',(1.,0.));
#4699 = ( GEOMETRIC_REPRESENTATION_CONTEXT(2)
PARAMETRIC_REPRESENTATION_CONTEXT() REPRESENTATION_CONTEXT('2D SPACE',''
  ) );
#4700 = PCURVE('',#2212,#4701);
#4701 = DEFINITIONAL_REPRESENTATION('',(#4702),#4706);
#4702 = CIRCLE('',#4703,0.6);
#4703 = AXIS2_PLACEMENT_2D('',#4704,#4705);
#4704 = CARTESIAN_POINT('',(3.715937956643,5.179518790788));
#4705 = DIRECTION('',(1.,0.));
#4706 = ( GEOMETRIC_REPRESENTATION_CONTEXT(2)
PARAMETRIC_REPRESENTATION_CONTEXT() REPRESENTATION_CONTEXT('2D SPACE',''
  ) );
#4707 = ORIENTED_EDGE('',*,*,#4539,.T.);
#4708 = ORIENTED_EDGE('',*,*,#1419,.F.);
#4709 = ORIENTED_EDGE('',*,*,#4662,.F.);
#4710 = ADVANCED_FACE('',(#4711),#1622,.F.);
#4711 = FACE_BOUND('',#4712,.F.);
#4712 = EDGE_LOOP('',(#4713,#4737,#4758,#4759));
#4713 = ORIENTED_EDGE('',*,*,#4714,.F.);
#4714 = EDGE_CURVE('',#4715,#4715,#4717,.T.);
#4715 = VERTEX_POINT('',#4716);
#4716 = CARTESIAN_POINT('',(87.,13.,149.4));
#4717 = SURFACE_CURVE('',#4718,(#4723,#4730),.PCURVE_S1.);
#4718 = CIRCLE('',#4719,1.4);
#4719 = AXIS2_PLACEMENT_3D('',#4720,#4721,#4722);
#4720 = CARTESIAN_POINT('',(87.,13.,148.));
#4721 = DIRECTION('',(0.,1.,0.));
#4722 = DIRECTION('',(0.,-0.,1.));
#4723 = PCURVE('',#1622,#4724);
#4724 = DEFINITIONAL_REPRESENTATION('',(#4725),#4729);
#4725 = LINE('',#4726,#4727);
#4726 = CARTESIAN_POINT('',(0.,10.));
#4727 = VECTOR('',#4728,1.);
#4728 = DIRECTION('',(1.,0.));
#4729 = ( GEOMETRIC_REPRESENTATION_CONTEXT(2)
PARAMETRIC_REPRESENTATION_CONTEXT() REPRESENTATION_CONTEXT('2D SPACE',''
  ) );
#4730 = PCURVE('',#4235,#4731);
#4731 = DEFINITIONAL_REPRESENTATION('',(#4732),#4736);
#4732 = CIRCLE('',#4733,1.4);
#4733 = AXIS2_PLACEMENT_2D('',#4734,#4735);
#4734 = CARTESIAN_POINT('',(1.035533905933,-0.779518790788));
#4735 = DIRECTION('',(1.,0.));
#4736 = ( GEOMETRIC_REPRESENTATION_CONTEXT(2)
PARAMETRIC_REPRESENTATION_CONTEXT() REPRESENTATION_CONTEXT('2D SPACE',''
  ) );
#4737 = ORIENTED_EDGE('',*,*,#4738,.F.);
#4738 = EDGE_CURVE('',#1606,#4715,#4739,.T.);
#4739 = SEAM_CURVE('',#4740,(#4744,#4751),.PCURVE_S1.);
#4740 = LINE('',#4741,#4742);
#4741 = CARTESIAN_POINT('',(87.,3.,149.4));
#4742 = VECTOR('',#4743,1.);
#4743 = DIRECTION('',(0.,1.,0.));
#4744 = PCURVE('',#1622,#4745);
#4745 = DEFINITIONAL_REPRESENTATION('',(#4746),#4750);
#4746 = LINE('',#4747,#4748);
#4747 = CARTESIAN_POINT('',(6.28318530718,-0.));
#4748 = VECTOR('',#4749,1.);
#4749 = DIRECTION('',(0.,1.));
#4750 = ( GEOMETRIC_REPRESENTATION_CONTEXT(2)
PARAMETRIC_REPRESENTATION_CONTEXT() REPRESENTATION_CONTEXT('2D SPACE',''
  ) );
#4751 = PCURVE('',#1622,#4752);
#4752 = DEFINITIONAL_REPRESENTATION('',(#4753),#4757);
#4753 = LINE('',#4754,#4755);
#4754 = CARTESIAN_POINT('',(0.,-0.));
#4755 = VECTOR('',#4756,1.);
#4756 = DIRECTION('',(0.,1.));
#4757 = ( GEOMETRIC_REPRESENTATION_CONTEXT(2)
PARAMETRIC_REPRESENTATION_CONTEXT() REPRESENTATION_CONTEXT('2D SPACE',''
  ) );
#4758 = ORIENTED_EDGE('',*,*,#1605,.T.);
#4759 = ORIENTED_EDGE('',*,*,#4738,.T.);
#4760 = ADVANCED_FACE('',(#4761),#1655,.F.);
#4761 = FACE_BOUND('',#4762,.F.);
#4762 = EDGE_LOOP('',(#4763,#4764,#4765,#4766));
#4763 = ORIENTED_EDGE('',*,*,#4270,.F.);
#4764 = ORIENTED_EDGE('',*,*,#1638,.F.);
#4765 = ORIENTED_EDGE('',*,*,#2442,.T.);
#4766 = ORIENTED_EDGE('',*,*,#4767,.F.);
#4767 = EDGE_CURVE('',#4192,#2443,#4768,.T.);
#4768 = SURFACE_CURVE('',#4769,(#4774,#4781),.PCURVE_S1.);
#4769 = CIRCLE('',#4770,2.);
#4770 = AXIS2_PLACEMENT_3D('',#4771,#4772,#4773);
#4771 = CARTESIAN_POINT('',(88.,92.,157.5));
#4772 = DIRECTION('',(0.,0.,1.));
#4773 = DIRECTION('',(1.,0.,-0.));
#4774 = PCURVE('',#1655,#4775);
#4775 = DEFINITIONAL_REPRESENTATION('',(#4776),#4780);
#4776 = LINE('',#4777,#4778);
#4777 = CARTESIAN_POINT('',(0.,151.5));
#4778 = VECTOR('',#4779,1.);
#4779 = DIRECTION('',(1.,0.));
#4780 = ( GEOMETRIC_REPRESENTATION_CONTEXT(2)
PARAMETRIC_REPRESENTATION_CONTEXT() REPRESENTATION_CONTEXT('2D SPACE',''
  ) );
#4781 = PCURVE('',#4782,#4787);
#4782 = TOROIDAL_SURFACE('',#4783,2.5,0.5);
#4783 = AXIS2_PLACEMENT_3D('',#4784,#4785,#4786);
#4784 = CARTESIAN_POINT('',(88.,92.,157.5));
#4785 = DIRECTION('',(0.,0.,1.));
#4786 = DIRECTION('',(1.,0.,-0.));
#4787 = DEFINITIONAL_REPRESENTATION('',(#4788),#4792);
#4788 = LINE('',#4789,#4790);
#4789 = CARTESIAN_POINT('',(0.,3.14159265359));
#4790 = VECTOR('',#4791,1.);
#4791 = DIRECTION('',(1.,0.));
#4792 = ( GEOMETRIC_REPRESENTATION_CONTEXT(2)
PARAMETRIC_REPRESENTATION_CONTEXT() REPRESENTATION_CONTEXT('2D SPACE',''
  ) );
#4793 = ADVANCED_FACE('',(#4794),#1961,.T.);
#4794 = FACE_BOUND('',#4795,.T.);
#4795 = EDGE_LOOP('',(#4796,#4819,#4820,#4821));
#4796 = ORIENTED_EDGE('',*,*,#4797,.F.);
#4797 = EDGE_CURVE('',#1923,#4798,#4800,.T.);
#4798 = VERTEX_POINT('',#4799);
#4799 = CARTESIAN_POINT('',(22.,45.,8.7));
#4800 = SEAM_CURVE('',#4801,(#4805,#4812),.PCURVE_S1.);
#4801 = LINE('',#4802,#4803);
#4802 = CARTESIAN_POINT('',(22.,45.,5.));
#4803 = VECTOR('',#4804,1.);
#4804 = DIRECTION('',(0.,0.,1.));
#4805 = PCURVE('',#1961,#4806);
#4806 = DEFINITIONAL_REPRESENTATION('',(#4807),#4811);
#4807 = LINE('',#4808,#4809);
#4808 = CARTESIAN_POINT('',(0.,-0.));
#4809 = VECTOR('',#4810,1.);
#4810 = DIRECTION('',(0.,1.));
#4811 = ( GEOMETRIC_REPRESENTATION_CONTEXT(2)
PARAMETRIC_REPRESENTATION_CONTEXT() REPRESENTATION_CONTEXT('2D SPACE',''
  ) );
#4812 = PCURVE('',#1961,#4813);
#4813 = DEFINITIONAL_REPRESENTATION('',(#4814),#4818);
#4814 = LINE('',#4815,#4816);
#4815 = CARTESIAN_POINT('',(6.28318530718,-0.));
#4816 = VECTOR('',#4817,1.);
#4817 = DIRECTION('',(0.,1.));
#4818 = ( GEOMETRIC_REPRESENTATION_CONTEXT(2)
PARAMETRIC_REPRESENTATION_CONTEXT() REPRESENTATION_CONTEXT('2D SPACE',''
  ) );
#4819 = ORIENTED_EDGE('',*,*,#1946,.T.);
#4820 = ORIENTED_EDGE('',*,*,#4797,.T.);
#4821 = ORIENTED_EDGE('',*,*,#4822,.F.);
#4822 = EDGE_CURVE('',#4798,#4798,#4823,.T.);
#4823 = SURFACE_CURVE('',#4824,(#4829,#4836),.PCURVE_S1.);
#4824 = CIRCLE('',#4825,4.);
#4825 = AXIS2_PLACEMENT_3D('',#4826,#4827,#4828);
#4826 = CARTESIAN_POINT('',(18.,45.,8.7));
#4827 = DIRECTION('',(0.,0.,1.));
#4828 = DIRECTION('',(1.,0.,-0.));
#4829 = PCURVE('',#1961,#4830);
#4830 = DEFINITIONAL_REPRESENTATION('',(#4831),#4835);
#4831 = LINE('',#4832,#4833);
#4832 = CARTESIAN_POINT('',(0.,3.7));
#4833 = VECTOR('',#4834,1.);
#4834 = DIRECTION('',(1.,0.));
#4835 = ( GEOMETRIC_REPRESENTATION_CONTEXT(2)
PARAMETRIC_REPRESENTATION_CONTEXT() REPRESENTATION_CONTEXT('2D SPACE',''
  ) );
#4836 = PCURVE('',#4837,#4842);
#4837 = CONICAL_SURFACE('',#4838,4.,0.785398163397);
#4838 = AXIS2_PLACEMENT_3D('',#4839,#4840,#4841);
#4839 = CARTESIAN_POINT('',(18.,45.,8.7));
#4840 = DIRECTION('',(-0.,-0.,-1.));
#4841 = DIRECTION('',(1.,0.,0.));
#4842 = DEFINITIONAL_REPRESENTATION('',(#4843),#4847);
#4843 = LINE('',#4844,#4845);
#4844 = CARTESIAN_POINT('',(-0.,-0.));
#4845 = VECTOR('',#4846,1.);
#4846 = DIRECTION('',(-1.,-0.));
#4847 = ( GEOMETRIC_REPRESENTATION_CONTEXT(2)
PARAMETRIC_REPRESENTATION_CONTEXT() REPRESENTATION_CONTEXT('2D SPACE',''
  ) );
#4848 = ADVANCED_FACE('',(#4849),#2016,.T.);
#4849 = FACE_BOUND('',#4850,.T.);
#4850 = EDGE_LOOP('',(#4851,#4872,#4873,#4874));
#4851 = ORIENTED_EDGE('',*,*,#4852,.F.);
#4852 = EDGE_CURVE('',#1977,#4853,#4855,.T.);
#4853 = VERTEX_POINT('',#4854);
#4854 = CARTESIAN_POINT('',(81.7,45.,9.));
#4855 = SEAM_CURVE('',#4856,(#4860,#4866),.PCURVE_S1.);
#4856 = LINE('',#4857,#4858);
#4857 = CARTESIAN_POINT('',(82.,45.,8.7));
#4858 = VECTOR('',#4859,1.);
#4859 = DIRECTION('',(-0.707106781187,0.,0.707106781187));
#4860 = PCURVE('',#2016,#4861);
#4861 = DEFINITIONAL_REPRESENTATION('',(#4862),#4865);
#4862 = B_SPLINE_CURVE_WITH_KNOTS('',1,(#4863,#4864),.UNSPECIFIED.,.F.,
  .F.,(2,2),(0.,0.424264068712),.PIECEWISE_BEZIER_KNOTS.);
#4863 = CARTESIAN_POINT('',(0.,0.));
#4864 = CARTESIAN_POINT('',(0.,-0.3));
#4865 = ( GEOMETRIC_REPRESENTATION_CONTEXT(2)
PARAMETRIC_REPRESENTATION_CONTEXT() REPRESENTATION_CONTEXT('2D SPACE',''
  ) );
#4866 = PCURVE('',#2016,#4867);
#4867 = DEFINITIONAL_REPRESENTATION('',(#4868),#4871);
#4868 = B_SPLINE_CURVE_WITH_KNOTS('',1,(#4869,#4870),.UNSPECIFIED.,.F.,
  .F.,(2,2),(0.,0.424264068712),.PIECEWISE_BEZIER_KNOTS.);
#4869 = CARTESIAN_POINT('',(-6.28318530718,0.));
#4870 = CARTESIAN_POINT('',(-6.28318530718,-0.3));
#4871 = ( GEOMETRIC_REPRESENTATION_CONTEXT(2)
PARAMETRIC_REPRESENTATION_CONTEXT() REPRESENTATION_CONTEXT('2D SPACE',''
  ) );
#4872 = ORIENTED_EDGE('',*,*,#2001,.T.);
#4873 = ORIENTED_EDGE('',*,*,#4852,.T.);
#4874 = ORIENTED_EDGE('',*,*,#4875,.F.);
#4875 = EDGE_CURVE('',#4853,#4853,#4876,.T.);
#4876 = SURFACE_CURVE('',#4877,(#4882,#4889),.PCURVE_S1.);
#4877 = CIRCLE('',#4878,3.7);
#4878 = AXIS2_PLACEMENT_3D('',#4879,#4880,#4881);
#4879 = CARTESIAN_POINT('',(78.,45.,9.));
#4880 = DIRECTION('',(0.,0.,1.));
#4881 = DIRECTION('',(1.,0.,-0.));
#4882 = PCURVE('',#2016,#4883);
#4883 = DEFINITIONAL_REPRESENTATION('',(#4884),#4888);
#4884 = LINE('',#4885,#4886);
#4885 = CARTESIAN_POINT('',(-0.,-0.3));
#4886 = VECTOR('',#4887,1.);
#4887 = DIRECTION('',(-1.,-0.));
#4888 = ( GEOMETRIC_REPRESENTATION_CONTEXT(2)
PARAMETRIC_REPRESENTATION_CONTEXT() REPRESENTATION_CONTEXT('2D SPACE',''
  ) );
#4889 = PCURVE('',#4890,#4895);
#4890 = PLANE('',#4891);
#4891 = AXIS2_PLACEMENT_3D('',#4892,#4893,#4894);
#4892 = CARTESIAN_POINT('',(78.,45.,9.));
#4893 = DIRECTION('',(0.,0.,1.));
#4894 = DIRECTION('',(1.,0.,-0.));
#4895 = DEFINITIONAL_REPRESENTATION('',(#4896),#4900);
#4896 = CIRCLE('',#4897,3.7);
#4897 = AXIS2_PLACEMENT_2D('',#4898,#4899);
#4898 = CARTESIAN_POINT('',(0.,0.));
#4899 = DIRECTION('',(1.,0.));
#4900 = ( GEOMETRIC_REPRESENTATION_CONTEXT(2)
PARAMETRIC_REPRESENTATION_CONTEXT() REPRESENTATION_CONTEXT('2D SPACE',''
  ) );
#4901 = ADVANCED_FACE('',(#4902),#2049,.T.);
#4902 = FACE_BOUND('',#4903,.F.);
#4903 = EDGE_LOOP('',(#4904,#4927,#4928,#4951));
#4904 = ORIENTED_EDGE('',*,*,#4905,.F.);
#4905 = EDGE_CURVE('',#2032,#4906,#4908,.T.);
#4906 = VERTEX_POINT('',#4907);
#4907 = CARTESIAN_POINT('',(5.7,77.,98.5));
#4908 = SURFACE_CURVE('',#4909,(#4913,#4920),.PCURVE_S1.);
#4909 = LINE('',#4910,#4911);
#4910 = CARTESIAN_POINT('',(5.8,77.1,98.4));
#4911 = VECTOR('',#4912,1.);
#4912 = DIRECTION('',(-0.57735026919,-0.57735026919,0.57735026919));
#4913 = PCURVE('',#2049,#4914);
#4914 = DEFINITIONAL_REPRESENTATION('',(#4915),#4919);
#4915 = LINE('',#4916,#4917);
#4916 = CARTESIAN_POINT('',(0.1,7.071067811866E-02));
#4917 = VECTOR('',#4918,1.);
#4918 = DIRECTION('',(-0.57735026919,0.816496580928));
#4919 = ( GEOMETRIC_REPRESENTATION_CONTEXT(2)
PARAMETRIC_REPRESENTATION_CONTEXT() REPRESENTATION_CONTEXT('2D SPACE',''
  ) );
#4920 = PCURVE('',#2131,#4921);
#4921 = DEFINITIONAL_REPRESENTATION('',(#4922),#4926);
#4922 = LINE('',#4923,#4924);
#4923 = CARTESIAN_POINT('',(9.999999999999E-02,7.071067811865E-02));
#4924 = VECTOR('',#4925,1.);
#4925 = DIRECTION('',(-0.57735026919,0.816496580928));
#4926 = ( GEOMETRIC_REPRESENTATION_CONTEXT(2)
PARAMETRIC_REPRESENTATION_CONTEXT() REPRESENTATION_CONTEXT('2D SPACE',''
  ) );
#4927 = ORIENTED_EDGE('',*,*,#2031,.T.);
#4928 = ORIENTED_EDGE('',*,*,#4929,.T.);
#4929 = EDGE_CURVE('',#2034,#4930,#4932,.T.);
#4930 = VERTEX_POINT('',#4931);
#4931 = CARTESIAN_POINT('',(5.7,49.,98.5));
#4932 = SURFACE_CURVE('',#4933,(#4937,#4944),.PCURVE_S1.);
#4933 = LINE('',#4934,#4935);
#4934 = CARTESIAN_POINT('',(1.133333333333,53.566666666667,
    103.06666666666));
#4935 = VECTOR('',#4936,1.);
#4936 = DIRECTION('',(-0.57735026919,0.57735026919,0.57735026919));
#4937 = PCURVE('',#2049,#4938);
#4938 = DEFINITIONAL_REPRESENTATION('',(#4939),#4943);
#4939 = LINE('',#4940,#4941);
#4940 = CARTESIAN_POINT('',(-23.43333333333,6.670373969193));
#4941 = VECTOR('',#4942,1.);
#4942 = DIRECTION('',(0.57735026919,0.816496580928));
#4943 = ( GEOMETRIC_REPRESENTATION_CONTEXT(2)
PARAMETRIC_REPRESENTATION_CONTEXT() REPRESENTATION_CONTEXT('2D SPACE',''
  ) );
#4944 = PCURVE('',#2077,#4945);
#4945 = DEFINITIONAL_REPRESENTATION('',(#4946),#4950);
#4946 = LINE('',#4947,#4948);
#4947 = CARTESIAN_POINT('',(-4.566666666667,6.670373969193));
#4948 = VECTOR('',#4949,1.);
#4949 = DIRECTION('',(-0.57735026919,0.816496580928));
#4950 = ( GEOMETRIC_REPRESENTATION_CONTEXT(2)
PARAMETRIC_REPRESENTATION_CONTEXT() REPRESENTATION_CONTEXT('2D SPACE',''
  ) );
#4951 = ORIENTED_EDGE('',*,*,#4952,.F.);
#4952 = EDGE_CURVE('',#4906,#4930,#4953,.T.);
#4953 = SURFACE_CURVE('',#4954,(#4958,#4965),.PCURVE_S1.);
#4954 = LINE('',#4955,#4956);
#4955 = CARTESIAN_POINT('',(5.7,77.,98.5));
#4956 = VECTOR('',#4957,1.);
#4957 = DIRECTION('',(0.,-1.,0.));
#4958 = PCURVE('',#2049,#4959);
#4959 = DEFINITIONAL_REPRESENTATION('',(#4960),#4964);
#4960 = LINE('',#4961,#4962);
#4961 = CARTESIAN_POINT('',(-0.,0.212132034356));
#4962 = VECTOR('',#4963,1.);
#4963 = DIRECTION('',(-1.,0.));
#4964 = ( GEOMETRIC_REPRESENTATION_CONTEXT(2)
PARAMETRIC_REPRESENTATION_CONTEXT() REPRESENTATION_CONTEXT('2D SPACE',''
  ) );
#4965 = PCURVE('',#4966,#4971);
#4966 = PLANE('',#4967);
#4967 = AXIS2_PLACEMENT_3D('',#4968,#4969,#4970);
#4968 = CARTESIAN_POINT('',(-1.,49.,98.5));
#4969 = DIRECTION('',(0.,0.,1.));
#4970 = DIRECTION('',(1.,0.,-0.));
#4971 = DEFINITIONAL_REPRESENTATION('',(#4972),#4976);
#4972 = LINE('',#4973,#4974);
#4973 = CARTESIAN_POINT('',(6.7,28.));
#4974 = VECTOR('',#4975,1.);
#4975 = DIRECTION('',(0.,-1.));
#4976 = ( GEOMETRIC_REPRESENTATION_CONTEXT(2)
PARAMETRIC_REPRESENTATION_CONTEXT() REPRESENTATION_CONTEXT('2D SPACE',''
  ) );
#4977 = ADVANCED_FACE('',(#4978),#2131,.F.);
#4978 = FACE_BOUND('',#4979,.T.);
#4979 = EDGE_LOOP('',(#4980,#4981,#4982,#5005));
#4980 = ORIENTED_EDGE('',*,*,#4905,.F.);
#4981 = ORIENTED_EDGE('',*,*,#2117,.T.);
#4982 = ORIENTED_EDGE('',*,*,#4983,.T.);
#4983 = EDGE_CURVE('',#2090,#4984,#4986,.T.);
#4984 = VERTEX_POINT('',#4985);
#4985 = CARTESIAN_POINT('',(5.7,77.,118.5));
#4986 = SURFACE_CURVE('',#4987,(#4991,#4998),.PCURVE_S1.);
#4987 = LINE('',#4988,#4989);
#4988 = CARTESIAN_POINT('',(2.466666666667,73.766666666667,
    115.26666666666));
#4989 = VECTOR('',#4990,1.);
#4990 = DIRECTION('',(-0.57735026919,-0.57735026919,-0.57735026919));
#4991 = PCURVE('',#2131,#4992);
#4992 = DEFINITIONAL_REPRESENTATION('',(#4993),#4997);
#4993 = LINE('',#4994,#4995);
#4994 = CARTESIAN_POINT('',(-16.76666666666,4.784755886029));
#4995 = VECTOR('',#4996,1.);
#4996 = DIRECTION('',(0.57735026919,0.816496580928));
#4997 = ( GEOMETRIC_REPRESENTATION_CONTEXT(2)
PARAMETRIC_REPRESENTATION_CONTEXT() REPRESENTATION_CONTEXT('2D SPACE',''
  ) );
#4998 = PCURVE('',#2105,#4999);
#4999 = DEFINITIONAL_REPRESENTATION('',(#5000),#5004);
#5000 = LINE('',#5001,#5002);
#5001 = CARTESIAN_POINT('',(-3.233333333333,4.784755886029));
#5002 = VECTOR('',#5003,1.);
#5003 = DIRECTION('',(-0.57735026919,0.816496580928));
#5004 = ( GEOMETRIC_REPRESENTATION_CONTEXT(2)
PARAMETRIC_REPRESENTATION_CONTEXT() REPRESENTATION_CONTEXT('2D SPACE',''
  ) );
#5005 = ORIENTED_EDGE('',*,*,#5006,.F.);
#5006 = EDGE_CURVE('',#4906,#4984,#5007,.T.);
#5007 = SURFACE_CURVE('',#5008,(#5012,#5019),.PCURVE_S1.);
#5008 = LINE('',#5009,#5010);
#5009 = CARTESIAN_POINT('',(5.7,77.,98.5));
#5010 = VECTOR('',#5011,1.);
#5011 = DIRECTION('',(0.,0.,1.));
#5012 = PCURVE('',#2131,#5013);
#5013 = DEFINITIONAL_REPRESENTATION('',(#5014),#5018);
#5014 = LINE('',#5015,#5016);
#5015 = CARTESIAN_POINT('',(-0.,0.212132034356));
#5016 = VECTOR('',#5017,1.);
#5017 = DIRECTION('',(-1.,0.));
#5018 = ( GEOMETRIC_REPRESENTATION_CONTEXT(2)
PARAMETRIC_REPRESENTATION_CONTEXT() REPRESENTATION_CONTEXT('2D SPACE',''
  ) );
#5019 = PCURVE('',#5020,#5025);
#5020 = PLANE('',#5021);
#5021 = AXIS2_PLACEMENT_3D('',#5022,#5023,#5024);
#5022 = CARTESIAN_POINT('',(-1.,77.,98.5));
#5023 = DIRECTION('',(-0.,1.,0.));
#5024 = DIRECTION('',(0.,0.,1.));
#5025 = DEFINITIONAL_REPRESENTATION('',(#5026),#5030);
#5026 = LINE('',#5027,#5028);
#5027 = CARTESIAN_POINT('',(0.,6.7));
#5028 = VECTOR('',#5029,1.);
#5029 = DIRECTION('',(1.,0.));
#5030 = ( GEOMETRIC_REPRESENTATION_CONTEXT(2)
PARAMETRIC_REPRESENTATION_CONTEXT() REPRESENTATION_CONTEXT('2D SPACE',''
  ) );
#5031 = ADVANCED_FACE('',(#5032),#2077,.T.);
#5032 = FACE_BOUND('',#5033,.F.);
#5033 = EDGE_LOOP('',(#5034,#5035,#5036,#5059));
#5034 = ORIENTED_EDGE('',*,*,#4929,.F.);
#5035 = ORIENTED_EDGE('',*,*,#2061,.T.);
#5036 = ORIENTED_EDGE('',*,*,#5037,.T.);
#5037 = EDGE_CURVE('',#2062,#5038,#5040,.T.);
#5038 = VERTEX_POINT('',#5039);
#5039 = CARTESIAN_POINT('',(5.7,49.,118.5));
#5040 = SURFACE_CURVE('',#5041,(#5045,#5052),.PCURVE_S1.);
#5041 = LINE('',#5042,#5043);
#5042 = CARTESIAN_POINT('',(-2.2,56.9,110.6));
#5043 = VECTOR('',#5044,1.);
#5044 = DIRECTION('',(-0.57735026919,0.57735026919,-0.57735026919));
#5045 = PCURVE('',#2077,#5046);
#5046 = DEFINITIONAL_REPRESENTATION('',(#5047),#5051);
#5047 = LINE('',#5048,#5049);
#5048 = CARTESIAN_POINT('',(-12.1,11.384419177103));
#5049 = VECTOR('',#5050,1.);
#5050 = DIRECTION('',(0.57735026919,0.816496580928));
#5051 = ( GEOMETRIC_REPRESENTATION_CONTEXT(2)
PARAMETRIC_REPRESENTATION_CONTEXT() REPRESENTATION_CONTEXT('2D SPACE',''
  ) );
#5052 = PCURVE('',#2105,#5053);
#5053 = DEFINITIONAL_REPRESENTATION('',(#5054),#5058);
#5054 = LINE('',#5055,#5056);
#5055 = CARTESIAN_POINT('',(-20.1,11.384419177103));
#5056 = VECTOR('',#5057,1.);
#5057 = DIRECTION('',(0.57735026919,0.816496580928));
#5058 = ( GEOMETRIC_REPRESENTATION_CONTEXT(2)
PARAMETRIC_REPRESENTATION_CONTEXT() REPRESENTATION_CONTEXT('2D SPACE',''
  ) );
#5059 = ORIENTED_EDGE('',*,*,#5060,.F.);
#5060 = EDGE_CURVE('',#4930,#5038,#5061,.T.);
#5061 = SURFACE_CURVE('',#5062,(#5066,#5073),.PCURVE_S1.);
#5062 = LINE('',#5063,#5064);
#5063 = CARTESIAN_POINT('',(5.7,49.,98.5));
#5064 = VECTOR('',#5065,1.);
#5065 = DIRECTION('',(0.,0.,1.));
#5066 = PCURVE('',#2077,#5067);
#5067 = DEFINITIONAL_REPRESENTATION('',(#5068),#5072);
#5068 = LINE('',#5069,#5070);
#5069 = CARTESIAN_POINT('',(-0.,0.212132034356));
#5070 = VECTOR('',#5071,1.);
#5071 = DIRECTION('',(-1.,0.));
#5072 = ( GEOMETRIC_REPRESENTATION_CONTEXT(2)
PARAMETRIC_REPRESENTATION_CONTEXT() REPRESENTATION_CONTEXT('2D SPACE',''
  ) );
#5073 = PCURVE('',#5074,#5079);
#5074 = PLANE('',#5075);
#5075 = AXIS2_PLACEMENT_3D('',#5076,#5077,#5078);
#5076 = CARTESIAN_POINT('',(-1.,49.,98.5));
#5077 = DIRECTION('',(-0.,1.,0.));
#5078 = DIRECTION('',(0.,0.,1.));
#5079 = DEFINITIONAL_REPRESENTATION('',(#5080),#5084);
#5080 = LINE('',#5081,#5082);
#5081 = CARTESIAN_POINT('',(0.,6.7));
#5082 = VECTOR('',#5083,1.);
#5083 = DIRECTION('',(1.,0.));
#5084 = ( GEOMETRIC_REPRESENTATION_CONTEXT(2)
PARAMETRIC_REPRESENTATION_CONTEXT() REPRESENTATION_CONTEXT('2D SPACE',''
  ) );
#5085 = ADVANCED_FACE('',(#5086),#2105,.F.);
#5086 = FACE_BOUND('',#5087,.T.);
#5087 = EDGE_LOOP('',(#5088,#5089,#5090,#5091));
#5088 = ORIENTED_EDGE('',*,*,#4983,.F.);
#5089 = ORIENTED_EDGE('',*,*,#2089,.T.);
#5090 = ORIENTED_EDGE('',*,*,#5037,.T.);
#5091 = ORIENTED_EDGE('',*,*,#5092,.F.);
#5092 = EDGE_CURVE('',#4984,#5038,#5093,.T.);
#5093 = SURFACE_CURVE('',#5094,(#5098,#5105),.PCURVE_S1.);
#5094 = LINE('',#5095,#5096);
#5095 = CARTESIAN_POINT('',(5.7,77.,118.5));
#5096 = VECTOR('',#5097,1.);
#5097 = DIRECTION('',(0.,-1.,0.));
#5098 = PCURVE('',#2105,#5099);
#5099 = DEFINITIONAL_REPRESENTATION('',(#5100),#5104);
#5100 = LINE('',#5101,#5102);
#5101 = CARTESIAN_POINT('',(-0.,0.212132034356));
#5102 = VECTOR('',#5103,1.);
#5103 = DIRECTION('',(-1.,0.));
#5104 = ( GEOMETRIC_REPRESENTATION_CONTEXT(2)
PARAMETRIC_REPRESENTATION_CONTEXT() REPRESENTATION_CONTEXT('2D SPACE',''
  ) );
#5105 = PCURVE('',#5106,#5111);
#5106 = PLANE('',#5107);
#5107 = AXIS2_PLACEMENT_3D('',#5108,#5109,#5110);
#5108 = CARTESIAN_POINT('',(-1.,49.,118.5));
#5109 = DIRECTION('',(0.,0.,1.));
#5110 = DIRECTION('',(1.,0.,-0.));
#5111 = DEFINITIONAL_REPRESENTATION('',(#5112),#5116);
#5112 = LINE('',#5113,#5114);
#5113 = CARTESIAN_POINT('',(6.7,28.));
#5114 = VECTOR('',#5115,1.);
#5115 = DIRECTION('',(0.,-1.));
#5116 = ( GEOMETRIC_REPRESENTATION_CONTEXT(2)
PARAMETRIC_REPRESENTATION_CONTEXT() REPRESENTATION_CONTEXT('2D SPACE',''
  ) );
#5117 = ADVANCED_FACE('',(#5118),#2184,.T.);
#5118 = FACE_BOUND('',#5119,.F.);
#5119 = EDGE_LOOP('',(#5120,#5150,#5170,#5171));
#5120 = ORIENTED_EDGE('',*,*,#5121,.F.);
#5121 = EDGE_CURVE('',#5122,#5124,#5126,.T.);
#5122 = VERTEX_POINT('',#5123);
#5123 = CARTESIAN_POINT('',(5.5,92.,158.));
#5124 = VERTEX_POINT('',#5125);
#5125 = CARTESIAN_POINT('',(5.5,13.,158.));
#5126 = SURFACE_CURVE('',#5127,(#5131,#5138),.PCURVE_S1.);
#5127 = LINE('',#5128,#5129);
#5128 = CARTESIAN_POINT('',(5.5,92.,158.));
#5129 = VECTOR('',#5130,1.);
#5130 = DIRECTION('',(0.,-1.,-0.));
#5131 = PCURVE('',#2184,#5132);
#5132 = DEFINITIONAL_REPRESENTATION('',(#5133),#5137);
#5133 = LINE('',#5134,#5135);
#5134 = CARTESIAN_POINT('',(-0.,0.));
#5135 = VECTOR('',#5136,1.);
#5136 = DIRECTION('',(-0.,1.));
#5137 = ( GEOMETRIC_REPRESENTATION_CONTEXT(2)
PARAMETRIC_REPRESENTATION_CONTEXT() REPRESENTATION_CONTEXT('2D SPACE',''
  ) );
#5138 = PCURVE('',#5139,#5144);
#5139 = PLANE('',#5140);
#5140 = AXIS2_PLACEMENT_3D('',#5141,#5142,#5143);
#5141 = CARTESIAN_POINT('',(0.,0.,158.));
#5142 = DIRECTION('',(0.,0.,1.));
#5143 = DIRECTION('',(1.,0.,-0.));
#5144 = DEFINITIONAL_REPRESENTATION('',(#5145),#5149);
#5145 = LINE('',#5146,#5147);
#5146 = CARTESIAN_POINT('',(5.5,92.));
#5147 = VECTOR('',#5148,1.);
#5148 = DIRECTION('',(0.,-1.));
#5149 = ( GEOMETRIC_REPRESENTATION_CONTEXT(2)
PARAMETRIC_REPRESENTATION_CONTEXT() REPRESENTATION_CONTEXT('2D SPACE',''
  ) );
#5150 = ORIENTED_EDGE('',*,*,#5151,.T.);
#5151 = EDGE_CURVE('',#5122,#2146,#5152,.T.);
#5152 = SURFACE_CURVE('',#5153,(#5158,#5164),.PCURVE_S1.);
#5153 = CIRCLE('',#5154,0.5);
#5154 = AXIS2_PLACEMENT_3D('',#5155,#5156,#5157);
#5155 = CARTESIAN_POINT('',(5.5,92.,157.5));
#5156 = DIRECTION('',(6.123233995737E-17,1.,-0.));
#5157 = DIRECTION('',(-1.,6.123233995737E-17,0.));
#5158 = PCURVE('',#2184,#5159);
#5159 = DEFINITIONAL_REPRESENTATION('',(#5160),#5163);
#5160 = B_SPLINE_CURVE_WITH_KNOTS('',1,(#5161,#5162),.UNSPECIFIED.,.F.,
  .F.,(2,2),(1.570796326795,3.14159265359),.PIECEWISE_BEZIER_KNOTS.);
#5161 = CARTESIAN_POINT('',(0.,0.));
#5162 = CARTESIAN_POINT('',(-1.570796326795,0.));
#5163 = ( GEOMETRIC_REPRESENTATION_CONTEXT(2)
PARAMETRIC_REPRESENTATION_CONTEXT() REPRESENTATION_CONTEXT('2D SPACE',''
  ) );
#5164 = PCURVE('',#2396,#5165);
#5165 = DEFINITIONAL_REPRESENTATION('',(#5166),#5169);
#5166 = B_SPLINE_CURVE_WITH_KNOTS('',1,(#5167,#5168),.UNSPECIFIED.,.F.,
  .F.,(2,2),(1.570796326795,3.14159265359),.PIECEWISE_BEZIER_KNOTS.);
#5167 = CARTESIAN_POINT('',(1.570796326795,1.570796326795));
#5168 = CARTESIAN_POINT('',(1.570796326795,3.14159265359));
#5169 = ( GEOMETRIC_REPRESENTATION_CONTEXT(2)
PARAMETRIC_REPRESENTATION_CONTEXT() REPRESENTATION_CONTEXT('2D SPACE',''
  ) );
#5170 = ORIENTED_EDGE('',*,*,#2168,.T.);
#5171 = ORIENTED_EDGE('',*,*,#5172,.T.);
#5172 = EDGE_CURVE('',#2169,#5124,#5173,.T.);
#5173 = SURFACE_CURVE('',#5174,(#5179,#5186),.PCURVE_S1.);
#5174 = CIRCLE('',#5175,0.5);
#5175 = AXIS2_PLACEMENT_3D('',#5176,#5177,#5178);
#5176 = CARTESIAN_POINT('',(5.5,13.,157.5));
#5177 = DIRECTION('',(0.,-1.,0.));
#5178 = DIRECTION('',(0.,0.,1.));
#5179 = PCURVE('',#2184,#5180);
#5180 = DEFINITIONAL_REPRESENTATION('',(#5181),#5185);
#5181 = LINE('',#5182,#5183);
#5182 = CARTESIAN_POINT('',(-6.28318530718,79.));
#5183 = VECTOR('',#5184,1.);
#5184 = DIRECTION('',(1.,-0.));
#5185 = ( GEOMETRIC_REPRESENTATION_CONTEXT(2)
PARAMETRIC_REPRESENTATION_CONTEXT() REPRESENTATION_CONTEXT('2D SPACE',''
  ) );
#5186 = PCURVE('',#2212,#5187);
#5187 = DEFINITIONAL_REPRESENTATION('',(#5188),#5192);
#5188 = CIRCLE('',#5189,0.5);
#5189 = AXIS2_PLACEMENT_2D('',#5190,#5191);
#5190 = CARTESIAN_POINT('',(-10.53553390593,-2.720481209212));
#5191 = DIRECTION('',(-1.,0.));
#5192 = ( GEOMETRIC_REPRESENTATION_CONTEXT(2)
PARAMETRIC_REPRESENTATION_CONTEXT() REPRESENTATION_CONTEXT('2D SPACE',''
  ) );
#5193 = ADVANCED_FACE('',(#5194,#5246),#2212,.F.);
#5194 = FACE_BOUND('',#5195,.F.);
#5195 = EDGE_LOOP('',(#5196,#5197,#5198,#5199,#5200,#5201,#5225));
#5196 = ORIENTED_EDGE('',*,*,#5172,.F.);
#5197 = ORIENTED_EDGE('',*,*,#2196,.F.);
#5198 = ORIENTED_EDGE('',*,*,#4637,.T.);
#5199 = ORIENTED_EDGE('',*,*,#4686,.T.);
#5200 = ORIENTED_EDGE('',*,*,#4613,.F.);
#5201 = ORIENTED_EDGE('',*,*,#5202,.T.);
#5202 = EDGE_CURVE('',#4586,#5203,#5205,.T.);
#5203 = VERTEX_POINT('',#5204);
#5204 = CARTESIAN_POINT('',(13.4,13.,158.));
#5205 = SURFACE_CURVE('',#5206,(#5211,#5218),.PCURVE_S1.);
#5206 = CIRCLE('',#5207,0.6);
#5207 = AXIS2_PLACEMENT_3D('',#5208,#5209,#5210);
#5208 = CARTESIAN_POINT('',(13.4,13.,157.4));
#5209 = DIRECTION('',(0.,-1.,0.));
#5210 = DIRECTION('',(0.,-0.,-1.));
#5211 = PCURVE('',#2212,#5212);
#5212 = DEFINITIONAL_REPRESENTATION('',(#5213),#5217);
#5213 = CIRCLE('',#5214,0.6);
#5214 = AXIS2_PLACEMENT_2D('',#5215,#5216);
#5215 = CARTESIAN_POINT('',(-10.43553390593,5.179518790788));
#5216 = DIRECTION('',(1.,0.));
#5217 = ( GEOMETRIC_REPRESENTATION_CONTEXT(2)
PARAMETRIC_REPRESENTATION_CONTEXT() REPRESENTATION_CONTEXT('2D SPACE',''
  ) );
#5218 = PCURVE('',#4601,#5219);
#5219 = DEFINITIONAL_REPRESENTATION('',(#5220),#5224);
#5220 = LINE('',#5221,#5222);
#5221 = CARTESIAN_POINT('',(-1.570796326795,0.));
#5222 = VECTOR('',#5223,1.);
#5223 = DIRECTION('',(1.,0.));
#5224 = ( GEOMETRIC_REPRESENTATION_CONTEXT(2)
PARAMETRIC_REPRESENTATION_CONTEXT() REPRESENTATION_CONTEXT('2D SPACE',''
  ) );
#5225 = ORIENTED_EDGE('',*,*,#5226,.T.);
#5226 = EDGE_CURVE('',#5203,#5124,#5227,.T.);
#5227 = SURFACE_CURVE('',#5228,(#5232,#5239),.PCURVE_S1.);
#5228 = LINE('',#5229,#5230);
#5229 = CARTESIAN_POINT('',(14.,13.,158.));
#5230 = VECTOR('',#5231,1.);
#5231 = DIRECTION('',(-1.,0.,0.));
#5232 = PCURVE('',#2212,#5233);
#5233 = DEFINITIONAL_REPRESENTATION('',(#5234),#5238);
#5234 = LINE('',#5235,#5236);
#5235 = CARTESIAN_POINT('',(-11.03553390593,5.779518790788));
#5236 = VECTOR('',#5237,1.);
#5237 = DIRECTION('',(0.,-1.));
#5238 = ( GEOMETRIC_REPRESENTATION_CONTEXT(2)
PARAMETRIC_REPRESENTATION_CONTEXT() REPRESENTATION_CONTEXT('2D SPACE',''
  ) );
#5239 = PCURVE('',#5139,#5240);
#5240 = DEFINITIONAL_REPRESENTATION('',(#5241),#5245);
#5241 = LINE('',#5242,#5243);
#5242 = CARTESIAN_POINT('',(14.,13.));
#5243 = VECTOR('',#5244,1.);
#5244 = DIRECTION('',(-1.,0.));
#5245 = ( GEOMETRIC_REPRESENTATION_CONTEXT(2)
PARAMETRIC_REPRESENTATION_CONTEXT() REPRESENTATION_CONTEXT('2D SPACE',''
  ) );
#5246 = FACE_BOUND('',#5247,.F.);
#5247 = EDGE_LOOP('',(#5248));
#5248 = ORIENTED_EDGE('',*,*,#4029,.T.);
#5249 = ADVANCED_FACE('',(#5250),#2396,.T.);
#5250 = FACE_BOUND('',#5251,.T.);
#5251 = EDGE_LOOP('',(#5252,#5274,#5296,#5297));
#5252 = ORIENTED_EDGE('',*,*,#5253,.F.);
#5253 = EDGE_CURVE('',#5254,#2359,#5256,.T.);
#5254 = VERTEX_POINT('',#5255);
#5255 = CARTESIAN_POINT('',(8.,94.5,158.));
#5256 = SURFACE_CURVE('',#5257,(#5262,#5268),.PCURVE_S1.);
#5257 = CIRCLE('',#5258,0.5);
#5258 = AXIS2_PLACEMENT_3D('',#5259,#5260,#5261);
#5259 = CARTESIAN_POINT('',(8.,94.5,157.5));
#5260 = DIRECTION('',(1.,0.,-0.));
#5261 = DIRECTION('',(0.,0.,1.));
#5262 = PCURVE('',#2396,#5263);
#5263 = DEFINITIONAL_REPRESENTATION('',(#5264),#5267);
#5264 = B_SPLINE_CURVE_WITH_KNOTS('',1,(#5265,#5266),.UNSPECIFIED.,.F.,
  .F.,(2,2),(0.,1.570796326795),.PIECEWISE_BEZIER_KNOTS.);
#5265 = CARTESIAN_POINT('',(0.,1.570796326795));
#5266 = CARTESIAN_POINT('',(0.,3.14159265359));
#5267 = ( GEOMETRIC_REPRESENTATION_CONTEXT(2)
PARAMETRIC_REPRESENTATION_CONTEXT() REPRESENTATION_CONTEXT('2D SPACE',''
  ) );
#5268 = PCURVE('',#2481,#5269);
#5269 = DEFINITIONAL_REPRESENTATION('',(#5270),#5273);
#5270 = B_SPLINE_CURVE_WITH_KNOTS('',1,(#5271,#5272),.UNSPECIFIED.,.F.,
  .F.,(2,2),(0.,1.570796326795),.PIECEWISE_BEZIER_KNOTS.);
#5271 = CARTESIAN_POINT('',(0.,80.));
#5272 = CARTESIAN_POINT('',(-1.570796326795,80.));
#5273 = ( GEOMETRIC_REPRESENTATION_CONTEXT(2)
PARAMETRIC_REPRESENTATION_CONTEXT() REPRESENTATION_CONTEXT('2D SPACE',''
  ) );
#5274 = ORIENTED_EDGE('',*,*,#5275,.T.);
#5275 = EDGE_CURVE('',#5254,#5122,#5276,.T.);
#5276 = SURFACE_CURVE('',#5277,(#5282,#5289),.PCURVE_S1.);
#5277 = CIRCLE('',#5278,2.5);
#5278 = AXIS2_PLACEMENT_3D('',#5279,#5280,#5281);
#5279 = CARTESIAN_POINT('',(8.,92.,158.));
#5280 = DIRECTION('',(0.,0.,1.));
#5281 = DIRECTION('',(0.,1.,-0.));
#5282 = PCURVE('',#2396,#5283);
#5283 = DEFINITIONAL_REPRESENTATION('',(#5284),#5288);
#5284 = LINE('',#5285,#5286);
#5285 = CARTESIAN_POINT('',(0.,1.570796326795));
#5286 = VECTOR('',#5287,1.);
#5287 = DIRECTION('',(1.,0.));
#5288 = ( GEOMETRIC_REPRESENTATION_CONTEXT(2)
PARAMETRIC_REPRESENTATION_CONTEXT() REPRESENTATION_CONTEXT('2D SPACE',''
  ) );
#5289 = PCURVE('',#5139,#5290);
#5290 = DEFINITIONAL_REPRESENTATION('',(#5291),#5295);
#5291 = CIRCLE('',#5292,2.5);
#5292 = AXIS2_PLACEMENT_2D('',#5293,#5294);
#5293 = CARTESIAN_POINT('',(8.,92.));
#5294 = DIRECTION('',(0.,1.));
#5295 = ( GEOMETRIC_REPRESENTATION_CONTEXT(2)
PARAMETRIC_REPRESENTATION_CONTEXT() REPRESENTATION_CONTEXT('2D SPACE',''
  ) );
#5296 = ORIENTED_EDGE('',*,*,#5151,.T.);
#5297 = ORIENTED_EDGE('',*,*,#2381,.F.);
#5298 = ADVANCED_FACE('',(#5299),#2428,.F.);
#5299 = FACE_BOUND('',#5300,.F.);
#5300 = EDGE_LOOP('',(#5301,#5323,#5324,#5325));
#5301 = ORIENTED_EDGE('',*,*,#5302,.F.);
#5302 = EDGE_CURVE('',#2412,#5303,#5305,.T.);
#5303 = VERTEX_POINT('',#5304);
#5304 = CARTESIAN_POINT('',(76.5,93.4,142.5));
#5305 = SEAM_CURVE('',#5306,(#5311,#5317),.PCURVE_S1.);
#5306 = CIRCLE('',#5307,0.6);
#5307 = AXIS2_PLACEMENT_3D('',#5308,#5309,#5310);
#5308 = CARTESIAN_POINT('',(76.5,93.4,143.1));
#5309 = DIRECTION('',(-1.,-0.,0.));
#5310 = DIRECTION('',(0.,0.,1.));
#5311 = PCURVE('',#2428,#5312);
#5312 = DEFINITIONAL_REPRESENTATION('',(#5313),#5316);
#5313 = B_SPLINE_CURVE_WITH_KNOTS('',1,(#5314,#5315),.UNSPECIFIED.,.F.,
  .F.,(2,2),(1.570796326795,3.14159265359),.PIECEWISE_BEZIER_KNOTS.);
#5314 = CARTESIAN_POINT('',(0.,1.570796326795));
#5315 = CARTESIAN_POINT('',(0.,3.14159265359));
#5316 = ( GEOMETRIC_REPRESENTATION_CONTEXT(2)
PARAMETRIC_REPRESENTATION_CONTEXT() REPRESENTATION_CONTEXT('2D SPACE',''
  ) );
#5317 = PCURVE('',#2428,#5318);
#5318 = DEFINITIONAL_REPRESENTATION('',(#5319),#5322);
#5319 = B_SPLINE_CURVE_WITH_KNOTS('',1,(#5320,#5321),.UNSPECIFIED.,.F.,
  .F.,(2,2),(1.570796326795,3.14159265359),.PIECEWISE_BEZIER_KNOTS.);
#5320 = CARTESIAN_POINT('',(6.28318530718,1.570796326795));
#5321 = CARTESIAN_POINT('',(6.28318530718,3.14159265359));
#5322 = ( GEOMETRIC_REPRESENTATION_CONTEXT(2)
PARAMETRIC_REPRESENTATION_CONTEXT() REPRESENTATION_CONTEXT('2D SPACE',''
  ) );
#5323 = ORIENTED_EDGE('',*,*,#2411,.T.);
#5324 = ORIENTED_EDGE('',*,*,#5302,.T.);
#5325 = ORIENTED_EDGE('',*,*,#5326,.F.);
#5326 = EDGE_CURVE('',#5303,#5303,#5327,.T.);
#5327 = SURFACE_CURVE('',#5328,(#5333,#5340),.PCURVE_S1.);
#5328 = CIRCLE('',#5329,4.);
#5329 = AXIS2_PLACEMENT_3D('',#5330,#5331,#5332);
#5330 = CARTESIAN_POINT('',(76.5,93.4,138.5));
#5331 = DIRECTION('',(-0.,1.,0.));
#5332 = DIRECTION('',(0.,0.,1.));
#5333 = PCURVE('',#2428,#5334);
#5334 = DEFINITIONAL_REPRESENTATION('',(#5335),#5339);
#5335 = LINE('',#5336,#5337);
#5336 = CARTESIAN_POINT('',(0.,3.14159265359));
#5337 = VECTOR('',#5338,1.);
#5338 = DIRECTION('',(1.,0.));
#5339 = ( GEOMETRIC_REPRESENTATION_CONTEXT(2)
PARAMETRIC_REPRESENTATION_CONTEXT() REPRESENTATION_CONTEXT('2D SPACE',''
  ) );
#5340 = PCURVE('',#5341,#5346);
#5341 = CYLINDRICAL_SURFACE('',#5342,4.);
#5342 = AXIS2_PLACEMENT_3D('',#5343,#5344,#5345);
#5343 = CARTESIAN_POINT('',(76.5,76.,138.5));
#5344 = DIRECTION('',(0.,1.,0.));
#5345 = DIRECTION('',(0.,-0.,1.));
#5346 = DEFINITIONAL_REPRESENTATION('',(#5347),#5351);
#5347 = LINE('',#5348,#5349);
#5348 = CARTESIAN_POINT('',(0.,17.4));
#5349 = VECTOR('',#5350,1.);
#5350 = DIRECTION('',(1.,0.));
#5351 = ( GEOMETRIC_REPRESENTATION_CONTEXT(2)
PARAMETRIC_REPRESENTATION_CONTEXT() REPRESENTATION_CONTEXT('2D SPACE',''
  ) );
#5352 = ADVANCED_FACE('',(#5353),#2481,.T.);
#5353 = FACE_BOUND('',#5354,.F.);
#5354 = EDGE_LOOP('',(#5355,#5377,#5378,#5379));
#5355 = ORIENTED_EDGE('',*,*,#5356,.T.);
#5356 = EDGE_CURVE('',#5357,#2443,#5359,.T.);
#5357 = VERTEX_POINT('',#5358);
#5358 = CARTESIAN_POINT('',(88.,94.5,158.));
#5359 = SURFACE_CURVE('',#5360,(#5365,#5371),.PCURVE_S1.);
#5360 = CIRCLE('',#5361,0.5);
#5361 = AXIS2_PLACEMENT_3D('',#5362,#5363,#5364);
#5362 = CARTESIAN_POINT('',(88.,94.5,157.5));
#5363 = DIRECTION('',(1.,0.,-0.));
#5364 = DIRECTION('',(0.,0.,1.));
#5365 = PCURVE('',#2481,#5366);
#5366 = DEFINITIONAL_REPRESENTATION('',(#5367),#5370);
#5367 = B_SPLINE_CURVE_WITH_KNOTS('',1,(#5368,#5369),.UNSPECIFIED.,.F.,
  .F.,(2,2),(0.,1.570796326795),.PIECEWISE_BEZIER_KNOTS.);
#5368 = CARTESIAN_POINT('',(0.,0.));
#5369 = CARTESIAN_POINT('',(-1.570796326795,0.));
#5370 = ( GEOMETRIC_REPRESENTATION_CONTEXT(2)
PARAMETRIC_REPRESENTATION_CONTEXT() REPRESENTATION_CONTEXT('2D SPACE',''
  ) );
#5371 = PCURVE('',#4782,#5372);
#5372 = DEFINITIONAL_REPRESENTATION('',(#5373),#5376);
#5373 = B_SPLINE_CURVE_WITH_KNOTS('',1,(#5374,#5375),.UNSPECIFIED.,.F.,
  .F.,(2,2),(0.,1.570796326795),.PIECEWISE_BEZIER_KNOTS.);
#5374 = CARTESIAN_POINT('',(1.570796326795,1.570796326795));
#5375 = CARTESIAN_POINT('',(1.570796326795,3.14159265359));
#5376 = ( GEOMETRIC_REPRESENTATION_CONTEXT(2)
PARAMETRIC_REPRESENTATION_CONTEXT() REPRESENTATION_CONTEXT('2D SPACE',''
  ) );
#5377 = ORIENTED_EDGE('',*,*,#2467,.T.);
#5378 = ORIENTED_EDGE('',*,*,#5253,.F.);
#5379 = ORIENTED_EDGE('',*,*,#5380,.F.);
#5380 = EDGE_CURVE('',#5357,#5254,#5381,.T.);
#5381 = SURFACE_CURVE('',#5382,(#5386,#5393),.PCURVE_S1.);
#5382 = LINE('',#5383,#5384);
#5383 = CARTESIAN_POINT('',(88.,94.5,158.));
#5384 = VECTOR('',#5385,1.);
#5385 = DIRECTION('',(-1.,-0.,0.));
#5386 = PCURVE('',#2481,#5387);
#5387 = DEFINITIONAL_REPRESENTATION('',(#5388),#5392);
#5388 = LINE('',#5389,#5390);
#5389 = CARTESIAN_POINT('',(-0.,0.));
#5390 = VECTOR('',#5391,1.);
#5391 = DIRECTION('',(-0.,1.));
#5392 = ( GEOMETRIC_REPRESENTATION_CONTEXT(2)
PARAMETRIC_REPRESENTATION_CONTEXT() REPRESENTATION_CONTEXT('2D SPACE',''
  ) );
#5393 = PCURVE('',#5139,#5394);
#5394 = DEFINITIONAL_REPRESENTATION('',(#5395),#5399);
#5395 = LINE('',#5396,#5397);
#5396 = CARTESIAN_POINT('',(88.,94.5));
#5397 = VECTOR('',#5398,1.);
#5398 = DIRECTION('',(-1.,0.));
#5399 = ( GEOMETRIC_REPRESENTATION_CONTEXT(2)
PARAMETRIC_REPRESENTATION_CONTEXT() REPRESENTATION_CONTEXT('2D SPACE',''
  ) );
#5400 = ADVANCED_FACE('',(#5401),#2512,.F.);
#5401 = FACE_BOUND('',#5402,.F.);
#5402 = EDGE_LOOP('',(#5403,#5425,#5426,#5427));
#5403 = ORIENTED_EDGE('',*,*,#5404,.F.);
#5404 = EDGE_CURVE('',#2496,#5405,#5407,.T.);
#5405 = VERTEX_POINT('',#5406);
#5406 = CARTESIAN_POINT('',(19.5,93.4,82.5));
#5407 = SEAM_CURVE('',#5408,(#5413,#5419),.PCURVE_S1.);
#5408 = CIRCLE('',#5409,0.6);
#5409 = AXIS2_PLACEMENT_3D('',#5410,#5411,#5412);
#5410 = CARTESIAN_POINT('',(19.5,93.4,83.1));
#5411 = DIRECTION('',(-1.,-0.,0.));
#5412 = DIRECTION('',(0.,0.,1.));
#5413 = PCURVE('',#2512,#5414);
#5414 = DEFINITIONAL_REPRESENTATION('',(#5415),#5418);
#5415 = B_SPLINE_CURVE_WITH_KNOTS('',1,(#5416,#5417),.UNSPECIFIED.,.F.,
  .F.,(2,2),(1.570796326795,3.14159265359),.PIECEWISE_BEZIER_KNOTS.);
#5416 = CARTESIAN_POINT('',(0.,1.570796326795));
#5417 = CARTESIAN_POINT('',(0.,3.14159265359));
#5418 = ( GEOMETRIC_REPRESENTATION_CONTEXT(2)
PARAMETRIC_REPRESENTATION_CONTEXT() REPRESENTATION_CONTEXT('2D SPACE',''
  ) );
#5419 = PCURVE('',#2512,#5420);
#5420 = DEFINITIONAL_REPRESENTATION('',(#5421),#5424);
#5421 = B_SPLINE_CURVE_WITH_KNOTS('',1,(#5422,#5423),.UNSPECIFIED.,.F.,
  .F.,(2,2),(1.570796326795,3.14159265359),.PIECEWISE_BEZIER_KNOTS.);
#5422 = CARTESIAN_POINT('',(6.28318530718,1.570796326795));
#5423 = CARTESIAN_POINT('',(6.28318530718,3.14159265359));
#5424 = ( GEOMETRIC_REPRESENTATION_CONTEXT(2)
PARAMETRIC_REPRESENTATION_CONTEXT() REPRESENTATION_CONTEXT('2D SPACE',''
  ) );
#5425 = ORIENTED_EDGE('',*,*,#2495,.T.);
#5426 = ORIENTED_EDGE('',*,*,#5404,.T.);
#5427 = ORIENTED_EDGE('',*,*,#5428,.F.);
#5428 = EDGE_CURVE('',#5405,#5405,#5429,.T.);
#5429 = SURFACE_CURVE('',#5430,(#5435,#5442),.PCURVE_S1.);
#5430 = CIRCLE('',#5431,4.);
#5431 = AXIS2_PLACEMENT_3D('',#5432,#5433,#5434);
#5432 = CARTESIAN_POINT('',(19.5,93.4,78.5));
#5433 = DIRECTION('',(-0.,1.,0.));
#5434 = DIRECTION('',(0.,0.,1.));
#5435 = PCURVE('',#2512,#5436);
#5436 = DEFINITIONAL_REPRESENTATION('',(#5437),#5441);
#5437 = LINE('',#5438,#5439);
#5438 = CARTESIAN_POINT('',(0.,3.14159265359));
#5439 = VECTOR('',#5440,1.);
#5440 = DIRECTION('',(1.,0.));
#5441 = ( GEOMETRIC_REPRESENTATION_CONTEXT(2)
PARAMETRIC_REPRESENTATION_CONTEXT() REPRESENTATION_CONTEXT('2D SPACE',''
  ) );
#5442 = PCURVE('',#5443,#5448);
#5443 = CYLINDRICAL_SURFACE('',#5444,4.);
#5444 = AXIS2_PLACEMENT_3D('',#5445,#5446,#5447);
#5445 = CARTESIAN_POINT('',(19.5,76.,78.5));
#5446 = DIRECTION('',(0.,1.,0.));
#5447 = DIRECTION('',(0.,-0.,1.));
#5448 = DEFINITIONAL_REPRESENTATION('',(#5449),#5453);
#5449 = LINE('',#5450,#5451);
#5450 = CARTESIAN_POINT('',(0.,17.4));
#5451 = VECTOR('',#5452,1.);
#5452 = DIRECTION('',(1.,0.));
#5453 = ( GEOMETRIC_REPRESENTATION_CONTEXT(2)
PARAMETRIC_REPRESENTATION_CONTEXT() REPRESENTATION_CONTEXT('2D SPACE',''
  ) );
#5454 = ADVANCED_FACE('',(#5455),#2543,.F.);
#5455 = FACE_BOUND('',#5456,.F.);
#5456 = EDGE_LOOP('',(#5457,#5479,#5480,#5481));
#5457 = ORIENTED_EDGE('',*,*,#5458,.F.);
#5458 = EDGE_CURVE('',#2527,#5459,#5461,.T.);
#5459 = VERTEX_POINT('',#5460);
#5460 = CARTESIAN_POINT('',(19.5,93.4,142.5));
#5461 = SEAM_CURVE('',#5462,(#5467,#5473),.PCURVE_S1.);
#5462 = CIRCLE('',#5463,0.6);
#5463 = AXIS2_PLACEMENT_3D('',#5464,#5465,#5466);
#5464 = CARTESIAN_POINT('',(19.5,93.4,143.1));
#5465 = DIRECTION('',(-1.,-0.,0.));
#5466 = DIRECTION('',(0.,0.,1.));
#5467 = PCURVE('',#2543,#5468);
#5468 = DEFINITIONAL_REPRESENTATION('',(#5469),#5472);
#5469 = B_SPLINE_CURVE_WITH_KNOTS('',1,(#5470,#5471),.UNSPECIFIED.,.F.,
  .F.,(2,2),(1.570796326795,3.14159265359),.PIECEWISE_BEZIER_KNOTS.);
#5470 = CARTESIAN_POINT('',(0.,1.570796326795));
#5471 = CARTESIAN_POINT('',(0.,3.14159265359));
#5472 = ( GEOMETRIC_REPRESENTATION_CONTEXT(2)
PARAMETRIC_REPRESENTATION_CONTEXT() REPRESENTATION_CONTEXT('2D SPACE',''
  ) );
#5473 = PCURVE('',#2543,#5474);
#5474 = DEFINITIONAL_REPRESENTATION('',(#5475),#5478);
#5475 = B_SPLINE_CURVE_WITH_KNOTS('',1,(#5476,#5477),.UNSPECIFIED.,.F.,
  .F.,(2,2),(1.570796326795,3.14159265359),.PIECEWISE_BEZIER_KNOTS.);
#5476 = CARTESIAN_POINT('',(6.28318530718,1.570796326795));
#5477 = CARTESIAN_POINT('',(6.28318530718,3.14159265359));
#5478 = ( GEOMETRIC_REPRESENTATION_CONTEXT(2)
PARAMETRIC_REPRESENTATION_CONTEXT() REPRESENTATION_CONTEXT('2D SPACE',''
  ) );
#5479 = ORIENTED_EDGE('',*,*,#2526,.T.);
#5480 = ORIENTED_EDGE('',*,*,#5458,.T.);
#5481 = ORIENTED_EDGE('',*,*,#5482,.F.);
#5482 = EDGE_CURVE('',#5459,#5459,#5483,.T.);
#5483 = SURFACE_CURVE('',#5484,(#5489,#5496),.PCURVE_S1.);
#5484 = CIRCLE('',#5485,4.);
#5485 = AXIS2_PLACEMENT_3D('',#5486,#5487,#5488);
#5486 = CARTESIAN_POINT('',(19.5,93.4,138.5));
#5487 = DIRECTION('',(-0.,1.,0.));
#5488 = DIRECTION('',(0.,0.,1.));
#5489 = PCURVE('',#2543,#5490);
#5490 = DEFINITIONAL_REPRESENTATION('',(#5491),#5495);
#5491 = LINE('',#5492,#5493);
#5492 = CARTESIAN_POINT('',(0.,3.14159265359));
#5493 = VECTOR('',#5494,1.);
#5494 = DIRECTION('',(1.,0.));
#5495 = ( GEOMETRIC_REPRESENTATION_CONTEXT(2)
PARAMETRIC_REPRESENTATION_CONTEXT() REPRESENTATION_CONTEXT('2D SPACE',''
  ) );
#5496 = PCURVE('',#5497,#5502);
#5497 = CYLINDRICAL_SURFACE('',#5498,4.);
#5498 = AXIS2_PLACEMENT_3D('',#5499,#5500,#5501);
#5499 = CARTESIAN_POINT('',(19.5,76.,138.5));
#5500 = DIRECTION('',(0.,1.,0.));
#5501 = DIRECTION('',(0.,-0.,1.));
#5502 = DEFINITIONAL_REPRESENTATION('',(#5503),#5507);
#5503 = LINE('',#5504,#5505);
#5504 = CARTESIAN_POINT('',(0.,17.4));
#5505 = VECTOR('',#5506,1.);
#5506 = DIRECTION('',(1.,0.));
#5507 = ( GEOMETRIC_REPRESENTATION_CONTEXT(2)
PARAMETRIC_REPRESENTATION_CONTEXT() REPRESENTATION_CONTEXT('2D SPACE',''
  ) );
#5508 = ADVANCED_FACE('',(#5509),#2574,.F.);
#5509 = FACE_BOUND('',#5510,.F.);
#5510 = EDGE_LOOP('',(#5511,#5533,#5534,#5535));
#5511 = ORIENTED_EDGE('',*,*,#5512,.F.);
#5512 = EDGE_CURVE('',#2558,#5513,#5515,.T.);
#5513 = VERTEX_POINT('',#5514);
#5514 = CARTESIAN_POINT('',(76.5,93.4,82.5));
#5515 = SEAM_CURVE('',#5516,(#5521,#5527),.PCURVE_S1.);
#5516 = CIRCLE('',#5517,0.6);
#5517 = AXIS2_PLACEMENT_3D('',#5518,#5519,#5520);
#5518 = CARTESIAN_POINT('',(76.5,93.4,83.1));
#5519 = DIRECTION('',(-1.,-0.,0.));
#5520 = DIRECTION('',(0.,0.,1.));
#5521 = PCURVE('',#2574,#5522);
#5522 = DEFINITIONAL_REPRESENTATION('',(#5523),#5526);
#5523 = B_SPLINE_CURVE_WITH_KNOTS('',1,(#5524,#5525),.UNSPECIFIED.,.F.,
  .F.,(2,2),(1.570796326795,3.14159265359),.PIECEWISE_BEZIER_KNOTS.);
#5524 = CARTESIAN_POINT('',(0.,1.570796326795));
#5525 = CARTESIAN_POINT('',(0.,3.14159265359));
#5526 = ( GEOMETRIC_REPRESENTATION_CONTEXT(2)
PARAMETRIC_REPRESENTATION_CONTEXT() REPRESENTATION_CONTEXT('2D SPACE',''
  ) );
#5527 = PCURVE('',#2574,#5528);
#5528 = DEFINITIONAL_REPRESENTATION('',(#5529),#5532);
#5529 = B_SPLINE_CURVE_WITH_KNOTS('',1,(#5530,#5531),.UNSPECIFIED.,.F.,
  .F.,(2,2),(1.570796326795,3.14159265359),.PIECEWISE_BEZIER_KNOTS.);
#5530 = CARTESIAN_POINT('',(6.28318530718,1.570796326795));
#5531 = CARTESIAN_POINT('',(6.28318530718,3.14159265359));
#5532 = ( GEOMETRIC_REPRESENTATION_CONTEXT(2)
PARAMETRIC_REPRESENTATION_CONTEXT() REPRESENTATION_CONTEXT('2D SPACE',''
  ) );
#5533 = ORIENTED_EDGE('',*,*,#2557,.T.);
#5534 = ORIENTED_EDGE('',*,*,#5512,.T.);
#5535 = ORIENTED_EDGE('',*,*,#5536,.F.);
#5536 = EDGE_CURVE('',#5513,#5513,#5537,.T.);
#5537 = SURFACE_CURVE('',#5538,(#5543,#5550),.PCURVE_S1.);
#5538 = CIRCLE('',#5539,4.);
#5539 = AXIS2_PLACEMENT_3D('',#5540,#5541,#5542);
#5540 = CARTESIAN_POINT('',(76.5,93.4,78.5));
#5541 = DIRECTION('',(-0.,1.,0.));
#5542 = DIRECTION('',(0.,0.,1.));
#5543 = PCURVE('',#2574,#5544);
#5544 = DEFINITIONAL_REPRESENTATION('',(#5545),#5549);
#5545 = LINE('',#5546,#5547);
#5546 = CARTESIAN_POINT('',(0.,3.14159265359));
#5547 = VECTOR('',#5548,1.);
#5548 = DIRECTION('',(1.,0.));
#5549 = ( GEOMETRIC_REPRESENTATION_CONTEXT(2)
PARAMETRIC_REPRESENTATION_CONTEXT() REPRESENTATION_CONTEXT('2D SPACE',''
  ) );
#5550 = PCURVE('',#5551,#5556);
#5551 = CYLINDRICAL_SURFACE('',#5552,4.);
#5552 = AXIS2_PLACEMENT_3D('',#5553,#5554,#5555);
#5553 = CARTESIAN_POINT('',(76.5,76.,78.5));
#5554 = DIRECTION('',(0.,1.,0.));
#5555 = DIRECTION('',(0.,-0.,1.));
#5556 = DEFINITIONAL_REPRESENTATION('',(#5557),#5561);
#5557 = LINE('',#5558,#5559);
#5558 = CARTESIAN_POINT('',(0.,17.4));
#5559 = VECTOR('',#5560,1.);
#5560 = DIRECTION('',(1.,0.));
#5561 = ( GEOMETRIC_REPRESENTATION_CONTEXT(2)
PARAMETRIC_REPRESENTATION_CONTEXT() REPRESENTATION_CONTEXT('2D SPACE',''
  ) );
#5562 = ADVANCED_FACE('',(#5563),#2708,.T.);
#5563 = FACE_BOUND('',#5564,.T.);
#5564 = EDGE_LOOP('',(#5565,#5587,#5616,#5636));
#5565 = ORIENTED_EDGE('',*,*,#5566,.F.);
#5566 = EDGE_CURVE('',#5567,#2666,#5569,.T.);
#5567 = VERTEX_POINT('',#5568);
#5568 = CARTESIAN_POINT('',(89.,-5.551115123126E-17,2.7));
#5569 = SURFACE_CURVE('',#5570,(#5575,#5581),.PCURVE_S1.);
#5570 = CIRCLE('',#5571,0.3);
#5571 = AXIS2_PLACEMENT_3D('',#5572,#5573,#5574);
#5572 = CARTESIAN_POINT('',(89.,0.3,2.7));
#5573 = DIRECTION('',(-1.,0.,0.));
#5574 = DIRECTION('',(0.,-1.,0.));
#5575 = PCURVE('',#2708,#5576);
#5576 = DEFINITIONAL_REPRESENTATION('',(#5577),#5580);
#5577 = B_SPLINE_CURVE_WITH_KNOTS('',1,(#5578,#5579),.UNSPECIFIED.,.F.,
  .F.,(2,2),(0.,1.570796326795),.PIECEWISE_BEZIER_KNOTS.);
#5578 = CARTESIAN_POINT('',(0.,0.));
#5579 = CARTESIAN_POINT('',(0.,1.570796326795));
#5580 = ( GEOMETRIC_REPRESENTATION_CONTEXT(2)
PARAMETRIC_REPRESENTATION_CONTEXT() REPRESENTATION_CONTEXT('2D SPACE',''
  ) );
#5581 = PCURVE('',#2681,#5582);
#5582 = DEFINITIONAL_REPRESENTATION('',(#5583),#5586);
#5583 = B_SPLINE_CURVE_WITH_KNOTS('',1,(#5584,#5585),.UNSPECIFIED.,.F.,
  .F.,(2,2),(0.,1.570796326795),.PIECEWISE_BEZIER_KNOTS.);
#5584 = CARTESIAN_POINT('',(0.,82.));
#5585 = CARTESIAN_POINT('',(-1.570796326795,82.));
#5586 = ( GEOMETRIC_REPRESENTATION_CONTEXT(2)
PARAMETRIC_REPRESENTATION_CONTEXT() REPRESENTATION_CONTEXT('2D SPACE',''
  ) );
#5587 = ORIENTED_EDGE('',*,*,#5588,.T.);
#5588 = EDGE_CURVE('',#5567,#5589,#5591,.T.);
#5589 = VERTEX_POINT('',#5590);
#5590 = CARTESIAN_POINT('',(90.044776119403,7.840749102309E-02,2.7));
#5591 = SURFACE_CURVE('',#5592,(#5597,#5604),.PCURVE_S1.);
#5592 = CIRCLE('',#5593,7.);
#5593 = AXIS2_PLACEMENT_3D('',#5594,#5595,#5596);
#5594 = CARTESIAN_POINT('',(89.,7.,2.7));
#5595 = DIRECTION('',(0.,0.,1.));
#5596 = DIRECTION('',(0.,-1.,0.));
#5597 = PCURVE('',#2708,#5598);
#5598 = DEFINITIONAL_REPRESENTATION('',(#5599),#5603);
#5599 = LINE('',#5600,#5601);
#5600 = CARTESIAN_POINT('',(0.,0.));
#5601 = VECTOR('',#5602,1.);
#5602 = DIRECTION('',(1.,0.));
#5603 = ( GEOMETRIC_REPRESENTATION_CONTEXT(2)
PARAMETRIC_REPRESENTATION_CONTEXT() REPRESENTATION_CONTEXT('2D SPACE',''
  ) );
#5604 = PCURVE('',#5605,#5610);
#5605 = CYLINDRICAL_SURFACE('',#5606,7.);
#5606 = AXIS2_PLACEMENT_3D('',#5607,#5608,#5609);
#5607 = CARTESIAN_POINT('',(89.,7.,0.));
#5608 = DIRECTION('',(0.,0.,1.));
#5609 = DIRECTION('',(1.,0.,-0.));
#5610 = DEFINITIONAL_REPRESENTATION('',(#5611),#5615);
#5611 = LINE('',#5612,#5613);
#5612 = CARTESIAN_POINT('',(-1.570796326795,2.7));
#5613 = VECTOR('',#5614,1.);
#5614 = DIRECTION('',(1.,-0.));
#5615 = ( GEOMETRIC_REPRESENTATION_CONTEXT(2)
PARAMETRIC_REPRESENTATION_CONTEXT() REPRESENTATION_CONTEXT('2D SPACE',''
  ) );
#5616 = ORIENTED_EDGE('',*,*,#5617,.T.);
#5617 = EDGE_CURVE('',#5589,#2590,#5618,.T.);
#5618 = SURFACE_CURVE('',#5619,(#5624,#5630),.PCURVE_S1.);
#5619 = CIRCLE('',#5620,0.3);
#5620 = AXIS2_PLACEMENT_3D('',#5621,#5622,#5623);
#5621 = CARTESIAN_POINT('',(90.,0.375047169979,2.7));
#5622 = DIRECTION('',(-0.988798929854,-0.149253731343,0.));
#5623 = DIRECTION('',(0.149253731343,-0.988798929854,0.));
#5624 = PCURVE('',#2708,#5625);
#5625 = DEFINITIONAL_REPRESENTATION('',(#5626),#5629);
#5626 = B_SPLINE_CURVE_WITH_KNOTS('',1,(#5627,#5628),.UNSPECIFIED.,.F.,
  .F.,(2,2),(0.,1.570796326795),.PIECEWISE_BEZIER_KNOTS.);
#5627 = CARTESIAN_POINT('',(0.149813507356,0.));
#5628 = CARTESIAN_POINT('',(0.149813507356,1.570796326795));
#5629 = ( GEOMETRIC_REPRESENTATION_CONTEXT(2)
PARAMETRIC_REPRESENTATION_CONTEXT() REPRESENTATION_CONTEXT('2D SPACE',''
  ) );
#5630 = PCURVE('',#3076,#5631);
#5631 = DEFINITIONAL_REPRESENTATION('',(#5632),#5635);
#5632 = B_SPLINE_CURVE_WITH_KNOTS('',1,(#5633,#5634),.UNSPECIFIED.,.F.,
  .F.,(2,2),(0.,1.570796326795),.PIECEWISE_BEZIER_KNOTS.);
#5633 = CARTESIAN_POINT('',(0.,83.048696195869));
#5634 = CARTESIAN_POINT('',(4.832585329074,83.048696195869));
#5635 = ( GEOMETRIC_REPRESENTATION_CONTEXT(2)
PARAMETRIC_REPRESENTATION_CONTEXT() REPRESENTATION_CONTEXT('2D SPACE',''
  ) );
#5636 = ORIENTED_EDGE('',*,*,#2693,.F.);
#5637 = ADVANCED_FACE('',(#5638),#2681,.T.);
#5638 = FACE_BOUND('',#5639,.F.);
#5639 = EDGE_LOOP('',(#5640,#5662,#5663,#5664));
#5640 = ORIENTED_EDGE('',*,*,#5641,.T.);
#5641 = EDGE_CURVE('',#5642,#2637,#5644,.T.);
#5642 = VERTEX_POINT('',#5643);
#5643 = CARTESIAN_POINT('',(7.,-5.551115123126E-17,2.7));
#5644 = SURFACE_CURVE('',#5645,(#5650,#5656),.PCURVE_S1.);
#5645 = CIRCLE('',#5646,0.3);
#5646 = AXIS2_PLACEMENT_3D('',#5647,#5648,#5649);
#5647 = CARTESIAN_POINT('',(7.,0.3,2.7));
#5648 = DIRECTION('',(-1.,0.,0.));
#5649 = DIRECTION('',(0.,-1.,0.));
#5650 = PCURVE('',#2681,#5651);
#5651 = DEFINITIONAL_REPRESENTATION('',(#5652),#5655);
#5652 = B_SPLINE_CURVE_WITH_KNOTS('',1,(#5653,#5654),.UNSPECIFIED.,.F.,
  .F.,(2,2),(0.,1.570796326795),.PIECEWISE_BEZIER_KNOTS.);
#5653 = CARTESIAN_POINT('',(0.,0.));
#5654 = CARTESIAN_POINT('',(-1.570796326795,0.));
#5655 = ( GEOMETRIC_REPRESENTATION_CONTEXT(2)
PARAMETRIC_REPRESENTATION_CONTEXT() REPRESENTATION_CONTEXT('2D SPACE',''
  ) );
#5656 = PCURVE('',#2653,#5657);
#5657 = DEFINITIONAL_REPRESENTATION('',(#5658),#5661);
#5658 = B_SPLINE_CURVE_WITH_KNOTS('',1,(#5659,#5660),.UNSPECIFIED.,.F.,
  .F.,(2,2),(0.,1.570796326795),.PIECEWISE_BEZIER_KNOTS.);
#5659 = CARTESIAN_POINT('',(0.143347568905,0.));
#5660 = CARTESIAN_POINT('',(0.143347568905,1.570796326795));
#5661 = ( GEOMETRIC_REPRESENTATION_CONTEXT(2)
PARAMETRIC_REPRESENTATION_CONTEXT() REPRESENTATION_CONTEXT('2D SPACE',''
  ) );
#5662 = ORIENTED_EDGE('',*,*,#2665,.T.);
#5663 = ORIENTED_EDGE('',*,*,#5566,.F.);
#5664 = ORIENTED_EDGE('',*,*,#5665,.F.);
#5665 = EDGE_CURVE('',#5642,#5567,#5666,.T.);
#5666 = SURFACE_CURVE('',#5667,(#5671,#5678),.PCURVE_S1.);
#5667 = LINE('',#5668,#5669);
#5668 = CARTESIAN_POINT('',(7.,-5.551115123126E-17,2.7));
#5669 = VECTOR('',#5670,1.);
#5670 = DIRECTION('',(1.,0.,-0.));
#5671 = PCURVE('',#2681,#5672);
#5672 = DEFINITIONAL_REPRESENTATION('',(#5673),#5677);
#5673 = LINE('',#5674,#5675);
#5674 = CARTESIAN_POINT('',(-0.,0.));
#5675 = VECTOR('',#5676,1.);
#5676 = DIRECTION('',(-0.,1.));
#5677 = ( GEOMETRIC_REPRESENTATION_CONTEXT(2)
PARAMETRIC_REPRESENTATION_CONTEXT() REPRESENTATION_CONTEXT('2D SPACE',''
  ) );
#5678 = PCURVE('',#5679,#5684);
#5679 = PLANE('',#5680);
#5680 = AXIS2_PLACEMENT_3D('',#5681,#5682,#5683);
#5681 = CARTESIAN_POINT('',(0.,0.,0.));
#5682 = DIRECTION('',(-0.,1.,0.));
#5683 = DIRECTION('',(0.,0.,1.));
#5684 = DEFINITIONAL_REPRESENTATION('',(#5685),#5689);
#5685 = LINE('',#5686,#5687);
#5686 = CARTESIAN_POINT('',(2.7,7.));
#5687 = VECTOR('',#5688,1.);
#5688 = DIRECTION('',(0.,1.));
#5689 = ( GEOMETRIC_REPRESENTATION_CONTEXT(2)
PARAMETRIC_REPRESENTATION_CONTEXT() REPRESENTATION_CONTEXT('2D SPACE',''
  ) );
#5690 = ADVANCED_FACE('',(#5691),#2653,.T.);
#5691 = FACE_BOUND('',#5692,.T.);
#5692 = EDGE_LOOP('',(#5693,#5718,#5745,#5746));
#5693 = ORIENTED_EDGE('',*,*,#5694,.F.);
#5694 = EDGE_CURVE('',#5695,#2614,#5697,.T.);
#5695 = VERTEX_POINT('',#5696);
#5696 = CARTESIAN_POINT('',(5.955223880597,7.840749102309E-02,2.7));
#5697 = SURFACE_CURVE('',#5698,(#5706,#5712),.PCURVE_S1.);
#5698 = ( BOUNDED_CURVE() B_SPLINE_CURVE(6,(#5699,#5700,#5701,#5702,
#5703,#5704,#5705),.UNSPECIFIED.,.F.,.F.) B_SPLINE_CURVE_WITH_KNOTS((7,7
),(0.,4.83258533011),.PIECEWISE_BEZIER_KNOTS.) CURVE()
GEOMETRIC_REPRESENTATION_ITEM() RATIONAL_B_SPLINE_CURVE((1.031393471788,
    1.010025407661,0.997924642725,0.993958444137,0.997924642725,
1.010025407661,1.031393471788)) REPRESENTATION_ITEM('') );
#5699 = CARTESIAN_POINT('',(5.955223880597,7.840749102309E-02,2.7));
#5700 = CARTESIAN_POINT('',(5.955223880597,7.840749102309E-02,
    2.780201034946));
#5701 = CARTESIAN_POINT('',(5.959030045551,0.103623154305,2.858312571775
    ));
#5702 = CARTESIAN_POINT('',(5.966331962095,0.151998006982,2.925575853961
    ));
#5703 = CARTESIAN_POINT('',(5.976371257944,0.218507868426,2.97449869481)
  );
#5704 = CARTESIAN_POINT('',(5.988029696277,0.295744472452,3.));
#5705 = CARTESIAN_POINT('',(6.,0.375047169979,3.));
#5706 = PCURVE('',#2653,#5707);
#5707 = DEFINITIONAL_REPRESENTATION('',(#5708),#5711);
#5708 = B_SPLINE_CURVE_WITH_KNOTS('',1,(#5709,#5710),.UNSPECIFIED.,.F.,
  .F.,(2,2),(0.,4.83258533011),.PIECEWISE_BEZIER_KNOTS.);
#5709 = CARTESIAN_POINT('',(-6.465938450576E-03,0.));
#5710 = CARTESIAN_POINT('',(-6.465938450576E-03,1.570796326795));
#5711 = ( GEOMETRIC_REPRESENTATION_CONTEXT(2)
PARAMETRIC_REPRESENTATION_CONTEXT() REPRESENTATION_CONTEXT('2D SPACE',''
  ) );
#5712 = PCURVE('',#2811,#5713);
#5713 = DEFINITIONAL_REPRESENTATION('',(#5714),#5717);
#5714 = B_SPLINE_CURVE_WITH_KNOTS('',1,(#5715,#5716),.UNSPECIFIED.,.F.,
  .F.,(2,2),(0.,4.83258533011),.PIECEWISE_BEZIER_KNOTS.);
#5715 = CARTESIAN_POINT('',(0.,478.47642990597));
#5716 = CARTESIAN_POINT('',(4.83258533011,478.47642990597));
#5717 = ( GEOMETRIC_REPRESENTATION_CONTEXT(2)
PARAMETRIC_REPRESENTATION_CONTEXT() REPRESENTATION_CONTEXT('2D SPACE',''
  ) );
#5718 = ORIENTED_EDGE('',*,*,#5719,.T.);
#5719 = EDGE_CURVE('',#5695,#5642,#5720,.T.);
#5720 = SURFACE_CURVE('',#5721,(#5726,#5733),.PCURVE_S1.);
#5721 = CIRCLE('',#5722,7.);
#5722 = AXIS2_PLACEMENT_3D('',#5723,#5724,#5725);
#5723 = CARTESIAN_POINT('',(7.,7.,2.7));
#5724 = DIRECTION('',(0.,0.,1.));
#5725 = DIRECTION('',(-0.142857142857,-0.989743318611,0.));
#5726 = PCURVE('',#2653,#5727);
#5727 = DEFINITIONAL_REPRESENTATION('',(#5728),#5732);
#5728 = LINE('',#5729,#5730);
#5729 = CARTESIAN_POINT('',(0.,0.));
#5730 = VECTOR('',#5731,1.);
#5731 = DIRECTION('',(1.,0.));
#5732 = ( GEOMETRIC_REPRESENTATION_CONTEXT(2)
PARAMETRIC_REPRESENTATION_CONTEXT() REPRESENTATION_CONTEXT('2D SPACE',''
  ) );
#5733 = PCURVE('',#5734,#5739);
#5734 = CYLINDRICAL_SURFACE('',#5735,7.);
#5735 = AXIS2_PLACEMENT_3D('',#5736,#5737,#5738);
#5736 = CARTESIAN_POINT('',(7.,7.,0.));
#5737 = DIRECTION('',(0.,0.,1.));
#5738 = DIRECTION('',(-1.,-0.,0.));
#5739 = DEFINITIONAL_REPRESENTATION('',(#5740),#5744);
#5740 = LINE('',#5741,#5742);
#5741 = CARTESIAN_POINT('',(1.42744875789,2.7));
#5742 = VECTOR('',#5743,1.);
#5743 = DIRECTION('',(1.,0.));
#5744 = ( GEOMETRIC_REPRESENTATION_CONTEXT(2)
PARAMETRIC_REPRESENTATION_CONTEXT() REPRESENTATION_CONTEXT('2D SPACE',''
  ) );
#5745 = ORIENTED_EDGE('',*,*,#5641,.T.);
#5746 = ORIENTED_EDGE('',*,*,#2636,.F.);
#5747 = ADVANCED_FACE('',(#5748),#2811,.F.);
#5748 = FACE_BOUND('',#5749,.F.);
#5749 = EDGE_LOOP('',(#5750,#5792,#5793,#5794));
#5750 = ORIENTED_EDGE('',*,*,#5751,.T.);
#5751 = EDGE_CURVE('',#5752,#2724,#5754,.T.);
#5752 = VERTEX_POINT('',#5753);
#5753 = CARTESIAN_POINT('',(2.507462686567,1.631843101453,6.));
#5754 = SURFACE_CURVE('',#5755,(#5760,#5786),.PCURVE_S1.);
#5755 = CIRCLE('',#5756,0.3);
#5756 = AXIS2_PLACEMENT_3D('',#5757,#5758,#5759);
#5757 = CARTESIAN_POINT('',(2.7,1.861906968534,6.));
#5758 = DIRECTION('',(0.,0.,1.));
#5759 = DIRECTION('',(-0.641791044776,-0.766879556935,0.));
#5760 = PCURVE('',#2811,#5761);
#5761 = DEFINITIONAL_REPRESENTATION('',(#5762),#5785);
#5762 = B_SPLINE_CURVE_WITH_KNOTS('',6,(#5763,#5764,#5765,#5766,#5767,
    #5768,#5769,#5770,#5771,#5772,#5773,#5774,#5775,#5776,#5777,#5778,
    #5779,#5780,#5781,#5782,#5783,#5784),.UNSPECIFIED.,.F.,.F.,(7,5,5,5,
    7),(0.,0.56690695335,1.1338139067,1.700720860051,2.267627813401),
  .UNSPECIFIED.);
#5763 = CARTESIAN_POINT('',(0.,473.64384457586));
#5764 = CARTESIAN_POINT('',(0.20136591201,473.64384457586));
#5765 = CARTESIAN_POINT('',(0.40272304594,473.64384457586));
#5766 = CARTESIAN_POINT('',(0.604078429686,473.64384457586));
#5767 = CARTESIAN_POINT('',(0.805434319525,473.64384457586));
#5768 = CARTESIAN_POINT('',(1.006790663119,473.64384457586));
#5769 = CARTESIAN_POINT('',(1.40950446189,473.64384457586));
#5770 = CARTESIAN_POINT('',(1.610860483371,473.64384457586));
#5771 = CARTESIAN_POINT('',(1.812220427604,473.64384457586));
#5772 = CARTESIAN_POINT('',(2.013576955081,473.64384457586));
#5773 = CARTESIAN_POINT('',(2.214934946629,473.64384457586));
#5774 = CARTESIAN_POINT('',(2.617650383481,473.64384457586));
#5775 = CARTESIAN_POINT('',(2.819008375029,473.64384457586));
#5776 = CARTESIAN_POINT('',(3.020364902506,473.64384457586));
#5777 = CARTESIAN_POINT('',(3.22172484674,473.64384457586));
#5778 = CARTESIAN_POINT('',(3.42308086822,473.64384457586));
#5779 = CARTESIAN_POINT('',(3.825794666992,473.64384457586));
#5780 = CARTESIAN_POINT('',(4.027151010585,473.64384457586));
#5781 = CARTESIAN_POINT('',(4.228506900425,473.64384457586));
#5782 = CARTESIAN_POINT('',(4.42986228417,473.64384457586));
#5783 = CARTESIAN_POINT('',(4.6312194181,473.64384457586));
#5784 = CARTESIAN_POINT('',(4.83258533011,473.64384457586));
#5785 = ( GEOMETRIC_REPRESENTATION_CONTEXT(2)
PARAMETRIC_REPRESENTATION_CONTEXT() REPRESENTATION_CONTEXT('2D SPACE',''
  ) );
#5786 = PCURVE('',#3308,#5787);
#5787 = DEFINITIONAL_REPRESENTATION('',(#5788),#5791);
#5788 = B_SPLINE_CURVE_WITH_KNOTS('',1,(#5789,#5790),.UNSPECIFIED.,.F.,
  .F.,(2,2),(0.,2.267627813401),.PIECEWISE_BEZIER_KNOTS.);
#5789 = CARTESIAN_POINT('',(0.,146.));
#5790 = CARTESIAN_POINT('',(-2.267627813401,146.));
#5791 = ( GEOMETRIC_REPRESENTATION_CONTEXT(2)
PARAMETRIC_REPRESENTATION_CONTEXT() REPRESENTATION_CONTEXT('2D SPACE',''
  ) );
#5792 = ORIENTED_EDGE('',*,*,#2746,.T.);
#5793 = ORIENTED_EDGE('',*,*,#5694,.F.);
#5794 = ORIENTED_EDGE('',*,*,#5795,.F.);
#5795 = EDGE_CURVE('',#5752,#5695,#5796,.T.);
#5796 = SURFACE_CURVE('',#5797,(#5821,#5828),.PCURVE_S1.);
#5797 = ( BOUNDED_CURVE() B_SPLINE_CURVE(8,(#5798,#5799,#5800,#5801,
    #5802,#5803,#5804,#5805,#5806,#5807,#5808,#5809,#5810,#5811,#5812,
    #5813,#5814,#5815,#5816,#5817,#5818,#5819,#5820),.UNSPECIFIED.,.F.,
.F.) B_SPLINE_CURVE_WITH_KNOTS((9,7,7,9),(473.64384457586,
    476.33362002711,477.51663021031,478.47642990597),.UNSPECIFIED.)
CURVE() GEOMETRIC_REPRESENTATION_ITEM() RATIONAL_B_SPLINE_CURVE((
    1.066705203297,1.066705203297,1.065448760828,1.062903411914,
    1.059584075668,1.056165472882,1.052611614944,1.049176748099,
    1.044486315583,1.043088749082,1.04173624281,1.0404351781,
    1.039193117982,1.038020254328,1.036927649785,1.035106593554,
    1.034347515227,1.033653731598,1.033032863531,1.032491460676,
1.032035001478,1.031667893173,1.031393471788)) REPRESENTATION_ITEM('')
  );
#5798 = CARTESIAN_POINT('',(2.507462686567,1.631843101453,6.));
#5799 = CARTESIAN_POINT('',(2.507462686567,1.631843101453,5.629172140084
    ));
#5800 = CARTESIAN_POINT('',(2.557115404959,1.590331792239,5.257551344591
    ));
#5801 = CARTESIAN_POINT('',(2.657471990806,1.506093930461,4.898379167195
    ));
#5802 = CARTESIAN_POINT('',(2.800200839404,1.391738005393,4.573032843886
    ));
#5803 = CARTESIAN_POINT('',(2.971622492302,1.265206791854,4.273943448098
    ));
#5804 = CARTESIAN_POINT('',(3.175787214472,1.126457530584,3.999074630572
    ));
#5805 = CARTESIAN_POINT('',(3.408663285286,0.983960066492,3.749645730164
    ));
#5806 = CARTESIAN_POINT('',(3.790152670875,0.777899755232,3.427340324345
    ));
#5807 = CARTESIAN_POINT('',(3.913209476237,0.714714372451,3.333681932403
    ));
#5808 = CARTESIAN_POINT('',(4.042392240131,0.651937969519,3.245317903334
    ));
#5809 = CARTESIAN_POINT('',(4.178049845169,0.589905825002,3.162420905264
    ));
#5810 = CARTESIAN_POINT('',(4.320418113471,0.529026697708,3.085330882675
    ));
#5811 = CARTESIAN_POINT('',(4.469470303632,0.46984072541,3.014606378323)
  );
#5812 = CARTESIAN_POINT('',(4.625121304508,0.412940801833,2.950937034317
    ));
#5813 = CARTESIAN_POINT('',(4.920001342565,0.314715827105,2.849382751524
    ));
#5814 = CARTESIAN_POINT('',(5.057019294832,0.272408893877,2.808852085364
    ));
#5815 = CARTESIAN_POINT('',(5.198448911273,0.23231875003,2.773911589835)
  );
#5816 = CARTESIAN_POINT('',(5.343855010269,0.194878101243,2.745098551201
    ));
#5817 = CARTESIAN_POINT('',(5.492764308128,0.160467066099,2.722897538972
    ));
#5818 = CARTESIAN_POINT('',(5.644666169914,0.129412366409,2.707739340011
    ));
#5819 = CARTESIAN_POINT('',(5.799013517267,0.101986581673,2.7));
#5820 = CARTESIAN_POINT('',(5.955223880597,7.840749102309E-02,2.7));
#5821 = PCURVE('',#2811,#5822);
#5822 = DEFINITIONAL_REPRESENTATION('',(#5823),#5827);
#5823 = LINE('',#5824,#5825);
#5824 = CARTESIAN_POINT('',(0.,0.));
#5825 = VECTOR('',#5826,1.);
#5826 = DIRECTION('',(0.,1.));
#5827 = ( GEOMETRIC_REPRESENTATION_CONTEXT(2)
PARAMETRIC_REPRESENTATION_CONTEXT() REPRESENTATION_CONTEXT('2D SPACE',''
  ) );
#5828 = PCURVE('',#5734,#5829);
#5829 = DEFINITIONAL_REPRESENTATION('',(#5830),#5873);
#5830 = B_SPLINE_CURVE_WITH_KNOTS('',11,(#5831,#5832,#5833,#5834,#5835,
    #5836,#5837,#5838,#5839,#5840,#5841,#5842,#5843,#5844,#5845,#5846,
    #5847,#5848,#5849,#5850,#5851,#5852,#5853,#5854,#5855,#5856,#5857,
    #5858,#5859,#5860,#5861,#5862,#5863,#5864,#5865,#5866,#5867,#5868,
    #5869,#5870,#5871,#5872),.UNSPECIFIED.,.F.,.F.,(12,10,10,10,12),(
    473.64384457586,476.06013724091,477.26828357344,477.87235673971,
    478.47642990597),.UNSPECIFIED.);
#5831 = CARTESIAN_POINT('',(0.873964840189,6.));
#5832 = CARTESIAN_POINT('',(0.873964840189,5.757728032313));
#5833 = CARTESIAN_POINT('',(0.877759219358,5.515487248883));
#5834 = CARTESIAN_POINT('',(0.885385030246,5.276439607115));
#5835 = CARTESIAN_POINT('',(0.89658101042,5.044687294789));
#5836 = CARTESIAN_POINT('',(0.910870511001,4.822916632022));
#5837 = CARTESIAN_POINT('',(0.927748971706,4.612099636559));
#5838 = CARTESIAN_POINT('',(0.946830759725,4.412131961992));
#5839 = CARTESIAN_POINT('',(0.967886778308,4.222620119154));
#5840 = CARTESIAN_POINT('',(0.990780839048,4.043365089113));
#5841 = CARTESIAN_POINT('',(1.015389380407,3.874423637144));
#5842 = CARTESIAN_POINT('',(1.054803864603,3.636732434526));
#5843 = CARTESIAN_POINT('',(1.068360026511,3.560122316226));
#5844 = CARTESIAN_POINT('',(1.082317953452,3.486167742256));
#5845 = CARTESIAN_POINT('',(1.096714846754,3.414794123831));
#5846 = CARTESIAN_POINT('',(1.111511473824,3.34618218988));
#5847 = CARTESIAN_POINT('',(1.126702496332,3.280431178914));
#5848 = CARTESIAN_POINT('',(1.142325744838,3.217542469581));
#5849 = CARTESIAN_POINT('',(1.158388809047,3.157647700203));
#5850 = CARTESIAN_POINT('',(1.174859289649,3.101026050356));
#5851 = CARTESIAN_POINT('',(1.191761390657,3.047794971944));
#5852 = CARTESIAN_POINT('',(1.217748633557,2.973428402606));
#5853 = CARTESIAN_POINT('',(1.22652157955,2.949541480849));
#5854 = CARTESIAN_POINT('',(1.235366534226,2.926672335118));
#5855 = CARTESIAN_POINT('',(1.244443240683,2.904480383613));
#5856 = CARTESIAN_POINT('',(1.253362410342,2.883931175301));
#5857 = CARTESIAN_POINT('',(1.262733358991,2.86352846042));
#5858 = CARTESIAN_POINT('',(1.271972837613,2.844869640677));
#5859 = CARTESIAN_POINT('',(1.281428529454,2.826987448527));
#5860 = CARTESIAN_POINT('',(1.290950188472,2.810382876346));
#5861 = CARTESIAN_POINT('',(1.300571008145,2.794962441045));
#5862 = CARTESIAN_POINT('',(1.319987883064,2.766625161523));
#5863 = CARTESIAN_POINT('',(1.329784309004,2.753706047693));
#5864 = CARTESIAN_POINT('',(1.339663229762,2.742078532851));
#5865 = CARTESIAN_POINT('',(1.349619083954,2.731782857498));
#5866 = CARTESIAN_POINT('',(1.359646242454,2.722857429569));
#5867 = CARTESIAN_POINT('',(1.369739008422,2.715338824448));
#5868 = CARTESIAN_POINT('',(1.379891617272,2.709261784948));
#5869 = CARTESIAN_POINT('',(1.390098236703,2.704659221335));
#5870 = CARTESIAN_POINT('',(1.400352966673,2.701562211305));
#5871 = CARTESIAN_POINT('',(1.410649839418,2.7));
#5872 = CARTESIAN_POINT('',(1.420982819439,2.7));
#5873 = ( GEOMETRIC_REPRESENTATION_CONTEXT(2)
PARAMETRIC_REPRESENTATION_CONTEXT() REPRESENTATION_CONTEXT('2D SPACE',''
  ) );
#5874 = ADVANCED_FACE('',(#5875),#3076,.F.);
#5875 = FACE_BOUND('',#5876,.F.);
#5876 = EDGE_LOOP('',(#5877,#5878,#5879,#5910));
#5877 = ORIENTED_EDGE('',*,*,#5617,.T.);
#5878 = ORIENTED_EDGE('',*,*,#3008,.T.);
#5879 = ORIENTED_EDGE('',*,*,#5880,.F.);
#5880 = EDGE_CURVE('',#5881,#2986,#5883,.T.);
#5881 = VERTEX_POINT('',#5882);
#5882 = CARTESIAN_POINT('',(93.492537313433,1.631843101453,6.));
#5883 = SURFACE_CURVE('',#5884,(#5892,#5898),.PCURVE_S1.);
#5884 = ( BOUNDED_CURVE() B_SPLINE_CURVE(6,(#5885,#5886,#5887,#5888,
#5889,#5890,#5891),.UNSPECIFIED.,.F.,.F.) B_SPLINE_CURVE_WITH_KNOTS((7,7
),(0.,4.832585329074),.PIECEWISE_BEZIER_KNOTS.) CURVE()
GEOMETRIC_REPRESENTATION_ITEM() RATIONAL_B_SPLINE_CURVE((1.066705203297,
    1.020249745885,0.995713300237,0.987609681784,0.995713300237,
1.020249745885,1.066705203297)) REPRESENTATION_ITEM('') );
#5885 = CARTESIAN_POINT('',(93.492537313433,1.631843101453,6.));
#5886 = CARTESIAN_POINT('',(93.401632015484,1.555765697097,6.));
#5887 = CARTESIAN_POINT('',(93.280613976754,1.526314919407,6.));
#5888 = CARTESIAN_POINT('',(93.155758195827,1.55310371484,6.));
#5889 = CARTESIAN_POINT('',(93.055083094167,1.631660251788,6.));
#5890 = CARTESIAN_POINT('',(93.,1.743367757094,6.));
#5891 = CARTESIAN_POINT('',(93.,1.861906968534,6.));
#5892 = PCURVE('',#3076,#5893);
#5893 = DEFINITIONAL_REPRESENTATION('',(#5894),#5897);
#5894 = B_SPLINE_CURVE_WITH_KNOTS('',1,(#5895,#5896),.UNSPECIFIED.,.F.,
  .F.,(2,2),(0.,4.832585329074),.PIECEWISE_BEZIER_KNOTS.);
#5895 = CARTESIAN_POINT('',(0.,87.881281524942));
#5896 = CARTESIAN_POINT('',(4.832585329074,87.881281524942));
#5897 = ( GEOMETRIC_REPRESENTATION_CONTEXT(2)
PARAMETRIC_REPRESENTATION_CONTEXT() REPRESENTATION_CONTEXT('2D SPACE',''
  ) );
#5898 = PCURVE('',#3362,#5899);
#5899 = DEFINITIONAL_REPRESENTATION('',(#5900),#5909);
#5900 = B_SPLINE_CURVE_WITH_KNOTS('',7,(#5901,#5902,#5903,#5904,#5905,
    #5906,#5907,#5908),.UNSPECIFIED.,.F.,.F.,(8,8),(0.,4.832585329074),
  .PIECEWISE_BEZIER_KNOTS.);
#5901 = CARTESIAN_POINT('',(0.,0.));
#5902 = CARTESIAN_POINT('',(-0.323933654973,0.));
#5903 = CARTESIAN_POINT('',(-0.647914920687,0.));
#5904 = CARTESIAN_POINT('',(-0.971815950378,0.));
#5905 = CARTESIAN_POINT('',(-1.295811863022,0.));
#5906 = CARTESIAN_POINT('',(-1.619712892714,0.));
#5907 = CARTESIAN_POINT('',(-1.943694158428,0.));
#5908 = CARTESIAN_POINT('',(-2.267627813401,0.));
#5909 = ( GEOMETRIC_REPRESENTATION_CONTEXT(2)
PARAMETRIC_REPRESENTATION_CONTEXT() REPRESENTATION_CONTEXT('2D SPACE',''
  ) );
#5910 = ORIENTED_EDGE('',*,*,#5911,.F.);
#5911 = EDGE_CURVE('',#5589,#5881,#5912,.T.);
#5912 = SURFACE_CURVE('',#5913,(#5940,#5947),.PCURVE_S1.);
#5913 = ( BOUNDED_CURVE() B_SPLINE_CURVE(9,(#5914,#5915,#5916,#5917,
    #5918,#5919,#5920,#5921,#5922,#5923,#5924,#5925,#5926,#5927,#5928,
    #5929,#5930,#5931,#5932,#5933,#5934,#5935,#5936,#5937,#5938,#5939),
.UNSPECIFIED.,.F.,.F.) B_SPLINE_CURVE_WITH_KNOTS((10,8,8,10),(
    83.048696195869,84.008511974067,85.204082802717,87.881281524942),
.UNSPECIFIED.) CURVE() GEOMETRIC_REPRESENTATION_ITEM()
RATIONAL_B_SPLINE_CURVE((1.031393471788,1.031637401948,1.03195342184,
    1.032339307431,1.03279223961,1.033308804186,1.033884991892,
    1.034516198381,1.035197224226,1.036825416426,1.037797735611,
    1.038834672378,1.039928996088,1.041073391311,1.042261780581,
    1.043489384159,1.044751516811,1.048928887162,1.051958378008,
    1.055045142325,1.058167088508,1.061081124498,1.063793901962,
1.06573348299,1.066705203297,1.066705203297)) REPRESENTATION_ITEM('') );
#5914 = CARTESIAN_POINT('',(90.044776119403,7.840749102309E-02,2.7));
#5915 = CARTESIAN_POINT('',(90.183633907485,9.936730638256E-02,2.7));
#5916 = CARTESIAN_POINT('',(90.3210439096,0.123319434117,2.706019963258)
  );
#5917 = CARTESIAN_POINT('',(90.456616605627,0.150118540245,
    2.717846292236));
#5918 = CARTESIAN_POINT('',(90.589982231717,0.179588736016,
    2.735234294834));
#5919 = CARTESIAN_POINT('',(90.720791322783,0.211523903004,
    2.757908592557));
#5920 = CARTESIAN_POINT('',(90.848715193382,0.245688058115,
    2.785563589623));
#5921 = CARTESIAN_POINT('',(90.973446351861,0.281815750268,2.81786399315
    ));
#5922 = CARTESIAN_POINT('',(91.094698843754,0.319612479413,2.8544453734)
  );
#5923 = CARTESIAN_POINT('',(91.35835169157,0.407435634232,2.945245272784
    ));
#5924 = CARTESIAN_POINT('',(91.498900269168,0.458265932246,
    3.001643586704));
#5925 = CARTESIAN_POINT('',(91.634176320145,0.510964002085,
    3.063717825866));
#5926 = CARTESIAN_POINT('',(91.764166460568,0.565134964805,3.13099711207
    ));
#5927 = CARTESIAN_POINT('',(91.888823201421,0.620388733919,
    3.203059643485));
#5928 = CARTESIAN_POINT('',(92.008220264014,0.676400420092,
    3.279599855195));
#5929 = CARTESIAN_POINT('',(92.122564007886,0.732914271135,
    3.360435477765));
#5930 = CARTESIAN_POINT('',(92.23206313672,0.789692060175,3.445455579165
    ));
#5931 = CARTESIAN_POINT('',(92.56994334864,0.972900628947,3.733134997569
    ));
#5932 = CARTESIAN_POINT('',(92.779069984415,1.099194130491,
    3.952056927623));
#5933 = CARTESIAN_POINT('',(92.964270664401,1.221653833114,
    4.188756300565));
#5934 = CARTESIAN_POINT('',(93.127966994001,1.339033897995,4.44800783232
    ));
#5935 = CARTESIAN_POINT('',(93.264751346151,1.443605841722,
    4.722844752679));
#5936 = CARTESIAN_POINT('',(93.377427347604,1.535495127942,
    5.022958413718));
#5937 = CARTESIAN_POINT('',(93.454218527417,1.599777966957,
    5.343281405348));
#5938 = CARTESIAN_POINT('',(93.492537313433,1.631843101453,
    5.671918445329));
#5939 = CARTESIAN_POINT('',(93.492537313433,1.631843101453,6.));
#5940 = PCURVE('',#3076,#5941);
#5941 = DEFINITIONAL_REPRESENTATION('',(#5942),#5946);
#5942 = LINE('',#5943,#5944);
#5943 = CARTESIAN_POINT('',(0.,0.));
#5944 = VECTOR('',#5945,1.);
#5945 = DIRECTION('',(0.,1.));
#5946 = ( GEOMETRIC_REPRESENTATION_CONTEXT(2)
PARAMETRIC_REPRESENTATION_CONTEXT() REPRESENTATION_CONTEXT('2D SPACE',''
  ) );
#5947 = PCURVE('',#5605,#5948);
#5948 = DEFINITIONAL_REPRESENTATION('',(#5949),#5988);
#5949 = B_SPLINE_CURVE_WITH_KNOTS('',10,(#5950,#5951,#5952,#5953,#5954,
    #5955,#5956,#5957,#5958,#5959,#5960,#5961,#5962,#5963,#5964,#5965,
    #5966,#5967,#5968,#5969,#5970,#5971,#5972,#5973,#5974,#5975,#5976,
    #5977,#5978,#5979,#5980,#5981,#5982,#5983,#5984,#5985,#5986,#5987),
  .UNSPECIFIED.,.F.,.F.,(11,9,9,9,11),(83.048696195869,83.652769362003,
    84.256842528137,85.464988860405,87.881281524942),.UNSPECIFIED.);
#5950 = CARTESIAN_POINT('',(-1.420982819439,2.7));
#5951 = CARTESIAN_POINT('',(-1.409616729593,2.7));
#5952 = CARTESIAN_POINT('',(-1.398294771937,2.701909305591));
#5953 = CARTESIAN_POINT('',(-1.387025244217,2.705690225459));
#5954 = CARTESIAN_POINT('',(-1.375816337787,2.711302189074));
#5955 = CARTESIAN_POINT('',(-1.364676137612,2.718701746694));
#5956 = CARTESIAN_POINT('',(-1.353612622264,2.727842569357));
#5957 = CARTESIAN_POINT('',(-1.342633663928,2.73867544889));
#5958 = CARTESIAN_POINT('',(-1.331747028393,2.751148297902));
#5959 = CARTESIAN_POINT('',(-1.320960375062,2.765206149787));
#5960 = CARTESIAN_POINT('',(-1.299602138828,2.796376167663));
#5961 = CARTESIAN_POINT('',(-1.289034745881,2.813478844614));
#5962 = CARTESIAN_POINT('',(-1.278552449112,2.83211840932));
#5963 = CARTESIAN_POINT('',(-1.268293718276,2.851945529295));
#5964 = CARTESIAN_POINT('',(-1.257965607329,2.873538217891));
#5965 = CARTESIAN_POINT('',(-1.248014131192,2.895939747843));
#5966 = CARTESIAN_POINT('',(-1.238058249503,2.919790954908));
#5967 = CARTESIAN_POINT('',(-1.228277157947,2.944788134481));
#5968 = CARTESIAN_POINT('',(-1.218618876769,2.970938426924));
#5969 = CARTESIAN_POINT('',(-1.190033790264,3.05273780299));
#5970 = CARTESIAN_POINT('',(-1.171496944584,3.111727471423));
#5971 = CARTESIAN_POINT('',(-1.153468558107,3.174878015671));
#5972 = CARTESIAN_POINT('',(-1.135971256307,3.241872328917));
#5973 = CARTESIAN_POINT('',(-1.118996296087,3.312499256046));
#5974 = CARTESIAN_POINT('',(-1.102523385884,3.386616711324));
#5975 = CARTESIAN_POINT('',(-1.0865472187,3.464103864937));
#5976 = CARTESIAN_POINT('',(-1.071075949405,3.544864790947));
#5977 = CARTESIAN_POINT('',(-1.056110599661,3.628855227839));
#5978 = CARTESIAN_POINT('',(-1.012753178154,3.890329627137));
#5979 = CARTESIAN_POINT('',(-0.985908409382,4.0773126233));
#5980 = CARTESIAN_POINT('',(-0.961130235132,4.277054837494));
#5981 = CARTESIAN_POINT('',(-0.938652909407,4.489363108466));
#5982 = CARTESIAN_POINT('',(-0.918662318748,4.714464414862));
#5983 = CARTESIAN_POINT('',(-0.901528469132,4.953038772791));
#5984 = CARTESIAN_POINT('',(-0.887925655626,5.20489800954));
#5985 = CARTESIAN_POINT('',(-0.878604455945,5.467071517982));
#5986 = CARTESIAN_POINT('',(-0.873964840189,5.733502431999));
#5987 = CARTESIAN_POINT('',(-0.873964840189,6.));
#5988 = ( GEOMETRIC_REPRESENTATION_CONTEXT(2)
PARAMETRIC_REPRESENTATION_CONTEXT() REPRESENTATION_CONTEXT('2D SPACE',''
  ) );
#5989 = ADVANCED_FACE('',(#5990),#3308,.T.);
#5990 = FACE_BOUND('',#5991,.F.);
#5991 = EDGE_LOOP('',(#5992,#6023,#6024,#6025));
#5992 = ORIENTED_EDGE('',*,*,#5993,.T.);
#5993 = EDGE_CURVE('',#5994,#3272,#5996,.T.);
#5994 = VERTEX_POINT('',#5995);
#5995 = CARTESIAN_POINT('',(2.507462686567,1.631843101453,152.));
#5996 = SURFACE_CURVE('',#5997,(#6005,#6017),.PCURVE_S1.);
#5997 = ( BOUNDED_CURVE() B_SPLINE_CURVE(6,(#5998,#5999,#6000,#6001,
#6002,#6003,#6004),.UNSPECIFIED.,.F.,.F.) B_SPLINE_CURVE_WITH_KNOTS((7,7
),(0.,4.83258533011),.PIECEWISE_BEZIER_KNOTS.) CURVE()
GEOMETRIC_REPRESENTATION_ITEM() RATIONAL_B_SPLINE_CURVE((1.066705203297,
    1.020249745885,0.995713300237,0.987609681784,0.995713300237,
1.020249745885,1.066705203297)) REPRESENTATION_ITEM('') );
#5998 = CARTESIAN_POINT('',(2.507462686567,1.631843101453,152.));
#5999 = CARTESIAN_POINT('',(2.598367984515,1.555765697097,152.));
#6000 = CARTESIAN_POINT('',(2.719386023246,1.526314919407,152.));
#6001 = CARTESIAN_POINT('',(2.844241804173,1.55310371484,152.));
#6002 = CARTESIAN_POINT('',(2.944916905833,1.631660251788,152.));
#6003 = CARTESIAN_POINT('',(3.,1.743367757094,152.));
#6004 = CARTESIAN_POINT('',(3.,1.861906968534,152.));
#6005 = PCURVE('',#3308,#6006);
#6006 = DEFINITIONAL_REPRESENTATION('',(#6007),#6016);
#6007 = B_SPLINE_CURVE_WITH_KNOTS('',7,(#6008,#6009,#6010,#6011,#6012,
    #6013,#6014,#6015),.UNSPECIFIED.,.F.,.F.,(8,8),(0.,4.83258533011),
  .PIECEWISE_BEZIER_KNOTS.);
#6008 = CARTESIAN_POINT('',(-2.22044604925E-16,0.));
#6009 = CARTESIAN_POINT('',(-0.323933654973,0.));
#6010 = CARTESIAN_POINT('',(-0.647914920687,0.));
#6011 = CARTESIAN_POINT('',(-0.971815950378,0.));
#6012 = CARTESIAN_POINT('',(-1.295811863022,0.));
#6013 = CARTESIAN_POINT('',(-1.619712892714,0.));
#6014 = CARTESIAN_POINT('',(-1.943694158428,0.));
#6015 = CARTESIAN_POINT('',(-2.267627813401,0.));
#6016 = ( GEOMETRIC_REPRESENTATION_CONTEXT(2)
PARAMETRIC_REPRESENTATION_CONTEXT() REPRESENTATION_CONTEXT('2D SPACE',''
  ) );
#6017 = PCURVE('',#3454,#6018);
#6018 = DEFINITIONAL_REPRESENTATION('',(#6019),#6022);
#6019 = B_SPLINE_CURVE_WITH_KNOTS('',1,(#6020,#6021),.UNSPECIFIED.,.F.,
  .F.,(2,2),(0.,4.83258533011),.PIECEWISE_BEZIER_KNOTS.);
#6020 = CARTESIAN_POINT('',(0.,327.64384457586));
#6021 = CARTESIAN_POINT('',(4.83258533011,327.64384457586));
#6022 = ( GEOMETRIC_REPRESENTATION_CONTEXT(2)
PARAMETRIC_REPRESENTATION_CONTEXT() REPRESENTATION_CONTEXT('2D SPACE',''
  ) );
#6023 = ORIENTED_EDGE('',*,*,#3294,.T.);
#6024 = ORIENTED_EDGE('',*,*,#5751,.F.);
#6025 = ORIENTED_EDGE('',*,*,#6026,.F.);
#6026 = EDGE_CURVE('',#5994,#5752,#6027,.T.);
#6027 = SURFACE_CURVE('',#6028,(#6032,#6039),.PCURVE_S1.);
#6028 = LINE('',#6029,#6030);
#6029 = CARTESIAN_POINT('',(2.507462686567,1.631843101453,152.));
#6030 = VECTOR('',#6031,1.);
#6031 = DIRECTION('',(-0.,-0.,-1.));
#6032 = PCURVE('',#3308,#6033);
#6033 = DEFINITIONAL_REPRESENTATION('',(#6034),#6038);
#6034 = LINE('',#6035,#6036);
#6035 = CARTESIAN_POINT('',(-0.,0.));
#6036 = VECTOR('',#6037,1.);
#6037 = DIRECTION('',(-0.,1.));
#6038 = ( GEOMETRIC_REPRESENTATION_CONTEXT(2)
PARAMETRIC_REPRESENTATION_CONTEXT() REPRESENTATION_CONTEXT('2D SPACE',''
  ) );
#6039 = PCURVE('',#5734,#6040);
#6040 = DEFINITIONAL_REPRESENTATION('',(#6041),#6045);
#6041 = LINE('',#6042,#6043);
#6042 = CARTESIAN_POINT('',(0.873964840189,152.));
#6043 = VECTOR('',#6044,1.);
#6044 = DIRECTION('',(-0.,-1.));
#6045 = ( GEOMETRIC_REPRESENTATION_CONTEXT(2)
PARAMETRIC_REPRESENTATION_CONTEXT() REPRESENTATION_CONTEXT('2D SPACE',''
  ) );
#6046 = ADVANCED_FACE('',(#6047),#3362,.T.);
#6047 = FACE_BOUND('',#6048,.F.);
#6048 = EDGE_LOOP('',(#6049,#6050,#6051,#6093));
#6049 = ORIENTED_EDGE('',*,*,#5880,.T.);
#6050 = ORIENTED_EDGE('',*,*,#3348,.T.);
#6051 = ORIENTED_EDGE('',*,*,#6052,.F.);
#6052 = EDGE_CURVE('',#6053,#3326,#6055,.T.);
#6053 = VERTEX_POINT('',#6054);
#6054 = CARTESIAN_POINT('',(93.492537313433,1.631843101453,152.));
#6055 = SURFACE_CURVE('',#6056,(#6061,#6067),.PCURVE_S1.);
#6056 = CIRCLE('',#6057,0.3);
#6057 = AXIS2_PLACEMENT_3D('',#6058,#6059,#6060);
#6058 = CARTESIAN_POINT('',(93.3,1.861906968534,152.));
#6059 = DIRECTION('',(0.,-0.,-1.));
#6060 = DIRECTION('',(0.641791044776,-0.766879556935,0.));
#6061 = PCURVE('',#3362,#6062);
#6062 = DEFINITIONAL_REPRESENTATION('',(#6063),#6066);
#6063 = B_SPLINE_CURVE_WITH_KNOTS('',1,(#6064,#6065),.UNSPECIFIED.,.F.,
  .F.,(2,2),(0.,2.267627813401),.PIECEWISE_BEZIER_KNOTS.);
#6064 = CARTESIAN_POINT('',(0.,146.));
#6065 = CARTESIAN_POINT('',(-2.267627813401,146.));
#6066 = ( GEOMETRIC_REPRESENTATION_CONTEXT(2)
PARAMETRIC_REPRESENTATION_CONTEXT() REPRESENTATION_CONTEXT('2D SPACE',''
  ) );
#6067 = PCURVE('',#3737,#6068);
#6068 = DEFINITIONAL_REPRESENTATION('',(#6069),#6092);
#6069 = B_SPLINE_CURVE_WITH_KNOTS('',6,(#6070,#6071,#6072,#6073,#6074,
    #6075,#6076,#6077,#6078,#6079,#6080,#6081,#6082,#6083,#6084,#6085,
    #6086,#6087,#6088,#6089,#6090,#6091),.UNSPECIFIED.,.F.,.F.,(7,5,5,5,
    7),(0.,0.56690695335,1.1338139067,1.700720860051,2.267627813401),
  .UNSPECIFIED.);
#6070 = CARTESIAN_POINT('',(-1.110223024625E-16,233.88128152494));
#6071 = CARTESIAN_POINT('',(0.201365911967,233.88128152494));
#6072 = CARTESIAN_POINT('',(0.402723045853,233.88128152494));
#6073 = CARTESIAN_POINT('',(0.604078429556,233.88128152494));
#6074 = CARTESIAN_POINT('',(0.805434319353,233.88128152494));
#6075 = CARTESIAN_POINT('',(1.006790662902,233.88128152494));
#6076 = CARTESIAN_POINT('',(1.409504461588,233.88128152494));
#6077 = CARTESIAN_POINT('',(1.610860483025,233.88128152494));
#6078 = CARTESIAN_POINT('',(1.812220427215,233.88128152494));
#6079 = CARTESIAN_POINT('',(2.013576954649,233.88128152494));
#6080 = CARTESIAN_POINT('',(2.214934946154,233.88128152494));
#6081 = CARTESIAN_POINT('',(2.617650382919,233.88128152494));
#6082 = CARTESIAN_POINT('',(2.819008374424,233.88128152494));
#6083 = CARTESIAN_POINT('',(3.020364901858,233.88128152494));
#6084 = CARTESIAN_POINT('',(3.221724846048,233.88128152494));
#6085 = CARTESIAN_POINT('',(3.423080867486,233.88128152494));
#6086 = CARTESIAN_POINT('',(3.825794666171,233.88128152494));
#6087 = CARTESIAN_POINT('',(4.027151009721,233.88128152494));
#6088 = CARTESIAN_POINT('',(4.228506899517,233.88128152494));
#6089 = CARTESIAN_POINT('',(4.42986228322,233.88128152494));
#6090 = CARTESIAN_POINT('',(4.631219417107,233.88128152494));
#6091 = CARTESIAN_POINT('',(4.832585329073,233.88128152494));
#6092 = ( GEOMETRIC_REPRESENTATION_CONTEXT(2)
PARAMETRIC_REPRESENTATION_CONTEXT() REPRESENTATION_CONTEXT('2D SPACE',''
  ) );
#6093 = ORIENTED_EDGE('',*,*,#6094,.F.);
#6094 = EDGE_CURVE('',#5881,#6053,#6095,.T.);
#6095 = SURFACE_CURVE('',#6096,(#6100,#6107),.PCURVE_S1.);
#6096 = LINE('',#6097,#6098);
#6097 = CARTESIAN_POINT('',(93.492537313433,1.631843101453,6.));
#6098 = VECTOR('',#6099,1.);
#6099 = DIRECTION('',(0.,0.,1.));
#6100 = PCURVE('',#3362,#6101);
#6101 = DEFINITIONAL_REPRESENTATION('',(#6102),#6106);
#6102 = LINE('',#6103,#6104);
#6103 = CARTESIAN_POINT('',(-0.,0.));
#6104 = VECTOR('',#6105,1.);
#6105 = DIRECTION('',(-0.,1.));
#6106 = ( GEOMETRIC_REPRESENTATION_CONTEXT(2)
PARAMETRIC_REPRESENTATION_CONTEXT() REPRESENTATION_CONTEXT('2D SPACE',''
  ) );
#6107 = PCURVE('',#5605,#6108);
#6108 = DEFINITIONAL_REPRESENTATION('',(#6109),#6113);
#6109 = LINE('',#6110,#6111);
#6110 = CARTESIAN_POINT('',(-0.873964840189,6.));
#6111 = VECTOR('',#6112,1.);
#6112 = DIRECTION('',(-0.,1.));
#6113 = ( GEOMETRIC_REPRESENTATION_CONTEXT(2)
PARAMETRIC_REPRESENTATION_CONTEXT() REPRESENTATION_CONTEXT('2D SPACE',''
  ) );
#6114 = ADVANCED_FACE('',(#6115),#3454,.F.);
#6115 = FACE_BOUND('',#6116,.F.);
#6116 = EDGE_LOOP('',(#6117,#6139,#6140,#6141));
#6117 = ORIENTED_EDGE('',*,*,#6118,.T.);
#6118 = EDGE_CURVE('',#6119,#3381,#6121,.T.);
#6119 = VERTEX_POINT('',#6120);
#6120 = CARTESIAN_POINT('',(5.955223880597,7.840749102309E-02,155.3));
#6121 = SURFACE_CURVE('',#6122,(#6127,#6133),.PCURVE_S1.);
#6122 = CIRCLE('',#6123,0.3);
#6123 = AXIS2_PLACEMENT_3D('',#6124,#6125,#6126);
#6124 = CARTESIAN_POINT('',(6.,0.375047169979,155.3));
#6125 = DIRECTION('',(0.988798929854,-0.149253731343,0.));
#6126 = DIRECTION('',(-0.149253731343,-0.988798929854,0.));
#6127 = PCURVE('',#3454,#6128);
#6128 = DEFINITIONAL_REPRESENTATION('',(#6129),#6132);
#6129 = B_SPLINE_CURVE_WITH_KNOTS('',1,(#6130,#6131),.UNSPECIFIED.,.F.,
  .F.,(2,2),(0.,1.570796326795),.PIECEWISE_BEZIER_KNOTS.);
#6130 = CARTESIAN_POINT('',(0.,322.81125924575));
#6131 = CARTESIAN_POINT('',(4.83258533011,322.81125924575));
#6132 = ( GEOMETRIC_REPRESENTATION_CONTEXT(2)
PARAMETRIC_REPRESENTATION_CONTEXT() REPRESENTATION_CONTEXT('2D SPACE',''
  ) );
#6133 = PCURVE('',#3955,#6134);
#6134 = DEFINITIONAL_REPRESENTATION('',(#6135),#6138);
#6135 = B_SPLINE_CURVE_WITH_KNOTS('',1,(#6136,#6137),.UNSPECIFIED.,.F.,
  .F.,(2,2),(0.,1.570796326795),.PIECEWISE_BEZIER_KNOTS.);
#6136 = CARTESIAN_POINT('',(0.149813507356,0.));
#6137 = CARTESIAN_POINT('',(0.149813507356,1.570796326795));
#6138 = ( GEOMETRIC_REPRESENTATION_CONTEXT(2)
PARAMETRIC_REPRESENTATION_CONTEXT() REPRESENTATION_CONTEXT('2D SPACE',''
  ) );
#6139 = ORIENTED_EDGE('',*,*,#3380,.T.);
#6140 = ORIENTED_EDGE('',*,*,#5993,.F.);
#6141 = ORIENTED_EDGE('',*,*,#6142,.F.);
#6142 = EDGE_CURVE('',#6119,#5994,#6143,.T.);
#6143 = SURFACE_CURVE('',#6144,(#6171,#6178),.PCURVE_S1.);
#6144 = ( BOUNDED_CURVE() B_SPLINE_CURVE(9,(#6145,#6146,#6147,#6148,
    #6149,#6150,#6151,#6152,#6153,#6154,#6155,#6156,#6157,#6158,#6159,
    #6160,#6161,#6162,#6163,#6164,#6165,#6166,#6167,#6168,#6169,#6170),
.UNSPECIFIED.,.F.,.F.) B_SPLINE_CURVE_WITH_KNOTS((10,8,8,10),(
    322.81125924575,323.7710589414,324.9540691246,327.64384457586),
.UNSPECIFIED.) CURVE() GEOMETRIC_REPRESENTATION_ITEM()
RATIONAL_B_SPLINE_CURVE((1.031393471788,1.031637401908,1.031953421855,
    1.03233930761,1.03279224004,1.033308804894,1.033884992808,
    1.034516199299,1.035197224772,1.036815941421,1.037777277759,
    1.038802052938,1.039883181913,1.041013454243,1.04218694196,
    1.043399086231,1.044645462829,1.048815345153,1.051855844639,
    1.054957862223,1.058099720761,1.061026850812,1.063769620343,
1.065723463357,1.066705203297,1.066705203297)) REPRESENTATION_ITEM('')
  );
#6145 = CARTESIAN_POINT('',(5.955223880597,7.840749102309E-02,155.3));
#6146 = CARTESIAN_POINT('',(5.816366120319,9.93673021856E-02,155.3));
#6147 = CARTESIAN_POINT('',(5.678956090216,0.123319433884,
    155.29398003746));
#6148 = CARTESIAN_POINT('',(5.543383336516,0.150118550902,155.2821537046
    ));
#6149 = CARTESIAN_POINT('',(5.410017646317,0.179588761847,
    155.26476569175));
#6150 = CARTESIAN_POINT('',(5.279208505065,0.211523944254,
    155.24209137917));
#6151 = CARTESIAN_POINT('',(5.151284615643,0.245688109602,
    155.21443636795));
#6152 = CARTESIAN_POINT('',(5.026553484196,0.281815800016,
    155.18213595978));
#6153 = CARTESIAN_POINT('',(4.905301076726,0.319612507294,
    155.14555459668));
#6154 = CARTESIAN_POINT('',(4.643180197166,0.406925358106,
    155.05528230119));
#6155 = CARTESIAN_POINT('',(4.504053961785,0.457197534944,
    154.99954186801));
#6156 = CARTESIAN_POINT('',(4.370079778946,0.509307198158,
    154.93823283835));
#6157 = CARTESIAN_POINT('',(4.241278765646,0.562868291496,
    154.87181581521));
#6158 = CARTESIAN_POINT('',(4.117709814339,0.617496987062,
    154.80070767579));
#6159 = CARTESIAN_POINT('',(3.99930543089,0.672875920143,154.72520963504
    ));
#6160 = CARTESIAN_POINT('',(3.885857602594,0.728759615682,
    154.64549799119));
#6161 = CARTESIAN_POINT('',(3.777151457875,0.784922046079,
    154.56167643911));
#6162 = CARTESIAN_POINT('',(3.43793366301,0.968150383383,154.27508165846
    ));
#6163 = CARTESIAN_POINT('',(3.227111216237,1.095111522125,
    154.05583188581));
#6164 = CARTESIAN_POINT('',(3.040343724884,1.218352920922,
    153.81850010874));
#6165 = CARTESIAN_POINT('',(2.875148138702,1.336631228777,
    153.55830718144));
#6166 = CARTESIAN_POINT('',(2.737591207569,1.441731479012,
    153.28321420537));
#6167 = CARTESIAN_POINT('',(2.623480084367,1.534709654185,
    152.98118132872));
#6168 = CARTESIAN_POINT('',(2.54619173529,1.599441488635,152.65989389291
    ));
#6169 = CARTESIAN_POINT('',(2.507462686567,1.631843101453,
    152.32962476436));
#6170 = CARTESIAN_POINT('',(2.507462686567,1.631843101453,152.));
#6171 = PCURVE('',#3454,#6172);
#6172 = DEFINITIONAL_REPRESENTATION('',(#6173),#6177);
#6173 = LINE('',#6174,#6175);
#6174 = CARTESIAN_POINT('',(0.,0.));
#6175 = VECTOR('',#6176,1.);
#6176 = DIRECTION('',(0.,1.));
#6177 = ( GEOMETRIC_REPRESENTATION_CONTEXT(2)
PARAMETRIC_REPRESENTATION_CONTEXT() REPRESENTATION_CONTEXT('2D SPACE',''
  ) );
#6178 = PCURVE('',#5734,#6179);
#6179 = DEFINITIONAL_REPRESENTATION('',(#6180),#6219);
#6180 = B_SPLINE_CURVE_WITH_KNOTS('',10,(#6181,#6182,#6183,#6184,#6185,
    #6186,#6187,#6188,#6189,#6190,#6191,#6192,#6193,#6194,#6195,#6196,
    #6197,#6198,#6199,#6200,#6201,#6202,#6203,#6204,#6205,#6206,#6207,
    #6208,#6209,#6210,#6211,#6212,#6213,#6214,#6215,#6216,#6217,#6218),
  .UNSPECIFIED.,.F.,.F.,(11,9,9,9,11),(322.81125924575,323.41533241201,
    324.01940557828,325.2275519108,327.64384457586),.UNSPECIFIED.);
#6181 = CARTESIAN_POINT('',(1.420982819439,155.3));
#6182 = CARTESIAN_POINT('',(1.409616541415,155.3));
#6183 = CARTESIAN_POINT('',(1.398294394508,155.29809063062));
#6184 = CARTESIAN_POINT('',(1.387024677525,155.29430958418));
#6185 = CARTESIAN_POINT('',(1.375815582843,155.28869743269));
#6186 = CARTESIAN_POINT('',(1.364675196402,155.28129762792));
#6187 = CARTESIAN_POINT('',(1.353611497717,155.27215650143));
#6188 = CARTESIAN_POINT('',(1.342632359864,155.26132326438));
#6189 = CARTESIAN_POINT('',(1.331745549491,155.24885000783));
#6190 = CARTESIAN_POINT('',(1.320958726811,155.23479170245));
#6191 = CARTESIAN_POINT('',(1.299600164402,155.20362069498));
#6192 = CARTESIAN_POINT('',(1.2890325648,155.18651730854));
#6193 = CARTESIAN_POINT('',(1.278550482322,155.16787843458));
#6194 = CARTESIAN_POINT('',(1.268290339021,155.14804631232));
#6195 = CARTESIAN_POINT('',(1.257964770475,155.12646223251));
#6196 = CARTESIAN_POINT('',(1.248009641748,155.10404790843));
#6197 = CARTESIAN_POINT('',(1.238056275424,155.08020504674));
#6198 = CARTESIAN_POINT('',(1.228274415007,155.05520496019));
#6199 = CARTESIAN_POINT('',(1.218616178336,155.02905448837));
#6200 = CARTESIAN_POINT('',(1.190030651115,154.94725245494));
#6201 = CARTESIAN_POINT('',(1.171493142081,154.88825784561));
#6202 = CARTESIAN_POINT('',(1.153464620116,154.82511180769));
#6203 = CARTESIAN_POINT('',(1.135967126501,154.75810822338));
#6204 = CARTESIAN_POINT('',(1.118994106784,154.68748493352));
#6205 = CARTESIAN_POINT('',(1.102524186531,154.61338933659));
#6206 = CARTESIAN_POINT('',(1.086547609332,154.53590344792));
#6207 = CARTESIAN_POINT('',(1.071072741092,154.45511342038));
#6208 = CARTESIAN_POINT('',(1.056109721243,154.37114110483));
#6209 = CARTESIAN_POINT('',(1.012754611815,154.10968119));
#6210 = CARTESIAN_POINT('',(0.985902530858,153.92265501918));
#6211 = CARTESIAN_POINT('',(0.961149918678,153.72303132351));
#6212 = CARTESIAN_POINT('',(0.938625544424,153.51049607259));
#6213 = CARTESIAN_POINT('',(0.91866944911,153.28562226192));
#6214 = CARTESIAN_POINT('',(0.901553926812,153.04708231353));
#6215 = CARTESIAN_POINT('',(0.887890302999,152.79482215022));
#6216 = CARTESIAN_POINT('',(0.87861770202,152.53302457128));
#6217 = CARTESIAN_POINT('',(0.873964840189,152.26649916444));
#6218 = CARTESIAN_POINT('',(0.873964840189,152.));
#6219 = ( GEOMETRIC_REPRESENTATION_CONTEXT(2)
PARAMETRIC_REPRESENTATION_CONTEXT() REPRESENTATION_CONTEXT('2D SPACE',''
  ) );
#6220 = ADVANCED_FACE('',(#6221),#3737,.F.);
#6221 = FACE_BOUND('',#6222,.F.);
#6222 = EDGE_LOOP('',(#6223,#6224,#6225,#6250));
#6223 = ORIENTED_EDGE('',*,*,#6052,.T.);
#6224 = ORIENTED_EDGE('',*,*,#3670,.T.);
#6225 = ORIENTED_EDGE('',*,*,#6226,.F.);
#6226 = EDGE_CURVE('',#6227,#3671,#6229,.T.);
#6227 = VERTEX_POINT('',#6228);
#6228 = CARTESIAN_POINT('',(90.044776119403,7.840749102309E-02,155.3));
#6229 = SURFACE_CURVE('',#6230,(#6238,#6244),.PCURVE_S1.);
#6230 = ( BOUNDED_CURVE() B_SPLINE_CURVE(6,(#6231,#6232,#6233,#6234,
#6235,#6236,#6237),.UNSPECIFIED.,.F.,.F.) B_SPLINE_CURVE_WITH_KNOTS((7,7
),(0.,4.832585329073),.PIECEWISE_BEZIER_KNOTS.) CURVE()
GEOMETRIC_REPRESENTATION_ITEM() RATIONAL_B_SPLINE_CURVE((1.031393471788,
    1.010025407661,0.997924642725,0.993958444137,0.997924642725,
1.010025407661,1.031393471788)) REPRESENTATION_ITEM('') );
#6231 = CARTESIAN_POINT('',(90.044776119403,7.840749102309E-02,155.3));
#6232 = CARTESIAN_POINT('',(90.044776119403,7.84074910231E-02,
    155.21979896505));
#6233 = CARTESIAN_POINT('',(90.040969954449,0.103623154305,
    155.14168742822));
#6234 = CARTESIAN_POINT('',(90.033668037905,0.151998006982,
    155.07442414603));
#6235 = CARTESIAN_POINT('',(90.023628742056,0.218507868426,
    155.02550130519));
#6236 = CARTESIAN_POINT('',(90.011970303723,0.295744472452,155.));
#6237 = CARTESIAN_POINT('',(90.,0.375047169979,155.));
#6238 = PCURVE('',#3737,#6239);
#6239 = DEFINITIONAL_REPRESENTATION('',(#6240),#6243);
#6240 = B_SPLINE_CURVE_WITH_KNOTS('',1,(#6241,#6242),.UNSPECIFIED.,.F.,
  .F.,(2,2),(0.,4.832585329073),.PIECEWISE_BEZIER_KNOTS.);
#6241 = CARTESIAN_POINT('',(0.,238.71386685401));
#6242 = CARTESIAN_POINT('',(4.832585329073,238.71386685401));
#6243 = ( GEOMETRIC_REPRESENTATION_CONTEXT(2)
PARAMETRIC_REPRESENTATION_CONTEXT() REPRESENTATION_CONTEXT('2D SPACE',''
  ) );
#6244 = PCURVE('',#4014,#6245);
#6245 = DEFINITIONAL_REPRESENTATION('',(#6246),#6249);
#6246 = B_SPLINE_CURVE_WITH_KNOTS('',1,(#6247,#6248),.UNSPECIFIED.,.F.,
  .F.,(2,2),(0.,4.832585329073),.PIECEWISE_BEZIER_KNOTS.);
#6247 = CARTESIAN_POINT('',(-6.465938450577E-03,0.));
#6248 = CARTESIAN_POINT('',(-6.465938450577E-03,1.570796326795));
#6249 = ( GEOMETRIC_REPRESENTATION_CONTEXT(2)
PARAMETRIC_REPRESENTATION_CONTEXT() REPRESENTATION_CONTEXT('2D SPACE',''
  ) );
#6250 = ORIENTED_EDGE('',*,*,#6251,.F.);
#6251 = EDGE_CURVE('',#6053,#6227,#6252,.T.);
#6252 = SURFACE_CURVE('',#6253,(#6277,#6284),.PCURVE_S1.);
#6253 = ( BOUNDED_CURVE() B_SPLINE_CURVE(8,(#6254,#6255,#6256,#6257,
    #6258,#6259,#6260,#6261,#6262,#6263,#6264,#6265,#6266,#6267,#6268,
    #6269,#6270,#6271,#6272,#6273,#6274,#6275,#6276),.UNSPECIFIED.,.F.,
.F.) B_SPLINE_CURVE_WITH_KNOTS((9,7,7,9),(233.88128152494,
    236.55848024727,237.75405107597,238.71386685401),.UNSPECIFIED.)
CURVE() GEOMETRIC_REPRESENTATION_ITEM() RATIONAL_B_SPLINE_CURVE((
    1.066705203297,1.066705203297,1.065460421876,1.062939111701,
    1.059644782994,1.056246195727,1.052710635672,1.049289782754,
    1.044590333528,1.043174869974,1.041805200352,1.040487838626,
    1.039230436247,1.038043440795,1.036938309114,1.035106592889,
    1.034347514235,1.033653730721,1.033032862959,1.032491460424,
1.032035001447,1.031667893218,1.031393471788)) REPRESENTATION_ITEM('')
  );
#6254 = CARTESIAN_POINT('',(93.492537313433,1.631843101453,152.));
#6255 = CARTESIAN_POINT('',(93.492537313433,1.631843101453,152.369091749
    ));
#6256 = CARTESIAN_POINT('',(93.443348668312,1.590718610438,
    152.73898446021));
#6257 = CARTESIAN_POINT('',(93.343930210717,1.507274705278,
    153.09662289052));
#6258 = CARTESIAN_POINT('',(93.202431454329,1.39384141464,
    153.42088859979));
#6259 = CARTESIAN_POINT('',(93.032411794852,1.26819451148,
    153.71902825392));
#6260 = CARTESIAN_POINT('',(92.829918091249,1.130337049111,
    153.99319738618));
#6261 = CARTESIAN_POINT('',(92.599004527781,0.988658343529,
    154.24212185007));
#6262 = CARTESIAN_POINT('',(92.218971730787,0.782593564853,
    154.56569072298));
#6263 = CARTESIAN_POINT('',(92.094989770968,0.718704068258,
    154.66069604319));
#6264 = CARTESIAN_POINT('',(91.964775668125,0.655219641345,
    154.75029268782));
#6265 = CARTESIAN_POINT('',(91.827968002115,0.592482598137,
    154.83431294307));
#6266 = CARTESIAN_POINT('',(91.684312126222,0.530907093854,
    154.91242012637));
#6267 = CARTESIAN_POINT('',(91.533827310573,0.471046684705,
    154.98404385238));
#6268 = CARTESIAN_POINT('',(91.376601688225,0.413514735197,
    155.04846957659));
#6269 = CARTESIAN_POINT('',(91.079998559105,0.314715792785,
    155.15061728523));
#6270 = CARTESIAN_POINT('',(90.94298052246,0.272408839719,
    155.19114796465));
#6271 = CARTESIAN_POINT('',(90.801550893598,0.232318699878,
    155.22608844878));
#6272 = CARTESIAN_POINT('',(90.656144835942,0.194878067114,
    155.25490146878));
#6273 = CARTESIAN_POINT('',(90.507235609669,0.160467050636,
    155.27710246623));
#6274 = CARTESIAN_POINT('',(90.355333820921,0.129412365359,
    155.29226065906));
#6275 = CARTESIAN_POINT('',(90.200986514031,0.101986586397,155.3));
#6276 = CARTESIAN_POINT('',(90.044776119403,7.840749102309E-02,155.3));
#6277 = PCURVE('',#3737,#6278);
#6278 = DEFINITIONAL_REPRESENTATION('',(#6279),#6283);
#6279 = LINE('',#6280,#6281);
#6280 = CARTESIAN_POINT('',(0.,0.));
#6281 = VECTOR('',#6282,1.);
#6282 = DIRECTION('',(0.,1.));
#6283 = ( GEOMETRIC_REPRESENTATION_CONTEXT(2)
PARAMETRIC_REPRESENTATION_CONTEXT() REPRESENTATION_CONTEXT('2D SPACE',''
  ) );
#6284 = PCURVE('',#5605,#6285);
#6285 = DEFINITIONAL_REPRESENTATION('',(#6286),#6329);
#6286 = B_SPLINE_CURVE_WITH_KNOTS('',11,(#6287,#6288,#6289,#6290,#6291,
    #6292,#6293,#6294,#6295,#6296,#6297,#6298,#6299,#6300,#6301,#6302,
    #6303,#6304,#6305,#6306,#6307,#6308,#6309,#6310,#6311,#6312,#6313,
    #6314,#6315,#6316,#6317,#6318,#6319,#6320,#6321,#6322,#6323,#6324,
    #6325,#6326,#6327,#6328),.UNSPECIFIED.,.F.,.F.,(12,10,10,10,12),(
    233.88128152494,236.29757418947,237.50572052174,238.10979368788,
    238.71386685401),.UNSPECIFIED.);
#6287 = CARTESIAN_POINT('',(-0.873964840189,152.));
#6288 = CARTESIAN_POINT('',(-0.873964840189,152.24227051634));
#6289 = CARTESIAN_POINT('',(-0.877759231693,152.48451798172));
#6290 = CARTESIAN_POINT('',(-0.885385230685,152.72358038154));
#6291 = CARTESIAN_POINT('',(-0.89658242672,152.95534463804));
#6292 = CARTESIAN_POINT('',(-0.910873142494,153.17711679622));
#6293 = CARTESIAN_POINT('',(-0.927751624537,153.38792574247));
#6294 = CARTESIAN_POINT('',(-0.946832473251,153.58788269837));
#6295 = CARTESIAN_POINT('',(-0.967887767394,153.77738689244));
#6296 = CARTESIAN_POINT('',(-0.9907813849,153.95663589071));
#6297 = CARTESIAN_POINT('',(-1.015388068799,154.12556723364));
#6298 = CARTESIAN_POINT('',(-1.054801716288,154.36325555259));
#6299 = CARTESIAN_POINT('',(-1.068357305558,154.43986397084));
#6300 = CARTESIAN_POINT('',(-1.082317501876,154.51383097728));
#6301 = CARTESIAN_POINT('',(-1.09671759547,154.58521933747));
#6302 = CARTESIAN_POINT('',(-1.111515475583,154.65383671383));
#6303 = CARTESIAN_POINT('',(-1.126706405223,154.71958648862));
#6304 = CARTESIAN_POINT('',(-1.142330161512,154.782474898));
#6305 = CARTESIAN_POINT('',(-1.158393766579,154.84236960231));
#6306 = CARTESIAN_POINT('',(-1.174863054288,154.89898637314));
#6307 = CARTESIAN_POINT('',(-1.191764934338,154.95221592256));
#6308 = CARTESIAN_POINT('',(-1.217751673078,155.02657989316));
#6309 = CARTESIAN_POINT('',(-1.226524481731,155.05046607169));
#6310 = CARTESIAN_POINT('',(-1.235369293724,155.07333452195));
#6311 = CARTESIAN_POINT('',(-1.244445955457,155.09552602264));
#6312 = CARTESIAN_POINT('',(-1.253365178499,155.11607476205));
#6313 = CARTESIAN_POINT('',(-1.262735647032,155.13647649112));
#6314 = CARTESIAN_POINT('',(-1.271975351317,155.15513516163));
#6315 = CARTESIAN_POINT('',(-1.281430714613,155.17301657418));
#6316 = CARTESIAN_POINT('',(-1.290952301202,155.18962071195));
#6317 = CARTESIAN_POINT('',(-1.300572967728,155.2050406513));
#6318 = CARTESIAN_POINT('',(-1.319989546128,155.23337703119));
#6319 = CARTESIAN_POINT('',(-1.329785818685,155.24629572902));
#6320 = CARTESIAN_POINT('',(-1.339664581499,155.25792286497));
#6321 = CARTESIAN_POINT('',(-1.34962027377,155.26821820176));
#6322 = CARTESIAN_POINT('',(-1.359647266991,155.27714333384));
#6323 = CARTESIAN_POINT('',(-1.369739864957,155.28466168865));
#6324 = CARTESIAN_POINT('',(-1.379892303755,155.29073852491));
#6325 = CARTESIAN_POINT('',(-1.390098751771,155.29534093454));
#6326 = CARTESIAN_POINT('',(-1.400353309688,155.29843784086));
#6327 = CARTESIAN_POINT('',(-1.410650010485,155.3));
#6328 = CARTESIAN_POINT('',(-1.420982819439,155.3));
#6329 = ( GEOMETRIC_REPRESENTATION_CONTEXT(2)
PARAMETRIC_REPRESENTATION_CONTEXT() REPRESENTATION_CONTEXT('2D SPACE',''
  ) );
#6330 = ADVANCED_FACE('',(#6331),#3955,.T.);
#6331 = FACE_BOUND('',#6332,.T.);
#6332 = EDGE_LOOP('',(#6333,#6355,#6377,#6378));
#6333 = ORIENTED_EDGE('',*,*,#6334,.F.);
#6334 = EDGE_CURVE('',#6335,#3935,#6337,.T.);
#6335 = VERTEX_POINT('',#6336);
#6336 = CARTESIAN_POINT('',(7.,-5.551115123126E-17,155.3));
#6337 = SURFACE_CURVE('',#6338,(#6343,#6349),.PCURVE_S1.);
#6338 = CIRCLE('',#6339,0.3);
#6339 = AXIS2_PLACEMENT_3D('',#6340,#6341,#6342);
#6340 = CARTESIAN_POINT('',(7.,0.3,155.3));
#6341 = DIRECTION('',(1.,0.,0.));
#6342 = DIRECTION('',(0.,-1.,0.));
#6343 = PCURVE('',#3955,#6344);
#6344 = DEFINITIONAL_REPRESENTATION('',(#6345),#6348);
#6345 = B_SPLINE_CURVE_WITH_KNOTS('',1,(#6346,#6347),.UNSPECIFIED.,.F.,
  .F.,(2,2),(0.,1.570796326795),.PIECEWISE_BEZIER_KNOTS.);
#6346 = CARTESIAN_POINT('',(0.,0.));
#6347 = CARTESIAN_POINT('',(0.,1.570796326795));
#6348 = ( GEOMETRIC_REPRESENTATION_CONTEXT(2)
PARAMETRIC_REPRESENTATION_CONTEXT() REPRESENTATION_CONTEXT('2D SPACE',''
  ) );
#6349 = PCURVE('',#3983,#6350);
#6350 = DEFINITIONAL_REPRESENTATION('',(#6351),#6354);
#6351 = B_SPLINE_CURVE_WITH_KNOTS('',1,(#6352,#6353),.UNSPECIFIED.,.F.,
  .F.,(2,2),(0.,1.570796326795),.PIECEWISE_BEZIER_KNOTS.);
#6352 = CARTESIAN_POINT('',(0.,82.));
#6353 = CARTESIAN_POINT('',(-1.570796326795,82.));
#6354 = ( GEOMETRIC_REPRESENTATION_CONTEXT(2)
PARAMETRIC_REPRESENTATION_CONTEXT() REPRESENTATION_CONTEXT('2D SPACE',''
  ) );
#6355 = ORIENTED_EDGE('',*,*,#6356,.T.);
#6356 = EDGE_CURVE('',#6335,#6119,#6357,.T.);
#6357 = SURFACE_CURVE('',#6358,(#6363,#6370),.PCURVE_S1.);
#6358 = CIRCLE('',#6359,7.);
#6359 = AXIS2_PLACEMENT_3D('',#6360,#6361,#6362);
#6360 = CARTESIAN_POINT('',(7.,7.,155.3));
#6361 = DIRECTION('',(-0.,-0.,-1.));
#6362 = DIRECTION('',(0.,-1.,0.));
#6363 = PCURVE('',#3955,#6364);
#6364 = DEFINITIONAL_REPRESENTATION('',(#6365),#6369);
#6365 = LINE('',#6366,#6367);
#6366 = CARTESIAN_POINT('',(0.,0.));
#6367 = VECTOR('',#6368,1.);
#6368 = DIRECTION('',(1.,0.));
#6369 = ( GEOMETRIC_REPRESENTATION_CONTEXT(2)
PARAMETRIC_REPRESENTATION_CONTEXT() REPRESENTATION_CONTEXT('2D SPACE',''
  ) );
#6370 = PCURVE('',#5734,#6371);
#6371 = DEFINITIONAL_REPRESENTATION('',(#6372),#6376);
#6372 = LINE('',#6373,#6374);
#6373 = CARTESIAN_POINT('',(1.570796326795,155.3));
#6374 = VECTOR('',#6375,1.);
#6375 = DIRECTION('',(-1.,-0.));
#6376 = ( GEOMETRIC_REPRESENTATION_CONTEXT(2)
PARAMETRIC_REPRESENTATION_CONTEXT() REPRESENTATION_CONTEXT('2D SPACE',''
  ) );
#6377 = ORIENTED_EDGE('',*,*,#6118,.T.);
#6378 = ORIENTED_EDGE('',*,*,#3934,.F.);
#6379 = ADVANCED_FACE('',(#6380),#3983,.T.);
#6380 = FACE_BOUND('',#6381,.F.);
#6381 = EDGE_LOOP('',(#6382,#6404,#6405,#6406));
#6382 = ORIENTED_EDGE('',*,*,#6383,.T.);
#6383 = EDGE_CURVE('',#6384,#3968,#6386,.T.);
#6384 = VERTEX_POINT('',#6385);
#6385 = CARTESIAN_POINT('',(89.,-8.881784197001E-16,155.3));
#6386 = SURFACE_CURVE('',#6387,(#6392,#6398),.PCURVE_S1.);
#6387 = CIRCLE('',#6388,0.3);
#6388 = AXIS2_PLACEMENT_3D('',#6389,#6390,#6391);
#6389 = CARTESIAN_POINT('',(89.,0.3,155.3));
#6390 = DIRECTION('',(1.,-2.775557561563E-17,0.));
#6391 = DIRECTION('',(-2.775557561563E-17,-1.,0.));
#6392 = PCURVE('',#3983,#6393);
#6393 = DEFINITIONAL_REPRESENTATION('',(#6394),#6397);
#6394 = B_SPLINE_CURVE_WITH_KNOTS('',1,(#6395,#6396),.UNSPECIFIED.,.F.,
  .F.,(2,2),(0.,1.570796326795),.PIECEWISE_BEZIER_KNOTS.);
#6395 = CARTESIAN_POINT('',(0.,0.));
#6396 = CARTESIAN_POINT('',(-1.570796326795,0.));
#6397 = ( GEOMETRIC_REPRESENTATION_CONTEXT(2)
PARAMETRIC_REPRESENTATION_CONTEXT() REPRESENTATION_CONTEXT('2D SPACE',''
  ) );
#6398 = PCURVE('',#4014,#6399);
#6399 = DEFINITIONAL_REPRESENTATION('',(#6400),#6403);
#6400 = B_SPLINE_CURVE_WITH_KNOTS('',1,(#6401,#6402),.UNSPECIFIED.,.F.,
  .F.,(2,2),(0.,1.570796326795),.PIECEWISE_BEZIER_KNOTS.);
#6401 = CARTESIAN_POINT('',(0.143347568905,0.));
#6402 = CARTESIAN_POINT('',(0.143347568905,1.570796326795));
#6403 = ( GEOMETRIC_REPRESENTATION_CONTEXT(2)
PARAMETRIC_REPRESENTATION_CONTEXT() REPRESENTATION_CONTEXT('2D SPACE',''
  ) );
#6404 = ORIENTED_EDGE('',*,*,#3967,.T.);
#6405 = ORIENTED_EDGE('',*,*,#6334,.F.);
#6406 = ORIENTED_EDGE('',*,*,#6407,.F.);
#6407 = EDGE_CURVE('',#6384,#6335,#6408,.T.);
#6408 = SURFACE_CURVE('',#6409,(#6413,#6420),.PCURVE_S1.);
#6409 = LINE('',#6410,#6411);
#6410 = CARTESIAN_POINT('',(89.,-5.551115123126E-17,155.3));
#6411 = VECTOR('',#6412,1.);
#6412 = DIRECTION('',(-1.,-0.,0.));
#6413 = PCURVE('',#3983,#6414);
#6414 = DEFINITIONAL_REPRESENTATION('',(#6415),#6419);
#6415 = LINE('',#6416,#6417);
#6416 = CARTESIAN_POINT('',(-0.,0.));
#6417 = VECTOR('',#6418,1.);
#6418 = DIRECTION('',(-0.,1.));
#6419 = ( GEOMETRIC_REPRESENTATION_CONTEXT(2)
PARAMETRIC_REPRESENTATION_CONTEXT() REPRESENTATION_CONTEXT('2D SPACE',''
  ) );
#6420 = PCURVE('',#6421,#6426);
#6421 = PLANE('',#6422);
#6422 = AXIS2_PLACEMENT_3D('',#6423,#6424,#6425);
#6423 = CARTESIAN_POINT('',(0.,0.,0.));
#6424 = DIRECTION('',(-0.,1.,0.));
#6425 = DIRECTION('',(0.,0.,1.));
#6426 = DEFINITIONAL_REPRESENTATION('',(#6427),#6431);
#6427 = LINE('',#6428,#6429);
#6428 = CARTESIAN_POINT('',(155.3,89.));
#6429 = VECTOR('',#6430,1.);
#6430 = DIRECTION('',(0.,-1.));
#6431 = ( GEOMETRIC_REPRESENTATION_CONTEXT(2)
PARAMETRIC_REPRESENTATION_CONTEXT() REPRESENTATION_CONTEXT('2D SPACE',''
  ) );
#6432 = ADVANCED_FACE('',(#6433),#4014,.T.);
#6433 = FACE_BOUND('',#6434,.T.);
#6434 = EDGE_LOOP('',(#6435,#6436,#6458,#6459));
#6435 = ORIENTED_EDGE('',*,*,#6226,.F.);
#6436 = ORIENTED_EDGE('',*,*,#6437,.T.);
#6437 = EDGE_CURVE('',#6227,#6384,#6438,.T.);
#6438 = SURFACE_CURVE('',#6439,(#6444,#6451),.PCURVE_S1.);
#6439 = CIRCLE('',#6440,7.);
#6440 = AXIS2_PLACEMENT_3D('',#6441,#6442,#6443);
#6441 = CARTESIAN_POINT('',(89.,7.,155.3));
#6442 = DIRECTION('',(0.,-0.,-1.));
#6443 = DIRECTION('',(0.142857142857,-0.989743318611,0.));
#6444 = PCURVE('',#4014,#6445);
#6445 = DEFINITIONAL_REPRESENTATION('',(#6446),#6450);
#6446 = LINE('',#6447,#6448);
#6447 = CARTESIAN_POINT('',(0.,0.));
#6448 = VECTOR('',#6449,1.);
#6449 = DIRECTION('',(1.,0.));
#6450 = ( GEOMETRIC_REPRESENTATION_CONTEXT(2)
PARAMETRIC_REPRESENTATION_CONTEXT() REPRESENTATION_CONTEXT('2D SPACE',''
  ) );
#6451 = PCURVE('',#5605,#6452);
#6452 = DEFINITIONAL_REPRESENTATION('',(#6453),#6457);
#6453 = LINE('',#6454,#6455);
#6454 = CARTESIAN_POINT('',(-1.42744875789,155.3));
#6455 = VECTOR('',#6456,1.);
#6456 = DIRECTION('',(-1.,0.));
#6457 = ( GEOMETRIC_REPRESENTATION_CONTEXT(2)
PARAMETRIC_REPRESENTATION_CONTEXT() REPRESENTATION_CONTEXT('2D SPACE',''
  ) );
#6458 = ORIENTED_EDGE('',*,*,#6383,.T.);
#6459 = ORIENTED_EDGE('',*,*,#3995,.F.);
#6460 = ADVANCED_FACE('',(#6461),#4207,.T.);
#6461 = FACE_BOUND('',#6462,.F.);
#6462 = EDGE_LOOP('',(#6463,#6488,#6510,#6511));
#6463 = ORIENTED_EDGE('',*,*,#6464,.F.);
#6464 = EDGE_CURVE('',#6465,#6467,#6469,.T.);
#6465 = VERTEX_POINT('',#6466);
#6466 = CARTESIAN_POINT('',(90.5,13.,158.));
#6467 = VERTEX_POINT('',#6468);
#6468 = CARTESIAN_POINT('',(90.5,92.,158.));
#6469 = SURFACE_CURVE('',#6470,(#6474,#6481),.PCURVE_S1.);
#6470 = LINE('',#6471,#6472);
#6471 = CARTESIAN_POINT('',(90.5,10.,158.));
#6472 = VECTOR('',#6473,1.);
#6473 = DIRECTION('',(-0.,1.,0.));
#6474 = PCURVE('',#4207,#6475);
#6475 = DEFINITIONAL_REPRESENTATION('',(#6476),#6480);
#6476 = LINE('',#6477,#6478);
#6477 = CARTESIAN_POINT('',(-0.,0.));
#6478 = VECTOR('',#6479,1.);
#6479 = DIRECTION('',(-0.,1.));
#6480 = ( GEOMETRIC_REPRESENTATION_CONTEXT(2)
PARAMETRIC_REPRESENTATION_CONTEXT() REPRESENTATION_CONTEXT('2D SPACE',''
  ) );
#6481 = PCURVE('',#5139,#6482);
#6482 = DEFINITIONAL_REPRESENTATION('',(#6483),#6487);
#6483 = LINE('',#6484,#6485);
#6484 = CARTESIAN_POINT('',(90.5,10.));
#6485 = VECTOR('',#6486,1.);
#6486 = DIRECTION('',(0.,1.));
#6487 = ( GEOMETRIC_REPRESENTATION_CONTEXT(2)
PARAMETRIC_REPRESENTATION_CONTEXT() REPRESENTATION_CONTEXT('2D SPACE',''
  ) );
#6488 = ORIENTED_EDGE('',*,*,#6489,.F.);
#6489 = EDGE_CURVE('',#4190,#6465,#6490,.T.);
#6490 = SURFACE_CURVE('',#6491,(#6496,#6503),.PCURVE_S1.);
#6491 = CIRCLE('',#6492,0.5);
#6492 = AXIS2_PLACEMENT_3D('',#6493,#6494,#6495);
#6493 = CARTESIAN_POINT('',(90.5,13.,157.5));
#6494 = DIRECTION('',(-0.,1.,0.));
#6495 = DIRECTION('',(0.,0.,1.));
#6496 = PCURVE('',#4207,#6497);
#6497 = DEFINITIONAL_REPRESENTATION('',(#6498),#6502);
#6498 = LINE('',#6499,#6500);
#6499 = CARTESIAN_POINT('',(-6.28318530718,3.));
#6500 = VECTOR('',#6501,1.);
#6501 = DIRECTION('',(1.,-0.));
#6502 = ( GEOMETRIC_REPRESENTATION_CONTEXT(2)
PARAMETRIC_REPRESENTATION_CONTEXT() REPRESENTATION_CONTEXT('2D SPACE',''
  ) );
#6503 = PCURVE('',#4235,#6504);
#6504 = DEFINITIONAL_REPRESENTATION('',(#6505),#6509);
#6505 = CIRCLE('',#6506,0.5);
#6506 = AXIS2_PLACEMENT_2D('',#6507,#6508);
#6507 = CARTESIAN_POINT('',(10.535533905933,2.720481209212));
#6508 = DIRECTION('',(1.,0.));
#6509 = ( GEOMETRIC_REPRESENTATION_CONTEXT(2)
PARAMETRIC_REPRESENTATION_CONTEXT() REPRESENTATION_CONTEXT('2D SPACE',''
  ) );
#6510 = ORIENTED_EDGE('',*,*,#4189,.T.);
#6511 = ORIENTED_EDGE('',*,*,#6512,.F.);
#6512 = EDGE_CURVE('',#6467,#4192,#6513,.T.);
#6513 = SURFACE_CURVE('',#6514,(#6519,#6525),.PCURVE_S1.);
#6514 = CIRCLE('',#6515,0.5);
#6515 = AXIS2_PLACEMENT_3D('',#6516,#6517,#6518);
#6516 = CARTESIAN_POINT('',(90.5,92.,157.5));
#6517 = DIRECTION('',(0.,-1.,0.));
#6518 = DIRECTION('',(0.,0.,1.));
#6519 = PCURVE('',#4207,#6520);
#6520 = DEFINITIONAL_REPRESENTATION('',(#6521),#6524);
#6521 = B_SPLINE_CURVE_WITH_KNOTS('',1,(#6522,#6523),.UNSPECIFIED.,.F.,
  .F.,(2,2),(0.,1.570796326795),.PIECEWISE_BEZIER_KNOTS.);
#6522 = CARTESIAN_POINT('',(0.,82.));
#6523 = CARTESIAN_POINT('',(-1.570796326795,82.));
#6524 = ( GEOMETRIC_REPRESENTATION_CONTEXT(2)
PARAMETRIC_REPRESENTATION_CONTEXT() REPRESENTATION_CONTEXT('2D SPACE',''
  ) );
#6525 = PCURVE('',#4782,#6526);
#6526 = DEFINITIONAL_REPRESENTATION('',(#6527),#6530);
#6527 = B_SPLINE_CURVE_WITH_KNOTS('',1,(#6528,#6529),.UNSPECIFIED.,.F.,
  .F.,(2,2),(0.,1.570796326795),.PIECEWISE_BEZIER_KNOTS.);
#6528 = CARTESIAN_POINT('',(0.,1.570796326795));
#6529 = CARTESIAN_POINT('',(0.,3.14159265359));
#6530 = ( GEOMETRIC_REPRESENTATION_CONTEXT(2)
PARAMETRIC_REPRESENTATION_CONTEXT() REPRESENTATION_CONTEXT('2D SPACE',''
  ) );
#6531 = ADVANCED_FACE('',(#6532,#6584),#4235,.T.);
#6532 = FACE_BOUND('',#6533,.T.);
#6533 = EDGE_LOOP('',(#6534,#6535,#6536,#6537,#6538,#6562,#6583));
#6534 = ORIENTED_EDGE('',*,*,#4219,.T.);
#6535 = ORIENTED_EDGE('',*,*,#4294,.T.);
#6536 = ORIENTED_EDGE('',*,*,#4343,.T.);
#6537 = ORIENTED_EDGE('',*,*,#4393,.T.);
#6538 = ORIENTED_EDGE('',*,*,#6539,.T.);
#6539 = EDGE_CURVE('',#4394,#6540,#6542,.T.);
#6540 = VERTEX_POINT('',#6541);
#6541 = CARTESIAN_POINT('',(82.6,13.,158.));
#6542 = SURFACE_CURVE('',#6543,(#6548,#6555),.PCURVE_S1.);
#6543 = CIRCLE('',#6544,0.6);
#6544 = AXIS2_PLACEMENT_3D('',#6545,#6546,#6547);
#6545 = CARTESIAN_POINT('',(82.6,13.,157.4));
#6546 = DIRECTION('',(-0.,1.,0.));
#6547 = DIRECTION('',(0.,0.,-1.));
#6548 = PCURVE('',#4235,#6549);
#6549 = DEFINITIONAL_REPRESENTATION('',(#6550),#6554);
#6550 = CIRCLE('',#6551,0.6);
#6551 = AXIS2_PLACEMENT_2D('',#6552,#6553);
#6552 = CARTESIAN_POINT('',(10.435533905933,-5.179518790788));
#6553 = DIRECTION('',(-1.,0.));
#6554 = ( GEOMETRIC_REPRESENTATION_CONTEXT(2)
PARAMETRIC_REPRESENTATION_CONTEXT() REPRESENTATION_CONTEXT('2D SPACE',''
  ) );
#6555 = PCURVE('',#4479,#6556);
#6556 = DEFINITIONAL_REPRESENTATION('',(#6557),#6561);
#6557 = LINE('',#6558,#6559);
#6558 = CARTESIAN_POINT('',(1.570796326795,-0.));
#6559 = VECTOR('',#6560,1.);
#6560 = DIRECTION('',(-1.,0.));
#6561 = ( GEOMETRIC_REPRESENTATION_CONTEXT(2)
PARAMETRIC_REPRESENTATION_CONTEXT() REPRESENTATION_CONTEXT('2D SPACE',''
  ) );
#6562 = ORIENTED_EDGE('',*,*,#6563,.T.);
#6563 = EDGE_CURVE('',#6540,#6465,#6564,.T.);
#6564 = SURFACE_CURVE('',#6565,(#6569,#6576),.PCURVE_S1.);
#6565 = LINE('',#6566,#6567);
#6566 = CARTESIAN_POINT('',(82.,13.,158.));
#6567 = VECTOR('',#6568,1.);
#6568 = DIRECTION('',(1.,0.,0.));
#6569 = PCURVE('',#4235,#6570);
#6570 = DEFINITIONAL_REPRESENTATION('',(#6571),#6575);
#6571 = LINE('',#6572,#6573);
#6572 = CARTESIAN_POINT('',(11.035533905933,-5.779518790788));
#6573 = VECTOR('',#6574,1.);
#6574 = DIRECTION('',(0.,1.));
#6575 = ( GEOMETRIC_REPRESENTATION_CONTEXT(2)
PARAMETRIC_REPRESENTATION_CONTEXT() REPRESENTATION_CONTEXT('2D SPACE',''
  ) );
#6576 = PCURVE('',#5139,#6577);
#6577 = DEFINITIONAL_REPRESENTATION('',(#6578),#6582);
#6578 = LINE('',#6579,#6580);
#6579 = CARTESIAN_POINT('',(82.,13.));
#6580 = VECTOR('',#6581,1.);
#6581 = DIRECTION('',(1.,0.));
#6582 = ( GEOMETRIC_REPRESENTATION_CONTEXT(2)
PARAMETRIC_REPRESENTATION_CONTEXT() REPRESENTATION_CONTEXT('2D SPACE',''
  ) );
#6583 = ORIENTED_EDGE('',*,*,#6489,.F.);
#6584 = FACE_BOUND('',#6585,.T.);
#6585 = EDGE_LOOP('',(#6586));
#6586 = ORIENTED_EDGE('',*,*,#4714,.F.);
#6587 = ADVANCED_FACE('',(#6588),#4454,.T.);
#6588 = FACE_BOUND('',#6589,.T.);
#6589 = EDGE_LOOP('',(#6590,#6618,#6646,#6672,#6673,#6674));
#6590 = ORIENTED_EDGE('',*,*,#6591,.T.);
#6591 = EDGE_CURVE('',#4565,#6592,#6594,.T.);
#6592 = VERTEX_POINT('',#6593);
#6593 = CARTESIAN_POINT('',(13.991607978306,8.,157.5));
#6594 = SURFACE_CURVE('',#6595,(#6600,#6611),.PCURVE_S1.);
#6595 = CIRCLE('',#6596,0.6);
#6596 = AXIS2_PLACEMENT_3D('',#6597,#6598,#6599);
#6597 = CARTESIAN_POINT('',(13.4,8.,157.4));
#6598 = DIRECTION('',(0.,-1.,0.));
#6599 = DIRECTION('',(1.,0.,0.));
#6600 = PCURVE('',#4454,#6601);
#6601 = DEFINITIONAL_REPRESENTATION('',(#6602),#6610);
#6602 = ( BOUNDED_CURVE() B_SPLINE_CURVE(2,(#6603,#6604,#6605,#6606,
#6607,#6608,#6609),.UNSPECIFIED.,.T.,.F.) B_SPLINE_CURVE_WITH_KNOTS((1,2
    ,2,2,2,1),(-2.094395102393,0.,2.094395102393,4.188790204786,
6.28318530718,8.377580409573),.UNSPECIFIED.) CURVE()
GEOMETRIC_REPRESENTATION_ITEM() RATIONAL_B_SPLINE_CURVE((1.,0.5,1.,0.5,
1.,0.5,1.)) REPRESENTATION_ITEM('') );
#6603 = CARTESIAN_POINT('',(151.4,8.));
#6604 = CARTESIAN_POINT('',(152.43923048454,8.));
#6605 = CARTESIAN_POINT('',(151.91961524227,7.1));
#6606 = CARTESIAN_POINT('',(151.4,6.2));
#6607 = CARTESIAN_POINT('',(150.88038475772,7.1));
#6608 = CARTESIAN_POINT('',(150.36076951545,8.));
#6609 = CARTESIAN_POINT('',(151.4,8.));
#6610 = ( GEOMETRIC_REPRESENTATION_CONTEXT(2)
PARAMETRIC_REPRESENTATION_CONTEXT() REPRESENTATION_CONTEXT('2D SPACE',''
  ) );
#6611 = PCURVE('',#4601,#6612);
#6612 = DEFINITIONAL_REPRESENTATION('',(#6613),#6617);
#6613 = LINE('',#6614,#6615);
#6614 = CARTESIAN_POINT('',(0.,5.));
#6615 = VECTOR('',#6616,1.);
#6616 = DIRECTION('',(1.,0.));
#6617 = ( GEOMETRIC_REPRESENTATION_CONTEXT(2)
PARAMETRIC_REPRESENTATION_CONTEXT() REPRESENTATION_CONTEXT('2D SPACE',''
  ) );
#6618 = ORIENTED_EDGE('',*,*,#6619,.T.);
#6619 = EDGE_CURVE('',#6592,#6620,#6622,.T.);
#6620 = VERTEX_POINT('',#6621);
#6621 = CARTESIAN_POINT('',(82.008392021695,8.,157.5));
#6622 = SURFACE_CURVE('',#6623,(#6627,#6634),.PCURVE_S1.);
#6623 = LINE('',#6624,#6625);
#6624 = CARTESIAN_POINT('',(8.,8.,157.5));
#6625 = VECTOR('',#6626,1.);
#6626 = DIRECTION('',(1.,0.,-0.));
#6627 = PCURVE('',#4454,#6628);
#6628 = DEFINITIONAL_REPRESENTATION('',(#6629),#6633);
#6629 = LINE('',#6630,#6631);
#6630 = CARTESIAN_POINT('',(151.5,2.));
#6631 = VECTOR('',#6632,1.);
#6632 = DIRECTION('',(0.,1.));
#6633 = ( GEOMETRIC_REPRESENTATION_CONTEXT(2)
PARAMETRIC_REPRESENTATION_CONTEXT() REPRESENTATION_CONTEXT('2D SPACE',''
  ) );
#6634 = PCURVE('',#6635,#6640);
#6635 = CYLINDRICAL_SURFACE('',#6636,0.5);
#6636 = AXIS2_PLACEMENT_3D('',#6637,#6638,#6639);
#6637 = CARTESIAN_POINT('',(8.,7.5,157.5));
#6638 = DIRECTION('',(1.,0.,-0.));
#6639 = DIRECTION('',(0.,0.,1.));
#6640 = DEFINITIONAL_REPRESENTATION('',(#6641),#6645);
#6641 = LINE('',#6642,#6643);
#6642 = CARTESIAN_POINT('',(-1.570796326795,0.));
#6643 = VECTOR('',#6644,1.);
#6644 = DIRECTION('',(-0.,1.));
#6645 = ( GEOMETRIC_REPRESENTATION_CONTEXT(2)
PARAMETRIC_REPRESENTATION_CONTEXT() REPRESENTATION_CONTEXT('2D SPACE',''
  ) );
#6646 = ORIENTED_EDGE('',*,*,#6647,.T.);
#6647 = EDGE_CURVE('',#6620,#4440,#6648,.T.);
#6648 = SURFACE_CURVE('',#6649,(#6654,#6665),.PCURVE_S1.);
#6649 = CIRCLE('',#6650,0.6);
#6650 = AXIS2_PLACEMENT_3D('',#6651,#6652,#6653);
#6651 = CARTESIAN_POINT('',(82.6,8.,157.4));
#6652 = DIRECTION('',(0.,-1.,0.));
#6653 = DIRECTION('',(-1.,0.,0.));
#6654 = PCURVE('',#4454,#6655);
#6655 = DEFINITIONAL_REPRESENTATION('',(#6656),#6664);
#6656 = ( BOUNDED_CURVE() B_SPLINE_CURVE(2,(#6657,#6658,#6659,#6660,
#6661,#6662,#6663),.UNSPECIFIED.,.T.,.F.) B_SPLINE_CURVE_WITH_KNOTS((1,2
    ,2,2,2,1),(-2.094395102393,0.,2.094395102393,4.188790204786,
6.28318530718,8.377580409573),.UNSPECIFIED.) CURVE()
GEOMETRIC_REPRESENTATION_ITEM() RATIONAL_B_SPLINE_CURVE((1.,0.5,1.,0.5,
1.,0.5,1.)) REPRESENTATION_ITEM('') );
#6657 = CARTESIAN_POINT('',(151.4,76.));
#6658 = CARTESIAN_POINT('',(150.36076951545,76.));
#6659 = CARTESIAN_POINT('',(150.88038475772,76.9));
#6660 = CARTESIAN_POINT('',(151.4,77.8));
#6661 = CARTESIAN_POINT('',(151.91961524227,76.9));
#6662 = CARTESIAN_POINT('',(152.43923048454,76.));
#6663 = CARTESIAN_POINT('',(151.4,76.));
#6664 = ( GEOMETRIC_REPRESENTATION_CONTEXT(2)
PARAMETRIC_REPRESENTATION_CONTEXT() REPRESENTATION_CONTEXT('2D SPACE',''
  ) );
#6665 = PCURVE('',#4479,#6666);
#6666 = DEFINITIONAL_REPRESENTATION('',(#6667),#6671);
#6667 = LINE('',#6668,#6669);
#6668 = CARTESIAN_POINT('',(-6.28318530718,5.));
#6669 = VECTOR('',#6670,1.);
#6670 = DIRECTION('',(1.,-0.));
#6671 = ( GEOMETRIC_REPRESENTATION_CONTEXT(2)
PARAMETRIC_REPRESENTATION_CONTEXT() REPRESENTATION_CONTEXT('2D SPACE',''
  ) );
#6672 = ORIENTED_EDGE('',*,*,#4439,.F.);
#6673 = ORIENTED_EDGE('',*,*,#4494,.F.);
#6674 = ORIENTED_EDGE('',*,*,#4564,.T.);
#6675 = ADVANCED_FACE('',(#6676),#4479,.T.);
#6676 = FACE_BOUND('',#6677,.F.);
#6677 = EDGE_LOOP('',(#6678,#6679,#6680,#6703,#6919));
#6678 = ORIENTED_EDGE('',*,*,#4465,.F.);
#6679 = ORIENTED_EDGE('',*,*,#6539,.T.);
#6680 = ORIENTED_EDGE('',*,*,#6681,.T.);
#6681 = EDGE_CURVE('',#6540,#6682,#6684,.T.);
#6682 = VERTEX_POINT('',#6683);
#6683 = CARTESIAN_POINT('',(82.6,7.5,158.));
#6684 = SURFACE_CURVE('',#6685,(#6689,#6696),.PCURVE_S1.);
#6685 = LINE('',#6686,#6687);
#6686 = CARTESIAN_POINT('',(82.6,13.,158.));
#6687 = VECTOR('',#6688,1.);
#6688 = DIRECTION('',(0.,-1.,0.));
#6689 = PCURVE('',#4479,#6690);
#6690 = DEFINITIONAL_REPRESENTATION('',(#6691),#6695);
#6691 = LINE('',#6692,#6693);
#6692 = CARTESIAN_POINT('',(-1.570796326795,0.));
#6693 = VECTOR('',#6694,1.);
#6694 = DIRECTION('',(-0.,1.));
#6695 = ( GEOMETRIC_REPRESENTATION_CONTEXT(2)
PARAMETRIC_REPRESENTATION_CONTEXT() REPRESENTATION_CONTEXT('2D SPACE',''
  ) );
#6696 = PCURVE('',#5139,#6697);
#6697 = DEFINITIONAL_REPRESENTATION('',(#6698),#6702);
#6698 = LINE('',#6699,#6700);
#6699 = CARTESIAN_POINT('',(82.6,13.));
#6700 = VECTOR('',#6701,1.);
#6701 = DIRECTION('',(0.,-1.));
#6702 = ( GEOMETRIC_REPRESENTATION_CONTEXT(2)
PARAMETRIC_REPRESENTATION_CONTEXT() REPRESENTATION_CONTEXT('2D SPACE',''
  ) );
#6703 = ORIENTED_EDGE('',*,*,#6704,.T.);
#6704 = EDGE_CURVE('',#6682,#6620,#6705,.T.);
#6705 = SURFACE_CURVE('',#6706,(#6775,#6847),.PCURVE_S1.);
#6706 = B_SPLINE_CURVE_WITH_KNOTS('',7,(#6707,#6708,#6709,#6710,#6711,
    #6712,#6713,#6714,#6715,#6716,#6717,#6718,#6719,#6720,#6721,#6722,
    #6723,#6724,#6725,#6726,#6727,#6728,#6729,#6730,#6731,#6732,#6733,
    #6734,#6735,#6736,#6737,#6738,#6739,#6740,#6741,#6742,#6743,#6744,
    #6745,#6746,#6747,#6748,#6749,#6750,#6751,#6752,#6753,#6754,#6755,
    #6756,#6757,#6758,#6759,#6760,#6761,#6762,#6763,#6764,#6765,#6766,
    #6767,#6768,#6769,#6770,#6771,#6772,#6773,#6774),.UNSPECIFIED.,.F.,
  .F.,(8,6,6,6,6,6,6,6,6,6,6,8),(0.,6.164182226885E-04,
    1.232836304203E-03,1.849254117667E-03,2.465671527295E-03,
    3.060832654682E-03,3.634737438529E-03,4.229897226611E-03,
    4.846311811456E-03,5.420214096327E-03,0.606963901072,1.),
  .UNSPECIFIED.);
#6707 = CARTESIAN_POINT('',(82.6,7.5,158.));
#6708 = CARTESIAN_POINT('',(82.599930383725,7.50006355059,158.));
#6709 = CARTESIAN_POINT('',(82.599860767509,7.500127101231,
    157.99999999057));
#6710 = CARTESIAN_POINT('',(82.59979115131,7.500190651885,
    157.99999997172));
#6711 = CARTESIAN_POINT('',(82.599721535103,7.500254202528,
    157.99999994345));
#6712 = CARTESIAN_POINT('',(82.59965191888,7.50031775315,157.99999990576
    ));
#6713 = CARTESIAN_POINT('',(82.59958230265,7.500381303757,
    157.99999985864));
#6714 = CARTESIAN_POINT('',(82.599443070244,7.500508404968,
    157.99999974556));
#6715 = CARTESIAN_POINT('',(82.599373454054,7.50057195556,
    157.99999967959));
#6716 = CARTESIAN_POINT('',(82.599303837871,7.500635506145,
    157.9999996042));
#6717 = CARTESIAN_POINT('',(82.599234221695,7.500699056722,
    157.99999951939));
#6718 = CARTESIAN_POINT('',(82.599164605528,7.500762607288,
    157.99999942516));
#6719 = CARTESIAN_POINT('',(82.599094989371,7.500826157844,
    157.9999993215));
#6720 = CARTESIAN_POINT('',(82.59895575711,7.500953258903,
    157.99999909533));
#6721 = CARTESIAN_POINT('',(82.598886141005,7.501016809407,
    157.99999897282));
#6722 = CARTESIAN_POINT('',(82.598816524912,7.501080359897,
    157.99999884089));
#6723 = CARTESIAN_POINT('',(82.598746908833,7.501143910373,
    157.99999869954));
#6724 = CARTESIAN_POINT('',(82.598677292768,7.501207460833,
    157.99999854876));
#6725 = CARTESIAN_POINT('',(82.598607676718,7.501271011276,
    157.99999838856));
#6726 = CARTESIAN_POINT('',(82.598468444697,7.501398112084,
    157.99999804931));
#6727 = CARTESIAN_POINT('',(82.598398828726,7.501461662449,
    157.99999787026));
#6728 = CARTESIAN_POINT('',(82.598329212772,7.501525212794,
    157.99999768179));
#6729 = CARTESIAN_POINT('',(82.598259596838,7.501588763119,
    157.9999974839));
#6730 = CARTESIAN_POINT('',(82.598189980923,7.501652313422,
    157.99999727658));
#6731 = CARTESIAN_POINT('',(82.598120365028,7.501715863702,
    157.99999705984));
#6732 = CARTESIAN_POINT('',(82.597983533889,7.501840772773,
    157.9999966153));
#6733 = CARTESIAN_POINT('',(82.597916318642,7.501902131565,
    157.99999638815));
#6734 = CARTESIAN_POINT('',(82.597849103417,7.501963490334,
    157.99999615222));
#6735 = CARTESIAN_POINT('',(82.597781888214,7.502024849078,
    157.99999590749));
#6736 = CARTESIAN_POINT('',(82.597714673035,7.502086207795,
    157.99999565399));
#6737 = CARTESIAN_POINT('',(82.59764745788,7.502147566486,157.9999953917
    ));
#6738 = CARTESIAN_POINT('',(82.597515428228,7.50226809237,
    157.99999485923));
#6739 = CARTESIAN_POINT('',(82.597450613729,7.502327259565,
    157.99999458966));
#6740 = CARTESIAN_POINT('',(82.597385799255,7.502386426733,
    157.99999431193));
#6741 = CARTESIAN_POINT('',(82.597320984806,7.502445593873,
    157.99999402603));
#6742 = CARTESIAN_POINT('',(82.597256170384,7.502504760984,
    157.99999373196));
#6743 = CARTESIAN_POINT('',(82.597191355989,7.502563928065,
    157.99999342973));
#6744 = CARTESIAN_POINT('',(82.597059326805,7.502684453462,
    157.99999279742));
#6745 = CARTESIAN_POINT('',(82.596992112018,7.502745811775,
    157.99999246673));
#6746 = CARTESIAN_POINT('',(82.596924897262,7.502807170054,
    157.99999212726));
#6747 = CARTESIAN_POINT('',(82.596857682539,7.502868528298,157.999991779
    ));
#6748 = CARTESIAN_POINT('',(82.596790467849,7.502929886505,
    157.99999142196));
#6749 = CARTESIAN_POINT('',(82.596723253193,7.502991244674,
    157.99999105614));
#6750 = CARTESIAN_POINT('',(82.596586423532,7.503116152202,
    157.99999029354));
#6751 = CARTESIAN_POINT('',(82.59651680853,7.503179701559,
    157.99998989612));
#6752 = CARTESIAN_POINT('',(82.596447193567,7.503243250873,
    157.99998948929));
#6753 = CARTESIAN_POINT('',(82.596377578643,7.503306800142,
    157.99998907303));
#6754 = CARTESIAN_POINT('',(82.596307963761,7.503370349367,
    157.99998864734));
#6755 = CARTESIAN_POINT('',(82.59623834892,7.503433898545,
    157.99998821224));
#6756 = CARTESIAN_POINT('',(82.596103920454,7.503556614009,
    157.99998735383));
#6757 = CARTESIAN_POINT('',(82.596039106822,7.503615780301,
    157.99998693179));
#6758 = CARTESIAN_POINT('',(82.595974293228,7.503674946551,
    157.99998650158));
#6759 = CARTESIAN_POINT('',(82.595909479674,7.503734112758,
    157.9999860632));
#6760 = CARTESIAN_POINT('',(82.59584466616,7.50379327892,157.99998561666
    ));
#6761 = CARTESIAN_POINT('',(82.595779852687,7.503852445037,
    157.99998516194));
#6762 = CARTESIAN_POINT('',(82.527779937118,7.565927353698,
    157.99949952128));
#6763 = CARTESIAN_POINT('',(82.45985265763,7.627927238425,157.9900396963
    ));
#6764 = CARTESIAN_POINT('',(82.392925021034,7.688810618886,
    157.97158590043));
#6765 = CARTESIAN_POINT('',(82.328112771389,7.747363617434,
    157.94405892773));
#6766 = CARTESIAN_POINT('',(82.266694128249,7.802184945688,
    157.90747261199));
#6767 = CARTESIAN_POINT('',(82.210125204492,7.85167025995,
    157.86196858645));
#6768 = CARTESIAN_POINT('',(82.127373518653,7.921444121088,
    157.77274239237));
#6769 = CARTESIAN_POINT('',(82.097335601775,7.946007775771,
    157.7337416169));
#6770 = CARTESIAN_POINT('',(82.070727011374,7.966755950092,
    157.69136301708));
#6771 = CARTESIAN_POINT('',(82.048158474117,7.983012445529,
    157.64613127188));
#6772 = CARTESIAN_POINT('',(82.030084862597,7.994233466985,
    157.59867886634));
#6773 = CARTESIAN_POINT('',(82.016794966447,8.,157.54971249159));
#6774 = CARTESIAN_POINT('',(82.00839202169,8.,157.5));
#6775 = PCURVE('',#4479,#6776);
#6776 = DEFINITIONAL_REPRESENTATION('',(#6777),#6846);
#6777 = B_SPLINE_CURVE_WITH_KNOTS('',7,(#6778,#6779,#6780,#6781,#6782,
    #6783,#6784,#6785,#6786,#6787,#6788,#6789,#6790,#6791,#6792,#6793,
    #6794,#6795,#6796,#6797,#6798,#6799,#6800,#6801,#6802,#6803,#6804,
    #6805,#6806,#6807,#6808,#6809,#6810,#6811,#6812,#6813,#6814,#6815,
    #6816,#6817,#6818,#6819,#6820,#6821,#6822,#6823,#6824,#6825,#6826,
    #6827,#6828,#6829,#6830,#6831,#6832,#6833,#6834,#6835,#6836,#6837,
    #6838,#6839,#6840,#6841,#6842,#6843,#6844,#6845),.UNSPECIFIED.,.F.,
  .F.,(8,6,6,6,6,6,6,6,6,6,6,8),(0.,6.164182226885E-04,
    1.232836304203E-03,1.849254117667E-03,2.465671527295E-03,
    3.060832654682E-03,3.634737438529E-03,4.229897226611E-03,
    4.846311811456E-03,5.420214096327E-03,0.606963901072,1.),
  .UNSPECIFIED.);
#6778 = CARTESIAN_POINT('',(-1.570796326795,5.5));
#6779 = CARTESIAN_POINT('',(-1.57068029967,5.49993644941));
#6780 = CARTESIAN_POINT('',(-1.570564272644,5.499872898769));
#6781 = CARTESIAN_POINT('',(-1.570448245643,5.499809348115));
#6782 = CARTESIAN_POINT('',(-1.570332218623,5.499745797472));
#6783 = CARTESIAN_POINT('',(-1.570216191569,5.49968224685));
#6784 = CARTESIAN_POINT('',(-1.570100164493,5.499618696243));
#6785 = CARTESIAN_POINT('',(-1.569868110407,5.499491595032));
#6786 = CARTESIAN_POINT('',(-1.569752083373,5.49942804444));
#6787 = CARTESIAN_POINT('',(-1.569636056334,5.499364493855));
#6788 = CARTESIAN_POINT('',(-1.569520029291,5.499300943278));
#6789 = CARTESIAN_POINT('',(-1.569404002242,5.499237392712));
#6790 = CARTESIAN_POINT('',(-1.569287975186,5.499173842156));
#6791 = CARTESIAN_POINT('',(-1.56905592111,5.499046741097));
#6792 = CARTESIAN_POINT('',(-1.568939894091,5.498983190593));
#6793 = CARTESIAN_POINT('',(-1.568823867063,5.498919640103));
#6794 = CARTESIAN_POINT('',(-1.568707840027,5.498856089627));
#6795 = CARTESIAN_POINT('',(-1.568591812981,5.498792539167));
#6796 = CARTESIAN_POINT('',(-1.568475785925,5.498728988724));
#6797 = CARTESIAN_POINT('',(-1.568243731868,5.498601887916));
#6798 = CARTESIAN_POINT('',(-1.568127704867,5.498538337551));
#6799 = CARTESIAN_POINT('',(-1.568011677854,5.498474787206));
#6800 = CARTESIAN_POINT('',(-1.567895650829,5.498411236881));
#6801 = CARTESIAN_POINT('',(-1.567779623791,5.498347686578));
#6802 = CARTESIAN_POINT('',(-1.56766359674,5.498284136298));
#6803 = CARTESIAN_POINT('',(-1.567435543637,5.498159227227));
#6804 = CARTESIAN_POINT('',(-1.567323517587,5.498097868435));
#6805 = CARTESIAN_POINT('',(-1.567211491523,5.498036509666));
#6806 = CARTESIAN_POINT('',(-1.567099465444,5.497975150922));
#6807 = CARTESIAN_POINT('',(-1.56698743935,5.497913792205));
#6808 = CARTESIAN_POINT('',(-1.56687541324,5.497852433514));
#6809 = CARTESIAN_POINT('',(-1.566655362031,5.49773190763));
#6810 = CARTESIAN_POINT('',(-1.566547336933,5.497672740435));
#6811 = CARTESIAN_POINT('',(-1.566439311819,5.497613573267));
#6812 = CARTESIAN_POINT('',(-1.566331286688,5.497554406127));
#6813 = CARTESIAN_POINT('',(-1.56622326154,5.497495239016));
#6814 = CARTESIAN_POINT('',(-1.566115236375,5.497436071935));
#6815 = CARTESIAN_POINT('',(-1.565895185211,5.497315546538));
#6816 = CARTESIAN_POINT('',(-1.565783159212,5.497254188225));
#6817 = CARTESIAN_POINT('',(-1.565671133192,5.497192829946));
#6818 = CARTESIAN_POINT('',(-1.565559107151,5.497131471702));
#6819 = CARTESIAN_POINT('',(-1.565447081089,5.497070113495));
#6820 = CARTESIAN_POINT('',(-1.565335055004,5.497008755326));
#6821 = CARTESIAN_POINT('',(-1.565107002028,5.496883847798));
#6822 = CARTESIAN_POINT('',(-1.564990975134,5.496820298441));
#6823 = CARTESIAN_POINT('',(-1.564874948216,5.496756749127));
#6824 = CARTESIAN_POINT('',(-1.564758921271,5.496693199858));
#6825 = CARTESIAN_POINT('',(-1.564642894299,5.496629650633));
#6826 = CARTESIAN_POINT('',(-1.5645268673,5.496566101455));
#6827 = CARTESIAN_POINT('',(-1.564302815288,5.496443385991));
#6828 = CARTESIAN_POINT('',(-1.564194790279,5.496384219699));
#6829 = CARTESIAN_POINT('',(-1.564086765245,5.496325053449));
#6830 = CARTESIAN_POINT('',(-1.563978740185,5.496265887242));
#6831 = CARTESIAN_POINT('',(-1.563870715099,5.49620672108));
#6832 = CARTESIAN_POINT('',(-1.563762689986,5.496147554963));
#6833 = CARTESIAN_POINT('',(-1.450426607125,5.434072646302));
#6834 = CARTESIAN_POINT('',(-1.337104427593,5.372072761575));
#6835 = CARTESIAN_POINT('',(-1.222972341951,5.311189381114));
#6836 = CARTESIAN_POINT('',(-1.107491101727,5.252636382566));
#6837 = CARTESIAN_POINT('',(-0.990157655896,5.197815054312));
#6838 = CARTESIAN_POINT('',(-0.870439470718,5.14832974005));
#6839 = CARTESIAN_POINT('',(-0.667618016539,5.078555878912));
#6840 = CARTESIAN_POINT('',(-0.585915871451,5.053992224229));
#6841 = CARTESIAN_POINT('',(-0.503129363563,5.033244049908));
#6842 = CARTESIAN_POINT('',(-0.419610120436,5.016987554471));
#6843 = CARTESIAN_POINT('',(-0.335637946977,5.005766533015));
#6844 = CARTESIAN_POINT('',(-0.251477526788,5.));
#6845 = CARTESIAN_POINT('',(-0.16744807922,5.));
#6846 = ( GEOMETRIC_REPRESENTATION_CONTEXT(2)
PARAMETRIC_REPRESENTATION_CONTEXT() REPRESENTATION_CONTEXT('2D SPACE',''
  ) );
#6847 = PCURVE('',#6635,#6848);
#6848 = DEFINITIONAL_REPRESENTATION('',(#6849),#6918);
#6849 = B_SPLINE_CURVE_WITH_KNOTS('',7,(#6850,#6851,#6852,#6853,#6854,
    #6855,#6856,#6857,#6858,#6859,#6860,#6861,#6862,#6863,#6864,#6865,
    #6866,#6867,#6868,#6869,#6870,#6871,#6872,#6873,#6874,#6875,#6876,
    #6877,#6878,#6879,#6880,#6881,#6882,#6883,#6884,#6885,#6886,#6887,
    #6888,#6889,#6890,#6891,#6892,#6893,#6894,#6895,#6896,#6897,#6898,
    #6899,#6900,#6901,#6902,#6903,#6904,#6905,#6906,#6907,#6908,#6909,
    #6910,#6911,#6912,#6913,#6914,#6915,#6916,#6917),.UNSPECIFIED.,.F.,
  .F.,(8,6,6,6,6,6,6,6,6,6,6,8),(0.,6.164182226885E-04,
    1.232836304203E-03,1.849254117667E-03,2.465671527295E-03,
    3.060832654682E-03,3.634737438529E-03,4.229897226611E-03,
    4.846311811456E-03,5.420214096327E-03,0.606963901072,1.),
  .UNSPECIFIED.);
#6850 = CARTESIAN_POINT('',(0.,74.6));
#6851 = CARTESIAN_POINT('',(-1.271011800738E-04,74.599930383725));
#6852 = CARTESIAN_POINT('',(-2.542024626252E-04,74.599860767509));
#6853 = CARTESIAN_POINT('',(-3.813037735986E-04,74.59979115131));
#6854 = CARTESIAN_POINT('',(-5.084050685491E-04,74.599721535103));
#6855 = CARTESIAN_POINT('',(-6.355063326423E-04,74.59965191888));
#6856 = CARTESIAN_POINT('',(-7.626075806548E-04,74.59958230265));
#6857 = CARTESIAN_POINT('',(-1.016810104184E-03,74.599443070244));
#6858 = CARTESIAN_POINT('',(-1.143911355742E-03,74.599373454054));
#6859 = CARTESIAN_POINT('',(-1.271012612689E-03,74.599303837871));
#6860 = CARTESIAN_POINT('',(-1.398113876031E-03,74.599234221695));
#6861 = CARTESIAN_POINT('',(-1.525215146738E-03,74.599164605528));
#6862 = CARTESIAN_POINT('',(-1.652316425744E-03,74.599094989371));
#6863 = CARTESIAN_POINT('',(-1.906518946903E-03,74.59895575711));
#6864 = CARTESIAN_POINT('',(-2.033620189079E-03,74.598886141005));
#6865 = CARTESIAN_POINT('',(-2.160721441409E-03,74.598816524912));
#6866 = CARTESIAN_POINT('',(-2.287822704829E-03,74.598746908833));
#6867 = CARTESIAN_POINT('',(-2.414923980267E-03,74.598677292768));
#6868 = CARTESIAN_POINT('',(-2.542025268656E-03,74.598607676718));
#6869 = CARTESIAN_POINT('',(-2.796227789937E-03,74.598468444697));
#6870 = CARTESIAN_POINT('',(-2.92332902283E-03,74.598398828726));
#6871 = CARTESIAN_POINT('',(-3.050430270528E-03,74.598329212772));
#6872 = CARTESIAN_POINT('',(-3.177531533958E-03,74.598259596838));
#6873 = CARTESIAN_POINT('',(-3.304632814045E-03,74.598189980923));
#6874 = CARTESIAN_POINT('',(-3.431734111716E-03,74.598120365028));
#6875 = CARTESIAN_POINT('',(-3.68155383499E-03,74.597983533889));
#6876 = CARTESIAN_POINT('',(-3.804272259333E-03,74.597916318642));
#6877 = CARTESIAN_POINT('',(-3.926990701767E-03,74.597849103417));
#6878 = CARTESIAN_POINT('',(-4.04970916313E-03,74.597781888214));
#6879 = CARTESIAN_POINT('',(-4.172427644255E-03,74.597714673035));
#6880 = CARTESIAN_POINT('',(-4.295146145973E-03,74.59764745788));
#6881 = CARTESIAN_POINT('',(-4.536200266389E-03,74.597515428228));
#6882 = CARTESIAN_POINT('',(-4.654535883588E-03,74.597450613729));
#6883 = CARTESIAN_POINT('',(-4.772871521456E-03,74.597385799255));
#6884 = CARTESIAN_POINT('',(-4.891207180742E-03,74.597320984806));
#6885 = CARTESIAN_POINT('',(-5.009542862193E-03,74.597256170384));
#6886 = CARTESIAN_POINT('',(-5.127878566553E-03,74.597191355989));
#6887 = CARTESIAN_POINT('',(-5.368932677107E-03,74.597059326805));
#6888 = CARTESIAN_POINT('',(-5.491651085084E-03,74.596992112018));
#6889 = CARTESIAN_POINT('',(-5.614369519337E-03,74.596924897262));
#6890 = CARTESIAN_POINT('',(-5.7370879807E-03,74.596857682539));
#6891 = CARTESIAN_POINT('',(-5.859806470009E-03,74.596790467849));
#6892 = CARTESIAN_POINT('',(-5.982524988093E-03,74.596723253193));
#6893 = CARTESIAN_POINT('',(-6.232344701152E-03,74.596586423532));
#6894 = CARTESIAN_POINT('',(-6.359445898284E-03,74.59651680853));
#6895 = CARTESIAN_POINT('',(-6.486547128103E-03,74.596447193567));
#6896 = CARTESIAN_POINT('',(-6.613648391533E-03,74.596377578643));
#6897 = CARTESIAN_POINT('',(-6.740749689501E-03,74.596307963761));
#6898 = CARTESIAN_POINT('',(-6.867851022933E-03,74.59623834892));
#6899 = CARTESIAN_POINT('',(-7.113287955169E-03,74.596103920454));
#6900 = CARTESIAN_POINT('',(-7.231623549125E-03,74.596039106822));
#6901 = CARTESIAN_POINT('',(-7.349959175373E-03,74.595974293228));
#6902 = CARTESIAN_POINT('',(-7.468294834659E-03,74.595909479674));
#6903 = CARTESIAN_POINT('',(-7.586630527729E-03,74.59584466616));
#6904 = CARTESIAN_POINT('',(-7.704966255333E-03,74.595779852687));
#6905 = CARTESIAN_POINT('',(-0.131858582911,74.527779937118));
#6906 = CARTESIAN_POINT('',(-0.256002676043,74.45985265763));
#6907 = CARTESIAN_POINT('',(-0.381170590221,74.392925021034));
#6908 = CARTESIAN_POINT('',(-0.508081197422,74.328112771389));
#6909 = CARTESIAN_POINT('',(-0.637463156958,74.266694128249));
#6910 = CARTESIAN_POINT('',(-0.770120582931,74.210125204492));
#6911 = CARTESIAN_POINT('',(-0.996657161946,74.127373518653));
#6912 = CARTESIAN_POINT('',(-1.088364913451,74.097335601775));
#6913 = CARTESIAN_POINT('',(-1.181865614859,74.070727011374));
#6914 = CARTESIAN_POINT('',(-1.276928687848,74.048158474117));
#6915 = CARTESIAN_POINT('',(-1.373438502887,74.030084862597));
#6916 = CARTESIAN_POINT('',(-1.471371343606,74.016794966447));
#6917 = CARTESIAN_POINT('',(-1.570796326795,74.00839202169));
#6918 = ( GEOMETRIC_REPRESENTATION_CONTEXT(2)
PARAMETRIC_REPRESENTATION_CONTEXT() REPRESENTATION_CONTEXT('2D SPACE',''
  ) );
#6919 = ORIENTED_EDGE('',*,*,#6647,.T.);
#6920 = ADVANCED_FACE('',(#6921),#4601,.T.);
#6921 = FACE_BOUND('',#6922,.T.);
#6922 = EDGE_LOOP('',(#6923,#6924,#6925,#6948,#7164));
#6923 = ORIENTED_EDGE('',*,*,#4585,.F.);
#6924 = ORIENTED_EDGE('',*,*,#5202,.T.);
#6925 = ORIENTED_EDGE('',*,*,#6926,.T.);
#6926 = EDGE_CURVE('',#5203,#6927,#6929,.T.);
#6927 = VERTEX_POINT('',#6928);
#6928 = CARTESIAN_POINT('',(13.4,7.5,158.));
#6929 = SURFACE_CURVE('',#6930,(#6934,#6941),.PCURVE_S1.);
#6930 = LINE('',#6931,#6932);
#6931 = CARTESIAN_POINT('',(13.4,13.,158.));
#6932 = VECTOR('',#6933,1.);
#6933 = DIRECTION('',(0.,-1.,0.));
#6934 = PCURVE('',#4601,#6935);
#6935 = DEFINITIONAL_REPRESENTATION('',(#6936),#6940);
#6936 = LINE('',#6937,#6938);
#6937 = CARTESIAN_POINT('',(1.570796326795,0.));
#6938 = VECTOR('',#6939,1.);
#6939 = DIRECTION('',(0.,1.));
#6940 = ( GEOMETRIC_REPRESENTATION_CONTEXT(2)
PARAMETRIC_REPRESENTATION_CONTEXT() REPRESENTATION_CONTEXT('2D SPACE',''
  ) );
#6941 = PCURVE('',#5139,#6942);
#6942 = DEFINITIONAL_REPRESENTATION('',(#6943),#6947);
#6943 = LINE('',#6944,#6945);
#6944 = CARTESIAN_POINT('',(13.4,13.));
#6945 = VECTOR('',#6946,1.);
#6946 = DIRECTION('',(0.,-1.));
#6947 = ( GEOMETRIC_REPRESENTATION_CONTEXT(2)
PARAMETRIC_REPRESENTATION_CONTEXT() REPRESENTATION_CONTEXT('2D SPACE',''
  ) );
#6948 = ORIENTED_EDGE('',*,*,#6949,.T.);
#6949 = EDGE_CURVE('',#6927,#6592,#6950,.T.);
#6950 = SURFACE_CURVE('',#6951,(#7020,#7092),.PCURVE_S1.);
#6951 = B_SPLINE_CURVE_WITH_KNOTS('',7,(#6952,#6953,#6954,#6955,#6956,
    #6957,#6958,#6959,#6960,#6961,#6962,#6963,#6964,#6965,#6966,#6967,
    #6968,#6969,#6970,#6971,#6972,#6973,#6974,#6975,#6976,#6977,#6978,
    #6979,#6980,#6981,#6982,#6983,#6984,#6985,#6986,#6987,#6988,#6989,
    #6990,#6991,#6992,#6993,#6994,#6995,#6996,#6997,#6998,#6999,#7000,
    #7001,#7002,#7003,#7004,#7005,#7006,#7007,#7008,#7009,#7010,#7011,
    #7012,#7013,#7014,#7015,#7016,#7017,#7018,#7019),.UNSPECIFIED.,.F.,
  .F.,(8,6,6,6,6,6,6,6,6,6,6,8),(0.,6.164182224378E-04,
    1.232836303701E-03,1.849254117009E-03,2.46567152656E-03,
    3.060832653746E-03,3.634737437332E-03,4.229897225114E-03,
    4.846311809775E-03,5.420214094639E-03,0.606963901072,1.),
  .UNSPECIFIED.);
#6952 = CARTESIAN_POINT('',(13.4,7.5,158.));
#6953 = CARTESIAN_POINT('',(13.400069616275,7.50006355059,158.));
#6954 = CARTESIAN_POINT('',(13.400139232491,7.500127101231,
    157.99999999057));
#6955 = CARTESIAN_POINT('',(13.40020884869,7.500190651885,
    157.99999997172));
#6956 = CARTESIAN_POINT('',(13.400278464897,7.500254202528,
    157.99999994345));
#6957 = CARTESIAN_POINT('',(13.40034808112,7.50031775315,157.99999990576
    ));
#6958 = CARTESIAN_POINT('',(13.40041769735,7.500381303757,
    157.99999985864));
#6959 = CARTESIAN_POINT('',(13.400556929756,7.500508404968,
    157.99999974556));
#6960 = CARTESIAN_POINT('',(13.400626545946,7.50057195556,
    157.99999967959));
#6961 = CARTESIAN_POINT('',(13.400696162129,7.500635506145,
    157.9999996042));
#6962 = CARTESIAN_POINT('',(13.400765778305,7.500699056722,
    157.99999951939));
#6963 = CARTESIAN_POINT('',(13.400835394472,7.500762607288,
    157.99999942516));
#6964 = CARTESIAN_POINT('',(13.400905010629,7.500826157844,
    157.9999993215));
#6965 = CARTESIAN_POINT('',(13.40104424289,7.500953258903,
    157.99999909533));
#6966 = CARTESIAN_POINT('',(13.401113858995,7.501016809407,
    157.99999897282));
#6967 = CARTESIAN_POINT('',(13.401183475088,7.501080359897,
    157.99999884089));
#6968 = CARTESIAN_POINT('',(13.401253091167,7.501143910373,
    157.99999869954));
#6969 = CARTESIAN_POINT('',(13.401322707232,7.501207460833,
    157.99999854876));
#6970 = CARTESIAN_POINT('',(13.401392323282,7.501271011276,
    157.99999838856));
#6971 = CARTESIAN_POINT('',(13.401531555303,7.501398112084,
    157.99999804931));
#6972 = CARTESIAN_POINT('',(13.401601171274,7.501461662449,
    157.99999787026));
#6973 = CARTESIAN_POINT('',(13.401670787228,7.501525212794,
    157.99999768179));
#6974 = CARTESIAN_POINT('',(13.401740403162,7.501588763119,
    157.9999974839));
#6975 = CARTESIAN_POINT('',(13.401810019077,7.501652313422,
    157.99999727658));
#6976 = CARTESIAN_POINT('',(13.401879634972,7.501715863702,
    157.99999705984));
#6977 = CARTESIAN_POINT('',(13.402016466111,7.501840772773,
    157.9999966153));
#6978 = CARTESIAN_POINT('',(13.402083681358,7.501902131565,
    157.99999638815));
#6979 = CARTESIAN_POINT('',(13.402150896583,7.501963490334,
    157.99999615222));
#6980 = CARTESIAN_POINT('',(13.402218111786,7.502024849078,
    157.99999590749));
#6981 = CARTESIAN_POINT('',(13.402285326965,7.502086207795,
    157.99999565399));
#6982 = CARTESIAN_POINT('',(13.40235254212,7.502147566486,157.9999953917
    ));
#6983 = CARTESIAN_POINT('',(13.402484571772,7.50226809237,
    157.99999485923));
#6984 = CARTESIAN_POINT('',(13.402549386271,7.502327259565,
    157.99999458966));
#6985 = CARTESIAN_POINT('',(13.402614200745,7.502386426733,
    157.99999431193));
#6986 = CARTESIAN_POINT('',(13.402679015194,7.502445593873,
    157.99999402603));
#6987 = CARTESIAN_POINT('',(13.402743829616,7.502504760984,
    157.99999373196));
#6988 = CARTESIAN_POINT('',(13.402808644011,7.502563928065,
    157.99999342973));
#6989 = CARTESIAN_POINT('',(13.402940673195,7.502684453462,
    157.99999279742));
#6990 = CARTESIAN_POINT('',(13.403007887982,7.502745811775,
    157.99999246673));
#6991 = CARTESIAN_POINT('',(13.403075102738,7.502807170054,
    157.99999212726));
#6992 = CARTESIAN_POINT('',(13.403142317461,7.502868528298,157.999991779
    ));
#6993 = CARTESIAN_POINT('',(13.403209532151,7.502929886505,
    157.99999142196));
#6994 = CARTESIAN_POINT('',(13.403276746807,7.502991244674,
    157.99999105614));
#6995 = CARTESIAN_POINT('',(13.403413576468,7.503116152202,
    157.99999029354));
#6996 = CARTESIAN_POINT('',(13.40348319147,7.503179701559,
    157.99998989612));
#6997 = CARTESIAN_POINT('',(13.403552806433,7.503243250873,
    157.99998948929));
#6998 = CARTESIAN_POINT('',(13.403622421357,7.503306800142,
    157.99998907303));
#6999 = CARTESIAN_POINT('',(13.403692036239,7.503370349367,
    157.99998864734));
#7000 = CARTESIAN_POINT('',(13.40376165108,7.503433898545,
    157.99998821224));
#7001 = CARTESIAN_POINT('',(13.403896079546,7.503556614009,
    157.99998735383));
#7002 = CARTESIAN_POINT('',(13.403960893178,7.503615780301,
    157.99998693179));
#7003 = CARTESIAN_POINT('',(13.404025706772,7.503674946551,
    157.99998650158));
#7004 = CARTESIAN_POINT('',(13.404090520326,7.503734112758,
    157.9999860632));
#7005 = CARTESIAN_POINT('',(13.40415533384,7.50379327892,157.99998561666
    ));
#7006 = CARTESIAN_POINT('',(13.404220147313,7.503852445037,
    157.99998516194));
#7007 = CARTESIAN_POINT('',(13.472220062882,7.565927353698,
    157.99949952128));
#7008 = CARTESIAN_POINT('',(13.540147342371,7.627927238425,
    157.9900396963));
#7009 = CARTESIAN_POINT('',(13.607074978965,7.688810618886,
    157.97158590043));
#7010 = CARTESIAN_POINT('',(13.671887228612,7.747363617435,
    157.94405892773));
#7011 = CARTESIAN_POINT('',(13.733305871751,7.802184945688,
    157.90747261199));
#7012 = CARTESIAN_POINT('',(13.789874795508,7.85167025995,
    157.86196858645));
#7013 = CARTESIAN_POINT('',(13.872626481347,7.921444121088,
    157.77274239237));
#7014 = CARTESIAN_POINT('',(13.902664398225,7.946007775771,
    157.7337416169));
#7015 = CARTESIAN_POINT('',(13.929272988626,7.966755950092,
    157.69136301708));
#7016 = CARTESIAN_POINT('',(13.951841525883,7.983012445529,
    157.64613127188));
#7017 = CARTESIAN_POINT('',(13.969915137403,7.994233466985,
    157.59867886634));
#7018 = CARTESIAN_POINT('',(13.983205033553,8.,157.54971249159));
#7019 = CARTESIAN_POINT('',(13.99160797831,8.,157.5));
#7020 = PCURVE('',#4601,#7021);
#7021 = DEFINITIONAL_REPRESENTATION('',(#7022),#7091);
#7022 = B_SPLINE_CURVE_WITH_KNOTS('',7,(#7023,#7024,#7025,#7026,#7027,
    #7028,#7029,#7030,#7031,#7032,#7033,#7034,#7035,#7036,#7037,#7038,
    #7039,#7040,#7041,#7042,#7043,#7044,#7045,#7046,#7047,#7048,#7049,
    #7050,#7051,#7052,#7053,#7054,#7055,#7056,#7057,#7058,#7059,#7060,
    #7061,#7062,#7063,#7064,#7065,#7066,#7067,#7068,#7069,#7070,#7071,
    #7072,#7073,#7074,#7075,#7076,#7077,#7078,#7079,#7080,#7081,#7082,
    #7083,#7084,#7085,#7086,#7087,#7088,#7089,#7090),.UNSPECIFIED.,.F.,
  .F.,(8,6,6,6,6,6,6,6,6,6,6,8),(0.,6.164182224378E-04,
    1.232836303701E-03,1.849254117009E-03,2.46567152656E-03,
    3.060832653746E-03,3.634737437332E-03,4.229897225114E-03,
    4.846311809775E-03,5.420214094639E-03,0.606963901072,1.),
  .UNSPECIFIED.);
#7023 = CARTESIAN_POINT('',(1.570796326795,5.5));
#7024 = CARTESIAN_POINT('',(1.57068029967,5.49993644941));
#7025 = CARTESIAN_POINT('',(1.570564272644,5.499872898769));
#7026 = CARTESIAN_POINT('',(1.570448245643,5.499809348115));
#7027 = CARTESIAN_POINT('',(1.570332218623,5.499745797472));
#7028 = CARTESIAN_POINT('',(1.570216191569,5.49968224685));
#7029 = CARTESIAN_POINT('',(1.570100164493,5.499618696243));
#7030 = CARTESIAN_POINT('',(1.569868110407,5.499491595032));
#7031 = CARTESIAN_POINT('',(1.569752083373,5.49942804444));
#7032 = CARTESIAN_POINT('',(1.569636056334,5.499364493855));
#7033 = CARTESIAN_POINT('',(1.569520029291,5.499300943278));
#7034 = CARTESIAN_POINT('',(1.569404002242,5.499237392712));
#7035 = CARTESIAN_POINT('',(1.569287975186,5.499173842156));
#7036 = CARTESIAN_POINT('',(1.56905592111,5.499046741097));
#7037 = CARTESIAN_POINT('',(1.568939894091,5.498983190593));
#7038 = CARTESIAN_POINT('',(1.568823867063,5.498919640103));
#7039 = CARTESIAN_POINT('',(1.568707840027,5.498856089627));
#7040 = CARTESIAN_POINT('',(1.568591812981,5.498792539167));
#7041 = CARTESIAN_POINT('',(1.568475785925,5.498728988724));
#7042 = CARTESIAN_POINT('',(1.568243731868,5.498601887916));
#7043 = CARTESIAN_POINT('',(1.568127704867,5.498538337551));
#7044 = CARTESIAN_POINT('',(1.568011677854,5.498474787206));
#7045 = CARTESIAN_POINT('',(1.567895650829,5.498411236881));
#7046 = CARTESIAN_POINT('',(1.567779623791,5.498347686578));
#7047 = CARTESIAN_POINT('',(1.56766359674,5.498284136298));
#7048 = CARTESIAN_POINT('',(1.567435543637,5.498159227227));
#7049 = CARTESIAN_POINT('',(1.567323517587,5.498097868435));
#7050 = CARTESIAN_POINT('',(1.567211491523,5.498036509666));
#7051 = CARTESIAN_POINT('',(1.567099465444,5.497975150922));
#7052 = CARTESIAN_POINT('',(1.56698743935,5.497913792205));
#7053 = CARTESIAN_POINT('',(1.56687541324,5.497852433514));
#7054 = CARTESIAN_POINT('',(1.566655362031,5.49773190763));
#7055 = CARTESIAN_POINT('',(1.566547336933,5.497672740435));
#7056 = CARTESIAN_POINT('',(1.566439311819,5.497613573267));
#7057 = CARTESIAN_POINT('',(1.566331286688,5.497554406127));
#7058 = CARTESIAN_POINT('',(1.56622326154,5.497495239016));
#7059 = CARTESIAN_POINT('',(1.566115236375,5.497436071935));
#7060 = CARTESIAN_POINT('',(1.565895185211,5.497315546538));
#7061 = CARTESIAN_POINT('',(1.565783159212,5.497254188225));
#7062 = CARTESIAN_POINT('',(1.565671133192,5.497192829946));
#7063 = CARTESIAN_POINT('',(1.565559107151,5.497131471702));
#7064 = CARTESIAN_POINT('',(1.565447081089,5.497070113495));
#7065 = CARTESIAN_POINT('',(1.565335055004,5.497008755326));
#7066 = CARTESIAN_POINT('',(1.565107002028,5.496883847798));
#7067 = CARTESIAN_POINT('',(1.564990975134,5.496820298441));
#7068 = CARTESIAN_POINT('',(1.564874948216,5.496756749127));
#7069 = CARTESIAN_POINT('',(1.564758921271,5.496693199858));
#7070 = CARTESIAN_POINT('',(1.564642894299,5.496629650633));
#7071 = CARTESIAN_POINT('',(1.5645268673,5.496566101455));
#7072 = CARTESIAN_POINT('',(1.564302815288,5.496443385991));
#7073 = CARTESIAN_POINT('',(1.564194790279,5.496384219699));
#7074 = CARTESIAN_POINT('',(1.564086765245,5.496325053449));
#7075 = CARTESIAN_POINT('',(1.563978740185,5.496265887242));
#7076 = CARTESIAN_POINT('',(1.563870715099,5.49620672108));
#7077 = CARTESIAN_POINT('',(1.563762689986,5.496147554963));
#7078 = CARTESIAN_POINT('',(1.450426607125,5.434072646302));
#7079 = CARTESIAN_POINT('',(1.337104427592,5.372072761575));
#7080 = CARTESIAN_POINT('',(1.222972341952,5.311189381114));
#7081 = CARTESIAN_POINT('',(1.107491101726,5.252636382565));
#7082 = CARTESIAN_POINT('',(0.990157655896,5.197815054312));
#7083 = CARTESIAN_POINT('',(0.870439470718,5.14832974005));
#7084 = CARTESIAN_POINT('',(0.66761801654,5.078555878912));
#7085 = CARTESIAN_POINT('',(0.585915871451,5.053992224229));
#7086 = CARTESIAN_POINT('',(0.503129363563,5.033244049908));
#7087 = CARTESIAN_POINT('',(0.419610120436,5.016987554471));
#7088 = CARTESIAN_POINT('',(0.335637946977,5.005766533015));
#7089 = CARTESIAN_POINT('',(0.251477526788,5.));
#7090 = CARTESIAN_POINT('',(0.16744807922,5.));
#7091 = ( GEOMETRIC_REPRESENTATION_CONTEXT(2)
PARAMETRIC_REPRESENTATION_CONTEXT() REPRESENTATION_CONTEXT('2D SPACE',''
  ) );
#7092 = PCURVE('',#6635,#7093);
#7093 = DEFINITIONAL_REPRESENTATION('',(#7094),#7163);
#7094 = B_SPLINE_CURVE_WITH_KNOTS('',7,(#7095,#7096,#7097,#7098,#7099,
    #7100,#7101,#7102,#7103,#7104,#7105,#7106,#7107,#7108,#7109,#7110,
    #7111,#7112,#7113,#7114,#7115,#7116,#7117,#7118,#7119,#7120,#7121,
    #7122,#7123,#7124,#7125,#7126,#7127,#7128,#7129,#7130,#7131,#7132,
    #7133,#7134,#7135,#7136,#7137,#7138,#7139,#7140,#7141,#7142,#7143,
    #7144,#7145,#7146,#7147,#7148,#7149,#7150,#7151,#7152,#7153,#7154,
    #7155,#7156,#7157,#7158,#7159,#7160,#7161,#7162),.UNSPECIFIED.,.F.,
  .F.,(8,6,6,6,6,6,6,6,6,6,6,8),(0.,6.164182224378E-04,
    1.232836303701E-03,1.849254117009E-03,2.46567152656E-03,
    3.060832653746E-03,3.634737437332E-03,4.229897225114E-03,
    4.846311809775E-03,5.420214094639E-03,0.606963901072,1.),
  .UNSPECIFIED.);
#7095 = CARTESIAN_POINT('',(0.,5.4));
#7096 = CARTESIAN_POINT('',(-1.271011800732E-04,5.400069616275));
#7097 = CARTESIAN_POINT('',(-2.542024626262E-04,5.400139232491));
#7098 = CARTESIAN_POINT('',(-3.813037736012E-04,5.40020884869));
#7099 = CARTESIAN_POINT('',(-5.084050685517E-04,5.400278464897));
#7100 = CARTESIAN_POINT('',(-6.355063326437E-04,5.40034808112));
#7101 = CARTESIAN_POINT('',(-7.626075806546E-04,5.40041769735));
#7102 = CARTESIAN_POINT('',(-1.016810104183E-03,5.400556929756));
#7103 = CARTESIAN_POINT('',(-1.143911355743E-03,5.400626545946));
#7104 = CARTESIAN_POINT('',(-1.271012612692E-03,5.400696162129));
#7105 = CARTESIAN_POINT('',(-1.398113876034E-03,5.400765778305));
#7106 = CARTESIAN_POINT('',(-1.52521514674E-03,5.400835394472));
#7107 = CARTESIAN_POINT('',(-1.652316425744E-03,5.400905010629));
#7108 = CARTESIAN_POINT('',(-1.906518946904E-03,5.40104424289));
#7109 = CARTESIAN_POINT('',(-2.033620189079E-03,5.401113858995));
#7110 = CARTESIAN_POINT('',(-2.16072144141E-03,5.401183475088));
#7111 = CARTESIAN_POINT('',(-2.287822704829E-03,5.401253091167));
#7112 = CARTESIAN_POINT('',(-2.414923980268E-03,5.401322707232));
#7113 = CARTESIAN_POINT('',(-2.542025268657E-03,5.401392323282));
#7114 = CARTESIAN_POINT('',(-2.796227789939E-03,5.401531555303));
#7115 = CARTESIAN_POINT('',(-2.923329022832E-03,5.401601171274));
#7116 = CARTESIAN_POINT('',(-3.050430270528E-03,5.401670787228));
#7117 = CARTESIAN_POINT('',(-3.177531533958E-03,5.401740403162));
#7118 = CARTESIAN_POINT('',(-3.304632814046E-03,5.401810019077));
#7119 = CARTESIAN_POINT('',(-3.431734111718E-03,5.401879634972));
#7120 = CARTESIAN_POINT('',(-3.681553834991E-03,5.402016466111));
#7121 = CARTESIAN_POINT('',(-3.804272259335E-03,5.402083681358));
#7122 = CARTESIAN_POINT('',(-3.926990701769E-03,5.402150896583));
#7123 = CARTESIAN_POINT('',(-4.049709163131E-03,5.402218111786));
#7124 = CARTESIAN_POINT('',(-4.172427644256E-03,5.402285326965));
#7125 = CARTESIAN_POINT('',(-4.295146145974E-03,5.40235254212));
#7126 = CARTESIAN_POINT('',(-4.536200266389E-03,5.402484571772));
#7127 = CARTESIAN_POINT('',(-4.65453588359E-03,5.402549386271));
#7128 = CARTESIAN_POINT('',(-4.772871521459E-03,5.402614200745));
#7129 = CARTESIAN_POINT('',(-4.891207180745E-03,5.402679015194));
#7130 = CARTESIAN_POINT('',(-5.009542862194E-03,5.402743829616));
#7131 = CARTESIAN_POINT('',(-5.127878566553E-03,5.402808644011));
#7132 = CARTESIAN_POINT('',(-5.368932677108E-03,5.402940673195));
#7133 = CARTESIAN_POINT('',(-5.491651085086E-03,5.403007887982));
#7134 = CARTESIAN_POINT('',(-5.614369519339E-03,5.403075102738));
#7135 = CARTESIAN_POINT('',(-5.737087980702E-03,5.403142317461));
#7136 = CARTESIAN_POINT('',(-5.859806470009E-03,5.403209532151));
#7137 = CARTESIAN_POINT('',(-5.982524988093E-03,5.403276746807));
#7138 = CARTESIAN_POINT('',(-6.232344701152E-03,5.403413576468));
#7139 = CARTESIAN_POINT('',(-6.359445898284E-03,5.40348319147));
#7140 = CARTESIAN_POINT('',(-6.486547128103E-03,5.403552806433));
#7141 = CARTESIAN_POINT('',(-6.613648391533E-03,5.403622421357));
#7142 = CARTESIAN_POINT('',(-6.740749689501E-03,5.403692036239));
#7143 = CARTESIAN_POINT('',(-6.867851022933E-03,5.40376165108));
#7144 = CARTESIAN_POINT('',(-7.113287955169E-03,5.403896079546));
#7145 = CARTESIAN_POINT('',(-7.231623549125E-03,5.403960893178));
#7146 = CARTESIAN_POINT('',(-7.349959175373E-03,5.404025706772));
#7147 = CARTESIAN_POINT('',(-7.468294834658E-03,5.404090520326));
#7148 = CARTESIAN_POINT('',(-7.586630527729E-03,5.40415533384));
#7149 = CARTESIAN_POINT('',(-7.704966255332E-03,5.404220147313));
#7150 = CARTESIAN_POINT('',(-0.131858582911,5.472220062882));
#7151 = CARTESIAN_POINT('',(-0.256002676043,5.540147342371));
#7152 = CARTESIAN_POINT('',(-0.38117059022,5.607074978965));
#7153 = CARTESIAN_POINT('',(-0.508081197423,5.671887228612));
#7154 = CARTESIAN_POINT('',(-0.637463156958,5.733305871751));
#7155 = CARTESIAN_POINT('',(-0.770120582931,5.789874795508));
#7156 = CARTESIAN_POINT('',(-0.996657161946,5.872626481347));
#7157 = CARTESIAN_POINT('',(-1.088364913451,5.902664398225));
#7158 = CARTESIAN_POINT('',(-1.181865614859,5.929272988626));
#7159 = CARTESIAN_POINT('',(-1.276928687848,5.951841525883));
#7160 = CARTESIAN_POINT('',(-1.373438502887,5.969915137404));
#7161 = CARTESIAN_POINT('',(-1.471371343606,5.983205033553));
#7162 = CARTESIAN_POINT('',(-1.570796326795,5.99160797831));
#7163 = ( GEOMETRIC_REPRESENTATION_CONTEXT(2)
PARAMETRIC_REPRESENTATION_CONTEXT() REPRESENTATION_CONTEXT('2D SPACE',''
  ) );
#7164 = ORIENTED_EDGE('',*,*,#6591,.F.);
#7165 = ADVANCED_FACE('',(#7166),#4782,.T.);
#7166 = FACE_BOUND('',#7167,.T.);
#7167 = EDGE_LOOP('',(#7168,#7169,#7191,#7192));
#7168 = ORIENTED_EDGE('',*,*,#6512,.F.);
#7169 = ORIENTED_EDGE('',*,*,#7170,.T.);
#7170 = EDGE_CURVE('',#6467,#5357,#7171,.T.);
#7171 = SURFACE_CURVE('',#7172,(#7177,#7184),.PCURVE_S1.);
#7172 = CIRCLE('',#7173,2.5);
#7173 = AXIS2_PLACEMENT_3D('',#7174,#7175,#7176);
#7174 = CARTESIAN_POINT('',(88.,92.,158.));
#7175 = DIRECTION('',(0.,0.,1.));
#7176 = DIRECTION('',(1.,0.,-0.));
#7177 = PCURVE('',#4782,#7178);
#7178 = DEFINITIONAL_REPRESENTATION('',(#7179),#7183);
#7179 = LINE('',#7180,#7181);
#7180 = CARTESIAN_POINT('',(0.,1.570796326795));
#7181 = VECTOR('',#7182,1.);
#7182 = DIRECTION('',(1.,0.));
#7183 = ( GEOMETRIC_REPRESENTATION_CONTEXT(2)
PARAMETRIC_REPRESENTATION_CONTEXT() REPRESENTATION_CONTEXT('2D SPACE',''
  ) );
#7184 = PCURVE('',#5139,#7185);
#7185 = DEFINITIONAL_REPRESENTATION('',(#7186),#7190);
#7186 = CIRCLE('',#7187,2.5);
#7187 = AXIS2_PLACEMENT_2D('',#7188,#7189);
#7188 = CARTESIAN_POINT('',(88.,92.));
#7189 = DIRECTION('',(1.,0.));
#7190 = ( GEOMETRIC_REPRESENTATION_CONTEXT(2)
PARAMETRIC_REPRESENTATION_CONTEXT() REPRESENTATION_CONTEXT('2D SPACE',''
  ) );
#7191 = ORIENTED_EDGE('',*,*,#5356,.T.);
#7192 = ORIENTED_EDGE('',*,*,#4767,.F.);
#7193 = ADVANCED_FACE('',(#7194),#4837,.T.);
#7194 = FACE_BOUND('',#7195,.T.);
#7195 = EDGE_LOOP('',(#7196,#7217,#7218,#7219));
#7196 = ORIENTED_EDGE('',*,*,#7197,.F.);
#7197 = EDGE_CURVE('',#4798,#7198,#7200,.T.);
#7198 = VERTEX_POINT('',#7199);
#7199 = CARTESIAN_POINT('',(21.7,45.,9.));
#7200 = SEAM_CURVE('',#7201,(#7205,#7211),.PCURVE_S1.);
#7201 = LINE('',#7202,#7203);
#7202 = CARTESIAN_POINT('',(22.,45.,8.7));
#7203 = VECTOR('',#7204,1.);
#7204 = DIRECTION('',(-0.707106781187,0.,0.707106781187));
#7205 = PCURVE('',#4837,#7206);
#7206 = DEFINITIONAL_REPRESENTATION('',(#7207),#7210);
#7207 = B_SPLINE_CURVE_WITH_KNOTS('',1,(#7208,#7209),.UNSPECIFIED.,.F.,
  .F.,(2,2),(0.,0.424264068712),.PIECEWISE_BEZIER_KNOTS.);
#7208 = CARTESIAN_POINT('',(0.,0.));
#7209 = CARTESIAN_POINT('',(0.,-0.3));
#7210 = ( GEOMETRIC_REPRESENTATION_CONTEXT(2)
PARAMETRIC_REPRESENTATION_CONTEXT() REPRESENTATION_CONTEXT('2D SPACE',''
  ) );
#7211 = PCURVE('',#4837,#7212);
#7212 = DEFINITIONAL_REPRESENTATION('',(#7213),#7216);
#7213 = B_SPLINE_CURVE_WITH_KNOTS('',1,(#7214,#7215),.UNSPECIFIED.,.F.,
  .F.,(2,2),(0.,0.424264068712),.PIECEWISE_BEZIER_KNOTS.);
#7214 = CARTESIAN_POINT('',(-6.28318530718,0.));
#7215 = CARTESIAN_POINT('',(-6.28318530718,-0.3));
#7216 = ( GEOMETRIC_REPRESENTATION_CONTEXT(2)
PARAMETRIC_REPRESENTATION_CONTEXT() REPRESENTATION_CONTEXT('2D SPACE',''
  ) );
#7217 = ORIENTED_EDGE('',*,*,#4822,.T.);
#7218 = ORIENTED_EDGE('',*,*,#7197,.T.);
#7219 = ORIENTED_EDGE('',*,*,#7220,.F.);
#7220 = EDGE_CURVE('',#7198,#7198,#7221,.T.);
#7221 = SURFACE_CURVE('',#7222,(#7227,#7234),.PCURVE_S1.);
#7222 = CIRCLE('',#7223,3.7);
#7223 = AXIS2_PLACEMENT_3D('',#7224,#7225,#7226);
#7224 = CARTESIAN_POINT('',(18.,45.,9.));
#7225 = DIRECTION('',(0.,0.,1.));
#7226 = DIRECTION('',(1.,0.,-0.));
#7227 = PCURVE('',#4837,#7228);
#7228 = DEFINITIONAL_REPRESENTATION('',(#7229),#7233);
#7229 = LINE('',#7230,#7231);
#7230 = CARTESIAN_POINT('',(-0.,-0.3));
#7231 = VECTOR('',#7232,1.);
#7232 = DIRECTION('',(-1.,-0.));
#7233 = ( GEOMETRIC_REPRESENTATION_CONTEXT(2)
PARAMETRIC_REPRESENTATION_CONTEXT() REPRESENTATION_CONTEXT('2D SPACE',''
  ) );
#7234 = PCURVE('',#7235,#7240);
#7235 = PLANE('',#7236);
#7236 = AXIS2_PLACEMENT_3D('',#7237,#7238,#7239);
#7237 = CARTESIAN_POINT('',(18.,45.,9.));
#7238 = DIRECTION('',(0.,0.,1.));
#7239 = DIRECTION('',(1.,0.,-0.));
#7240 = DEFINITIONAL_REPRESENTATION('',(#7241),#7245);
#7241 = CIRCLE('',#7242,3.7);
#7242 = AXIS2_PLACEMENT_2D('',#7243,#7244);
#7243 = CARTESIAN_POINT('',(0.,0.));
#7244 = DIRECTION('',(1.,0.));
#7245 = ( GEOMETRIC_REPRESENTATION_CONTEXT(2)
PARAMETRIC_REPRESENTATION_CONTEXT() REPRESENTATION_CONTEXT('2D SPACE',''
  ) );
#7246 = ADVANCED_FACE('',(#7247,#7250),#4890,.T.);
#7247 = FACE_BOUND('',#7248,.T.);
#7248 = EDGE_LOOP('',(#7249));
#7249 = ORIENTED_EDGE('',*,*,#4875,.T.);
#7250 = FACE_BOUND('',#7251,.T.);
#7251 = EDGE_LOOP('',(#7252));
#7252 = ORIENTED_EDGE('',*,*,#7253,.F.);
#7253 = EDGE_CURVE('',#7254,#7254,#7256,.T.);
#7254 = VERTEX_POINT('',#7255);
#7255 = CARTESIAN_POINT('',(79.4,45.,9.));
#7256 = SURFACE_CURVE('',#7257,(#7262,#7269),.PCURVE_S1.);
#7257 = CIRCLE('',#7258,1.4);
#7258 = AXIS2_PLACEMENT_3D('',#7259,#7260,#7261);
#7259 = CARTESIAN_POINT('',(78.,45.,9.));
#7260 = DIRECTION('',(0.,0.,1.));
#7261 = DIRECTION('',(1.,0.,-0.));
#7262 = PCURVE('',#4890,#7263);
#7263 = DEFINITIONAL_REPRESENTATION('',(#7264),#7268);
#7264 = CIRCLE('',#7265,1.4);
#7265 = AXIS2_PLACEMENT_2D('',#7266,#7267);
#7266 = CARTESIAN_POINT('',(0.,0.));
#7267 = DIRECTION('',(1.,0.));
#7268 = ( GEOMETRIC_REPRESENTATION_CONTEXT(2)
PARAMETRIC_REPRESENTATION_CONTEXT() REPRESENTATION_CONTEXT('2D SPACE',''
  ) );
#7269 = PCURVE('',#7270,#7275);
#7270 = CYLINDRICAL_SURFACE('',#7271,1.4);
#7271 = AXIS2_PLACEMENT_3D('',#7272,#7273,#7274);
#7272 = CARTESIAN_POINT('',(78.,45.,4.));
#7273 = DIRECTION('',(0.,0.,1.));
#7274 = DIRECTION('',(1.,0.,-0.));
#7275 = DEFINITIONAL_REPRESENTATION('',(#7276),#7280);
#7276 = LINE('',#7277,#7278);
#7277 = CARTESIAN_POINT('',(0.,5.));
#7278 = VECTOR('',#7279,1.);
#7279 = DIRECTION('',(1.,0.));
#7280 = ( GEOMETRIC_REPRESENTATION_CONTEXT(2)
PARAMETRIC_REPRESENTATION_CONTEXT() REPRESENTATION_CONTEXT('2D SPACE',''
  ) );
#7281 = ADVANCED_FACE('',(#7282),#4966,.T.);
#7282 = FACE_BOUND('',#7283,.T.);
#7283 = EDGE_LOOP('',(#7284,#7307,#7335,#7356));
#7284 = ORIENTED_EDGE('',*,*,#7285,.F.);
#7285 = EDGE_CURVE('',#7286,#4906,#7288,.T.);
#7286 = VERTEX_POINT('',#7287);
#7287 = CARTESIAN_POINT('',(0.3,77.,98.5));
#7288 = SURFACE_CURVE('',#7289,(#7293,#7300),.PCURVE_S1.);
#7289 = LINE('',#7290,#7291);
#7290 = CARTESIAN_POINT('',(-1.,77.,98.5));
#7291 = VECTOR('',#7292,1.);
#7292 = DIRECTION('',(1.,0.,-0.));
#7293 = PCURVE('',#4966,#7294);
#7294 = DEFINITIONAL_REPRESENTATION('',(#7295),#7299);
#7295 = LINE('',#7296,#7297);
#7296 = CARTESIAN_POINT('',(0.,28.));
#7297 = VECTOR('',#7298,1.);
#7298 = DIRECTION('',(1.,0.));
#7299 = ( GEOMETRIC_REPRESENTATION_CONTEXT(2)
PARAMETRIC_REPRESENTATION_CONTEXT() REPRESENTATION_CONTEXT('2D SPACE',''
  ) );
#7300 = PCURVE('',#5020,#7301);
#7301 = DEFINITIONAL_REPRESENTATION('',(#7302),#7306);
#7302 = LINE('',#7303,#7304);
#7303 = CARTESIAN_POINT('',(0.,0.));
#7304 = VECTOR('',#7305,1.);
#7305 = DIRECTION('',(0.,1.));
#7306 = ( GEOMETRIC_REPRESENTATION_CONTEXT(2)
PARAMETRIC_REPRESENTATION_CONTEXT() REPRESENTATION_CONTEXT('2D SPACE',''
  ) );
#7307 = ORIENTED_EDGE('',*,*,#7308,.T.);
#7308 = EDGE_CURVE('',#7286,#7309,#7311,.T.);
#7309 = VERTEX_POINT('',#7310);
#7310 = CARTESIAN_POINT('',(0.3,49.,98.5));
#7311 = SURFACE_CURVE('',#7312,(#7316,#7323),.PCURVE_S1.);
#7312 = LINE('',#7313,#7314);
#7313 = CARTESIAN_POINT('',(0.3,77.,98.5));
#7314 = VECTOR('',#7315,1.);
#7315 = DIRECTION('',(0.,-1.,0.));
#7316 = PCURVE('',#4966,#7317);
#7317 = DEFINITIONAL_REPRESENTATION('',(#7318),#7322);
#7318 = LINE('',#7319,#7320);
#7319 = CARTESIAN_POINT('',(1.3,28.));
#7320 = VECTOR('',#7321,1.);
#7321 = DIRECTION('',(0.,-1.));
#7322 = ( GEOMETRIC_REPRESENTATION_CONTEXT(2)
PARAMETRIC_REPRESENTATION_CONTEXT() REPRESENTATION_CONTEXT('2D SPACE',''
  ) );
#7323 = PCURVE('',#7324,#7329);
#7324 = PLANE('',#7325);
#7325 = AXIS2_PLACEMENT_3D('',#7326,#7327,#7328);
#7326 = CARTESIAN_POINT('',(0.15,77.,98.35));
#7327 = DIRECTION('',(0.707106781187,-3.472568050348E-18,-0.707106781187
    ));
#7328 = DIRECTION('',(-2.455476416532E-18,-1.,2.455476416533E-18));
#7329 = DEFINITIONAL_REPRESENTATION('',(#7330),#7334);
#7330 = LINE('',#7331,#7332);
#7331 = CARTESIAN_POINT('',(0.,-0.212132034356));
#7332 = VECTOR('',#7333,1.);
#7333 = DIRECTION('',(1.,0.));
#7334 = ( GEOMETRIC_REPRESENTATION_CONTEXT(2)
PARAMETRIC_REPRESENTATION_CONTEXT() REPRESENTATION_CONTEXT('2D SPACE',''
  ) );
#7335 = ORIENTED_EDGE('',*,*,#7336,.T.);
#7336 = EDGE_CURVE('',#7309,#4930,#7337,.T.);
#7337 = SURFACE_CURVE('',#7338,(#7342,#7349),.PCURVE_S1.);
#7338 = LINE('',#7339,#7340);
#7339 = CARTESIAN_POINT('',(-1.,49.,98.5));
#7340 = VECTOR('',#7341,1.);
#7341 = DIRECTION('',(1.,0.,-0.));
#7342 = PCURVE('',#4966,#7343);
#7343 = DEFINITIONAL_REPRESENTATION('',(#7344),#7348);
#7344 = LINE('',#7345,#7346);
#7345 = CARTESIAN_POINT('',(0.,0.));
#7346 = VECTOR('',#7347,1.);
#7347 = DIRECTION('',(1.,0.));
#7348 = ( GEOMETRIC_REPRESENTATION_CONTEXT(2)
PARAMETRIC_REPRESENTATION_CONTEXT() REPRESENTATION_CONTEXT('2D SPACE',''
  ) );
#7349 = PCURVE('',#5074,#7350);
#7350 = DEFINITIONAL_REPRESENTATION('',(#7351),#7355);
#7351 = LINE('',#7352,#7353);
#7352 = CARTESIAN_POINT('',(0.,0.));
#7353 = VECTOR('',#7354,1.);
#7354 = DIRECTION('',(0.,1.));
#7355 = ( GEOMETRIC_REPRESENTATION_CONTEXT(2)
PARAMETRIC_REPRESENTATION_CONTEXT() REPRESENTATION_CONTEXT('2D SPACE',''
  ) );
#7356 = ORIENTED_EDGE('',*,*,#4952,.F.);
#7357 = ADVANCED_FACE('',(#7358),#5020,.F.);
#7358 = FACE_BOUND('',#7359,.F.);
#7359 = EDGE_LOOP('',(#7360,#7361,#7389,#7410));
#7360 = ORIENTED_EDGE('',*,*,#7285,.F.);
#7361 = ORIENTED_EDGE('',*,*,#7362,.T.);
#7362 = EDGE_CURVE('',#7286,#7363,#7365,.T.);
#7363 = VERTEX_POINT('',#7364);
#7364 = CARTESIAN_POINT('',(0.3,77.,118.5));
#7365 = SURFACE_CURVE('',#7366,(#7370,#7377),.PCURVE_S1.);
#7366 = LINE('',#7367,#7368);
#7367 = CARTESIAN_POINT('',(0.3,77.,98.5));
#7368 = VECTOR('',#7369,1.);
#7369 = DIRECTION('',(0.,0.,1.));
#7370 = PCURVE('',#5020,#7371);
#7371 = DEFINITIONAL_REPRESENTATION('',(#7372),#7376);
#7372 = LINE('',#7373,#7374);
#7373 = CARTESIAN_POINT('',(0.,1.3));
#7374 = VECTOR('',#7375,1.);
#7375 = DIRECTION('',(1.,0.));
#7376 = ( GEOMETRIC_REPRESENTATION_CONTEXT(2)
PARAMETRIC_REPRESENTATION_CONTEXT() REPRESENTATION_CONTEXT('2D SPACE',''
  ) );
#7377 = PCURVE('',#7378,#7383);
#7378 = PLANE('',#7379);
#7379 = AXIS2_PLACEMENT_3D('',#7380,#7381,#7382);
#7380 = CARTESIAN_POINT('',(0.15,77.15,98.5));
#7381 = DIRECTION('',(-0.707106781187,-0.707106781187,3.472568050348E-18
    ));
#7382 = DIRECTION('',(2.455476416532E-18,2.455476416533E-18,1.));
#7383 = DEFINITIONAL_REPRESENTATION('',(#7384),#7388);
#7384 = LINE('',#7385,#7386);
#7385 = CARTESIAN_POINT('',(0.,-0.212132034356));
#7386 = VECTOR('',#7387,1.);
#7387 = DIRECTION('',(1.,0.));
#7388 = ( GEOMETRIC_REPRESENTATION_CONTEXT(2)
PARAMETRIC_REPRESENTATION_CONTEXT() REPRESENTATION_CONTEXT('2D SPACE',''
  ) );
#7389 = ORIENTED_EDGE('',*,*,#7390,.T.);
#7390 = EDGE_CURVE('',#7363,#4984,#7391,.T.);
#7391 = SURFACE_CURVE('',#7392,(#7396,#7403),.PCURVE_S1.);
#7392 = LINE('',#7393,#7394);
#7393 = CARTESIAN_POINT('',(-1.,77.,118.5));
#7394 = VECTOR('',#7395,1.);
#7395 = DIRECTION('',(1.,0.,-0.));
#7396 = PCURVE('',#5020,#7397);
#7397 = DEFINITIONAL_REPRESENTATION('',(#7398),#7402);
#7398 = LINE('',#7399,#7400);
#7399 = CARTESIAN_POINT('',(20.,0.));
#7400 = VECTOR('',#7401,1.);
#7401 = DIRECTION('',(0.,1.));
#7402 = ( GEOMETRIC_REPRESENTATION_CONTEXT(2)
PARAMETRIC_REPRESENTATION_CONTEXT() REPRESENTATION_CONTEXT('2D SPACE',''
  ) );
#7403 = PCURVE('',#5106,#7404);
#7404 = DEFINITIONAL_REPRESENTATION('',(#7405),#7409);
#7405 = LINE('',#7406,#7407);
#7406 = CARTESIAN_POINT('',(0.,28.));
#7407 = VECTOR('',#7408,1.);
#7408 = DIRECTION('',(1.,0.));
#7409 = ( GEOMETRIC_REPRESENTATION_CONTEXT(2)
PARAMETRIC_REPRESENTATION_CONTEXT() REPRESENTATION_CONTEXT('2D SPACE',''
  ) );
#7410 = ORIENTED_EDGE('',*,*,#5006,.F.);
#7411 = ADVANCED_FACE('',(#7412),#5074,.T.);
#7412 = FACE_BOUND('',#7413,.T.);
#7413 = EDGE_LOOP('',(#7414,#7415,#7443,#7464));
#7414 = ORIENTED_EDGE('',*,*,#7336,.F.);
#7415 = ORIENTED_EDGE('',*,*,#7416,.T.);
#7416 = EDGE_CURVE('',#7309,#7417,#7419,.T.);
#7417 = VERTEX_POINT('',#7418);
#7418 = CARTESIAN_POINT('',(0.3,49.,118.5));
#7419 = SURFACE_CURVE('',#7420,(#7424,#7431),.PCURVE_S1.);
#7420 = LINE('',#7421,#7422);
#7421 = CARTESIAN_POINT('',(0.3,49.,98.5));
#7422 = VECTOR('',#7423,1.);
#7423 = DIRECTION('',(0.,0.,1.));
#7424 = PCURVE('',#5074,#7425);
#7425 = DEFINITIONAL_REPRESENTATION('',(#7426),#7430);
#7426 = LINE('',#7427,#7428);
#7427 = CARTESIAN_POINT('',(0.,1.3));
#7428 = VECTOR('',#7429,1.);
#7429 = DIRECTION('',(1.,0.));
#7430 = ( GEOMETRIC_REPRESENTATION_CONTEXT(2)
PARAMETRIC_REPRESENTATION_CONTEXT() REPRESENTATION_CONTEXT('2D SPACE',''
  ) );
#7431 = PCURVE('',#7432,#7437);
#7432 = PLANE('',#7433);
#7433 = AXIS2_PLACEMENT_3D('',#7434,#7435,#7436);
#7434 = CARTESIAN_POINT('',(0.15,48.85,98.5));
#7435 = DIRECTION('',(0.707106781187,-0.707106781187,-3.472568050348E-18
    ));
#7436 = DIRECTION('',(2.455476416532E-18,-2.455476416533E-18,1.));
#7437 = DEFINITIONAL_REPRESENTATION('',(#7438),#7442);
#7438 = LINE('',#7439,#7440);
#7439 = CARTESIAN_POINT('',(0.,-0.212132034356));
#7440 = VECTOR('',#7441,1.);
#7441 = DIRECTION('',(1.,0.));
#7442 = ( GEOMETRIC_REPRESENTATION_CONTEXT(2)
PARAMETRIC_REPRESENTATION_CONTEXT() REPRESENTATION_CONTEXT('2D SPACE',''
  ) );
#7443 = ORIENTED_EDGE('',*,*,#7444,.T.);
#7444 = EDGE_CURVE('',#7417,#5038,#7445,.T.);
#7445 = SURFACE_CURVE('',#7446,(#7450,#7457),.PCURVE_S1.);
#7446 = LINE('',#7447,#7448);
#7447 = CARTESIAN_POINT('',(-1.,49.,118.5));
#7448 = VECTOR('',#7449,1.);
#7449 = DIRECTION('',(1.,0.,-0.));
#7450 = PCURVE('',#5074,#7451);
#7451 = DEFINITIONAL_REPRESENTATION('',(#7452),#7456);
#7452 = LINE('',#7453,#7454);
#7453 = CARTESIAN_POINT('',(20.,0.));
#7454 = VECTOR('',#7455,1.);
#7455 = DIRECTION('',(0.,1.));
#7456 = ( GEOMETRIC_REPRESENTATION_CONTEXT(2)
PARAMETRIC_REPRESENTATION_CONTEXT() REPRESENTATION_CONTEXT('2D SPACE',''
  ) );
#7457 = PCURVE('',#5106,#7458);
#7458 = DEFINITIONAL_REPRESENTATION('',(#7459),#7463);
#7459 = LINE('',#7460,#7461);
#7460 = CARTESIAN_POINT('',(0.,0.));
#7461 = VECTOR('',#7462,1.);
#7462 = DIRECTION('',(1.,0.));
#7463 = ( GEOMETRIC_REPRESENTATION_CONTEXT(2)
PARAMETRIC_REPRESENTATION_CONTEXT() REPRESENTATION_CONTEXT('2D SPACE',''
  ) );
#7464 = ORIENTED_EDGE('',*,*,#5060,.F.);
#7465 = ADVANCED_FACE('',(#7466),#5106,.F.);
#7466 = FACE_BOUND('',#7467,.F.);
#7467 = EDGE_LOOP('',(#7468,#7469,#7495,#7496));
#7468 = ORIENTED_EDGE('',*,*,#7390,.F.);
#7469 = ORIENTED_EDGE('',*,*,#7470,.T.);
#7470 = EDGE_CURVE('',#7363,#7417,#7471,.T.);
#7471 = SURFACE_CURVE('',#7472,(#7476,#7483),.PCURVE_S1.);
#7472 = LINE('',#7473,#7474);
#7473 = CARTESIAN_POINT('',(0.3,77.,118.5));
#7474 = VECTOR('',#7475,1.);
#7475 = DIRECTION('',(0.,-1.,0.));
#7476 = PCURVE('',#5106,#7477);
#7477 = DEFINITIONAL_REPRESENTATION('',(#7478),#7482);
#7478 = LINE('',#7479,#7480);
#7479 = CARTESIAN_POINT('',(1.3,28.));
#7480 = VECTOR('',#7481,1.);
#7481 = DIRECTION('',(0.,-1.));
#7482 = ( GEOMETRIC_REPRESENTATION_CONTEXT(2)
PARAMETRIC_REPRESENTATION_CONTEXT() REPRESENTATION_CONTEXT('2D SPACE',''
  ) );
#7483 = PCURVE('',#7484,#7489);
#7484 = PLANE('',#7485);
#7485 = AXIS2_PLACEMENT_3D('',#7486,#7487,#7488);
#7486 = CARTESIAN_POINT('',(0.15,77.,118.65));
#7487 = DIRECTION('',(-0.707106781187,3.472568050348E-18,-0.707106781187
    ));
#7488 = DIRECTION('',(-2.455476416532E-18,-1.,-2.455476416533E-18));
#7489 = DEFINITIONAL_REPRESENTATION('',(#7490),#7494);
#7490 = LINE('',#7491,#7492);
#7491 = CARTESIAN_POINT('',(0.,-0.212132034356));
#7492 = VECTOR('',#7493,1.);
#7493 = DIRECTION('',(1.,0.));
#7494 = ( GEOMETRIC_REPRESENTATION_CONTEXT(2)
PARAMETRIC_REPRESENTATION_CONTEXT() REPRESENTATION_CONTEXT('2D SPACE',''
  ) );
#7495 = ORIENTED_EDGE('',*,*,#7444,.T.);
#7496 = ORIENTED_EDGE('',*,*,#5092,.F.);
#7497 = ADVANCED_FACE('',(#7498,#7728,#7759,#7790,#7822,#7853),#5139,.T.
  );
#7498 = FACE_BOUND('',#7499,.T.);
#7499 = EDGE_LOOP('',(#7500,#7531,#7559,#7588,#7616,#7645,#7673,#7702));
#7500 = ORIENTED_EDGE('',*,*,#7501,.T.);
#7501 = EDGE_CURVE('',#7502,#7504,#7506,.T.);
#7502 = VERTEX_POINT('',#7503);
#7503 = CARTESIAN_POINT('',(95.5,93.,158.));
#7504 = VERTEX_POINT('',#7505);
#7505 = CARTESIAN_POINT('',(89.,99.5,158.));
#7506 = SURFACE_CURVE('',#7507,(#7512,#7519),.PCURVE_S1.);
#7507 = CIRCLE('',#7508,6.5);
#7508 = AXIS2_PLACEMENT_3D('',#7509,#7510,#7511);
#7509 = CARTESIAN_POINT('',(89.,93.,158.));
#7510 = DIRECTION('',(0.,0.,1.));
#7511 = DIRECTION('',(1.,0.,-0.));
#7512 = PCURVE('',#5139,#7513);
#7513 = DEFINITIONAL_REPRESENTATION('',(#7514),#7518);
#7514 = CIRCLE('',#7515,6.5);
#7515 = AXIS2_PLACEMENT_2D('',#7516,#7517);
#7516 = CARTESIAN_POINT('',(89.,93.));
#7517 = DIRECTION('',(1.,0.));
#7518 = ( GEOMETRIC_REPRESENTATION_CONTEXT(2)
PARAMETRIC_REPRESENTATION_CONTEXT() REPRESENTATION_CONTEXT('2D SPACE',''
  ) );
#7519 = PCURVE('',#7520,#7525);
#7520 = TOROIDAL_SURFACE('',#7521,6.5,0.5);
#7521 = AXIS2_PLACEMENT_3D('',#7522,#7523,#7524);
#7522 = CARTESIAN_POINT('',(89.,93.,157.5));
#7523 = DIRECTION('',(-0.,-0.,-1.));
#7524 = DIRECTION('',(1.,0.,0.));
#7525 = DEFINITIONAL_REPRESENTATION('',(#7526),#7530);
#7526 = LINE('',#7527,#7528);
#7527 = CARTESIAN_POINT('',(-0.,4.712388980385));
#7528 = VECTOR('',#7529,1.);
#7529 = DIRECTION('',(-1.,0.));
#7530 = ( GEOMETRIC_REPRESENTATION_CONTEXT(2)
PARAMETRIC_REPRESENTATION_CONTEXT() REPRESENTATION_CONTEXT('2D SPACE',''
  ) );
#7531 = ORIENTED_EDGE('',*,*,#7532,.T.);
#7532 = EDGE_CURVE('',#7504,#7533,#7535,.T.);
#7533 = VERTEX_POINT('',#7534);
#7534 = CARTESIAN_POINT('',(7.,99.5,158.));
#7535 = SURFACE_CURVE('',#7536,(#7540,#7547),.PCURVE_S1.);
#7536 = LINE('',#7537,#7538);
#7537 = CARTESIAN_POINT('',(89.,99.5,158.));
#7538 = VECTOR('',#7539,1.);
#7539 = DIRECTION('',(-1.,-0.,0.));
#7540 = PCURVE('',#5139,#7541);
#7541 = DEFINITIONAL_REPRESENTATION('',(#7542),#7546);
#7542 = LINE('',#7543,#7544);
#7543 = CARTESIAN_POINT('',(89.,99.5));
#7544 = VECTOR('',#7545,1.);
#7545 = DIRECTION('',(-1.,0.));
#7546 = ( GEOMETRIC_REPRESENTATION_CONTEXT(2)
PARAMETRIC_REPRESENTATION_CONTEXT() REPRESENTATION_CONTEXT('2D SPACE',''
  ) );
#7547 = PCURVE('',#7548,#7553);
#7548 = CYLINDRICAL_SURFACE('',#7549,0.5);
#7549 = AXIS2_PLACEMENT_3D('',#7550,#7551,#7552);
#7550 = CARTESIAN_POINT('',(89.,99.5,157.5));
#7551 = DIRECTION('',(-1.,-0.,0.));
#7552 = DIRECTION('',(0.,0.,1.));
#7553 = DEFINITIONAL_REPRESENTATION('',(#7554),#7558);
#7554 = LINE('',#7555,#7556);
#7555 = CARTESIAN_POINT('',(0.,0.));
#7556 = VECTOR('',#7557,1.);
#7557 = DIRECTION('',(0.,1.));
#7558 = ( GEOMETRIC_REPRESENTATION_CONTEXT(2)
PARAMETRIC_REPRESENTATION_CONTEXT() REPRESENTATION_CONTEXT('2D SPACE',''
  ) );
#7559 = ORIENTED_EDGE('',*,*,#7560,.T.);
#7560 = EDGE_CURVE('',#7533,#7561,#7563,.T.);
#7561 = VERTEX_POINT('',#7562);
#7562 = CARTESIAN_POINT('',(0.5,93.,158.));
#7563 = SURFACE_CURVE('',#7564,(#7569,#7576),.PCURVE_S1.);
#7564 = CIRCLE('',#7565,6.5);
#7565 = AXIS2_PLACEMENT_3D('',#7566,#7567,#7568);
#7566 = CARTESIAN_POINT('',(7.,93.,158.));
#7567 = DIRECTION('',(0.,0.,1.));
#7568 = DIRECTION('',(-1.268826313857E-16,1.,0.));
#7569 = PCURVE('',#5139,#7570);
#7570 = DEFINITIONAL_REPRESENTATION('',(#7571),#7575);
#7571 = CIRCLE('',#7572,6.5);
#7572 = AXIS2_PLACEMENT_2D('',#7573,#7574);
#7573 = CARTESIAN_POINT('',(7.,93.));
#7574 = DIRECTION('',(-1.268826313857E-16,1.));
#7575 = ( GEOMETRIC_REPRESENTATION_CONTEXT(2)
PARAMETRIC_REPRESENTATION_CONTEXT() REPRESENTATION_CONTEXT('2D SPACE',''
  ) );
#7576 = PCURVE('',#7577,#7582);
#7577 = TOROIDAL_SURFACE('',#7578,6.5,0.5);
#7578 = AXIS2_PLACEMENT_3D('',#7579,#7580,#7581);
#7579 = CARTESIAN_POINT('',(7.,93.,157.5));
#7580 = DIRECTION('',(-0.,-0.,-1.));
#7581 = DIRECTION('',(-1.268826313857E-16,1.,0.));
#7582 = DEFINITIONAL_REPRESENTATION('',(#7583),#7587);
#7583 = LINE('',#7584,#7585);
#7584 = CARTESIAN_POINT('',(-0.,4.712388980385));
#7585 = VECTOR('',#7586,1.);
#7586 = DIRECTION('',(-1.,0.));
#7587 = ( GEOMETRIC_REPRESENTATION_CONTEXT(2)
PARAMETRIC_REPRESENTATION_CONTEXT() REPRESENTATION_CONTEXT('2D SPACE',''
  ) );
#7588 = ORIENTED_EDGE('',*,*,#7589,.T.);
#7589 = EDGE_CURVE('',#7561,#7590,#7592,.T.);
#7590 = VERTEX_POINT('',#7591);
#7591 = CARTESIAN_POINT('',(0.5,7.,158.));
#7592 = SURFACE_CURVE('',#7593,(#7597,#7604),.PCURVE_S1.);
#7593 = LINE('',#7594,#7595);
#7594 = CARTESIAN_POINT('',(0.5,93.,158.));
#7595 = VECTOR('',#7596,1.);
#7596 = DIRECTION('',(0.,-1.,-0.));
#7597 = PCURVE('',#5139,#7598);
#7598 = DEFINITIONAL_REPRESENTATION('',(#7599),#7603);
#7599 = LINE('',#7600,#7601);
#7600 = CARTESIAN_POINT('',(0.5,93.));
#7601 = VECTOR('',#7602,1.);
#7602 = DIRECTION('',(0.,-1.));
#7603 = ( GEOMETRIC_REPRESENTATION_CONTEXT(2)
PARAMETRIC_REPRESENTATION_CONTEXT() REPRESENTATION_CONTEXT('2D SPACE',''
  ) );
#7604 = PCURVE('',#7605,#7610);
#7605 = CYLINDRICAL_SURFACE('',#7606,0.5);
#7606 = AXIS2_PLACEMENT_3D('',#7607,#7608,#7609);
#7607 = CARTESIAN_POINT('',(0.5,93.,157.5));
#7608 = DIRECTION('',(0.,-1.,-0.));
#7609 = DIRECTION('',(0.,0.,1.));
#7610 = DEFINITIONAL_REPRESENTATION('',(#7611),#7615);
#7611 = LINE('',#7612,#7613);
#7612 = CARTESIAN_POINT('',(0.,0.));
#7613 = VECTOR('',#7614,1.);
#7614 = DIRECTION('',(0.,1.));
#7615 = ( GEOMETRIC_REPRESENTATION_CONTEXT(2)
PARAMETRIC_REPRESENTATION_CONTEXT() REPRESENTATION_CONTEXT('2D SPACE',''
  ) );
#7616 = ORIENTED_EDGE('',*,*,#7617,.T.);
#7617 = EDGE_CURVE('',#7590,#7618,#7620,.T.);
#7618 = VERTEX_POINT('',#7619);
#7619 = CARTESIAN_POINT('',(7.,0.5,158.));
#7620 = SURFACE_CURVE('',#7621,(#7626,#7633),.PCURVE_S1.);
#7621 = CIRCLE('',#7622,6.5);
#7622 = AXIS2_PLACEMENT_3D('',#7623,#7624,#7625);
#7623 = CARTESIAN_POINT('',(7.,7.,158.));
#7624 = DIRECTION('',(0.,0.,1.));
#7625 = DIRECTION('',(-1.,0.,0.));
#7626 = PCURVE('',#5139,#7627);
#7627 = DEFINITIONAL_REPRESENTATION('',(#7628),#7632);
#7628 = CIRCLE('',#7629,6.5);
#7629 = AXIS2_PLACEMENT_2D('',#7630,#7631);
#7630 = CARTESIAN_POINT('',(7.,7.));
#7631 = DIRECTION('',(-1.,0.));
#7632 = ( GEOMETRIC_REPRESENTATION_CONTEXT(2)
PARAMETRIC_REPRESENTATION_CONTEXT() REPRESENTATION_CONTEXT('2D SPACE',''
  ) );
#7633 = PCURVE('',#7634,#7639);
#7634 = TOROIDAL_SURFACE('',#7635,6.5,0.5);
#7635 = AXIS2_PLACEMENT_3D('',#7636,#7637,#7638);
#7636 = CARTESIAN_POINT('',(7.,7.,157.5));
#7637 = DIRECTION('',(-0.,-0.,-1.));
#7638 = DIRECTION('',(-1.,0.,0.));
#7639 = DEFINITIONAL_REPRESENTATION('',(#7640),#7644);
#7640 = LINE('',#7641,#7642);
#7641 = CARTESIAN_POINT('',(-0.,4.712388980385));
#7642 = VECTOR('',#7643,1.);
#7643 = DIRECTION('',(-1.,0.));
#7644 = ( GEOMETRIC_REPRESENTATION_CONTEXT(2)
PARAMETRIC_REPRESENTATION_CONTEXT() REPRESENTATION_CONTEXT('2D SPACE',''
  ) );
#7645 = ORIENTED_EDGE('',*,*,#7646,.T.);
#7646 = EDGE_CURVE('',#7618,#7647,#7649,.T.);
#7647 = VERTEX_POINT('',#7648);
#7648 = CARTESIAN_POINT('',(89.,0.5,158.));
#7649 = SURFACE_CURVE('',#7650,(#7654,#7661),.PCURVE_S1.);
#7650 = LINE('',#7651,#7652);
#7651 = CARTESIAN_POINT('',(7.,0.5,158.));
#7652 = VECTOR('',#7653,1.);
#7653 = DIRECTION('',(1.,0.,-0.));
#7654 = PCURVE('',#5139,#7655);
#7655 = DEFINITIONAL_REPRESENTATION('',(#7656),#7660);
#7656 = LINE('',#7657,#7658);
#7657 = CARTESIAN_POINT('',(7.,0.5));
#7658 = VECTOR('',#7659,1.);
#7659 = DIRECTION('',(1.,0.));
#7660 = ( GEOMETRIC_REPRESENTATION_CONTEXT(2)
PARAMETRIC_REPRESENTATION_CONTEXT() REPRESENTATION_CONTEXT('2D SPACE',''
  ) );
#7661 = PCURVE('',#7662,#7667);
#7662 = CYLINDRICAL_SURFACE('',#7663,0.5);
#7663 = AXIS2_PLACEMENT_3D('',#7664,#7665,#7666);
#7664 = CARTESIAN_POINT('',(7.,0.5,157.5));
#7665 = DIRECTION('',(1.,0.,-0.));
#7666 = DIRECTION('',(0.,0.,1.));
#7667 = DEFINITIONAL_REPRESENTATION('',(#7668),#7672);
#7668 = LINE('',#7669,#7670);
#7669 = CARTESIAN_POINT('',(0.,0.));
#7670 = VECTOR('',#7671,1.);
#7671 = DIRECTION('',(0.,1.));
#7672 = ( GEOMETRIC_REPRESENTATION_CONTEXT(2)
PARAMETRIC_REPRESENTATION_CONTEXT() REPRESENTATION_CONTEXT('2D SPACE',''
  ) );
#7673 = ORIENTED_EDGE('',*,*,#7674,.T.);
#7674 = EDGE_CURVE('',#7647,#7675,#7677,.T.);
#7675 = VERTEX_POINT('',#7676);
#7676 = CARTESIAN_POINT('',(95.5,7.,158.));
#7677 = SURFACE_CURVE('',#7678,(#7683,#7690),.PCURVE_S1.);
#7678 = CIRCLE('',#7679,6.5);
#7679 = AXIS2_PLACEMENT_3D('',#7680,#7681,#7682);
#7680 = CARTESIAN_POINT('',(89.,7.,158.));
#7681 = DIRECTION('',(0.,0.,1.));
#7682 = DIRECTION('',(0.,-1.,0.));
#7683 = PCURVE('',#5139,#7684);
#7684 = DEFINITIONAL_REPRESENTATION('',(#7685),#7689);
#7685 = CIRCLE('',#7686,6.5);
#7686 = AXIS2_PLACEMENT_2D('',#7687,#7688);
#7687 = CARTESIAN_POINT('',(89.,7.));
#7688 = DIRECTION('',(0.,-1.));
#7689 = ( GEOMETRIC_REPRESENTATION_CONTEXT(2)
PARAMETRIC_REPRESENTATION_CONTEXT() REPRESENTATION_CONTEXT('2D SPACE',''
  ) );
#7690 = PCURVE('',#7691,#7696);
#7691 = TOROIDAL_SURFACE('',#7692,6.5,0.5);
#7692 = AXIS2_PLACEMENT_3D('',#7693,#7694,#7695);
#7693 = CARTESIAN_POINT('',(89.,7.,157.5));
#7694 = DIRECTION('',(-0.,-0.,-1.));
#7695 = DIRECTION('',(0.,-1.,0.));
#7696 = DEFINITIONAL_REPRESENTATION('',(#7697),#7701);
#7697 = LINE('',#7698,#7699);
#7698 = CARTESIAN_POINT('',(-0.,4.712388980385));
#7699 = VECTOR('',#7700,1.);
#7700 = DIRECTION('',(-1.,0.));
#7701 = ( GEOMETRIC_REPRESENTATION_CONTEXT(2)
PARAMETRIC_REPRESENTATION_CONTEXT() REPRESENTATION_CONTEXT('2D SPACE',''
  ) );
#7702 = ORIENTED_EDGE('',*,*,#7703,.T.);
#7703 = EDGE_CURVE('',#7675,#7502,#7704,.T.);
#7704 = SURFACE_CURVE('',#7705,(#7709,#7716),.PCURVE_S1.);
#7705 = LINE('',#7706,#7707);
#7706 = CARTESIAN_POINT('',(95.5,7.,158.));
#7707 = VECTOR('',#7708,1.);
#7708 = DIRECTION('',(-0.,1.,0.));
#7709 = PCURVE('',#5139,#7710);
#7710 = DEFINITIONAL_REPRESENTATION('',(#7711),#7715);
#7711 = LINE('',#7712,#7713);
#7712 = CARTESIAN_POINT('',(95.5,7.));
#7713 = VECTOR('',#7714,1.);
#7714 = DIRECTION('',(0.,1.));
#7715 = ( GEOMETRIC_REPRESENTATION_CONTEXT(2)
PARAMETRIC_REPRESENTATION_CONTEXT() REPRESENTATION_CONTEXT('2D SPACE',''
  ) );
#7716 = PCURVE('',#7717,#7722);
#7717 = CYLINDRICAL_SURFACE('',#7718,0.5);
#7718 = AXIS2_PLACEMENT_3D('',#7719,#7720,#7721);
#7719 = CARTESIAN_POINT('',(95.5,7.,157.5));
#7720 = DIRECTION('',(-0.,1.,0.));
#7721 = DIRECTION('',(0.,0.,1.));
#7722 = DEFINITIONAL_REPRESENTATION('',(#7723),#7727);
#7723 = LINE('',#7724,#7725);
#7724 = CARTESIAN_POINT('',(0.,0.));
#7725 = VECTOR('',#7726,1.);
#7726 = DIRECTION('',(0.,1.));
#7727 = ( GEOMETRIC_REPRESENTATION_CONTEXT(2)
PARAMETRIC_REPRESENTATION_CONTEXT() REPRESENTATION_CONTEXT('2D SPACE',''
  ) );
#7728 = FACE_BOUND('',#7729,.T.);
#7729 = EDGE_LOOP('',(#7730));
#7730 = ORIENTED_EDGE('',*,*,#7731,.F.);
#7731 = EDGE_CURVE('',#7732,#7732,#7734,.T.);
#7732 = VERTEX_POINT('',#7733);
#7733 = CARTESIAN_POINT('',(4.9,15.,158.));
#7734 = SURFACE_CURVE('',#7735,(#7740,#7747),.PCURVE_S1.);
#7735 = CIRCLE('',#7736,1.4);
#7736 = AXIS2_PLACEMENT_3D('',#7737,#7738,#7739);
#7737 = CARTESIAN_POINT('',(3.5,15.,158.));
#7738 = DIRECTION('',(0.,0.,1.));
#7739 = DIRECTION('',(1.,0.,-0.));
#7740 = PCURVE('',#5139,#7741);
#7741 = DEFINITIONAL_REPRESENTATION('',(#7742),#7746);
#7742 = CIRCLE('',#7743,1.4);
#7743 = AXIS2_PLACEMENT_2D('',#7744,#7745);
#7744 = CARTESIAN_POINT('',(3.5,15.));
#7745 = DIRECTION('',(1.,0.));
#7746 = ( GEOMETRIC_REPRESENTATION_CONTEXT(2)
PARAMETRIC_REPRESENTATION_CONTEXT() REPRESENTATION_CONTEXT('2D SPACE',''
  ) );
#7747 = PCURVE('',#7748,#7753);
#7748 = CYLINDRICAL_SURFACE('',#7749,1.4);
#7749 = AXIS2_PLACEMENT_3D('',#7750,#7751,#7752);
#7750 = CARTESIAN_POINT('',(3.5,15.,151.));
#7751 = DIRECTION('',(0.,0.,1.));
#7752 = DIRECTION('',(1.,0.,-0.));
#7753 = DEFINITIONAL_REPRESENTATION('',(#7754),#7758);
#7754 = LINE('',#7755,#7756);
#7755 = CARTESIAN_POINT('',(0.,7.));
#7756 = VECTOR('',#7757,1.);
#7757 = DIRECTION('',(1.,0.));
#7758 = ( GEOMETRIC_REPRESENTATION_CONTEXT(2)
PARAMETRIC_REPRESENTATION_CONTEXT() REPRESENTATION_CONTEXT('2D SPACE',''
  ) );
#7759 = FACE_BOUND('',#7760,.T.);
#7760 = EDGE_LOOP('',(#7761));
#7761 = ORIENTED_EDGE('',*,*,#7762,.F.);
#7762 = EDGE_CURVE('',#7763,#7763,#7765,.T.);
#7763 = VERTEX_POINT('',#7764);
#7764 = CARTESIAN_POINT('',(93.9,15.,158.));
#7765 = SURFACE_CURVE('',#7766,(#7771,#7778),.PCURVE_S1.);
#7766 = CIRCLE('',#7767,1.4);
#7767 = AXIS2_PLACEMENT_3D('',#7768,#7769,#7770);
#7768 = CARTESIAN_POINT('',(92.5,15.,158.));
#7769 = DIRECTION('',(0.,0.,1.));
#7770 = DIRECTION('',(1.,0.,-0.));
#7771 = PCURVE('',#5139,#7772);
#7772 = DEFINITIONAL_REPRESENTATION('',(#7773),#7777);
#7773 = CIRCLE('',#7774,1.4);
#7774 = AXIS2_PLACEMENT_2D('',#7775,#7776);
#7775 = CARTESIAN_POINT('',(92.5,15.));
#7776 = DIRECTION('',(1.,0.));
#7777 = ( GEOMETRIC_REPRESENTATION_CONTEXT(2)
PARAMETRIC_REPRESENTATION_CONTEXT() REPRESENTATION_CONTEXT('2D SPACE',''
  ) );
#7778 = PCURVE('',#7779,#7784);
#7779 = CYLINDRICAL_SURFACE('',#7780,1.4);
#7780 = AXIS2_PLACEMENT_3D('',#7781,#7782,#7783);
#7781 = CARTESIAN_POINT('',(92.5,15.,151.));
#7782 = DIRECTION('',(0.,0.,1.));
#7783 = DIRECTION('',(1.,0.,-0.));
#7784 = DEFINITIONAL_REPRESENTATION('',(#7785),#7789);
#7785 = LINE('',#7786,#7787);
#7786 = CARTESIAN_POINT('',(0.,7.));
#7787 = VECTOR('',#7788,1.);
#7788 = DIRECTION('',(1.,0.));
#7789 = ( GEOMETRIC_REPRESENTATION_CONTEXT(2)
PARAMETRIC_REPRESENTATION_CONTEXT() REPRESENTATION_CONTEXT('2D SPACE',''
  ) );
#7790 = FACE_BOUND('',#7791,.T.);
#7791 = EDGE_LOOP('',(#7792,#7793,#7794,#7795,#7796,#7797,#7818,#7819,
    #7820,#7821));
#7792 = ORIENTED_EDGE('',*,*,#5380,.F.);
#7793 = ORIENTED_EDGE('',*,*,#7170,.F.);
#7794 = ORIENTED_EDGE('',*,*,#6464,.F.);
#7795 = ORIENTED_EDGE('',*,*,#6563,.F.);
#7796 = ORIENTED_EDGE('',*,*,#6681,.T.);
#7797 = ORIENTED_EDGE('',*,*,#7798,.F.);
#7798 = EDGE_CURVE('',#6927,#6682,#7799,.T.);
#7799 = SURFACE_CURVE('',#7800,(#7804,#7811),.PCURVE_S1.);
#7800 = LINE('',#7801,#7802);
#7801 = CARTESIAN_POINT('',(8.,7.5,158.));
#7802 = VECTOR('',#7803,1.);
#7803 = DIRECTION('',(1.,0.,-0.));
#7804 = PCURVE('',#5139,#7805);
#7805 = DEFINITIONAL_REPRESENTATION('',(#7806),#7810);
#7806 = LINE('',#7807,#7808);
#7807 = CARTESIAN_POINT('',(8.,7.5));
#7808 = VECTOR('',#7809,1.);
#7809 = DIRECTION('',(1.,0.));
#7810 = ( GEOMETRIC_REPRESENTATION_CONTEXT(2)
PARAMETRIC_REPRESENTATION_CONTEXT() REPRESENTATION_CONTEXT('2D SPACE',''
  ) );
#7811 = PCURVE('',#6635,#7812);
#7812 = DEFINITIONAL_REPRESENTATION('',(#7813),#7817);
#7813 = LINE('',#7814,#7815);
#7814 = CARTESIAN_POINT('',(-0.,0.));
#7815 = VECTOR('',#7816,1.);
#7816 = DIRECTION('',(-0.,1.));
#7817 = ( GEOMETRIC_REPRESENTATION_CONTEXT(2)
PARAMETRIC_REPRESENTATION_CONTEXT() REPRESENTATION_CONTEXT('2D SPACE',''
  ) );
#7818 = ORIENTED_EDGE('',*,*,#6926,.F.);
#7819 = ORIENTED_EDGE('',*,*,#5226,.T.);
#7820 = ORIENTED_EDGE('',*,*,#5121,.F.);
#7821 = ORIENTED_EDGE('',*,*,#5275,.F.);
#7822 = FACE_BOUND('',#7823,.T.);
#7823 = EDGE_LOOP('',(#7824));
#7824 = ORIENTED_EDGE('',*,*,#7825,.F.);
#7825 = EDGE_CURVE('',#7826,#7826,#7828,.T.);
#7826 = VERTEX_POINT('',#7827);
#7827 = CARTESIAN_POINT('',(4.9,85.,158.));
#7828 = SURFACE_CURVE('',#7829,(#7834,#7841),.PCURVE_S1.);
#7829 = CIRCLE('',#7830,1.4);
#7830 = AXIS2_PLACEMENT_3D('',#7831,#7832,#7833);
#7831 = CARTESIAN_POINT('',(3.5,85.,158.));
#7832 = DIRECTION('',(0.,0.,1.));
#7833 = DIRECTION('',(1.,0.,-0.));
#7834 = PCURVE('',#5139,#7835);
#7835 = DEFINITIONAL_REPRESENTATION('',(#7836),#7840);
#7836 = CIRCLE('',#7837,1.4);
#7837 = AXIS2_PLACEMENT_2D('',#7838,#7839);
#7838 = CARTESIAN_POINT('',(3.5,85.));
#7839 = DIRECTION('',(1.,0.));
#7840 = ( GEOMETRIC_REPRESENTATION_CONTEXT(2)
PARAMETRIC_REPRESENTATION_CONTEXT() REPRESENTATION_CONTEXT('2D SPACE',''
  ) );
#7841 = PCURVE('',#7842,#7847);
#7842 = CYLINDRICAL_SURFACE('',#7843,1.4);
#7843 = AXIS2_PLACEMENT_3D('',#7844,#7845,#7846);
#7844 = CARTESIAN_POINT('',(3.5,85.,151.));
#7845 = DIRECTION('',(0.,0.,1.));
#7846 = DIRECTION('',(1.,0.,-0.));
#7847 = DEFINITIONAL_REPRESENTATION('',(#7848),#7852);
#7848 = LINE('',#7849,#7850);
#7849 = CARTESIAN_POINT('',(0.,7.));
#7850 = VECTOR('',#7851,1.);
#7851 = DIRECTION('',(1.,0.));
#7852 = ( GEOMETRIC_REPRESENTATION_CONTEXT(2)
PARAMETRIC_REPRESENTATION_CONTEXT() REPRESENTATION_CONTEXT('2D SPACE',''
  ) );
#7853 = FACE_BOUND('',#7854,.T.);
#7854 = EDGE_LOOP('',(#7855));
#7855 = ORIENTED_EDGE('',*,*,#7856,.F.);
#7856 = EDGE_CURVE('',#7857,#7857,#7859,.T.);
#7857 = VERTEX_POINT('',#7858);
#7858 = CARTESIAN_POINT('',(93.9,85.,158.));
#7859 = SURFACE_CURVE('',#7860,(#7865,#7872),.PCURVE_S1.);
#7860 = CIRCLE('',#7861,1.4);
#7861 = AXIS2_PLACEMENT_3D('',#7862,#7863,#7864);
#7862 = CARTESIAN_POINT('',(92.5,85.,158.));
#7863 = DIRECTION('',(0.,0.,1.));
#7864 = DIRECTION('',(1.,0.,-0.));
#7865 = PCURVE('',#5139,#7866);
#7866 = DEFINITIONAL_REPRESENTATION('',(#7867),#7871);
#7867 = CIRCLE('',#7868,1.4);
#7868 = AXIS2_PLACEMENT_2D('',#7869,#7870);
#7869 = CARTESIAN_POINT('',(92.5,85.));
#7870 = DIRECTION('',(1.,0.));
#7871 = ( GEOMETRIC_REPRESENTATION_CONTEXT(2)
PARAMETRIC_REPRESENTATION_CONTEXT() REPRESENTATION_CONTEXT('2D SPACE',''
  ) );
#7872 = PCURVE('',#7873,#7878);
#7873 = CYLINDRICAL_SURFACE('',#7874,1.4);
#7874 = AXIS2_PLACEMENT_3D('',#7875,#7876,#7877);
#7875 = CARTESIAN_POINT('',(92.5,85.,151.));
#7876 = DIRECTION('',(0.,0.,1.));
#7877 = DIRECTION('',(1.,0.,-0.));
#7878 = DEFINITIONAL_REPRESENTATION('',(#7879),#7883);
#7879 = LINE('',#7880,#7881);
#7880 = CARTESIAN_POINT('',(0.,7.));
#7881 = VECTOR('',#7882,1.);
#7882 = DIRECTION('',(1.,0.));
#7883 = ( GEOMETRIC_REPRESENTATION_CONTEXT(2)
PARAMETRIC_REPRESENTATION_CONTEXT() REPRESENTATION_CONTEXT('2D SPACE',''
  ) );
#7884 = ADVANCED_FACE('',(#7885),#5341,.T.);
#7885 = FACE_BOUND('',#7886,.T.);
#7886 = EDGE_LOOP('',(#7887,#7910,#7937,#7938));
#7887 = ORIENTED_EDGE('',*,*,#7888,.F.);
#7888 = EDGE_CURVE('',#7889,#5303,#7891,.T.);
#7889 = VERTEX_POINT('',#7890);
#7890 = CARTESIAN_POINT('',(76.5,76.3,142.5));
#7891 = SEAM_CURVE('',#7892,(#7896,#7903),.PCURVE_S1.);
#7892 = LINE('',#7893,#7894);
#7893 = CARTESIAN_POINT('',(76.5,76.,142.5));
#7894 = VECTOR('',#7895,1.);
#7895 = DIRECTION('',(0.,1.,0.));
#7896 = PCURVE('',#5341,#7897);
#7897 = DEFINITIONAL_REPRESENTATION('',(#7898),#7902);
#7898 = LINE('',#7899,#7900);
#7899 = CARTESIAN_POINT('',(0.,-0.));
#7900 = VECTOR('',#7901,1.);
#7901 = DIRECTION('',(0.,1.));
#7902 = ( GEOMETRIC_REPRESENTATION_CONTEXT(2)
PARAMETRIC_REPRESENTATION_CONTEXT() REPRESENTATION_CONTEXT('2D SPACE',''
  ) );
#7903 = PCURVE('',#5341,#7904);
#7904 = DEFINITIONAL_REPRESENTATION('',(#7905),#7909);
#7905 = LINE('',#7906,#7907);
#7906 = CARTESIAN_POINT('',(6.28318530718,-0.));
#7907 = VECTOR('',#7908,1.);
#7908 = DIRECTION('',(0.,1.));
#7909 = ( GEOMETRIC_REPRESENTATION_CONTEXT(2)
PARAMETRIC_REPRESENTATION_CONTEXT() REPRESENTATION_CONTEXT('2D SPACE',''
  ) );
#7910 = ORIENTED_EDGE('',*,*,#7911,.T.);
#7911 = EDGE_CURVE('',#7889,#7889,#7912,.T.);
#7912 = SURFACE_CURVE('',#7913,(#7918,#7925),.PCURVE_S1.);
#7913 = CIRCLE('',#7914,4.);
#7914 = AXIS2_PLACEMENT_3D('',#7915,#7916,#7917);
#7915 = CARTESIAN_POINT('',(76.5,76.3,138.5));
#7916 = DIRECTION('',(0.,1.,0.));
#7917 = DIRECTION('',(0.,-0.,1.));
#7918 = PCURVE('',#5341,#7919);
#7919 = DEFINITIONAL_REPRESENTATION('',(#7920),#7924);
#7920 = LINE('',#7921,#7922);
#7921 = CARTESIAN_POINT('',(0.,0.3));
#7922 = VECTOR('',#7923,1.);
#7923 = DIRECTION('',(1.,0.));
#7924 = ( GEOMETRIC_REPRESENTATION_CONTEXT(2)
PARAMETRIC_REPRESENTATION_CONTEXT() REPRESENTATION_CONTEXT('2D SPACE',''
  ) );
#7925 = PCURVE('',#7926,#7931);
#7926 = CONICAL_SURFACE('',#7927,4.,0.785398163397);
#7927 = AXIS2_PLACEMENT_3D('',#7928,#7929,#7930);
#7928 = CARTESIAN_POINT('',(76.5,76.3,138.5));
#7929 = DIRECTION('',(0.,1.,0.));
#7930 = DIRECTION('',(0.,-0.,1.));
#7931 = DEFINITIONAL_REPRESENTATION('',(#7932),#7936);
#7932 = LINE('',#7933,#7934);
#7933 = CARTESIAN_POINT('',(0.,-0.));
#7934 = VECTOR('',#7935,1.);
#7935 = DIRECTION('',(1.,-0.));
#7936 = ( GEOMETRIC_REPRESENTATION_CONTEXT(2)
PARAMETRIC_REPRESENTATION_CONTEXT() REPRESENTATION_CONTEXT('2D SPACE',''
  ) );
#7937 = ORIENTED_EDGE('',*,*,#7888,.T.);
#7938 = ORIENTED_EDGE('',*,*,#5326,.F.);
#7939 = ADVANCED_FACE('',(#7940),#5443,.T.);
#7940 = FACE_BOUND('',#7941,.T.);
#7941 = EDGE_LOOP('',(#7942,#7965,#7992,#7993));
#7942 = ORIENTED_EDGE('',*,*,#7943,.F.);
#7943 = EDGE_CURVE('',#7944,#5405,#7946,.T.);
#7944 = VERTEX_POINT('',#7945);
#7945 = CARTESIAN_POINT('',(19.5,76.3,82.5));
#7946 = SEAM_CURVE('',#7947,(#7951,#7958),.PCURVE_S1.);
#7947 = LINE('',#7948,#7949);
#7948 = CARTESIAN_POINT('',(19.5,76.,82.5));
#7949 = VECTOR('',#7950,1.);
#7950 = DIRECTION('',(0.,1.,0.));
#7951 = PCURVE('',#5443,#7952);
#7952 = DEFINITIONAL_REPRESENTATION('',(#7953),#7957);
#7953 = LINE('',#7954,#7955);
#7954 = CARTESIAN_POINT('',(0.,-0.));
#7955 = VECTOR('',#7956,1.);
#7956 = DIRECTION('',(0.,1.));
#7957 = ( GEOMETRIC_REPRESENTATION_CONTEXT(2)
PARAMETRIC_REPRESENTATION_CONTEXT() REPRESENTATION_CONTEXT('2D SPACE',''
  ) );
#7958 = PCURVE('',#5443,#7959);
#7959 = DEFINITIONAL_REPRESENTATION('',(#7960),#7964);
#7960 = LINE('',#7961,#7962);
#7961 = CARTESIAN_POINT('',(6.28318530718,-0.));
#7962 = VECTOR('',#7963,1.);
#7963 = DIRECTION('',(0.,1.));
#7964 = ( GEOMETRIC_REPRESENTATION_CONTEXT(2)
PARAMETRIC_REPRESENTATION_CONTEXT() REPRESENTATION_CONTEXT('2D SPACE',''
  ) );
#7965 = ORIENTED_EDGE('',*,*,#7966,.T.);
#7966 = EDGE_CURVE('',#7944,#7944,#7967,.T.);
#7967 = SURFACE_CURVE('',#7968,(#7973,#7980),.PCURVE_S1.);
#7968 = CIRCLE('',#7969,4.);
#7969 = AXIS2_PLACEMENT_3D('',#7970,#7971,#7972);
#7970 = CARTESIAN_POINT('',(19.5,76.3,78.5));
#7971 = DIRECTION('',(0.,1.,0.));
#7972 = DIRECTION('',(0.,-0.,1.));
#7973 = PCURVE('',#5443,#7974);
#7974 = DEFINITIONAL_REPRESENTATION('',(#7975),#7979);
#7975 = LINE('',#7976,#7977);
#7976 = CARTESIAN_POINT('',(0.,0.3));
#7977 = VECTOR('',#7978,1.);
#7978 = DIRECTION('',(1.,0.));
#7979 = ( GEOMETRIC_REPRESENTATION_CONTEXT(2)
PARAMETRIC_REPRESENTATION_CONTEXT() REPRESENTATION_CONTEXT('2D SPACE',''
  ) );
#7980 = PCURVE('',#7981,#7986);
#7981 = CONICAL_SURFACE('',#7982,4.,0.785398163397);
#7982 = AXIS2_PLACEMENT_3D('',#7983,#7984,#7985);
#7983 = CARTESIAN_POINT('',(19.5,76.3,78.5));
#7984 = DIRECTION('',(0.,1.,0.));
#7985 = DIRECTION('',(0.,-0.,1.));
#7986 = DEFINITIONAL_REPRESENTATION('',(#7987),#7991);
#7987 = LINE('',#7988,#7989);
#7988 = CARTESIAN_POINT('',(0.,-0.));
#7989 = VECTOR('',#7990,1.);
#7990 = DIRECTION('',(1.,-0.));
#7991 = ( GEOMETRIC_REPRESENTATION_CONTEXT(2)
PARAMETRIC_REPRESENTATION_CONTEXT() REPRESENTATION_CONTEXT('2D SPACE',''
  ) );
#7992 = ORIENTED_EDGE('',*,*,#7943,.T.);
#7993 = ORIENTED_EDGE('',*,*,#5428,.F.);
#7994 = ADVANCED_FACE('',(#7995),#5497,.T.);
#7995 = FACE_BOUND('',#7996,.T.);
#7996 = EDGE_LOOP('',(#7997,#8020,#8047,#8048));
#7997 = ORIENTED_EDGE('',*,*,#7998,.F.);
#7998 = EDGE_CURVE('',#7999,#5459,#8001,.T.);
#7999 = VERTEX_POINT('',#8000);
#8000 = CARTESIAN_POINT('',(19.5,76.3,142.5));
#8001 = SEAM_CURVE('',#8002,(#8006,#8013),.PCURVE_S1.);
#8002 = LINE('',#8003,#8004);
#8003 = CARTESIAN_POINT('',(19.5,76.,142.5));
#8004 = VECTOR('',#8005,1.);
#8005 = DIRECTION('',(0.,1.,0.));
#8006 = PCURVE('',#5497,#8007);
#8007 = DEFINITIONAL_REPRESENTATION('',(#8008),#8012);
#8008 = LINE('',#8009,#8010);
#8009 = CARTESIAN_POINT('',(0.,-0.));
#8010 = VECTOR('',#8011,1.);
#8011 = DIRECTION('',(0.,1.));
#8012 = ( GEOMETRIC_REPRESENTATION_CONTEXT(2)
PARAMETRIC_REPRESENTATION_CONTEXT() REPRESENTATION_CONTEXT('2D SPACE',''
  ) );
#8013 = PCURVE('',#5497,#8014);
#8014 = DEFINITIONAL_REPRESENTATION('',(#8015),#8019);
#8015 = LINE('',#8016,#8017);
#8016 = CARTESIAN_POINT('',(6.28318530718,-0.));
#8017 = VECTOR('',#8018,1.);
#8018 = DIRECTION('',(0.,1.));
#8019 = ( GEOMETRIC_REPRESENTATION_CONTEXT(2)
PARAMETRIC_REPRESENTATION_CONTEXT() REPRESENTATION_CONTEXT('2D SPACE',''
  ) );
#8020 = ORIENTED_EDGE('',*,*,#8021,.T.);
#8021 = EDGE_CURVE('',#7999,#7999,#8022,.T.);
#8022 = SURFACE_CURVE('',#8023,(#8028,#8035),.PCURVE_S1.);
#8023 = CIRCLE('',#8024,4.);
#8024 = AXIS2_PLACEMENT_3D('',#8025,#8026,#8027);
#8025 = CARTESIAN_POINT('',(19.5,76.3,138.5));
#8026 = DIRECTION('',(0.,1.,0.));
#8027 = DIRECTION('',(0.,-0.,1.));
#8028 = PCURVE('',#5497,#8029);
#8029 = DEFINITIONAL_REPRESENTATION('',(#8030),#8034);
#8030 = LINE('',#8031,#8032);
#8031 = CARTESIAN_POINT('',(0.,0.3));
#8032 = VECTOR('',#8033,1.);
#8033 = DIRECTION('',(1.,0.));
#8034 = ( GEOMETRIC_REPRESENTATION_CONTEXT(2)
PARAMETRIC_REPRESENTATION_CONTEXT() REPRESENTATION_CONTEXT('2D SPACE',''
  ) );
#8035 = PCURVE('',#8036,#8041);
#8036 = CONICAL_SURFACE('',#8037,4.,0.785398163397);
#8037 = AXIS2_PLACEMENT_3D('',#8038,#8039,#8040);
#8038 = CARTESIAN_POINT('',(19.5,76.3,138.5));
#8039 = DIRECTION('',(0.,1.,0.));
#8040 = DIRECTION('',(0.,-0.,1.));
#8041 = DEFINITIONAL_REPRESENTATION('',(#8042),#8046);
#8042 = LINE('',#8043,#8044);
#8043 = CARTESIAN_POINT('',(0.,-0.));
#8044 = VECTOR('',#8045,1.);
#8045 = DIRECTION('',(1.,-0.));
#8046 = ( GEOMETRIC_REPRESENTATION_CONTEXT(2)
PARAMETRIC_REPRESENTATION_CONTEXT() REPRESENTATION_CONTEXT('2D SPACE',''
  ) );
#8047 = ORIENTED_EDGE('',*,*,#7998,.T.);
#8048 = ORIENTED_EDGE('',*,*,#5482,.F.);
#8049 = ADVANCED_FACE('',(#8050),#5551,.T.);
#8050 = FACE_BOUND('',#8051,.T.);
#8051 = EDGE_LOOP('',(#8052,#8075,#8102,#8103));
#8052 = ORIENTED_EDGE('',*,*,#8053,.F.);
#8053 = EDGE_CURVE('',#8054,#5513,#8056,.T.);
#8054 = VERTEX_POINT('',#8055);
#8055 = CARTESIAN_POINT('',(76.5,76.3,82.5));
#8056 = SEAM_CURVE('',#8057,(#8061,#8068),.PCURVE_S1.);
#8057 = LINE('',#8058,#8059);
#8058 = CARTESIAN_POINT('',(76.5,76.,82.5));
#8059 = VECTOR('',#8060,1.);
#8060 = DIRECTION('',(0.,1.,0.));
#8061 = PCURVE('',#5551,#8062);
#8062 = DEFINITIONAL_REPRESENTATION('',(#8063),#8067);
#8063 = LINE('',#8064,#8065);
#8064 = CARTESIAN_POINT('',(0.,-0.));
#8065 = VECTOR('',#8066,1.);
#8066 = DIRECTION('',(0.,1.));
#8067 = ( GEOMETRIC_REPRESENTATION_CONTEXT(2)
PARAMETRIC_REPRESENTATION_CONTEXT() REPRESENTATION_CONTEXT('2D SPACE',''
  ) );
#8068 = PCURVE('',#5551,#8069);
#8069 = DEFINITIONAL_REPRESENTATION('',(#8070),#8074);
#8070 = LINE('',#8071,#8072);
#8071 = CARTESIAN_POINT('',(6.28318530718,-0.));
#8072 = VECTOR('',#8073,1.);
#8073 = DIRECTION('',(0.,1.));
#8074 = ( GEOMETRIC_REPRESENTATION_CONTEXT(2)
PARAMETRIC_REPRESENTATION_CONTEXT() REPRESENTATION_CONTEXT('2D SPACE',''
  ) );
#8075 = ORIENTED_EDGE('',*,*,#8076,.T.);
#8076 = EDGE_CURVE('',#8054,#8054,#8077,.T.);
#8077 = SURFACE_CURVE('',#8078,(#8083,#8090),.PCURVE_S1.);
#8078 = CIRCLE('',#8079,4.);
#8079 = AXIS2_PLACEMENT_3D('',#8080,#8081,#8082);
#8080 = CARTESIAN_POINT('',(76.5,76.3,78.5));
#8081 = DIRECTION('',(0.,1.,0.));
#8082 = DIRECTION('',(0.,-0.,1.));
#8083 = PCURVE('',#5551,#8084);
#8084 = DEFINITIONAL_REPRESENTATION('',(#8085),#8089);
#8085 = LINE('',#8086,#8087);
#8086 = CARTESIAN_POINT('',(0.,0.3));
#8087 = VECTOR('',#8088,1.);
#8088 = DIRECTION('',(1.,0.));
#8089 = ( GEOMETRIC_REPRESENTATION_CONTEXT(2)
PARAMETRIC_REPRESENTATION_CONTEXT() REPRESENTATION_CONTEXT('2D SPACE',''
  ) );
#8090 = PCURVE('',#8091,#8096);
#8091 = CONICAL_SURFACE('',#8092,4.,0.785398163397);
#8092 = AXIS2_PLACEMENT_3D('',#8093,#8094,#8095);
#8093 = CARTESIAN_POINT('',(76.5,76.3,78.5));
#8094 = DIRECTION('',(0.,1.,0.));
#8095 = DIRECTION('',(0.,-0.,1.));
#8096 = DEFINITIONAL_REPRESENTATION('',(#8097),#8101);
#8097 = LINE('',#8098,#8099);
#8098 = CARTESIAN_POINT('',(0.,-0.));
#8099 = VECTOR('',#8100,1.);
#8100 = DIRECTION('',(1.,-0.));
#8101 = ( GEOMETRIC_REPRESENTATION_CONTEXT(2)
PARAMETRIC_REPRESENTATION_CONTEXT() REPRESENTATION_CONTEXT('2D SPACE',''
  ) );
#8102 = ORIENTED_EDGE('',*,*,#8053,.T.);
#8103 = ORIENTED_EDGE('',*,*,#5536,.F.);
#8104 = ADVANCED_FACE('',(#8105),#5605,.T.);
#8105 = FACE_BOUND('',#8106,.F.);
#8106 = EDGE_LOOP('',(#8107,#8130,#8131,#8132,#8133,#8134,#8135,#8158,
    #8182,#8210));
#8107 = ORIENTED_EDGE('',*,*,#8108,.T.);
#8108 = EDGE_CURVE('',#8109,#5567,#8111,.T.);
#8109 = VERTEX_POINT('',#8110);
#8110 = CARTESIAN_POINT('',(89.,-8.881784197001E-16,0.5));
#8111 = SURFACE_CURVE('',#8112,(#8116,#8123),.PCURVE_S1.);
#8112 = LINE('',#8113,#8114);
#8113 = CARTESIAN_POINT('',(89.,-8.881784197001E-16,0.));
#8114 = VECTOR('',#8115,1.);
#8115 = DIRECTION('',(0.,0.,1.));
#8116 = PCURVE('',#5605,#8117);
#8117 = DEFINITIONAL_REPRESENTATION('',(#8118),#8122);
#8118 = LINE('',#8119,#8120);
#8119 = CARTESIAN_POINT('',(-1.570796326795,0.));
#8120 = VECTOR('',#8121,1.);
#8121 = DIRECTION('',(-0.,1.));
#8122 = ( GEOMETRIC_REPRESENTATION_CONTEXT(2)
PARAMETRIC_REPRESENTATION_CONTEXT() REPRESENTATION_CONTEXT('2D SPACE',''
  ) );
#8123 = PCURVE('',#5679,#8124);
#8124 = DEFINITIONAL_REPRESENTATION('',(#8125),#8129);
#8125 = LINE('',#8126,#8127);
#8126 = CARTESIAN_POINT('',(0.,89.));
#8127 = VECTOR('',#8128,1.);
#8128 = DIRECTION('',(1.,0.));
#8129 = ( GEOMETRIC_REPRESENTATION_CONTEXT(2)
PARAMETRIC_REPRESENTATION_CONTEXT() REPRESENTATION_CONTEXT('2D SPACE',''
  ) );
#8130 = ORIENTED_EDGE('',*,*,#5588,.T.);
#8131 = ORIENTED_EDGE('',*,*,#5911,.T.);
#8132 = ORIENTED_EDGE('',*,*,#6094,.T.);
#8133 = ORIENTED_EDGE('',*,*,#6251,.T.);
#8134 = ORIENTED_EDGE('',*,*,#6437,.T.);
#8135 = ORIENTED_EDGE('',*,*,#8136,.T.);
#8136 = EDGE_CURVE('',#6384,#8137,#8139,.T.);
#8137 = VERTEX_POINT('',#8138);
#8138 = CARTESIAN_POINT('',(89.,-1.110223024625E-16,157.5));
#8139 = SURFACE_CURVE('',#8140,(#8144,#8151),.PCURVE_S1.);
#8140 = LINE('',#8141,#8142);
#8141 = CARTESIAN_POINT('',(89.,-8.881784197001E-16,0.));
#8142 = VECTOR('',#8143,1.);
#8143 = DIRECTION('',(0.,0.,1.));
#8144 = PCURVE('',#5605,#8145);
#8145 = DEFINITIONAL_REPRESENTATION('',(#8146),#8150);
#8146 = LINE('',#8147,#8148);
#8147 = CARTESIAN_POINT('',(-1.570796326795,0.));
#8148 = VECTOR('',#8149,1.);
#8149 = DIRECTION('',(-0.,1.));
#8150 = ( GEOMETRIC_REPRESENTATION_CONTEXT(2)
PARAMETRIC_REPRESENTATION_CONTEXT() REPRESENTATION_CONTEXT('2D SPACE',''
  ) );
#8151 = PCURVE('',#6421,#8152);
#8152 = DEFINITIONAL_REPRESENTATION('',(#8153),#8157);
#8153 = LINE('',#8154,#8155);
#8154 = CARTESIAN_POINT('',(0.,89.));
#8155 = VECTOR('',#8156,1.);
#8156 = DIRECTION('',(1.,0.));
#8157 = ( GEOMETRIC_REPRESENTATION_CONTEXT(2)
PARAMETRIC_REPRESENTATION_CONTEXT() REPRESENTATION_CONTEXT('2D SPACE',''
  ) );
#8158 = ORIENTED_EDGE('',*,*,#8159,.T.);
#8159 = EDGE_CURVE('',#8137,#8160,#8162,.T.);
#8160 = VERTEX_POINT('',#8161);
#8161 = CARTESIAN_POINT('',(96.,7.,157.5));
#8162 = SURFACE_CURVE('',#8163,(#8168,#8175),.PCURVE_S1.);
#8163 = CIRCLE('',#8164,7.);
#8164 = AXIS2_PLACEMENT_3D('',#8165,#8166,#8167);
#8165 = CARTESIAN_POINT('',(89.,7.,157.5));
#8166 = DIRECTION('',(0.,0.,1.));
#8167 = DIRECTION('',(0.,-1.,0.));
#8168 = PCURVE('',#5605,#8169);
#8169 = DEFINITIONAL_REPRESENTATION('',(#8170),#8174);
#8170 = LINE('',#8171,#8172);
#8171 = CARTESIAN_POINT('',(-1.570796326795,157.5));
#8172 = VECTOR('',#8173,1.);
#8173 = DIRECTION('',(1.,-0.));
#8174 = ( GEOMETRIC_REPRESENTATION_CONTEXT(2)
PARAMETRIC_REPRESENTATION_CONTEXT() REPRESENTATION_CONTEXT('2D SPACE',''
  ) );
#8175 = PCURVE('',#7691,#8176);
#8176 = DEFINITIONAL_REPRESENTATION('',(#8177),#8181);
#8177 = LINE('',#8178,#8179);
#8178 = CARTESIAN_POINT('',(-0.,6.28318530718));
#8179 = VECTOR('',#8180,1.);
#8180 = DIRECTION('',(-1.,0.));
#8181 = ( GEOMETRIC_REPRESENTATION_CONTEXT(2)
PARAMETRIC_REPRESENTATION_CONTEXT() REPRESENTATION_CONTEXT('2D SPACE',''
  ) );
#8182 = ORIENTED_EDGE('',*,*,#8183,.F.);
#8183 = EDGE_CURVE('',#8184,#8160,#8186,.T.);
#8184 = VERTEX_POINT('',#8185);
#8185 = CARTESIAN_POINT('',(96.,7.,0.5));
#8186 = SURFACE_CURVE('',#8187,(#8191,#8198),.PCURVE_S1.);
#8187 = LINE('',#8188,#8189);
#8188 = CARTESIAN_POINT('',(96.,7.,0.));
#8189 = VECTOR('',#8190,1.);
#8190 = DIRECTION('',(0.,0.,1.));
#8191 = PCURVE('',#5605,#8192);
#8192 = DEFINITIONAL_REPRESENTATION('',(#8193),#8197);
#8193 = LINE('',#8194,#8195);
#8194 = CARTESIAN_POINT('',(-0.,0.));
#8195 = VECTOR('',#8196,1.);
#8196 = DIRECTION('',(-0.,1.));
#8197 = ( GEOMETRIC_REPRESENTATION_CONTEXT(2)
PARAMETRIC_REPRESENTATION_CONTEXT() REPRESENTATION_CONTEXT('2D SPACE',''
  ) );
#8198 = PCURVE('',#8199,#8204);
#8199 = PLANE('',#8200);
#8200 = AXIS2_PLACEMENT_3D('',#8201,#8202,#8203);
#8201 = CARTESIAN_POINT('',(96.,0.,0.));
#8202 = DIRECTION('',(1.,0.,-0.));
#8203 = DIRECTION('',(0.,0.,1.));
#8204 = DEFINITIONAL_REPRESENTATION('',(#8205),#8209);
#8205 = LINE('',#8206,#8207);
#8206 = CARTESIAN_POINT('',(0.,-7.));
#8207 = VECTOR('',#8208,1.);
#8208 = DIRECTION('',(1.,0.));
#8209 = ( GEOMETRIC_REPRESENTATION_CONTEXT(2)
PARAMETRIC_REPRESENTATION_CONTEXT() REPRESENTATION_CONTEXT('2D SPACE',''
  ) );
#8210 = ORIENTED_EDGE('',*,*,#8211,.T.);
#8211 = EDGE_CURVE('',#8184,#8109,#8212,.T.);
#8212 = SURFACE_CURVE('',#8213,(#8218,#8225),.PCURVE_S1.);
#8213 = CIRCLE('',#8214,7.);
#8214 = AXIS2_PLACEMENT_3D('',#8215,#8216,#8217);
#8215 = CARTESIAN_POINT('',(89.,7.,0.5));
#8216 = DIRECTION('',(0.,-0.,-1.));
#8217 = DIRECTION('',(1.,0.,-0.));
#8218 = PCURVE('',#5605,#8219);
#8219 = DEFINITIONAL_REPRESENTATION('',(#8220),#8224);
#8220 = LINE('',#8221,#8222);
#8221 = CARTESIAN_POINT('',(-0.,0.5));
#8222 = VECTOR('',#8223,1.);
#8223 = DIRECTION('',(-1.,0.));
#8224 = ( GEOMETRIC_REPRESENTATION_CONTEXT(2)
PARAMETRIC_REPRESENTATION_CONTEXT() REPRESENTATION_CONTEXT('2D SPACE',''
  ) );
#8225 = PCURVE('',#8226,#8231);
#8226 = TOROIDAL_SURFACE('',#8227,6.5,0.5);
#8227 = AXIS2_PLACEMENT_3D('',#8228,#8229,#8230);
#8228 = CARTESIAN_POINT('',(89.,7.,0.5));
#8229 = DIRECTION('',(-0.,-0.,-1.));
#8230 = DIRECTION('',(1.,0.,-0.));
#8231 = DEFINITIONAL_REPRESENTATION('',(#8232),#8236);
#8232 = LINE('',#8233,#8234);
#8233 = CARTESIAN_POINT('',(0.,0.));
#8234 = VECTOR('',#8235,1.);
#8235 = DIRECTION('',(1.,0.));
#8236 = ( GEOMETRIC_REPRESENTATION_CONTEXT(2)
PARAMETRIC_REPRESENTATION_CONTEXT() REPRESENTATION_CONTEXT('2D SPACE',''
  ) );
#8237 = ADVANCED_FACE('',(#8238),#5679,.F.);
#8238 = FACE_BOUND('',#8239,.F.);
#8239 = EDGE_LOOP('',(#8240,#8241,#8269,#8290));
#8240 = ORIENTED_EDGE('',*,*,#8108,.F.);
#8241 = ORIENTED_EDGE('',*,*,#8242,.T.);
#8242 = EDGE_CURVE('',#8109,#8243,#8245,.T.);
#8243 = VERTEX_POINT('',#8244);
#8244 = CARTESIAN_POINT('',(7.,-1.110223024625E-16,0.5));
#8245 = SURFACE_CURVE('',#8246,(#8250,#8257),.PCURVE_S1.);
#8246 = LINE('',#8247,#8248);
#8247 = CARTESIAN_POINT('',(89.,-1.110223024625E-16,0.5));
#8248 = VECTOR('',#8249,1.);
#8249 = DIRECTION('',(-1.,-0.,0.));
#8250 = PCURVE('',#5679,#8251);
#8251 = DEFINITIONAL_REPRESENTATION('',(#8252),#8256);
#8252 = LINE('',#8253,#8254);
#8253 = CARTESIAN_POINT('',(0.5,89.));
#8254 = VECTOR('',#8255,1.);
#8255 = DIRECTION('',(0.,-1.));
#8256 = ( GEOMETRIC_REPRESENTATION_CONTEXT(2)
PARAMETRIC_REPRESENTATION_CONTEXT() REPRESENTATION_CONTEXT('2D SPACE',''
  ) );
#8257 = PCURVE('',#8258,#8263);
#8258 = CYLINDRICAL_SURFACE('',#8259,0.5);
#8259 = AXIS2_PLACEMENT_3D('',#8260,#8261,#8262);
#8260 = CARTESIAN_POINT('',(89.,0.5,0.5));
#8261 = DIRECTION('',(-1.,-0.,0.));
#8262 = DIRECTION('',(0.,-1.,-0.));
#8263 = DEFINITIONAL_REPRESENTATION('',(#8264),#8268);
#8264 = LINE('',#8265,#8266);
#8265 = CARTESIAN_POINT('',(-0.,0.));
#8266 = VECTOR('',#8267,1.);
#8267 = DIRECTION('',(-0.,1.));
#8268 = ( GEOMETRIC_REPRESENTATION_CONTEXT(2)
PARAMETRIC_REPRESENTATION_CONTEXT() REPRESENTATION_CONTEXT('2D SPACE',''
  ) );
#8269 = ORIENTED_EDGE('',*,*,#8270,.T.);
#8270 = EDGE_CURVE('',#8243,#5642,#8271,.T.);
#8271 = SURFACE_CURVE('',#8272,(#8276,#8283),.PCURVE_S1.);
#8272 = LINE('',#8273,#8274);
#8273 = CARTESIAN_POINT('',(7.,-8.881784197001E-16,0.));
#8274 = VECTOR('',#8275,1.);
#8275 = DIRECTION('',(0.,0.,1.));
#8276 = PCURVE('',#5679,#8277);
#8277 = DEFINITIONAL_REPRESENTATION('',(#8278),#8282);
#8278 = LINE('',#8279,#8280);
#8279 = CARTESIAN_POINT('',(0.,7.));
#8280 = VECTOR('',#8281,1.);
#8281 = DIRECTION('',(1.,0.));
#8282 = ( GEOMETRIC_REPRESENTATION_CONTEXT(2)
PARAMETRIC_REPRESENTATION_CONTEXT() REPRESENTATION_CONTEXT('2D SPACE',''
  ) );
#8283 = PCURVE('',#5734,#8284);
#8284 = DEFINITIONAL_REPRESENTATION('',(#8285),#8289);
#8285 = LINE('',#8286,#8287);
#8286 = CARTESIAN_POINT('',(1.570796326795,0.));
#8287 = VECTOR('',#8288,1.);
#8288 = DIRECTION('',(0.,1.));
#8289 = ( GEOMETRIC_REPRESENTATION_CONTEXT(2)
PARAMETRIC_REPRESENTATION_CONTEXT() REPRESENTATION_CONTEXT('2D SPACE',''
  ) );
#8290 = ORIENTED_EDGE('',*,*,#5665,.T.);
#8291 = ADVANCED_FACE('',(#8292),#5734,.T.);
#8292 = FACE_BOUND('',#8293,.T.);
#8293 = EDGE_LOOP('',(#8294,#8295,#8296,#8297,#8298,#8299,#8300,#8323,
    #8347,#8375));
#8294 = ORIENTED_EDGE('',*,*,#8270,.T.);
#8295 = ORIENTED_EDGE('',*,*,#5719,.F.);
#8296 = ORIENTED_EDGE('',*,*,#5795,.F.);
#8297 = ORIENTED_EDGE('',*,*,#6026,.F.);
#8298 = ORIENTED_EDGE('',*,*,#6142,.F.);
#8299 = ORIENTED_EDGE('',*,*,#6356,.F.);
#8300 = ORIENTED_EDGE('',*,*,#8301,.T.);
#8301 = EDGE_CURVE('',#6335,#8302,#8304,.T.);
#8302 = VERTEX_POINT('',#8303);
#8303 = CARTESIAN_POINT('',(7.,-8.881784197001E-16,157.5));
#8304 = SURFACE_CURVE('',#8305,(#8309,#8316),.PCURVE_S1.);
#8305 = LINE('',#8306,#8307);
#8306 = CARTESIAN_POINT('',(7.,-8.881784197001E-16,0.));
#8307 = VECTOR('',#8308,1.);
#8308 = DIRECTION('',(0.,0.,1.));
#8309 = PCURVE('',#5734,#8310);
#8310 = DEFINITIONAL_REPRESENTATION('',(#8311),#8315);
#8311 = LINE('',#8312,#8313);
#8312 = CARTESIAN_POINT('',(1.570796326795,0.));
#8313 = VECTOR('',#8314,1.);
#8314 = DIRECTION('',(0.,1.));
#8315 = ( GEOMETRIC_REPRESENTATION_CONTEXT(2)
PARAMETRIC_REPRESENTATION_CONTEXT() REPRESENTATION_CONTEXT('2D SPACE',''
  ) );
#8316 = PCURVE('',#6421,#8317);
#8317 = DEFINITIONAL_REPRESENTATION('',(#8318),#8322);
#8318 = LINE('',#8319,#8320);
#8319 = CARTESIAN_POINT('',(0.,7.));
#8320 = VECTOR('',#8321,1.);
#8321 = DIRECTION('',(1.,0.));
#8322 = ( GEOMETRIC_REPRESENTATION_CONTEXT(2)
PARAMETRIC_REPRESENTATION_CONTEXT() REPRESENTATION_CONTEXT('2D SPACE',''
  ) );
#8323 = ORIENTED_EDGE('',*,*,#8324,.F.);
#8324 = EDGE_CURVE('',#8325,#8302,#8327,.T.);
#8325 = VERTEX_POINT('',#8326);
#8326 = CARTESIAN_POINT('',(-1.110223024625E-16,7.,157.5));
#8327 = SURFACE_CURVE('',#8328,(#8333,#8340),.PCURVE_S1.);
#8328 = CIRCLE('',#8329,7.);
#8329 = AXIS2_PLACEMENT_3D('',#8330,#8331,#8332);
#8330 = CARTESIAN_POINT('',(7.,7.,157.5));
#8331 = DIRECTION('',(0.,0.,1.));
#8332 = DIRECTION('',(-1.,0.,0.));
#8333 = PCURVE('',#5734,#8334);
#8334 = DEFINITIONAL_REPRESENTATION('',(#8335),#8339);
#8335 = LINE('',#8336,#8337);
#8336 = CARTESIAN_POINT('',(0.,157.5));
#8337 = VECTOR('',#8338,1.);
#8338 = DIRECTION('',(1.,0.));
#8339 = ( GEOMETRIC_REPRESENTATION_CONTEXT(2)
PARAMETRIC_REPRESENTATION_CONTEXT() REPRESENTATION_CONTEXT('2D SPACE',''
  ) );
#8340 = PCURVE('',#7634,#8341);
#8341 = DEFINITIONAL_REPRESENTATION('',(#8342),#8346);
#8342 = LINE('',#8343,#8344);
#8343 = CARTESIAN_POINT('',(-0.,6.28318530718));
#8344 = VECTOR('',#8345,1.);
#8345 = DIRECTION('',(-1.,0.));
#8346 = ( GEOMETRIC_REPRESENTATION_CONTEXT(2)
PARAMETRIC_REPRESENTATION_CONTEXT() REPRESENTATION_CONTEXT('2D SPACE',''
  ) );
#8347 = ORIENTED_EDGE('',*,*,#8348,.F.);
#8348 = EDGE_CURVE('',#8349,#8325,#8351,.T.);
#8349 = VERTEX_POINT('',#8350);
#8350 = CARTESIAN_POINT('',(-1.110223024625E-16,7.,0.5));
#8351 = SURFACE_CURVE('',#8352,(#8356,#8363),.PCURVE_S1.);
#8352 = LINE('',#8353,#8354);
#8353 = CARTESIAN_POINT('',(-8.881784197001E-16,7.,0.));
#8354 = VECTOR('',#8355,1.);
#8355 = DIRECTION('',(0.,0.,1.));
#8356 = PCURVE('',#5734,#8357);
#8357 = DEFINITIONAL_REPRESENTATION('',(#8358),#8362);
#8358 = LINE('',#8359,#8360);
#8359 = CARTESIAN_POINT('',(0.,0.));
#8360 = VECTOR('',#8361,1.);
#8361 = DIRECTION('',(0.,1.));
#8362 = ( GEOMETRIC_REPRESENTATION_CONTEXT(2)
PARAMETRIC_REPRESENTATION_CONTEXT() REPRESENTATION_CONTEXT('2D SPACE',''
  ) );
#8363 = PCURVE('',#8364,#8369);
#8364 = PLANE('',#8365);
#8365 = AXIS2_PLACEMENT_3D('',#8366,#8367,#8368);
#8366 = CARTESIAN_POINT('',(0.,0.,0.));
#8367 = DIRECTION('',(1.,0.,-0.));
#8368 = DIRECTION('',(0.,0.,1.));
#8369 = DEFINITIONAL_REPRESENTATION('',(#8370),#8374);
#8370 = LINE('',#8371,#8372);
#8371 = CARTESIAN_POINT('',(0.,-7.));
#8372 = VECTOR('',#8373,1.);
#8373 = DIRECTION('',(1.,0.));
#8374 = ( GEOMETRIC_REPRESENTATION_CONTEXT(2)
PARAMETRIC_REPRESENTATION_CONTEXT() REPRESENTATION_CONTEXT('2D SPACE',''
  ) );
#8375 = ORIENTED_EDGE('',*,*,#8376,.F.);
#8376 = EDGE_CURVE('',#8243,#8349,#8377,.T.);
#8377 = SURFACE_CURVE('',#8378,(#8383,#8390),.PCURVE_S1.);
#8378 = CIRCLE('',#8379,7.);
#8379 = AXIS2_PLACEMENT_3D('',#8380,#8381,#8382);
#8380 = CARTESIAN_POINT('',(7.,7.,0.5));
#8381 = DIRECTION('',(-0.,0.,-1.));
#8382 = DIRECTION('',(-2.537652627715E-16,-1.,0.));
#8383 = PCURVE('',#5734,#8384);
#8384 = DEFINITIONAL_REPRESENTATION('',(#8385),#8389);
#8385 = LINE('',#8386,#8387);
#8386 = CARTESIAN_POINT('',(1.570796326795,0.5));
#8387 = VECTOR('',#8388,1.);
#8388 = DIRECTION('',(-1.,-0.));
#8389 = ( GEOMETRIC_REPRESENTATION_CONTEXT(2)
PARAMETRIC_REPRESENTATION_CONTEXT() REPRESENTATION_CONTEXT('2D SPACE',''
  ) );
#8390 = PCURVE('',#8391,#8396);
#8391 = TOROIDAL_SURFACE('',#8392,6.5,0.5);
#8392 = AXIS2_PLACEMENT_3D('',#8393,#8394,#8395);
#8393 = CARTESIAN_POINT('',(7.,7.,0.5));
#8394 = DIRECTION('',(-0.,-0.,-1.));
#8395 = DIRECTION('',(-2.537652627715E-16,-1.,0.));
#8396 = DEFINITIONAL_REPRESENTATION('',(#8397),#8401);
#8397 = LINE('',#8398,#8399);
#8398 = CARTESIAN_POINT('',(0.,0.));
#8399 = VECTOR('',#8400,1.);
#8400 = DIRECTION('',(1.,0.));
#8401 = ( GEOMETRIC_REPRESENTATION_CONTEXT(2)
PARAMETRIC_REPRESENTATION_CONTEXT() REPRESENTATION_CONTEXT('2D SPACE',''
  ) );
#8402 = ADVANCED_FACE('',(#8403),#6421,.F.);
#8403 = FACE_BOUND('',#8404,.F.);
#8404 = EDGE_LOOP('',(#8405,#8406,#8407,#8408));
#8405 = ORIENTED_EDGE('',*,*,#8136,.F.);
#8406 = ORIENTED_EDGE('',*,*,#6407,.T.);
#8407 = ORIENTED_EDGE('',*,*,#8301,.T.);
#8408 = ORIENTED_EDGE('',*,*,#8409,.T.);
#8409 = EDGE_CURVE('',#8302,#8137,#8410,.T.);
#8410 = SURFACE_CURVE('',#8411,(#8415,#8422),.PCURVE_S1.);
#8411 = LINE('',#8412,#8413);
#8412 = CARTESIAN_POINT('',(7.,-1.110223024625E-16,157.5));
#8413 = VECTOR('',#8414,1.);
#8414 = DIRECTION('',(1.,0.,-0.));
#8415 = PCURVE('',#6421,#8416);
#8416 = DEFINITIONAL_REPRESENTATION('',(#8417),#8421);
#8417 = LINE('',#8418,#8419);
#8418 = CARTESIAN_POINT('',(157.5,7.));
#8419 = VECTOR('',#8420,1.);
#8420 = DIRECTION('',(0.,1.));
#8421 = ( GEOMETRIC_REPRESENTATION_CONTEXT(2)
PARAMETRIC_REPRESENTATION_CONTEXT() REPRESENTATION_CONTEXT('2D SPACE',''
  ) );
#8422 = PCURVE('',#7662,#8423);
#8423 = DEFINITIONAL_REPRESENTATION('',(#8424),#8428);
#8424 = LINE('',#8425,#8426);
#8425 = CARTESIAN_POINT('',(1.570796326795,0.));
#8426 = VECTOR('',#8427,1.);
#8427 = DIRECTION('',(0.,1.));
#8428 = ( GEOMETRIC_REPRESENTATION_CONTEXT(2)
PARAMETRIC_REPRESENTATION_CONTEXT() REPRESENTATION_CONTEXT('2D SPACE',''
  ) );
#8429 = ADVANCED_FACE('',(#8430),#6635,.T.);
#8430 = FACE_BOUND('',#8431,.F.);
#8431 = EDGE_LOOP('',(#8432,#8433,#8434,#8435));
#8432 = ORIENTED_EDGE('',*,*,#7798,.F.);
#8433 = ORIENTED_EDGE('',*,*,#6949,.T.);
#8434 = ORIENTED_EDGE('',*,*,#6619,.T.);
#8435 = ORIENTED_EDGE('',*,*,#6704,.F.);
#8436 = ADVANCED_FACE('',(#8437,#8440),#7235,.T.);
#8437 = FACE_BOUND('',#8438,.T.);
#8438 = EDGE_LOOP('',(#8439));
#8439 = ORIENTED_EDGE('',*,*,#7220,.T.);
#8440 = FACE_BOUND('',#8441,.T.);
#8441 = EDGE_LOOP('',(#8442));
#8442 = ORIENTED_EDGE('',*,*,#8443,.F.);
#8443 = EDGE_CURVE('',#8444,#8444,#8446,.T.);
#8444 = VERTEX_POINT('',#8445);
#8445 = CARTESIAN_POINT('',(19.4,45.,9.));
#8446 = SURFACE_CURVE('',#8447,(#8452,#8459),.PCURVE_S1.);
#8447 = CIRCLE('',#8448,1.4);
#8448 = AXIS2_PLACEMENT_3D('',#8449,#8450,#8451);
#8449 = CARTESIAN_POINT('',(18.,45.,9.));
#8450 = DIRECTION('',(0.,0.,1.));
#8451 = DIRECTION('',(1.,0.,-0.));
#8452 = PCURVE('',#7235,#8453);
#8453 = DEFINITIONAL_REPRESENTATION('',(#8454),#8458);
#8454 = CIRCLE('',#8455,1.4);
#8455 = AXIS2_PLACEMENT_2D('',#8456,#8457);
#8456 = CARTESIAN_POINT('',(0.,0.));
#8457 = DIRECTION('',(1.,0.));
#8458 = ( GEOMETRIC_REPRESENTATION_CONTEXT(2)
PARAMETRIC_REPRESENTATION_CONTEXT() REPRESENTATION_CONTEXT('2D SPACE',''
  ) );
#8459 = PCURVE('',#8460,#8465);
#8460 = CYLINDRICAL_SURFACE('',#8461,1.4);
#8461 = AXIS2_PLACEMENT_3D('',#8462,#8463,#8464);
#8462 = CARTESIAN_POINT('',(18.,45.,4.));
#8463 = DIRECTION('',(0.,0.,1.));
#8464 = DIRECTION('',(1.,0.,-0.));
#8465 = DEFINITIONAL_REPRESENTATION('',(#8466),#8470);
#8466 = LINE('',#8467,#8468);
#8467 = CARTESIAN_POINT('',(0.,5.));
#8468 = VECTOR('',#8469,1.);
#8469 = DIRECTION('',(1.,0.));
#8470 = ( GEOMETRIC_REPRESENTATION_CONTEXT(2)
PARAMETRIC_REPRESENTATION_CONTEXT() REPRESENTATION_CONTEXT('2D SPACE',''
  ) );
#8471 = ADVANCED_FACE('',(#8472),#7270,.F.);
#8472 = FACE_BOUND('',#8473,.F.);
#8473 = EDGE_LOOP('',(#8474,#8475,#8498,#8525));
#8474 = ORIENTED_EDGE('',*,*,#7253,.F.);
#8475 = ORIENTED_EDGE('',*,*,#8476,.F.);
#8476 = EDGE_CURVE('',#8477,#7254,#8479,.T.);
#8477 = VERTEX_POINT('',#8478);
#8478 = CARTESIAN_POINT('',(79.4,45.,4.));
#8479 = SEAM_CURVE('',#8480,(#8484,#8491),.PCURVE_S1.);
#8480 = LINE('',#8481,#8482);
#8481 = CARTESIAN_POINT('',(79.4,45.,4.));
#8482 = VECTOR('',#8483,1.);
#8483 = DIRECTION('',(0.,0.,1.));
#8484 = PCURVE('',#7270,#8485);
#8485 = DEFINITIONAL_REPRESENTATION('',(#8486),#8490);
#8486 = LINE('',#8487,#8488);
#8487 = CARTESIAN_POINT('',(6.28318530718,-0.));
#8488 = VECTOR('',#8489,1.);
#8489 = DIRECTION('',(0.,1.));
#8490 = ( GEOMETRIC_REPRESENTATION_CONTEXT(2)
PARAMETRIC_REPRESENTATION_CONTEXT() REPRESENTATION_CONTEXT('2D SPACE',''
  ) );
#8491 = PCURVE('',#7270,#8492);
#8492 = DEFINITIONAL_REPRESENTATION('',(#8493),#8497);
#8493 = LINE('',#8494,#8495);
#8494 = CARTESIAN_POINT('',(0.,-0.));
#8495 = VECTOR('',#8496,1.);
#8496 = DIRECTION('',(0.,1.));
#8497 = ( GEOMETRIC_REPRESENTATION_CONTEXT(2)
PARAMETRIC_REPRESENTATION_CONTEXT() REPRESENTATION_CONTEXT('2D SPACE',''
  ) );
#8498 = ORIENTED_EDGE('',*,*,#8499,.T.);
#8499 = EDGE_CURVE('',#8477,#8477,#8500,.T.);
#8500 = SURFACE_CURVE('',#8501,(#8506,#8513),.PCURVE_S1.);
#8501 = CIRCLE('',#8502,1.4);
#8502 = AXIS2_PLACEMENT_3D('',#8503,#8504,#8505);
#8503 = CARTESIAN_POINT('',(78.,45.,4.));
#8504 = DIRECTION('',(0.,0.,1.));
#8505 = DIRECTION('',(1.,0.,-0.));
#8506 = PCURVE('',#7270,#8507);
#8507 = DEFINITIONAL_REPRESENTATION('',(#8508),#8512);
#8508 = LINE('',#8509,#8510);
#8509 = CARTESIAN_POINT('',(0.,0.));
#8510 = VECTOR('',#8511,1.);
#8511 = DIRECTION('',(1.,0.));
#8512 = ( GEOMETRIC_REPRESENTATION_CONTEXT(2)
PARAMETRIC_REPRESENTATION_CONTEXT() REPRESENTATION_CONTEXT('2D SPACE',''
  ) );
#8513 = PCURVE('',#8514,#8519);
#8514 = PLANE('',#8515);
#8515 = AXIS2_PLACEMENT_3D('',#8516,#8517,#8518);
#8516 = CARTESIAN_POINT('',(78.,45.,4.));
#8517 = DIRECTION('',(0.,0.,1.));
#8518 = DIRECTION('',(1.,0.,-0.));
#8519 = DEFINITIONAL_REPRESENTATION('',(#8520),#8524);
#8520 = CIRCLE('',#8521,1.4);
#8521 = AXIS2_PLACEMENT_2D('',#8522,#8523);
#8522 = CARTESIAN_POINT('',(0.,0.));
#8523 = DIRECTION('',(1.,0.));
#8524 = ( GEOMETRIC_REPRESENTATION_CONTEXT(2)
PARAMETRIC_REPRESENTATION_CONTEXT() REPRESENTATION_CONTEXT('2D SPACE',''
  ) );
#8525 = ORIENTED_EDGE('',*,*,#8476,.T.);
#8526 = ADVANCED_FACE('',(#8527),#7324,.F.);
#8527 = FACE_BOUND('',#8528,.F.);
#8528 = EDGE_LOOP('',(#8529,#8552,#8553,#8576));
#8529 = ORIENTED_EDGE('',*,*,#8530,.F.);
#8530 = EDGE_CURVE('',#7286,#8531,#8533,.T.);
#8531 = VERTEX_POINT('',#8532);
#8532 = CARTESIAN_POINT('',(1.212918654403E-14,77.3,98.2));
#8533 = SURFACE_CURVE('',#8534,(#8538,#8545),.PCURVE_S1.);
#8534 = LINE('',#8535,#8536);
#8535 = CARTESIAN_POINT('',(0.2,77.1,98.4));
#8536 = VECTOR('',#8537,1.);
#8537 = DIRECTION('',(-0.57735026919,0.57735026919,-0.57735026919));
#8538 = PCURVE('',#7324,#8539);
#8539 = DEFINITIONAL_REPRESENTATION('',(#8540),#8544);
#8540 = LINE('',#8541,#8542);
#8541 = CARTESIAN_POINT('',(-9.999999999999E-02,-7.071067811865E-02));
#8542 = VECTOR('',#8543,1.);
#8543 = DIRECTION('',(-0.57735026919,0.816496580928));
#8544 = ( GEOMETRIC_REPRESENTATION_CONTEXT(2)
PARAMETRIC_REPRESENTATION_CONTEXT() REPRESENTATION_CONTEXT('2D SPACE',''
  ) );
#8545 = PCURVE('',#7378,#8546);
#8546 = DEFINITIONAL_REPRESENTATION('',(#8547),#8551);
#8547 = LINE('',#8548,#8549);
#8548 = CARTESIAN_POINT('',(-0.1,-7.071067811866E-02));
#8549 = VECTOR('',#8550,1.);
#8550 = DIRECTION('',(-0.57735026919,0.816496580928));
#8551 = ( GEOMETRIC_REPRESENTATION_CONTEXT(2)
PARAMETRIC_REPRESENTATION_CONTEXT() REPRESENTATION_CONTEXT('2D SPACE',''
  ) );
#8552 = ORIENTED_EDGE('',*,*,#7308,.T.);
#8553 = ORIENTED_EDGE('',*,*,#8554,.T.);
#8554 = EDGE_CURVE('',#7309,#8555,#8557,.T.);
#8555 = VERTEX_POINT('',#8556);
#8556 = CARTESIAN_POINT('',(1.204591981718E-14,48.7,98.2));
#8557 = SURFACE_CURVE('',#8558,(#8562,#8569),.PCURVE_S1.);
#8558 = LINE('',#8559,#8560);
#8559 = CARTESIAN_POINT('',(4.866666666667,53.566666666667,
    103.06666666666));
#8560 = VECTOR('',#8561,1.);
#8561 = DIRECTION('',(-0.57735026919,-0.57735026919,-0.57735026919));
#8562 = PCURVE('',#7324,#8563);
#8563 = DEFINITIONAL_REPRESENTATION('',(#8564),#8568);
#8564 = LINE('',#8565,#8566);
#8565 = CARTESIAN_POINT('',(23.433333333333,-6.670373969193));
#8566 = VECTOR('',#8567,1.);
#8567 = DIRECTION('',(0.57735026919,0.816496580928));
#8568 = ( GEOMETRIC_REPRESENTATION_CONTEXT(2)
PARAMETRIC_REPRESENTATION_CONTEXT() REPRESENTATION_CONTEXT('2D SPACE',''
  ) );
#8569 = PCURVE('',#7432,#8570);
#8570 = DEFINITIONAL_REPRESENTATION('',(#8571),#8575);
#8571 = LINE('',#8572,#8573);
#8572 = CARTESIAN_POINT('',(4.566666666667,-6.670373969193));
#8573 = VECTOR('',#8574,1.);
#8574 = DIRECTION('',(-0.57735026919,0.816496580928));
#8575 = ( GEOMETRIC_REPRESENTATION_CONTEXT(2)
PARAMETRIC_REPRESENTATION_CONTEXT() REPRESENTATION_CONTEXT('2D SPACE',''
  ) );
#8576 = ORIENTED_EDGE('',*,*,#8577,.F.);
#8577 = EDGE_CURVE('',#8531,#8555,#8578,.T.);
#8578 = SURFACE_CURVE('',#8579,(#8583,#8590),.PCURVE_S1.);
#8579 = LINE('',#8580,#8581);
#8580 = CARTESIAN_POINT('',(0.,77.,98.2));
#8581 = VECTOR('',#8582,1.);
#8582 = DIRECTION('',(0.,-1.,0.));
#8583 = PCURVE('',#7324,#8584);
#8584 = DEFINITIONAL_REPRESENTATION('',(#8585),#8589);
#8585 = LINE('',#8586,#8587);
#8586 = CARTESIAN_POINT('',(0.,0.212132034356));
#8587 = VECTOR('',#8588,1.);
#8588 = DIRECTION('',(1.,0.));
#8589 = ( GEOMETRIC_REPRESENTATION_CONTEXT(2)
PARAMETRIC_REPRESENTATION_CONTEXT() REPRESENTATION_CONTEXT('2D SPACE',''
  ) );
#8590 = PCURVE('',#8364,#8591);
#8591 = DEFINITIONAL_REPRESENTATION('',(#8592),#8596);
#8592 = LINE('',#8593,#8594);
#8593 = CARTESIAN_POINT('',(98.2,-77.));
#8594 = VECTOR('',#8595,1.);
#8595 = DIRECTION('',(0.,1.));
#8596 = ( GEOMETRIC_REPRESENTATION_CONTEXT(2)
PARAMETRIC_REPRESENTATION_CONTEXT() REPRESENTATION_CONTEXT('2D SPACE',''
  ) );
#8597 = ADVANCED_FACE('',(#8598),#7378,.T.);
#8598 = FACE_BOUND('',#8599,.T.);
#8599 = EDGE_LOOP('',(#8600,#8601,#8602,#8625));
#8600 = ORIENTED_EDGE('',*,*,#8530,.F.);
#8601 = ORIENTED_EDGE('',*,*,#7362,.T.);
#8602 = ORIENTED_EDGE('',*,*,#8603,.T.);
#8603 = EDGE_CURVE('',#7363,#8604,#8606,.T.);
#8604 = VERTEX_POINT('',#8605);
#8605 = CARTESIAN_POINT('',(2.164934898019E-15,77.3,118.8));
#8606 = SURFACE_CURVE('',#8607,(#8611,#8618),.PCURVE_S1.);
#8607 = LINE('',#8608,#8609);
#8608 = CARTESIAN_POINT('',(3.533333333333,73.766666666667,
    115.26666666666));
#8609 = VECTOR('',#8610,1.);
#8610 = DIRECTION('',(-0.57735026919,0.57735026919,0.57735026919));
#8611 = PCURVE('',#7378,#8612);
#8612 = DEFINITIONAL_REPRESENTATION('',(#8613),#8617);
#8613 = LINE('',#8614,#8615);
#8614 = CARTESIAN_POINT('',(16.766666666667,-4.784755886029));
#8615 = VECTOR('',#8616,1.);
#8616 = DIRECTION('',(0.57735026919,0.816496580928));
#8617 = ( GEOMETRIC_REPRESENTATION_CONTEXT(2)
PARAMETRIC_REPRESENTATION_CONTEXT() REPRESENTATION_CONTEXT('2D SPACE',''
  ) );
#8618 = PCURVE('',#7484,#8619);
#8619 = DEFINITIONAL_REPRESENTATION('',(#8620),#8624);
#8620 = LINE('',#8621,#8622);
#8621 = CARTESIAN_POINT('',(3.233333333333,-4.784755886029));
#8622 = VECTOR('',#8623,1.);
#8623 = DIRECTION('',(-0.57735026919,0.816496580928));
#8624 = ( GEOMETRIC_REPRESENTATION_CONTEXT(2)
PARAMETRIC_REPRESENTATION_CONTEXT() REPRESENTATION_CONTEXT('2D SPACE',''
  ) );
#8625 = ORIENTED_EDGE('',*,*,#8626,.F.);
#8626 = EDGE_CURVE('',#8531,#8604,#8627,.T.);
#8627 = SURFACE_CURVE('',#8628,(#8632,#8639),.PCURVE_S1.);
#8628 = LINE('',#8629,#8630);
#8629 = CARTESIAN_POINT('',(0.,77.3,98.5));
#8630 = VECTOR('',#8631,1.);
#8631 = DIRECTION('',(0.,0.,1.));
#8632 = PCURVE('',#7378,#8633);
#8633 = DEFINITIONAL_REPRESENTATION('',(#8634),#8638);
#8634 = LINE('',#8635,#8636);
#8635 = CARTESIAN_POINT('',(0.,0.212132034356));
#8636 = VECTOR('',#8637,1.);
#8637 = DIRECTION('',(1.,0.));
#8638 = ( GEOMETRIC_REPRESENTATION_CONTEXT(2)
PARAMETRIC_REPRESENTATION_CONTEXT() REPRESENTATION_CONTEXT('2D SPACE',''
  ) );
#8639 = PCURVE('',#8364,#8640);
#8640 = DEFINITIONAL_REPRESENTATION('',(#8641),#8645);
#8641 = LINE('',#8642,#8643);
#8642 = CARTESIAN_POINT('',(98.5,-77.3));
#8643 = VECTOR('',#8644,1.);
#8644 = DIRECTION('',(1.,0.));
#8645 = ( GEOMETRIC_REPRESENTATION_CONTEXT(2)
PARAMETRIC_REPRESENTATION_CONTEXT() REPRESENTATION_CONTEXT('2D SPACE',''
  ) );
#8646 = ADVANCED_FACE('',(#8647),#7432,.F.);
#8647 = FACE_BOUND('',#8648,.F.);
#8648 = EDGE_LOOP('',(#8649,#8650,#8651,#8674));
#8649 = ORIENTED_EDGE('',*,*,#8554,.F.);
#8650 = ORIENTED_EDGE('',*,*,#7416,.T.);
#8651 = ORIENTED_EDGE('',*,*,#8652,.T.);
#8652 = EDGE_CURVE('',#7417,#8653,#8655,.T.);
#8653 = VERTEX_POINT('',#8654);
#8654 = CARTESIAN_POINT('',(1.998401444325E-15,48.7,118.8));
#8655 = SURFACE_CURVE('',#8656,(#8660,#8667),.PCURVE_S1.);
#8656 = LINE('',#8657,#8658);
#8657 = CARTESIAN_POINT('',(8.2,56.9,110.6));
#8658 = VECTOR('',#8659,1.);
#8659 = DIRECTION('',(-0.57735026919,-0.57735026919,0.57735026919));
#8660 = PCURVE('',#7432,#8661);
#8661 = DEFINITIONAL_REPRESENTATION('',(#8662),#8666);
#8662 = LINE('',#8663,#8664);
#8663 = CARTESIAN_POINT('',(12.1,-11.3844191771));
#8664 = VECTOR('',#8665,1.);
#8665 = DIRECTION('',(0.57735026919,0.816496580928));
#8666 = ( GEOMETRIC_REPRESENTATION_CONTEXT(2)
PARAMETRIC_REPRESENTATION_CONTEXT() REPRESENTATION_CONTEXT('2D SPACE',''
  ) );
#8667 = PCURVE('',#7484,#8668);
#8668 = DEFINITIONAL_REPRESENTATION('',(#8669),#8673);
#8669 = LINE('',#8670,#8671);
#8670 = CARTESIAN_POINT('',(20.1,-11.3844191771));
#8671 = VECTOR('',#8672,1.);
#8672 = DIRECTION('',(0.57735026919,0.816496580928));
#8673 = ( GEOMETRIC_REPRESENTATION_CONTEXT(2)
PARAMETRIC_REPRESENTATION_CONTEXT() REPRESENTATION_CONTEXT('2D SPACE',''
  ) );
#8674 = ORIENTED_EDGE('',*,*,#8675,.F.);
#8675 = EDGE_CURVE('',#8555,#8653,#8676,.T.);
#8676 = SURFACE_CURVE('',#8677,(#8681,#8688),.PCURVE_S1.);
#8677 = LINE('',#8678,#8679);
#8678 = CARTESIAN_POINT('',(0.,48.7,98.5));
#8679 = VECTOR('',#8680,1.);
#8680 = DIRECTION('',(0.,0.,1.));
#8681 = PCURVE('',#7432,#8682);
#8682 = DEFINITIONAL_REPRESENTATION('',(#8683),#8687);
#8683 = LINE('',#8684,#8685);
#8684 = CARTESIAN_POINT('',(0.,0.212132034356));
#8685 = VECTOR('',#8686,1.);
#8686 = DIRECTION('',(1.,0.));
#8687 = ( GEOMETRIC_REPRESENTATION_CONTEXT(2)
PARAMETRIC_REPRESENTATION_CONTEXT() REPRESENTATION_CONTEXT('2D SPACE',''
  ) );
#8688 = PCURVE('',#8364,#8689);
#8689 = DEFINITIONAL_REPRESENTATION('',(#8690),#8694);
#8690 = LINE('',#8691,#8692);
#8691 = CARTESIAN_POINT('',(98.5,-48.7));
#8692 = VECTOR('',#8693,1.);
#8693 = DIRECTION('',(1.,0.));
#8694 = ( GEOMETRIC_REPRESENTATION_CONTEXT(2)
PARAMETRIC_REPRESENTATION_CONTEXT() REPRESENTATION_CONTEXT('2D SPACE',''
  ) );
#8695 = ADVANCED_FACE('',(#8696),#7484,.T.);
#8696 = FACE_BOUND('',#8697,.T.);
#8697 = EDGE_LOOP('',(#8698,#8699,#8700,#8701));
#8698 = ORIENTED_EDGE('',*,*,#8603,.F.);
#8699 = ORIENTED_EDGE('',*,*,#7470,.T.);
#8700 = ORIENTED_EDGE('',*,*,#8652,.T.);
#8701 = ORIENTED_EDGE('',*,*,#8702,.F.);
#8702 = EDGE_CURVE('',#8604,#8653,#8703,.T.);
#8703 = SURFACE_CURVE('',#8704,(#8708,#8715),.PCURVE_S1.);
#8704 = LINE('',#8705,#8706);
#8705 = CARTESIAN_POINT('',(0.,77.,118.8));
#8706 = VECTOR('',#8707,1.);
#8707 = DIRECTION('',(0.,-1.,0.));
#8708 = PCURVE('',#7484,#8709);
#8709 = DEFINITIONAL_REPRESENTATION('',(#8710),#8714);
#8710 = LINE('',#8711,#8712);
#8711 = CARTESIAN_POINT('',(0.,0.212132034356));
#8712 = VECTOR('',#8713,1.);
#8713 = DIRECTION('',(1.,0.));
#8714 = ( GEOMETRIC_REPRESENTATION_CONTEXT(2)
PARAMETRIC_REPRESENTATION_CONTEXT() REPRESENTATION_CONTEXT('2D SPACE',''
  ) );
#8715 = PCURVE('',#8364,#8716);
#8716 = DEFINITIONAL_REPRESENTATION('',(#8717),#8721);
#8717 = LINE('',#8718,#8719);
#8718 = CARTESIAN_POINT('',(118.8,-77.));
#8719 = VECTOR('',#8720,1.);
#8720 = DIRECTION('',(0.,1.));
#8721 = ( GEOMETRIC_REPRESENTATION_CONTEXT(2)
PARAMETRIC_REPRESENTATION_CONTEXT() REPRESENTATION_CONTEXT('2D SPACE',''
  ) );
#8722 = ADVANCED_FACE('',(#8723),#7520,.T.);
#8723 = FACE_BOUND('',#8724,.F.);
#8724 = EDGE_LOOP('',(#8725,#8747,#8748,#8770));
#8725 = ORIENTED_EDGE('',*,*,#8726,.F.);
#8726 = EDGE_CURVE('',#7502,#8727,#8729,.T.);
#8727 = VERTEX_POINT('',#8728);
#8728 = CARTESIAN_POINT('',(96.,93.,157.5));
#8729 = SURFACE_CURVE('',#8730,(#8735,#8741),.PCURVE_S1.);
#8730 = CIRCLE('',#8731,0.5);
#8731 = AXIS2_PLACEMENT_3D('',#8732,#8733,#8734);
#8732 = CARTESIAN_POINT('',(95.5,93.,157.5));
#8733 = DIRECTION('',(-0.,1.,0.));
#8734 = DIRECTION('',(1.,0.,0.));
#8735 = PCURVE('',#7520,#8736);
#8736 = DEFINITIONAL_REPRESENTATION('',(#8737),#8740);
#8737 = B_SPLINE_CURVE_WITH_KNOTS('',1,(#8738,#8739),.UNSPECIFIED.,.F.,
  .F.,(2,2),(4.712388980385,6.28318530718),.PIECEWISE_BEZIER_KNOTS.);
#8738 = CARTESIAN_POINT('',(0.,4.712388980385));
#8739 = CARTESIAN_POINT('',(0.,6.28318530718));
#8740 = ( GEOMETRIC_REPRESENTATION_CONTEXT(2)
PARAMETRIC_REPRESENTATION_CONTEXT() REPRESENTATION_CONTEXT('2D SPACE',''
  ) );
#8741 = PCURVE('',#7717,#8742);
#8742 = DEFINITIONAL_REPRESENTATION('',(#8743),#8746);
#8743 = B_SPLINE_CURVE_WITH_KNOTS('',1,(#8744,#8745),.UNSPECIFIED.,.F.,
  .F.,(2,2),(4.712388980385,6.28318530718),.PIECEWISE_BEZIER_KNOTS.);
#8744 = CARTESIAN_POINT('',(0.,86.));
#8745 = CARTESIAN_POINT('',(1.570796326795,86.));
#8746 = ( GEOMETRIC_REPRESENTATION_CONTEXT(2)
PARAMETRIC_REPRESENTATION_CONTEXT() REPRESENTATION_CONTEXT('2D SPACE',''
  ) );
#8747 = ORIENTED_EDGE('',*,*,#7501,.T.);
#8748 = ORIENTED_EDGE('',*,*,#8749,.T.);
#8749 = EDGE_CURVE('',#7504,#8750,#8752,.T.);
#8750 = VERTEX_POINT('',#8751);
#8751 = CARTESIAN_POINT('',(89.,100.,157.5));
#8752 = SURFACE_CURVE('',#8753,(#8758,#8764),.PCURVE_S1.);
#8753 = CIRCLE('',#8754,0.5);
#8754 = AXIS2_PLACEMENT_3D('',#8755,#8756,#8757);
#8755 = CARTESIAN_POINT('',(89.,99.5,157.5));
#8756 = DIRECTION('',(-1.,6.123233995737E-17,0.));
#8757 = DIRECTION('',(6.123233995737E-17,1.,0.));
#8758 = PCURVE('',#7520,#8759);
#8759 = DEFINITIONAL_REPRESENTATION('',(#8760),#8763);
#8760 = B_SPLINE_CURVE_WITH_KNOTS('',1,(#8761,#8762),.UNSPECIFIED.,.F.,
  .F.,(2,2),(4.712388980385,6.28318530718),.PIECEWISE_BEZIER_KNOTS.);
#8761 = CARTESIAN_POINT('',(-1.570796326795,4.712388980385));
#8762 = CARTESIAN_POINT('',(-1.570796326795,6.28318530718));
#8763 = ( GEOMETRIC_REPRESENTATION_CONTEXT(2)
PARAMETRIC_REPRESENTATION_CONTEXT() REPRESENTATION_CONTEXT('2D SPACE',''
  ) );
#8764 = PCURVE('',#7548,#8765);
#8765 = DEFINITIONAL_REPRESENTATION('',(#8766),#8769);
#8766 = B_SPLINE_CURVE_WITH_KNOTS('',1,(#8767,#8768),.UNSPECIFIED.,.F.,
  .F.,(2,2),(4.712388980385,6.28318530718),.PIECEWISE_BEZIER_KNOTS.);
#8767 = CARTESIAN_POINT('',(0.,0.));
#8768 = CARTESIAN_POINT('',(1.570796326795,0.));
#8769 = ( GEOMETRIC_REPRESENTATION_CONTEXT(2)
PARAMETRIC_REPRESENTATION_CONTEXT() REPRESENTATION_CONTEXT('2D SPACE',''
  ) );
#8770 = ORIENTED_EDGE('',*,*,#8771,.F.);
#8771 = EDGE_CURVE('',#8727,#8750,#8772,.T.);
#8772 = SURFACE_CURVE('',#8773,(#8778,#8785),.PCURVE_S1.);
#8773 = CIRCLE('',#8774,7.);
#8774 = AXIS2_PLACEMENT_3D('',#8775,#8776,#8777);
#8775 = CARTESIAN_POINT('',(89.,93.,157.5));
#8776 = DIRECTION('',(0.,0.,1.));
#8777 = DIRECTION('',(1.,0.,-0.));
#8778 = PCURVE('',#7520,#8779);
#8779 = DEFINITIONAL_REPRESENTATION('',(#8780),#8784);
#8780 = LINE('',#8781,#8782);
#8781 = CARTESIAN_POINT('',(-0.,6.28318530718));
#8782 = VECTOR('',#8783,1.);
#8783 = DIRECTION('',(-1.,0.));
#8784 = ( GEOMETRIC_REPRESENTATION_CONTEXT(2)
PARAMETRIC_REPRESENTATION_CONTEXT() REPRESENTATION_CONTEXT('2D SPACE',''
  ) );
#8785 = PCURVE('',#8786,#8791);
#8786 = CYLINDRICAL_SURFACE('',#8787,7.);
#8787 = AXIS2_PLACEMENT_3D('',#8788,#8789,#8790);
#8788 = CARTESIAN_POINT('',(89.,93.,0.));
#8789 = DIRECTION('',(0.,0.,1.));
#8790 = DIRECTION('',(1.,0.,-0.));
#8791 = DEFINITIONAL_REPRESENTATION('',(#8792),#8796);
#8792 = LINE('',#8793,#8794);
#8793 = CARTESIAN_POINT('',(0.,157.5));
#8794 = VECTOR('',#8795,1.);
#8795 = DIRECTION('',(1.,0.));
#8796 = ( GEOMETRIC_REPRESENTATION_CONTEXT(2)
PARAMETRIC_REPRESENTATION_CONTEXT() REPRESENTATION_CONTEXT('2D SPACE',''
  ) );
#8797 = ADVANCED_FACE('',(#8798),#7717,.T.);
#8798 = FACE_BOUND('',#8799,.T.);
#8799 = EDGE_LOOP('',(#8800,#8820,#8841,#8842));
#8800 = ORIENTED_EDGE('',*,*,#8801,.T.);
#8801 = EDGE_CURVE('',#7675,#8160,#8802,.T.);
#8802 = SURFACE_CURVE('',#8803,(#8808,#8814),.PCURVE_S1.);
#8803 = CIRCLE('',#8804,0.5);
#8804 = AXIS2_PLACEMENT_3D('',#8805,#8806,#8807);
#8805 = CARTESIAN_POINT('',(95.5,7.,157.5));
#8806 = DIRECTION('',(6.123233995737E-17,1.,0.));
#8807 = DIRECTION('',(1.,-6.123233995737E-17,0.));
#8808 = PCURVE('',#7717,#8809);
#8809 = DEFINITIONAL_REPRESENTATION('',(#8810),#8813);
#8810 = B_SPLINE_CURVE_WITH_KNOTS('',1,(#8811,#8812),.UNSPECIFIED.,.F.,
  .F.,(2,2),(4.712388980385,6.28318530718),.PIECEWISE_BEZIER_KNOTS.);
#8811 = CARTESIAN_POINT('',(0.,0.));
#8812 = CARTESIAN_POINT('',(1.570796326795,0.));
#8813 = ( GEOMETRIC_REPRESENTATION_CONTEXT(2)
PARAMETRIC_REPRESENTATION_CONTEXT() REPRESENTATION_CONTEXT('2D SPACE',''
  ) );
#8814 = PCURVE('',#7691,#8815);
#8815 = DEFINITIONAL_REPRESENTATION('',(#8816),#8819);
#8816 = B_SPLINE_CURVE_WITH_KNOTS('',1,(#8817,#8818),.UNSPECIFIED.,.F.,
  .F.,(2,2),(4.712388980385,6.28318530718),.PIECEWISE_BEZIER_KNOTS.);
#8817 = CARTESIAN_POINT('',(-1.570796326795,4.712388980385));
#8818 = CARTESIAN_POINT('',(-1.570796326795,6.28318530718));
#8819 = ( GEOMETRIC_REPRESENTATION_CONTEXT(2)
PARAMETRIC_REPRESENTATION_CONTEXT() REPRESENTATION_CONTEXT('2D SPACE',''
  ) );
#8820 = ORIENTED_EDGE('',*,*,#8821,.T.);
#8821 = EDGE_CURVE('',#8160,#8727,#8822,.T.);
#8822 = SURFACE_CURVE('',#8823,(#8827,#8834),.PCURVE_S1.);
#8823 = LINE('',#8824,#8825);
#8824 = CARTESIAN_POINT('',(96.,7.,157.5));
#8825 = VECTOR('',#8826,1.);
#8826 = DIRECTION('',(-0.,1.,0.));
#8827 = PCURVE('',#7717,#8828);
#8828 = DEFINITIONAL_REPRESENTATION('',(#8829),#8833);
#8829 = LINE('',#8830,#8831);
#8830 = CARTESIAN_POINT('',(1.570796326795,0.));
#8831 = VECTOR('',#8832,1.);
#8832 = DIRECTION('',(0.,1.));
#8833 = ( GEOMETRIC_REPRESENTATION_CONTEXT(2)
PARAMETRIC_REPRESENTATION_CONTEXT() REPRESENTATION_CONTEXT('2D SPACE',''
  ) );
#8834 = PCURVE('',#8199,#8835);
#8835 = DEFINITIONAL_REPRESENTATION('',(#8836),#8840);
#8836 = LINE('',#8837,#8838);
#8837 = CARTESIAN_POINT('',(157.5,-7.));
#8838 = VECTOR('',#8839,1.);
#8839 = DIRECTION('',(0.,-1.));
#8840 = ( GEOMETRIC_REPRESENTATION_CONTEXT(2)
PARAMETRIC_REPRESENTATION_CONTEXT() REPRESENTATION_CONTEXT('2D SPACE',''
  ) );
#8841 = ORIENTED_EDGE('',*,*,#8726,.F.);
#8842 = ORIENTED_EDGE('',*,*,#7703,.F.);
#8843 = ADVANCED_FACE('',(#8844),#7548,.T.);
#8844 = FACE_BOUND('',#8845,.T.);
#8845 = EDGE_LOOP('',(#8846,#8847,#8875,#8895));
#8846 = ORIENTED_EDGE('',*,*,#8749,.T.);
#8847 = ORIENTED_EDGE('',*,*,#8848,.T.);
#8848 = EDGE_CURVE('',#8750,#8849,#8851,.T.);
#8849 = VERTEX_POINT('',#8850);
#8850 = CARTESIAN_POINT('',(7.,100.,157.5));
#8851 = SURFACE_CURVE('',#8852,(#8856,#8863),.PCURVE_S1.);
#8852 = LINE('',#8853,#8854);
#8853 = CARTESIAN_POINT('',(89.,100.,157.5));
#8854 = VECTOR('',#8855,1.);
#8855 = DIRECTION('',(-1.,-0.,0.));
#8856 = PCURVE('',#7548,#8857);
#8857 = DEFINITIONAL_REPRESENTATION('',(#8858),#8862);
#8858 = LINE('',#8859,#8860);
#8859 = CARTESIAN_POINT('',(1.570796326795,0.));
#8860 = VECTOR('',#8861,1.);
#8861 = DIRECTION('',(0.,1.));
#8862 = ( GEOMETRIC_REPRESENTATION_CONTEXT(2)
PARAMETRIC_REPRESENTATION_CONTEXT() REPRESENTATION_CONTEXT('2D SPACE',''
  ) );
#8863 = PCURVE('',#8864,#8869);
#8864 = PLANE('',#8865);
#8865 = AXIS2_PLACEMENT_3D('',#8866,#8867,#8868);
#8866 = CARTESIAN_POINT('',(0.,100.,0.));
#8867 = DIRECTION('',(-0.,1.,0.));
#8868 = DIRECTION('',(0.,0.,1.));
#8869 = DEFINITIONAL_REPRESENTATION('',(#8870),#8874);
#8870 = LINE('',#8871,#8872);
#8871 = CARTESIAN_POINT('',(157.5,89.));
#8872 = VECTOR('',#8873,1.);
#8873 = DIRECTION('',(0.,-1.));
#8874 = ( GEOMETRIC_REPRESENTATION_CONTEXT(2)
PARAMETRIC_REPRESENTATION_CONTEXT() REPRESENTATION_CONTEXT('2D SPACE',''
  ) );
#8875 = ORIENTED_EDGE('',*,*,#8876,.F.);
#8876 = EDGE_CURVE('',#7533,#8849,#8877,.T.);
#8877 = SURFACE_CURVE('',#8878,(#8883,#8889),.PCURVE_S1.);
#8878 = CIRCLE('',#8879,0.5);
#8879 = AXIS2_PLACEMENT_3D('',#8880,#8881,#8882);
#8880 = CARTESIAN_POINT('',(7.,99.5,157.5));
#8881 = DIRECTION('',(-1.,-0.,0.));
#8882 = DIRECTION('',(0.,0.,1.));
#8883 = PCURVE('',#7548,#8884);
#8884 = DEFINITIONAL_REPRESENTATION('',(#8885),#8888);
#8885 = B_SPLINE_CURVE_WITH_KNOTS('',1,(#8886,#8887),.UNSPECIFIED.,.F.,
  .F.,(2,2),(0.,1.570796326795),.PIECEWISE_BEZIER_KNOTS.);
#8886 = CARTESIAN_POINT('',(0.,82.));
#8887 = CARTESIAN_POINT('',(1.570796326795,82.));
#8888 = ( GEOMETRIC_REPRESENTATION_CONTEXT(2)
PARAMETRIC_REPRESENTATION_CONTEXT() REPRESENTATION_CONTEXT('2D SPACE',''
  ) );
#8889 = PCURVE('',#7577,#8890);
#8890 = DEFINITIONAL_REPRESENTATION('',(#8891),#8894);
#8891 = B_SPLINE_CURVE_WITH_KNOTS('',1,(#8892,#8893),.UNSPECIFIED.,.F.,
  .F.,(2,2),(0.,1.570796326795),.PIECEWISE_BEZIER_KNOTS.);
#8892 = CARTESIAN_POINT('',(0.,4.712388980385));
#8893 = CARTESIAN_POINT('',(0.,6.28318530718));
#8894 = ( GEOMETRIC_REPRESENTATION_CONTEXT(2)
PARAMETRIC_REPRESENTATION_CONTEXT() REPRESENTATION_CONTEXT('2D SPACE',''
  ) );
#8895 = ORIENTED_EDGE('',*,*,#7532,.F.);
#8896 = ADVANCED_FACE('',(#8897),#7691,.T.);
#8897 = FACE_BOUND('',#8898,.F.);
#8898 = EDGE_LOOP('',(#8899,#8919,#8920,#8921));
#8899 = ORIENTED_EDGE('',*,*,#8900,.F.);
#8900 = EDGE_CURVE('',#7647,#8137,#8901,.T.);
#8901 = SURFACE_CURVE('',#8902,(#8907,#8913),.PCURVE_S1.);
#8902 = CIRCLE('',#8903,0.5);
#8903 = AXIS2_PLACEMENT_3D('',#8904,#8905,#8906);
#8904 = CARTESIAN_POINT('',(89.,0.5,157.5));
#8905 = DIRECTION('',(1.,0.,-0.));
#8906 = DIRECTION('',(0.,0.,1.));
#8907 = PCURVE('',#7691,#8908);
#8908 = DEFINITIONAL_REPRESENTATION('',(#8909),#8912);
#8909 = B_SPLINE_CURVE_WITH_KNOTS('',1,(#8910,#8911),.UNSPECIFIED.,.F.,
  .F.,(2,2),(0.,1.570796326795),.PIECEWISE_BEZIER_KNOTS.);
#8910 = CARTESIAN_POINT('',(0.,4.712388980385));
#8911 = CARTESIAN_POINT('',(0.,6.28318530718));
#8912 = ( GEOMETRIC_REPRESENTATION_CONTEXT(2)
PARAMETRIC_REPRESENTATION_CONTEXT() REPRESENTATION_CONTEXT('2D SPACE',''
  ) );
#8913 = PCURVE('',#7662,#8914);
#8914 = DEFINITIONAL_REPRESENTATION('',(#8915),#8918);
#8915 = B_SPLINE_CURVE_WITH_KNOTS('',1,(#8916,#8917),.UNSPECIFIED.,.F.,
  .F.,(2,2),(0.,1.570796326795),.PIECEWISE_BEZIER_KNOTS.);
#8916 = CARTESIAN_POINT('',(0.,82.));
#8917 = CARTESIAN_POINT('',(1.570796326795,82.));
#8918 = ( GEOMETRIC_REPRESENTATION_CONTEXT(2)
PARAMETRIC_REPRESENTATION_CONTEXT() REPRESENTATION_CONTEXT('2D SPACE',''
  ) );
#8919 = ORIENTED_EDGE('',*,*,#7674,.T.);
#8920 = ORIENTED_EDGE('',*,*,#8801,.T.);
#8921 = ORIENTED_EDGE('',*,*,#8159,.F.);
#8922 = ADVANCED_FACE('',(#8923),#7577,.T.);
#8923 = FACE_BOUND('',#8924,.F.);
#8924 = EDGE_LOOP('',(#8925,#8926,#8927,#8949));
#8925 = ORIENTED_EDGE('',*,*,#8876,.F.);
#8926 = ORIENTED_EDGE('',*,*,#7560,.T.);
#8927 = ORIENTED_EDGE('',*,*,#8928,.T.);
#8928 = EDGE_CURVE('',#7561,#8929,#8931,.T.);
#8929 = VERTEX_POINT('',#8930);
#8930 = CARTESIAN_POINT('',(-8.881784197001E-16,93.,157.5));
#8931 = SURFACE_CURVE('',#8932,(#8937,#8943),.PCURVE_S1.);
#8932 = CIRCLE('',#8933,0.5);
#8933 = AXIS2_PLACEMENT_3D('',#8934,#8935,#8936);
#8934 = CARTESIAN_POINT('',(0.5,93.,157.5));
#8935 = DIRECTION('',(6.565029142836E-17,-1.,0.));
#8936 = DIRECTION('',(-1.,-6.565029142836E-17,0.));
#8937 = PCURVE('',#7577,#8938);
#8938 = DEFINITIONAL_REPRESENTATION('',(#8939),#8942);
#8939 = B_SPLINE_CURVE_WITH_KNOTS('',1,(#8940,#8941),.UNSPECIFIED.,.F.,
  .F.,(2,2),(4.712388980385,6.28318530718),.PIECEWISE_BEZIER_KNOTS.);
#8940 = CARTESIAN_POINT('',(-1.570796326795,4.712388980385));
#8941 = CARTESIAN_POINT('',(-1.570796326795,6.28318530718));
#8942 = ( GEOMETRIC_REPRESENTATION_CONTEXT(2)
PARAMETRIC_REPRESENTATION_CONTEXT() REPRESENTATION_CONTEXT('2D SPACE',''
  ) );
#8943 = PCURVE('',#7605,#8944);
#8944 = DEFINITIONAL_REPRESENTATION('',(#8945),#8948);
#8945 = B_SPLINE_CURVE_WITH_KNOTS('',1,(#8946,#8947),.UNSPECIFIED.,.F.,
  .F.,(2,2),(4.712388980385,6.28318530718),.PIECEWISE_BEZIER_KNOTS.);
#8946 = CARTESIAN_POINT('',(0.,0.));
#8947 = CARTESIAN_POINT('',(1.570796326795,0.));
#8948 = ( GEOMETRIC_REPRESENTATION_CONTEXT(2)
PARAMETRIC_REPRESENTATION_CONTEXT() REPRESENTATION_CONTEXT('2D SPACE',''
  ) );
#8949 = ORIENTED_EDGE('',*,*,#8950,.F.);
#8950 = EDGE_CURVE('',#8849,#8929,#8951,.T.);
#8951 = SURFACE_CURVE('',#8952,(#8957,#8964),.PCURVE_S1.);
#8952 = CIRCLE('',#8953,7.);
#8953 = AXIS2_PLACEMENT_3D('',#8954,#8955,#8956);
#8954 = CARTESIAN_POINT('',(7.,93.,157.5));
#8955 = DIRECTION('',(0.,0.,1.));
#8956 = DIRECTION('',(-1.268826313857E-16,1.,0.));
#8957 = PCURVE('',#7577,#8958);
#8958 = DEFINITIONAL_REPRESENTATION('',(#8959),#8963);
#8959 = LINE('',#8960,#8961);
#8960 = CARTESIAN_POINT('',(-0.,6.28318530718));
#8961 = VECTOR('',#8962,1.);
#8962 = DIRECTION('',(-1.,0.));
#8963 = ( GEOMETRIC_REPRESENTATION_CONTEXT(2)
PARAMETRIC_REPRESENTATION_CONTEXT() REPRESENTATION_CONTEXT('2D SPACE',''
  ) );
#8964 = PCURVE('',#8965,#8970);
#8965 = CYLINDRICAL_SURFACE('',#8966,7.);
#8966 = AXIS2_PLACEMENT_3D('',#8967,#8968,#8969);
#8967 = CARTESIAN_POINT('',(7.,93.,0.));
#8968 = DIRECTION('',(0.,0.,1.));
#8969 = DIRECTION('',(-1.,-0.,0.));
#8970 = DEFINITIONAL_REPRESENTATION('',(#8971),#8975);
#8971 = LINE('',#8972,#8973);
#8972 = CARTESIAN_POINT('',(-1.570796326795,157.5));
#8973 = VECTOR('',#8974,1.);
#8974 = DIRECTION('',(1.,-0.));
#8975 = ( GEOMETRIC_REPRESENTATION_CONTEXT(2)
PARAMETRIC_REPRESENTATION_CONTEXT() REPRESENTATION_CONTEXT('2D SPACE',''
  ) );
#8976 = ADVANCED_FACE('',(#8977),#7662,.T.);
#8977 = FACE_BOUND('',#8978,.T.);
#8978 = EDGE_LOOP('',(#8979,#8999,#9000,#9001));
#8979 = ORIENTED_EDGE('',*,*,#8980,.T.);
#8980 = EDGE_CURVE('',#7618,#8302,#8981,.T.);
#8981 = SURFACE_CURVE('',#8982,(#8987,#8993),.PCURVE_S1.);
#8982 = CIRCLE('',#8983,0.5);
#8983 = AXIS2_PLACEMENT_3D('',#8984,#8985,#8986);
#8984 = CARTESIAN_POINT('',(7.,0.5,157.5));
#8985 = DIRECTION('',(1.,-6.123233995737E-17,0.));
#8986 = DIRECTION('',(-6.123233995737E-17,-1.,0.));
#8987 = PCURVE('',#7662,#8988);
#8988 = DEFINITIONAL_REPRESENTATION('',(#8989),#8992);
#8989 = B_SPLINE_CURVE_WITH_KNOTS('',1,(#8990,#8991),.UNSPECIFIED.,.F.,
  .F.,(2,2),(4.712388980385,6.28318530718),.PIECEWISE_BEZIER_KNOTS.);
#8990 = CARTESIAN_POINT('',(0.,0.));
#8991 = CARTESIAN_POINT('',(1.570796326795,0.));
#8992 = ( GEOMETRIC_REPRESENTATION_CONTEXT(2)
PARAMETRIC_REPRESENTATION_CONTEXT() REPRESENTATION_CONTEXT('2D SPACE',''
  ) );
#8993 = PCURVE('',#7634,#8994);
#8994 = DEFINITIONAL_REPRESENTATION('',(#8995),#8998);
#8995 = B_SPLINE_CURVE_WITH_KNOTS('',1,(#8996,#8997),.UNSPECIFIED.,.F.,
  .F.,(2,2),(4.712388980385,6.28318530718),.PIECEWISE_BEZIER_KNOTS.);
#8996 = CARTESIAN_POINT('',(-1.570796326795,4.712388980385));
#8997 = CARTESIAN_POINT('',(-1.570796326795,6.28318530718));
#8998 = ( GEOMETRIC_REPRESENTATION_CONTEXT(2)
PARAMETRIC_REPRESENTATION_CONTEXT() REPRESENTATION_CONTEXT('2D SPACE',''
  ) );
#8999 = ORIENTED_EDGE('',*,*,#8409,.T.);
#9000 = ORIENTED_EDGE('',*,*,#8900,.F.);
#9001 = ORIENTED_EDGE('',*,*,#7646,.F.);
#9002 = ADVANCED_FACE('',(#9003),#7605,.T.);
#9003 = FACE_BOUND('',#9004,.T.);
#9004 = EDGE_LOOP('',(#9005,#9006,#9027,#9047));
#9005 = ORIENTED_EDGE('',*,*,#8928,.T.);
#9006 = ORIENTED_EDGE('',*,*,#9007,.T.);
#9007 = EDGE_CURVE('',#8929,#8325,#9008,.T.);
#9008 = SURFACE_CURVE('',#9009,(#9013,#9020),.PCURVE_S1.);
#9009 = LINE('',#9010,#9011);
#9010 = CARTESIAN_POINT('',(-1.110223024625E-16,93.,157.5));
#9011 = VECTOR('',#9012,1.);
#9012 = DIRECTION('',(0.,-1.,-0.));
#9013 = PCURVE('',#7605,#9014);
#9014 = DEFINITIONAL_REPRESENTATION('',(#9015),#9019);
#9015 = LINE('',#9016,#9017);
#9016 = CARTESIAN_POINT('',(1.570796326795,0.));
#9017 = VECTOR('',#9018,1.);
#9018 = DIRECTION('',(0.,1.));
#9019 = ( GEOMETRIC_REPRESENTATION_CONTEXT(2)
PARAMETRIC_REPRESENTATION_CONTEXT() REPRESENTATION_CONTEXT('2D SPACE',''
  ) );
#9020 = PCURVE('',#8364,#9021);
#9021 = DEFINITIONAL_REPRESENTATION('',(#9022),#9026);
#9022 = LINE('',#9023,#9024);
#9023 = CARTESIAN_POINT('',(157.5,-93.));
#9024 = VECTOR('',#9025,1.);
#9025 = DIRECTION('',(0.,1.));
#9026 = ( GEOMETRIC_REPRESENTATION_CONTEXT(2)
PARAMETRIC_REPRESENTATION_CONTEXT() REPRESENTATION_CONTEXT('2D SPACE',''
  ) );
#9027 = ORIENTED_EDGE('',*,*,#9028,.F.);
#9028 = EDGE_CURVE('',#7590,#8325,#9029,.T.);
#9029 = SURFACE_CURVE('',#9030,(#9035,#9041),.PCURVE_S1.);
#9030 = CIRCLE('',#9031,0.5);
#9031 = AXIS2_PLACEMENT_3D('',#9032,#9033,#9034);
#9032 = CARTESIAN_POINT('',(0.5,7.,157.5));
#9033 = DIRECTION('',(0.,-1.,0.));
#9034 = DIRECTION('',(0.,0.,1.));
#9035 = PCURVE('',#7605,#9036);
#9036 = DEFINITIONAL_REPRESENTATION('',(#9037),#9040);
#9037 = B_SPLINE_CURVE_WITH_KNOTS('',1,(#9038,#9039),.UNSPECIFIED.,.F.,
  .F.,(2,2),(0.,1.570796326795),.PIECEWISE_BEZIER_KNOTS.);
#9038 = CARTESIAN_POINT('',(0.,86.));
#9039 = CARTESIAN_POINT('',(1.570796326795,86.));
#9040 = ( GEOMETRIC_REPRESENTATION_CONTEXT(2)
PARAMETRIC_REPRESENTATION_CONTEXT() REPRESENTATION_CONTEXT('2D SPACE',''
  ) );
#9041 = PCURVE('',#7634,#9042);
#9042 = DEFINITIONAL_REPRESENTATION('',(#9043),#9046);
#9043 = B_SPLINE_CURVE_WITH_KNOTS('',1,(#9044,#9045),.UNSPECIFIED.,.F.,
  .F.,(2,2),(0.,1.570796326795),.PIECEWISE_BEZIER_KNOTS.);
#9044 = CARTESIAN_POINT('',(0.,4.712388980385));
#9045 = CARTESIAN_POINT('',(0.,6.28318530718));
#9046 = ( GEOMETRIC_REPRESENTATION_CONTEXT(2)
PARAMETRIC_REPRESENTATION_CONTEXT() REPRESENTATION_CONTEXT('2D SPACE',''
  ) );
#9047 = ORIENTED_EDGE('',*,*,#7589,.F.);
#9048 = ADVANCED_FACE('',(#9049),#7634,.T.);
#9049 = FACE_BOUND('',#9050,.F.);
#9050 = EDGE_LOOP('',(#9051,#9052,#9053,#9054));
#9051 = ORIENTED_EDGE('',*,*,#9028,.F.);
#9052 = ORIENTED_EDGE('',*,*,#7617,.T.);
#9053 = ORIENTED_EDGE('',*,*,#8980,.T.);
#9054 = ORIENTED_EDGE('',*,*,#8324,.F.);
#9055 = ADVANCED_FACE('',(#9056),#7748,.F.);
#9056 = FACE_BOUND('',#9057,.F.);
#9057 = EDGE_LOOP('',(#9058,#9059,#9082,#9109));
#9058 = ORIENTED_EDGE('',*,*,#7731,.F.);
#9059 = ORIENTED_EDGE('',*,*,#9060,.F.);
#9060 = EDGE_CURVE('',#9061,#7732,#9063,.T.);
#9061 = VERTEX_POINT('',#9062);
#9062 = CARTESIAN_POINT('',(4.9,15.,151.));
#9063 = SEAM_CURVE('',#9064,(#9068,#9075),.PCURVE_S1.);
#9064 = LINE('',#9065,#9066);
#9065 = CARTESIAN_POINT('',(4.9,15.,151.));
#9066 = VECTOR('',#9067,1.);
#9067 = DIRECTION('',(0.,0.,1.));
#9068 = PCURVE('',#7748,#9069);
#9069 = DEFINITIONAL_REPRESENTATION('',(#9070),#9074);
#9070 = LINE('',#9071,#9072);
#9071 = CARTESIAN_POINT('',(6.28318530718,-0.));
#9072 = VECTOR('',#9073,1.);
#9073 = DIRECTION('',(0.,1.));
#9074 = ( GEOMETRIC_REPRESENTATION_CONTEXT(2)
PARAMETRIC_REPRESENTATION_CONTEXT() REPRESENTATION_CONTEXT('2D SPACE',''
  ) );
#9075 = PCURVE('',#7748,#9076);
#9076 = DEFINITIONAL_REPRESENTATION('',(#9077),#9081);
#9077 = LINE('',#9078,#9079);
#9078 = CARTESIAN_POINT('',(0.,-0.));
#9079 = VECTOR('',#9080,1.);
#9080 = DIRECTION('',(0.,1.));
#9081 = ( GEOMETRIC_REPRESENTATION_CONTEXT(2)
PARAMETRIC_REPRESENTATION_CONTEXT() REPRESENTATION_CONTEXT('2D SPACE',''
  ) );
#9082 = ORIENTED_EDGE('',*,*,#9083,.T.);
#9083 = EDGE_CURVE('',#9061,#9061,#9084,.T.);
#9084 = SURFACE_CURVE('',#9085,(#9090,#9097),.PCURVE_S1.);
#9085 = CIRCLE('',#9086,1.4);
#9086 = AXIS2_PLACEMENT_3D('',#9087,#9088,#9089);
#9087 = CARTESIAN_POINT('',(3.5,15.,151.));
#9088 = DIRECTION('',(0.,0.,1.));
#9089 = DIRECTION('',(1.,0.,-0.));
#9090 = PCURVE('',#7748,#9091);
#9091 = DEFINITIONAL_REPRESENTATION('',(#9092),#9096);
#9092 = LINE('',#9093,#9094);
#9093 = CARTESIAN_POINT('',(0.,0.));
#9094 = VECTOR('',#9095,1.);
#9095 = DIRECTION('',(1.,0.));
#9096 = ( GEOMETRIC_REPRESENTATION_CONTEXT(2)
PARAMETRIC_REPRESENTATION_CONTEXT() REPRESENTATION_CONTEXT('2D SPACE',''
  ) );
#9097 = PCURVE('',#9098,#9103);
#9098 = PLANE('',#9099);
#9099 = AXIS2_PLACEMENT_3D('',#9100,#9101,#9102);
#9100 = CARTESIAN_POINT('',(3.5,15.,151.));
#9101 = DIRECTION('',(0.,0.,1.));
#9102 = DIRECTION('',(1.,0.,-0.));
#9103 = DEFINITIONAL_REPRESENTATION('',(#9104),#9108);
#9104 = CIRCLE('',#9105,1.4);
#9105 = AXIS2_PLACEMENT_2D('',#9106,#9107);
#9106 = CARTESIAN_POINT('',(0.,0.));
#9107 = DIRECTION('',(1.,0.));
#9108 = ( GEOMETRIC_REPRESENTATION_CONTEXT(2)
PARAMETRIC_REPRESENTATION_CONTEXT() REPRESENTATION_CONTEXT('2D SPACE',''
  ) );
#9109 = ORIENTED_EDGE('',*,*,#9060,.T.);
#9110 = ADVANCED_FACE('',(#9111),#7779,.F.);
#9111 = FACE_BOUND('',#9112,.F.);
#9112 = EDGE_LOOP('',(#9113,#9114,#9137,#9164));
#9113 = ORIENTED_EDGE('',*,*,#7762,.F.);
#9114 = ORIENTED_EDGE('',*,*,#9115,.F.);
#9115 = EDGE_CURVE('',#9116,#7763,#9118,.T.);
#9116 = VERTEX_POINT('',#9117);
#9117 = CARTESIAN_POINT('',(93.9,15.,151.));
#9118 = SEAM_CURVE('',#9119,(#9123,#9130),.PCURVE_S1.);
#9119 = LINE('',#9120,#9121);
#9120 = CARTESIAN_POINT('',(93.9,15.,151.));
#9121 = VECTOR('',#9122,1.);
#9122 = DIRECTION('',(0.,0.,1.));
#9123 = PCURVE('',#7779,#9124);
#9124 = DEFINITIONAL_REPRESENTATION('',(#9125),#9129);
#9125 = LINE('',#9126,#9127);
#9126 = CARTESIAN_POINT('',(6.28318530718,-0.));
#9127 = VECTOR('',#9128,1.);
#9128 = DIRECTION('',(0.,1.));
#9129 = ( GEOMETRIC_REPRESENTATION_CONTEXT(2)
PARAMETRIC_REPRESENTATION_CONTEXT() REPRESENTATION_CONTEXT('2D SPACE',''
  ) );
#9130 = PCURVE('',#7779,#9131);
#9131 = DEFINITIONAL_REPRESENTATION('',(#9132),#9136);
#9132 = LINE('',#9133,#9134);
#9133 = CARTESIAN_POINT('',(0.,-0.));
#9134 = VECTOR('',#9135,1.);
#9135 = DIRECTION('',(0.,1.));
#9136 = ( GEOMETRIC_REPRESENTATION_CONTEXT(2)
PARAMETRIC_REPRESENTATION_CONTEXT() REPRESENTATION_CONTEXT('2D SPACE',''
  ) );
#9137 = ORIENTED_EDGE('',*,*,#9138,.T.);
#9138 = EDGE_CURVE('',#9116,#9116,#9139,.T.);
#9139 = SURFACE_CURVE('',#9140,(#9145,#9152),.PCURVE_S1.);
#9140 = CIRCLE('',#9141,1.4);
#9141 = AXIS2_PLACEMENT_3D('',#9142,#9143,#9144);
#9142 = CARTESIAN_POINT('',(92.5,15.,151.));
#9143 = DIRECTION('',(0.,0.,1.));
#9144 = DIRECTION('',(1.,0.,-0.));
#9145 = PCURVE('',#7779,#9146);
#9146 = DEFINITIONAL_REPRESENTATION('',(#9147),#9151);
#9147 = LINE('',#9148,#9149);
#9148 = CARTESIAN_POINT('',(0.,0.));
#9149 = VECTOR('',#9150,1.);
#9150 = DIRECTION('',(1.,0.));
#9151 = ( GEOMETRIC_REPRESENTATION_CONTEXT(2)
PARAMETRIC_REPRESENTATION_CONTEXT() REPRESENTATION_CONTEXT('2D SPACE',''
  ) );
#9152 = PCURVE('',#9153,#9158);
#9153 = PLANE('',#9154);
#9154 = AXIS2_PLACEMENT_3D('',#9155,#9156,#9157);
#9155 = CARTESIAN_POINT('',(92.5,15.,151.));
#9156 = DIRECTION('',(0.,0.,1.));
#9157 = DIRECTION('',(1.,0.,-0.));
#9158 = DEFINITIONAL_REPRESENTATION('',(#9159),#9163);
#9159 = CIRCLE('',#9160,1.4);
#9160 = AXIS2_PLACEMENT_2D('',#9161,#9162);
#9161 = CARTESIAN_POINT('',(0.,0.));
#9162 = DIRECTION('',(1.,0.));
#9163 = ( GEOMETRIC_REPRESENTATION_CONTEXT(2)
PARAMETRIC_REPRESENTATION_CONTEXT() REPRESENTATION_CONTEXT('2D SPACE',''
  ) );
#9164 = ORIENTED_EDGE('',*,*,#9115,.T.);
#9165 = ADVANCED_FACE('',(#9166),#7842,.F.);
#9166 = FACE_BOUND('',#9167,.F.);
#9167 = EDGE_LOOP('',(#9168,#9169,#9192,#9219));
#9168 = ORIENTED_EDGE('',*,*,#7825,.F.);
#9169 = ORIENTED_EDGE('',*,*,#9170,.F.);
#9170 = EDGE_CURVE('',#9171,#7826,#9173,.T.);
#9171 = VERTEX_POINT('',#9172);
#9172 = CARTESIAN_POINT('',(4.9,85.,151.));
#9173 = SEAM_CURVE('',#9174,(#9178,#9185),.PCURVE_S1.);
#9174 = LINE('',#9175,#9176);
#9175 = CARTESIAN_POINT('',(4.9,85.,151.));
#9176 = VECTOR('',#9177,1.);
#9177 = DIRECTION('',(0.,0.,1.));
#9178 = PCURVE('',#7842,#9179);
#9179 = DEFINITIONAL_REPRESENTATION('',(#9180),#9184);
#9180 = LINE('',#9181,#9182);
#9181 = CARTESIAN_POINT('',(6.28318530718,-0.));
#9182 = VECTOR('',#9183,1.);
#9183 = DIRECTION('',(0.,1.));
#9184 = ( GEOMETRIC_REPRESENTATION_CONTEXT(2)
PARAMETRIC_REPRESENTATION_CONTEXT() REPRESENTATION_CONTEXT('2D SPACE',''
  ) );
#9185 = PCURVE('',#7842,#9186);
#9186 = DEFINITIONAL_REPRESENTATION('',(#9187),#9191);
#9187 = LINE('',#9188,#9189);
#9188 = CARTESIAN_POINT('',(0.,-0.));
#9189 = VECTOR('',#9190,1.);
#9190 = DIRECTION('',(0.,1.));
#9191 = ( GEOMETRIC_REPRESENTATION_CONTEXT(2)
PARAMETRIC_REPRESENTATION_CONTEXT() REPRESENTATION_CONTEXT('2D SPACE',''
  ) );
#9192 = ORIENTED_EDGE('',*,*,#9193,.T.);
#9193 = EDGE_CURVE('',#9171,#9171,#9194,.T.);
#9194 = SURFACE_CURVE('',#9195,(#9200,#9207),.PCURVE_S1.);
#9195 = CIRCLE('',#9196,1.4);
#9196 = AXIS2_PLACEMENT_3D('',#9197,#9198,#9199);
#9197 = CARTESIAN_POINT('',(3.5,85.,151.));
#9198 = DIRECTION('',(0.,0.,1.));
#9199 = DIRECTION('',(1.,0.,-0.));
#9200 = PCURVE('',#7842,#9201);
#9201 = DEFINITIONAL_REPRESENTATION('',(#9202),#9206);
#9202 = LINE('',#9203,#9204);
#9203 = CARTESIAN_POINT('',(0.,0.));
#9204 = VECTOR('',#9205,1.);
#9205 = DIRECTION('',(1.,0.));
#9206 = ( GEOMETRIC_REPRESENTATION_CONTEXT(2)
PARAMETRIC_REPRESENTATION_CONTEXT() REPRESENTATION_CONTEXT('2D SPACE',''
  ) );
#9207 = PCURVE('',#9208,#9213);
#9208 = PLANE('',#9209);
#9209 = AXIS2_PLACEMENT_3D('',#9210,#9211,#9212);
#9210 = CARTESIAN_POINT('',(3.5,85.,151.));
#9211 = DIRECTION('',(0.,0.,1.));
#9212 = DIRECTION('',(1.,0.,-0.));
#9213 = DEFINITIONAL_REPRESENTATION('',(#9214),#9218);
#9214 = CIRCLE('',#9215,1.4);
#9215 = AXIS2_PLACEMENT_2D('',#9216,#9217);
#9216 = CARTESIAN_POINT('',(0.,0.));
#9217 = DIRECTION('',(1.,0.));
#9218 = ( GEOMETRIC_REPRESENTATION_CONTEXT(2)
PARAMETRIC_REPRESENTATION_CONTEXT() REPRESENTATION_CONTEXT('2D SPACE',''
  ) );
#9219 = ORIENTED_EDGE('',*,*,#9170,.T.);
#9220 = ADVANCED_FACE('',(#9221),#7873,.F.);
#9221 = FACE_BOUND('',#9222,.F.);
#9222 = EDGE_LOOP('',(#9223,#9224,#9247,#9274));
#9223 = ORIENTED_EDGE('',*,*,#7856,.F.);
#9224 = ORIENTED_EDGE('',*,*,#9225,.F.);
#9225 = EDGE_CURVE('',#9226,#7857,#9228,.T.);
#9226 = VERTEX_POINT('',#9227);
#9227 = CARTESIAN_POINT('',(93.9,85.,151.));
#9228 = SEAM_CURVE('',#9229,(#9233,#9240),.PCURVE_S1.);
#9229 = LINE('',#9230,#9231);
#9230 = CARTESIAN_POINT('',(93.9,85.,151.));
#9231 = VECTOR('',#9232,1.);
#9232 = DIRECTION('',(0.,0.,1.));
#9233 = PCURVE('',#7873,#9234);
#9234 = DEFINITIONAL_REPRESENTATION('',(#9235),#9239);
#9235 = LINE('',#9236,#9237);
#9236 = CARTESIAN_POINT('',(6.28318530718,-0.));
#9237 = VECTOR('',#9238,1.);
#9238 = DIRECTION('',(0.,1.));
#9239 = ( GEOMETRIC_REPRESENTATION_CONTEXT(2)
PARAMETRIC_REPRESENTATION_CONTEXT() REPRESENTATION_CONTEXT('2D SPACE',''
  ) );
#9240 = PCURVE('',#7873,#9241);
#9241 = DEFINITIONAL_REPRESENTATION('',(#9242),#9246);
#9242 = LINE('',#9243,#9244);
#9243 = CARTESIAN_POINT('',(0.,-0.));
#9244 = VECTOR('',#9245,1.);
#9245 = DIRECTION('',(0.,1.));
#9246 = ( GEOMETRIC_REPRESENTATION_CONTEXT(2)
PARAMETRIC_REPRESENTATION_CONTEXT() REPRESENTATION_CONTEXT('2D SPACE',''
  ) );
#9247 = ORIENTED_EDGE('',*,*,#9248,.T.);
#9248 = EDGE_CURVE('',#9226,#9226,#9249,.T.);
#9249 = SURFACE_CURVE('',#9250,(#9255,#9262),.PCURVE_S1.);
#9250 = CIRCLE('',#9251,1.4);
#9251 = AXIS2_PLACEMENT_3D('',#9252,#9253,#9254);
#9252 = CARTESIAN_POINT('',(92.5,85.,151.));
#9253 = DIRECTION('',(0.,0.,1.));
#9254 = DIRECTION('',(1.,0.,-0.));
#9255 = PCURVE('',#7873,#9256);
#9256 = DEFINITIONAL_REPRESENTATION('',(#9257),#9261);
#9257 = LINE('',#9258,#9259);
#9258 = CARTESIAN_POINT('',(0.,0.));
#9259 = VECTOR('',#9260,1.);
#9260 = DIRECTION('',(1.,0.));
#9261 = ( GEOMETRIC_REPRESENTATION_CONTEXT(2)
PARAMETRIC_REPRESENTATION_CONTEXT() REPRESENTATION_CONTEXT('2D SPACE',''
  ) );
#9262 = PCURVE('',#9263,#9268);
#9263 = PLANE('',#9264);
#9264 = AXIS2_PLACEMENT_3D('',#9265,#9266,#9267);
#9265 = CARTESIAN_POINT('',(92.5,85.,151.));
#9266 = DIRECTION('',(0.,0.,1.));
#9267 = DIRECTION('',(1.,0.,-0.));
#9268 = DEFINITIONAL_REPRESENTATION('',(#9269),#9273);
#9269 = CIRCLE('',#9270,1.4);
#9270 = AXIS2_PLACEMENT_2D('',#9271,#9272);
#9271 = CARTESIAN_POINT('',(0.,0.));
#9272 = DIRECTION('',(1.,0.));
#9273 = ( GEOMETRIC_REPRESENTATION_CONTEXT(2)
PARAMETRIC_REPRESENTATION_CONTEXT() REPRESENTATION_CONTEXT('2D SPACE',''
  ) );
#9274 = ORIENTED_EDGE('',*,*,#9225,.T.);
#9275 = ADVANCED_FACE('',(#9276),#7926,.T.);
#9276 = FACE_BOUND('',#9277,.F.);
#9277 = EDGE_LOOP('',(#9278,#9299,#9300,#9301));
#9278 = ORIENTED_EDGE('',*,*,#9279,.F.);
#9279 = EDGE_CURVE('',#7889,#9280,#9282,.T.);
#9280 = VERTEX_POINT('',#9281);
#9281 = CARTESIAN_POINT('',(76.5,76.,142.2));
#9282 = SEAM_CURVE('',#9283,(#9287,#9293),.PCURVE_S1.);
#9283 = LINE('',#9284,#9285);
#9284 = CARTESIAN_POINT('',(76.5,76.3,142.5));
#9285 = VECTOR('',#9286,1.);
#9286 = DIRECTION('',(-0.,-0.707106781187,-0.707106781187));
#9287 = PCURVE('',#7926,#9288);
#9288 = DEFINITIONAL_REPRESENTATION('',(#9289),#9292);
#9289 = B_SPLINE_CURVE_WITH_KNOTS('',1,(#9290,#9291),.UNSPECIFIED.,.F.,
  .F.,(2,2),(0.,0.424264068712),.PIECEWISE_BEZIER_KNOTS.);
#9290 = CARTESIAN_POINT('',(0.,0.));
#9291 = CARTESIAN_POINT('',(0.,-0.3));
#9292 = ( GEOMETRIC_REPRESENTATION_CONTEXT(2)
PARAMETRIC_REPRESENTATION_CONTEXT() REPRESENTATION_CONTEXT('2D SPACE',''
  ) );
#9293 = PCURVE('',#7926,#9294);
#9294 = DEFINITIONAL_REPRESENTATION('',(#9295),#9298);
#9295 = B_SPLINE_CURVE_WITH_KNOTS('',1,(#9296,#9297),.UNSPECIFIED.,.F.,
  .F.,(2,2),(0.,0.424264068712),.PIECEWISE_BEZIER_KNOTS.);
#9296 = CARTESIAN_POINT('',(6.28318530718,0.));
#9297 = CARTESIAN_POINT('',(6.28318530718,-0.3));
#9298 = ( GEOMETRIC_REPRESENTATION_CONTEXT(2)
PARAMETRIC_REPRESENTATION_CONTEXT() REPRESENTATION_CONTEXT('2D SPACE',''
  ) );
#9299 = ORIENTED_EDGE('',*,*,#7911,.T.);
#9300 = ORIENTED_EDGE('',*,*,#9279,.T.);
#9301 = ORIENTED_EDGE('',*,*,#9302,.F.);
#9302 = EDGE_CURVE('',#9280,#9280,#9303,.T.);
#9303 = SURFACE_CURVE('',#9304,(#9309,#9316),.PCURVE_S1.);
#9304 = CIRCLE('',#9305,3.7);
#9305 = AXIS2_PLACEMENT_3D('',#9306,#9307,#9308);
#9306 = CARTESIAN_POINT('',(76.5,76.,138.5));
#9307 = DIRECTION('',(0.,1.,0.));
#9308 = DIRECTION('',(0.,-0.,1.));
#9309 = PCURVE('',#7926,#9310);
#9310 = DEFINITIONAL_REPRESENTATION('',(#9311),#9315);
#9311 = LINE('',#9312,#9313);
#9312 = CARTESIAN_POINT('',(0.,-0.3));
#9313 = VECTOR('',#9314,1.);
#9314 = DIRECTION('',(1.,-0.));
#9315 = ( GEOMETRIC_REPRESENTATION_CONTEXT(2)
PARAMETRIC_REPRESENTATION_CONTEXT() REPRESENTATION_CONTEXT('2D SPACE',''
  ) );
#9316 = PCURVE('',#9317,#9322);
#9317 = PLANE('',#9318);
#9318 = AXIS2_PLACEMENT_3D('',#9319,#9320,#9321);
#9319 = CARTESIAN_POINT('',(76.5,76.,138.5));
#9320 = DIRECTION('',(0.,1.,0.));
#9321 = DIRECTION('',(0.,-0.,1.));
#9322 = DEFINITIONAL_REPRESENTATION('',(#9323),#9327);
#9323 = CIRCLE('',#9324,3.7);
#9324 = AXIS2_PLACEMENT_2D('',#9325,#9326);
#9325 = CARTESIAN_POINT('',(0.,0.));
#9326 = DIRECTION('',(1.,0.));
#9327 = ( GEOMETRIC_REPRESENTATION_CONTEXT(2)
PARAMETRIC_REPRESENTATION_CONTEXT() REPRESENTATION_CONTEXT('2D SPACE',''
  ) );
#9328 = ADVANCED_FACE('',(#9329),#7981,.T.);
#9329 = FACE_BOUND('',#9330,.F.);
#9330 = EDGE_LOOP('',(#9331,#9352,#9353,#9354));
#9331 = ORIENTED_EDGE('',*,*,#9332,.F.);
#9332 = EDGE_CURVE('',#7944,#9333,#9335,.T.);
#9333 = VERTEX_POINT('',#9334);
#9334 = CARTESIAN_POINT('',(19.5,76.,82.2));
#9335 = SEAM_CURVE('',#9336,(#9340,#9346),.PCURVE_S1.);
#9336 = LINE('',#9337,#9338);
#9337 = CARTESIAN_POINT('',(19.5,76.3,82.5));
#9338 = VECTOR('',#9339,1.);
#9339 = DIRECTION('',(-0.,-0.707106781187,-0.707106781187));
#9340 = PCURVE('',#7981,#9341);
#9341 = DEFINITIONAL_REPRESENTATION('',(#9342),#9345);
#9342 = B_SPLINE_CURVE_WITH_KNOTS('',1,(#9343,#9344),.UNSPECIFIED.,.F.,
  .F.,(2,2),(0.,0.424264068712),.PIECEWISE_BEZIER_KNOTS.);
#9343 = CARTESIAN_POINT('',(0.,0.));
#9344 = CARTESIAN_POINT('',(0.,-0.3));
#9345 = ( GEOMETRIC_REPRESENTATION_CONTEXT(2)
PARAMETRIC_REPRESENTATION_CONTEXT() REPRESENTATION_CONTEXT('2D SPACE',''
  ) );
#9346 = PCURVE('',#7981,#9347);
#9347 = DEFINITIONAL_REPRESENTATION('',(#9348),#9351);
#9348 = B_SPLINE_CURVE_WITH_KNOTS('',1,(#9349,#9350),.UNSPECIFIED.,.F.,
  .F.,(2,2),(0.,0.424264068712),.PIECEWISE_BEZIER_KNOTS.);
#9349 = CARTESIAN_POINT('',(6.28318530718,0.));
#9350 = CARTESIAN_POINT('',(6.28318530718,-0.3));
#9351 = ( GEOMETRIC_REPRESENTATION_CONTEXT(2)
PARAMETRIC_REPRESENTATION_CONTEXT() REPRESENTATION_CONTEXT('2D SPACE',''
  ) );
#9352 = ORIENTED_EDGE('',*,*,#7966,.T.);
#9353 = ORIENTED_EDGE('',*,*,#9332,.T.);
#9354 = ORIENTED_EDGE('',*,*,#9355,.F.);
#9355 = EDGE_CURVE('',#9333,#9333,#9356,.T.);
#9356 = SURFACE_CURVE('',#9357,(#9362,#9369),.PCURVE_S1.);
#9357 = CIRCLE('',#9358,3.7);
#9358 = AXIS2_PLACEMENT_3D('',#9359,#9360,#9361);
#9359 = CARTESIAN_POINT('',(19.5,76.,78.5));
#9360 = DIRECTION('',(0.,1.,0.));
#9361 = DIRECTION('',(0.,-0.,1.));
#9362 = PCURVE('',#7981,#9363);
#9363 = DEFINITIONAL_REPRESENTATION('',(#9364),#9368);
#9364 = LINE('',#9365,#9366);
#9365 = CARTESIAN_POINT('',(0.,-0.3));
#9366 = VECTOR('',#9367,1.);
#9367 = DIRECTION('',(1.,-0.));
#9368 = ( GEOMETRIC_REPRESENTATION_CONTEXT(2)
PARAMETRIC_REPRESENTATION_CONTEXT() REPRESENTATION_CONTEXT('2D SPACE',''
  ) );
#9369 = PCURVE('',#9370,#9375);
#9370 = PLANE('',#9371);
#9371 = AXIS2_PLACEMENT_3D('',#9372,#9373,#9374);
#9372 = CARTESIAN_POINT('',(19.5,76.,78.5));
#9373 = DIRECTION('',(0.,1.,0.));
#9374 = DIRECTION('',(0.,-0.,1.));
#9375 = DEFINITIONAL_REPRESENTATION('',(#9376),#9380);
#9376 = CIRCLE('',#9377,3.7);
#9377 = AXIS2_PLACEMENT_2D('',#9378,#9379);
#9378 = CARTESIAN_POINT('',(0.,0.));
#9379 = DIRECTION('',(1.,0.));
#9380 = ( GEOMETRIC_REPRESENTATION_CONTEXT(2)
PARAMETRIC_REPRESENTATION_CONTEXT() REPRESENTATION_CONTEXT('2D SPACE',''
  ) );
#9381 = ADVANCED_FACE('',(#9382),#8036,.T.);
#9382 = FACE_BOUND('',#9383,.F.);
#9383 = EDGE_LOOP('',(#9384,#9405,#9406,#9407));
#9384 = ORIENTED_EDGE('',*,*,#9385,.F.);
#9385 = EDGE_CURVE('',#7999,#9386,#9388,.T.);
#9386 = VERTEX_POINT('',#9387);
#9387 = CARTESIAN_POINT('',(19.5,76.,142.2));
#9388 = SEAM_CURVE('',#9389,(#9393,#9399),.PCURVE_S1.);
#9389 = LINE('',#9390,#9391);
#9390 = CARTESIAN_POINT('',(19.5,76.3,142.5));
#9391 = VECTOR('',#9392,1.);
#9392 = DIRECTION('',(-0.,-0.707106781187,-0.707106781187));
#9393 = PCURVE('',#8036,#9394);
#9394 = DEFINITIONAL_REPRESENTATION('',(#9395),#9398);
#9395 = B_SPLINE_CURVE_WITH_KNOTS('',1,(#9396,#9397),.UNSPECIFIED.,.F.,
  .F.,(2,2),(0.,0.424264068712),.PIECEWISE_BEZIER_KNOTS.);
#9396 = CARTESIAN_POINT('',(0.,0.));
#9397 = CARTESIAN_POINT('',(0.,-0.3));
#9398 = ( GEOMETRIC_REPRESENTATION_CONTEXT(2)
PARAMETRIC_REPRESENTATION_CONTEXT() REPRESENTATION_CONTEXT('2D SPACE',''
  ) );
#9399 = PCURVE('',#8036,#9400);
#9400 = DEFINITIONAL_REPRESENTATION('',(#9401),#9404);
#9401 = B_SPLINE_CURVE_WITH_KNOTS('',1,(#9402,#9403),.UNSPECIFIED.,.F.,
  .F.,(2,2),(0.,0.424264068712),.PIECEWISE_BEZIER_KNOTS.);
#9402 = CARTESIAN_POINT('',(6.28318530718,0.));
#9403 = CARTESIAN_POINT('',(6.28318530718,-0.3));
#9404 = ( GEOMETRIC_REPRESENTATION_CONTEXT(2)
PARAMETRIC_REPRESENTATION_CONTEXT() REPRESENTATION_CONTEXT('2D SPACE',''
  ) );
#9405 = ORIENTED_EDGE('',*,*,#8021,.T.);
#9406 = ORIENTED_EDGE('',*,*,#9385,.T.);
#9407 = ORIENTED_EDGE('',*,*,#9408,.F.);
#9408 = EDGE_CURVE('',#9386,#9386,#9409,.T.);
#9409 = SURFACE_CURVE('',#9410,(#9415,#9422),.PCURVE_S1.);
#9410 = CIRCLE('',#9411,3.7);
#9411 = AXIS2_PLACEMENT_3D('',#9412,#9413,#9414);
#9412 = CARTESIAN_POINT('',(19.5,76.,138.5));
#9413 = DIRECTION('',(0.,1.,0.));
#9414 = DIRECTION('',(0.,-0.,1.));
#9415 = PCURVE('',#8036,#9416);
#9416 = DEFINITIONAL_REPRESENTATION('',(#9417),#9421);
#9417 = LINE('',#9418,#9419);
#9418 = CARTESIAN_POINT('',(0.,-0.3));
#9419 = VECTOR('',#9420,1.);
#9420 = DIRECTION('',(1.,-0.));
#9421 = ( GEOMETRIC_REPRESENTATION_CONTEXT(2)
PARAMETRIC_REPRESENTATION_CONTEXT() REPRESENTATION_CONTEXT('2D SPACE',''
  ) );
#9422 = PCURVE('',#9423,#9428);
#9423 = PLANE('',#9424);
#9424 = AXIS2_PLACEMENT_3D('',#9425,#9426,#9427);
#9425 = CARTESIAN_POINT('',(19.5,76.,138.5));
#9426 = DIRECTION('',(0.,1.,0.));
#9427 = DIRECTION('',(0.,-0.,1.));
#9428 = DEFINITIONAL_REPRESENTATION('',(#9429),#9433);
#9429 = CIRCLE('',#9430,3.7);
#9430 = AXIS2_PLACEMENT_2D('',#9431,#9432);
#9431 = CARTESIAN_POINT('',(0.,0.));
#9432 = DIRECTION('',(1.,0.));
#9433 = ( GEOMETRIC_REPRESENTATION_CONTEXT(2)
PARAMETRIC_REPRESENTATION_CONTEXT() REPRESENTATION_CONTEXT('2D SPACE',''
  ) );
#9434 = ADVANCED_FACE('',(#9435),#8091,.T.);
#9435 = FACE_BOUND('',#9436,.F.);
#9436 = EDGE_LOOP('',(#9437,#9458,#9459,#9460));
#9437 = ORIENTED_EDGE('',*,*,#9438,.F.);
#9438 = EDGE_CURVE('',#8054,#9439,#9441,.T.);
#9439 = VERTEX_POINT('',#9440);
#9440 = CARTESIAN_POINT('',(76.5,76.,82.2));
#9441 = SEAM_CURVE('',#9442,(#9446,#9452),.PCURVE_S1.);
#9442 = LINE('',#9443,#9444);
#9443 = CARTESIAN_POINT('',(76.5,76.3,82.5));
#9444 = VECTOR('',#9445,1.);
#9445 = DIRECTION('',(-0.,-0.707106781187,-0.707106781187));
#9446 = PCURVE('',#8091,#9447);
#9447 = DEFINITIONAL_REPRESENTATION('',(#9448),#9451);
#9448 = B_SPLINE_CURVE_WITH_KNOTS('',1,(#9449,#9450),.UNSPECIFIED.,.F.,
  .F.,(2,2),(0.,0.424264068712),.PIECEWISE_BEZIER_KNOTS.);
#9449 = CARTESIAN_POINT('',(0.,0.));
#9450 = CARTESIAN_POINT('',(0.,-0.3));
#9451 = ( GEOMETRIC_REPRESENTATION_CONTEXT(2)
PARAMETRIC_REPRESENTATION_CONTEXT() REPRESENTATION_CONTEXT('2D SPACE',''
  ) );
#9452 = PCURVE('',#8091,#9453);
#9453 = DEFINITIONAL_REPRESENTATION('',(#9454),#9457);
#9454 = B_SPLINE_CURVE_WITH_KNOTS('',1,(#9455,#9456),.UNSPECIFIED.,.F.,
  .F.,(2,2),(0.,0.424264068712),.PIECEWISE_BEZIER_KNOTS.);
#9455 = CARTESIAN_POINT('',(6.28318530718,0.));
#9456 = CARTESIAN_POINT('',(6.28318530718,-0.3));
#9457 = ( GEOMETRIC_REPRESENTATION_CONTEXT(2)
PARAMETRIC_REPRESENTATION_CONTEXT() REPRESENTATION_CONTEXT('2D SPACE',''
  ) );
#9458 = ORIENTED_EDGE('',*,*,#8076,.T.);
#9459 = ORIENTED_EDGE('',*,*,#9438,.T.);
#9460 = ORIENTED_EDGE('',*,*,#9461,.F.);
#9461 = EDGE_CURVE('',#9439,#9439,#9462,.T.);
#9462 = SURFACE_CURVE('',#9463,(#9468,#9475),.PCURVE_S1.);
#9463 = CIRCLE('',#9464,3.7);
#9464 = AXIS2_PLACEMENT_3D('',#9465,#9466,#9467);
#9465 = CARTESIAN_POINT('',(76.5,76.,78.5));
#9466 = DIRECTION('',(0.,1.,0.));
#9467 = DIRECTION('',(0.,-0.,1.));
#9468 = PCURVE('',#8091,#9469);
#9469 = DEFINITIONAL_REPRESENTATION('',(#9470),#9474);
#9470 = LINE('',#9471,#9472);
#9471 = CARTESIAN_POINT('',(0.,-0.3));
#9472 = VECTOR('',#9473,1.);
#9473 = DIRECTION('',(1.,-0.));
#9474 = ( GEOMETRIC_REPRESENTATION_CONTEXT(2)
PARAMETRIC_REPRESENTATION_CONTEXT() REPRESENTATION_CONTEXT('2D SPACE',''
  ) );
#9475 = PCURVE('',#9476,#9481);
#9476 = PLANE('',#9477);
#9477 = AXIS2_PLACEMENT_3D('',#9478,#9479,#9480);
#9478 = CARTESIAN_POINT('',(76.5,76.,78.5));
#9479 = DIRECTION('',(0.,1.,0.));
#9480 = DIRECTION('',(0.,-0.,1.));
#9481 = DEFINITIONAL_REPRESENTATION('',(#9482),#9486);
#9482 = CIRCLE('',#9483,3.7);
#9483 = AXIS2_PLACEMENT_2D('',#9484,#9485);
#9484 = CARTESIAN_POINT('',(0.,0.));
#9485 = DIRECTION('',(1.,0.));
#9486 = ( GEOMETRIC_REPRESENTATION_CONTEXT(2)
PARAMETRIC_REPRESENTATION_CONTEXT() REPRESENTATION_CONTEXT('2D SPACE',''
  ) );
#9487 = ADVANCED_FACE('',(#9488),#8226,.T.);
#9488 = FACE_BOUND('',#9489,.T.);
#9489 = EDGE_LOOP('',(#9490,#9517,#9518,#9540));
#9490 = ORIENTED_EDGE('',*,*,#9491,.F.);
#9491 = EDGE_CURVE('',#8184,#9492,#9494,.T.);
#9492 = VERTEX_POINT('',#9493);
#9493 = CARTESIAN_POINT('',(95.5,7.,-1.110223024625E-16));
#9494 = SURFACE_CURVE('',#9495,(#9500,#9506),.PCURVE_S1.);
#9495 = CIRCLE('',#9496,0.5);
#9496 = AXIS2_PLACEMENT_3D('',#9497,#9498,#9499);
#9497 = CARTESIAN_POINT('',(95.5,7.,0.5));
#9498 = DIRECTION('',(-0.,1.,0.));
#9499 = DIRECTION('',(1.,0.,0.));
#9500 = PCURVE('',#8226,#9501);
#9501 = DEFINITIONAL_REPRESENTATION('',(#9502),#9505);
#9502 = B_SPLINE_CURVE_WITH_KNOTS('',1,(#9503,#9504),.UNSPECIFIED.,.F.,
  .F.,(2,2),(0.,1.570796326795),.PIECEWISE_BEZIER_KNOTS.);
#9503 = CARTESIAN_POINT('',(0.,0.));
#9504 = CARTESIAN_POINT('',(0.,1.570796326795));
#9505 = ( GEOMETRIC_REPRESENTATION_CONTEXT(2)
PARAMETRIC_REPRESENTATION_CONTEXT() REPRESENTATION_CONTEXT('2D SPACE',''
  ) );
#9506 = PCURVE('',#9507,#9512);
#9507 = CYLINDRICAL_SURFACE('',#9508,0.5);
#9508 = AXIS2_PLACEMENT_3D('',#9509,#9510,#9511);
#9509 = CARTESIAN_POINT('',(95.5,93.,0.5));
#9510 = DIRECTION('',(0.,-1.,-0.));
#9511 = DIRECTION('',(1.,0.,0.));
#9512 = DEFINITIONAL_REPRESENTATION('',(#9513),#9516);
#9513 = B_SPLINE_CURVE_WITH_KNOTS('',1,(#9514,#9515),.UNSPECIFIED.,.F.,
  .F.,(2,2),(0.,1.570796326795),.PIECEWISE_BEZIER_KNOTS.);
#9514 = CARTESIAN_POINT('',(0.,86.));
#9515 = CARTESIAN_POINT('',(-1.570796326795,86.));
#9516 = ( GEOMETRIC_REPRESENTATION_CONTEXT(2)
PARAMETRIC_REPRESENTATION_CONTEXT() REPRESENTATION_CONTEXT('2D SPACE',''
  ) );
#9517 = ORIENTED_EDGE('',*,*,#8211,.T.);
#9518 = ORIENTED_EDGE('',*,*,#9519,.T.);
#9519 = EDGE_CURVE('',#8109,#9520,#9522,.T.);
#9520 = VERTEX_POINT('',#9521);
#9521 = CARTESIAN_POINT('',(89.,0.5,0.));
#9522 = SURFACE_CURVE('',#9523,(#9528,#9534),.PCURVE_S1.);
#9523 = CIRCLE('',#9524,0.5);
#9524 = AXIS2_PLACEMENT_3D('',#9525,#9526,#9527);
#9525 = CARTESIAN_POINT('',(89.,0.5,0.5));
#9526 = DIRECTION('',(1.,6.123233995737E-17,0.));
#9527 = DIRECTION('',(6.123233995737E-17,-1.,0.));
#9528 = PCURVE('',#8226,#9529);
#9529 = DEFINITIONAL_REPRESENTATION('',(#9530),#9533);
#9530 = B_SPLINE_CURVE_WITH_KNOTS('',1,(#9531,#9532),.UNSPECIFIED.,.F.,
  .F.,(2,2),(0.,1.570796326795),.PIECEWISE_BEZIER_KNOTS.);
#9531 = CARTESIAN_POINT('',(1.570796326795,0.));
#9532 = CARTESIAN_POINT('',(1.570796326795,1.570796326795));
#9533 = ( GEOMETRIC_REPRESENTATION_CONTEXT(2)
PARAMETRIC_REPRESENTATION_CONTEXT() REPRESENTATION_CONTEXT('2D SPACE',''
  ) );
#9534 = PCURVE('',#8258,#9535);
#9535 = DEFINITIONAL_REPRESENTATION('',(#9536),#9539);
#9536 = B_SPLINE_CURVE_WITH_KNOTS('',1,(#9537,#9538),.UNSPECIFIED.,.F.,
  .F.,(2,2),(0.,1.570796326795),.PIECEWISE_BEZIER_KNOTS.);
#9537 = CARTESIAN_POINT('',(0.,0.));
#9538 = CARTESIAN_POINT('',(-1.570796326795,0.));
#9539 = ( GEOMETRIC_REPRESENTATION_CONTEXT(2)
PARAMETRIC_REPRESENTATION_CONTEXT() REPRESENTATION_CONTEXT('2D SPACE',''
  ) );
#9540 = ORIENTED_EDGE('',*,*,#9541,.F.);
#9541 = EDGE_CURVE('',#9492,#9520,#9542,.T.);
#9542 = SURFACE_CURVE('',#9543,(#9548,#9555),.PCURVE_S1.);
#9543 = CIRCLE('',#9544,6.5);
#9544 = AXIS2_PLACEMENT_3D('',#9545,#9546,#9547);
#9545 = CARTESIAN_POINT('',(89.,7.,0.));
#9546 = DIRECTION('',(0.,-0.,-1.));
#9547 = DIRECTION('',(1.,0.,-0.));
#9548 = PCURVE('',#8226,#9549);
#9549 = DEFINITIONAL_REPRESENTATION('',(#9550),#9554);
#9550 = LINE('',#9551,#9552);
#9551 = CARTESIAN_POINT('',(0.,1.570796326795));
#9552 = VECTOR('',#9553,1.);
#9553 = DIRECTION('',(1.,0.));
#9554 = ( GEOMETRIC_REPRESENTATION_CONTEXT(2)
PARAMETRIC_REPRESENTATION_CONTEXT() REPRESENTATION_CONTEXT('2D SPACE',''
  ) );
#9555 = PCURVE('',#9556,#9561);
#9556 = PLANE('',#9557);
#9557 = AXIS2_PLACEMENT_3D('',#9558,#9559,#9560);
#9558 = CARTESIAN_POINT('',(0.,0.,0.));
#9559 = DIRECTION('',(0.,0.,1.));
#9560 = DIRECTION('',(1.,0.,-0.));
#9561 = DEFINITIONAL_REPRESENTATION('',(#9562),#9570);
#9562 = ( BOUNDED_CURVE() B_SPLINE_CURVE(2,(#9563,#9564,#9565,#9566,
#9567,#9568,#9569),.UNSPECIFIED.,.T.,.F.) B_SPLINE_CURVE_WITH_KNOTS((1,2
    ,2,2,2,1),(-2.094395102393,0.,2.094395102393,4.188790204786,
6.28318530718,8.377580409573),.UNSPECIFIED.) CURVE()
GEOMETRIC_REPRESENTATION_ITEM() RATIONAL_B_SPLINE_CURVE((1.,0.5,1.,0.5,
1.,0.5,1.)) REPRESENTATION_ITEM('') );
#9563 = CARTESIAN_POINT('',(95.5,7.));
#9564 = CARTESIAN_POINT('',(95.5,-4.258330249198));
#9565 = CARTESIAN_POINT('',(85.75,1.370834875401));
#9566 = CARTESIAN_POINT('',(76.,7.));
#9567 = CARTESIAN_POINT('',(85.75,12.629165124599));
#9568 = CARTESIAN_POINT('',(95.5,18.258330249198));
#9569 = CARTESIAN_POINT('',(95.5,7.));
#9570 = ( GEOMETRIC_REPRESENTATION_CONTEXT(2)
PARAMETRIC_REPRESENTATION_CONTEXT() REPRESENTATION_CONTEXT('2D SPACE',''
  ) );
#9571 = ADVANCED_FACE('',(#9572,#9985,#10095),#8199,.T.);
#9572 = FACE_BOUND('',#9573,.T.);
#9573 = EDGE_LOOP('',(#9574,#9575,#9598,#9624,#9650,#9676,#9704,#9730,
    #9756,#9782,#9810,#9833,#9859,#9885,#9911,#9937,#9963,#9984));
#9574 = ORIENTED_EDGE('',*,*,#8183,.F.);
#9575 = ORIENTED_EDGE('',*,*,#9576,.F.);
#9576 = EDGE_CURVE('',#9577,#8184,#9579,.T.);
#9577 = VERTEX_POINT('',#9578);
#9578 = CARTESIAN_POINT('',(96.,17.,0.5));
#9579 = SURFACE_CURVE('',#9580,(#9584,#9591),.PCURVE_S1.);
#9580 = LINE('',#9581,#9582);
#9581 = CARTESIAN_POINT('',(96.,93.,0.5));
#9582 = VECTOR('',#9583,1.);
#9583 = DIRECTION('',(0.,-1.,-0.));
#9584 = PCURVE('',#8199,#9585);
#9585 = DEFINITIONAL_REPRESENTATION('',(#9586),#9590);
#9586 = LINE('',#9587,#9588);
#9587 = CARTESIAN_POINT('',(0.5,-93.));
#9588 = VECTOR('',#9589,1.);
#9589 = DIRECTION('',(0.,1.));
#9590 = ( GEOMETRIC_REPRESENTATION_CONTEXT(2)
PARAMETRIC_REPRESENTATION_CONTEXT() REPRESENTATION_CONTEXT('2D SPACE',''
  ) );
#9591 = PCURVE('',#9507,#9592);
#9592 = DEFINITIONAL_REPRESENTATION('',(#9593),#9597);
#9593 = LINE('',#9594,#9595);
#9594 = CARTESIAN_POINT('',(-0.,0.));
#9595 = VECTOR('',#9596,1.);
#9596 = DIRECTION('',(-0.,1.));
#9597 = ( GEOMETRIC_REPRESENTATION_CONTEXT(2)
PARAMETRIC_REPRESENTATION_CONTEXT() REPRESENTATION_CONTEXT('2D SPACE',''
  ) );
#9598 = ORIENTED_EDGE('',*,*,#9599,.T.);
#9599 = EDGE_CURVE('',#9577,#9600,#9602,.T.);
#9600 = VERTEX_POINT('',#9601);
#9601 = CARTESIAN_POINT('',(96.,17.,3.));
#9602 = SURFACE_CURVE('',#9603,(#9607,#9613),.PCURVE_S1.);
#9603 = LINE('',#9604,#9605);
#9604 = CARTESIAN_POINT('',(96.,17.,0.));
#9605 = VECTOR('',#9606,1.);
#9606 = DIRECTION('',(0.,0.,1.));
#9607 = PCURVE('',#8199,#9608);
#9608 = DEFINITIONAL_REPRESENTATION('',(#9609),#9612);
#9609 = B_SPLINE_CURVE_WITH_KNOTS('',1,(#9610,#9611),.UNSPECIFIED.,.F.,
  .F.,(2,2),(0.5,3.),.PIECEWISE_BEZIER_KNOTS.);
#9610 = CARTESIAN_POINT('',(0.5,-17.));
#9611 = CARTESIAN_POINT('',(3.,-17.));
#9612 = ( GEOMETRIC_REPRESENTATION_CONTEXT(2)
PARAMETRIC_REPRESENTATION_CONTEXT() REPRESENTATION_CONTEXT('2D SPACE',''
  ) );
#9613 = PCURVE('',#9614,#9619);
#9614 = PLANE('',#9615);
#9615 = AXIS2_PLACEMENT_3D('',#9616,#9617,#9618);
#9616 = CARTESIAN_POINT('',(95.,17.,0.));
#9617 = DIRECTION('',(-0.,1.,0.));
#9618 = DIRECTION('',(0.,0.,1.));
#9619 = DEFINITIONAL_REPRESENTATION('',(#9620),#9623);
#9620 = B_SPLINE_CURVE_WITH_KNOTS('',1,(#9621,#9622),.UNSPECIFIED.,.F.,
  .F.,(2,2),(0.5,3.),.PIECEWISE_BEZIER_KNOTS.);
#9621 = CARTESIAN_POINT('',(0.5,1.));
#9622 = CARTESIAN_POINT('',(3.,1.));
#9623 = ( GEOMETRIC_REPRESENTATION_CONTEXT(2)
PARAMETRIC_REPRESENTATION_CONTEXT() REPRESENTATION_CONTEXT('2D SPACE',''
  ) );
#9624 = ORIENTED_EDGE('',*,*,#9625,.F.);
#9625 = EDGE_CURVE('',#9626,#9600,#9628,.T.);
#9626 = VERTEX_POINT('',#9627);
#9627 = CARTESIAN_POINT('',(96.,33.,3.));
#9628 = SURFACE_CURVE('',#9629,(#9633,#9639),.PCURVE_S1.);
#9629 = LINE('',#9630,#9631);
#9630 = CARTESIAN_POINT('',(96.,8.5,3.));
#9631 = VECTOR('',#9632,1.);
#9632 = DIRECTION('',(0.,-1.,0.));
#9633 = PCURVE('',#8199,#9634);
#9634 = DEFINITIONAL_REPRESENTATION('',(#9635),#9638);
#9635 = B_SPLINE_CURVE_WITH_KNOTS('',1,(#9636,#9637),.UNSPECIFIED.,.F.,
  .F.,(2,2),(-24.5,-8.5),.PIECEWISE_BEZIER_KNOTS.);
#9636 = CARTESIAN_POINT('',(3.,-33.));
#9637 = CARTESIAN_POINT('',(3.,-17.));
#9638 = ( GEOMETRIC_REPRESENTATION_CONTEXT(2)
PARAMETRIC_REPRESENTATION_CONTEXT() REPRESENTATION_CONTEXT('2D SPACE',''
  ) );
#9639 = PCURVE('',#9640,#9645);
#9640 = PLANE('',#9641);
#9641 = AXIS2_PLACEMENT_3D('',#9642,#9643,#9644);
#9642 = CARTESIAN_POINT('',(95.,17.,3.));
#9643 = DIRECTION('',(0.,0.,1.));
#9644 = DIRECTION('',(1.,0.,-0.));
#9645 = DEFINITIONAL_REPRESENTATION('',(#9646),#9649);
#9646 = B_SPLINE_CURVE_WITH_KNOTS('',1,(#9647,#9648),.UNSPECIFIED.,.F.,
  .F.,(2,2),(-24.5,-8.5),.PIECEWISE_BEZIER_KNOTS.);
#9647 = CARTESIAN_POINT('',(1.,16.));
#9648 = CARTESIAN_POINT('',(1.,0.));
#9649 = ( GEOMETRIC_REPRESENTATION_CONTEXT(2)
PARAMETRIC_REPRESENTATION_CONTEXT() REPRESENTATION_CONTEXT('2D SPACE',''
  ) );
#9650 = ORIENTED_EDGE('',*,*,#9651,.F.);
#9651 = EDGE_CURVE('',#9652,#9626,#9654,.T.);
#9652 = VERTEX_POINT('',#9653);
#9653 = CARTESIAN_POINT('',(96.,33.,0.5));
#9654 = SURFACE_CURVE('',#9655,(#9659,#9665),.PCURVE_S1.);
#9655 = LINE('',#9656,#9657);
#9656 = CARTESIAN_POINT('',(96.,33.,0.));
#9657 = VECTOR('',#9658,1.);
#9658 = DIRECTION('',(0.,0.,1.));
#9659 = PCURVE('',#8199,#9660);
#9660 = DEFINITIONAL_REPRESENTATION('',(#9661),#9664);
#9661 = B_SPLINE_CURVE_WITH_KNOTS('',1,(#9662,#9663),.UNSPECIFIED.,.F.,
  .F.,(2,2),(0.5,3.),.PIECEWISE_BEZIER_KNOTS.);
#9662 = CARTESIAN_POINT('',(0.5,-33.));
#9663 = CARTESIAN_POINT('',(3.,-33.));
#9664 = ( GEOMETRIC_REPRESENTATION_CONTEXT(2)
PARAMETRIC_REPRESENTATION_CONTEXT() REPRESENTATION_CONTEXT('2D SPACE',''
  ) );
#9665 = PCURVE('',#9666,#9671);
#9666 = PLANE('',#9667);
#9667 = AXIS2_PLACEMENT_3D('',#9668,#9669,#9670);
#9668 = CARTESIAN_POINT('',(95.,33.,0.));
#9669 = DIRECTION('',(-0.,1.,0.));
#9670 = DIRECTION('',(0.,0.,1.));
#9671 = DEFINITIONAL_REPRESENTATION('',(#9672),#9675);
#9672 = B_SPLINE_CURVE_WITH_KNOTS('',1,(#9673,#9674),.UNSPECIFIED.,.F.,
  .F.,(2,2),(0.5,3.),.PIECEWISE_BEZIER_KNOTS.);
#9673 = CARTESIAN_POINT('',(0.5,1.));
#9674 = CARTESIAN_POINT('',(3.,1.));
#9675 = ( GEOMETRIC_REPRESENTATION_CONTEXT(2)
PARAMETRIC_REPRESENTATION_CONTEXT() REPRESENTATION_CONTEXT('2D SPACE',''
  ) );
#9676 = ORIENTED_EDGE('',*,*,#9677,.F.);
#9677 = EDGE_CURVE('',#9678,#9652,#9680,.T.);
#9678 = VERTEX_POINT('',#9679);
#9679 = CARTESIAN_POINT('',(96.,67.,0.5));
#9680 = SURFACE_CURVE('',#9681,(#9685,#9692),.PCURVE_S1.);
#9681 = LINE('',#9682,#9683);
#9682 = CARTESIAN_POINT('',(96.,93.,0.5));
#9683 = VECTOR('',#9684,1.);
#9684 = DIRECTION('',(0.,-1.,-0.));
#9685 = PCURVE('',#8199,#9686);
#9686 = DEFINITIONAL_REPRESENTATION('',(#9687),#9691);
#9687 = LINE('',#9688,#9689);
#9688 = CARTESIAN_POINT('',(0.5,-93.));
#9689 = VECTOR('',#9690,1.);
#9690 = DIRECTION('',(0.,1.));
#9691 = ( GEOMETRIC_REPRESENTATION_CONTEXT(2)
PARAMETRIC_REPRESENTATION_CONTEXT() REPRESENTATION_CONTEXT('2D SPACE',''
  ) );
#9692 = PCURVE('',#9693,#9698);
#9693 = CYLINDRICAL_SURFACE('',#9694,0.5);
#9694 = AXIS2_PLACEMENT_3D('',#9695,#9696,#9697);
#9695 = CARTESIAN_POINT('',(95.5,93.,0.5));
#9696 = DIRECTION('',(0.,-1.,-0.));
#9697 = DIRECTION('',(1.,0.,0.));
#9698 = DEFINITIONAL_REPRESENTATION('',(#9699),#9703);
#9699 = LINE('',#9700,#9701);
#9700 = CARTESIAN_POINT('',(-0.,0.));
#9701 = VECTOR('',#9702,1.);
#9702 = DIRECTION('',(-0.,1.));
#9703 = ( GEOMETRIC_REPRESENTATION_CONTEXT(2)
PARAMETRIC_REPRESENTATION_CONTEXT() REPRESENTATION_CONTEXT('2D SPACE',''
  ) );
#9704 = ORIENTED_EDGE('',*,*,#9705,.T.);
#9705 = EDGE_CURVE('',#9678,#9706,#9708,.T.);
#9706 = VERTEX_POINT('',#9707);
#9707 = CARTESIAN_POINT('',(96.,67.,3.));
#9708 = SURFACE_CURVE('',#9709,(#9713,#9719),.PCURVE_S1.);
#9709 = LINE('',#9710,#9711);
#9710 = CARTESIAN_POINT('',(96.,67.,0.));
#9711 = VECTOR('',#9712,1.);
#9712 = DIRECTION('',(0.,0.,1.));
#9713 = PCURVE('',#8199,#9714);
#9714 = DEFINITIONAL_REPRESENTATION('',(#9715),#9718);
#9715 = B_SPLINE_CURVE_WITH_KNOTS('',1,(#9716,#9717),.UNSPECIFIED.,.F.,
  .F.,(2,2),(0.5,3.),.PIECEWISE_BEZIER_KNOTS.);
#9716 = CARTESIAN_POINT('',(0.5,-67.));
#9717 = CARTESIAN_POINT('',(3.,-67.));
#9718 = ( GEOMETRIC_REPRESENTATION_CONTEXT(2)
PARAMETRIC_REPRESENTATION_CONTEXT() REPRESENTATION_CONTEXT('2D SPACE',''
  ) );
#9719 = PCURVE('',#9720,#9725);
#9720 = PLANE('',#9721);
#9721 = AXIS2_PLACEMENT_3D('',#9722,#9723,#9724);
#9722 = CARTESIAN_POINT('',(95.,67.,0.));
#9723 = DIRECTION('',(-0.,1.,0.));
#9724 = DIRECTION('',(0.,0.,1.));
#9725 = DEFINITIONAL_REPRESENTATION('',(#9726),#9729);
#9726 = B_SPLINE_CURVE_WITH_KNOTS('',1,(#9727,#9728),.UNSPECIFIED.,.F.,
  .F.,(2,2),(0.5,3.),.PIECEWISE_BEZIER_KNOTS.);
#9727 = CARTESIAN_POINT('',(0.5,1.));
#9728 = CARTESIAN_POINT('',(3.,1.));
#9729 = ( GEOMETRIC_REPRESENTATION_CONTEXT(2)
PARAMETRIC_REPRESENTATION_CONTEXT() REPRESENTATION_CONTEXT('2D SPACE',''
  ) );
#9730 = ORIENTED_EDGE('',*,*,#9731,.F.);
#9731 = EDGE_CURVE('',#9732,#9706,#9734,.T.);
#9732 = VERTEX_POINT('',#9733);
#9733 = CARTESIAN_POINT('',(96.,83.,3.));
#9734 = SURFACE_CURVE('',#9735,(#9739,#9745),.PCURVE_S1.);
#9735 = LINE('',#9736,#9737);
#9736 = CARTESIAN_POINT('',(96.,33.5,3.));
#9737 = VECTOR('',#9738,1.);
#9738 = DIRECTION('',(0.,-1.,0.));
#9739 = PCURVE('',#8199,#9740);
#9740 = DEFINITIONAL_REPRESENTATION('',(#9741),#9744);
#9741 = B_SPLINE_CURVE_WITH_KNOTS('',1,(#9742,#9743),.UNSPECIFIED.,.F.,
  .F.,(2,2),(-49.5,-33.5),.PIECEWISE_BEZIER_KNOTS.);
#9742 = CARTESIAN_POINT('',(3.,-83.));
#9743 = CARTESIAN_POINT('',(3.,-67.));
#9744 = ( GEOMETRIC_REPRESENTATION_CONTEXT(2)
PARAMETRIC_REPRESENTATION_CONTEXT() REPRESENTATION_CONTEXT('2D SPACE',''
  ) );
#9745 = PCURVE('',#9746,#9751);
#9746 = PLANE('',#9747);
#9747 = AXIS2_PLACEMENT_3D('',#9748,#9749,#9750);
#9748 = CARTESIAN_POINT('',(95.,67.,3.));
#9749 = DIRECTION('',(0.,0.,1.));
#9750 = DIRECTION('',(1.,0.,-0.));
#9751 = DEFINITIONAL_REPRESENTATION('',(#9752),#9755);
#9752 = B_SPLINE_CURVE_WITH_KNOTS('',1,(#9753,#9754),.UNSPECIFIED.,.F.,
  .F.,(2,2),(-49.5,-33.5),.PIECEWISE_BEZIER_KNOTS.);
#9753 = CARTESIAN_POINT('',(1.,16.));
#9754 = CARTESIAN_POINT('',(1.,0.));
#9755 = ( GEOMETRIC_REPRESENTATION_CONTEXT(2)
PARAMETRIC_REPRESENTATION_CONTEXT() REPRESENTATION_CONTEXT('2D SPACE',''
  ) );
#9756 = ORIENTED_EDGE('',*,*,#9757,.F.);
#9757 = EDGE_CURVE('',#9758,#9732,#9760,.T.);
#9758 = VERTEX_POINT('',#9759);
#9759 = CARTESIAN_POINT('',(96.,83.,0.5));
#9760 = SURFACE_CURVE('',#9761,(#9765,#9771),.PCURVE_S1.);
#9761 = LINE('',#9762,#9763);
#9762 = CARTESIAN_POINT('',(96.,83.,0.));
#9763 = VECTOR('',#9764,1.);
#9764 = DIRECTION('',(0.,0.,1.));
#9765 = PCURVE('',#8199,#9766);
#9766 = DEFINITIONAL_REPRESENTATION('',(#9767),#9770);
#9767 = B_SPLINE_CURVE_WITH_KNOTS('',1,(#9768,#9769),.UNSPECIFIED.,.F.,
  .F.,(2,2),(0.5,3.),.PIECEWISE_BEZIER_KNOTS.);
#9768 = CARTESIAN_POINT('',(0.5,-83.));
#9769 = CARTESIAN_POINT('',(3.,-83.));
#9770 = ( GEOMETRIC_REPRESENTATION_CONTEXT(2)
PARAMETRIC_REPRESENTATION_CONTEXT() REPRESENTATION_CONTEXT('2D SPACE',''
  ) );
#9771 = PCURVE('',#9772,#9777);
#9772 = PLANE('',#9773);
#9773 = AXIS2_PLACEMENT_3D('',#9774,#9775,#9776);
#9774 = CARTESIAN_POINT('',(95.,83.,0.));
#9775 = DIRECTION('',(-0.,1.,0.));
#9776 = DIRECTION('',(0.,0.,1.));
#9777 = DEFINITIONAL_REPRESENTATION('',(#9778),#9781);
#9778 = B_SPLINE_CURVE_WITH_KNOTS('',1,(#9779,#9780),.UNSPECIFIED.,.F.,
  .F.,(2,2),(0.5,3.),.PIECEWISE_BEZIER_KNOTS.);
#9779 = CARTESIAN_POINT('',(0.5,1.));
#9780 = CARTESIAN_POINT('',(3.,1.));
#9781 = ( GEOMETRIC_REPRESENTATION_CONTEXT(2)
PARAMETRIC_REPRESENTATION_CONTEXT() REPRESENTATION_CONTEXT('2D SPACE',''
  ) );
#9782 = ORIENTED_EDGE('',*,*,#9783,.F.);
#9783 = EDGE_CURVE('',#9784,#9758,#9786,.T.);
#9784 = VERTEX_POINT('',#9785);
#9785 = CARTESIAN_POINT('',(96.,93.,0.5));
#9786 = SURFACE_CURVE('',#9787,(#9791,#9798),.PCURVE_S1.);
#9787 = LINE('',#9788,#9789);
#9788 = CARTESIAN_POINT('',(96.,93.,0.5));
#9789 = VECTOR('',#9790,1.);
#9790 = DIRECTION('',(0.,-1.,-0.));
#9791 = PCURVE('',#8199,#9792);
#9792 = DEFINITIONAL_REPRESENTATION('',(#9793),#9797);
#9793 = LINE('',#9794,#9795);
#9794 = CARTESIAN_POINT('',(0.5,-93.));
#9795 = VECTOR('',#9796,1.);
#9796 = DIRECTION('',(0.,1.));
#9797 = ( GEOMETRIC_REPRESENTATION_CONTEXT(2)
PARAMETRIC_REPRESENTATION_CONTEXT() REPRESENTATION_CONTEXT('2D SPACE',''
  ) );
#9798 = PCURVE('',#9799,#9804);
#9799 = CYLINDRICAL_SURFACE('',#9800,0.5);
#9800 = AXIS2_PLACEMENT_3D('',#9801,#9802,#9803);
#9801 = CARTESIAN_POINT('',(95.5,93.,0.5));
#9802 = DIRECTION('',(0.,-1.,-0.));
#9803 = DIRECTION('',(1.,0.,0.));
#9804 = DEFINITIONAL_REPRESENTATION('',(#9805),#9809);
#9805 = LINE('',#9806,#9807);
#9806 = CARTESIAN_POINT('',(-0.,0.));
#9807 = VECTOR('',#9808,1.);
#9808 = DIRECTION('',(-0.,1.));
#9809 = ( GEOMETRIC_REPRESENTATION_CONTEXT(2)
PARAMETRIC_REPRESENTATION_CONTEXT() REPRESENTATION_CONTEXT('2D SPACE',''
  ) );
#9810 = ORIENTED_EDGE('',*,*,#9811,.T.);
#9811 = EDGE_CURVE('',#9784,#9812,#9814,.T.);
#9812 = VERTEX_POINT('',#9813);
#9813 = CARTESIAN_POINT('',(96.,93.,132.));
#9814 = SURFACE_CURVE('',#9815,(#9819,#9826),.PCURVE_S1.);
#9815 = LINE('',#9816,#9817);
#9816 = CARTESIAN_POINT('',(96.,93.,0.));
#9817 = VECTOR('',#9818,1.);
#9818 = DIRECTION('',(0.,0.,1.));
#9819 = PCURVE('',#8199,#9820);
#9820 = DEFINITIONAL_REPRESENTATION('',(#9821),#9825);
#9821 = LINE('',#9822,#9823);
#9822 = CARTESIAN_POINT('',(0.,-93.));
#9823 = VECTOR('',#9824,1.);
#9824 = DIRECTION('',(1.,0.));
#9825 = ( GEOMETRIC_REPRESENTATION_CONTEXT(2)
PARAMETRIC_REPRESENTATION_CONTEXT() REPRESENTATION_CONTEXT('2D SPACE',''
  ) );
#9826 = PCURVE('',#8786,#9827);
#9827 = DEFINITIONAL_REPRESENTATION('',(#9828),#9832);
#9828 = LINE('',#9829,#9830);
#9829 = CARTESIAN_POINT('',(0.,0.));
#9830 = VECTOR('',#9831,1.);
#9831 = DIRECTION('',(0.,1.));
#9832 = ( GEOMETRIC_REPRESENTATION_CONTEXT(2)
PARAMETRIC_REPRESENTATION_CONTEXT() REPRESENTATION_CONTEXT('2D SPACE',''
  ) );
#9833 = ORIENTED_EDGE('',*,*,#9834,.T.);
#9834 = EDGE_CURVE('',#9812,#9835,#9837,.T.);
#9835 = VERTEX_POINT('',#9836);
#9836 = CARTESIAN_POINT('',(96.,84.3,132.));
#9837 = SURFACE_CURVE('',#9838,(#9842,#9848),.PCURVE_S1.);
#9838 = LINE('',#9839,#9840);
#9839 = CARTESIAN_POINT('',(96.,42.,132.));
#9840 = VECTOR('',#9841,1.);
#9841 = DIRECTION('',(0.,-1.,0.));
#9842 = PCURVE('',#8199,#9843);
#9843 = DEFINITIONAL_REPRESENTATION('',(#9844),#9847);
#9844 = B_SPLINE_CURVE_WITH_KNOTS('',1,(#9845,#9846),.UNSPECIFIED.,.F.,
  .F.,(2,2),(-51.,-42.3),.PIECEWISE_BEZIER_KNOTS.);
#9845 = CARTESIAN_POINT('',(132.,-93.));
#9846 = CARTESIAN_POINT('',(132.,-84.3));
#9847 = ( GEOMETRIC_REPRESENTATION_CONTEXT(2)
PARAMETRIC_REPRESENTATION_CONTEXT() REPRESENTATION_CONTEXT('2D SPACE',''
  ) );
#9848 = PCURVE('',#9849,#9854);
#9849 = PLANE('',#9850);
#9850 = AXIS2_PLACEMENT_3D('',#9851,#9852,#9853);
#9851 = CARTESIAN_POINT('',(95.,84.,132.));
#9852 = DIRECTION('',(0.,0.,1.));
#9853 = DIRECTION('',(1.,0.,-0.));
#9854 = DEFINITIONAL_REPRESENTATION('',(#9855),#9858);
#9855 = B_SPLINE_CURVE_WITH_KNOTS('',1,(#9856,#9857),.UNSPECIFIED.,.F.,
  .F.,(2,2),(-51.,-42.3),.PIECEWISE_BEZIER_KNOTS.);
#9856 = CARTESIAN_POINT('',(1.,9.));
#9857 = CARTESIAN_POINT('',(1.,0.3));
#9858 = ( GEOMETRIC_REPRESENTATION_CONTEXT(2)
PARAMETRIC_REPRESENTATION_CONTEXT() REPRESENTATION_CONTEXT('2D SPACE',''
  ) );
#9859 = ORIENTED_EDGE('',*,*,#9860,.T.);
#9860 = EDGE_CURVE('',#9835,#9861,#9863,.T.);
#9861 = VERTEX_POINT('',#9862);
#9862 = CARTESIAN_POINT('',(96.,84.,132.3));
#9863 = SURFACE_CURVE('',#9864,(#9868,#9874),.PCURVE_S1.);
#9864 = LINE('',#9865,#9866);
#9865 = CARTESIAN_POINT('',(96.,96.150000000001,120.14999999999));
#9866 = VECTOR('',#9867,1.);
#9867 = DIRECTION('',(0.,-0.707106781187,0.707106781187));
#9868 = PCURVE('',#8199,#9869);
#9869 = DEFINITIONAL_REPRESENTATION('',(#9870),#9873);
#9870 = B_SPLINE_CURVE_WITH_KNOTS('',1,(#9871,#9872),.UNSPECIFIED.,.F.,
  .F.,(2,2),(16.758430714123,17.182694782835),.PIECEWISE_BEZIER_KNOTS.);
#9871 = CARTESIAN_POINT('',(132.,-84.3));
#9872 = CARTESIAN_POINT('',(132.3,-84.));
#9873 = ( GEOMETRIC_REPRESENTATION_CONTEXT(2)
PARAMETRIC_REPRESENTATION_CONTEXT() REPRESENTATION_CONTEXT('2D SPACE',''
  ) );
#9874 = PCURVE('',#9875,#9880);
#9875 = PLANE('',#9876);
#9876 = AXIS2_PLACEMENT_3D('',#9877,#9878,#9879);
#9877 = CARTESIAN_POINT('',(95.,84.15,132.15));
#9878 = DIRECTION('',(3.472568050348E-18,-0.707106781187,-0.707106781187
    ));
#9879 = DIRECTION('',(-1.,-2.455476416533E-18,-2.455476416532E-18));
#9880 = DEFINITIONAL_REPRESENTATION('',(#9881),#9884);
#9881 = B_SPLINE_CURVE_WITH_KNOTS('',1,(#9882,#9883),.UNSPECIFIED.,.F.,
  .F.,(2,2),(16.758430714123,17.182694782835),.PIECEWISE_BEZIER_KNOTS.);
#9882 = CARTESIAN_POINT('',(-1.,0.212132034356));
#9883 = CARTESIAN_POINT('',(-1.,-0.212132034356));
#9884 = ( GEOMETRIC_REPRESENTATION_CONTEXT(2)
PARAMETRIC_REPRESENTATION_CONTEXT() REPRESENTATION_CONTEXT('2D SPACE',''
  ) );
#9885 = ORIENTED_EDGE('',*,*,#9886,.T.);
#9886 = EDGE_CURVE('',#9861,#9887,#9889,.T.);
#9887 = VERTEX_POINT('',#9888);
#9888 = CARTESIAN_POINT('',(96.,84.,135.7));
#9889 = SURFACE_CURVE('',#9890,(#9894,#9900),.PCURVE_S1.);
#9890 = LINE('',#9891,#9892);
#9891 = CARTESIAN_POINT('',(96.,84.,66.));
#9892 = VECTOR('',#9893,1.);
#9893 = DIRECTION('',(0.,0.,1.));
#9894 = PCURVE('',#8199,#9895);
#9895 = DEFINITIONAL_REPRESENTATION('',(#9896),#9899);
#9896 = B_SPLINE_CURVE_WITH_KNOTS('',1,(#9897,#9898),.UNSPECIFIED.,.F.,
  .F.,(2,2),(66.3,69.7),.PIECEWISE_BEZIER_KNOTS.);
#9897 = CARTESIAN_POINT('',(132.3,-84.));
#9898 = CARTESIAN_POINT('',(135.7,-84.));
#9899 = ( GEOMETRIC_REPRESENTATION_CONTEXT(2)
PARAMETRIC_REPRESENTATION_CONTEXT() REPRESENTATION_CONTEXT('2D SPACE',''
  ) );
#9900 = PCURVE('',#9901,#9906);
#9901 = PLANE('',#9902);
#9902 = AXIS2_PLACEMENT_3D('',#9903,#9904,#9905);
#9903 = CARTESIAN_POINT('',(95.,84.,132.));
#9904 = DIRECTION('',(-0.,1.,0.));
#9905 = DIRECTION('',(0.,0.,1.));
#9906 = DEFINITIONAL_REPRESENTATION('',(#9907),#9910);
#9907 = B_SPLINE_CURVE_WITH_KNOTS('',1,(#9908,#9909),.UNSPECIFIED.,.F.,
  .F.,(2,2),(66.3,69.7),.PIECEWISE_BEZIER_KNOTS.);
#9908 = CARTESIAN_POINT('',(0.3,1.));
#9909 = CARTESIAN_POINT('',(3.7,1.));
#9910 = ( GEOMETRIC_REPRESENTATION_CONTEXT(2)
PARAMETRIC_REPRESENTATION_CONTEXT() REPRESENTATION_CONTEXT('2D SPACE',''
  ) );
#9911 = ORIENTED_EDGE('',*,*,#9912,.F.);
#9912 = EDGE_CURVE('',#9913,#9887,#9915,.T.);
#9913 = VERTEX_POINT('',#9914);
#9914 = CARTESIAN_POINT('',(96.,84.3,136.));
#9915 = SURFACE_CURVE('',#9916,(#9920,#9926),.PCURVE_S1.);
#9916 = LINE('',#9917,#9918);
#9917 = CARTESIAN_POINT('',(96.,29.150000000001,80.849999999998));
#9918 = VECTOR('',#9919,1.);
#9919 = DIRECTION('',(0.,-0.707106781187,-0.707106781187));
#9920 = PCURVE('',#8199,#9921);
#9921 = DEFINITIONAL_REPRESENTATION('',(#9922),#9925);
#9922 = B_SPLINE_CURVE_WITH_KNOTS('',1,(#9923,#9924),.UNSPECIFIED.,.F.,
  .F.,(2,2),(-77.99387796487,-77.56961389616),.PIECEWISE_BEZIER_KNOTS.);
#9923 = CARTESIAN_POINT('',(136.,-84.3));
#9924 = CARTESIAN_POINT('',(135.7,-84.));
#9925 = ( GEOMETRIC_REPRESENTATION_CONTEXT(2)
PARAMETRIC_REPRESENTATION_CONTEXT() REPRESENTATION_CONTEXT('2D SPACE',''
  ) );
#9926 = PCURVE('',#9927,#9932);
#9927 = PLANE('',#9928);
#9928 = AXIS2_PLACEMENT_3D('',#9929,#9930,#9931);
#9929 = CARTESIAN_POINT('',(95.,84.15,135.85));
#9930 = DIRECTION('',(-3.472568050348E-18,0.707106781187,-0.707106781187
    ));
#9931 = DIRECTION('',(-1.,-2.455476416533E-18,2.455476416532E-18));
#9932 = DEFINITIONAL_REPRESENTATION('',(#9933),#9936);
#9933 = B_SPLINE_CURVE_WITH_KNOTS('',1,(#9934,#9935),.UNSPECIFIED.,.F.,
  .F.,(2,2),(-77.99387796487,-77.56961389616),.PIECEWISE_BEZIER_KNOTS.);
#9934 = CARTESIAN_POINT('',(-1.,0.212132034356));
#9935 = CARTESIAN_POINT('',(-1.,-0.212132034356));
#9936 = ( GEOMETRIC_REPRESENTATION_CONTEXT(2)
PARAMETRIC_REPRESENTATION_CONTEXT() REPRESENTATION_CONTEXT('2D SPACE',''
  ) );
#9937 = ORIENTED_EDGE('',*,*,#9938,.F.);
#9938 = EDGE_CURVE('',#9939,#9913,#9941,.T.);
#9939 = VERTEX_POINT('',#9940);
#9940 = CARTESIAN_POINT('',(96.,93.,136.));
#9941 = SURFACE_CURVE('',#9942,(#9946,#9952),.PCURVE_S1.);
#9942 = LINE('',#9943,#9944);
#9943 = CARTESIAN_POINT('',(96.,42.,136.));
#9944 = VECTOR('',#9945,1.);
#9945 = DIRECTION('',(0.,-1.,0.));
#9946 = PCURVE('',#8199,#9947);
#9947 = DEFINITIONAL_REPRESENTATION('',(#9948),#9951);
#9948 = B_SPLINE_CURVE_WITH_KNOTS('',1,(#9949,#9950),.UNSPECIFIED.,.F.,
  .F.,(2,2),(-51.,-42.3),.PIECEWISE_BEZIER_KNOTS.);
#9949 = CARTESIAN_POINT('',(136.,-93.));
#9950 = CARTESIAN_POINT('',(136.,-84.3));
#9951 = ( GEOMETRIC_REPRESENTATION_CONTEXT(2)
PARAMETRIC_REPRESENTATION_CONTEXT() REPRESENTATION_CONTEXT('2D SPACE',''
  ) );
#9952 = PCURVE('',#9953,#9958);
#9953 = PLANE('',#9954);
#9954 = AXIS2_PLACEMENT_3D('',#9955,#9956,#9957);
#9955 = CARTESIAN_POINT('',(95.,84.,136.));
#9956 = DIRECTION('',(0.,0.,1.));
#9957 = DIRECTION('',(1.,0.,-0.));
#9958 = DEFINITIONAL_REPRESENTATION('',(#9959),#9962);
#9959 = B_SPLINE_CURVE_WITH_KNOTS('',1,(#9960,#9961),.UNSPECIFIED.,.F.,
  .F.,(2,2),(-51.,-42.3),.PIECEWISE_BEZIER_KNOTS.);
#9960 = CARTESIAN_POINT('',(1.,9.));
#9961 = CARTESIAN_POINT('',(1.,0.3));
#9962 = ( GEOMETRIC_REPRESENTATION_CONTEXT(2)
PARAMETRIC_REPRESENTATION_CONTEXT() REPRESENTATION_CONTEXT('2D SPACE',''
  ) );
#9963 = ORIENTED_EDGE('',*,*,#9964,.T.);
#9964 = EDGE_CURVE('',#9939,#8727,#9965,.T.);
#9965 = SURFACE_CURVE('',#9966,(#9970,#9977),.PCURVE_S1.);
#9966 = LINE('',#9967,#9968);
#9967 = CARTESIAN_POINT('',(96.,93.,0.));
#9968 = VECTOR('',#9969,1.);
#9969 = DIRECTION('',(0.,0.,1.));
#9970 = PCURVE('',#8199,#9971);
#9971 = DEFINITIONAL_REPRESENTATION('',(#9972),#9976);
#9972 = LINE('',#9973,#9974);
#9973 = CARTESIAN_POINT('',(0.,-93.));
#9974 = VECTOR('',#9975,1.);
#9975 = DIRECTION('',(1.,0.));
#9976 = ( GEOMETRIC_REPRESENTATION_CONTEXT(2)
PARAMETRIC_REPRESENTATION_CONTEXT() REPRESENTATION_CONTEXT('2D SPACE',''
  ) );
#9977 = PCURVE('',#8786,#9978);
#9978 = DEFINITIONAL_REPRESENTATION('',(#9979),#9983);
#9979 = LINE('',#9980,#9981);
#9980 = CARTESIAN_POINT('',(0.,0.));
#9981 = VECTOR('',#9982,1.);
#9982 = DIRECTION('',(0.,1.));
#9983 = ( GEOMETRIC_REPRESENTATION_CONTEXT(2)
PARAMETRIC_REPRESENTATION_CONTEXT() REPRESENTATION_CONTEXT('2D SPACE',''
  ) );
#9984 = ORIENTED_EDGE('',*,*,#8821,.F.);
#9985 = FACE_BOUND('',#9986,.T.);
#9986 = EDGE_LOOP('',(#9987,#10015,#10043,#10069));
#9987 = ORIENTED_EDGE('',*,*,#9988,.T.);
#9988 = EDGE_CURVE('',#9989,#9991,#9993,.T.);
#9989 = VERTEX_POINT('',#9990);
#9990 = CARTESIAN_POINT('',(96.,78.,6.));
#9991 = VERTEX_POINT('',#9992);
#9992 = CARTESIAN_POINT('',(96.,72.,6.));
#9993 = SURFACE_CURVE('',#9994,(#9998,#10004),.PCURVE_S1.);
#9994 = LINE('',#9995,#9996);
#9995 = CARTESIAN_POINT('',(96.,37.5,6.));
#9996 = VECTOR('',#9997,1.);
#9997 = DIRECTION('',(0.,-1.,0.));
#9998 = PCURVE('',#8199,#9999);
#9999 = DEFINITIONAL_REPRESENTATION('',(#10000),#10003);
#10000 = B_SPLINE_CURVE_WITH_KNOTS('',1,(#10001,#10002),.UNSPECIFIED.,
  .F.,.F.,(2,2),(-42.5,-32.5),.PIECEWISE_BEZIER_KNOTS.);
#10001 = CARTESIAN_POINT('',(6.,-80.));
#10002 = CARTESIAN_POINT('',(6.,-70.));
#10003 = ( GEOMETRIC_REPRESENTATION_CONTEXT(2)
PARAMETRIC_REPRESENTATION_CONTEXT() REPRESENTATION_CONTEXT('2D SPACE',''
  ) );
#10004 = PCURVE('',#10005,#10010);
#10005 = PLANE('',#10006);
#10006 = AXIS2_PLACEMENT_3D('',#10007,#10008,#10009);
#10007 = CARTESIAN_POINT('',(98.105996422237,75.,6.));
#10008 = DIRECTION('',(0.,0.,1.));
#10009 = DIRECTION('',(1.,0.,-0.));
#10010 = DEFINITIONAL_REPRESENTATION('',(#10011),#10014);
#10011 = B_SPLINE_CURVE_WITH_KNOTS('',1,(#10012,#10013),.UNSPECIFIED.,
  .F.,.F.,(2,2),(-42.5,-32.5),.PIECEWISE_BEZIER_KNOTS.);
#10012 = CARTESIAN_POINT('',(-2.105996422237,5.));
#10013 = CARTESIAN_POINT('',(-2.105996422237,-5.));
#10014 = ( GEOMETRIC_REPRESENTATION_CONTEXT(2)
PARAMETRIC_REPRESENTATION_CONTEXT() REPRESENTATION_CONTEXT('2D SPACE',''
  ) );
#10015 = ORIENTED_EDGE('',*,*,#10016,.T.);
#10016 = EDGE_CURVE('',#9991,#10017,#10019,.T.);
#10017 = VERTEX_POINT('',#10018);
#10018 = CARTESIAN_POINT('',(96.,72.,35.));
#10019 = SURFACE_CURVE('',#10020,(#10024,#10031),.PCURVE_S1.);
#10020 = LINE('',#10021,#10022);
#10021 = CARTESIAN_POINT('',(96.,72.,6.));
#10022 = VECTOR('',#10023,1.);
#10023 = DIRECTION('',(0.,0.,1.));
#10024 = PCURVE('',#8199,#10025);
#10025 = DEFINITIONAL_REPRESENTATION('',(#10026),#10030);
#10026 = LINE('',#10027,#10028);
#10027 = CARTESIAN_POINT('',(6.,-72.));
#10028 = VECTOR('',#10029,1.);
#10029 = DIRECTION('',(1.,0.));
#10030 = ( GEOMETRIC_REPRESENTATION_CONTEXT(2)
PARAMETRIC_REPRESENTATION_CONTEXT() REPRESENTATION_CONTEXT('2D SPACE',''
  ) );
#10031 = PCURVE('',#10032,#10037);
#10032 = PLANE('',#10033);
#10033 = AXIS2_PLACEMENT_3D('',#10034,#10035,#10036);
#10034 = CARTESIAN_POINT('',(96.,72.,6.));
#10035 = DIRECTION('',(0.4472135955,0.894427191,-0.));
#10036 = DIRECTION('',(0.894427191,-0.4472135955,0.));
#10037 = DEFINITIONAL_REPRESENTATION('',(#10038),#10042);
#10038 = LINE('',#10039,#10040);
#10039 = CARTESIAN_POINT('',(0.,0.));
#10040 = VECTOR('',#10041,1.);
#10041 = DIRECTION('',(0.,-1.));
#10042 = ( GEOMETRIC_REPRESENTATION_CONTEXT(2)
PARAMETRIC_REPRESENTATION_CONTEXT() REPRESENTATION_CONTEXT('2D SPACE',''
  ) );
#10043 = ORIENTED_EDGE('',*,*,#10044,.F.);
#10044 = EDGE_CURVE('',#10045,#10017,#10047,.T.);
#10045 = VERTEX_POINT('',#10046);
#10046 = CARTESIAN_POINT('',(96.,78.,35.));
#10047 = SURFACE_CURVE('',#10048,(#10052,#10058),.PCURVE_S1.);
#10048 = LINE('',#10049,#10050);
#10049 = CARTESIAN_POINT('',(96.,37.5,35.));
#10050 = VECTOR('',#10051,1.);
#10051 = DIRECTION('',(0.,-1.,0.));
#10052 = PCURVE('',#8199,#10053);
#10053 = DEFINITIONAL_REPRESENTATION('',(#10054),#10057);
#10054 = B_SPLINE_CURVE_WITH_KNOTS('',1,(#10055,#10056),.UNSPECIFIED.,
  .F.,.F.,(2,2),(-42.5,-32.5),.PIECEWISE_BEZIER_KNOTS.);
#10055 = CARTESIAN_POINT('',(35.,-80.));
#10056 = CARTESIAN_POINT('',(35.,-70.));
#10057 = ( GEOMETRIC_REPRESENTATION_CONTEXT(2)
PARAMETRIC_REPRESENTATION_CONTEXT() REPRESENTATION_CONTEXT('2D SPACE',''
  ) );
#10058 = PCURVE('',#10059,#10064);
#10059 = PLANE('',#10060);
#10060 = AXIS2_PLACEMENT_3D('',#10061,#10062,#10063);
#10061 = CARTESIAN_POINT('',(98.105996422237,75.,35.));
#10062 = DIRECTION('',(0.,0.,1.));
#10063 = DIRECTION('',(1.,0.,-0.));
#10064 = DEFINITIONAL_REPRESENTATION('',(#10065),#10068);
#10065 = B_SPLINE_CURVE_WITH_KNOTS('',1,(#10066,#10067),.UNSPECIFIED.,
  .F.,.F.,(2,2),(-42.5,-32.5),.PIECEWISE_BEZIER_KNOTS.);
#10066 = CARTESIAN_POINT('',(-2.105996422237,5.));
#10067 = CARTESIAN_POINT('',(-2.105996422237,-5.));
#10068 = ( GEOMETRIC_REPRESENTATION_CONTEXT(2)
PARAMETRIC_REPRESENTATION_CONTEXT() REPRESENTATION_CONTEXT('2D SPACE',''
  ) );
#10069 = ORIENTED_EDGE('',*,*,#10070,.F.);
#10070 = EDGE_CURVE('',#9989,#10045,#10071,.T.);
#10071 = SURFACE_CURVE('',#10072,(#10076,#10083),.PCURVE_S1.);
#10072 = LINE('',#10073,#10074);
#10073 = CARTESIAN_POINT('',(96.,78.,6.));
#10074 = VECTOR('',#10075,1.);
#10075 = DIRECTION('',(0.,0.,1.));
#10076 = PCURVE('',#8199,#10077);
#10077 = DEFINITIONAL_REPRESENTATION('',(#10078),#10082);
#10078 = LINE('',#10079,#10080);
#10079 = CARTESIAN_POINT('',(6.,-78.));
#10080 = VECTOR('',#10081,1.);
#10081 = DIRECTION('',(1.,0.));
#10082 = ( GEOMETRIC_REPRESENTATION_CONTEXT(2)
PARAMETRIC_REPRESENTATION_CONTEXT() REPRESENTATION_CONTEXT('2D SPACE',''
  ) );
#10083 = PCURVE('',#10084,#10089);
#10084 = PLANE('',#10085);
#10085 = AXIS2_PLACEMENT_3D('',#10086,#10087,#10088);
#10086 = CARTESIAN_POINT('',(100.,80.,6.));
#10087 = DIRECTION('',(0.4472135955,-0.894427191,0.));
#10088 = DIRECTION('',(-0.894427191,-0.4472135955,0.));
#10089 = DEFINITIONAL_REPRESENTATION('',(#10090),#10094);
#10090 = LINE('',#10091,#10092);
#10091 = CARTESIAN_POINT('',(4.472135955,0.));
#10092 = VECTOR('',#10093,1.);
#10093 = DIRECTION('',(0.,-1.));
#10094 = ( GEOMETRIC_REPRESENTATION_CONTEXT(2)
PARAMETRIC_REPRESENTATION_CONTEXT() REPRESENTATION_CONTEXT('2D SPACE',''
  ) );
#10095 = FACE_BOUND('',#10096,.T.);
#10096 = EDGE_LOOP('',(#10097,#10125,#10153,#10179));
#10097 = ORIENTED_EDGE('',*,*,#10098,.T.);
#10098 = EDGE_CURVE('',#10099,#10101,#10103,.T.);
#10099 = VERTEX_POINT('',#10100);
#10100 = CARTESIAN_POINT('',(96.,28.,6.));
#10101 = VERTEX_POINT('',#10102);
#10102 = CARTESIAN_POINT('',(96.,22.,6.));
#10103 = SURFACE_CURVE('',#10104,(#10108,#10114),.PCURVE_S1.);
#10104 = LINE('',#10105,#10106);
#10105 = CARTESIAN_POINT('',(96.,12.5,6.));
#10106 = VECTOR('',#10107,1.);
#10107 = DIRECTION('',(0.,-1.,0.));
#10108 = PCURVE('',#8199,#10109);
#10109 = DEFINITIONAL_REPRESENTATION('',(#10110),#10113);
#10110 = B_SPLINE_CURVE_WITH_KNOTS('',1,(#10111,#10112),.UNSPECIFIED.,
  .F.,.F.,(2,2),(-17.5,-7.5),.PIECEWISE_BEZIER_KNOTS.);
#10111 = CARTESIAN_POINT('',(6.,-30.));
#10112 = CARTESIAN_POINT('',(6.,-20.));
#10113 = ( GEOMETRIC_REPRESENTATION_CONTEXT(2)
PARAMETRIC_REPRESENTATION_CONTEXT() REPRESENTATION_CONTEXT('2D SPACE',''
  ) );
#10114 = PCURVE('',#10115,#10120);
#10115 = PLANE('',#10116);
#10116 = AXIS2_PLACEMENT_3D('',#10117,#10118,#10119);
#10117 = CARTESIAN_POINT('',(98.105996422237,25.,6.));
#10118 = DIRECTION('',(0.,0.,1.));
#10119 = DIRECTION('',(1.,0.,-0.));
#10120 = DEFINITIONAL_REPRESENTATION('',(#10121),#10124);
#10121 = B_SPLINE_CURVE_WITH_KNOTS('',1,(#10122,#10123),.UNSPECIFIED.,
  .F.,.F.,(2,2),(-17.5,-7.5),.PIECEWISE_BEZIER_KNOTS.);
#10122 = CARTESIAN_POINT('',(-2.105996422237,5.));
#10123 = CARTESIAN_POINT('',(-2.105996422237,-5.));
#10124 = ( GEOMETRIC_REPRESENTATION_CONTEXT(2)
PARAMETRIC_REPRESENTATION_CONTEXT() REPRESENTATION_CONTEXT('2D SPACE',''
  ) );
#10125 = ORIENTED_EDGE('',*,*,#10126,.T.);
#10126 = EDGE_CURVE('',#10101,#10127,#10129,.T.);
#10127 = VERTEX_POINT('',#10128);
#10128 = CARTESIAN_POINT('',(96.,22.,35.));
#10129 = SURFACE_CURVE('',#10130,(#10134,#10141),.PCURVE_S1.);
#10130 = LINE('',#10131,#10132);
#10131 = CARTESIAN_POINT('',(96.,22.,6.));
#10132 = VECTOR('',#10133,1.);
#10133 = DIRECTION('',(0.,0.,1.));
#10134 = PCURVE('',#8199,#10135);
#10135 = DEFINITIONAL_REPRESENTATION('',(#10136),#10140);
#10136 = LINE('',#10137,#10138);
#10137 = CARTESIAN_POINT('',(6.,-22.));
#10138 = VECTOR('',#10139,1.);
#10139 = DIRECTION('',(1.,0.));
#10140 = ( GEOMETRIC_REPRESENTATION_CONTEXT(2)
PARAMETRIC_REPRESENTATION_CONTEXT() REPRESENTATION_CONTEXT('2D SPACE',''
  ) );
#10141 = PCURVE('',#10142,#10147);
#10142 = PLANE('',#10143);
#10143 = AXIS2_PLACEMENT_3D('',#10144,#10145,#10146);
#10144 = CARTESIAN_POINT('',(96.,22.,6.));
#10145 = DIRECTION('',(0.4472135955,0.894427191,-0.));
#10146 = DIRECTION('',(0.894427191,-0.4472135955,0.));
#10147 = DEFINITIONAL_REPRESENTATION('',(#10148),#10152);
#10148 = LINE('',#10149,#10150);
#10149 = CARTESIAN_POINT('',(0.,0.));
#10150 = VECTOR('',#10151,1.);
#10151 = DIRECTION('',(0.,-1.));
#10152 = ( GEOMETRIC_REPRESENTATION_CONTEXT(2)
PARAMETRIC_REPRESENTATION_CONTEXT() REPRESENTATION_CONTEXT('2D SPACE',''
  ) );
#10153 = ORIENTED_EDGE('',*,*,#10154,.F.);
#10154 = EDGE_CURVE('',#10155,#10127,#10157,.T.);
#10155 = VERTEX_POINT('',#10156);
#10156 = CARTESIAN_POINT('',(96.,28.,35.));
#10157 = SURFACE_CURVE('',#10158,(#10162,#10168),.PCURVE_S1.);
#10158 = LINE('',#10159,#10160);
#10159 = CARTESIAN_POINT('',(96.,12.5,35.));
#10160 = VECTOR('',#10161,1.);
#10161 = DIRECTION('',(0.,-1.,0.));
#10162 = PCURVE('',#8199,#10163);
#10163 = DEFINITIONAL_REPRESENTATION('',(#10164),#10167);
#10164 = B_SPLINE_CURVE_WITH_KNOTS('',1,(#10165,#10166),.UNSPECIFIED.,
  .F.,.F.,(2,2),(-17.5,-7.5),.PIECEWISE_BEZIER_KNOTS.);
#10165 = CARTESIAN_POINT('',(35.,-30.));
#10166 = CARTESIAN_POINT('',(35.,-20.));
#10167 = ( GEOMETRIC_REPRESENTATION_CONTEXT(2)
PARAMETRIC_REPRESENTATION_CONTEXT() REPRESENTATION_CONTEXT('2D SPACE',''
  ) );
#10168 = PCURVE('',#10169,#10174);
#10169 = PLANE('',#10170);
#10170 = AXIS2_PLACEMENT_3D('',#10171,#10172,#10173);
#10171 = CARTESIAN_POINT('',(98.105996422237,25.,35.));
#10172 = DIRECTION('',(0.,0.,1.));
#10173 = DIRECTION('',(1.,0.,-0.));
#10174 = DEFINITIONAL_REPRESENTATION('',(#10175),#10178);
#10175 = B_SPLINE_CURVE_WITH_KNOTS('',1,(#10176,#10177),.UNSPECIFIED.,
  .F.,.F.,(2,2),(-17.5,-7.5),.PIECEWISE_BEZIER_KNOTS.);
#10176 = CARTESIAN_POINT('',(-2.105996422237,5.));
#10177 = CARTESIAN_POINT('',(-2.105996422237,-5.));
#10178 = ( GEOMETRIC_REPRESENTATION_CONTEXT(2)
PARAMETRIC_REPRESENTATION_CONTEXT() REPRESENTATION_CONTEXT('2D SPACE',''
  ) );
#10179 = ORIENTED_EDGE('',*,*,#10180,.F.);
#10180 = EDGE_CURVE('',#10099,#10155,#10181,.T.);
#10181 = SURFACE_CURVE('',#10182,(#10186,#10193),.PCURVE_S1.);
#10182 = LINE('',#10183,#10184);
#10183 = CARTESIAN_POINT('',(96.,28.,6.));
#10184 = VECTOR('',#10185,1.);
#10185 = DIRECTION('',(0.,0.,1.));
#10186 = PCURVE('',#8199,#10187);
#10187 = DEFINITIONAL_REPRESENTATION('',(#10188),#10192);
#10188 = LINE('',#10189,#10190);
#10189 = CARTESIAN_POINT('',(6.,-28.));
#10190 = VECTOR('',#10191,1.);
#10191 = DIRECTION('',(1.,0.));
#10192 = ( GEOMETRIC_REPRESENTATION_CONTEXT(2)
PARAMETRIC_REPRESENTATION_CONTEXT() REPRESENTATION_CONTEXT('2D SPACE',''
  ) );
#10193 = PCURVE('',#10194,#10199);
#10194 = PLANE('',#10195);
#10195 = AXIS2_PLACEMENT_3D('',#10196,#10197,#10198);
#10196 = CARTESIAN_POINT('',(100.,30.,6.));
#10197 = DIRECTION('',(0.4472135955,-0.894427191,0.));
#10198 = DIRECTION('',(-0.894427191,-0.4472135955,0.));
#10199 = DEFINITIONAL_REPRESENTATION('',(#10200),#10204);
#10200 = LINE('',#10201,#10202);
#10201 = CARTESIAN_POINT('',(4.472135955,0.));
#10202 = VECTOR('',#10203,1.);
#10203 = DIRECTION('',(0.,-1.));
#10204 = ( GEOMETRIC_REPRESENTATION_CONTEXT(2)
PARAMETRIC_REPRESENTATION_CONTEXT() REPRESENTATION_CONTEXT('2D SPACE',''
  ) );
#10205 = ADVANCED_FACE('',(#10206),#8258,.T.);
#10206 = FACE_BOUND('',#10207,.F.);
#10207 = EDGE_LOOP('',(#10208,#10209,#10232,#10252));
#10208 = ORIENTED_EDGE('',*,*,#9519,.T.);
#10209 = ORIENTED_EDGE('',*,*,#10210,.T.);
#10210 = EDGE_CURVE('',#9520,#10211,#10213,.T.);
#10211 = VERTEX_POINT('',#10212);
#10212 = CARTESIAN_POINT('',(7.,0.5,-1.110223024625E-16));
#10213 = SURFACE_CURVE('',#10214,(#10218,#10225),.PCURVE_S1.);
#10214 = LINE('',#10215,#10216);
#10215 = CARTESIAN_POINT('',(89.,0.5,-1.110223024625E-16));
#10216 = VECTOR('',#10217,1.);
#10217 = DIRECTION('',(-1.,-0.,0.));
#10218 = PCURVE('',#8258,#10219);
#10219 = DEFINITIONAL_REPRESENTATION('',(#10220),#10224);
#10220 = LINE('',#10221,#10222);
#10221 = CARTESIAN_POINT('',(-1.570796326795,0.));
#10222 = VECTOR('',#10223,1.);
#10223 = DIRECTION('',(-0.,1.));
#10224 = ( GEOMETRIC_REPRESENTATION_CONTEXT(2)
PARAMETRIC_REPRESENTATION_CONTEXT() REPRESENTATION_CONTEXT('2D SPACE',''
  ) );
#10225 = PCURVE('',#9556,#10226);
#10226 = DEFINITIONAL_REPRESENTATION('',(#10227),#10231);
#10227 = LINE('',#10228,#10229);
#10228 = CARTESIAN_POINT('',(89.,0.5));
#10229 = VECTOR('',#10230,1.);
#10230 = DIRECTION('',(-1.,0.));
#10231 = ( GEOMETRIC_REPRESENTATION_CONTEXT(2)
PARAMETRIC_REPRESENTATION_CONTEXT() REPRESENTATION_CONTEXT('2D SPACE',''
  ) );
#10232 = ORIENTED_EDGE('',*,*,#10233,.F.);
#10233 = EDGE_CURVE('',#8243,#10211,#10234,.T.);
#10234 = SURFACE_CURVE('',#10235,(#10240,#10246),.PCURVE_S1.);
#10235 = CIRCLE('',#10236,0.5);
#10236 = AXIS2_PLACEMENT_3D('',#10237,#10238,#10239);
#10237 = CARTESIAN_POINT('',(7.,0.5,0.5));
#10238 = DIRECTION('',(1.,0.,0.));
#10239 = DIRECTION('',(0.,-1.,0.));
#10240 = PCURVE('',#8258,#10241);
#10241 = DEFINITIONAL_REPRESENTATION('',(#10242),#10245);
#10242 = B_SPLINE_CURVE_WITH_KNOTS('',1,(#10243,#10244),.UNSPECIFIED.,
  .F.,.F.,(2,2),(0.,1.570796326795),.PIECEWISE_BEZIER_KNOTS.);
#10243 = CARTESIAN_POINT('',(0.,82.));
#10244 = CARTESIAN_POINT('',(-1.570796326795,82.));
#10245 = ( GEOMETRIC_REPRESENTATION_CONTEXT(2)
PARAMETRIC_REPRESENTATION_CONTEXT() REPRESENTATION_CONTEXT('2D SPACE',''
  ) );
#10246 = PCURVE('',#8391,#10247);
#10247 = DEFINITIONAL_REPRESENTATION('',(#10248),#10251);
#10248 = B_SPLINE_CURVE_WITH_KNOTS('',1,(#10249,#10250),.UNSPECIFIED.,
  .F.,.F.,(2,2),(0.,1.570796326795),.PIECEWISE_BEZIER_KNOTS.);
#10249 = CARTESIAN_POINT('',(-2.22044604925E-16,0.));
#10250 = CARTESIAN_POINT('',(-2.22044604925E-16,1.570796326795));
#10251 = ( GEOMETRIC_REPRESENTATION_CONTEXT(2)
PARAMETRIC_REPRESENTATION_CONTEXT() REPRESENTATION_CONTEXT('2D SPACE',''
  ) );
#10252 = ORIENTED_EDGE('',*,*,#8242,.F.);
#10253 = ADVANCED_FACE('',(#10254),#8391,.T.);
#10254 = FACE_BOUND('',#10255,.T.);
#10255 = EDGE_LOOP('',(#10256,#10257,#10258,#10285));
#10256 = ORIENTED_EDGE('',*,*,#10233,.F.);
#10257 = ORIENTED_EDGE('',*,*,#8376,.T.);
#10258 = ORIENTED_EDGE('',*,*,#10259,.T.);
#10259 = EDGE_CURVE('',#8349,#10260,#10262,.T.);
#10260 = VERTEX_POINT('',#10261);
#10261 = CARTESIAN_POINT('',(0.5,7.,-1.110223024625E-16));
#10262 = SURFACE_CURVE('',#10263,(#10268,#10274),.PCURVE_S1.);
#10263 = CIRCLE('',#10264,0.5);
#10264 = AXIS2_PLACEMENT_3D('',#10265,#10266,#10267);
#10265 = CARTESIAN_POINT('',(0.5,7.,0.5));
#10266 = DIRECTION('',(0.,-1.,-0.));
#10267 = DIRECTION('',(-1.,-0.,0.));
#10268 = PCURVE('',#8391,#10269);
#10269 = DEFINITIONAL_REPRESENTATION('',(#10270),#10273);
#10270 = B_SPLINE_CURVE_WITH_KNOTS('',1,(#10271,#10272),.UNSPECIFIED.,
  .F.,.F.,(2,2),(0.,1.570796326795),.PIECEWISE_BEZIER_KNOTS.);
#10271 = CARTESIAN_POINT('',(1.570796326795,0.));
#10272 = CARTESIAN_POINT('',(1.570796326795,1.570796326795));
#10273 = ( GEOMETRIC_REPRESENTATION_CONTEXT(2)
PARAMETRIC_REPRESENTATION_CONTEXT() REPRESENTATION_CONTEXT('2D SPACE',''
  ) );
#10274 = PCURVE('',#10275,#10280);
#10275 = CYLINDRICAL_SURFACE('',#10276,0.5);
#10276 = AXIS2_PLACEMENT_3D('',#10277,#10278,#10279);
#10277 = CARTESIAN_POINT('',(0.5,7.,0.5));
#10278 = DIRECTION('',(-0.,1.,0.));
#10279 = DIRECTION('',(-1.,-0.,0.));
#10280 = DEFINITIONAL_REPRESENTATION('',(#10281),#10284);
#10281 = B_SPLINE_CURVE_WITH_KNOTS('',1,(#10282,#10283),.UNSPECIFIED.,
  .F.,.F.,(2,2),(0.,1.570796326795),.PIECEWISE_BEZIER_KNOTS.);
#10282 = CARTESIAN_POINT('',(0.,0.));
#10283 = CARTESIAN_POINT('',(-1.570796326795,0.));
#10284 = ( GEOMETRIC_REPRESENTATION_CONTEXT(2)
PARAMETRIC_REPRESENTATION_CONTEXT() REPRESENTATION_CONTEXT('2D SPACE',''
  ) );
#10285 = ORIENTED_EDGE('',*,*,#10286,.F.);
#10286 = EDGE_CURVE('',#10211,#10260,#10287,.T.);
#10287 = SURFACE_CURVE('',#10288,(#10293,#10300),.PCURVE_S1.);
#10288 = CIRCLE('',#10289,6.5);
#10289 = AXIS2_PLACEMENT_3D('',#10290,#10291,#10292);
#10290 = CARTESIAN_POINT('',(7.,7.,0.));
#10291 = DIRECTION('',(-0.,0.,-1.));
#10292 = DIRECTION('',(-2.537652627715E-16,-1.,0.));
#10293 = PCURVE('',#8391,#10294);
#10294 = DEFINITIONAL_REPRESENTATION('',(#10295),#10299);
#10295 = LINE('',#10296,#10297);
#10296 = CARTESIAN_POINT('',(0.,1.570796326795));
#10297 = VECTOR('',#10298,1.);
#10298 = DIRECTION('',(1.,0.));
#10299 = ( GEOMETRIC_REPRESENTATION_CONTEXT(2)
PARAMETRIC_REPRESENTATION_CONTEXT() REPRESENTATION_CONTEXT('2D SPACE',''
  ) );
#10300 = PCURVE('',#9556,#10301);
#10301 = DEFINITIONAL_REPRESENTATION('',(#10302),#10310);
#10302 = ( BOUNDED_CURVE() B_SPLINE_CURVE(2,(#10303,#10304,#10305,#10306
    ,#10307,#10308,#10309),.UNSPECIFIED.,.T.,.F.)
B_SPLINE_CURVE_WITH_KNOTS((1,2,2,2,2,1),(-2.094395102393,0.,
    2.094395102393,4.188790204786,6.28318530718,8.377580409573),
.UNSPECIFIED.) CURVE() GEOMETRIC_REPRESENTATION_ITEM()
RATIONAL_B_SPLINE_CURVE((1.,0.5,1.,0.5,1.,0.5,1.)) REPRESENTATION_ITEM(
  '') );
#10303 = CARTESIAN_POINT('',(7.,0.5));
#10304 = CARTESIAN_POINT('',(-4.258330249198,0.5));
#10305 = CARTESIAN_POINT('',(1.370834875401,10.25));
#10306 = CARTESIAN_POINT('',(7.,20.));
#10307 = CARTESIAN_POINT('',(12.629165124599,10.25));
#10308 = CARTESIAN_POINT('',(18.258330249198,0.5));
#10309 = CARTESIAN_POINT('',(7.,0.5));
#10310 = ( GEOMETRIC_REPRESENTATION_CONTEXT(2)
PARAMETRIC_REPRESENTATION_CONTEXT() REPRESENTATION_CONTEXT('2D SPACE',''
  ) );
#10311 = ADVANCED_FACE('',(#10312,#10318),#8364,.F.);
#10312 = FACE_BOUND('',#10313,.F.);
#10313 = EDGE_LOOP('',(#10314,#10315,#10316,#10317));
#10314 = ORIENTED_EDGE('',*,*,#8577,.T.);
#10315 = ORIENTED_EDGE('',*,*,#8675,.T.);
#10316 = ORIENTED_EDGE('',*,*,#8702,.F.);
#10317 = ORIENTED_EDGE('',*,*,#8626,.F.);
#10318 = FACE_BOUND('',#10319,.F.);
#10319 = EDGE_LOOP('',(#10320,#10321,#10344,#10365));
#10320 = ORIENTED_EDGE('',*,*,#8348,.F.);
#10321 = ORIENTED_EDGE('',*,*,#10322,.T.);
#10322 = EDGE_CURVE('',#8349,#10323,#10325,.T.);
#10323 = VERTEX_POINT('',#10324);
#10324 = CARTESIAN_POINT('',(-1.110223024625E-16,93.,0.5));
#10325 = SURFACE_CURVE('',#10326,(#10330,#10337),.PCURVE_S1.);
#10326 = LINE('',#10327,#10328);
#10327 = CARTESIAN_POINT('',(-1.110223024625E-16,7.,0.5));
#10328 = VECTOR('',#10329,1.);
#10329 = DIRECTION('',(-0.,1.,0.));
#10330 = PCURVE('',#8364,#10331);
#10331 = DEFINITIONAL_REPRESENTATION('',(#10332),#10336);
#10332 = LINE('',#10333,#10334);
#10333 = CARTESIAN_POINT('',(0.5,-7.));
#10334 = VECTOR('',#10335,1.);
#10335 = DIRECTION('',(0.,-1.));
#10336 = ( GEOMETRIC_REPRESENTATION_CONTEXT(2)
PARAMETRIC_REPRESENTATION_CONTEXT() REPRESENTATION_CONTEXT('2D SPACE',''
  ) );
#10337 = PCURVE('',#10275,#10338);
#10338 = DEFINITIONAL_REPRESENTATION('',(#10339),#10343);
#10339 = LINE('',#10340,#10341);
#10340 = CARTESIAN_POINT('',(-0.,0.));
#10341 = VECTOR('',#10342,1.);
#10342 = DIRECTION('',(-0.,1.));
#10343 = ( GEOMETRIC_REPRESENTATION_CONTEXT(2)
PARAMETRIC_REPRESENTATION_CONTEXT() REPRESENTATION_CONTEXT('2D SPACE',''
  ) );
#10344 = ORIENTED_EDGE('',*,*,#10345,.T.);
#10345 = EDGE_CURVE('',#10323,#8929,#10346,.T.);
#10346 = SURFACE_CURVE('',#10347,(#10351,#10358),.PCURVE_S1.);
#10347 = LINE('',#10348,#10349);
#10348 = CARTESIAN_POINT('',(-8.881784197001E-16,93.,0.));
#10349 = VECTOR('',#10350,1.);
#10350 = DIRECTION('',(0.,0.,1.));
#10351 = PCURVE('',#8364,#10352);
#10352 = DEFINITIONAL_REPRESENTATION('',(#10353),#10357);
#10353 = LINE('',#10354,#10355);
#10354 = CARTESIAN_POINT('',(0.,-93.));
#10355 = VECTOR('',#10356,1.);
#10356 = DIRECTION('',(1.,0.));
#10357 = ( GEOMETRIC_REPRESENTATION_CONTEXT(2)
PARAMETRIC_REPRESENTATION_CONTEXT() REPRESENTATION_CONTEXT('2D SPACE',''
  ) );
#10358 = PCURVE('',#8965,#10359);
#10359 = DEFINITIONAL_REPRESENTATION('',(#10360),#10364);
#10360 = LINE('',#10361,#10362);
#10361 = CARTESIAN_POINT('',(-0.,0.));
#10362 = VECTOR('',#10363,1.);
#10363 = DIRECTION('',(-0.,1.));
#10364 = ( GEOMETRIC_REPRESENTATION_CONTEXT(2)
PARAMETRIC_REPRESENTATION_CONTEXT() REPRESENTATION_CONTEXT('2D SPACE',''
  ) );
#10365 = ORIENTED_EDGE('',*,*,#9007,.T.);
#10366 = ADVANCED_FACE('',(#10367),#8460,.F.);
#10367 = FACE_BOUND('',#10368,.F.);
#10368 = EDGE_LOOP('',(#10369,#10370,#10393,#10420));
#10369 = ORIENTED_EDGE('',*,*,#8443,.F.);
#10370 = ORIENTED_EDGE('',*,*,#10371,.F.);
#10371 = EDGE_CURVE('',#10372,#8444,#10374,.T.);
#10372 = VERTEX_POINT('',#10373);
#10373 = CARTESIAN_POINT('',(19.4,45.,4.));
#10374 = SEAM_CURVE('',#10375,(#10379,#10386),.PCURVE_S1.);
#10375 = LINE('',#10376,#10377);
#10376 = CARTESIAN_POINT('',(19.4,45.,4.));
#10377 = VECTOR('',#10378,1.);
#10378 = DIRECTION('',(0.,0.,1.));
#10379 = PCURVE('',#8460,#10380);
#10380 = DEFINITIONAL_REPRESENTATION('',(#10381),#10385);
#10381 = LINE('',#10382,#10383);
#10382 = CARTESIAN_POINT('',(6.28318530718,-0.));
#10383 = VECTOR('',#10384,1.);
#10384 = DIRECTION('',(0.,1.));
#10385 = ( GEOMETRIC_REPRESENTATION_CONTEXT(2)
PARAMETRIC_REPRESENTATION_CONTEXT() REPRESENTATION_CONTEXT('2D SPACE',''
  ) );
#10386 = PCURVE('',#8460,#10387);
#10387 = DEFINITIONAL_REPRESENTATION('',(#10388),#10392);
#10388 = LINE('',#10389,#10390);
#10389 = CARTESIAN_POINT('',(0.,-0.));
#10390 = VECTOR('',#10391,1.);
#10391 = DIRECTION('',(0.,1.));
#10392 = ( GEOMETRIC_REPRESENTATION_CONTEXT(2)
PARAMETRIC_REPRESENTATION_CONTEXT() REPRESENTATION_CONTEXT('2D SPACE',''
  ) );
#10393 = ORIENTED_EDGE('',*,*,#10394,.T.);
#10394 = EDGE_CURVE('',#10372,#10372,#10395,.T.);
#10395 = SURFACE_CURVE('',#10396,(#10401,#10408),.PCURVE_S1.);
#10396 = CIRCLE('',#10397,1.4);
#10397 = AXIS2_PLACEMENT_3D('',#10398,#10399,#10400);
#10398 = CARTESIAN_POINT('',(18.,45.,4.));
#10399 = DIRECTION('',(0.,0.,1.));
#10400 = DIRECTION('',(1.,0.,-0.));
#10401 = PCURVE('',#8460,#10402);
#10402 = DEFINITIONAL_REPRESENTATION('',(#10403),#10407);
#10403 = LINE('',#10404,#10405);
#10404 = CARTESIAN_POINT('',(0.,0.));
#10405 = VECTOR('',#10406,1.);
#10406 = DIRECTION('',(1.,0.));
#10407 = ( GEOMETRIC_REPRESENTATION_CONTEXT(2)
PARAMETRIC_REPRESENTATION_CONTEXT() REPRESENTATION_CONTEXT('2D SPACE',''
  ) );
#10408 = PCURVE('',#10409,#10414);
#10409 = PLANE('',#10410);
#10410 = AXIS2_PLACEMENT_3D('',#10411,#10412,#10413);
#10411 = CARTESIAN_POINT('',(18.,45.,4.));
#10412 = DIRECTION('',(0.,0.,1.));
#10413 = DIRECTION('',(1.,0.,-0.));
#10414 = DEFINITIONAL_REPRESENTATION('',(#10415),#10419);
#10415 = CIRCLE('',#10416,1.4);
#10416 = AXIS2_PLACEMENT_2D('',#10417,#10418);
#10417 = CARTESIAN_POINT('',(0.,0.));
#10418 = DIRECTION('',(1.,0.));
#10419 = ( GEOMETRIC_REPRESENTATION_CONTEXT(2)
PARAMETRIC_REPRESENTATION_CONTEXT() REPRESENTATION_CONTEXT('2D SPACE',''
  ) );
#10420 = ORIENTED_EDGE('',*,*,#10371,.T.);
#10421 = ADVANCED_FACE('',(#10422),#8514,.T.);
#10422 = FACE_BOUND('',#10423,.F.);
#10423 = EDGE_LOOP('',(#10424));
#10424 = ORIENTED_EDGE('',*,*,#8499,.F.);
#10425 = ADVANCED_FACE('',(#10426),#8786,.T.);
#10426 = FACE_BOUND('',#10427,.T.);
#10427 = EDGE_LOOP('',(#10428,#10429,#10458,#10479,#10480,#10481,#10505,
    #10537,#10563,#10595));
#10428 = ORIENTED_EDGE('',*,*,#9811,.F.);
#10429 = ORIENTED_EDGE('',*,*,#10430,.F.);
#10430 = EDGE_CURVE('',#10431,#9784,#10433,.T.);
#10431 = VERTEX_POINT('',#10432);
#10432 = CARTESIAN_POINT('',(89.,100.,0.5));
#10433 = SURFACE_CURVE('',#10434,(#10439,#10446),.PCURVE_S1.);
#10434 = CIRCLE('',#10435,7.);
#10435 = AXIS2_PLACEMENT_3D('',#10436,#10437,#10438);
#10436 = CARTESIAN_POINT('',(89.,93.,0.5));
#10437 = DIRECTION('',(0.,-0.,-1.));
#10438 = DIRECTION('',(0.,1.,-0.));
#10439 = PCURVE('',#8786,#10440);
#10440 = DEFINITIONAL_REPRESENTATION('',(#10441),#10445);
#10441 = LINE('',#10442,#10443);
#10442 = CARTESIAN_POINT('',(1.570796326795,0.5));
#10443 = VECTOR('',#10444,1.);
#10444 = DIRECTION('',(-1.,-0.));
#10445 = ( GEOMETRIC_REPRESENTATION_CONTEXT(2)
PARAMETRIC_REPRESENTATION_CONTEXT() REPRESENTATION_CONTEXT('2D SPACE',''
  ) );
#10446 = PCURVE('',#10447,#10452);
#10447 = TOROIDAL_SURFACE('',#10448,6.5,0.5);
#10448 = AXIS2_PLACEMENT_3D('',#10449,#10450,#10451);
#10449 = CARTESIAN_POINT('',(89.,93.,0.5));
#10450 = DIRECTION('',(-0.,-0.,-1.));
#10451 = DIRECTION('',(0.,1.,-0.));
#10452 = DEFINITIONAL_REPRESENTATION('',(#10453),#10457);
#10453 = LINE('',#10454,#10455);
#10454 = CARTESIAN_POINT('',(0.,0.));
#10455 = VECTOR('',#10456,1.);
#10456 = DIRECTION('',(1.,0.));
#10457 = ( GEOMETRIC_REPRESENTATION_CONTEXT(2)
PARAMETRIC_REPRESENTATION_CONTEXT() REPRESENTATION_CONTEXT('2D SPACE',''
  ) );
#10458 = ORIENTED_EDGE('',*,*,#10459,.T.);
#10459 = EDGE_CURVE('',#10431,#8750,#10460,.T.);
#10460 = SURFACE_CURVE('',#10461,(#10465,#10472),.PCURVE_S1.);
#10461 = LINE('',#10462,#10463);
#10462 = CARTESIAN_POINT('',(89.,100.,0.));
#10463 = VECTOR('',#10464,1.);
#10464 = DIRECTION('',(0.,0.,1.));
#10465 = PCURVE('',#8786,#10466);
#10466 = DEFINITIONAL_REPRESENTATION('',(#10467),#10471);
#10467 = LINE('',#10468,#10469);
#10468 = CARTESIAN_POINT('',(1.570796326795,0.));
#10469 = VECTOR('',#10470,1.);
#10470 = DIRECTION('',(0.,1.));
#10471 = ( GEOMETRIC_REPRESENTATION_CONTEXT(2)
PARAMETRIC_REPRESENTATION_CONTEXT() REPRESENTATION_CONTEXT('2D SPACE',''
  ) );
#10472 = PCURVE('',#8864,#10473);
#10473 = DEFINITIONAL_REPRESENTATION('',(#10474),#10478);
#10474 = LINE('',#10475,#10476);
#10475 = CARTESIAN_POINT('',(0.,89.));
#10476 = VECTOR('',#10477,1.);
#10477 = DIRECTION('',(1.,0.));
#10478 = ( GEOMETRIC_REPRESENTATION_CONTEXT(2)
PARAMETRIC_REPRESENTATION_CONTEXT() REPRESENTATION_CONTEXT('2D SPACE',''
  ) );
#10479 = ORIENTED_EDGE('',*,*,#8771,.F.);
#10480 = ORIENTED_EDGE('',*,*,#9964,.F.);
#10481 = ORIENTED_EDGE('',*,*,#10482,.T.);
#10482 = EDGE_CURVE('',#9939,#10483,#10485,.T.);
#10483 = VERTEX_POINT('',#10484);
#10484 = CARTESIAN_POINT('',(95.3,96.051229260478,136.));
#10485 = SURFACE_CURVE('',#10486,(#10491,#10498),.PCURVE_S1.);
#10486 = CIRCLE('',#10487,7.);
#10487 = AXIS2_PLACEMENT_3D('',#10488,#10489,#10490);
#10488 = CARTESIAN_POINT('',(89.,93.,136.));
#10489 = DIRECTION('',(0.,0.,1.));
#10490 = DIRECTION('',(1.,0.,-0.));
#10491 = PCURVE('',#8786,#10492);
#10492 = DEFINITIONAL_REPRESENTATION('',(#10493),#10497);
#10493 = LINE('',#10494,#10495);
#10494 = CARTESIAN_POINT('',(0.,136.));
#10495 = VECTOR('',#10496,1.);
#10496 = DIRECTION('',(1.,0.));
#10497 = ( GEOMETRIC_REPRESENTATION_CONTEXT(2)
PARAMETRIC_REPRESENTATION_CONTEXT() REPRESENTATION_CONTEXT('2D SPACE',''
  ) );
#10498 = PCURVE('',#9953,#10499);
#10499 = DEFINITIONAL_REPRESENTATION('',(#10500),#10504);
#10500 = CIRCLE('',#10501,7.);
#10501 = AXIS2_PLACEMENT_2D('',#10502,#10503);
#10502 = CARTESIAN_POINT('',(-6.,9.));
#10503 = DIRECTION('',(1.,0.));
#10504 = ( GEOMETRIC_REPRESENTATION_CONTEXT(2)
PARAMETRIC_REPRESENTATION_CONTEXT() REPRESENTATION_CONTEXT('2D SPACE',''
  ) );
#10505 = ORIENTED_EDGE('',*,*,#10506,.F.);
#10506 = EDGE_CURVE('',#10507,#10483,#10509,.T.);
#10507 = VERTEX_POINT('',#10508);
#10508 = CARTESIAN_POINT('',(95.,96.605551275464,135.7));
#10509 = SURFACE_CURVE('',#10510,(#10515,#10525),.PCURVE_S1.);
#10510 = ELLIPSE('',#10511,9.899494936612,7.);
#10511 = AXIS2_PLACEMENT_3D('',#10512,#10513,#10514);
#10512 = CARTESIAN_POINT('',(89.,93.,129.7));
#10513 = DIRECTION('',(0.707106781187,3.472568050348E-18,-0.707106781187
    ));
#10514 = DIRECTION('',(0.707106781187,3.472568050347E-18,0.707106781187)
  );
#10515 = PCURVE('',#8786,#10516);
#10516 = DEFINITIONAL_REPRESENTATION('',(#10517),#10524);
#10517 = B_SPLINE_CURVE_WITH_KNOTS('',5,(#10518,#10519,#10520,#10521,
    #10522,#10523),.UNSPECIFIED.,.F.,.F.,(6,6),(5.733822004618,
    5.84209264269),.PIECEWISE_BEZIER_KNOTS.);
#10518 = CARTESIAN_POINT('',(0.549363302561,135.67));
#10519 = CARTESIAN_POINT('',(0.527709174947,135.7491460586));
#10520 = CARTESIAN_POINT('',(0.506055047333,135.82479294197));
#10521 = CARTESIAN_POINT('',(0.484400919718,135.89686333214));
#10522 = CARTESIAN_POINT('',(0.462746792104,135.96528675646));
#10523 = CARTESIAN_POINT('',(0.44109266449,136.03));
#10524 = ( GEOMETRIC_REPRESENTATION_CONTEXT(2)
PARAMETRIC_REPRESENTATION_CONTEXT() REPRESENTATION_CONTEXT('2D SPACE',''
  ) );
#10525 = PCURVE('',#10526,#10531);
#10526 = PLANE('',#10527);
#10527 = AXIS2_PLACEMENT_3D('',#10528,#10529,#10530);
#10528 = CARTESIAN_POINT('',(95.15,84.,135.85));
#10529 = DIRECTION('',(0.707106781187,3.472568050348E-18,-0.707106781187
    ));
#10530 = DIRECTION('',(-2.455476416533E-18,1.,2.455476416532E-18));
#10531 = DEFINITIONAL_REPRESENTATION('',(#10532),#10536);
#10532 = ELLIPSE('',#10533,9.899494936612,7.);
#10533 = AXIS2_PLACEMENT_2D('',#10534,#10535);
#10534 = CARTESIAN_POINT('',(9.,-8.697413408595));
#10535 = DIRECTION('',(3.472568050347E-18,1.));
#10536 = ( GEOMETRIC_REPRESENTATION_CONTEXT(2)
PARAMETRIC_REPRESENTATION_CONTEXT() REPRESENTATION_CONTEXT('2D SPACE',''
  ) );
#10537 = ORIENTED_EDGE('',*,*,#10538,.F.);
#10538 = EDGE_CURVE('',#10539,#10507,#10541,.T.);
#10539 = VERTEX_POINT('',#10540);
#10540 = CARTESIAN_POINT('',(95.,96.605551275464,132.3));
#10541 = SURFACE_CURVE('',#10542,(#10546,#10552),.PCURVE_S1.);
#10542 = LINE('',#10543,#10544);
#10543 = CARTESIAN_POINT('',(95.,96.605551275464,0.));
#10544 = VECTOR('',#10545,1.);
#10545 = DIRECTION('',(0.,0.,1.));
#10546 = PCURVE('',#8786,#10547);
#10547 = DEFINITIONAL_REPRESENTATION('',(#10548),#10551);
#10548 = B_SPLINE_CURVE_WITH_KNOTS('',1,(#10549,#10550),.UNSPECIFIED.,
  .F.,.F.,(2,2),(131.96,136.04),.PIECEWISE_BEZIER_KNOTS.);
#10549 = CARTESIAN_POINT('',(0.541099525957,131.96));
#10550 = CARTESIAN_POINT('',(0.541099525957,136.04));
#10551 = ( GEOMETRIC_REPRESENTATION_CONTEXT(2)
PARAMETRIC_REPRESENTATION_CONTEXT() REPRESENTATION_CONTEXT('2D SPACE',''
  ) );
#10552 = PCURVE('',#10553,#10558);
#10553 = PLANE('',#10554);
#10554 = AXIS2_PLACEMENT_3D('',#10555,#10556,#10557);
#10555 = CARTESIAN_POINT('',(95.,84.,132.));
#10556 = DIRECTION('',(1.,0.,-0.));
#10557 = DIRECTION('',(0.,0.,1.));
#10558 = DEFINITIONAL_REPRESENTATION('',(#10559),#10562);
#10559 = B_SPLINE_CURVE_WITH_KNOTS('',1,(#10560,#10561),.UNSPECIFIED.,
  .F.,.F.,(2,2),(131.96,136.04),.PIECEWISE_BEZIER_KNOTS.);
#10560 = CARTESIAN_POINT('',(-3.999999999999E-02,-12.60555127546));
#10561 = CARTESIAN_POINT('',(4.04,-12.60555127546));
#10562 = ( GEOMETRIC_REPRESENTATION_CONTEXT(2)
PARAMETRIC_REPRESENTATION_CONTEXT() REPRESENTATION_CONTEXT('2D SPACE',''
  ) );
#10563 = ORIENTED_EDGE('',*,*,#10564,.T.);
#10564 = EDGE_CURVE('',#10539,#10565,#10567,.T.);
#10565 = VERTEX_POINT('',#10566);
#10566 = CARTESIAN_POINT('',(95.3,96.051229260478,132.));
#10567 = SURFACE_CURVE('',#10568,(#10573,#10583),.PCURVE_S1.);
#10568 = ELLIPSE('',#10569,9.899494936612,7.);
#10569 = AXIS2_PLACEMENT_3D('',#10570,#10571,#10572);
#10570 = CARTESIAN_POINT('',(89.,93.,138.3));
#10571 = DIRECTION('',(-0.707106781187,-3.472568050348E-18,
    -0.707106781187));
#10572 = DIRECTION('',(-0.707106781187,-3.472568050347E-18,
    0.707106781187));
#10573 = PCURVE('',#8786,#10574);
#10574 = DEFINITIONAL_REPRESENTATION('',(#10575),#10582);
#10575 = B_SPLINE_CURVE_WITH_KNOTS('',5,(#10576,#10577,#10578,#10579,
    #10580,#10581),.UNSPECIFIED.,.F.,.F.,(6,6),(2.592229351028,
    2.7004999891),.PIECEWISE_BEZIER_KNOTS.);
#10576 = CARTESIAN_POINT('',(0.549363302561,132.33));
#10577 = CARTESIAN_POINT('',(0.527709174947,132.2508539414));
#10578 = CARTESIAN_POINT('',(0.506055047333,132.17520705802));
#10579 = CARTESIAN_POINT('',(0.484400919718,132.10313666785));
#10580 = CARTESIAN_POINT('',(0.462746792104,132.03471324353));
#10581 = CARTESIAN_POINT('',(0.44109266449,131.97));
#10582 = ( GEOMETRIC_REPRESENTATION_CONTEXT(2)
PARAMETRIC_REPRESENTATION_CONTEXT() REPRESENTATION_CONTEXT('2D SPACE',''
  ) );
#10583 = PCURVE('',#10584,#10589);
#10584 = PLANE('',#10585);
#10585 = AXIS2_PLACEMENT_3D('',#10586,#10587,#10588);
#10586 = CARTESIAN_POINT('',(95.15,84.,132.15));
#10587 = DIRECTION('',(-0.707106781187,-3.472568050348E-18,
    -0.707106781187));
#10588 = DIRECTION('',(-2.455476416533E-18,1.,-2.455476416532E-18));
#10589 = DEFINITIONAL_REPRESENTATION('',(#10590),#10594);
#10590 = ELLIPSE('',#10591,9.899494936612,7.);
#10591 = AXIS2_PLACEMENT_2D('',#10592,#10593);
#10592 = CARTESIAN_POINT('',(9.,-8.697413408595));
#10593 = DIRECTION('',(-3.472568050347E-18,-1.));
#10594 = ( GEOMETRIC_REPRESENTATION_CONTEXT(2)
PARAMETRIC_REPRESENTATION_CONTEXT() REPRESENTATION_CONTEXT('2D SPACE',''
  ) );
#10595 = ORIENTED_EDGE('',*,*,#10596,.F.);
#10596 = EDGE_CURVE('',#9812,#10565,#10597,.T.);
#10597 = SURFACE_CURVE('',#10598,(#10603,#10610),.PCURVE_S1.);
#10598 = CIRCLE('',#10599,7.);
#10599 = AXIS2_PLACEMENT_3D('',#10600,#10601,#10602);
#10600 = CARTESIAN_POINT('',(89.,93.,132.));
#10601 = DIRECTION('',(0.,0.,1.));
#10602 = DIRECTION('',(1.,0.,-0.));
#10603 = PCURVE('',#8786,#10604);
#10604 = DEFINITIONAL_REPRESENTATION('',(#10605),#10609);
#10605 = LINE('',#10606,#10607);
#10606 = CARTESIAN_POINT('',(0.,132.));
#10607 = VECTOR('',#10608,1.);
#10608 = DIRECTION('',(1.,0.));
#10609 = ( GEOMETRIC_REPRESENTATION_CONTEXT(2)
PARAMETRIC_REPRESENTATION_CONTEXT() REPRESENTATION_CONTEXT('2D SPACE',''
  ) );
#10610 = PCURVE('',#9849,#10611);
#10611 = DEFINITIONAL_REPRESENTATION('',(#10612),#10616);
#10612 = CIRCLE('',#10613,7.);
#10613 = AXIS2_PLACEMENT_2D('',#10614,#10615);
#10614 = CARTESIAN_POINT('',(-6.,9.));
#10615 = DIRECTION('',(1.,0.));
#10616 = ( GEOMETRIC_REPRESENTATION_CONTEXT(2)
PARAMETRIC_REPRESENTATION_CONTEXT() REPRESENTATION_CONTEXT('2D SPACE',''
  ) );
#10617 = ADVANCED_FACE('',(#10618),#8864,.T.);
#10618 = FACE_BOUND('',#10619,.T.);
#10619 = EDGE_LOOP('',(#10620,#10643,#10644,#10645));
#10620 = ORIENTED_EDGE('',*,*,#10621,.T.);
#10621 = EDGE_CURVE('',#10622,#8849,#10624,.T.);
#10622 = VERTEX_POINT('',#10623);
#10623 = CARTESIAN_POINT('',(7.,100.,0.5));
#10624 = SURFACE_CURVE('',#10625,(#10629,#10636),.PCURVE_S1.);
#10625 = LINE('',#10626,#10627);
#10626 = CARTESIAN_POINT('',(7.,100.,0.));
#10627 = VECTOR('',#10628,1.);
#10628 = DIRECTION('',(0.,0.,1.));
#10629 = PCURVE('',#8864,#10630);
#10630 = DEFINITIONAL_REPRESENTATION('',(#10631),#10635);
#10631 = LINE('',#10632,#10633);
#10632 = CARTESIAN_POINT('',(0.,7.));
#10633 = VECTOR('',#10634,1.);
#10634 = DIRECTION('',(1.,0.));
#10635 = ( GEOMETRIC_REPRESENTATION_CONTEXT(2)
PARAMETRIC_REPRESENTATION_CONTEXT() REPRESENTATION_CONTEXT('2D SPACE',''
  ) );
#10636 = PCURVE('',#8965,#10637);
#10637 = DEFINITIONAL_REPRESENTATION('',(#10638),#10642);
#10638 = LINE('',#10639,#10640);
#10639 = CARTESIAN_POINT('',(-1.570796326795,0.));
#10640 = VECTOR('',#10641,1.);
#10641 = DIRECTION('',(-0.,1.));
#10642 = ( GEOMETRIC_REPRESENTATION_CONTEXT(2)
PARAMETRIC_REPRESENTATION_CONTEXT() REPRESENTATION_CONTEXT('2D SPACE',''
  ) );
#10643 = ORIENTED_EDGE('',*,*,#8848,.F.);
#10644 = ORIENTED_EDGE('',*,*,#10459,.F.);
#10645 = ORIENTED_EDGE('',*,*,#10646,.F.);
#10646 = EDGE_CURVE('',#10622,#10431,#10647,.T.);
#10647 = SURFACE_CURVE('',#10648,(#10652,#10659),.PCURVE_S1.);
#10648 = LINE('',#10649,#10650);
#10649 = CARTESIAN_POINT('',(7.,100.,0.5));
#10650 = VECTOR('',#10651,1.);
#10651 = DIRECTION('',(1.,0.,-0.));
#10652 = PCURVE('',#8864,#10653);
#10653 = DEFINITIONAL_REPRESENTATION('',(#10654),#10658);
#10654 = LINE('',#10655,#10656);
#10655 = CARTESIAN_POINT('',(0.5,7.));
#10656 = VECTOR('',#10657,1.);
#10657 = DIRECTION('',(0.,1.));
#10658 = ( GEOMETRIC_REPRESENTATION_CONTEXT(2)
PARAMETRIC_REPRESENTATION_CONTEXT() REPRESENTATION_CONTEXT('2D SPACE',''
  ) );
#10659 = PCURVE('',#10660,#10665);
#10660 = CYLINDRICAL_SURFACE('',#10661,0.5);
#10661 = AXIS2_PLACEMENT_3D('',#10662,#10663,#10664);
#10662 = CARTESIAN_POINT('',(7.,99.5,0.5));
#10663 = DIRECTION('',(1.,0.,-0.));
#10664 = DIRECTION('',(0.,1.,0.));
#10665 = DEFINITIONAL_REPRESENTATION('',(#10666),#10670);
#10666 = LINE('',#10667,#10668);
#10667 = CARTESIAN_POINT('',(-0.,0.));
#10668 = VECTOR('',#10669,1.);
#10669 = DIRECTION('',(-0.,1.));
#10670 = ( GEOMETRIC_REPRESENTATION_CONTEXT(2)
PARAMETRIC_REPRESENTATION_CONTEXT() REPRESENTATION_CONTEXT('2D SPACE',''
  ) );
#10671 = ADVANCED_FACE('',(#10672),#8965,.T.);
#10672 = FACE_BOUND('',#10673,.F.);
#10673 = EDGE_LOOP('',(#10674,#10675,#10702,#10703));
#10674 = ORIENTED_EDGE('',*,*,#10345,.F.);
#10675 = ORIENTED_EDGE('',*,*,#10676,.T.);
#10676 = EDGE_CURVE('',#10323,#10622,#10677,.T.);
#10677 = SURFACE_CURVE('',#10678,(#10683,#10690),.PCURVE_S1.);
#10678 = CIRCLE('',#10679,7.);
#10679 = AXIS2_PLACEMENT_3D('',#10680,#10681,#10682);
#10680 = CARTESIAN_POINT('',(7.,93.,0.5));
#10681 = DIRECTION('',(-0.,0.,-1.));
#10682 = DIRECTION('',(-1.,0.,0.));
#10683 = PCURVE('',#8965,#10684);
#10684 = DEFINITIONAL_REPRESENTATION('',(#10685),#10689);
#10685 = LINE('',#10686,#10687);
#10686 = CARTESIAN_POINT('',(-0.,0.5));
#10687 = VECTOR('',#10688,1.);
#10688 = DIRECTION('',(-1.,0.));
#10689 = ( GEOMETRIC_REPRESENTATION_CONTEXT(2)
PARAMETRIC_REPRESENTATION_CONTEXT() REPRESENTATION_CONTEXT('2D SPACE',''
  ) );
#10690 = PCURVE('',#10691,#10696);
#10691 = TOROIDAL_SURFACE('',#10692,6.5,0.5);
#10692 = AXIS2_PLACEMENT_3D('',#10693,#10694,#10695);
#10693 = CARTESIAN_POINT('',(7.,93.,0.5));
#10694 = DIRECTION('',(-0.,-0.,-1.));
#10695 = DIRECTION('',(-1.,0.,0.));
#10696 = DEFINITIONAL_REPRESENTATION('',(#10697),#10701);
#10697 = LINE('',#10698,#10699);
#10698 = CARTESIAN_POINT('',(0.,0.));
#10699 = VECTOR('',#10700,1.);
#10700 = DIRECTION('',(1.,0.));
#10701 = ( GEOMETRIC_REPRESENTATION_CONTEXT(2)
PARAMETRIC_REPRESENTATION_CONTEXT() REPRESENTATION_CONTEXT('2D SPACE',''
  ) );
#10702 = ORIENTED_EDGE('',*,*,#10621,.T.);
#10703 = ORIENTED_EDGE('',*,*,#8950,.T.);
#10704 = ADVANCED_FACE('',(#10705),#9098,.T.);
#10705 = FACE_BOUND('',#10706,.F.);
#10706 = EDGE_LOOP('',(#10707));
#10707 = ORIENTED_EDGE('',*,*,#9083,.F.);
#10708 = ADVANCED_FACE('',(#10709),#9153,.T.);
#10709 = FACE_BOUND('',#10710,.F.);
#10710 = EDGE_LOOP('',(#10711));
#10711 = ORIENTED_EDGE('',*,*,#9138,.F.);
#10712 = ADVANCED_FACE('',(#10713),#9208,.T.);
#10713 = FACE_BOUND('',#10714,.F.);
#10714 = EDGE_LOOP('',(#10715));
#10715 = ORIENTED_EDGE('',*,*,#9193,.F.);
#10716 = ADVANCED_FACE('',(#10717),#9263,.T.);
#10717 = FACE_BOUND('',#10718,.F.);
#10718 = EDGE_LOOP('',(#10719));
#10719 = ORIENTED_EDGE('',*,*,#9248,.F.);
#10720 = ADVANCED_FACE('',(#10721,#10724),#9317,.F.);
#10721 = FACE_BOUND('',#10722,.F.);
#10722 = EDGE_LOOP('',(#10723));
#10723 = ORIENTED_EDGE('',*,*,#9302,.T.);
#10724 = FACE_BOUND('',#10725,.F.);
#10725 = EDGE_LOOP('',(#10726));
#10726 = ORIENTED_EDGE('',*,*,#10727,.F.);
#10727 = EDGE_CURVE('',#10728,#10728,#10730,.T.);
#10728 = VERTEX_POINT('',#10729);
#10729 = CARTESIAN_POINT('',(76.5,76.,139.9));
#10730 = SURFACE_CURVE('',#10731,(#10736,#10743),.PCURVE_S1.);
#10731 = CIRCLE('',#10732,1.4);
#10732 = AXIS2_PLACEMENT_3D('',#10733,#10734,#10735);
#10733 = CARTESIAN_POINT('',(76.5,76.,138.5));
#10734 = DIRECTION('',(0.,1.,0.));
#10735 = DIRECTION('',(0.,-0.,1.));
#10736 = PCURVE('',#9317,#10737);
#10737 = DEFINITIONAL_REPRESENTATION('',(#10738),#10742);
#10738 = CIRCLE('',#10739,1.4);
#10739 = AXIS2_PLACEMENT_2D('',#10740,#10741);
#10740 = CARTESIAN_POINT('',(0.,0.));
#10741 = DIRECTION('',(1.,0.));
#10742 = ( GEOMETRIC_REPRESENTATION_CONTEXT(2)
PARAMETRIC_REPRESENTATION_CONTEXT() REPRESENTATION_CONTEXT('2D SPACE',''
  ) );
#10743 = PCURVE('',#10744,#10749);
#10744 = CYLINDRICAL_SURFACE('',#10745,1.4);
#10745 = AXIS2_PLACEMENT_3D('',#10746,#10747,#10748);
#10746 = CARTESIAN_POINT('',(76.5,75.,138.5));
#10747 = DIRECTION('',(0.,1.,0.));
#10748 = DIRECTION('',(0.,-0.,1.));
#10749 = DEFINITIONAL_REPRESENTATION('',(#10750),#10754);
#10750 = LINE('',#10751,#10752);
#10751 = CARTESIAN_POINT('',(0.,1.));
#10752 = VECTOR('',#10753,1.);
#10753 = DIRECTION('',(1.,0.));
#10754 = ( GEOMETRIC_REPRESENTATION_CONTEXT(2)
PARAMETRIC_REPRESENTATION_CONTEXT() REPRESENTATION_CONTEXT('2D SPACE',''
  ) );
#10755 = ADVANCED_FACE('',(#10756,#10759),#9370,.F.);
#10756 = FACE_BOUND('',#10757,.F.);
#10757 = EDGE_LOOP('',(#10758));
#10758 = ORIENTED_EDGE('',*,*,#9355,.T.);
#10759 = FACE_BOUND('',#10760,.F.);
#10760 = EDGE_LOOP('',(#10761));
#10761 = ORIENTED_EDGE('',*,*,#10762,.F.);
#10762 = EDGE_CURVE('',#10763,#10763,#10765,.T.);
#10763 = VERTEX_POINT('',#10764);
#10764 = CARTESIAN_POINT('',(19.5,76.,79.9));
#10765 = SURFACE_CURVE('',#10766,(#10771,#10778),.PCURVE_S1.);
#10766 = CIRCLE('',#10767,1.4);
#10767 = AXIS2_PLACEMENT_3D('',#10768,#10769,#10770);
#10768 = CARTESIAN_POINT('',(19.5,76.,78.5));
#10769 = DIRECTION('',(0.,1.,0.));
#10770 = DIRECTION('',(0.,-0.,1.));
#10771 = PCURVE('',#9370,#10772);
#10772 = DEFINITIONAL_REPRESENTATION('',(#10773),#10777);
#10773 = CIRCLE('',#10774,1.4);
#10774 = AXIS2_PLACEMENT_2D('',#10775,#10776);
#10775 = CARTESIAN_POINT('',(0.,0.));
#10776 = DIRECTION('',(1.,0.));
#10777 = ( GEOMETRIC_REPRESENTATION_CONTEXT(2)
PARAMETRIC_REPRESENTATION_CONTEXT() REPRESENTATION_CONTEXT('2D SPACE',''
  ) );
#10778 = PCURVE('',#10779,#10784);
#10779 = CYLINDRICAL_SURFACE('',#10780,1.4);
#10780 = AXIS2_PLACEMENT_3D('',#10781,#10782,#10783);
#10781 = CARTESIAN_POINT('',(19.5,75.,78.5));
#10782 = DIRECTION('',(0.,1.,0.));
#10783 = DIRECTION('',(0.,-0.,1.));
#10784 = DEFINITIONAL_REPRESENTATION('',(#10785),#10789);
#10785 = LINE('',#10786,#10787);
#10786 = CARTESIAN_POINT('',(0.,1.));
#10787 = VECTOR('',#10788,1.);
#10788 = DIRECTION('',(1.,0.));
#10789 = ( GEOMETRIC_REPRESENTATION_CONTEXT(2)
PARAMETRIC_REPRESENTATION_CONTEXT() REPRESENTATION_CONTEXT('2D SPACE',''
  ) );
#10790 = ADVANCED_FACE('',(#10791,#10794),#9423,.F.);
#10791 = FACE_BOUND('',#10792,.F.);
#10792 = EDGE_LOOP('',(#10793));
#10793 = ORIENTED_EDGE('',*,*,#9408,.T.);
#10794 = FACE_BOUND('',#10795,.F.);
#10795 = EDGE_LOOP('',(#10796));
#10796 = ORIENTED_EDGE('',*,*,#10797,.F.);
#10797 = EDGE_CURVE('',#10798,#10798,#10800,.T.);
#10798 = VERTEX_POINT('',#10799);
#10799 = CARTESIAN_POINT('',(19.5,76.,139.9));
#10800 = SURFACE_CURVE('',#10801,(#10806,#10813),.PCURVE_S1.);
#10801 = CIRCLE('',#10802,1.4);
#10802 = AXIS2_PLACEMENT_3D('',#10803,#10804,#10805);
#10803 = CARTESIAN_POINT('',(19.5,76.,138.5));
#10804 = DIRECTION('',(0.,1.,0.));
#10805 = DIRECTION('',(0.,-0.,1.));
#10806 = PCURVE('',#9423,#10807);
#10807 = DEFINITIONAL_REPRESENTATION('',(#10808),#10812);
#10808 = CIRCLE('',#10809,1.4);
#10809 = AXIS2_PLACEMENT_2D('',#10810,#10811);
#10810 = CARTESIAN_POINT('',(0.,0.));
#10811 = DIRECTION('',(1.,0.));
#10812 = ( GEOMETRIC_REPRESENTATION_CONTEXT(2)
PARAMETRIC_REPRESENTATION_CONTEXT() REPRESENTATION_CONTEXT('2D SPACE',''
  ) );
#10813 = PCURVE('',#10814,#10819);
#10814 = CYLINDRICAL_SURFACE('',#10815,1.4);
#10815 = AXIS2_PLACEMENT_3D('',#10816,#10817,#10818);
#10816 = CARTESIAN_POINT('',(19.5,75.,138.5));
#10817 = DIRECTION('',(0.,1.,0.));
#10818 = DIRECTION('',(0.,-0.,1.));
#10819 = DEFINITIONAL_REPRESENTATION('',(#10820),#10824);
#10820 = LINE('',#10821,#10822);
#10821 = CARTESIAN_POINT('',(0.,1.));
#10822 = VECTOR('',#10823,1.);
#10823 = DIRECTION('',(1.,0.));
#10824 = ( GEOMETRIC_REPRESENTATION_CONTEXT(2)
PARAMETRIC_REPRESENTATION_CONTEXT() REPRESENTATION_CONTEXT('2D SPACE',''
  ) );
#10825 = ADVANCED_FACE('',(#10826,#10829),#9476,.F.);
#10826 = FACE_BOUND('',#10827,.F.);
#10827 = EDGE_LOOP('',(#10828));
#10828 = ORIENTED_EDGE('',*,*,#9461,.T.);
#10829 = FACE_BOUND('',#10830,.F.);
#10830 = EDGE_LOOP('',(#10831));
#10831 = ORIENTED_EDGE('',*,*,#10832,.F.);
#10832 = EDGE_CURVE('',#10833,#10833,#10835,.T.);
#10833 = VERTEX_POINT('',#10834);
#10834 = CARTESIAN_POINT('',(76.5,76.,79.9));
#10835 = SURFACE_CURVE('',#10836,(#10841,#10848),.PCURVE_S1.);
#10836 = CIRCLE('',#10837,1.4);
#10837 = AXIS2_PLACEMENT_3D('',#10838,#10839,#10840);
#10838 = CARTESIAN_POINT('',(76.5,76.,78.5));
#10839 = DIRECTION('',(0.,1.,0.));
#10840 = DIRECTION('',(0.,-0.,1.));
#10841 = PCURVE('',#9476,#10842);
#10842 = DEFINITIONAL_REPRESENTATION('',(#10843),#10847);
#10843 = CIRCLE('',#10844,1.4);
#10844 = AXIS2_PLACEMENT_2D('',#10845,#10846);
#10845 = CARTESIAN_POINT('',(0.,0.));
#10846 = DIRECTION('',(1.,0.));
#10847 = ( GEOMETRIC_REPRESENTATION_CONTEXT(2)
PARAMETRIC_REPRESENTATION_CONTEXT() REPRESENTATION_CONTEXT('2D SPACE',''
  ) );
#10848 = PCURVE('',#10849,#10854);
#10849 = CYLINDRICAL_SURFACE('',#10850,1.4);
#10850 = AXIS2_PLACEMENT_3D('',#10851,#10852,#10853);
#10851 = CARTESIAN_POINT('',(76.5,75.,78.5));
#10852 = DIRECTION('',(0.,1.,0.));
#10853 = DIRECTION('',(0.,-0.,1.));
#10854 = DEFINITIONAL_REPRESENTATION('',(#10855),#10859);
#10855 = LINE('',#10856,#10857);
#10856 = CARTESIAN_POINT('',(0.,1.));
#10857 = VECTOR('',#10858,1.);
#10858 = DIRECTION('',(1.,0.));
#10859 = ( GEOMETRIC_REPRESENTATION_CONTEXT(2)
PARAMETRIC_REPRESENTATION_CONTEXT() REPRESENTATION_CONTEXT('2D SPACE',''
  ) );
#10860 = ADVANCED_FACE('',(#10861),#9507,.T.);
#10861 = FACE_BOUND('',#10862,.F.);
#10862 = EDGE_LOOP('',(#10863,#10864,#10892,#10913));
#10863 = ORIENTED_EDGE('',*,*,#9576,.F.);
#10864 = ORIENTED_EDGE('',*,*,#10865,.F.);
#10865 = EDGE_CURVE('',#10866,#9577,#10868,.T.);
#10866 = VERTEX_POINT('',#10867);
#10867 = CARTESIAN_POINT('',(95.5,17.,-5.551115123126E-17));
#10868 = SURFACE_CURVE('',#10869,(#10874,#10881),.PCURVE_S1.);
#10869 = CIRCLE('',#10870,0.5);
#10870 = AXIS2_PLACEMENT_3D('',#10871,#10872,#10873);
#10871 = CARTESIAN_POINT('',(95.5,17.,0.5));
#10872 = DIRECTION('',(0.,-1.,-0.));
#10873 = DIRECTION('',(1.,0.,0.));
#10874 = PCURVE('',#9507,#10875);
#10875 = DEFINITIONAL_REPRESENTATION('',(#10876),#10880);
#10876 = LINE('',#10877,#10878);
#10877 = CARTESIAN_POINT('',(-6.28318530718,76.));
#10878 = VECTOR('',#10879,1.);
#10879 = DIRECTION('',(1.,-0.));
#10880 = ( GEOMETRIC_REPRESENTATION_CONTEXT(2)
PARAMETRIC_REPRESENTATION_CONTEXT() REPRESENTATION_CONTEXT('2D SPACE',''
  ) );
#10881 = PCURVE('',#9614,#10882);
#10882 = DEFINITIONAL_REPRESENTATION('',(#10883),#10891);
#10883 = ( BOUNDED_CURVE() B_SPLINE_CURVE(2,(#10884,#10885,#10886,#10887
    ,#10888,#10889,#10890),.UNSPECIFIED.,.T.,.F.)
B_SPLINE_CURVE_WITH_KNOTS((1,2,2,2,2,1),(-2.094395102393,0.,
    2.094395102393,4.188790204786,6.28318530718,8.377580409573),
.UNSPECIFIED.) CURVE() GEOMETRIC_REPRESENTATION_ITEM()
RATIONAL_B_SPLINE_CURVE((1.,0.5,1.,0.5,1.,0.5,1.)) REPRESENTATION_ITEM(
  '') );
#10884 = CARTESIAN_POINT('',(0.5,1.));
#10885 = CARTESIAN_POINT('',(1.366025403784,1.));
#10886 = CARTESIAN_POINT('',(0.933012701892,0.25));
#10887 = CARTESIAN_POINT('',(0.5,-0.5));
#10888 = CARTESIAN_POINT('',(6.698729810778E-02,0.25));
#10889 = CARTESIAN_POINT('',(-0.366025403784,1.));
#10890 = CARTESIAN_POINT('',(0.5,1.));
#10891 = ( GEOMETRIC_REPRESENTATION_CONTEXT(2)
PARAMETRIC_REPRESENTATION_CONTEXT() REPRESENTATION_CONTEXT('2D SPACE',''
  ) );
#10892 = ORIENTED_EDGE('',*,*,#10893,.T.);
#10893 = EDGE_CURVE('',#10866,#9492,#10894,.T.);
#10894 = SURFACE_CURVE('',#10895,(#10899,#10906),.PCURVE_S1.);
#10895 = LINE('',#10896,#10897);
#10896 = CARTESIAN_POINT('',(95.5,93.,-1.110223024625E-16));
#10897 = VECTOR('',#10898,1.);
#10898 = DIRECTION('',(0.,-1.,-0.));
#10899 = PCURVE('',#9507,#10900);
#10900 = DEFINITIONAL_REPRESENTATION('',(#10901),#10905);
#10901 = LINE('',#10902,#10903);
#10902 = CARTESIAN_POINT('',(-1.570796326795,0.));
#10903 = VECTOR('',#10904,1.);
#10904 = DIRECTION('',(-0.,1.));
#10905 = ( GEOMETRIC_REPRESENTATION_CONTEXT(2)
PARAMETRIC_REPRESENTATION_CONTEXT() REPRESENTATION_CONTEXT('2D SPACE',''
  ) );
#10906 = PCURVE('',#9556,#10907);
#10907 = DEFINITIONAL_REPRESENTATION('',(#10908),#10912);
#10908 = LINE('',#10909,#10910);
#10909 = CARTESIAN_POINT('',(95.5,93.));
#10910 = VECTOR('',#10911,1.);
#10911 = DIRECTION('',(0.,-1.));
#10912 = ( GEOMETRIC_REPRESENTATION_CONTEXT(2)
PARAMETRIC_REPRESENTATION_CONTEXT() REPRESENTATION_CONTEXT('2D SPACE',''
  ) );
#10913 = ORIENTED_EDGE('',*,*,#9491,.F.);
#10914 = ADVANCED_FACE('',(#10915),#9556,.F.);
#10915 = FACE_BOUND('',#10916,.F.);
#10916 = EDGE_LOOP('',(#10917,#10940,#10941,#10942,#10943,#10944,#10967,
    #10995,#11018,#11041,#11064,#11092,#11115,#11138,#11166,#11189));
#10917 = ORIENTED_EDGE('',*,*,#10918,.F.);
#10918 = EDGE_CURVE('',#10260,#10919,#10921,.T.);
#10919 = VERTEX_POINT('',#10920);
#10920 = CARTESIAN_POINT('',(0.5,93.,-1.110223024625E-16));
#10921 = SURFACE_CURVE('',#10922,(#10926,#10933),.PCURVE_S1.);
#10922 = LINE('',#10923,#10924);
#10923 = CARTESIAN_POINT('',(0.5,7.,-1.110223024625E-16));
#10924 = VECTOR('',#10925,1.);
#10925 = DIRECTION('',(-0.,1.,0.));
#10926 = PCURVE('',#9556,#10927);
#10927 = DEFINITIONAL_REPRESENTATION('',(#10928),#10932);
#10928 = LINE('',#10929,#10930);
#10929 = CARTESIAN_POINT('',(0.5,7.));
#10930 = VECTOR('',#10931,1.);
#10931 = DIRECTION('',(0.,1.));
#10932 = ( GEOMETRIC_REPRESENTATION_CONTEXT(2)
PARAMETRIC_REPRESENTATION_CONTEXT() REPRESENTATION_CONTEXT('2D SPACE',''
  ) );
#10933 = PCURVE('',#10275,#10934);
#10934 = DEFINITIONAL_REPRESENTATION('',(#10935),#10939);
#10935 = LINE('',#10936,#10937);
#10936 = CARTESIAN_POINT('',(-1.570796326795,0.));
#10937 = VECTOR('',#10938,1.);
#10938 = DIRECTION('',(-0.,1.));
#10939 = ( GEOMETRIC_REPRESENTATION_CONTEXT(2)
PARAMETRIC_REPRESENTATION_CONTEXT() REPRESENTATION_CONTEXT('2D SPACE',''
  ) );
#10940 = ORIENTED_EDGE('',*,*,#10286,.F.);
#10941 = ORIENTED_EDGE('',*,*,#10210,.F.);
#10942 = ORIENTED_EDGE('',*,*,#9541,.F.);
#10943 = ORIENTED_EDGE('',*,*,#10893,.F.);
#10944 = ORIENTED_EDGE('',*,*,#10945,.T.);
#10945 = EDGE_CURVE('',#10866,#10946,#10948,.T.);
#10946 = VERTEX_POINT('',#10947);
#10947 = CARTESIAN_POINT('',(100.8,17.,0.));
#10948 = SURFACE_CURVE('',#10949,(#10953,#10960),.PCURVE_S1.);
#10949 = LINE('',#10950,#10951);
#10950 = CARTESIAN_POINT('',(95.,17.,0.));
#10951 = VECTOR('',#10952,1.);
#10952 = DIRECTION('',(1.,0.,-0.));
#10953 = PCURVE('',#9556,#10954);
#10954 = DEFINITIONAL_REPRESENTATION('',(#10955),#10959);
#10955 = LINE('',#10956,#10957);
#10956 = CARTESIAN_POINT('',(95.,17.));
#10957 = VECTOR('',#10958,1.);
#10958 = DIRECTION('',(1.,0.));
#10959 = ( GEOMETRIC_REPRESENTATION_CONTEXT(2)
PARAMETRIC_REPRESENTATION_CONTEXT() REPRESENTATION_CONTEXT('2D SPACE',''
  ) );
#10960 = PCURVE('',#9614,#10961);
#10961 = DEFINITIONAL_REPRESENTATION('',(#10962),#10966);
#10962 = LINE('',#10963,#10964);
#10963 = CARTESIAN_POINT('',(0.,0.));
#10964 = VECTOR('',#10965,1.);
#10965 = DIRECTION('',(0.,1.));
#10966 = ( GEOMETRIC_REPRESENTATION_CONTEXT(2)
PARAMETRIC_REPRESENTATION_CONTEXT() REPRESENTATION_CONTEXT('2D SPACE',''
  ) );
#10967 = ORIENTED_EDGE('',*,*,#10968,.T.);
#10968 = EDGE_CURVE('',#10946,#10969,#10971,.T.);
#10969 = VERTEX_POINT('',#10970);
#10970 = CARTESIAN_POINT('',(100.8,33.,0.));
#10971 = SURFACE_CURVE('',#10972,(#10976,#10983),.PCURVE_S1.);
#10972 = LINE('',#10973,#10974);
#10973 = CARTESIAN_POINT('',(100.8,17.,0.));
#10974 = VECTOR('',#10975,1.);
#10975 = DIRECTION('',(-0.,1.,0.));
#10976 = PCURVE('',#9556,#10977);
#10977 = DEFINITIONAL_REPRESENTATION('',(#10978),#10982);
#10978 = LINE('',#10979,#10980);
#10979 = CARTESIAN_POINT('',(100.8,17.));
#10980 = VECTOR('',#10981,1.);
#10981 = DIRECTION('',(0.,1.));
#10982 = ( GEOMETRIC_REPRESENTATION_CONTEXT(2)
PARAMETRIC_REPRESENTATION_CONTEXT() REPRESENTATION_CONTEXT('2D SPACE',''
  ) );
#10983 = PCURVE('',#10984,#10989);
#10984 = PLANE('',#10985);
#10985 = AXIS2_PLACEMENT_3D('',#10986,#10987,#10988);
#10986 = CARTESIAN_POINT('',(100.8,17.,0.));
#10987 = DIRECTION('',(1.,0.,-0.));
#10988 = DIRECTION('',(0.,0.,1.));
#10989 = DEFINITIONAL_REPRESENTATION('',(#10990),#10994);
#10990 = LINE('',#10991,#10992);
#10991 = CARTESIAN_POINT('',(0.,0.));
#10992 = VECTOR('',#10993,1.);
#10993 = DIRECTION('',(0.,-1.));
#10994 = ( GEOMETRIC_REPRESENTATION_CONTEXT(2)
PARAMETRIC_REPRESENTATION_CONTEXT() REPRESENTATION_CONTEXT('2D SPACE',''
  ) );
#10995 = ORIENTED_EDGE('',*,*,#10996,.F.);
#10996 = EDGE_CURVE('',#10997,#10969,#10999,.T.);
#10997 = VERTEX_POINT('',#10998);
#10998 = CARTESIAN_POINT('',(95.5,33.,-5.551115123126E-17));
#10999 = SURFACE_CURVE('',#11000,(#11004,#11011),.PCURVE_S1.);
#11000 = LINE('',#11001,#11002);
#11001 = CARTESIAN_POINT('',(95.,33.,0.));
#11002 = VECTOR('',#11003,1.);
#11003 = DIRECTION('',(1.,0.,-0.));
#11004 = PCURVE('',#9556,#11005);
#11005 = DEFINITIONAL_REPRESENTATION('',(#11006),#11010);
#11006 = LINE('',#11007,#11008);
#11007 = CARTESIAN_POINT('',(95.,33.));
#11008 = VECTOR('',#11009,1.);
#11009 = DIRECTION('',(1.,0.));
#11010 = ( GEOMETRIC_REPRESENTATION_CONTEXT(2)
PARAMETRIC_REPRESENTATION_CONTEXT() REPRESENTATION_CONTEXT('2D SPACE',''
  ) );
#11011 = PCURVE('',#9666,#11012);
#11012 = DEFINITIONAL_REPRESENTATION('',(#11013),#11017);
#11013 = LINE('',#11014,#11015);
#11014 = CARTESIAN_POINT('',(0.,0.));
#11015 = VECTOR('',#11016,1.);
#11016 = DIRECTION('',(0.,1.));
#11017 = ( GEOMETRIC_REPRESENTATION_CONTEXT(2)
PARAMETRIC_REPRESENTATION_CONTEXT() REPRESENTATION_CONTEXT('2D SPACE',''
  ) );
#11018 = ORIENTED_EDGE('',*,*,#11019,.F.);
#11019 = EDGE_CURVE('',#11020,#10997,#11022,.T.);
#11020 = VERTEX_POINT('',#11021);
#11021 = CARTESIAN_POINT('',(95.5,67.,-5.551115123126E-17));
#11022 = SURFACE_CURVE('',#11023,(#11027,#11034),.PCURVE_S1.);
#11023 = LINE('',#11024,#11025);
#11024 = CARTESIAN_POINT('',(95.5,93.,-1.110223024625E-16));
#11025 = VECTOR('',#11026,1.);
#11026 = DIRECTION('',(0.,-1.,-0.));
#11027 = PCURVE('',#9556,#11028);
#11028 = DEFINITIONAL_REPRESENTATION('',(#11029),#11033);
#11029 = LINE('',#11030,#11031);
#11030 = CARTESIAN_POINT('',(95.5,93.));
#11031 = VECTOR('',#11032,1.);
#11032 = DIRECTION('',(0.,-1.));
#11033 = ( GEOMETRIC_REPRESENTATION_CONTEXT(2)
PARAMETRIC_REPRESENTATION_CONTEXT() REPRESENTATION_CONTEXT('2D SPACE',''
  ) );
#11034 = PCURVE('',#9693,#11035);
#11035 = DEFINITIONAL_REPRESENTATION('',(#11036),#11040);
#11036 = LINE('',#11037,#11038);
#11037 = CARTESIAN_POINT('',(-1.570796326795,0.));
#11038 = VECTOR('',#11039,1.);
#11039 = DIRECTION('',(-0.,1.));
#11040 = ( GEOMETRIC_REPRESENTATION_CONTEXT(2)
PARAMETRIC_REPRESENTATION_CONTEXT() REPRESENTATION_CONTEXT('2D SPACE',''
  ) );
#11041 = ORIENTED_EDGE('',*,*,#11042,.T.);
#11042 = EDGE_CURVE('',#11020,#11043,#11045,.T.);
#11043 = VERTEX_POINT('',#11044);
#11044 = CARTESIAN_POINT('',(100.8,67.,0.));
#11045 = SURFACE_CURVE('',#11046,(#11050,#11057),.PCURVE_S1.);
#11046 = LINE('',#11047,#11048);
#11047 = CARTESIAN_POINT('',(95.,67.,0.));
#11048 = VECTOR('',#11049,1.);
#11049 = DIRECTION('',(1.,0.,-0.));
#11050 = PCURVE('',#9556,#11051);
#11051 = DEFINITIONAL_REPRESENTATION('',(#11052),#11056);
#11052 = LINE('',#11053,#11054);
#11053 = CARTESIAN_POINT('',(95.,67.));
#11054 = VECTOR('',#11055,1.);
#11055 = DIRECTION('',(1.,0.));
#11056 = ( GEOMETRIC_REPRESENTATION_CONTEXT(2)
PARAMETRIC_REPRESENTATION_CONTEXT() REPRESENTATION_CONTEXT('2D SPACE',''
  ) );
#11057 = PCURVE('',#9720,#11058);
#11058 = DEFINITIONAL_REPRESENTATION('',(#11059),#11063);
#11059 = LINE('',#11060,#11061);
#11060 = CARTESIAN_POINT('',(0.,0.));
#11061 = VECTOR('',#11062,1.);
#11062 = DIRECTION('',(0.,1.));
#11063 = ( GEOMETRIC_REPRESENTATION_CONTEXT(2)
PARAMETRIC_REPRESENTATION_CONTEXT() REPRESENTATION_CONTEXT('2D SPACE',''
  ) );
#11064 = ORIENTED_EDGE('',*,*,#11065,.T.);
#11065 = EDGE_CURVE('',#11043,#11066,#11068,.T.);
#11066 = VERTEX_POINT('',#11067);
#11067 = CARTESIAN_POINT('',(100.8,83.,0.));
#11068 = SURFACE_CURVE('',#11069,(#11073,#11080),.PCURVE_S1.);
#11069 = LINE('',#11070,#11071);
#11070 = CARTESIAN_POINT('',(100.8,67.,0.));
#11071 = VECTOR('',#11072,1.);
#11072 = DIRECTION('',(-0.,1.,0.));
#11073 = PCURVE('',#9556,#11074);
#11074 = DEFINITIONAL_REPRESENTATION('',(#11075),#11079);
#11075 = LINE('',#11076,#11077);
#11076 = CARTESIAN_POINT('',(100.8,67.));
#11077 = VECTOR('',#11078,1.);
#11078 = DIRECTION('',(0.,1.));
#11079 = ( GEOMETRIC_REPRESENTATION_CONTEXT(2)
PARAMETRIC_REPRESENTATION_CONTEXT() REPRESENTATION_CONTEXT('2D SPACE',''
  ) );
#11080 = PCURVE('',#11081,#11086);
#11081 = PLANE('',#11082);
#11082 = AXIS2_PLACEMENT_3D('',#11083,#11084,#11085);
#11083 = CARTESIAN_POINT('',(100.8,67.,0.));
#11084 = DIRECTION('',(1.,0.,-0.));
#11085 = DIRECTION('',(0.,0.,1.));
#11086 = DEFINITIONAL_REPRESENTATION('',(#11087),#11091);
#11087 = LINE('',#11088,#11089);
#11088 = CARTESIAN_POINT('',(0.,0.));
#11089 = VECTOR('',#11090,1.);
#11090 = DIRECTION('',(0.,-1.));
#11091 = ( GEOMETRIC_REPRESENTATION_CONTEXT(2)
PARAMETRIC_REPRESENTATION_CONTEXT() REPRESENTATION_CONTEXT('2D SPACE',''
  ) );
#11092 = ORIENTED_EDGE('',*,*,#11093,.F.);
#11093 = EDGE_CURVE('',#11094,#11066,#11096,.T.);
#11094 = VERTEX_POINT('',#11095);
#11095 = CARTESIAN_POINT('',(95.5,83.,-5.551115123126E-17));
#11096 = SURFACE_CURVE('',#11097,(#11101,#11108),.PCURVE_S1.);
#11097 = LINE('',#11098,#11099);
#11098 = CARTESIAN_POINT('',(95.,83.,0.));
#11099 = VECTOR('',#11100,1.);
#11100 = DIRECTION('',(1.,0.,-0.));
#11101 = PCURVE('',#9556,#11102);
#11102 = DEFINITIONAL_REPRESENTATION('',(#11103),#11107);
#11103 = LINE('',#11104,#11105);
#11104 = CARTESIAN_POINT('',(95.,83.));
#11105 = VECTOR('',#11106,1.);
#11106 = DIRECTION('',(1.,0.));
#11107 = ( GEOMETRIC_REPRESENTATION_CONTEXT(2)
PARAMETRIC_REPRESENTATION_CONTEXT() REPRESENTATION_CONTEXT('2D SPACE',''
  ) );
#11108 = PCURVE('',#9772,#11109);
#11109 = DEFINITIONAL_REPRESENTATION('',(#11110),#11114);
#11110 = LINE('',#11111,#11112);
#11111 = CARTESIAN_POINT('',(0.,0.));
#11112 = VECTOR('',#11113,1.);
#11113 = DIRECTION('',(0.,1.));
#11114 = ( GEOMETRIC_REPRESENTATION_CONTEXT(2)
PARAMETRIC_REPRESENTATION_CONTEXT() REPRESENTATION_CONTEXT('2D SPACE',''
  ) );
#11115 = ORIENTED_EDGE('',*,*,#11116,.F.);
#11116 = EDGE_CURVE('',#11117,#11094,#11119,.T.);
#11117 = VERTEX_POINT('',#11118);
#11118 = CARTESIAN_POINT('',(95.5,93.,0.));
#11119 = SURFACE_CURVE('',#11120,(#11124,#11131),.PCURVE_S1.);
#11120 = LINE('',#11121,#11122);
#11121 = CARTESIAN_POINT('',(95.5,93.,-1.110223024625E-16));
#11122 = VECTOR('',#11123,1.);
#11123 = DIRECTION('',(0.,-1.,-0.));
#11124 = PCURVE('',#9556,#11125);
#11125 = DEFINITIONAL_REPRESENTATION('',(#11126),#11130);
#11126 = LINE('',#11127,#11128);
#11127 = CARTESIAN_POINT('',(95.5,93.));
#11128 = VECTOR('',#11129,1.);
#11129 = DIRECTION('',(0.,-1.));
#11130 = ( GEOMETRIC_REPRESENTATION_CONTEXT(2)
PARAMETRIC_REPRESENTATION_CONTEXT() REPRESENTATION_CONTEXT('2D SPACE',''
  ) );
#11131 = PCURVE('',#9799,#11132);
#11132 = DEFINITIONAL_REPRESENTATION('',(#11133),#11137);
#11133 = LINE('',#11134,#11135);
#11134 = CARTESIAN_POINT('',(-1.570796326795,0.));
#11135 = VECTOR('',#11136,1.);
#11136 = DIRECTION('',(-0.,1.));
#11137 = ( GEOMETRIC_REPRESENTATION_CONTEXT(2)
PARAMETRIC_REPRESENTATION_CONTEXT() REPRESENTATION_CONTEXT('2D SPACE',''
  ) );
#11138 = ORIENTED_EDGE('',*,*,#11139,.F.);
#11139 = EDGE_CURVE('',#11140,#11117,#11142,.T.);
#11140 = VERTEX_POINT('',#11141);
#11141 = CARTESIAN_POINT('',(89.,99.5,-1.110223024625E-16));
#11142 = SURFACE_CURVE('',#11143,(#11148,#11159),.PCURVE_S1.);
#11143 = CIRCLE('',#11144,6.5);
#11144 = AXIS2_PLACEMENT_3D('',#11145,#11146,#11147);
#11145 = CARTESIAN_POINT('',(89.,93.,0.));
#11146 = DIRECTION('',(0.,-0.,-1.));
#11147 = DIRECTION('',(0.,1.,-0.));
#11148 = PCURVE('',#9556,#11149);
#11149 = DEFINITIONAL_REPRESENTATION('',(#11150),#11158);
#11150 = ( BOUNDED_CURVE() B_SPLINE_CURVE(2,(#11151,#11152,#11153,#11154
    ,#11155,#11156,#11157),.UNSPECIFIED.,.T.,.F.)
B_SPLINE_CURVE_WITH_KNOTS((1,2,2,2,2,1),(-2.094395102393,0.,
    2.094395102393,4.188790204786,6.28318530718,8.377580409573),
.UNSPECIFIED.) CURVE() GEOMETRIC_REPRESENTATION_ITEM()
RATIONAL_B_SPLINE_CURVE((1.,0.5,1.,0.5,1.,0.5,1.)) REPRESENTATION_ITEM(
  '') );
#11151 = CARTESIAN_POINT('',(89.,99.5));
#11152 = CARTESIAN_POINT('',(100.25833024919,99.5));
#11153 = CARTESIAN_POINT('',(94.629165124599,89.75));
#11154 = CARTESIAN_POINT('',(89.,80.));
#11155 = CARTESIAN_POINT('',(83.370834875401,89.75));
#11156 = CARTESIAN_POINT('',(77.741669750802,99.5));
#11157 = CARTESIAN_POINT('',(89.,99.5));
#11158 = ( GEOMETRIC_REPRESENTATION_CONTEXT(2)
PARAMETRIC_REPRESENTATION_CONTEXT() REPRESENTATION_CONTEXT('2D SPACE',''
  ) );
#11159 = PCURVE('',#10447,#11160);
#11160 = DEFINITIONAL_REPRESENTATION('',(#11161),#11165);
#11161 = LINE('',#11162,#11163);
#11162 = CARTESIAN_POINT('',(0.,1.570796326795));
#11163 = VECTOR('',#11164,1.);
#11164 = DIRECTION('',(1.,0.));
#11165 = ( GEOMETRIC_REPRESENTATION_CONTEXT(2)
PARAMETRIC_REPRESENTATION_CONTEXT() REPRESENTATION_CONTEXT('2D SPACE',''
  ) );
#11166 = ORIENTED_EDGE('',*,*,#11167,.F.);
#11167 = EDGE_CURVE('',#11168,#11140,#11170,.T.);
#11168 = VERTEX_POINT('',#11169);
#11169 = CARTESIAN_POINT('',(7.,99.5,0.));
#11170 = SURFACE_CURVE('',#11171,(#11175,#11182),.PCURVE_S1.);
#11171 = LINE('',#11172,#11173);
#11172 = CARTESIAN_POINT('',(7.,99.5,-1.110223024625E-16));
#11173 = VECTOR('',#11174,1.);
#11174 = DIRECTION('',(1.,0.,-0.));
#11175 = PCURVE('',#9556,#11176);
#11176 = DEFINITIONAL_REPRESENTATION('',(#11177),#11181);
#11177 = LINE('',#11178,#11179);
#11178 = CARTESIAN_POINT('',(7.,99.5));
#11179 = VECTOR('',#11180,1.);
#11180 = DIRECTION('',(1.,0.));
#11181 = ( GEOMETRIC_REPRESENTATION_CONTEXT(2)
PARAMETRIC_REPRESENTATION_CONTEXT() REPRESENTATION_CONTEXT('2D SPACE',''
  ) );
#11182 = PCURVE('',#10660,#11183);
#11183 = DEFINITIONAL_REPRESENTATION('',(#11184),#11188);
#11184 = LINE('',#11185,#11186);
#11185 = CARTESIAN_POINT('',(-1.570796326795,0.));
#11186 = VECTOR('',#11187,1.);
#11187 = DIRECTION('',(-0.,1.));
#11188 = ( GEOMETRIC_REPRESENTATION_CONTEXT(2)
PARAMETRIC_REPRESENTATION_CONTEXT() REPRESENTATION_CONTEXT('2D SPACE',''
  ) );
#11189 = ORIENTED_EDGE('',*,*,#11190,.F.);
#11190 = EDGE_CURVE('',#10919,#11168,#11191,.T.);
#11191 = SURFACE_CURVE('',#11192,(#11197,#11208),.PCURVE_S1.);
#11192 = CIRCLE('',#11193,6.5);
#11193 = AXIS2_PLACEMENT_3D('',#11194,#11195,#11196);
#11194 = CARTESIAN_POINT('',(7.,93.,0.));
#11195 = DIRECTION('',(-0.,0.,-1.));
#11196 = DIRECTION('',(-1.,0.,0.));
#11197 = PCURVE('',#9556,#11198);
#11198 = DEFINITIONAL_REPRESENTATION('',(#11199),#11207);
#11199 = ( BOUNDED_CURVE() B_SPLINE_CURVE(2,(#11200,#11201,#11202,#11203
    ,#11204,#11205,#11206),.UNSPECIFIED.,.T.,.F.)
B_SPLINE_CURVE_WITH_KNOTS((1,2,2,2,2,1),(-2.094395102393,0.,
    2.094395102393,4.188790204786,6.28318530718,8.377580409573),
.UNSPECIFIED.) CURVE() GEOMETRIC_REPRESENTATION_ITEM()
RATIONAL_B_SPLINE_CURVE((1.,0.5,1.,0.5,1.,0.5,1.)) REPRESENTATION_ITEM(
  '') );
#11200 = CARTESIAN_POINT('',(0.5,93.));
#11201 = CARTESIAN_POINT('',(0.5,104.25833024919));
#11202 = CARTESIAN_POINT('',(10.25,98.629165124599));
#11203 = CARTESIAN_POINT('',(20.,93.));
#11204 = CARTESIAN_POINT('',(10.25,87.370834875401));
#11205 = CARTESIAN_POINT('',(0.5,81.741669750802));
#11206 = CARTESIAN_POINT('',(0.5,93.));
#11207 = ( GEOMETRIC_REPRESENTATION_CONTEXT(2)
PARAMETRIC_REPRESENTATION_CONTEXT() REPRESENTATION_CONTEXT('2D SPACE',''
  ) );
#11208 = PCURVE('',#10691,#11209);
#11209 = DEFINITIONAL_REPRESENTATION('',(#11210),#11214);
#11210 = LINE('',#11211,#11212);
#11211 = CARTESIAN_POINT('',(0.,1.570796326795));
#11212 = VECTOR('',#11213,1.);
#11213 = DIRECTION('',(1.,0.));
#11214 = ( GEOMETRIC_REPRESENTATION_CONTEXT(2)
PARAMETRIC_REPRESENTATION_CONTEXT() REPRESENTATION_CONTEXT('2D SPACE',''
  ) );
#11215 = ADVANCED_FACE('',(#11216,#11320),#9953,.T.);
#11216 = FACE_BOUND('',#11217,.T.);
#11217 = EDGE_LOOP('',(#11218,#11241,#11242,#11243,#11266,#11294));
#11218 = ORIENTED_EDGE('',*,*,#11219,.F.);
#11219 = EDGE_CURVE('',#10483,#11220,#11222,.T.);
#11220 = VERTEX_POINT('',#11221);
#11221 = CARTESIAN_POINT('',(95.3,97.7,136.));
#11222 = SURFACE_CURVE('',#11223,(#11227,#11234),.PCURVE_S1.);
#11223 = LINE('',#11224,#11225);
#11224 = CARTESIAN_POINT('',(95.3,84.,136.));
#11225 = VECTOR('',#11226,1.);
#11226 = DIRECTION('',(-0.,1.,0.));
#11227 = PCURVE('',#9953,#11228);
#11228 = DEFINITIONAL_REPRESENTATION('',(#11229),#11233);
#11229 = LINE('',#11230,#11231);
#11230 = CARTESIAN_POINT('',(0.3,0.));
#11231 = VECTOR('',#11232,1.);
#11232 = DIRECTION('',(0.,1.));
#11233 = ( GEOMETRIC_REPRESENTATION_CONTEXT(2)
PARAMETRIC_REPRESENTATION_CONTEXT() REPRESENTATION_CONTEXT('2D SPACE',''
  ) );
#11234 = PCURVE('',#10526,#11235);
#11235 = DEFINITIONAL_REPRESENTATION('',(#11236),#11240);
#11236 = LINE('',#11237,#11238);
#11237 = CARTESIAN_POINT('',(0.,0.212132034356));
#11238 = VECTOR('',#11239,1.);
#11239 = DIRECTION('',(1.,0.));
#11240 = ( GEOMETRIC_REPRESENTATION_CONTEXT(2)
PARAMETRIC_REPRESENTATION_CONTEXT() REPRESENTATION_CONTEXT('2D SPACE',''
  ) );
#11241 = ORIENTED_EDGE('',*,*,#10482,.F.);
#11242 = ORIENTED_EDGE('',*,*,#9938,.T.);
#11243 = ORIENTED_EDGE('',*,*,#11244,.T.);
#11244 = EDGE_CURVE('',#9913,#11245,#11247,.T.);
#11245 = VERTEX_POINT('',#11246);
#11246 = CARTESIAN_POINT('',(103.7,84.3,136.));
#11247 = SURFACE_CURVE('',#11248,(#11252,#11259),.PCURVE_S1.);
#11248 = LINE('',#11249,#11250);
#11249 = CARTESIAN_POINT('',(95.,84.3,136.));
#11250 = VECTOR('',#11251,1.);
#11251 = DIRECTION('',(1.,0.,-0.));
#11252 = PCURVE('',#9953,#11253);
#11253 = DEFINITIONAL_REPRESENTATION('',(#11254),#11258);
#11254 = LINE('',#11255,#11256);
#11255 = CARTESIAN_POINT('',(0.,0.3));
#11256 = VECTOR('',#11257,1.);
#11257 = DIRECTION('',(1.,0.));
#11258 = ( GEOMETRIC_REPRESENTATION_CONTEXT(2)
PARAMETRIC_REPRESENTATION_CONTEXT() REPRESENTATION_CONTEXT('2D SPACE',''
  ) );
#11259 = PCURVE('',#9927,#11260);
#11260 = DEFINITIONAL_REPRESENTATION('',(#11261),#11265);
#11261 = LINE('',#11262,#11263);
#11262 = CARTESIAN_POINT('',(-0.,0.212132034356));
#11263 = VECTOR('',#11264,1.);
#11264 = DIRECTION('',(-1.,0.));
#11265 = ( GEOMETRIC_REPRESENTATION_CONTEXT(2)
PARAMETRIC_REPRESENTATION_CONTEXT() REPRESENTATION_CONTEXT('2D SPACE',''
  ) );
#11266 = ORIENTED_EDGE('',*,*,#11267,.T.);
#11267 = EDGE_CURVE('',#11245,#11268,#11270,.T.);
#11268 = VERTEX_POINT('',#11269);
#11269 = CARTESIAN_POINT('',(103.7,97.7,136.));
#11270 = SURFACE_CURVE('',#11271,(#11275,#11282),.PCURVE_S1.);
#11271 = LINE('',#11272,#11273);
#11272 = CARTESIAN_POINT('',(103.7,84.,136.));
#11273 = VECTOR('',#11274,1.);
#11274 = DIRECTION('',(-0.,1.,0.));
#11275 = PCURVE('',#9953,#11276);
#11276 = DEFINITIONAL_REPRESENTATION('',(#11277),#11281);
#11277 = LINE('',#11278,#11279);
#11278 = CARTESIAN_POINT('',(8.7,0.));
#11279 = VECTOR('',#11280,1.);
#11280 = DIRECTION('',(0.,1.));
#11281 = ( GEOMETRIC_REPRESENTATION_CONTEXT(2)
PARAMETRIC_REPRESENTATION_CONTEXT() REPRESENTATION_CONTEXT('2D SPACE',''
  ) );
#11282 = PCURVE('',#11283,#11288);
#11283 = PLANE('',#11284);
#11284 = AXIS2_PLACEMENT_3D('',#11285,#11286,#11287);
#11285 = CARTESIAN_POINT('',(103.85,84.,135.85));
#11286 = DIRECTION('',(0.707106781187,-3.472568050348E-18,0.707106781187
    ));
#11287 = DIRECTION('',(2.455476416533E-18,1.,2.455476416532E-18));
#11288 = DEFINITIONAL_REPRESENTATION('',(#11289),#11293);
#11289 = LINE('',#11290,#11291);
#11290 = CARTESIAN_POINT('',(0.,0.212132034356));
#11291 = VECTOR('',#11292,1.);
#11292 = DIRECTION('',(1.,0.));
#11293 = ( GEOMETRIC_REPRESENTATION_CONTEXT(2)
PARAMETRIC_REPRESENTATION_CONTEXT() REPRESENTATION_CONTEXT('2D SPACE',''
  ) );
#11294 = ORIENTED_EDGE('',*,*,#11295,.F.);
#11295 = EDGE_CURVE('',#11220,#11268,#11296,.T.);
#11296 = SURFACE_CURVE('',#11297,(#11301,#11308),.PCURVE_S1.);
#11297 = LINE('',#11298,#11299);
#11298 = CARTESIAN_POINT('',(95.,97.7,136.));
#11299 = VECTOR('',#11300,1.);
#11300 = DIRECTION('',(1.,0.,-0.));
#11301 = PCURVE('',#9953,#11302);
#11302 = DEFINITIONAL_REPRESENTATION('',(#11303),#11307);
#11303 = LINE('',#11304,#11305);
#11304 = CARTESIAN_POINT('',(0.,13.7));
#11305 = VECTOR('',#11306,1.);
#11306 = DIRECTION('',(1.,0.));
#11307 = ( GEOMETRIC_REPRESENTATION_CONTEXT(2)
PARAMETRIC_REPRESENTATION_CONTEXT() REPRESENTATION_CONTEXT('2D SPACE',''
  ) );
#11308 = PCURVE('',#11309,#11314);
#11309 = PLANE('',#11310);
#11310 = AXIS2_PLACEMENT_3D('',#11311,#11312,#11313);
#11311 = CARTESIAN_POINT('',(95.,97.85,135.85));
#11312 = DIRECTION('',(3.472568050348E-18,0.707106781187,0.707106781187)
  );
#11313 = DIRECTION('',(-1.,2.455476416533E-18,2.455476416532E-18));
#11314 = DEFINITIONAL_REPRESENTATION('',(#11315),#11319);
#11315 = LINE('',#11316,#11317);
#11316 = CARTESIAN_POINT('',(-0.,0.212132034356));
#11317 = VECTOR('',#11318,1.);
#11318 = DIRECTION('',(-1.,0.));
#11319 = ( GEOMETRIC_REPRESENTATION_CONTEXT(2)
PARAMETRIC_REPRESENTATION_CONTEXT() REPRESENTATION_CONTEXT('2D SPACE',''
  ) );
#11320 = FACE_BOUND('',#11321,.T.);
#11321 = EDGE_LOOP('',(#11322));
#11322 = ORIENTED_EDGE('',*,*,#11323,.F.);
#11323 = EDGE_CURVE('',#11324,#11324,#11326,.T.);
#11324 = VERTEX_POINT('',#11325);
#11325 = CARTESIAN_POINT('',(101.4,91.,136.));
#11326 = SURFACE_CURVE('',#11327,(#11332,#11339),.PCURVE_S1.);
#11327 = CIRCLE('',#11328,1.4);
#11328 = AXIS2_PLACEMENT_3D('',#11329,#11330,#11331);
#11329 = CARTESIAN_POINT('',(100.,91.,136.));
#11330 = DIRECTION('',(0.,0.,1.));
#11331 = DIRECTION('',(1.,0.,-0.));
#11332 = PCURVE('',#9953,#11333);
#11333 = DEFINITIONAL_REPRESENTATION('',(#11334),#11338);
#11334 = CIRCLE('',#11335,1.4);
#11335 = AXIS2_PLACEMENT_2D('',#11336,#11337);
#11336 = CARTESIAN_POINT('',(5.,7.));
#11337 = DIRECTION('',(1.,0.));
#11338 = ( GEOMETRIC_REPRESENTATION_CONTEXT(2)
PARAMETRIC_REPRESENTATION_CONTEXT() REPRESENTATION_CONTEXT('2D SPACE',''
  ) );
#11339 = PCURVE('',#11340,#11345);
#11340 = CYLINDRICAL_SURFACE('',#11341,1.4);
#11341 = AXIS2_PLACEMENT_3D('',#11342,#11343,#11344);
#11342 = CARTESIAN_POINT('',(100.,91.,133.));
#11343 = DIRECTION('',(0.,0.,1.));
#11344 = DIRECTION('',(1.,0.,-0.));
#11345 = DEFINITIONAL_REPRESENTATION('',(#11346),#11350);
#11346 = LINE('',#11347,#11348);
#11347 = CARTESIAN_POINT('',(0.,3.));
#11348 = VECTOR('',#11349,1.);
#11349 = DIRECTION('',(1.,0.));
#11350 = ( GEOMETRIC_REPRESENTATION_CONTEXT(2)
PARAMETRIC_REPRESENTATION_CONTEXT() REPRESENTATION_CONTEXT('2D SPACE',''
  ) );
#11351 = ADVANCED_FACE('',(#11352),#9927,.F.);
#11352 = FACE_BOUND('',#11353,.T.);
#11353 = EDGE_LOOP('',(#11354,#11355,#11356,#11379));
#11354 = ORIENTED_EDGE('',*,*,#11244,.F.);
#11355 = ORIENTED_EDGE('',*,*,#9912,.T.);
#11356 = ORIENTED_EDGE('',*,*,#11357,.T.);
#11357 = EDGE_CURVE('',#9887,#11358,#11360,.T.);
#11358 = VERTEX_POINT('',#11359);
#11359 = CARTESIAN_POINT('',(103.7,84.,135.7));
#11360 = SURFACE_CURVE('',#11361,(#11365,#11372),.PCURVE_S1.);
#11361 = LINE('',#11362,#11363);
#11362 = CARTESIAN_POINT('',(95.,84.,135.7));
#11363 = VECTOR('',#11364,1.);
#11364 = DIRECTION('',(1.,0.,-0.));
#11365 = PCURVE('',#9927,#11366);
#11366 = DEFINITIONAL_REPRESENTATION('',(#11367),#11371);
#11367 = LINE('',#11368,#11369);
#11368 = CARTESIAN_POINT('',(-0.,-0.212132034356));
#11369 = VECTOR('',#11370,1.);
#11370 = DIRECTION('',(-1.,0.));
#11371 = ( GEOMETRIC_REPRESENTATION_CONTEXT(2)
PARAMETRIC_REPRESENTATION_CONTEXT() REPRESENTATION_CONTEXT('2D SPACE',''
  ) );
#11372 = PCURVE('',#9901,#11373);
#11373 = DEFINITIONAL_REPRESENTATION('',(#11374),#11378);
#11374 = LINE('',#11375,#11376);
#11375 = CARTESIAN_POINT('',(3.7,0.));
#11376 = VECTOR('',#11377,1.);
#11377 = DIRECTION('',(0.,1.));
#11378 = ( GEOMETRIC_REPRESENTATION_CONTEXT(2)
PARAMETRIC_REPRESENTATION_CONTEXT() REPRESENTATION_CONTEXT('2D SPACE',''
  ) );
#11379 = ORIENTED_EDGE('',*,*,#11380,.F.);
#11380 = EDGE_CURVE('',#11245,#11358,#11381,.T.);
#11381 = SURFACE_CURVE('',#11382,(#11386,#11393),.PCURVE_S1.);
#11382 = LINE('',#11383,#11384);
#11383 = CARTESIAN_POINT('',(103.7,84.225,135.925));
#11384 = VECTOR('',#11385,1.);
#11385 = DIRECTION('',(-6.691910148614E-14,-0.707106781187,
    -0.707106781187));
#11386 = PCURVE('',#9927,#11387);
#11387 = DEFINITIONAL_REPRESENTATION('',(#11388),#11392);
#11388 = LINE('',#11389,#11390);
#11389 = CARTESIAN_POINT('',(-8.7,0.106066017178));
#11390 = VECTOR('',#11391,1.);
#11391 = DIRECTION('',(6.691910148614E-14,-1.));
#11392 = ( GEOMETRIC_REPRESENTATION_CONTEXT(2)
PARAMETRIC_REPRESENTATION_CONTEXT() REPRESENTATION_CONTEXT('2D SPACE',''
  ) );
#11393 = PCURVE('',#11394,#11399);
#11394 = PLANE('',#11395);
#11395 = AXIS2_PLACEMENT_3D('',#11396,#11397,#11398);
#11396 = CARTESIAN_POINT('',(103.7,84.3,136.));
#11397 = DIRECTION('',(0.57735026919,-0.57735026919,0.57735026919));
#11398 = DIRECTION('',(-0.707106781187,-0.707106781187,
    -6.697420396051E-14));
#11399 = DEFINITIONAL_REPRESENTATION('',(#11400),#11404);
#11400 = LINE('',#11401,#11402);
#11401 = CARTESIAN_POINT('',(5.303300858915E-02,9.185586535462E-02));
#11402 = VECTOR('',#11403,1.);
#11403 = DIRECTION('',(0.5,0.866025403784));
#11404 = ( GEOMETRIC_REPRESENTATION_CONTEXT(2)
PARAMETRIC_REPRESENTATION_CONTEXT() REPRESENTATION_CONTEXT('2D SPACE',''
  ) );
#11405 = ADVANCED_FACE('',(#11406),#9901,.F.);
#11406 = FACE_BOUND('',#11407,.F.);
#11407 = EDGE_LOOP('',(#11408,#11431,#11432,#11433));
#11408 = ORIENTED_EDGE('',*,*,#11409,.F.);
#11409 = EDGE_CURVE('',#9861,#11410,#11412,.T.);
#11410 = VERTEX_POINT('',#11411);
#11411 = CARTESIAN_POINT('',(103.7,84.,132.3));
#11412 = SURFACE_CURVE('',#11413,(#11417,#11424),.PCURVE_S1.);
#11413 = LINE('',#11414,#11415);
#11414 = CARTESIAN_POINT('',(95.,84.,132.3));
#11415 = VECTOR('',#11416,1.);
#11416 = DIRECTION('',(1.,0.,-0.));
#11417 = PCURVE('',#9901,#11418);
#11418 = DEFINITIONAL_REPRESENTATION('',(#11419),#11423);
#11419 = LINE('',#11420,#11421);
#11420 = CARTESIAN_POINT('',(0.3,0.));
#11421 = VECTOR('',#11422,1.);
#11422 = DIRECTION('',(0.,1.));
#11423 = ( GEOMETRIC_REPRESENTATION_CONTEXT(2)
PARAMETRIC_REPRESENTATION_CONTEXT() REPRESENTATION_CONTEXT('2D SPACE',''
  ) );
#11424 = PCURVE('',#9875,#11425);
#11425 = DEFINITIONAL_REPRESENTATION('',(#11426),#11430);
#11426 = LINE('',#11427,#11428);
#11427 = CARTESIAN_POINT('',(-0.,-0.212132034356));
#11428 = VECTOR('',#11429,1.);
#11429 = DIRECTION('',(-1.,0.));
#11430 = ( GEOMETRIC_REPRESENTATION_CONTEXT(2)
PARAMETRIC_REPRESENTATION_CONTEXT() REPRESENTATION_CONTEXT('2D SPACE',''
  ) );
#11431 = ORIENTED_EDGE('',*,*,#9886,.T.);
#11432 = ORIENTED_EDGE('',*,*,#11357,.T.);
#11433 = ORIENTED_EDGE('',*,*,#11434,.F.);
#11434 = EDGE_CURVE('',#11410,#11358,#11435,.T.);
#11435 = SURFACE_CURVE('',#11436,(#11440,#11447),.PCURVE_S1.);
#11436 = LINE('',#11437,#11438);
#11437 = CARTESIAN_POINT('',(103.7,84.,132.));
#11438 = VECTOR('',#11439,1.);
#11439 = DIRECTION('',(0.,0.,1.));
#11440 = PCURVE('',#9901,#11441);
#11441 = DEFINITIONAL_REPRESENTATION('',(#11442),#11446);
#11442 = LINE('',#11443,#11444);
#11443 = CARTESIAN_POINT('',(0.,8.7));
#11444 = VECTOR('',#11445,1.);
#11445 = DIRECTION('',(1.,0.));
#11446 = ( GEOMETRIC_REPRESENTATION_CONTEXT(2)
PARAMETRIC_REPRESENTATION_CONTEXT() REPRESENTATION_CONTEXT('2D SPACE',''
  ) );
#11447 = PCURVE('',#11448,#11453);
#11448 = PLANE('',#11449);
#11449 = AXIS2_PLACEMENT_3D('',#11450,#11451,#11452);
#11450 = CARTESIAN_POINT('',(103.85,84.15,132.));
#11451 = DIRECTION('',(-0.707106781187,0.707106781187,0.));
#11452 = DIRECTION('',(-0.,-0.,-1.));
#11453 = DEFINITIONAL_REPRESENTATION('',(#11454),#11458);
#11454 = LINE('',#11455,#11456);
#11455 = CARTESIAN_POINT('',(-0.,0.212132034356));
#11456 = VECTOR('',#11457,1.);
#11457 = DIRECTION('',(-1.,0.));
#11458 = ( GEOMETRIC_REPRESENTATION_CONTEXT(2)
PARAMETRIC_REPRESENTATION_CONTEXT() REPRESENTATION_CONTEXT('2D SPACE',''
  ) );
#11459 = ADVANCED_FACE('',(#11460),#9875,.T.);
#11460 = FACE_BOUND('',#11461,.F.);
#11461 = EDGE_LOOP('',(#11462,#11485,#11486,#11487));
#11462 = ORIENTED_EDGE('',*,*,#11463,.F.);
#11463 = EDGE_CURVE('',#9835,#11464,#11466,.T.);
#11464 = VERTEX_POINT('',#11465);
#11465 = CARTESIAN_POINT('',(103.7,84.3,132.));
#11466 = SURFACE_CURVE('',#11467,(#11471,#11478),.PCURVE_S1.);
#11467 = LINE('',#11468,#11469);
#11468 = CARTESIAN_POINT('',(95.,84.3,132.));
#11469 = VECTOR('',#11470,1.);
#11470 = DIRECTION('',(1.,0.,-0.));
#11471 = PCURVE('',#9875,#11472);
#11472 = DEFINITIONAL_REPRESENTATION('',(#11473),#11477);
#11473 = LINE('',#11474,#11475);
#11474 = CARTESIAN_POINT('',(-0.,0.212132034356));
#11475 = VECTOR('',#11476,1.);
#11476 = DIRECTION('',(-1.,0.));
#11477 = ( GEOMETRIC_REPRESENTATION_CONTEXT(2)
PARAMETRIC_REPRESENTATION_CONTEXT() REPRESENTATION_CONTEXT('2D SPACE',''
  ) );
#11478 = PCURVE('',#9849,#11479);
#11479 = DEFINITIONAL_REPRESENTATION('',(#11480),#11484);
#11480 = LINE('',#11481,#11482);
#11481 = CARTESIAN_POINT('',(0.,0.3));
#11482 = VECTOR('',#11483,1.);
#11483 = DIRECTION('',(1.,0.));
#11484 = ( GEOMETRIC_REPRESENTATION_CONTEXT(2)
PARAMETRIC_REPRESENTATION_CONTEXT() REPRESENTATION_CONTEXT('2D SPACE',''
  ) );
#11485 = ORIENTED_EDGE('',*,*,#9860,.T.);
#11486 = ORIENTED_EDGE('',*,*,#11409,.T.);
#11487 = ORIENTED_EDGE('',*,*,#11488,.F.);
#11488 = EDGE_CURVE('',#11464,#11410,#11489,.T.);
#11489 = SURFACE_CURVE('',#11490,(#11494,#11501),.PCURVE_S1.);
#11490 = LINE('',#11491,#11492);
#11491 = CARTESIAN_POINT('',(103.7,84.225,132.075));
#11492 = VECTOR('',#11493,1.);
#11493 = DIRECTION('',(6.711139775479E-14,-0.707106781187,0.707106781187
    ));
#11494 = PCURVE('',#9875,#11495);
#11495 = DEFINITIONAL_REPRESENTATION('',(#11496),#11500);
#11496 = LINE('',#11497,#11498);
#11497 = CARTESIAN_POINT('',(-8.7,0.106066017178));
#11498 = VECTOR('',#11499,1.);
#11499 = DIRECTION('',(-6.711139775479E-14,-1.));
#11500 = ( GEOMETRIC_REPRESENTATION_CONTEXT(2)
PARAMETRIC_REPRESENTATION_CONTEXT() REPRESENTATION_CONTEXT('2D SPACE',''
  ) );
#11501 = PCURVE('',#11502,#11507);
#11502 = PLANE('',#11503);
#11503 = AXIS2_PLACEMENT_3D('',#11504,#11505,#11506);
#11504 = CARTESIAN_POINT('',(103.7,84.3,132.));
#11505 = DIRECTION('',(-0.57735026919,0.57735026919,0.57735026919));
#11506 = DIRECTION('',(-0.707106781187,-0.707106781187,0.));
#11507 = DEFINITIONAL_REPRESENTATION('',(#11508),#11512);
#11508 = LINE('',#11509,#11510);
#11509 = CARTESIAN_POINT('',(5.303300858883E-02,9.185586535412E-02));
#11510 = VECTOR('',#11511,1.);
#11511 = DIRECTION('',(0.5,0.866025403784));
#11512 = ( GEOMETRIC_REPRESENTATION_CONTEXT(2)
PARAMETRIC_REPRESENTATION_CONTEXT() REPRESENTATION_CONTEXT('2D SPACE',''
  ) );
#11513 = ADVANCED_FACE('',(#11514),#9849,.F.);
#11514 = FACE_BOUND('',#11515,.F.);
#11515 = EDGE_LOOP('',(#11516,#11539,#11540,#11541,#11542,#11570));
#11516 = ORIENTED_EDGE('',*,*,#11517,.F.);
#11517 = EDGE_CURVE('',#10565,#11518,#11520,.T.);
#11518 = VERTEX_POINT('',#11519);
#11519 = CARTESIAN_POINT('',(95.3,97.7,132.));
#11520 = SURFACE_CURVE('',#11521,(#11525,#11532),.PCURVE_S1.);
#11521 = LINE('',#11522,#11523);
#11522 = CARTESIAN_POINT('',(95.3,84.,132.));
#11523 = VECTOR('',#11524,1.);
#11524 = DIRECTION('',(-0.,1.,0.));
#11525 = PCURVE('',#9849,#11526);
#11526 = DEFINITIONAL_REPRESENTATION('',(#11527),#11531);
#11527 = LINE('',#11528,#11529);
#11528 = CARTESIAN_POINT('',(0.3,0.));
#11529 = VECTOR('',#11530,1.);
#11530 = DIRECTION('',(0.,1.));
#11531 = ( GEOMETRIC_REPRESENTATION_CONTEXT(2)
PARAMETRIC_REPRESENTATION_CONTEXT() REPRESENTATION_CONTEXT('2D SPACE',''
  ) );
#11532 = PCURVE('',#10584,#11533);
#11533 = DEFINITIONAL_REPRESENTATION('',(#11534),#11538);
#11534 = LINE('',#11535,#11536);
#11535 = CARTESIAN_POINT('',(0.,0.212132034356));
#11536 = VECTOR('',#11537,1.);
#11537 = DIRECTION('',(1.,0.));
#11538 = ( GEOMETRIC_REPRESENTATION_CONTEXT(2)
PARAMETRIC_REPRESENTATION_CONTEXT() REPRESENTATION_CONTEXT('2D SPACE',''
  ) );
#11539 = ORIENTED_EDGE('',*,*,#10596,.F.);
#11540 = ORIENTED_EDGE('',*,*,#9834,.T.);
#11541 = ORIENTED_EDGE('',*,*,#11463,.T.);
#11542 = ORIENTED_EDGE('',*,*,#11543,.T.);
#11543 = EDGE_CURVE('',#11464,#11544,#11546,.T.);
#11544 = VERTEX_POINT('',#11545);
#11545 = CARTESIAN_POINT('',(103.7,97.7,132.));
#11546 = SURFACE_CURVE('',#11547,(#11551,#11558),.PCURVE_S1.);
#11547 = LINE('',#11548,#11549);
#11548 = CARTESIAN_POINT('',(103.7,84.,132.));
#11549 = VECTOR('',#11550,1.);
#11550 = DIRECTION('',(-0.,1.,0.));
#11551 = PCURVE('',#9849,#11552);
#11552 = DEFINITIONAL_REPRESENTATION('',(#11553),#11557);
#11553 = LINE('',#11554,#11555);
#11554 = CARTESIAN_POINT('',(8.7,0.));
#11555 = VECTOR('',#11556,1.);
#11556 = DIRECTION('',(0.,1.));
#11557 = ( GEOMETRIC_REPRESENTATION_CONTEXT(2)
PARAMETRIC_REPRESENTATION_CONTEXT() REPRESENTATION_CONTEXT('2D SPACE',''
  ) );
#11558 = PCURVE('',#11559,#11564);
#11559 = PLANE('',#11560);
#11560 = AXIS2_PLACEMENT_3D('',#11561,#11562,#11563);
#11561 = CARTESIAN_POINT('',(103.85,84.,132.15));
#11562 = DIRECTION('',(-0.707106781187,3.472568050348E-18,0.707106781187
    ));
#11563 = DIRECTION('',(2.455476416533E-18,1.,-2.455476416532E-18));
#11564 = DEFINITIONAL_REPRESENTATION('',(#11565),#11569);
#11565 = LINE('',#11566,#11567);
#11566 = CARTESIAN_POINT('',(0.,0.212132034356));
#11567 = VECTOR('',#11568,1.);
#11568 = DIRECTION('',(1.,0.));
#11569 = ( GEOMETRIC_REPRESENTATION_CONTEXT(2)
PARAMETRIC_REPRESENTATION_CONTEXT() REPRESENTATION_CONTEXT('2D SPACE',''
  ) );
#11570 = ORIENTED_EDGE('',*,*,#11571,.F.);
#11571 = EDGE_CURVE('',#11518,#11544,#11572,.T.);
#11572 = SURFACE_CURVE('',#11573,(#11577,#11584),.PCURVE_S1.);
#11573 = LINE('',#11574,#11575);
#11574 = CARTESIAN_POINT('',(95.,97.7,132.));
#11575 = VECTOR('',#11576,1.);
#11576 = DIRECTION('',(1.,0.,-0.));
#11577 = PCURVE('',#9849,#11578);
#11578 = DEFINITIONAL_REPRESENTATION('',(#11579),#11583);
#11579 = LINE('',#11580,#11581);
#11580 = CARTESIAN_POINT('',(0.,13.7));
#11581 = VECTOR('',#11582,1.);
#11582 = DIRECTION('',(1.,0.));
#11583 = ( GEOMETRIC_REPRESENTATION_CONTEXT(2)
PARAMETRIC_REPRESENTATION_CONTEXT() REPRESENTATION_CONTEXT('2D SPACE',''
  ) );
#11584 = PCURVE('',#11585,#11590);
#11585 = PLANE('',#11586);
#11586 = AXIS2_PLACEMENT_3D('',#11587,#11588,#11589);
#11587 = CARTESIAN_POINT('',(95.,97.85,132.15));
#11588 = DIRECTION('',(-3.472568050348E-18,-0.707106781187,
    0.707106781187));
#11589 = DIRECTION('',(-1.,2.455476416533E-18,-2.455476416532E-18));
#11590 = DEFINITIONAL_REPRESENTATION('',(#11591),#11595);
#11591 = LINE('',#11592,#11593);
#11592 = CARTESIAN_POINT('',(-0.,0.212132034356));
#11593 = VECTOR('',#11594,1.);
#11594 = DIRECTION('',(-1.,0.));
#11595 = ( GEOMETRIC_REPRESENTATION_CONTEXT(2)
PARAMETRIC_REPRESENTATION_CONTEXT() REPRESENTATION_CONTEXT('2D SPACE',''
  ) );
#11596 = ADVANCED_FACE('',(#11597),#9799,.T.);
#11597 = FACE_BOUND('',#11598,.F.);
#11598 = EDGE_LOOP('',(#11599,#11600,#11620,#11621));
#11599 = ORIENTED_EDGE('',*,*,#9783,.F.);
#11600 = ORIENTED_EDGE('',*,*,#11601,.T.);
#11601 = EDGE_CURVE('',#9784,#11117,#11602,.T.);
#11602 = SURFACE_CURVE('',#11603,(#11608,#11614),.PCURVE_S1.);
#11603 = CIRCLE('',#11604,0.5);
#11604 = AXIS2_PLACEMENT_3D('',#11605,#11606,#11607);
#11605 = CARTESIAN_POINT('',(95.5,93.,0.5));
#11606 = DIRECTION('',(-6.123233995737E-17,1.,0.));
#11607 = DIRECTION('',(1.,6.123233995737E-17,0.));
#11608 = PCURVE('',#9799,#11609);
#11609 = DEFINITIONAL_REPRESENTATION('',(#11610),#11613);
#11610 = B_SPLINE_CURVE_WITH_KNOTS('',1,(#11611,#11612),.UNSPECIFIED.,
  .F.,.F.,(2,2),(0.,1.570796326795),.PIECEWISE_BEZIER_KNOTS.);
#11611 = CARTESIAN_POINT('',(0.,0.));
#11612 = CARTESIAN_POINT('',(-1.570796326795,0.));
#11613 = ( GEOMETRIC_REPRESENTATION_CONTEXT(2)
PARAMETRIC_REPRESENTATION_CONTEXT() REPRESENTATION_CONTEXT('2D SPACE',''
  ) );
#11614 = PCURVE('',#10447,#11615);
#11615 = DEFINITIONAL_REPRESENTATION('',(#11616),#11619);
#11616 = B_SPLINE_CURVE_WITH_KNOTS('',1,(#11617,#11618),.UNSPECIFIED.,
  .F.,.F.,(2,2),(0.,1.570796326795),.PIECEWISE_BEZIER_KNOTS.);
#11617 = CARTESIAN_POINT('',(1.570796326795,0.));
#11618 = CARTESIAN_POINT('',(1.570796326795,1.570796326795));
#11619 = ( GEOMETRIC_REPRESENTATION_CONTEXT(2)
PARAMETRIC_REPRESENTATION_CONTEXT() REPRESENTATION_CONTEXT('2D SPACE',''
  ) );
#11620 = ORIENTED_EDGE('',*,*,#11116,.T.);
#11621 = ORIENTED_EDGE('',*,*,#11622,.T.);
#11622 = EDGE_CURVE('',#11094,#9758,#11623,.T.);
#11623 = SURFACE_CURVE('',#11624,(#11629,#11636),.PCURVE_S1.);
#11624 = CIRCLE('',#11625,0.5);
#11625 = AXIS2_PLACEMENT_3D('',#11626,#11627,#11628);
#11626 = CARTESIAN_POINT('',(95.5,83.,0.5));
#11627 = DIRECTION('',(0.,-1.,-0.));
#11628 = DIRECTION('',(1.,0.,0.));
#11629 = PCURVE('',#9799,#11630);
#11630 = DEFINITIONAL_REPRESENTATION('',(#11631),#11635);
#11631 = LINE('',#11632,#11633);
#11632 = CARTESIAN_POINT('',(-6.28318530718,10.));
#11633 = VECTOR('',#11634,1.);
#11634 = DIRECTION('',(1.,-0.));
#11635 = ( GEOMETRIC_REPRESENTATION_CONTEXT(2)
PARAMETRIC_REPRESENTATION_CONTEXT() REPRESENTATION_CONTEXT('2D SPACE',''
  ) );
#11636 = PCURVE('',#9772,#11637);
#11637 = DEFINITIONAL_REPRESENTATION('',(#11638),#11646);
#11638 = ( BOUNDED_CURVE() B_SPLINE_CURVE(2,(#11639,#11640,#11641,#11642
    ,#11643,#11644,#11645),.UNSPECIFIED.,.T.,.F.)
B_SPLINE_CURVE_WITH_KNOTS((1,2,2,2,2,1),(-2.094395102393,0.,
    2.094395102393,4.188790204786,6.28318530718,8.377580409573),
.UNSPECIFIED.) CURVE() GEOMETRIC_REPRESENTATION_ITEM()
RATIONAL_B_SPLINE_CURVE((1.,0.5,1.,0.5,1.,0.5,1.)) REPRESENTATION_ITEM(
  '') );
#11639 = CARTESIAN_POINT('',(0.5,1.));
#11640 = CARTESIAN_POINT('',(1.366025403784,1.));
#11641 = CARTESIAN_POINT('',(0.933012701892,0.25));
#11642 = CARTESIAN_POINT('',(0.5,-0.5));
#11643 = CARTESIAN_POINT('',(6.698729810778E-02,0.25));
#11644 = CARTESIAN_POINT('',(-0.366025403784,1.));
#11645 = CARTESIAN_POINT('',(0.5,1.));
#11646 = ( GEOMETRIC_REPRESENTATION_CONTEXT(2)
PARAMETRIC_REPRESENTATION_CONTEXT() REPRESENTATION_CONTEXT('2D SPACE',''
  ) );
#11647 = ADVANCED_FACE('',(#11648),#9772,.T.);
#11648 = FACE_BOUND('',#11649,.T.);
#11649 = EDGE_LOOP('',(#11650,#11651,#11652,#11653,#11676));
#11650 = ORIENTED_EDGE('',*,*,#11093,.F.);
#11651 = ORIENTED_EDGE('',*,*,#11622,.T.);
#11652 = ORIENTED_EDGE('',*,*,#9757,.T.);
#11653 = ORIENTED_EDGE('',*,*,#11654,.T.);
#11654 = EDGE_CURVE('',#9732,#11655,#11657,.T.);
#11655 = VERTEX_POINT('',#11656);
#11656 = CARTESIAN_POINT('',(100.8,83.,3.));
#11657 = SURFACE_CURVE('',#11658,(#11662,#11669),.PCURVE_S1.);
#11658 = LINE('',#11659,#11660);
#11659 = CARTESIAN_POINT('',(95.,83.,3.));
#11660 = VECTOR('',#11661,1.);
#11661 = DIRECTION('',(1.,0.,-0.));
#11662 = PCURVE('',#9772,#11663);
#11663 = DEFINITIONAL_REPRESENTATION('',(#11664),#11668);
#11664 = LINE('',#11665,#11666);
#11665 = CARTESIAN_POINT('',(3.,0.));
#11666 = VECTOR('',#11667,1.);
#11667 = DIRECTION('',(0.,1.));
#11668 = ( GEOMETRIC_REPRESENTATION_CONTEXT(2)
PARAMETRIC_REPRESENTATION_CONTEXT() REPRESENTATION_CONTEXT('2D SPACE',''
  ) );
#11669 = PCURVE('',#9746,#11670);
#11670 = DEFINITIONAL_REPRESENTATION('',(#11671),#11675);
#11671 = LINE('',#11672,#11673);
#11672 = CARTESIAN_POINT('',(0.,16.));
#11673 = VECTOR('',#11674,1.);
#11674 = DIRECTION('',(1.,0.));
#11675 = ( GEOMETRIC_REPRESENTATION_CONTEXT(2)
PARAMETRIC_REPRESENTATION_CONTEXT() REPRESENTATION_CONTEXT('2D SPACE',''
  ) );
#11676 = ORIENTED_EDGE('',*,*,#11677,.F.);
#11677 = EDGE_CURVE('',#11066,#11655,#11678,.T.);
#11678 = SURFACE_CURVE('',#11679,(#11683,#11690),.PCURVE_S1.);
#11679 = LINE('',#11680,#11681);
#11680 = CARTESIAN_POINT('',(100.8,83.,0.));
#11681 = VECTOR('',#11682,1.);
#11682 = DIRECTION('',(0.,0.,1.));
#11683 = PCURVE('',#9772,#11684);
#11684 = DEFINITIONAL_REPRESENTATION('',(#11685),#11689);
#11685 = LINE('',#11686,#11687);
#11686 = CARTESIAN_POINT('',(0.,5.8));
#11687 = VECTOR('',#11688,1.);
#11688 = DIRECTION('',(1.,0.));
#11689 = ( GEOMETRIC_REPRESENTATION_CONTEXT(2)
PARAMETRIC_REPRESENTATION_CONTEXT() REPRESENTATION_CONTEXT('2D SPACE',''
  ) );
#11690 = PCURVE('',#11081,#11691);
#11691 = DEFINITIONAL_REPRESENTATION('',(#11692),#11696);
#11692 = LINE('',#11693,#11694);
#11693 = CARTESIAN_POINT('',(0.,-16.));
#11694 = VECTOR('',#11695,1.);
#11695 = DIRECTION('',(1.,0.));
#11696 = ( GEOMETRIC_REPRESENTATION_CONTEXT(2)
PARAMETRIC_REPRESENTATION_CONTEXT() REPRESENTATION_CONTEXT('2D SPACE',''
  ) );
#11697 = ADVANCED_FACE('',(#11698),#9746,.T.);
#11698 = FACE_BOUND('',#11699,.T.);
#11699 = EDGE_LOOP('',(#11700,#11701,#11702,#11725));
#11700 = ORIENTED_EDGE('',*,*,#11654,.F.);
#11701 = ORIENTED_EDGE('',*,*,#9731,.T.);
#11702 = ORIENTED_EDGE('',*,*,#11703,.T.);
#11703 = EDGE_CURVE('',#9706,#11704,#11706,.T.);
#11704 = VERTEX_POINT('',#11705);
#11705 = CARTESIAN_POINT('',(100.8,67.,3.));
#11706 = SURFACE_CURVE('',#11707,(#11711,#11718),.PCURVE_S1.);
#11707 = LINE('',#11708,#11709);
#11708 = CARTESIAN_POINT('',(95.,67.,3.));
#11709 = VECTOR('',#11710,1.);
#11710 = DIRECTION('',(1.,0.,-0.));
#11711 = PCURVE('',#9746,#11712);
#11712 = DEFINITIONAL_REPRESENTATION('',(#11713),#11717);
#11713 = LINE('',#11714,#11715);
#11714 = CARTESIAN_POINT('',(0.,0.));
#11715 = VECTOR('',#11716,1.);
#11716 = DIRECTION('',(1.,0.));
#11717 = ( GEOMETRIC_REPRESENTATION_CONTEXT(2)
PARAMETRIC_REPRESENTATION_CONTEXT() REPRESENTATION_CONTEXT('2D SPACE',''
  ) );
#11718 = PCURVE('',#9720,#11719);
#11719 = DEFINITIONAL_REPRESENTATION('',(#11720),#11724);
#11720 = LINE('',#11721,#11722);
#11721 = CARTESIAN_POINT('',(3.,0.));
#11722 = VECTOR('',#11723,1.);
#11723 = DIRECTION('',(0.,1.));
#11724 = ( GEOMETRIC_REPRESENTATION_CONTEXT(2)
PARAMETRIC_REPRESENTATION_CONTEXT() REPRESENTATION_CONTEXT('2D SPACE',''
  ) );
#11725 = ORIENTED_EDGE('',*,*,#11726,.T.);
#11726 = EDGE_CURVE('',#11704,#11655,#11727,.T.);
#11727 = SURFACE_CURVE('',#11728,(#11732,#11739),.PCURVE_S1.);
#11728 = LINE('',#11729,#11730);
#11729 = CARTESIAN_POINT('',(100.8,67.,3.));
#11730 = VECTOR('',#11731,1.);
#11731 = DIRECTION('',(-0.,1.,0.));
#11732 = PCURVE('',#9746,#11733);
#11733 = DEFINITIONAL_REPRESENTATION('',(#11734),#11738);
#11734 = LINE('',#11735,#11736);
#11735 = CARTESIAN_POINT('',(5.8,0.));
#11736 = VECTOR('',#11737,1.);
#11737 = DIRECTION('',(0.,1.));
#11738 = ( GEOMETRIC_REPRESENTATION_CONTEXT(2)
PARAMETRIC_REPRESENTATION_CONTEXT() REPRESENTATION_CONTEXT('2D SPACE',''
  ) );
#11739 = PCURVE('',#11081,#11740);
#11740 = DEFINITIONAL_REPRESENTATION('',(#11741),#11745);
#11741 = LINE('',#11742,#11743);
#11742 = CARTESIAN_POINT('',(3.,0.));
#11743 = VECTOR('',#11744,1.);
#11744 = DIRECTION('',(0.,-1.));
#11745 = ( GEOMETRIC_REPRESENTATION_CONTEXT(2)
PARAMETRIC_REPRESENTATION_CONTEXT() REPRESENTATION_CONTEXT('2D SPACE',''
  ) );
#11746 = ADVANCED_FACE('',(#11747),#9720,.F.);
#11747 = FACE_BOUND('',#11748,.F.);
#11748 = EDGE_LOOP('',(#11749,#11750,#11776,#11777,#11778));
#11749 = ORIENTED_EDGE('',*,*,#11042,.F.);
#11750 = ORIENTED_EDGE('',*,*,#11751,.T.);
#11751 = EDGE_CURVE('',#11020,#9678,#11752,.T.);
#11752 = SURFACE_CURVE('',#11753,(#11758,#11769),.PCURVE_S1.);
#11753 = CIRCLE('',#11754,0.5);
#11754 = AXIS2_PLACEMENT_3D('',#11755,#11756,#11757);
#11755 = CARTESIAN_POINT('',(95.5,67.,0.5));
#11756 = DIRECTION('',(0.,-1.,-0.));
#11757 = DIRECTION('',(1.,0.,0.));
#11758 = PCURVE('',#9720,#11759);
#11759 = DEFINITIONAL_REPRESENTATION('',(#11760),#11768);
#11760 = ( BOUNDED_CURVE() B_SPLINE_CURVE(2,(#11761,#11762,#11763,#11764
    ,#11765,#11766,#11767),.UNSPECIFIED.,.T.,.F.)
B_SPLINE_CURVE_WITH_KNOTS((1,2,2,2,2,1),(-2.094395102393,0.,
    2.094395102393,4.188790204786,6.28318530718,8.377580409573),
.UNSPECIFIED.) CURVE() GEOMETRIC_REPRESENTATION_ITEM()
RATIONAL_B_SPLINE_CURVE((1.,0.5,1.,0.5,1.,0.5,1.)) REPRESENTATION_ITEM(
  '') );
#11761 = CARTESIAN_POINT('',(0.5,1.));
#11762 = CARTESIAN_POINT('',(1.366025403784,1.));
#11763 = CARTESIAN_POINT('',(0.933012701892,0.25));
#11764 = CARTESIAN_POINT('',(0.5,-0.5));
#11765 = CARTESIAN_POINT('',(6.698729810778E-02,0.25));
#11766 = CARTESIAN_POINT('',(-0.366025403784,1.));
#11767 = CARTESIAN_POINT('',(0.5,1.));
#11768 = ( GEOMETRIC_REPRESENTATION_CONTEXT(2)
PARAMETRIC_REPRESENTATION_CONTEXT() REPRESENTATION_CONTEXT('2D SPACE',''
  ) );
#11769 = PCURVE('',#9693,#11770);
#11770 = DEFINITIONAL_REPRESENTATION('',(#11771),#11775);
#11771 = LINE('',#11772,#11773);
#11772 = CARTESIAN_POINT('',(-6.28318530718,26.));
#11773 = VECTOR('',#11774,1.);
#11774 = DIRECTION('',(1.,-0.));
#11775 = ( GEOMETRIC_REPRESENTATION_CONTEXT(2)
PARAMETRIC_REPRESENTATION_CONTEXT() REPRESENTATION_CONTEXT('2D SPACE',''
  ) );
#11776 = ORIENTED_EDGE('',*,*,#9705,.T.);
#11777 = ORIENTED_EDGE('',*,*,#11703,.T.);
#11778 = ORIENTED_EDGE('',*,*,#11779,.F.);
#11779 = EDGE_CURVE('',#11043,#11704,#11780,.T.);
#11780 = SURFACE_CURVE('',#11781,(#11785,#11792),.PCURVE_S1.);
#11781 = LINE('',#11782,#11783);
#11782 = CARTESIAN_POINT('',(100.8,67.,0.));
#11783 = VECTOR('',#11784,1.);
#11784 = DIRECTION('',(0.,0.,1.));
#11785 = PCURVE('',#9720,#11786);
#11786 = DEFINITIONAL_REPRESENTATION('',(#11787),#11791);
#11787 = LINE('',#11788,#11789);
#11788 = CARTESIAN_POINT('',(0.,5.8));
#11789 = VECTOR('',#11790,1.);
#11790 = DIRECTION('',(1.,0.));
#11791 = ( GEOMETRIC_REPRESENTATION_CONTEXT(2)
PARAMETRIC_REPRESENTATION_CONTEXT() REPRESENTATION_CONTEXT('2D SPACE',''
  ) );
#11792 = PCURVE('',#11081,#11793);
#11793 = DEFINITIONAL_REPRESENTATION('',(#11794),#11798);
#11794 = LINE('',#11795,#11796);
#11795 = CARTESIAN_POINT('',(0.,0.));
#11796 = VECTOR('',#11797,1.);
#11797 = DIRECTION('',(1.,0.));
#11798 = ( GEOMETRIC_REPRESENTATION_CONTEXT(2)
PARAMETRIC_REPRESENTATION_CONTEXT() REPRESENTATION_CONTEXT('2D SPACE',''
  ) );
#11799 = ADVANCED_FACE('',(#11800),#9693,.T.);
#11800 = FACE_BOUND('',#11801,.F.);
#11801 = EDGE_LOOP('',(#11802,#11803,#11804,#11805));
#11802 = ORIENTED_EDGE('',*,*,#9677,.F.);
#11803 = ORIENTED_EDGE('',*,*,#11751,.F.);
#11804 = ORIENTED_EDGE('',*,*,#11019,.T.);
#11805 = ORIENTED_EDGE('',*,*,#11806,.T.);
#11806 = EDGE_CURVE('',#10997,#9652,#11807,.T.);
#11807 = SURFACE_CURVE('',#11808,(#11813,#11820),.PCURVE_S1.);
#11808 = CIRCLE('',#11809,0.5);
#11809 = AXIS2_PLACEMENT_3D('',#11810,#11811,#11812);
#11810 = CARTESIAN_POINT('',(95.5,33.,0.5));
#11811 = DIRECTION('',(0.,-1.,-0.));
#11812 = DIRECTION('',(1.,0.,0.));
#11813 = PCURVE('',#9693,#11814);
#11814 = DEFINITIONAL_REPRESENTATION('',(#11815),#11819);
#11815 = LINE('',#11816,#11817);
#11816 = CARTESIAN_POINT('',(-6.28318530718,60.));
#11817 = VECTOR('',#11818,1.);
#11818 = DIRECTION('',(1.,-0.));
#11819 = ( GEOMETRIC_REPRESENTATION_CONTEXT(2)
PARAMETRIC_REPRESENTATION_CONTEXT() REPRESENTATION_CONTEXT('2D SPACE',''
  ) );
#11820 = PCURVE('',#9666,#11821);
#11821 = DEFINITIONAL_REPRESENTATION('',(#11822),#11830);
#11822 = ( BOUNDED_CURVE() B_SPLINE_CURVE(2,(#11823,#11824,#11825,#11826
    ,#11827,#11828,#11829),.UNSPECIFIED.,.T.,.F.)
B_SPLINE_CURVE_WITH_KNOTS((1,2,2,2,2,1),(-2.094395102393,0.,
    2.094395102393,4.188790204786,6.28318530718,8.377580409573),
.UNSPECIFIED.) CURVE() GEOMETRIC_REPRESENTATION_ITEM()
RATIONAL_B_SPLINE_CURVE((1.,0.5,1.,0.5,1.,0.5,1.)) REPRESENTATION_ITEM(
  '') );
#11823 = CARTESIAN_POINT('',(0.5,1.));
#11824 = CARTESIAN_POINT('',(1.366025403784,1.));
#11825 = CARTESIAN_POINT('',(0.933012701892,0.25));
#11826 = CARTESIAN_POINT('',(0.5,-0.5));
#11827 = CARTESIAN_POINT('',(6.698729810778E-02,0.25));
#11828 = CARTESIAN_POINT('',(-0.366025403784,1.));
#11829 = CARTESIAN_POINT('',(0.5,1.));
#11830 = ( GEOMETRIC_REPRESENTATION_CONTEXT(2)
PARAMETRIC_REPRESENTATION_CONTEXT() REPRESENTATION_CONTEXT('2D SPACE',''
  ) );
#11831 = ADVANCED_FACE('',(#11832),#9666,.T.);
#11832 = FACE_BOUND('',#11833,.T.);
#11833 = EDGE_LOOP('',(#11834,#11835,#11836,#11837,#11860));
#11834 = ORIENTED_EDGE('',*,*,#10996,.F.);
#11835 = ORIENTED_EDGE('',*,*,#11806,.T.);
#11836 = ORIENTED_EDGE('',*,*,#9651,.T.);
#11837 = ORIENTED_EDGE('',*,*,#11838,.T.);
#11838 = EDGE_CURVE('',#9626,#11839,#11841,.T.);
#11839 = VERTEX_POINT('',#11840);
#11840 = CARTESIAN_POINT('',(100.8,33.,3.));
#11841 = SURFACE_CURVE('',#11842,(#11846,#11853),.PCURVE_S1.);
#11842 = LINE('',#11843,#11844);
#11843 = CARTESIAN_POINT('',(95.,33.,3.));
#11844 = VECTOR('',#11845,1.);
#11845 = DIRECTION('',(1.,0.,-0.));
#11846 = PCURVE('',#9666,#11847);
#11847 = DEFINITIONAL_REPRESENTATION('',(#11848),#11852);
#11848 = LINE('',#11849,#11850);
#11849 = CARTESIAN_POINT('',(3.,0.));
#11850 = VECTOR('',#11851,1.);
#11851 = DIRECTION('',(0.,1.));
#11852 = ( GEOMETRIC_REPRESENTATION_CONTEXT(2)
PARAMETRIC_REPRESENTATION_CONTEXT() REPRESENTATION_CONTEXT('2D SPACE',''
  ) );
#11853 = PCURVE('',#9640,#11854);
#11854 = DEFINITIONAL_REPRESENTATION('',(#11855),#11859);
#11855 = LINE('',#11856,#11857);
#11856 = CARTESIAN_POINT('',(0.,16.));
#11857 = VECTOR('',#11858,1.);
#11858 = DIRECTION('',(1.,0.));
#11859 = ( GEOMETRIC_REPRESENTATION_CONTEXT(2)
PARAMETRIC_REPRESENTATION_CONTEXT() REPRESENTATION_CONTEXT('2D SPACE',''
  ) );
#11860 = ORIENTED_EDGE('',*,*,#11861,.F.);
#11861 = EDGE_CURVE('',#10969,#11839,#11862,.T.);
#11862 = SURFACE_CURVE('',#11863,(#11867,#11874),.PCURVE_S1.);
#11863 = LINE('',#11864,#11865);
#11864 = CARTESIAN_POINT('',(100.8,33.,0.));
#11865 = VECTOR('',#11866,1.);
#11866 = DIRECTION('',(0.,0.,1.));
#11867 = PCURVE('',#9666,#11868);
#11868 = DEFINITIONAL_REPRESENTATION('',(#11869),#11873);
#11869 = LINE('',#11870,#11871);
#11870 = CARTESIAN_POINT('',(0.,5.8));
#11871 = VECTOR('',#11872,1.);
#11872 = DIRECTION('',(1.,0.));
#11873 = ( GEOMETRIC_REPRESENTATION_CONTEXT(2)
PARAMETRIC_REPRESENTATION_CONTEXT() REPRESENTATION_CONTEXT('2D SPACE',''
  ) );
#11874 = PCURVE('',#10984,#11875);
#11875 = DEFINITIONAL_REPRESENTATION('',(#11876),#11880);
#11876 = LINE('',#11877,#11878);
#11877 = CARTESIAN_POINT('',(0.,-16.));
#11878 = VECTOR('',#11879,1.);
#11879 = DIRECTION('',(1.,0.));
#11880 = ( GEOMETRIC_REPRESENTATION_CONTEXT(2)
PARAMETRIC_REPRESENTATION_CONTEXT() REPRESENTATION_CONTEXT('2D SPACE',''
  ) );
#11881 = ADVANCED_FACE('',(#11882),#9640,.T.);
#11882 = FACE_BOUND('',#11883,.T.);
#11883 = EDGE_LOOP('',(#11884,#11885,#11886,#11909));
#11884 = ORIENTED_EDGE('',*,*,#11838,.F.);
#11885 = ORIENTED_EDGE('',*,*,#9625,.T.);
#11886 = ORIENTED_EDGE('',*,*,#11887,.T.);
#11887 = EDGE_CURVE('',#9600,#11888,#11890,.T.);
#11888 = VERTEX_POINT('',#11889);
#11889 = CARTESIAN_POINT('',(100.8,17.,3.));
#11890 = SURFACE_CURVE('',#11891,(#11895,#11902),.PCURVE_S1.);
#11891 = LINE('',#11892,#11893);
#11892 = CARTESIAN_POINT('',(95.,17.,3.));
#11893 = VECTOR('',#11894,1.);
#11894 = DIRECTION('',(1.,0.,-0.));
#11895 = PCURVE('',#9640,#11896);
#11896 = DEFINITIONAL_REPRESENTATION('',(#11897),#11901);
#11897 = LINE('',#11898,#11899);
#11898 = CARTESIAN_POINT('',(0.,0.));
#11899 = VECTOR('',#11900,1.);
#11900 = DIRECTION('',(1.,0.));
#11901 = ( GEOMETRIC_REPRESENTATION_CONTEXT(2)
PARAMETRIC_REPRESENTATION_CONTEXT() REPRESENTATION_CONTEXT('2D SPACE',''
  ) );
#11902 = PCURVE('',#9614,#11903);
#11903 = DEFINITIONAL_REPRESENTATION('',(#11904),#11908);
#11904 = LINE('',#11905,#11906);
#11905 = CARTESIAN_POINT('',(3.,0.));
#11906 = VECTOR('',#11907,1.);
#11907 = DIRECTION('',(0.,1.));
#11908 = ( GEOMETRIC_REPRESENTATION_CONTEXT(2)
PARAMETRIC_REPRESENTATION_CONTEXT() REPRESENTATION_CONTEXT('2D SPACE',''
  ) );
#11909 = ORIENTED_EDGE('',*,*,#11910,.T.);
#11910 = EDGE_CURVE('',#11888,#11839,#11911,.T.);
#11911 = SURFACE_CURVE('',#11912,(#11916,#11923),.PCURVE_S1.);
#11912 = LINE('',#11913,#11914);
#11913 = CARTESIAN_POINT('',(100.8,17.,3.));
#11914 = VECTOR('',#11915,1.);
#11915 = DIRECTION('',(-0.,1.,0.));
#11916 = PCURVE('',#9640,#11917);
#11917 = DEFINITIONAL_REPRESENTATION('',(#11918),#11922);
#11918 = LINE('',#11919,#11920);
#11919 = CARTESIAN_POINT('',(5.8,0.));
#11920 = VECTOR('',#11921,1.);
#11921 = DIRECTION('',(0.,1.));
#11922 = ( GEOMETRIC_REPRESENTATION_CONTEXT(2)
PARAMETRIC_REPRESENTATION_CONTEXT() REPRESENTATION_CONTEXT('2D SPACE',''
  ) );
#11923 = PCURVE('',#10984,#11924);
#11924 = DEFINITIONAL_REPRESENTATION('',(#11925),#11929);
#11925 = LINE('',#11926,#11927);
#11926 = CARTESIAN_POINT('',(3.,0.));
#11927 = VECTOR('',#11928,1.);
#11928 = DIRECTION('',(0.,-1.));
#11929 = ( GEOMETRIC_REPRESENTATION_CONTEXT(2)
PARAMETRIC_REPRESENTATION_CONTEXT() REPRESENTATION_CONTEXT('2D SPACE',''
  ) );
#11930 = ADVANCED_FACE('',(#11931),#9614,.F.);
#11931 = FACE_BOUND('',#11932,.F.);
#11932 = EDGE_LOOP('',(#11933,#11934,#11935,#11936,#11937));
#11933 = ORIENTED_EDGE('',*,*,#10945,.F.);
#11934 = ORIENTED_EDGE('',*,*,#10865,.T.);
#11935 = ORIENTED_EDGE('',*,*,#9599,.T.);
#11936 = ORIENTED_EDGE('',*,*,#11887,.T.);
#11937 = ORIENTED_EDGE('',*,*,#11938,.F.);
#11938 = EDGE_CURVE('',#10946,#11888,#11939,.T.);
#11939 = SURFACE_CURVE('',#11940,(#11944,#11951),.PCURVE_S1.);
#11940 = LINE('',#11941,#11942);
#11941 = CARTESIAN_POINT('',(100.8,17.,0.));
#11942 = VECTOR('',#11943,1.);
#11943 = DIRECTION('',(0.,0.,1.));
#11944 = PCURVE('',#9614,#11945);
#11945 = DEFINITIONAL_REPRESENTATION('',(#11946),#11950);
#11946 = LINE('',#11947,#11948);
#11947 = CARTESIAN_POINT('',(0.,5.8));
#11948 = VECTOR('',#11949,1.);
#11949 = DIRECTION('',(1.,0.));
#11950 = ( GEOMETRIC_REPRESENTATION_CONTEXT(2)
PARAMETRIC_REPRESENTATION_CONTEXT() REPRESENTATION_CONTEXT('2D SPACE',''
  ) );
#11951 = PCURVE('',#10984,#11952);
#11952 = DEFINITIONAL_REPRESENTATION('',(#11953),#11957);
#11953 = LINE('',#11954,#11955);
#11954 = CARTESIAN_POINT('',(0.,0.));
#11955 = VECTOR('',#11956,1.);
#11956 = DIRECTION('',(1.,0.));
#11957 = ( GEOMETRIC_REPRESENTATION_CONTEXT(2)
PARAMETRIC_REPRESENTATION_CONTEXT() REPRESENTATION_CONTEXT('2D SPACE',''
  ) );
#11958 = ADVANCED_FACE('',(#11959),#10005,.F.);
#11959 = FACE_BOUND('',#11960,.F.);
#11960 = EDGE_LOOP('',(#11961,#11962,#11985,#12013));
#11961 = ORIENTED_EDGE('',*,*,#9988,.T.);
#11962 = ORIENTED_EDGE('',*,*,#11963,.T.);
#11963 = EDGE_CURVE('',#9991,#11964,#11966,.T.);
#11964 = VERTEX_POINT('',#11965);
#11965 = CARTESIAN_POINT('',(100.,70.,6.));
#11966 = SURFACE_CURVE('',#11967,(#11971,#11978),.PCURVE_S1.);
#11967 = LINE('',#11968,#11969);
#11968 = CARTESIAN_POINT('',(96.,72.,6.));
#11969 = VECTOR('',#11970,1.);
#11970 = DIRECTION('',(0.894427191,-0.4472135955,0.));
#11971 = PCURVE('',#10005,#11972);
#11972 = DEFINITIONAL_REPRESENTATION('',(#11973),#11977);
#11973 = LINE('',#11974,#11975);
#11974 = CARTESIAN_POINT('',(-2.105996422237,-3.));
#11975 = VECTOR('',#11976,1.);
#11976 = DIRECTION('',(0.894427191,-0.4472135955));
#11977 = ( GEOMETRIC_REPRESENTATION_CONTEXT(2)
PARAMETRIC_REPRESENTATION_CONTEXT() REPRESENTATION_CONTEXT('2D SPACE',''
  ) );
#11978 = PCURVE('',#10032,#11979);
#11979 = DEFINITIONAL_REPRESENTATION('',(#11980),#11984);
#11980 = LINE('',#11981,#11982);
#11981 = CARTESIAN_POINT('',(0.,0.));
#11982 = VECTOR('',#11983,1.);
#11983 = DIRECTION('',(1.,0.));
#11984 = ( GEOMETRIC_REPRESENTATION_CONTEXT(2)
PARAMETRIC_REPRESENTATION_CONTEXT() REPRESENTATION_CONTEXT('2D SPACE',''
  ) );
#11985 = ORIENTED_EDGE('',*,*,#11986,.T.);
#11986 = EDGE_CURVE('',#11964,#11987,#11989,.T.);
#11987 = VERTEX_POINT('',#11988);
#11988 = CARTESIAN_POINT('',(100.,80.,6.));
#11989 = SURFACE_CURVE('',#11990,(#11994,#12001),.PCURVE_S1.);
#11990 = LINE('',#11991,#11992);
#11991 = CARTESIAN_POINT('',(100.,70.,6.));
#11992 = VECTOR('',#11993,1.);
#11993 = DIRECTION('',(0.,1.,0.));
#11994 = PCURVE('',#10005,#11995);
#11995 = DEFINITIONAL_REPRESENTATION('',(#11996),#12000);
#11996 = LINE('',#11997,#11998);
#11997 = CARTESIAN_POINT('',(1.894003577763,-5.));
#11998 = VECTOR('',#11999,1.);
#11999 = DIRECTION('',(0.,1.));
#12000 = ( GEOMETRIC_REPRESENTATION_CONTEXT(2)
PARAMETRIC_REPRESENTATION_CONTEXT() REPRESENTATION_CONTEXT('2D SPACE',''
  ) );
#12001 = PCURVE('',#12002,#12007);
#12002 = PLANE('',#12003);
#12003 = AXIS2_PLACEMENT_3D('',#12004,#12005,#12006);
#12004 = CARTESIAN_POINT('',(100.,70.,6.));
#12005 = DIRECTION('',(-1.,0.,0.));
#12006 = DIRECTION('',(0.,1.,0.));
#12007 = DEFINITIONAL_REPRESENTATION('',(#12008),#12012);
#12008 = LINE('',#12009,#12010);
#12009 = CARTESIAN_POINT('',(0.,0.));
#12010 = VECTOR('',#12011,1.);
#12011 = DIRECTION('',(1.,0.));
#12012 = ( GEOMETRIC_REPRESENTATION_CONTEXT(2)
PARAMETRIC_REPRESENTATION_CONTEXT() REPRESENTATION_CONTEXT('2D SPACE',''
  ) );
#12013 = ORIENTED_EDGE('',*,*,#12014,.T.);
#12014 = EDGE_CURVE('',#11987,#9989,#12015,.T.);
#12015 = SURFACE_CURVE('',#12016,(#12020,#12027),.PCURVE_S1.);
#12016 = LINE('',#12017,#12018);
#12017 = CARTESIAN_POINT('',(100.,80.,6.));
#12018 = VECTOR('',#12019,1.);
#12019 = DIRECTION('',(-0.894427191,-0.4472135955,0.));
#12020 = PCURVE('',#10005,#12021);
#12021 = DEFINITIONAL_REPRESENTATION('',(#12022),#12026);
#12022 = LINE('',#12023,#12024);
#12023 = CARTESIAN_POINT('',(1.894003577763,5.));
#12024 = VECTOR('',#12025,1.);
#12025 = DIRECTION('',(-0.894427191,-0.4472135955));
#12026 = ( GEOMETRIC_REPRESENTATION_CONTEXT(2)
PARAMETRIC_REPRESENTATION_CONTEXT() REPRESENTATION_CONTEXT('2D SPACE',''
  ) );
#12027 = PCURVE('',#10084,#12028);
#12028 = DEFINITIONAL_REPRESENTATION('',(#12029),#12033);
#12029 = LINE('',#12030,#12031);
#12030 = CARTESIAN_POINT('',(0.,0.));
#12031 = VECTOR('',#12032,1.);
#12032 = DIRECTION('',(1.,0.));
#12033 = ( GEOMETRIC_REPRESENTATION_CONTEXT(2)
PARAMETRIC_REPRESENTATION_CONTEXT() REPRESENTATION_CONTEXT('2D SPACE',''
  ) );
#12034 = ADVANCED_FACE('',(#12035),#10084,.F.);
#12035 = FACE_BOUND('',#12036,.F.);
#12036 = EDGE_LOOP('',(#12037,#12060,#12081,#12082));
#12037 = ORIENTED_EDGE('',*,*,#12038,.T.);
#12038 = EDGE_CURVE('',#11987,#12039,#12041,.T.);
#12039 = VERTEX_POINT('',#12040);
#12040 = CARTESIAN_POINT('',(100.,80.,35.));
#12041 = SURFACE_CURVE('',#12042,(#12046,#12053),.PCURVE_S1.);
#12042 = LINE('',#12043,#12044);
#12043 = CARTESIAN_POINT('',(100.,80.,6.));
#12044 = VECTOR('',#12045,1.);
#12045 = DIRECTION('',(0.,0.,1.));
#12046 = PCURVE('',#10084,#12047);
#12047 = DEFINITIONAL_REPRESENTATION('',(#12048),#12052);
#12048 = LINE('',#12049,#12050);
#12049 = CARTESIAN_POINT('',(0.,0.));
#12050 = VECTOR('',#12051,1.);
#12051 = DIRECTION('',(0.,-1.));
#12052 = ( GEOMETRIC_REPRESENTATION_CONTEXT(2)
PARAMETRIC_REPRESENTATION_CONTEXT() REPRESENTATION_CONTEXT('2D SPACE',''
  ) );
#12053 = PCURVE('',#12002,#12054);
#12054 = DEFINITIONAL_REPRESENTATION('',(#12055),#12059);
#12055 = LINE('',#12056,#12057);
#12056 = CARTESIAN_POINT('',(10.,0.));
#12057 = VECTOR('',#12058,1.);
#12058 = DIRECTION('',(0.,-1.));
#12059 = ( GEOMETRIC_REPRESENTATION_CONTEXT(2)
PARAMETRIC_REPRESENTATION_CONTEXT() REPRESENTATION_CONTEXT('2D SPACE',''
  ) );
#12060 = ORIENTED_EDGE('',*,*,#12061,.T.);
#12061 = EDGE_CURVE('',#12039,#10045,#12062,.T.);
#12062 = SURFACE_CURVE('',#12063,(#12067,#12074),.PCURVE_S1.);
#12063 = LINE('',#12064,#12065);
#12064 = CARTESIAN_POINT('',(100.,80.,35.));
#12065 = VECTOR('',#12066,1.);
#12066 = DIRECTION('',(-0.894427191,-0.4472135955,0.));
#12067 = PCURVE('',#10084,#12068);
#12068 = DEFINITIONAL_REPRESENTATION('',(#12069),#12073);
#12069 = LINE('',#12070,#12071);
#12070 = CARTESIAN_POINT('',(0.,-29.));
#12071 = VECTOR('',#12072,1.);
#12072 = DIRECTION('',(1.,0.));
#12073 = ( GEOMETRIC_REPRESENTATION_CONTEXT(2)
PARAMETRIC_REPRESENTATION_CONTEXT() REPRESENTATION_CONTEXT('2D SPACE',''
  ) );
#12074 = PCURVE('',#10059,#12075);
#12075 = DEFINITIONAL_REPRESENTATION('',(#12076),#12080);
#12076 = LINE('',#12077,#12078);
#12077 = CARTESIAN_POINT('',(1.894003577763,5.));
#12078 = VECTOR('',#12079,1.);
#12079 = DIRECTION('',(-0.894427191,-0.4472135955));
#12080 = ( GEOMETRIC_REPRESENTATION_CONTEXT(2)
PARAMETRIC_REPRESENTATION_CONTEXT() REPRESENTATION_CONTEXT('2D SPACE',''
  ) );
#12081 = ORIENTED_EDGE('',*,*,#10070,.F.);
#12082 = ORIENTED_EDGE('',*,*,#12014,.F.);
#12083 = ADVANCED_FACE('',(#12084),#10032,.F.);
#12084 = FACE_BOUND('',#12085,.F.);
#12085 = EDGE_LOOP('',(#12086,#12087,#12110,#12131));
#12086 = ORIENTED_EDGE('',*,*,#10016,.T.);
#12087 = ORIENTED_EDGE('',*,*,#12088,.T.);
#12088 = EDGE_CURVE('',#10017,#12089,#12091,.T.);
#12089 = VERTEX_POINT('',#12090);
#12090 = CARTESIAN_POINT('',(100.,70.,35.));
#12091 = SURFACE_CURVE('',#12092,(#12096,#12103),.PCURVE_S1.);
#12092 = LINE('',#12093,#12094);
#12093 = CARTESIAN_POINT('',(96.,72.,35.));
#12094 = VECTOR('',#12095,1.);
#12095 = DIRECTION('',(0.894427191,-0.4472135955,0.));
#12096 = PCURVE('',#10032,#12097);
#12097 = DEFINITIONAL_REPRESENTATION('',(#12098),#12102);
#12098 = LINE('',#12099,#12100);
#12099 = CARTESIAN_POINT('',(0.,-29.));
#12100 = VECTOR('',#12101,1.);
#12101 = DIRECTION('',(1.,0.));
#12102 = ( GEOMETRIC_REPRESENTATION_CONTEXT(2)
PARAMETRIC_REPRESENTATION_CONTEXT() REPRESENTATION_CONTEXT('2D SPACE',''
  ) );
#12103 = PCURVE('',#10059,#12104);
#12104 = DEFINITIONAL_REPRESENTATION('',(#12105),#12109);
#12105 = LINE('',#12106,#12107);
#12106 = CARTESIAN_POINT('',(-2.105996422237,-3.));
#12107 = VECTOR('',#12108,1.);
#12108 = DIRECTION('',(0.894427191,-0.4472135955));
#12109 = ( GEOMETRIC_REPRESENTATION_CONTEXT(2)
PARAMETRIC_REPRESENTATION_CONTEXT() REPRESENTATION_CONTEXT('2D SPACE',''
  ) );
#12110 = ORIENTED_EDGE('',*,*,#12111,.F.);
#12111 = EDGE_CURVE('',#11964,#12089,#12112,.T.);
#12112 = SURFACE_CURVE('',#12113,(#12117,#12124),.PCURVE_S1.);
#12113 = LINE('',#12114,#12115);
#12114 = CARTESIAN_POINT('',(100.,70.,6.));
#12115 = VECTOR('',#12116,1.);
#12116 = DIRECTION('',(0.,0.,1.));
#12117 = PCURVE('',#10032,#12118);
#12118 = DEFINITIONAL_REPRESENTATION('',(#12119),#12123);
#12119 = LINE('',#12120,#12121);
#12120 = CARTESIAN_POINT('',(4.472135955,0.));
#12121 = VECTOR('',#12122,1.);
#12122 = DIRECTION('',(0.,-1.));
#12123 = ( GEOMETRIC_REPRESENTATION_CONTEXT(2)
PARAMETRIC_REPRESENTATION_CONTEXT() REPRESENTATION_CONTEXT('2D SPACE',''
  ) );
#12124 = PCURVE('',#12002,#12125);
#12125 = DEFINITIONAL_REPRESENTATION('',(#12126),#12130);
#12126 = LINE('',#12127,#12128);
#12127 = CARTESIAN_POINT('',(0.,0.));
#12128 = VECTOR('',#12129,1.);
#12129 = DIRECTION('',(0.,-1.));
#12130 = ( GEOMETRIC_REPRESENTATION_CONTEXT(2)
PARAMETRIC_REPRESENTATION_CONTEXT() REPRESENTATION_CONTEXT('2D SPACE',''
  ) );
#12131 = ORIENTED_EDGE('',*,*,#11963,.F.);
#12132 = ADVANCED_FACE('',(#12133),#10059,.T.);
#12133 = FACE_BOUND('',#12134,.T.);
#12134 = EDGE_LOOP('',(#12135,#12136,#12137,#12158));
#12135 = ORIENTED_EDGE('',*,*,#10044,.T.);
#12136 = ORIENTED_EDGE('',*,*,#12088,.T.);
#12137 = ORIENTED_EDGE('',*,*,#12138,.T.);
#12138 = EDGE_CURVE('',#12089,#12039,#12139,.T.);
#12139 = SURFACE_CURVE('',#12140,(#12144,#12151),.PCURVE_S1.);
#12140 = LINE('',#12141,#12142);
#12141 = CARTESIAN_POINT('',(100.,70.,35.));
#12142 = VECTOR('',#12143,1.);
#12143 = DIRECTION('',(0.,1.,0.));
#12144 = PCURVE('',#10059,#12145);
#12145 = DEFINITIONAL_REPRESENTATION('',(#12146),#12150);
#12146 = LINE('',#12147,#12148);
#12147 = CARTESIAN_POINT('',(1.894003577763,-5.));
#12148 = VECTOR('',#12149,1.);
#12149 = DIRECTION('',(0.,1.));
#12150 = ( GEOMETRIC_REPRESENTATION_CONTEXT(2)
PARAMETRIC_REPRESENTATION_CONTEXT() REPRESENTATION_CONTEXT('2D SPACE',''
  ) );
#12151 = PCURVE('',#12002,#12152);
#12152 = DEFINITIONAL_REPRESENTATION('',(#12153),#12157);
#12153 = LINE('',#12154,#12155);
#12154 = CARTESIAN_POINT('',(0.,-29.));
#12155 = VECTOR('',#12156,1.);
#12156 = DIRECTION('',(1.,0.));
#12157 = ( GEOMETRIC_REPRESENTATION_CONTEXT(2)
PARAMETRIC_REPRESENTATION_CONTEXT() REPRESENTATION_CONTEXT('2D SPACE',''
  ) );
#12158 = ORIENTED_EDGE('',*,*,#12061,.T.);
#12159 = ADVANCED_FACE('',(#12160),#10115,.F.);
#12160 = FACE_BOUND('',#12161,.F.);
#12161 = EDGE_LOOP('',(#12162,#12163,#12186,#12214));
#12162 = ORIENTED_EDGE('',*,*,#10098,.T.);
#12163 = ORIENTED_EDGE('',*,*,#12164,.T.);
#12164 = EDGE_CURVE('',#10101,#12165,#12167,.T.);
#12165 = VERTEX_POINT('',#12166);
#12166 = CARTESIAN_POINT('',(100.,20.,6.));
#12167 = SURFACE_CURVE('',#12168,(#12172,#12179),.PCURVE_S1.);
#12168 = LINE('',#12169,#12170);
#12169 = CARTESIAN_POINT('',(96.,22.,6.));
#12170 = VECTOR('',#12171,1.);
#12171 = DIRECTION('',(0.894427191,-0.4472135955,0.));
#12172 = PCURVE('',#10115,#12173);
#12173 = DEFINITIONAL_REPRESENTATION('',(#12174),#12178);
#12174 = LINE('',#12175,#12176);
#12175 = CARTESIAN_POINT('',(-2.105996422237,-3.));
#12176 = VECTOR('',#12177,1.);
#12177 = DIRECTION('',(0.894427191,-0.4472135955));
#12178 = ( GEOMETRIC_REPRESENTATION_CONTEXT(2)
PARAMETRIC_REPRESENTATION_CONTEXT() REPRESENTATION_CONTEXT('2D SPACE',''
  ) );
#12179 = PCURVE('',#10142,#12180);
#12180 = DEFINITIONAL_REPRESENTATION('',(#12181),#12185);
#12181 = LINE('',#12182,#12183);
#12182 = CARTESIAN_POINT('',(0.,0.));
#12183 = VECTOR('',#12184,1.);
#12184 = DIRECTION('',(1.,0.));
#12185 = ( GEOMETRIC_REPRESENTATION_CONTEXT(2)
PARAMETRIC_REPRESENTATION_CONTEXT() REPRESENTATION_CONTEXT('2D SPACE',''
  ) );
#12186 = ORIENTED_EDGE('',*,*,#12187,.T.);
#12187 = EDGE_CURVE('',#12165,#12188,#12190,.T.);
#12188 = VERTEX_POINT('',#12189);
#12189 = CARTESIAN_POINT('',(100.,30.,6.));
#12190 = SURFACE_CURVE('',#12191,(#12195,#12202),.PCURVE_S1.);
#12191 = LINE('',#12192,#12193);
#12192 = CARTESIAN_POINT('',(100.,20.,6.));
#12193 = VECTOR('',#12194,1.);
#12194 = DIRECTION('',(0.,1.,0.));
#12195 = PCURVE('',#10115,#12196);
#12196 = DEFINITIONAL_REPRESENTATION('',(#12197),#12201);
#12197 = LINE('',#12198,#12199);
#12198 = CARTESIAN_POINT('',(1.894003577763,-5.));
#12199 = VECTOR('',#12200,1.);
#12200 = DIRECTION('',(0.,1.));
#12201 = ( GEOMETRIC_REPRESENTATION_CONTEXT(2)
PARAMETRIC_REPRESENTATION_CONTEXT() REPRESENTATION_CONTEXT('2D SPACE',''
  ) );
#12202 = PCURVE('',#12203,#12208);
#12203 = PLANE('',#12204);
#12204 = AXIS2_PLACEMENT_3D('',#12205,#12206,#12207);
#12205 = CARTESIAN_POINT('',(100.,20.,6.));
#12206 = DIRECTION('',(-1.,0.,0.));
#12207 = DIRECTION('',(0.,1.,0.));
#12208 = DEFINITIONAL_REPRESENTATION('',(#12209),#12213);
#12209 = LINE('',#12210,#12211);
#12210 = CARTESIAN_POINT('',(0.,0.));
#12211 = VECTOR('',#12212,1.);
#12212 = DIRECTION('',(1.,0.));
#12213 = ( GEOMETRIC_REPRESENTATION_CONTEXT(2)
PARAMETRIC_REPRESENTATION_CONTEXT() REPRESENTATION_CONTEXT('2D SPACE',''
  ) );
#12214 = ORIENTED_EDGE('',*,*,#12215,.T.);
#12215 = EDGE_CURVE('',#12188,#10099,#12216,.T.);
#12216 = SURFACE_CURVE('',#12217,(#12221,#12228),.PCURVE_S1.);
#12217 = LINE('',#12218,#12219);
#12218 = CARTESIAN_POINT('',(100.,30.,6.));
#12219 = VECTOR('',#12220,1.);
#12220 = DIRECTION('',(-0.894427191,-0.4472135955,0.));
#12221 = PCURVE('',#10115,#12222);
#12222 = DEFINITIONAL_REPRESENTATION('',(#12223),#12227);
#12223 = LINE('',#12224,#12225);
#12224 = CARTESIAN_POINT('',(1.894003577763,5.));
#12225 = VECTOR('',#12226,1.);
#12226 = DIRECTION('',(-0.894427191,-0.4472135955));
#12227 = ( GEOMETRIC_REPRESENTATION_CONTEXT(2)
PARAMETRIC_REPRESENTATION_CONTEXT() REPRESENTATION_CONTEXT('2D SPACE',''
  ) );
#12228 = PCURVE('',#10194,#12229);
#12229 = DEFINITIONAL_REPRESENTATION('',(#12230),#12234);
#12230 = LINE('',#12231,#12232);
#12231 = CARTESIAN_POINT('',(0.,0.));
#12232 = VECTOR('',#12233,1.);
#12233 = DIRECTION('',(1.,0.));
#12234 = ( GEOMETRIC_REPRESENTATION_CONTEXT(2)
PARAMETRIC_REPRESENTATION_CONTEXT() REPRESENTATION_CONTEXT('2D SPACE',''
  ) );
#12235 = ADVANCED_FACE('',(#12236),#10194,.F.);
#12236 = FACE_BOUND('',#12237,.F.);
#12237 = EDGE_LOOP('',(#12238,#12261,#12282,#12283));
#12238 = ORIENTED_EDGE('',*,*,#12239,.T.);
#12239 = EDGE_CURVE('',#12188,#12240,#12242,.T.);
#12240 = VERTEX_POINT('',#12241);
#12241 = CARTESIAN_POINT('',(100.,30.,35.));
#12242 = SURFACE_CURVE('',#12243,(#12247,#12254),.PCURVE_S1.);
#12243 = LINE('',#12244,#12245);
#12244 = CARTESIAN_POINT('',(100.,30.,6.));
#12245 = VECTOR('',#12246,1.);
#12246 = DIRECTION('',(0.,0.,1.));
#12247 = PCURVE('',#10194,#12248);
#12248 = DEFINITIONAL_REPRESENTATION('',(#12249),#12253);
#12249 = LINE('',#12250,#12251);
#12250 = CARTESIAN_POINT('',(0.,0.));
#12251 = VECTOR('',#12252,1.);
#12252 = DIRECTION('',(0.,-1.));
#12253 = ( GEOMETRIC_REPRESENTATION_CONTEXT(2)
PARAMETRIC_REPRESENTATION_CONTEXT() REPRESENTATION_CONTEXT('2D SPACE',''
  ) );
#12254 = PCURVE('',#12203,#12255);
#12255 = DEFINITIONAL_REPRESENTATION('',(#12256),#12260);
#12256 = LINE('',#12257,#12258);
#12257 = CARTESIAN_POINT('',(10.,0.));
#12258 = VECTOR('',#12259,1.);
#12259 = DIRECTION('',(0.,-1.));
#12260 = ( GEOMETRIC_REPRESENTATION_CONTEXT(2)
PARAMETRIC_REPRESENTATION_CONTEXT() REPRESENTATION_CONTEXT('2D SPACE',''
  ) );
#12261 = ORIENTED_EDGE('',*,*,#12262,.T.);
#12262 = EDGE_CURVE('',#12240,#10155,#12263,.T.);
#12263 = SURFACE_CURVE('',#12264,(#12268,#12275),.PCURVE_S1.);
#12264 = LINE('',#12265,#12266);
#12265 = CARTESIAN_POINT('',(100.,30.,35.));
#12266 = VECTOR('',#12267,1.);
#12267 = DIRECTION('',(-0.894427191,-0.4472135955,0.));
#12268 = PCURVE('',#10194,#12269);
#12269 = DEFINITIONAL_REPRESENTATION('',(#12270),#12274);
#12270 = LINE('',#12271,#12272);
#12271 = CARTESIAN_POINT('',(0.,-29.));
#12272 = VECTOR('',#12273,1.);
#12273 = DIRECTION('',(1.,0.));
#12274 = ( GEOMETRIC_REPRESENTATION_CONTEXT(2)
PARAMETRIC_REPRESENTATION_CONTEXT() REPRESENTATION_CONTEXT('2D SPACE',''
  ) );
#12275 = PCURVE('',#10169,#12276);
#12276 = DEFINITIONAL_REPRESENTATION('',(#12277),#12281);
#12277 = LINE('',#12278,#12279);
#12278 = CARTESIAN_POINT('',(1.894003577763,5.));
#12279 = VECTOR('',#12280,1.);
#12280 = DIRECTION('',(-0.894427191,-0.4472135955));
#12281 = ( GEOMETRIC_REPRESENTATION_CONTEXT(2)
PARAMETRIC_REPRESENTATION_CONTEXT() REPRESENTATION_CONTEXT('2D SPACE',''
  ) );
#12282 = ORIENTED_EDGE('',*,*,#10180,.F.);
#12283 = ORIENTED_EDGE('',*,*,#12215,.F.);
#12284 = ADVANCED_FACE('',(#12285),#10142,.F.);
#12285 = FACE_BOUND('',#12286,.F.);
#12286 = EDGE_LOOP('',(#12287,#12288,#12311,#12332));
#12287 = ORIENTED_EDGE('',*,*,#10126,.T.);
#12288 = ORIENTED_EDGE('',*,*,#12289,.T.);
#12289 = EDGE_CURVE('',#10127,#12290,#12292,.T.);
#12290 = VERTEX_POINT('',#12291);
#12291 = CARTESIAN_POINT('',(100.,20.,35.));
#12292 = SURFACE_CURVE('',#12293,(#12297,#12304),.PCURVE_S1.);
#12293 = LINE('',#12294,#12295);
#12294 = CARTESIAN_POINT('',(96.,22.,35.));
#12295 = VECTOR('',#12296,1.);
#12296 = DIRECTION('',(0.894427191,-0.4472135955,0.));
#12297 = PCURVE('',#10142,#12298);
#12298 = DEFINITIONAL_REPRESENTATION('',(#12299),#12303);
#12299 = LINE('',#12300,#12301);
#12300 = CARTESIAN_POINT('',(0.,-29.));
#12301 = VECTOR('',#12302,1.);
#12302 = DIRECTION('',(1.,0.));
#12303 = ( GEOMETRIC_REPRESENTATION_CONTEXT(2)
PARAMETRIC_REPRESENTATION_CONTEXT() REPRESENTATION_CONTEXT('2D SPACE',''
  ) );
#12304 = PCURVE('',#10169,#12305);
#12305 = DEFINITIONAL_REPRESENTATION('',(#12306),#12310);
#12306 = LINE('',#12307,#12308);
#12307 = CARTESIAN_POINT('',(-2.105996422237,-3.));
#12308 = VECTOR('',#12309,1.);
#12309 = DIRECTION('',(0.894427191,-0.4472135955));
#12310 = ( GEOMETRIC_REPRESENTATION_CONTEXT(2)
PARAMETRIC_REPRESENTATION_CONTEXT() REPRESENTATION_CONTEXT('2D SPACE',''
  ) );
#12311 = ORIENTED_EDGE('',*,*,#12312,.F.);
#12312 = EDGE_CURVE('',#12165,#12290,#12313,.T.);
#12313 = SURFACE_CURVE('',#12314,(#12318,#12325),.PCURVE_S1.);
#12314 = LINE('',#12315,#12316);
#12315 = CARTESIAN_POINT('',(100.,20.,6.));
#12316 = VECTOR('',#12317,1.);
#12317 = DIRECTION('',(0.,0.,1.));
#12318 = PCURVE('',#10142,#12319);
#12319 = DEFINITIONAL_REPRESENTATION('',(#12320),#12324);
#12320 = LINE('',#12321,#12322);
#12321 = CARTESIAN_POINT('',(4.472135955,0.));
#12322 = VECTOR('',#12323,1.);
#12323 = DIRECTION('',(0.,-1.));
#12324 = ( GEOMETRIC_REPRESENTATION_CONTEXT(2)
PARAMETRIC_REPRESENTATION_CONTEXT() REPRESENTATION_CONTEXT('2D SPACE',''
  ) );
#12325 = PCURVE('',#12203,#12326);
#12326 = DEFINITIONAL_REPRESENTATION('',(#12327),#12331);
#12327 = LINE('',#12328,#12329);
#12328 = CARTESIAN_POINT('',(0.,0.));
#12329 = VECTOR('',#12330,1.);
#12330 = DIRECTION('',(0.,-1.));
#12331 = ( GEOMETRIC_REPRESENTATION_CONTEXT(2)
PARAMETRIC_REPRESENTATION_CONTEXT() REPRESENTATION_CONTEXT('2D SPACE',''
  ) );
#12332 = ORIENTED_EDGE('',*,*,#12164,.F.);
#12333 = ADVANCED_FACE('',(#12334),#10169,.T.);
#12334 = FACE_BOUND('',#12335,.T.);
#12335 = EDGE_LOOP('',(#12336,#12337,#12338,#12359));
#12336 = ORIENTED_EDGE('',*,*,#10154,.T.);
#12337 = ORIENTED_EDGE('',*,*,#12289,.T.);
#12338 = ORIENTED_EDGE('',*,*,#12339,.T.);
#12339 = EDGE_CURVE('',#12290,#12240,#12340,.T.);
#12340 = SURFACE_CURVE('',#12341,(#12345,#12352),.PCURVE_S1.);
#12341 = LINE('',#12342,#12343);
#12342 = CARTESIAN_POINT('',(100.,20.,35.));
#12343 = VECTOR('',#12344,1.);
#12344 = DIRECTION('',(0.,1.,0.));
#12345 = PCURVE('',#10169,#12346);
#12346 = DEFINITIONAL_REPRESENTATION('',(#12347),#12351);
#12347 = LINE('',#12348,#12349);
#12348 = CARTESIAN_POINT('',(1.894003577763,-5.));
#12349 = VECTOR('',#12350,1.);
#12350 = DIRECTION('',(0.,1.));
#12351 = ( GEOMETRIC_REPRESENTATION_CONTEXT(2)
PARAMETRIC_REPRESENTATION_CONTEXT() REPRESENTATION_CONTEXT('2D SPACE',''
  ) );
#12352 = PCURVE('',#12203,#12353);
#12353 = DEFINITIONAL_REPRESENTATION('',(#12354),#12358);
#12354 = LINE('',#12355,#12356);
#12355 = CARTESIAN_POINT('',(0.,-29.));
#12356 = VECTOR('',#12357,1.);
#12357 = DIRECTION('',(1.,0.));
#12358 = ( GEOMETRIC_REPRESENTATION_CONTEXT(2)
PARAMETRIC_REPRESENTATION_CONTEXT() REPRESENTATION_CONTEXT('2D SPACE',''
  ) );
#12359 = ORIENTED_EDGE('',*,*,#12262,.T.);
#12360 = ADVANCED_FACE('',(#12361),#10275,.T.);
#12361 = FACE_BOUND('',#12362,.F.);
#12362 = EDGE_LOOP('',(#12363,#12364,#12365,#12385));
#12363 = ORIENTED_EDGE('',*,*,#10259,.T.);
#12364 = ORIENTED_EDGE('',*,*,#10918,.T.);
#12365 = ORIENTED_EDGE('',*,*,#12366,.F.);
#12366 = EDGE_CURVE('',#10323,#10919,#12367,.T.);
#12367 = SURFACE_CURVE('',#12368,(#12373,#12379),.PCURVE_S1.);
#12368 = CIRCLE('',#12369,0.5);
#12369 = AXIS2_PLACEMENT_3D('',#12370,#12371,#12372);
#12370 = CARTESIAN_POINT('',(0.5,93.,0.5));
#12371 = DIRECTION('',(0.,-1.,-0.));
#12372 = DIRECTION('',(-1.,-0.,0.));
#12373 = PCURVE('',#10275,#12374);
#12374 = DEFINITIONAL_REPRESENTATION('',(#12375),#12378);
#12375 = B_SPLINE_CURVE_WITH_KNOTS('',1,(#12376,#12377),.UNSPECIFIED.,
  .F.,.F.,(2,2),(0.,1.570796326795),.PIECEWISE_BEZIER_KNOTS.);
#12376 = CARTESIAN_POINT('',(0.,86.));
#12377 = CARTESIAN_POINT('',(-1.570796326795,86.));
#12378 = ( GEOMETRIC_REPRESENTATION_CONTEXT(2)
PARAMETRIC_REPRESENTATION_CONTEXT() REPRESENTATION_CONTEXT('2D SPACE',''
  ) );
#12379 = PCURVE('',#10691,#12380);
#12380 = DEFINITIONAL_REPRESENTATION('',(#12381),#12384);
#12381 = B_SPLINE_CURVE_WITH_KNOTS('',1,(#12382,#12383),.UNSPECIFIED.,
  .F.,.F.,(2,2),(0.,1.570796326795),.PIECEWISE_BEZIER_KNOTS.);
#12382 = CARTESIAN_POINT('',(0.,0.));
#12383 = CARTESIAN_POINT('',(0.,1.570796326795));
#12384 = ( GEOMETRIC_REPRESENTATION_CONTEXT(2)
PARAMETRIC_REPRESENTATION_CONTEXT() REPRESENTATION_CONTEXT('2D SPACE',''
  ) );
#12385 = ORIENTED_EDGE('',*,*,#10322,.F.);
#12386 = ADVANCED_FACE('',(#12387),#10409,.T.);
#12387 = FACE_BOUND('',#12388,.F.);
#12388 = EDGE_LOOP('',(#12389));
#12389 = ORIENTED_EDGE('',*,*,#10394,.F.);
#12390 = ADVANCED_FACE('',(#12391),#10584,.T.);
#12391 = FACE_BOUND('',#12392,.T.);
#12392 = EDGE_LOOP('',(#12393,#12394,#12395,#12418));
#12393 = ORIENTED_EDGE('',*,*,#11517,.F.);
#12394 = ORIENTED_EDGE('',*,*,#10564,.F.);
#12395 = ORIENTED_EDGE('',*,*,#12396,.T.);
#12396 = EDGE_CURVE('',#10539,#12397,#12399,.T.);
#12397 = VERTEX_POINT('',#12398);
#12398 = CARTESIAN_POINT('',(95.,97.7,132.3));
#12399 = SURFACE_CURVE('',#12400,(#12404,#12411),.PCURVE_S1.);
#12400 = LINE('',#12401,#12402);
#12401 = CARTESIAN_POINT('',(95.,84.,132.3));
#12402 = VECTOR('',#12403,1.);
#12403 = DIRECTION('',(-0.,1.,0.));
#12404 = PCURVE('',#10584,#12405);
#12405 = DEFINITIONAL_REPRESENTATION('',(#12406),#12410);
#12406 = LINE('',#12407,#12408);
#12407 = CARTESIAN_POINT('',(0.,-0.212132034356));
#12408 = VECTOR('',#12409,1.);
#12409 = DIRECTION('',(1.,0.));
#12410 = ( GEOMETRIC_REPRESENTATION_CONTEXT(2)
PARAMETRIC_REPRESENTATION_CONTEXT() REPRESENTATION_CONTEXT('2D SPACE',''
  ) );
#12411 = PCURVE('',#10553,#12412);
#12412 = DEFINITIONAL_REPRESENTATION('',(#12413),#12417);
#12413 = LINE('',#12414,#12415);
#12414 = CARTESIAN_POINT('',(0.3,0.));
#12415 = VECTOR('',#12416,1.);
#12416 = DIRECTION('',(0.,-1.));
#12417 = ( GEOMETRIC_REPRESENTATION_CONTEXT(2)
PARAMETRIC_REPRESENTATION_CONTEXT() REPRESENTATION_CONTEXT('2D SPACE',''
  ) );
#12418 = ORIENTED_EDGE('',*,*,#12419,.F.);
#12419 = EDGE_CURVE('',#11518,#12397,#12420,.T.);
#12420 = SURFACE_CURVE('',#12421,(#12425,#12432),.PCURVE_S1.);
#12421 = LINE('',#12422,#12423);
#12422 = CARTESIAN_POINT('',(95.225,97.7,132.075));
#12423 = VECTOR('',#12424,1.);
#12424 = DIRECTION('',(-0.707106781187,-6.711139775479E-14,
    0.707106781187));
#12425 = PCURVE('',#10584,#12426);
#12426 = DEFINITIONAL_REPRESENTATION('',(#12427),#12431);
#12427 = LINE('',#12428,#12429);
#12428 = CARTESIAN_POINT('',(13.7,0.106066017178));
#12429 = VECTOR('',#12430,1.);
#12430 = DIRECTION('',(-6.711139775479E-14,-1.));
#12431 = ( GEOMETRIC_REPRESENTATION_CONTEXT(2)
PARAMETRIC_REPRESENTATION_CONTEXT() REPRESENTATION_CONTEXT('2D SPACE',''
  ) );
#12432 = PCURVE('',#12433,#12438);
#12433 = PLANE('',#12434);
#12434 = AXIS2_PLACEMENT_3D('',#12435,#12436,#12437);
#12435 = CARTESIAN_POINT('',(95.3,97.7,132.));
#12436 = DIRECTION('',(0.57735026919,-0.57735026919,0.57735026919));
#12437 = DIRECTION('',(0.707106781186,0.707106781187,6.702971511174E-14)
  );
#12438 = DEFINITIONAL_REPRESENTATION('',(#12439),#12443);
#12439 = LINE('',#12440,#12441);
#12440 = CARTESIAN_POINT('',(-5.303300858923E-02,9.185586535477E-02));
#12441 = VECTOR('',#12442,1.);
#12442 = DIRECTION('',(-0.5,0.866025403784));
#12443 = ( GEOMETRIC_REPRESENTATION_CONTEXT(2)
PARAMETRIC_REPRESENTATION_CONTEXT() REPRESENTATION_CONTEXT('2D SPACE',''
  ) );
#12444 = ADVANCED_FACE('',(#12445),#10553,.F.);
#12445 = FACE_BOUND('',#12446,.F.);
#12446 = EDGE_LOOP('',(#12447,#12448,#12449,#12477));
#12447 = ORIENTED_EDGE('',*,*,#10538,.F.);
#12448 = ORIENTED_EDGE('',*,*,#12396,.T.);
#12449 = ORIENTED_EDGE('',*,*,#12450,.T.);
#12450 = EDGE_CURVE('',#12397,#12451,#12453,.T.);
#12451 = VERTEX_POINT('',#12452);
#12452 = CARTESIAN_POINT('',(95.,97.7,135.7));
#12453 = SURFACE_CURVE('',#12454,(#12458,#12465),.PCURVE_S1.);
#12454 = LINE('',#12455,#12456);
#12455 = CARTESIAN_POINT('',(95.,97.7,132.));
#12456 = VECTOR('',#12457,1.);
#12457 = DIRECTION('',(0.,0.,1.));
#12458 = PCURVE('',#10553,#12459);
#12459 = DEFINITIONAL_REPRESENTATION('',(#12460),#12464);
#12460 = LINE('',#12461,#12462);
#12461 = CARTESIAN_POINT('',(0.,-13.7));
#12462 = VECTOR('',#12463,1.);
#12463 = DIRECTION('',(1.,0.));
#12464 = ( GEOMETRIC_REPRESENTATION_CONTEXT(2)
PARAMETRIC_REPRESENTATION_CONTEXT() REPRESENTATION_CONTEXT('2D SPACE',''
  ) );
#12465 = PCURVE('',#12466,#12471);
#12466 = PLANE('',#12467);
#12467 = AXIS2_PLACEMENT_3D('',#12468,#12469,#12470);
#12468 = CARTESIAN_POINT('',(95.15,97.85,132.));
#12469 = DIRECTION('',(0.707106781187,-0.707106781187,0.));
#12470 = DIRECTION('',(-0.,-0.,-1.));
#12471 = DEFINITIONAL_REPRESENTATION('',(#12472),#12476);
#12472 = LINE('',#12473,#12474);
#12473 = CARTESIAN_POINT('',(-0.,-0.212132034356));
#12474 = VECTOR('',#12475,1.);
#12475 = DIRECTION('',(-1.,0.));
#12476 = ( GEOMETRIC_REPRESENTATION_CONTEXT(2)
PARAMETRIC_REPRESENTATION_CONTEXT() REPRESENTATION_CONTEXT('2D SPACE',''
  ) );
#12477 = ORIENTED_EDGE('',*,*,#12478,.F.);
#12478 = EDGE_CURVE('',#10507,#12451,#12479,.T.);
#12479 = SURFACE_CURVE('',#12480,(#12484,#12491),.PCURVE_S1.);
#12480 = LINE('',#12481,#12482);
#12481 = CARTESIAN_POINT('',(95.,84.,135.7));
#12482 = VECTOR('',#12483,1.);
#12483 = DIRECTION('',(-0.,1.,0.));
#12484 = PCURVE('',#10553,#12485);
#12485 = DEFINITIONAL_REPRESENTATION('',(#12486),#12490);
#12486 = LINE('',#12487,#12488);
#12487 = CARTESIAN_POINT('',(3.7,0.));
#12488 = VECTOR('',#12489,1.);
#12489 = DIRECTION('',(0.,-1.));
#12490 = ( GEOMETRIC_REPRESENTATION_CONTEXT(2)
PARAMETRIC_REPRESENTATION_CONTEXT() REPRESENTATION_CONTEXT('2D SPACE',''
  ) );
#12491 = PCURVE('',#10526,#12492);
#12492 = DEFINITIONAL_REPRESENTATION('',(#12493),#12497);
#12493 = LINE('',#12494,#12495);
#12494 = CARTESIAN_POINT('',(0.,-0.212132034356));
#12495 = VECTOR('',#12496,1.);
#12496 = DIRECTION('',(1.,0.));
#12497 = ( GEOMETRIC_REPRESENTATION_CONTEXT(2)
PARAMETRIC_REPRESENTATION_CONTEXT() REPRESENTATION_CONTEXT('2D SPACE',''
  ) );
#12498 = ADVANCED_FACE('',(#12499),#10526,.F.);
#12499 = FACE_BOUND('',#12500,.F.);
#12500 = EDGE_LOOP('',(#12501,#12502,#12503,#12504));
#12501 = ORIENTED_EDGE('',*,*,#11219,.F.);
#12502 = ORIENTED_EDGE('',*,*,#10506,.F.);
#12503 = ORIENTED_EDGE('',*,*,#12478,.T.);
#12504 = ORIENTED_EDGE('',*,*,#12505,.T.);
#12505 = EDGE_CURVE('',#12451,#11220,#12506,.T.);
#12506 = SURFACE_CURVE('',#12507,(#12511,#12518),.PCURVE_S1.);
#12507 = LINE('',#12508,#12509);
#12508 = CARTESIAN_POINT('',(95.149999999999,97.7,135.84999999999));
#12509 = VECTOR('',#12510,1.);
#12510 = DIRECTION('',(0.707106781187,1.338382029723E-13,0.707106781187)
  );
#12511 = PCURVE('',#10526,#12512);
#12512 = DEFINITIONAL_REPRESENTATION('',(#12513),#12517);
#12513 = LINE('',#12514,#12515);
#12514 = CARTESIAN_POINT('',(13.7,-9.144218479374E-13));
#12515 = VECTOR('',#12516,1.);
#12516 = DIRECTION('',(1.338382029723E-13,1.));
#12517 = ( GEOMETRIC_REPRESENTATION_CONTEXT(2)
PARAMETRIC_REPRESENTATION_CONTEXT() REPRESENTATION_CONTEXT('2D SPACE',''
  ) );
#12518 = PCURVE('',#12519,#12524);
#12519 = PLANE('',#12520);
#12520 = AXIS2_PLACEMENT_3D('',#12521,#12522,#12523);
#12521 = CARTESIAN_POINT('',(95.3,98.,135.7));
#12522 = DIRECTION('',(0.57735026919,-0.57735026919,-0.57735026919));
#12523 = DIRECTION('',(0.707106781187,1.00447428153E-13,0.707106781187)
  );
#12524 = DEFINITIONAL_REPRESENTATION('',(#12525),#12529);
#12525 = LINE('',#12526,#12527);
#12526 = CARTESIAN_POINT('',(-9.144074386569E-13,0.367423461417));
#12527 = VECTOR('',#12528,1.);
#12528 = DIRECTION('',(1.,-4.096722960867E-14));
#12529 = ( GEOMETRIC_REPRESENTATION_CONTEXT(2)
PARAMETRIC_REPRESENTATION_CONTEXT() REPRESENTATION_CONTEXT('2D SPACE',''
  ) );
#12530 = ADVANCED_FACE('',(#12531),#10447,.T.);
#12531 = FACE_BOUND('',#12532,.T.);
#12532 = EDGE_LOOP('',(#12533,#12553,#12554,#12555));
#12533 = ORIENTED_EDGE('',*,*,#12534,.F.);
#12534 = EDGE_CURVE('',#10431,#11140,#12535,.T.);
#12535 = SURFACE_CURVE('',#12536,(#12541,#12547),.PCURVE_S1.);
#12536 = CIRCLE('',#12537,0.5);
#12537 = AXIS2_PLACEMENT_3D('',#12538,#12539,#12540);
#12538 = CARTESIAN_POINT('',(89.,99.5,0.5));
#12539 = DIRECTION('',(-1.,0.,0.));
#12540 = DIRECTION('',(0.,1.,0.));
#12541 = PCURVE('',#10447,#12542);
#12542 = DEFINITIONAL_REPRESENTATION('',(#12543),#12546);
#12543 = B_SPLINE_CURVE_WITH_KNOTS('',1,(#12544,#12545),.UNSPECIFIED.,
  .F.,.F.,(2,2),(0.,1.570796326795),.PIECEWISE_BEZIER_KNOTS.);
#12544 = CARTESIAN_POINT('',(0.,0.));
#12545 = CARTESIAN_POINT('',(0.,1.570796326795));
#12546 = ( GEOMETRIC_REPRESENTATION_CONTEXT(2)
PARAMETRIC_REPRESENTATION_CONTEXT() REPRESENTATION_CONTEXT('2D SPACE',''
  ) );
#12547 = PCURVE('',#10660,#12548);
#12548 = DEFINITIONAL_REPRESENTATION('',(#12549),#12552);
#12549 = B_SPLINE_CURVE_WITH_KNOTS('',1,(#12550,#12551),.UNSPECIFIED.,
  .F.,.F.,(2,2),(0.,1.570796326795),.PIECEWISE_BEZIER_KNOTS.);
#12550 = CARTESIAN_POINT('',(0.,82.));
#12551 = CARTESIAN_POINT('',(-1.570796326795,82.));
#12552 = ( GEOMETRIC_REPRESENTATION_CONTEXT(2)
PARAMETRIC_REPRESENTATION_CONTEXT() REPRESENTATION_CONTEXT('2D SPACE',''
  ) );
#12553 = ORIENTED_EDGE('',*,*,#10430,.T.);
#12554 = ORIENTED_EDGE('',*,*,#11601,.T.);
#12555 = ORIENTED_EDGE('',*,*,#11139,.F.);
#12556 = ADVANCED_FACE('',(#12557),#10660,.T.);
#12557 = FACE_BOUND('',#12558,.F.);
#12558 = EDGE_LOOP('',(#12559,#12579,#12580,#12581));
#12559 = ORIENTED_EDGE('',*,*,#12560,.T.);
#12560 = EDGE_CURVE('',#10622,#11168,#12561,.T.);
#12561 = SURFACE_CURVE('',#12562,(#12567,#12573),.PCURVE_S1.);
#12562 = CIRCLE('',#12563,0.5);
#12563 = AXIS2_PLACEMENT_3D('',#12564,#12565,#12566);
#12564 = CARTESIAN_POINT('',(7.,99.5,0.5));
#12565 = DIRECTION('',(-1.,-6.123233995737E-17,0.));
#12566 = DIRECTION('',(-6.123233995737E-17,1.,0.));
#12567 = PCURVE('',#10660,#12568);
#12568 = DEFINITIONAL_REPRESENTATION('',(#12569),#12572);
#12569 = B_SPLINE_CURVE_WITH_KNOTS('',1,(#12570,#12571),.UNSPECIFIED.,
  .F.,.F.,(2,2),(0.,1.570796326795),.PIECEWISE_BEZIER_KNOTS.);
#12570 = CARTESIAN_POINT('',(0.,0.));
#12571 = CARTESIAN_POINT('',(-1.570796326795,0.));
#12572 = ( GEOMETRIC_REPRESENTATION_CONTEXT(2)
PARAMETRIC_REPRESENTATION_CONTEXT() REPRESENTATION_CONTEXT('2D SPACE',''
  ) );
#12573 = PCURVE('',#10691,#12574);
#12574 = DEFINITIONAL_REPRESENTATION('',(#12575),#12578);
#12575 = B_SPLINE_CURVE_WITH_KNOTS('',1,(#12576,#12577),.UNSPECIFIED.,
  .F.,.F.,(2,2),(0.,1.570796326795),.PIECEWISE_BEZIER_KNOTS.);
#12576 = CARTESIAN_POINT('',(1.570796326795,0.));
#12577 = CARTESIAN_POINT('',(1.570796326795,1.570796326795));
#12578 = ( GEOMETRIC_REPRESENTATION_CONTEXT(2)
PARAMETRIC_REPRESENTATION_CONTEXT() REPRESENTATION_CONTEXT('2D SPACE',''
  ) );
#12579 = ORIENTED_EDGE('',*,*,#11167,.T.);
#12580 = ORIENTED_EDGE('',*,*,#12534,.F.);
#12581 = ORIENTED_EDGE('',*,*,#10646,.F.);
#12582 = ADVANCED_FACE('',(#12583),#10691,.T.);
#12583 = FACE_BOUND('',#12584,.T.);
#12584 = EDGE_LOOP('',(#12585,#12586,#12587,#12588));
#12585 = ORIENTED_EDGE('',*,*,#12366,.F.);
#12586 = ORIENTED_EDGE('',*,*,#10676,.T.);
#12587 = ORIENTED_EDGE('',*,*,#12560,.T.);
#12588 = ORIENTED_EDGE('',*,*,#11190,.F.);
#12589 = ADVANCED_FACE('',(#12590),#10744,.F.);
#12590 = FACE_BOUND('',#12591,.F.);
#12591 = EDGE_LOOP('',(#12592,#12615,#12642,#12643));
#12592 = ORIENTED_EDGE('',*,*,#12593,.T.);
#12593 = EDGE_CURVE('',#10728,#12594,#12596,.T.);
#12594 = VERTEX_POINT('',#12595);
#12595 = CARTESIAN_POINT('',(76.5,87.,139.9));
#12596 = SEAM_CURVE('',#12597,(#12601,#12608),.PCURVE_S1.);
#12597 = LINE('',#12598,#12599);
#12598 = CARTESIAN_POINT('',(76.5,75.,139.9));
#12599 = VECTOR('',#12600,1.);
#12600 = DIRECTION('',(0.,1.,0.));
#12601 = PCURVE('',#10744,#12602);
#12602 = DEFINITIONAL_REPRESENTATION('',(#12603),#12607);
#12603 = LINE('',#12604,#12605);
#12604 = CARTESIAN_POINT('',(6.28318530718,-0.));
#12605 = VECTOR('',#12606,1.);
#12606 = DIRECTION('',(0.,1.));
#12607 = ( GEOMETRIC_REPRESENTATION_CONTEXT(2)
PARAMETRIC_REPRESENTATION_CONTEXT() REPRESENTATION_CONTEXT('2D SPACE',''
  ) );
#12608 = PCURVE('',#10744,#12609);
#12609 = DEFINITIONAL_REPRESENTATION('',(#12610),#12614);
#12610 = LINE('',#12611,#12612);
#12611 = CARTESIAN_POINT('',(0.,-0.));
#12612 = VECTOR('',#12613,1.);
#12613 = DIRECTION('',(0.,1.));
#12614 = ( GEOMETRIC_REPRESENTATION_CONTEXT(2)
PARAMETRIC_REPRESENTATION_CONTEXT() REPRESENTATION_CONTEXT('2D SPACE',''
  ) );
#12615 = ORIENTED_EDGE('',*,*,#12616,.F.);
#12616 = EDGE_CURVE('',#12594,#12594,#12617,.T.);
#12617 = SURFACE_CURVE('',#12618,(#12623,#12630),.PCURVE_S1.);
#12618 = CIRCLE('',#12619,1.4);
#12619 = AXIS2_PLACEMENT_3D('',#12620,#12621,#12622);
#12620 = CARTESIAN_POINT('',(76.5,87.,138.5));
#12621 = DIRECTION('',(0.,1.,0.));
#12622 = DIRECTION('',(0.,-0.,1.));
#12623 = PCURVE('',#10744,#12624);
#12624 = DEFINITIONAL_REPRESENTATION('',(#12625),#12629);
#12625 = LINE('',#12626,#12627);
#12626 = CARTESIAN_POINT('',(0.,12.));
#12627 = VECTOR('',#12628,1.);
#12628 = DIRECTION('',(1.,0.));
#12629 = ( GEOMETRIC_REPRESENTATION_CONTEXT(2)
PARAMETRIC_REPRESENTATION_CONTEXT() REPRESENTATION_CONTEXT('2D SPACE',''
  ) );
#12630 = PCURVE('',#12631,#12636);
#12631 = PLANE('',#12632);
#12632 = AXIS2_PLACEMENT_3D('',#12633,#12634,#12635);
#12633 = CARTESIAN_POINT('',(76.5,87.,138.5));
#12634 = DIRECTION('',(0.,1.,0.));
#12635 = DIRECTION('',(0.,-0.,1.));
#12636 = DEFINITIONAL_REPRESENTATION('',(#12637),#12641);
#12637 = CIRCLE('',#12638,1.4);
#12638 = AXIS2_PLACEMENT_2D('',#12639,#12640);
#12639 = CARTESIAN_POINT('',(0.,0.));
#12640 = DIRECTION('',(1.,0.));
#12641 = ( GEOMETRIC_REPRESENTATION_CONTEXT(2)
PARAMETRIC_REPRESENTATION_CONTEXT() REPRESENTATION_CONTEXT('2D SPACE',''
  ) );
#12642 = ORIENTED_EDGE('',*,*,#12593,.F.);
#12643 = ORIENTED_EDGE('',*,*,#10727,.T.);
#12644 = ADVANCED_FACE('',(#12645),#10779,.F.);
#12645 = FACE_BOUND('',#12646,.F.);
#12646 = EDGE_LOOP('',(#12647,#12670,#12697,#12698));
#12647 = ORIENTED_EDGE('',*,*,#12648,.T.);
#12648 = EDGE_CURVE('',#10763,#12649,#12651,.T.);
#12649 = VERTEX_POINT('',#12650);
#12650 = CARTESIAN_POINT('',(19.5,87.,79.9));
#12651 = SEAM_CURVE('',#12652,(#12656,#12663),.PCURVE_S1.);
#12652 = LINE('',#12653,#12654);
#12653 = CARTESIAN_POINT('',(19.5,75.,79.9));
#12654 = VECTOR('',#12655,1.);
#12655 = DIRECTION('',(0.,1.,0.));
#12656 = PCURVE('',#10779,#12657);
#12657 = DEFINITIONAL_REPRESENTATION('',(#12658),#12662);
#12658 = LINE('',#12659,#12660);
#12659 = CARTESIAN_POINT('',(6.28318530718,-0.));
#12660 = VECTOR('',#12661,1.);
#12661 = DIRECTION('',(0.,1.));
#12662 = ( GEOMETRIC_REPRESENTATION_CONTEXT(2)
PARAMETRIC_REPRESENTATION_CONTEXT() REPRESENTATION_CONTEXT('2D SPACE',''
  ) );
#12663 = PCURVE('',#10779,#12664);
#12664 = DEFINITIONAL_REPRESENTATION('',(#12665),#12669);
#12665 = LINE('',#12666,#12667);
#12666 = CARTESIAN_POINT('',(0.,-0.));
#12667 = VECTOR('',#12668,1.);
#12668 = DIRECTION('',(0.,1.));
#12669 = ( GEOMETRIC_REPRESENTATION_CONTEXT(2)
PARAMETRIC_REPRESENTATION_CONTEXT() REPRESENTATION_CONTEXT('2D SPACE',''
  ) );
#12670 = ORIENTED_EDGE('',*,*,#12671,.F.);
#12671 = EDGE_CURVE('',#12649,#12649,#12672,.T.);
#12672 = SURFACE_CURVE('',#12673,(#12678,#12685),.PCURVE_S1.);
#12673 = CIRCLE('',#12674,1.4);
#12674 = AXIS2_PLACEMENT_3D('',#12675,#12676,#12677);
#12675 = CARTESIAN_POINT('',(19.5,87.,78.5));
#12676 = DIRECTION('',(0.,1.,0.));
#12677 = DIRECTION('',(0.,-0.,1.));
#12678 = PCURVE('',#10779,#12679);
#12679 = DEFINITIONAL_REPRESENTATION('',(#12680),#12684);
#12680 = LINE('',#12681,#12682);
#12681 = CARTESIAN_POINT('',(0.,12.));
#12682 = VECTOR('',#12683,1.);
#12683 = DIRECTION('',(1.,0.));
#12684 = ( GEOMETRIC_REPRESENTATION_CONTEXT(2)
PARAMETRIC_REPRESENTATION_CONTEXT() REPRESENTATION_CONTEXT('2D SPACE',''
  ) );
#12685 = PCURVE('',#12686,#12691);
#12686 = PLANE('',#12687);
#12687 = AXIS2_PLACEMENT_3D('',#12688,#12689,#12690);
#12688 = CARTESIAN_POINT('',(19.5,87.,78.5));
#12689 = DIRECTION('',(0.,1.,0.));
#12690 = DIRECTION('',(0.,-0.,1.));
#12691 = DEFINITIONAL_REPRESENTATION('',(#12692),#12696);
#12692 = CIRCLE('',#12693,1.4);
#12693 = AXIS2_PLACEMENT_2D('',#12694,#12695);
#12694 = CARTESIAN_POINT('',(0.,0.));
#12695 = DIRECTION('',(1.,0.));
#12696 = ( GEOMETRIC_REPRESENTATION_CONTEXT(2)
PARAMETRIC_REPRESENTATION_CONTEXT() REPRESENTATION_CONTEXT('2D SPACE',''
  ) );
#12697 = ORIENTED_EDGE('',*,*,#12648,.F.);
#12698 = ORIENTED_EDGE('',*,*,#10762,.T.);
#12699 = ADVANCED_FACE('',(#12700),#10814,.F.);
#12700 = FACE_BOUND('',#12701,.F.);
#12701 = EDGE_LOOP('',(#12702,#12725,#12752,#12753));
#12702 = ORIENTED_EDGE('',*,*,#12703,.T.);
#12703 = EDGE_CURVE('',#10798,#12704,#12706,.T.);
#12704 = VERTEX_POINT('',#12705);
#12705 = CARTESIAN_POINT('',(19.5,87.,139.9));
#12706 = SEAM_CURVE('',#12707,(#12711,#12718),.PCURVE_S1.);
#12707 = LINE('',#12708,#12709);
#12708 = CARTESIAN_POINT('',(19.5,75.,139.9));
#12709 = VECTOR('',#12710,1.);
#12710 = DIRECTION('',(0.,1.,0.));
#12711 = PCURVE('',#10814,#12712);
#12712 = DEFINITIONAL_REPRESENTATION('',(#12713),#12717);
#12713 = LINE('',#12714,#12715);
#12714 = CARTESIAN_POINT('',(6.28318530718,-0.));
#12715 = VECTOR('',#12716,1.);
#12716 = DIRECTION('',(0.,1.));
#12717 = ( GEOMETRIC_REPRESENTATION_CONTEXT(2)
PARAMETRIC_REPRESENTATION_CONTEXT() REPRESENTATION_CONTEXT('2D SPACE',''
  ) );
#12718 = PCURVE('',#10814,#12719);
#12719 = DEFINITIONAL_REPRESENTATION('',(#12720),#12724);
#12720 = LINE('',#12721,#12722);
#12721 = CARTESIAN_POINT('',(0.,-0.));
#12722 = VECTOR('',#12723,1.);
#12723 = DIRECTION('',(0.,1.));
#12724 = ( GEOMETRIC_REPRESENTATION_CONTEXT(2)
PARAMETRIC_REPRESENTATION_CONTEXT() REPRESENTATION_CONTEXT('2D SPACE',''
  ) );
#12725 = ORIENTED_EDGE('',*,*,#12726,.F.);
#12726 = EDGE_CURVE('',#12704,#12704,#12727,.T.);
#12727 = SURFACE_CURVE('',#12728,(#12733,#12740),.PCURVE_S1.);
#12728 = CIRCLE('',#12729,1.4);
#12729 = AXIS2_PLACEMENT_3D('',#12730,#12731,#12732);
#12730 = CARTESIAN_POINT('',(19.5,87.,138.5));
#12731 = DIRECTION('',(0.,1.,0.));
#12732 = DIRECTION('',(0.,-0.,1.));
#12733 = PCURVE('',#10814,#12734);
#12734 = DEFINITIONAL_REPRESENTATION('',(#12735),#12739);
#12735 = LINE('',#12736,#12737);
#12736 = CARTESIAN_POINT('',(0.,12.));
#12737 = VECTOR('',#12738,1.);
#12738 = DIRECTION('',(1.,0.));
#12739 = ( GEOMETRIC_REPRESENTATION_CONTEXT(2)
PARAMETRIC_REPRESENTATION_CONTEXT() REPRESENTATION_CONTEXT('2D SPACE',''
  ) );
#12740 = PCURVE('',#12741,#12746);
#12741 = PLANE('',#12742);
#12742 = AXIS2_PLACEMENT_3D('',#12743,#12744,#12745);
#12743 = CARTESIAN_POINT('',(19.5,87.,138.5));
#12744 = DIRECTION('',(0.,1.,0.));
#12745 = DIRECTION('',(0.,-0.,1.));
#12746 = DEFINITIONAL_REPRESENTATION('',(#12747),#12751);
#12747 = CIRCLE('',#12748,1.4);
#12748 = AXIS2_PLACEMENT_2D('',#12749,#12750);
#12749 = CARTESIAN_POINT('',(0.,0.));
#12750 = DIRECTION('',(1.,0.));
#12751 = ( GEOMETRIC_REPRESENTATION_CONTEXT(2)
PARAMETRIC_REPRESENTATION_CONTEXT() REPRESENTATION_CONTEXT('2D SPACE',''
  ) );
#12752 = ORIENTED_EDGE('',*,*,#12703,.F.);
#12753 = ORIENTED_EDGE('',*,*,#10797,.T.);
#12754 = ADVANCED_FACE('',(#12755),#10849,.F.);
#12755 = FACE_BOUND('',#12756,.F.);
#12756 = EDGE_LOOP('',(#12757,#12780,#12807,#12808));
#12757 = ORIENTED_EDGE('',*,*,#12758,.T.);
#12758 = EDGE_CURVE('',#10833,#12759,#12761,.T.);
#12759 = VERTEX_POINT('',#12760);
#12760 = CARTESIAN_POINT('',(76.5,87.,79.9));
#12761 = SEAM_CURVE('',#12762,(#12766,#12773),.PCURVE_S1.);
#12762 = LINE('',#12763,#12764);
#12763 = CARTESIAN_POINT('',(76.5,75.,79.9));
#12764 = VECTOR('',#12765,1.);
#12765 = DIRECTION('',(0.,1.,0.));
#12766 = PCURVE('',#10849,#12767);
#12767 = DEFINITIONAL_REPRESENTATION('',(#12768),#12772);
#12768 = LINE('',#12769,#12770);
#12769 = CARTESIAN_POINT('',(6.28318530718,-0.));
#12770 = VECTOR('',#12771,1.);
#12771 = DIRECTION('',(0.,1.));
#12772 = ( GEOMETRIC_REPRESENTATION_CONTEXT(2)
PARAMETRIC_REPRESENTATION_CONTEXT() REPRESENTATION_CONTEXT('2D SPACE',''
  ) );
#12773 = PCURVE('',#10849,#12774);
#12774 = DEFINITIONAL_REPRESENTATION('',(#12775),#12779);
#12775 = LINE('',#12776,#12777);
#12776 = CARTESIAN_POINT('',(0.,-0.));
#12777 = VECTOR('',#12778,1.);
#12778 = DIRECTION('',(0.,1.));
#12779 = ( GEOMETRIC_REPRESENTATION_CONTEXT(2)
PARAMETRIC_REPRESENTATION_CONTEXT() REPRESENTATION_CONTEXT('2D SPACE',''
  ) );
#12780 = ORIENTED_EDGE('',*,*,#12781,.F.);
#12781 = EDGE_CURVE('',#12759,#12759,#12782,.T.);
#12782 = SURFACE_CURVE('',#12783,(#12788,#12795),.PCURVE_S1.);
#12783 = CIRCLE('',#12784,1.4);
#12784 = AXIS2_PLACEMENT_3D('',#12785,#12786,#12787);
#12785 = CARTESIAN_POINT('',(76.5,87.,78.5));
#12786 = DIRECTION('',(0.,1.,0.));
#12787 = DIRECTION('',(0.,-0.,1.));
#12788 = PCURVE('',#10849,#12789);
#12789 = DEFINITIONAL_REPRESENTATION('',(#12790),#12794);
#12790 = LINE('',#12791,#12792);
#12791 = CARTESIAN_POINT('',(0.,12.));
#12792 = VECTOR('',#12793,1.);
#12793 = DIRECTION('',(1.,0.));
#12794 = ( GEOMETRIC_REPRESENTATION_CONTEXT(2)
PARAMETRIC_REPRESENTATION_CONTEXT() REPRESENTATION_CONTEXT('2D SPACE',''
  ) );
#12795 = PCURVE('',#12796,#12801);
#12796 = PLANE('',#12797);
#12797 = AXIS2_PLACEMENT_3D('',#12798,#12799,#12800);
#12798 = CARTESIAN_POINT('',(76.5,87.,78.5));
#12799 = DIRECTION('',(0.,1.,0.));
#12800 = DIRECTION('',(0.,-0.,1.));
#12801 = DEFINITIONAL_REPRESENTATION('',(#12802),#12806);
#12802 = CIRCLE('',#12803,1.4);
#12803 = AXIS2_PLACEMENT_2D('',#12804,#12805);
#12804 = CARTESIAN_POINT('',(0.,0.));
#12805 = DIRECTION('',(1.,0.));
#12806 = ( GEOMETRIC_REPRESENTATION_CONTEXT(2)
PARAMETRIC_REPRESENTATION_CONTEXT() REPRESENTATION_CONTEXT('2D SPACE',''
  ) );
#12807 = ORIENTED_EDGE('',*,*,#12758,.F.);
#12808 = ORIENTED_EDGE('',*,*,#10832,.T.);
#12809 = ADVANCED_FACE('',(#12810),#10984,.T.);
#12810 = FACE_BOUND('',#12811,.T.);
#12811 = EDGE_LOOP('',(#12812,#12813,#12814,#12815));
#12812 = ORIENTED_EDGE('',*,*,#11938,.F.);
#12813 = ORIENTED_EDGE('',*,*,#10968,.T.);
#12814 = ORIENTED_EDGE('',*,*,#11861,.T.);
#12815 = ORIENTED_EDGE('',*,*,#11910,.F.);
#12816 = ADVANCED_FACE('',(#12817),#11081,.T.);
#12817 = FACE_BOUND('',#12818,.T.);
#12818 = EDGE_LOOP('',(#12819,#12820,#12821,#12822));
#12819 = ORIENTED_EDGE('',*,*,#11779,.F.);
#12820 = ORIENTED_EDGE('',*,*,#11065,.T.);
#12821 = ORIENTED_EDGE('',*,*,#11677,.T.);
#12822 = ORIENTED_EDGE('',*,*,#11726,.F.);
#12823 = ADVANCED_FACE('',(#12824),#11309,.T.);
#12824 = FACE_BOUND('',#12825,.F.);
#12825 = EDGE_LOOP('',(#12826,#12849,#12877,#12903));
#12826 = ORIENTED_EDGE('',*,*,#12827,.F.);
#12827 = EDGE_CURVE('',#12828,#11220,#12830,.T.);
#12828 = VERTEX_POINT('',#12829);
#12829 = CARTESIAN_POINT('',(95.3,98.,135.7));
#12830 = SURFACE_CURVE('',#12831,(#12835,#12842),.PCURVE_S1.);
#12831 = LINE('',#12832,#12833);
#12832 = CARTESIAN_POINT('',(95.3,97.925,135.775));
#12833 = VECTOR('',#12834,1.);
#12834 = DIRECTION('',(-3.355569887739E-14,-0.707106781187,
    0.707106781187));
#12835 = PCURVE('',#11309,#12836);
#12836 = DEFINITIONAL_REPRESENTATION('',(#12837),#12841);
#12837 = LINE('',#12838,#12839);
#12838 = CARTESIAN_POINT('',(-0.3,-0.106066017178));
#12839 = VECTOR('',#12840,1.);
#12840 = DIRECTION('',(3.355569887739E-14,1.));
#12841 = ( GEOMETRIC_REPRESENTATION_CONTEXT(2)
PARAMETRIC_REPRESENTATION_CONTEXT() REPRESENTATION_CONTEXT('2D SPACE',''
  ) );
#12842 = PCURVE('',#12519,#12843);
#12843 = DEFINITIONAL_REPRESENTATION('',(#12844),#12848);
#12844 = LINE('',#12845,#12846);
#12845 = CARTESIAN_POINT('',(5.303300858897E-02,9.185586535436E-02));
#12846 = VECTOR('',#12847,1.);
#12847 = DIRECTION('',(0.5,0.866025403784));
#12848 = ( GEOMETRIC_REPRESENTATION_CONTEXT(2)
PARAMETRIC_REPRESENTATION_CONTEXT() REPRESENTATION_CONTEXT('2D SPACE',''
  ) );
#12849 = ORIENTED_EDGE('',*,*,#12850,.T.);
#12850 = EDGE_CURVE('',#12828,#12851,#12853,.T.);
#12851 = VERTEX_POINT('',#12852);
#12852 = CARTESIAN_POINT('',(103.7,98.,135.7));
#12853 = SURFACE_CURVE('',#12854,(#12858,#12865),.PCURVE_S1.);
#12854 = LINE('',#12855,#12856);
#12855 = CARTESIAN_POINT('',(95.,98.,135.7));
#12856 = VECTOR('',#12857,1.);
#12857 = DIRECTION('',(1.,0.,-0.));
#12858 = PCURVE('',#11309,#12859);
#12859 = DEFINITIONAL_REPRESENTATION('',(#12860),#12864);
#12860 = LINE('',#12861,#12862);
#12861 = CARTESIAN_POINT('',(-0.,-0.212132034356));
#12862 = VECTOR('',#12863,1.);
#12863 = DIRECTION('',(-1.,0.));
#12864 = ( GEOMETRIC_REPRESENTATION_CONTEXT(2)
PARAMETRIC_REPRESENTATION_CONTEXT() REPRESENTATION_CONTEXT('2D SPACE',''
  ) );
#12865 = PCURVE('',#12866,#12871);
#12866 = PLANE('',#12867);
#12867 = AXIS2_PLACEMENT_3D('',#12868,#12869,#12870);
#12868 = CARTESIAN_POINT('',(95.,98.,132.));
#12869 = DIRECTION('',(-0.,1.,0.));
#12870 = DIRECTION('',(0.,0.,1.));
#12871 = DEFINITIONAL_REPRESENTATION('',(#12872),#12876);
#12872 = LINE('',#12873,#12874);
#12873 = CARTESIAN_POINT('',(3.7,0.));
#12874 = VECTOR('',#12875,1.);
#12875 = DIRECTION('',(0.,1.));
#12876 = ( GEOMETRIC_REPRESENTATION_CONTEXT(2)
PARAMETRIC_REPRESENTATION_CONTEXT() REPRESENTATION_CONTEXT('2D SPACE',''
  ) );
#12877 = ORIENTED_EDGE('',*,*,#12878,.T.);
#12878 = EDGE_CURVE('',#12851,#11268,#12879,.T.);
#12879 = SURFACE_CURVE('',#12880,(#12884,#12891),.PCURVE_S1.);
#12880 = LINE('',#12881,#12882);
#12881 = CARTESIAN_POINT('',(103.7,97.925,135.775));
#12882 = VECTOR('',#12883,1.);
#12883 = DIRECTION('',(3.345955074307E-14,-0.707106781187,0.707106781187
    ));
#12884 = PCURVE('',#11309,#12885);
#12885 = DEFINITIONAL_REPRESENTATION('',(#12886),#12890);
#12886 = LINE('',#12887,#12888);
#12887 = CARTESIAN_POINT('',(-8.7,-0.106066017178));
#12888 = VECTOR('',#12889,1.);
#12889 = DIRECTION('',(-3.345955074307E-14,1.));
#12890 = ( GEOMETRIC_REPRESENTATION_CONTEXT(2)
PARAMETRIC_REPRESENTATION_CONTEXT() REPRESENTATION_CONTEXT('2D SPACE',''
  ) );
#12891 = PCURVE('',#12892,#12897);
#12892 = PLANE('',#12893);
#12893 = AXIS2_PLACEMENT_3D('',#12894,#12895,#12896);
#12894 = CARTESIAN_POINT('',(103.7,98.,135.7));
#12895 = DIRECTION('',(0.57735026919,0.57735026919,0.57735026919));
#12896 = DIRECTION('',(-0.707106781187,6.700195953613E-14,0.707106781187
    ));
#12897 = DEFINITIONAL_REPRESENTATION('',(#12898),#12902);
#12898 = LINE('',#12899,#12900);
#12899 = CARTESIAN_POINT('',(5.30330085889E-02,9.185586535428E-02));
#12900 = VECTOR('',#12901,1.);
#12901 = DIRECTION('',(0.5,0.866025403784));
#12902 = ( GEOMETRIC_REPRESENTATION_CONTEXT(2)
PARAMETRIC_REPRESENTATION_CONTEXT() REPRESENTATION_CONTEXT('2D SPACE',''
  ) );
#12903 = ORIENTED_EDGE('',*,*,#11295,.F.);
#12904 = ADVANCED_FACE('',(#12905),#11283,.T.);
#12905 = FACE_BOUND('',#12906,.T.);
#12906 = EDGE_LOOP('',(#12907,#12930,#12958,#12979));
#12907 = ORIENTED_EDGE('',*,*,#12908,.T.);
#12908 = EDGE_CURVE('',#11245,#12909,#12911,.T.);
#12909 = VERTEX_POINT('',#12910);
#12910 = CARTESIAN_POINT('',(104.,84.3,135.7));
#12911 = SURFACE_CURVE('',#12912,(#12916,#12923),.PCURVE_S1.);
#12912 = LINE('',#12913,#12914);
#12913 = CARTESIAN_POINT('',(103.775,84.3,135.925));
#12914 = VECTOR('',#12915,1.);
#12915 = DIRECTION('',(0.707106781187,6.691910148614E-14,-0.707106781187
    ));
#12916 = PCURVE('',#11283,#12917);
#12917 = DEFINITIONAL_REPRESENTATION('',(#12918),#12922);
#12918 = LINE('',#12919,#12920);
#12919 = CARTESIAN_POINT('',(0.3,0.106066017178));
#12920 = VECTOR('',#12921,1.);
#12921 = DIRECTION('',(6.691910148614E-14,-1.));
#12922 = ( GEOMETRIC_REPRESENTATION_CONTEXT(2)
PARAMETRIC_REPRESENTATION_CONTEXT() REPRESENTATION_CONTEXT('2D SPACE',''
  ) );
#12923 = PCURVE('',#11394,#12924);
#12924 = DEFINITIONAL_REPRESENTATION('',(#12925),#12929);
#12925 = LINE('',#12926,#12927);
#12926 = CARTESIAN_POINT('',(-5.303300858899E-02,9.185586535435E-02));
#12927 = VECTOR('',#12928,1.);
#12928 = DIRECTION('',(-0.5,0.866025403784));
#12929 = ( GEOMETRIC_REPRESENTATION_CONTEXT(2)
PARAMETRIC_REPRESENTATION_CONTEXT() REPRESENTATION_CONTEXT('2D SPACE',''
  ) );
#12930 = ORIENTED_EDGE('',*,*,#12931,.T.);
#12931 = EDGE_CURVE('',#12909,#12932,#12934,.T.);
#12932 = VERTEX_POINT('',#12933);
#12933 = CARTESIAN_POINT('',(104.,97.7,135.7));
#12934 = SURFACE_CURVE('',#12935,(#12939,#12946),.PCURVE_S1.);
#12935 = LINE('',#12936,#12937);
#12936 = CARTESIAN_POINT('',(104.,84.,135.7));
#12937 = VECTOR('',#12938,1.);
#12938 = DIRECTION('',(-0.,1.,0.));
#12939 = PCURVE('',#11283,#12940);
#12940 = DEFINITIONAL_REPRESENTATION('',(#12941),#12945);
#12941 = LINE('',#12942,#12943);
#12942 = CARTESIAN_POINT('',(0.,-0.212132034356));
#12943 = VECTOR('',#12944,1.);
#12944 = DIRECTION('',(1.,0.));
#12945 = ( GEOMETRIC_REPRESENTATION_CONTEXT(2)
PARAMETRIC_REPRESENTATION_CONTEXT() REPRESENTATION_CONTEXT('2D SPACE',''
  ) );
#12946 = PCURVE('',#12947,#12952);
#12947 = PLANE('',#12948);
#12948 = AXIS2_PLACEMENT_3D('',#12949,#12950,#12951);
#12949 = CARTESIAN_POINT('',(104.,84.,132.));
#12950 = DIRECTION('',(1.,0.,-0.));
#12951 = DIRECTION('',(0.,0.,1.));
#12952 = DEFINITIONAL_REPRESENTATION('',(#12953),#12957);
#12953 = LINE('',#12954,#12955);
#12954 = CARTESIAN_POINT('',(3.7,0.));
#12955 = VECTOR('',#12956,1.);
#12956 = DIRECTION('',(0.,-1.));
#12957 = ( GEOMETRIC_REPRESENTATION_CONTEXT(2)
PARAMETRIC_REPRESENTATION_CONTEXT() REPRESENTATION_CONTEXT('2D SPACE',''
  ) );
#12958 = ORIENTED_EDGE('',*,*,#12959,.T.);
#12959 = EDGE_CURVE('',#12932,#11268,#12960,.T.);
#12960 = SURFACE_CURVE('',#12961,(#12965,#12972),.PCURVE_S1.);
#12961 = LINE('',#12962,#12963);
#12962 = CARTESIAN_POINT('',(103.85,97.7,135.85));
#12963 = VECTOR('',#12964,1.);
#12964 = DIRECTION('',(-0.707106781187,6.691910148615E-14,0.707106781187
    ));
#12965 = PCURVE('',#11283,#12966);
#12966 = DEFINITIONAL_REPRESENTATION('',(#12967),#12971);
#12967 = LINE('',#12968,#12969);
#12968 = CARTESIAN_POINT('',(13.7,-4.521866281009E-13));
#12969 = VECTOR('',#12970,1.);
#12970 = DIRECTION('',(6.691910148615E-14,1.));
#12971 = ( GEOMETRIC_REPRESENTATION_CONTEXT(2)
PARAMETRIC_REPRESENTATION_CONTEXT() REPRESENTATION_CONTEXT('2D SPACE',''
  ) );
#12972 = PCURVE('',#12892,#12973);
#12973 = DEFINITIONAL_REPRESENTATION('',(#12974),#12978);
#12974 = LINE('',#12975,#12976);
#12975 = CARTESIAN_POINT('',(-4.572037193284E-13,0.367423461417));
#12976 = VECTOR('',#12977,1.);
#12977 = DIRECTION('',(1.,1.110223024625E-16));
#12978 = ( GEOMETRIC_REPRESENTATION_CONTEXT(2)
PARAMETRIC_REPRESENTATION_CONTEXT() REPRESENTATION_CONTEXT('2D SPACE',''
  ) );
#12979 = ORIENTED_EDGE('',*,*,#11267,.F.);
#12980 = ADVANCED_FACE('',(#12981),#11340,.F.);
#12981 = FACE_BOUND('',#12982,.F.);
#12982 = EDGE_LOOP('',(#12983,#12984,#13007,#13034));
#12983 = ORIENTED_EDGE('',*,*,#11323,.F.);
#12984 = ORIENTED_EDGE('',*,*,#12985,.F.);
#12985 = EDGE_CURVE('',#12986,#11324,#12988,.T.);
#12986 = VERTEX_POINT('',#12987);
#12987 = CARTESIAN_POINT('',(101.4,91.,133.));
#12988 = SEAM_CURVE('',#12989,(#12993,#13000),.PCURVE_S1.);
#12989 = LINE('',#12990,#12991);
#12990 = CARTESIAN_POINT('',(101.4,91.,133.));
#12991 = VECTOR('',#12992,1.);
#12992 = DIRECTION('',(0.,0.,1.));
#12993 = PCURVE('',#11340,#12994);
#12994 = DEFINITIONAL_REPRESENTATION('',(#12995),#12999);
#12995 = LINE('',#12996,#12997);
#12996 = CARTESIAN_POINT('',(6.28318530718,-0.));
#12997 = VECTOR('',#12998,1.);
#12998 = DIRECTION('',(0.,1.));
#12999 = ( GEOMETRIC_REPRESENTATION_CONTEXT(2)
PARAMETRIC_REPRESENTATION_CONTEXT() REPRESENTATION_CONTEXT('2D SPACE',''
  ) );
#13000 = PCURVE('',#11340,#13001);
#13001 = DEFINITIONAL_REPRESENTATION('',(#13002),#13006);
#13002 = LINE('',#13003,#13004);
#13003 = CARTESIAN_POINT('',(0.,-0.));
#13004 = VECTOR('',#13005,1.);
#13005 = DIRECTION('',(0.,1.));
#13006 = ( GEOMETRIC_REPRESENTATION_CONTEXT(2)
PARAMETRIC_REPRESENTATION_CONTEXT() REPRESENTATION_CONTEXT('2D SPACE',''
  ) );
#13007 = ORIENTED_EDGE('',*,*,#13008,.T.);
#13008 = EDGE_CURVE('',#12986,#12986,#13009,.T.);
#13009 = SURFACE_CURVE('',#13010,(#13015,#13022),.PCURVE_S1.);
#13010 = CIRCLE('',#13011,1.4);
#13011 = AXIS2_PLACEMENT_3D('',#13012,#13013,#13014);
#13012 = CARTESIAN_POINT('',(100.,91.,133.));
#13013 = DIRECTION('',(0.,0.,1.));
#13014 = DIRECTION('',(1.,0.,-0.));
#13015 = PCURVE('',#11340,#13016);
#13016 = DEFINITIONAL_REPRESENTATION('',(#13017),#13021);
#13017 = LINE('',#13018,#13019);
#13018 = CARTESIAN_POINT('',(0.,0.));
#13019 = VECTOR('',#13020,1.);
#13020 = DIRECTION('',(1.,0.));
#13021 = ( GEOMETRIC_REPRESENTATION_CONTEXT(2)
PARAMETRIC_REPRESENTATION_CONTEXT() REPRESENTATION_CONTEXT('2D SPACE',''
  ) );
#13022 = PCURVE('',#13023,#13028);
#13023 = PLANE('',#13024);
#13024 = AXIS2_PLACEMENT_3D('',#13025,#13026,#13027);
#13025 = CARTESIAN_POINT('',(100.,91.,133.));
#13026 = DIRECTION('',(0.,0.,1.));
#13027 = DIRECTION('',(1.,0.,-0.));
#13028 = DEFINITIONAL_REPRESENTATION('',(#13029),#13033);
#13029 = CIRCLE('',#13030,1.4);
#13030 = AXIS2_PLACEMENT_2D('',#13031,#13032);
#13031 = CARTESIAN_POINT('',(0.,0.));
#13032 = DIRECTION('',(1.,0.));
#13033 = ( GEOMETRIC_REPRESENTATION_CONTEXT(2)
PARAMETRIC_REPRESENTATION_CONTEXT() REPRESENTATION_CONTEXT('2D SPACE',''
  ) );
#13034 = ORIENTED_EDGE('',*,*,#12985,.T.);
#13035 = ADVANCED_FACE('',(#13036),#11394,.T.);
#13036 = FACE_BOUND('',#13037,.T.);
#13037 = EDGE_LOOP('',(#13038,#13039,#13040));
#13038 = ORIENTED_EDGE('',*,*,#12908,.F.);
#13039 = ORIENTED_EDGE('',*,*,#11380,.T.);
#13040 = ORIENTED_EDGE('',*,*,#13041,.F.);
#13041 = EDGE_CURVE('',#12909,#11358,#13042,.T.);
#13042 = SURFACE_CURVE('',#13043,(#13047,#13054),.PCURVE_S1.);
#13043 = LINE('',#13044,#13045);
#13044 = CARTESIAN_POINT('',(103.85,84.15,135.7));
#13045 = VECTOR('',#13046,1.);
#13046 = DIRECTION('',(-0.707106781187,-0.707106781187,0.));
#13047 = PCURVE('',#11394,#13048);
#13048 = DEFINITIONAL_REPRESENTATION('',(#13049),#13053);
#13049 = LINE('',#13050,#13051);
#13050 = CARTESIAN_POINT('',(3.012590177321E-14,0.367423461418));
#13051 = VECTOR('',#13052,1.);
#13052 = DIRECTION('',(1.,-8.198997036857E-14));
#13053 = ( GEOMETRIC_REPRESENTATION_CONTEXT(2)
PARAMETRIC_REPRESENTATION_CONTEXT() REPRESENTATION_CONTEXT('2D SPACE',''
  ) );
#13054 = PCURVE('',#11448,#13055);
#13055 = DEFINITIONAL_REPRESENTATION('',(#13056),#13060);
#13056 = LINE('',#13057,#13058);
#13057 = CARTESIAN_POINT('',(-3.7,0.));
#13058 = VECTOR('',#13059,1.);
#13059 = DIRECTION('',(-0.,1.));
#13060 = ( GEOMETRIC_REPRESENTATION_CONTEXT(2)
PARAMETRIC_REPRESENTATION_CONTEXT() REPRESENTATION_CONTEXT('2D SPACE',''
  ) );
#13061 = ADVANCED_FACE('',(#13062),#11448,.F.);
#13062 = FACE_BOUND('',#13063,.T.);
#13063 = EDGE_LOOP('',(#13064,#13087,#13088,#13089));
#13064 = ORIENTED_EDGE('',*,*,#13065,.T.);
#13065 = EDGE_CURVE('',#13066,#12909,#13068,.T.);
#13066 = VERTEX_POINT('',#13067);
#13067 = CARTESIAN_POINT('',(104.,84.3,132.3));
#13068 = SURFACE_CURVE('',#13069,(#13073,#13080),.PCURVE_S1.);
#13069 = LINE('',#13070,#13071);
#13070 = CARTESIAN_POINT('',(104.,84.3,132.));
#13071 = VECTOR('',#13072,1.);
#13072 = DIRECTION('',(0.,0.,1.));
#13073 = PCURVE('',#11448,#13074);
#13074 = DEFINITIONAL_REPRESENTATION('',(#13075),#13079);
#13075 = LINE('',#13076,#13077);
#13076 = CARTESIAN_POINT('',(-0.,-0.212132034356));
#13077 = VECTOR('',#13078,1.);
#13078 = DIRECTION('',(-1.,0.));
#13079 = ( GEOMETRIC_REPRESENTATION_CONTEXT(2)
PARAMETRIC_REPRESENTATION_CONTEXT() REPRESENTATION_CONTEXT('2D SPACE',''
  ) );
#13080 = PCURVE('',#12947,#13081);
#13081 = DEFINITIONAL_REPRESENTATION('',(#13082),#13086);
#13082 = LINE('',#13083,#13084);
#13083 = CARTESIAN_POINT('',(0.,-0.3));
#13084 = VECTOR('',#13085,1.);
#13085 = DIRECTION('',(1.,0.));
#13086 = ( GEOMETRIC_REPRESENTATION_CONTEXT(2)
PARAMETRIC_REPRESENTATION_CONTEXT() REPRESENTATION_CONTEXT('2D SPACE',''
  ) );
#13087 = ORIENTED_EDGE('',*,*,#13041,.T.);
#13088 = ORIENTED_EDGE('',*,*,#11434,.F.);
#13089 = ORIENTED_EDGE('',*,*,#13090,.F.);
#13090 = EDGE_CURVE('',#13066,#11410,#13091,.T.);
#13091 = SURFACE_CURVE('',#13092,(#13096,#13103),.PCURVE_S1.);
#13092 = LINE('',#13093,#13094);
#13093 = CARTESIAN_POINT('',(103.85,84.15,132.3));
#13094 = VECTOR('',#13095,1.);
#13095 = DIRECTION('',(-0.707106781187,-0.707106781187,
    -3.355569887739E-14));
#13096 = PCURVE('',#11448,#13097);
#13097 = DEFINITIONAL_REPRESENTATION('',(#13098),#13102);
#13098 = LINE('',#13099,#13100);
#13099 = CARTESIAN_POINT('',(-0.3,2.009718347115E-14));
#13100 = VECTOR('',#13101,1.);
#13101 = DIRECTION('',(3.355569887739E-14,1.));
#13102 = ( GEOMETRIC_REPRESENTATION_CONTEXT(2)
PARAMETRIC_REPRESENTATION_CONTEXT() REPRESENTATION_CONTEXT('2D SPACE',''
  ) );
#13103 = PCURVE('',#11502,#13104);
#13104 = DEFINITIONAL_REPRESENTATION('',(#13105),#13109);
#13105 = LINE('',#13106,#13107);
#13106 = CARTESIAN_POINT('',(1.508515534709E-14,0.367423461417));
#13107 = VECTOR('',#13108,1.);
#13108 = DIRECTION('',(1.,-4.110936775815E-14));
#13109 = ( GEOMETRIC_REPRESENTATION_CONTEXT(2)
PARAMETRIC_REPRESENTATION_CONTEXT() REPRESENTATION_CONTEXT('2D SPACE',''
  ) );
#13110 = ADVANCED_FACE('',(#13111),#11502,.F.);
#13111 = FACE_BOUND('',#13112,.F.);
#13112 = EDGE_LOOP('',(#13113,#13134,#13135));
#13113 = ORIENTED_EDGE('',*,*,#13114,.F.);
#13114 = EDGE_CURVE('',#11464,#13066,#13115,.T.);
#13115 = SURFACE_CURVE('',#13116,(#13120,#13127),.PCURVE_S1.);
#13116 = LINE('',#13117,#13118);
#13117 = CARTESIAN_POINT('',(103.775,84.3,132.075));
#13118 = VECTOR('',#13119,1.);
#13119 = DIRECTION('',(0.707106781187,-3.355569887739E-14,0.707106781187
    ));
#13120 = PCURVE('',#11502,#13121);
#13121 = DEFINITIONAL_REPRESENTATION('',(#13122),#13126);
#13122 = LINE('',#13123,#13124);
#13123 = CARTESIAN_POINT('',(-5.303300858903E-02,9.185586535436E-02));
#13124 = VECTOR('',#13125,1.);
#13125 = DIRECTION('',(-0.5,0.866025403784));
#13126 = ( GEOMETRIC_REPRESENTATION_CONTEXT(2)
PARAMETRIC_REPRESENTATION_CONTEXT() REPRESENTATION_CONTEXT('2D SPACE',''
  ) );
#13127 = PCURVE('',#11559,#13128);
#13128 = DEFINITIONAL_REPRESENTATION('',(#13129),#13133);
#13129 = LINE('',#13130,#13131);
#13130 = CARTESIAN_POINT('',(0.3,0.106066017178));
#13131 = VECTOR('',#13132,1.);
#13132 = DIRECTION('',(-3.355569887739E-14,-1.));
#13133 = ( GEOMETRIC_REPRESENTATION_CONTEXT(2)
PARAMETRIC_REPRESENTATION_CONTEXT() REPRESENTATION_CONTEXT('2D SPACE',''
  ) );
#13134 = ORIENTED_EDGE('',*,*,#11488,.T.);
#13135 = ORIENTED_EDGE('',*,*,#13090,.F.);
#13136 = ADVANCED_FACE('',(#13137),#11585,.F.);
#13137 = FACE_BOUND('',#13138,.T.);
#13138 = EDGE_LOOP('',(#13139,#13162,#13185,#13211));
#13139 = ORIENTED_EDGE('',*,*,#13140,.T.);
#13140 = EDGE_CURVE('',#11518,#13141,#13143,.T.);
#13141 = VERTEX_POINT('',#13142);
#13142 = CARTESIAN_POINT('',(95.3,98.,132.3));
#13143 = SURFACE_CURVE('',#13144,(#13148,#13155),.PCURVE_S1.);
#13144 = LINE('',#13145,#13146);
#13145 = CARTESIAN_POINT('',(95.3,97.775,132.075));
#13146 = VECTOR('',#13147,1.);
#13147 = DIRECTION('',(3.365184701171E-14,0.707106781187,0.707106781187)
  );
#13148 = PCURVE('',#11585,#13149);
#13149 = DEFINITIONAL_REPRESENTATION('',(#13150),#13154);
#13150 = LINE('',#13151,#13152);
#13151 = CARTESIAN_POINT('',(-0.3,0.106066017178));
#13152 = VECTOR('',#13153,1.);
#13153 = DIRECTION('',(-3.365184701171E-14,-1.));
#13154 = ( GEOMETRIC_REPRESENTATION_CONTEXT(2)
PARAMETRIC_REPRESENTATION_CONTEXT() REPRESENTATION_CONTEXT('2D SPACE',''
  ) );
#13155 = PCURVE('',#12433,#13156);
#13156 = DEFINITIONAL_REPRESENTATION('',(#13157),#13161);
#13157 = LINE('',#13158,#13159);
#13158 = CARTESIAN_POINT('',(5.303300858897E-02,9.185586535435E-02));
#13159 = VECTOR('',#13160,1.);
#13160 = DIRECTION('',(0.5,0.866025403784));
#13161 = ( GEOMETRIC_REPRESENTATION_CONTEXT(2)
PARAMETRIC_REPRESENTATION_CONTEXT() REPRESENTATION_CONTEXT('2D SPACE',''
  ) );
#13162 = ORIENTED_EDGE('',*,*,#13163,.T.);
#13163 = EDGE_CURVE('',#13141,#13164,#13166,.T.);
#13164 = VERTEX_POINT('',#13165);
#13165 = CARTESIAN_POINT('',(103.7,98.,132.3));
#13166 = SURFACE_CURVE('',#13167,(#13171,#13178),.PCURVE_S1.);
#13167 = LINE('',#13168,#13169);
#13168 = CARTESIAN_POINT('',(95.,98.,132.3));
#13169 = VECTOR('',#13170,1.);
#13170 = DIRECTION('',(1.,0.,-0.));
#13171 = PCURVE('',#11585,#13172);
#13172 = DEFINITIONAL_REPRESENTATION('',(#13173),#13177);
#13173 = LINE('',#13174,#13175);
#13174 = CARTESIAN_POINT('',(-0.,-0.212132034356));
#13175 = VECTOR('',#13176,1.);
#13176 = DIRECTION('',(-1.,0.));
#13177 = ( GEOMETRIC_REPRESENTATION_CONTEXT(2)
PARAMETRIC_REPRESENTATION_CONTEXT() REPRESENTATION_CONTEXT('2D SPACE',''
  ) );
#13178 = PCURVE('',#12866,#13179);
#13179 = DEFINITIONAL_REPRESENTATION('',(#13180),#13184);
#13180 = LINE('',#13181,#13182);
#13181 = CARTESIAN_POINT('',(0.3,0.));
#13182 = VECTOR('',#13183,1.);
#13183 = DIRECTION('',(0.,1.));
#13184 = ( GEOMETRIC_REPRESENTATION_CONTEXT(2)
PARAMETRIC_REPRESENTATION_CONTEXT() REPRESENTATION_CONTEXT('2D SPACE',''
  ) );
#13185 = ORIENTED_EDGE('',*,*,#13186,.F.);
#13186 = EDGE_CURVE('',#11544,#13164,#13187,.T.);
#13187 = SURFACE_CURVE('',#13188,(#13192,#13199),.PCURVE_S1.);
#13188 = LINE('',#13189,#13190);
#13189 = CARTESIAN_POINT('',(103.7,97.775,132.075));
#13190 = VECTOR('',#13191,1.);
#13191 = DIRECTION('',(-3.336340260875E-14,0.707106781187,0.707106781187
    ));
#13192 = PCURVE('',#11585,#13193);
#13193 = DEFINITIONAL_REPRESENTATION('',(#13194),#13198);
#13194 = LINE('',#13195,#13196);
#13195 = CARTESIAN_POINT('',(-8.7,0.106066017178));
#13196 = VECTOR('',#13197,1.);
#13197 = DIRECTION('',(3.336340260875E-14,-1.));
#13198 = ( GEOMETRIC_REPRESENTATION_CONTEXT(2)
PARAMETRIC_REPRESENTATION_CONTEXT() REPRESENTATION_CONTEXT('2D SPACE',''
  ) );
#13199 = PCURVE('',#13200,#13205);
#13200 = PLANE('',#13201);
#13201 = AXIS2_PLACEMENT_3D('',#13202,#13203,#13204);
#13202 = CARTESIAN_POINT('',(103.7,97.7,132.));
#13203 = DIRECTION('',(0.57735026919,0.57735026919,-0.57735026919));
#13204 = DIRECTION('',(-0.707106781187,0.707106781187,6.705747068736E-14
    ));
#13205 = DEFINITIONAL_REPRESENTATION('',(#13206),#13210);
#13206 = LINE('',#13207,#13208);
#13207 = CARTESIAN_POINT('',(5.303300858903E-02,9.185586535449E-02));
#13208 = VECTOR('',#13209,1.);
#13209 = DIRECTION('',(0.5,0.866025403784));
#13210 = ( GEOMETRIC_REPRESENTATION_CONTEXT(2)
PARAMETRIC_REPRESENTATION_CONTEXT() REPRESENTATION_CONTEXT('2D SPACE',''
  ) );
#13211 = ORIENTED_EDGE('',*,*,#11571,.F.);
#13212 = ADVANCED_FACE('',(#13213),#11559,.F.);
#13213 = FACE_BOUND('',#13214,.F.);
#13214 = EDGE_LOOP('',(#13215,#13216,#13239,#13260));
#13215 = ORIENTED_EDGE('',*,*,#13114,.T.);
#13216 = ORIENTED_EDGE('',*,*,#13217,.T.);
#13217 = EDGE_CURVE('',#13066,#13218,#13220,.T.);
#13218 = VERTEX_POINT('',#13219);
#13219 = CARTESIAN_POINT('',(104.,97.7,132.3));
#13220 = SURFACE_CURVE('',#13221,(#13225,#13232),.PCURVE_S1.);
#13221 = LINE('',#13222,#13223);
#13222 = CARTESIAN_POINT('',(104.,84.,132.3));
#13223 = VECTOR('',#13224,1.);
#13224 = DIRECTION('',(-0.,1.,0.));
#13225 = PCURVE('',#11559,#13226);
#13226 = DEFINITIONAL_REPRESENTATION('',(#13227),#13231);
#13227 = LINE('',#13228,#13229);
#13228 = CARTESIAN_POINT('',(0.,-0.212132034356));
#13229 = VECTOR('',#13230,1.);
#13230 = DIRECTION('',(1.,0.));
#13231 = ( GEOMETRIC_REPRESENTATION_CONTEXT(2)
PARAMETRIC_REPRESENTATION_CONTEXT() REPRESENTATION_CONTEXT('2D SPACE',''
  ) );
#13232 = PCURVE('',#12947,#13233);
#13233 = DEFINITIONAL_REPRESENTATION('',(#13234),#13238);
#13234 = LINE('',#13235,#13236);
#13235 = CARTESIAN_POINT('',(0.3,0.));
#13236 = VECTOR('',#13237,1.);
#13237 = DIRECTION('',(0.,-1.));
#13238 = ( GEOMETRIC_REPRESENTATION_CONTEXT(2)
PARAMETRIC_REPRESENTATION_CONTEXT() REPRESENTATION_CONTEXT('2D SPACE',''
  ) );
#13239 = ORIENTED_EDGE('',*,*,#13240,.F.);
#13240 = EDGE_CURVE('',#11544,#13218,#13241,.T.);
#13241 = SURFACE_CURVE('',#13242,(#13246,#13253),.PCURVE_S1.);
#13242 = LINE('',#13243,#13244);
#13243 = CARTESIAN_POINT('',(103.775,97.7,132.075));
#13244 = VECTOR('',#13245,1.);
#13245 = DIRECTION('',(0.707106781187,1.922962686383E-16,0.707106781187)
  );
#13246 = PCURVE('',#11559,#13247);
#13247 = DEFINITIONAL_REPRESENTATION('',(#13248),#13252);
#13248 = LINE('',#13249,#13250);
#13249 = CARTESIAN_POINT('',(13.7,0.106066017178));
#13250 = VECTOR('',#13251,1.);
#13251 = DIRECTION('',(1.922962686383E-16,-1.));
#13252 = ( GEOMETRIC_REPRESENTATION_CONTEXT(2)
PARAMETRIC_REPRESENTATION_CONTEXT() REPRESENTATION_CONTEXT('2D SPACE',''
  ) );
#13253 = PCURVE('',#13200,#13254);
#13254 = DEFINITIONAL_REPRESENTATION('',(#13255),#13259);
#13255 = LINE('',#13256,#13257);
#13256 = CARTESIAN_POINT('',(-5.303300858902E-02,9.185586535436E-02));
#13257 = VECTOR('',#13258,1.);
#13258 = DIRECTION('',(-0.5,0.866025403784));
#13259 = ( GEOMETRIC_REPRESENTATION_CONTEXT(2)
PARAMETRIC_REPRESENTATION_CONTEXT() REPRESENTATION_CONTEXT('2D SPACE',''
  ) );
#13260 = ORIENTED_EDGE('',*,*,#11543,.F.);
#13261 = ADVANCED_FACE('',(#13262),#12002,.F.);
#13262 = FACE_BOUND('',#13263,.F.);
#13263 = EDGE_LOOP('',(#13264,#13265,#13266,#13267));
#13264 = ORIENTED_EDGE('',*,*,#12111,.T.);
#13265 = ORIENTED_EDGE('',*,*,#12138,.T.);
#13266 = ORIENTED_EDGE('',*,*,#12038,.F.);
#13267 = ORIENTED_EDGE('',*,*,#11986,.F.);
#13268 = ADVANCED_FACE('',(#13269),#12203,.F.);
#13269 = FACE_BOUND('',#13270,.F.);
#13270 = EDGE_LOOP('',(#13271,#13272,#13273,#13274));
#13271 = ORIENTED_EDGE('',*,*,#12312,.T.);
#13272 = ORIENTED_EDGE('',*,*,#12339,.T.);
#13273 = ORIENTED_EDGE('',*,*,#12239,.F.);
#13274 = ORIENTED_EDGE('',*,*,#12187,.F.);
#13275 = ADVANCED_FACE('',(#13276),#12433,.F.);
#13276 = FACE_BOUND('',#13277,.F.);
#13277 = EDGE_LOOP('',(#13278,#13279,#13280));
#13278 = ORIENTED_EDGE('',*,*,#12419,.F.);
#13279 = ORIENTED_EDGE('',*,*,#13140,.T.);
#13280 = ORIENTED_EDGE('',*,*,#13281,.F.);
#13281 = EDGE_CURVE('',#12397,#13141,#13282,.T.);
#13282 = SURFACE_CURVE('',#13283,(#13287,#13294),.PCURVE_S1.);
#13283 = LINE('',#13284,#13285);
#13284 = CARTESIAN_POINT('',(95.15,97.85,132.3));
#13285 = VECTOR('',#13286,1.);
#13286 = DIRECTION('',(0.707106781187,0.707106781187,-3.345955074308E-14
    ));
#13287 = PCURVE('',#12433,#13288);
#13288 = DEFINITIONAL_REPRESENTATION('',(#13289),#13293);
#13289 = LINE('',#13290,#13291);
#13290 = CARTESIAN_POINT('',(2.513267371995E-14,0.367423461417));
#13291 = VECTOR('',#13292,1.);
#13292 = DIRECTION('',(1.,-1.230208335038E-13));
#13293 = ( GEOMETRIC_REPRESENTATION_CONTEXT(2)
PARAMETRIC_REPRESENTATION_CONTEXT() REPRESENTATION_CONTEXT('2D SPACE',''
  ) );
#13294 = PCURVE('',#12466,#13295);
#13295 = DEFINITIONAL_REPRESENTATION('',(#13296),#13300);
#13296 = LINE('',#13297,#13298);
#13297 = CARTESIAN_POINT('',(-0.3,1.004859173558E-14));
#13298 = VECTOR('',#13299,1.);
#13299 = DIRECTION('',(3.345955074308E-14,1.));
#13300 = ( GEOMETRIC_REPRESENTATION_CONTEXT(2)
PARAMETRIC_REPRESENTATION_CONTEXT() REPRESENTATION_CONTEXT('2D SPACE',''
  ) );
#13301 = ADVANCED_FACE('',(#13302),#12466,.F.);
#13302 = FACE_BOUND('',#13303,.T.);
#13303 = EDGE_LOOP('',(#13304,#13305,#13326,#13347));
#13304 = ORIENTED_EDGE('',*,*,#12450,.T.);
#13305 = ORIENTED_EDGE('',*,*,#13306,.F.);
#13306 = EDGE_CURVE('',#12828,#12451,#13307,.T.);
#13307 = SURFACE_CURVE('',#13308,(#13312,#13319),.PCURVE_S1.);
#13308 = LINE('',#13309,#13310);
#13309 = CARTESIAN_POINT('',(95.225,97.925,135.7));
#13310 = VECTOR('',#13311,1.);
#13311 = DIRECTION('',(-0.707106781187,-0.707106781187,
    -1.003786522292E-13));
#13312 = PCURVE('',#12466,#13313);
#13313 = DEFINITIONAL_REPRESENTATION('',(#13314),#13318);
#13314 = LINE('',#13315,#13316);
#13315 = CARTESIAN_POINT('',(-3.7,0.106066017178));
#13316 = VECTOR('',#13317,1.);
#13317 = DIRECTION('',(1.003786522292E-13,-1.));
#13318 = ( GEOMETRIC_REPRESENTATION_CONTEXT(2)
PARAMETRIC_REPRESENTATION_CONTEXT() REPRESENTATION_CONTEXT('2D SPACE',''
  ) );
#13319 = PCURVE('',#12519,#13320);
#13320 = DEFINITIONAL_REPRESENTATION('',(#13321),#13325);
#13321 = LINE('',#13322,#13323);
#13322 = CARTESIAN_POINT('',(-5.303300858908E-02,9.185586535451E-02));
#13323 = VECTOR('',#13324,1.);
#13324 = DIRECTION('',(-0.5,0.866025403784));
#13325 = ( GEOMETRIC_REPRESENTATION_CONTEXT(2)
PARAMETRIC_REPRESENTATION_CONTEXT() REPRESENTATION_CONTEXT('2D SPACE',''
  ) );
#13326 = ORIENTED_EDGE('',*,*,#13327,.F.);
#13327 = EDGE_CURVE('',#13141,#12828,#13328,.T.);
#13328 = SURFACE_CURVE('',#13329,(#13333,#13340),.PCURVE_S1.);
#13329 = LINE('',#13330,#13331);
#13330 = CARTESIAN_POINT('',(95.3,98.,132.));
#13331 = VECTOR('',#13332,1.);
#13332 = DIRECTION('',(0.,0.,1.));
#13333 = PCURVE('',#12466,#13334);
#13334 = DEFINITIONAL_REPRESENTATION('',(#13335),#13339);
#13335 = LINE('',#13336,#13337);
#13336 = CARTESIAN_POINT('',(-0.,0.212132034356));
#13337 = VECTOR('',#13338,1.);
#13338 = DIRECTION('',(-1.,0.));
#13339 = ( GEOMETRIC_REPRESENTATION_CONTEXT(2)
PARAMETRIC_REPRESENTATION_CONTEXT() REPRESENTATION_CONTEXT('2D SPACE',''
  ) );
#13340 = PCURVE('',#12866,#13341);
#13341 = DEFINITIONAL_REPRESENTATION('',(#13342),#13346);
#13342 = LINE('',#13343,#13344);
#13343 = CARTESIAN_POINT('',(0.,0.3));
#13344 = VECTOR('',#13345,1.);
#13345 = DIRECTION('',(1.,0.));
#13346 = ( GEOMETRIC_REPRESENTATION_CONTEXT(2)
PARAMETRIC_REPRESENTATION_CONTEXT() REPRESENTATION_CONTEXT('2D SPACE',''
  ) );
#13347 = ORIENTED_EDGE('',*,*,#13281,.F.);
#13348 = ADVANCED_FACE('',(#13349),#12519,.F.);
#13349 = FACE_BOUND('',#13350,.F.);
#13350 = EDGE_LOOP('',(#13351,#13352,#13353));
#13351 = ORIENTED_EDGE('',*,*,#13306,.F.);
#13352 = ORIENTED_EDGE('',*,*,#12827,.T.);
#13353 = ORIENTED_EDGE('',*,*,#12505,.F.);
#13354 = ADVANCED_FACE('',(#13355),#12631,.F.);
#13355 = FACE_BOUND('',#13356,.F.);
#13356 = EDGE_LOOP('',(#13357));
#13357 = ORIENTED_EDGE('',*,*,#12616,.T.);
#13358 = ADVANCED_FACE('',(#13359),#12686,.F.);
#13359 = FACE_BOUND('',#13360,.F.);
#13360 = EDGE_LOOP('',(#13361));
#13361 = ORIENTED_EDGE('',*,*,#12671,.T.);
#13362 = ADVANCED_FACE('',(#13363),#12741,.F.);
#13363 = FACE_BOUND('',#13364,.F.);
#13364 = EDGE_LOOP('',(#13365));
#13365 = ORIENTED_EDGE('',*,*,#12726,.T.);
#13366 = ADVANCED_FACE('',(#13367),#12796,.F.);
#13367 = FACE_BOUND('',#13368,.F.);
#13368 = EDGE_LOOP('',(#13369));
#13369 = ORIENTED_EDGE('',*,*,#12781,.T.);
#13370 = ADVANCED_FACE('',(#13371),#12866,.T.);
#13371 = FACE_BOUND('',#13372,.T.);
#13372 = EDGE_LOOP('',(#13373,#13374,#13375,#13401));
#13373 = ORIENTED_EDGE('',*,*,#13327,.T.);
#13374 = ORIENTED_EDGE('',*,*,#12850,.T.);
#13375 = ORIENTED_EDGE('',*,*,#13376,.F.);
#13376 = EDGE_CURVE('',#13164,#12851,#13377,.T.);
#13377 = SURFACE_CURVE('',#13378,(#13382,#13389),.PCURVE_S1.);
#13378 = LINE('',#13379,#13380);
#13379 = CARTESIAN_POINT('',(103.7,98.,132.));
#13380 = VECTOR('',#13381,1.);
#13381 = DIRECTION('',(0.,0.,1.));
#13382 = PCURVE('',#12866,#13383);
#13383 = DEFINITIONAL_REPRESENTATION('',(#13384),#13388);
#13384 = LINE('',#13385,#13386);
#13385 = CARTESIAN_POINT('',(0.,8.7));
#13386 = VECTOR('',#13387,1.);
#13387 = DIRECTION('',(1.,0.));
#13388 = ( GEOMETRIC_REPRESENTATION_CONTEXT(2)
PARAMETRIC_REPRESENTATION_CONTEXT() REPRESENTATION_CONTEXT('2D SPACE',''
  ) );
#13389 = PCURVE('',#13390,#13395);
#13390 = PLANE('',#13391);
#13391 = AXIS2_PLACEMENT_3D('',#13392,#13393,#13394);
#13392 = CARTESIAN_POINT('',(103.85,97.85,132.));
#13393 = DIRECTION('',(0.707106781187,0.707106781187,0.));
#13394 = DIRECTION('',(-0.,0.,-1.));
#13395 = DEFINITIONAL_REPRESENTATION('',(#13396),#13400);
#13396 = LINE('',#13397,#13398);
#13397 = CARTESIAN_POINT('',(-0.,0.212132034356));
#13398 = VECTOR('',#13399,1.);
#13399 = DIRECTION('',(-1.,0.));
#13400 = ( GEOMETRIC_REPRESENTATION_CONTEXT(2)
PARAMETRIC_REPRESENTATION_CONTEXT() REPRESENTATION_CONTEXT('2D SPACE',''
  ) );
#13401 = ORIENTED_EDGE('',*,*,#13163,.F.);
#13402 = ADVANCED_FACE('',(#13403),#12892,.T.);
#13403 = FACE_BOUND('',#13404,.T.);
#13404 = EDGE_LOOP('',(#13405,#13426,#13427));
#13405 = ORIENTED_EDGE('',*,*,#13406,.F.);
#13406 = EDGE_CURVE('',#12851,#12932,#13407,.T.);
#13407 = SURFACE_CURVE('',#13408,(#13412,#13419),.PCURVE_S1.);
#13408 = LINE('',#13409,#13410);
#13409 = CARTESIAN_POINT('',(103.775,97.925,135.7));
#13410 = VECTOR('',#13411,1.);
#13411 = DIRECTION('',(0.707106781187,-0.707106781187,
    -3.345955074308E-14));
#13412 = PCURVE('',#12892,#13413);
#13413 = DEFINITIONAL_REPRESENTATION('',(#13414),#13418);
#13414 = LINE('',#13415,#13416);
#13415 = CARTESIAN_POINT('',(-5.303300858902E-02,9.185586535442E-02));
#13416 = VECTOR('',#13417,1.);
#13417 = DIRECTION('',(-0.5,0.866025403784));
#13418 = ( GEOMETRIC_REPRESENTATION_CONTEXT(2)
PARAMETRIC_REPRESENTATION_CONTEXT() REPRESENTATION_CONTEXT('2D SPACE',''
  ) );
#13419 = PCURVE('',#13390,#13420);
#13420 = DEFINITIONAL_REPRESENTATION('',(#13421),#13425);
#13421 = LINE('',#13422,#13423);
#13422 = CARTESIAN_POINT('',(-3.7,0.106066017178));
#13423 = VECTOR('',#13424,1.);
#13424 = DIRECTION('',(3.345955074308E-14,-1.));
#13425 = ( GEOMETRIC_REPRESENTATION_CONTEXT(2)
PARAMETRIC_REPRESENTATION_CONTEXT() REPRESENTATION_CONTEXT('2D SPACE',''
  ) );
#13426 = ORIENTED_EDGE('',*,*,#12878,.T.);
#13427 = ORIENTED_EDGE('',*,*,#12959,.F.);
#13428 = ADVANCED_FACE('',(#13429),#12947,.T.);
#13429 = FACE_BOUND('',#13430,.T.);
#13430 = EDGE_LOOP('',(#13431,#13432,#13433,#13454));
#13431 = ORIENTED_EDGE('',*,*,#13065,.F.);
#13432 = ORIENTED_EDGE('',*,*,#13217,.T.);
#13433 = ORIENTED_EDGE('',*,*,#13434,.T.);
#13434 = EDGE_CURVE('',#13218,#12932,#13435,.T.);
#13435 = SURFACE_CURVE('',#13436,(#13440,#13447),.PCURVE_S1.);
#13436 = LINE('',#13437,#13438);
#13437 = CARTESIAN_POINT('',(104.,97.7,132.));
#13438 = VECTOR('',#13439,1.);
#13439 = DIRECTION('',(0.,0.,1.));
#13440 = PCURVE('',#12947,#13441);
#13441 = DEFINITIONAL_REPRESENTATION('',(#13442),#13446);
#13442 = LINE('',#13443,#13444);
#13443 = CARTESIAN_POINT('',(0.,-13.7));
#13444 = VECTOR('',#13445,1.);
#13445 = DIRECTION('',(1.,0.));
#13446 = ( GEOMETRIC_REPRESENTATION_CONTEXT(2)
PARAMETRIC_REPRESENTATION_CONTEXT() REPRESENTATION_CONTEXT('2D SPACE',''
  ) );
#13447 = PCURVE('',#13390,#13448);
#13448 = DEFINITIONAL_REPRESENTATION('',(#13449),#13453);
#13449 = LINE('',#13450,#13451);
#13450 = CARTESIAN_POINT('',(-0.,-0.212132034356));
#13451 = VECTOR('',#13452,1.);
#13452 = DIRECTION('',(-1.,0.));
#13453 = ( GEOMETRIC_REPRESENTATION_CONTEXT(2)
PARAMETRIC_REPRESENTATION_CONTEXT() REPRESENTATION_CONTEXT('2D SPACE',''
  ) );
#13454 = ORIENTED_EDGE('',*,*,#12931,.F.);
#13455 = ADVANCED_FACE('',(#13456),#13023,.T.);
#13456 = FACE_BOUND('',#13457,.F.);
#13457 = EDGE_LOOP('',(#13458));
#13458 = ORIENTED_EDGE('',*,*,#13008,.F.);
#13459 = ADVANCED_FACE('',(#13460),#13200,.T.);
#13460 = FACE_BOUND('',#13461,.T.);
#13461 = EDGE_LOOP('',(#13462,#13463,#13464));
#13462 = ORIENTED_EDGE('',*,*,#13240,.F.);
#13463 = ORIENTED_EDGE('',*,*,#13186,.T.);
#13464 = ORIENTED_EDGE('',*,*,#13465,.F.);
#13465 = EDGE_CURVE('',#13218,#13164,#13466,.T.);
#13466 = SURFACE_CURVE('',#13467,(#13471,#13478),.PCURVE_S1.);
#13467 = LINE('',#13468,#13469);
#13468 = CARTESIAN_POINT('',(103.85,97.85,132.3));
#13469 = VECTOR('',#13470,1.);
#13470 = DIRECTION('',(-0.707106781187,0.707106781187,3.355569887739E-14
    ));
#13471 = PCURVE('',#13200,#13472);
#13472 = DEFINITIONAL_REPRESENTATION('',(#13473),#13477);
#13473 = LINE('',#13474,#13475);
#13474 = CARTESIAN_POINT('',(-5.015432513743E-15,0.367423461417));
#13475 = VECTOR('',#13476,1.);
#13476 = DIRECTION('',(1.,-4.099162491288E-14));
#13477 = ( GEOMETRIC_REPRESENTATION_CONTEXT(2)
PARAMETRIC_REPRESENTATION_CONTEXT() REPRESENTATION_CONTEXT('2D SPACE',''
  ) );
#13478 = PCURVE('',#13390,#13479);
#13479 = DEFINITIONAL_REPRESENTATION('',(#13480),#13484);
#13480 = LINE('',#13481,#13482);
#13481 = CARTESIAN_POINT('',(-0.3,0.));
#13482 = VECTOR('',#13483,1.);
#13483 = DIRECTION('',(-3.355569887739E-14,1.));
#13484 = ( GEOMETRIC_REPRESENTATION_CONTEXT(2)
PARAMETRIC_REPRESENTATION_CONTEXT() REPRESENTATION_CONTEXT('2D SPACE',''
  ) );
#13485 = ADVANCED_FACE('',(#13486),#13390,.T.);
#13486 = FACE_BOUND('',#13487,.F.);
#13487 = EDGE_LOOP('',(#13488,#13489,#13490,#13491));
#13488 = ORIENTED_EDGE('',*,*,#13434,.T.);
#13489 = ORIENTED_EDGE('',*,*,#13406,.F.);
#13490 = ORIENTED_EDGE('',*,*,#13376,.F.);
#13491 = ORIENTED_EDGE('',*,*,#13465,.F.);
#13492 = ( GEOMETRIC_REPRESENTATION_CONTEXT(3)
GLOBAL_UNCERTAINTY_ASSIGNED_CONTEXT((#13496))
GLOBAL_UNIT_ASSIGNED_CONTEXT((#13493,#13494,#13495))
REPRESENTATION_CONTEXT('Context #1',
  '3D Context with UNIT and UNCERTAINTY') );
#13493 = ( LENGTH_UNIT() NAMED_UNIT(*) SI_UNIT(.MILLI.,.METRE.) );
#13494 = ( NAMED_UNIT(*) PLANE_ANGLE_UNIT() SI_UNIT($,.RADIAN.) );
#13495 = ( NAMED_UNIT(*) SI_UNIT($,.STERADIAN.) SOLID_ANGLE_UNIT() );
#13496 = UNCERTAINTY_MEASURE_WITH_UNIT(LENGTH_MEASURE(1.E-05),#13493,
  'distance_accuracy_value','confusion accuracy');
#13497 = PRODUCT_RELATED_PRODUCT_CATEGORY('part',$,(#7));
ENDSEC;
END-ISO-10303-21;
